# Blender 5.1.1
# www.blender.org
mtllib Doug_HEAD.mtl
o Doug_HEAD
v 15.841863 16.984516 -22.486124
v 15.739193 16.981255 -22.543449
v 15.858562 16.893417 -22.530348
v 15.658362 17.021875 -22.570148
v 15.649196 16.991665 -22.611456
v 15.610593 17.042839 -22.581476
v 15.609570 17.014824 -22.596735
v 16.066530 17.126499 -22.416586
v 15.991214 17.036213 -22.450077
v 16.018686 16.950775 -22.491169
v 15.964862 17.088272 -22.429873
v 15.480483 16.822733 -22.722092
v 15.451569 16.806704 -22.709103
v 15.474702 16.806187 -22.736794
v 15.443708 16.794395 -22.725080
v 15.481999 16.856794 -22.725370
v 15.485403 16.864202 -22.683260
v 15.551432 16.925711 -22.715588
v 15.596144 16.828455 -22.730122
v 15.599595 16.839794 -22.665216
v 15.547290 16.838354 -22.632050
v 15.627156 16.841965 -22.654490
v 15.577309 16.850199 -22.615570
v 16.389942 17.207954 -22.520248
v 16.349676 17.333864 -22.477579
v 16.273108 17.255960 -22.457327
v 16.258219 17.650679 -22.391071
v 16.243410 17.521561 -22.427023
v 16.384430 17.594528 -22.476435
v 16.243643 17.521744 -22.427168
v 16.174990 17.633097 -22.372078
v 16.281561 17.798683 -22.383400
v 16.305775 17.417227 -22.457033
v 16.450201 17.478094 -22.521324
v 16.170265 17.382517 -22.416800
v 16.117023 17.343575 -22.414972
v 16.176340 17.319649 -22.423973
v 16.130947 17.440529 -22.388283
v 16.094505 17.388664 -22.391781
v 16.046572 17.342888 -22.386641
v 16.122923 17.743437 -22.351227
v 16.299171 17.946672 -22.362579
v 16.107687 17.938074 -22.286476
v 16.162807 18.062729 -22.301453
v 16.367567 18.168848 -22.403568
v 16.207949 18.209562 -22.339497
v 16.349340 18.343712 -22.409863
v 16.209593 18.384272 -22.398129
v 16.037218 18.211445 -22.304535
v 16.078588 18.384283 -22.399441
v 15.800529 18.188269 -22.282396
v 15.835358 18.302443 -22.361490
v 15.599874 18.165407 -22.312025
v 15.677804 18.018995 -22.240656
v 15.780698 18.026550 -22.231222
v 15.662859 17.905745 -22.229650
v 15.931517 17.778133 -22.265415
v 15.939753 17.915005 -22.234970
v 15.988480 18.056225 -22.256062
v 15.765464 17.904917 -22.220995
v 15.766232 17.770571 -22.249817
v 15.769700 17.683786 -22.270622
v 15.931265 17.703814 -22.282946
v 15.923302 17.651857 -22.292639
v 16.040081 17.599699 -22.323460
v 15.667816 17.761396 -22.260006
v 15.671435 17.671968 -22.277954
v 15.674999 17.609337 -22.291685
v 15.769203 17.623436 -22.282475
v 15.909993 17.574120 -22.286198
v 15.988305 17.499613 -22.307728
v 16.071424 17.489586 -22.339397
v 15.588820 17.667013 -22.297110
v 15.600520 17.602020 -22.309265
v 15.648829 17.542562 -22.290354
v 15.789961 17.562752 -22.272177
v 15.884123 17.502701 -22.287359
v 15.887399 17.434576 -22.294725
v 15.981621 17.383162 -22.356936
v 16.048965 17.308849 -22.398615
v 15.956252 17.309914 -22.393085
v 15.977250 17.273487 -22.394758
v 15.947216 17.284729 -22.396086
v 16.130241 17.267054 -22.407583
v 15.935774 17.244255 -22.395884
v 15.875899 17.265379 -22.398949
v 15.863184 17.235033 -22.406502
v 15.821178 17.268642 -22.396639
v 15.874741 17.297247 -22.391800
v 15.915563 17.292307 -22.389822
v 15.897736 17.309263 -22.391737
v 15.779805 17.238230 -22.420330
v 15.849550 17.205214 -22.423622
v 15.908150 17.212620 -22.401806
v 15.973821 17.227770 -22.389929
v 16.061037 17.273710 -22.396292
v 16.025560 17.184549 -22.393799
v 15.882036 17.181240 -22.407316
v 15.789577 17.143084 -22.454006
v 15.791114 17.183426 -22.461487
v 15.740673 17.219702 -22.458151
v 15.853512 17.317392 -22.397402
v 15.816757 17.300428 -22.388636
v 15.763995 17.274506 -22.414368
v 15.725560 17.264162 -22.446474
v 15.695000 17.221975 -22.491234
v 15.689383 17.266411 -22.482059
v 15.652090 17.255846 -22.533857
v 15.661824 17.286432 -22.528811
v 15.627581 17.286352 -22.574722
v 15.636057 17.302818 -22.575891
v 15.614475 17.300514 -22.613644
v 15.603399 17.281361 -22.622835
v 15.604254 17.306995 -22.616453
v 15.611264 17.308739 -22.615088
v 15.630411 17.340967 -22.559116
v 15.615310 17.316803 -22.617249
v 15.726625 17.183191 -22.510359
v 15.643566 17.222479 -22.571226
v 15.584795 17.278997 -22.625193
v 15.586227 17.307295 -22.613676
v 15.613049 17.351530 -22.551910
v 15.632629 17.351463 -22.495848
v 15.623262 17.361448 -22.495308
v 15.655504 17.341547 -22.449013
v 15.649065 17.351473 -22.442265
v 15.703606 17.331648 -22.410597
v 15.698541 17.341181 -22.405005
v 15.753928 17.319605 -22.386311
v 15.713119 17.144991 -22.503010
v 15.615037 17.208202 -22.584091
v 15.562866 17.273306 -22.628588
v 15.569704 17.311840 -22.620090
v 15.594944 17.363401 -22.559368
v 15.608645 17.365986 -22.558193
v 15.621364 17.375475 -22.498539
v 15.648861 17.364588 -22.441801
v 15.699128 17.354124 -22.403534
v 15.752883 17.326147 -22.377596
v 15.750821 17.339344 -22.379108
v 15.810054 17.317873 -22.372175
v 15.586385 17.192862 -22.609180
v 15.545406 17.265142 -22.625666
v 15.532917 17.300432 -22.603710
v 15.582229 17.354126 -22.550310
v 15.600310 17.365021 -22.489677
v 15.611422 17.371202 -22.496162
v 15.642967 17.363041 -22.438898
v 15.636150 17.365049 -22.434698
v 15.585615 17.369577 -22.483847
v 15.626289 17.372747 -22.432306
v 15.592012 17.393194 -22.423758
v 15.540072 17.378227 -22.498621
v 15.521698 17.341555 -22.554256
v 15.566324 17.346746 -22.548693
v 15.505007 17.292942 -22.600939
v 15.515330 17.254183 -22.623415
v 15.538103 17.173019 -22.610392
v 15.626233 17.372692 -22.432287
v 15.677187 17.397190 -22.370647
v 15.542505 17.407520 -22.412134
v 15.499922 17.370956 -22.509842
v 15.484792 17.336798 -22.576298
v 15.469514 17.282185 -22.602528
v 15.477344 17.232918 -22.615791
v 15.472944 17.154573 -22.602468
v 15.518809 17.125774 -22.602728
v 15.472466 17.066076 -22.586969
v 15.554784 17.059877 -22.581392
v 15.499191 17.000254 -22.580387
v 15.562838 17.028082 -22.587471
v 15.562221 17.003832 -22.604164
v 15.459993 17.381184 -22.494507
v 15.508772 17.442579 -22.391472
v 15.455039 17.358877 -22.541845
v 15.459497 17.332300 -22.585413
v 15.429861 17.271370 -22.607552
v 15.407328 17.169073 -22.579584
v 15.423355 17.075111 -22.576509
v 15.444326 16.986452 -22.562239
v 15.469375 16.913542 -22.589354
v 15.517292 16.971922 -22.597466
v 15.552787 16.984524 -22.614498
v 15.415013 16.896055 -22.567772
v 15.456881 16.880589 -22.588127
v 15.494293 16.909151 -22.585819
v 15.509222 16.941065 -22.598070
v 15.563025 16.956741 -22.586920
v 15.300841 17.031017 -22.819641
v 15.290871 16.938524 -22.802216
v 15.270465 17.012524 -22.770985
v 15.257277 16.918613 -22.756294
v 15.251107 16.991188 -22.715137
v 15.252231 16.884274 -22.696901
v 15.251412 16.969713 -22.661791
v 15.283366 16.866930 -22.625303
v 15.309126 16.809977 -22.653709
v 15.350710 16.870354 -22.579264
v 15.371870 16.816235 -22.612518
v 15.424853 16.850920 -22.592018
v 15.460520 16.851410 -22.613810
v 15.513968 16.852661 -22.602379
v 15.572724 16.910721 -22.581276
v 15.620536 16.966249 -22.599855
v 15.283222 16.904585 -22.794897
v 15.276688 16.871315 -22.768469
v 15.280769 16.828724 -22.721064
v 15.337188 16.784575 -22.680002
v 15.383168 16.794861 -22.652256
v 15.420137 16.818686 -22.625423
v 15.460420 16.835180 -22.643801
v 15.492162 16.843199 -22.656954
v 15.465076 16.829079 -22.681847
v 15.359583 17.045111 -22.915323
v 15.339485 17.010593 -22.939375
v 15.314342 16.995472 -22.886950
v 15.304832 16.951611 -22.903429
v 15.292540 16.938225 -22.826998
v 15.304900 16.882067 -22.851698
v 15.305042 16.872168 -22.798355
v 15.304043 16.834232 -22.763390
v 15.320538 16.803963 -22.727268
v 15.366687 16.777935 -22.705000
v 15.397763 16.784727 -22.677713
v 15.428536 16.803539 -22.662342
v 15.440771 16.803001 -22.804174
v 15.459736 16.793615 -22.779676
v 15.402980 16.800179 -22.773779
v 15.428009 16.800112 -22.752874
v 15.391774 16.780470 -22.725838
v 15.481475 16.797182 -22.755487
v 15.510733 16.743017 -22.765436
v 15.562973 16.749537 -22.744997
v 15.532554 16.805521 -22.750708
v 15.346168 16.791098 -22.738659
v 15.339569 16.815174 -22.767893
v 15.528424 16.834311 -22.746429
v 15.523087 16.818268 -22.742096
v 15.581289 16.804558 -22.740679
v 15.644574 16.902571 -22.608715
v 15.637726 16.834808 -22.705830
v 15.633757 16.830347 -22.740669
v 15.647540 16.805958 -22.720757
v 15.706940 16.827940 -22.694910
v 15.675925 16.765156 -22.711409
v 15.615997 16.757626 -22.727020
v 15.641462 16.700661 -22.738987
v 15.584350 16.701075 -22.756800
v 15.601414 16.664248 -22.769325
v 15.526283 16.697905 -22.777750
v 15.674750 16.872269 -22.654915
v 15.659974 16.842903 -22.703850
v 15.660096 16.842911 -22.717314
v 15.687611 16.869326 -22.705059
v 15.733164 16.865049 -22.667742
v 15.699265 16.896320 -22.673607
v 15.757653 16.879589 -22.651527
v 15.849282 16.790388 -22.656872
v 15.832063 16.743933 -22.683981
v 15.754527 16.764273 -22.696381
v 15.695567 16.690504 -22.725533
v 15.664268 16.664524 -22.754622
v 15.603034 16.657316 -22.769430
v 15.542448 16.660675 -22.794565
v 15.544504 16.652086 -22.795919
v 15.631157 16.632055 -22.803104
v 15.578106 16.630270 -22.829367
v 15.511263 16.644245 -22.838833
v 15.549282 16.632652 -22.868717
v 15.516125 16.640390 -22.903984
v 15.478142 16.661417 -22.874859
v 15.715893 16.659513 -22.747007
v 15.744393 16.681385 -22.716492
v 15.806414 16.674969 -22.718723
v 15.873710 16.664518 -22.719597
v 15.828642 16.646208 -22.748724
v 15.862103 16.647915 -22.750357
v 15.894665 16.648342 -22.768259
v 15.841225 16.646889 -22.763296
v 15.758228 16.651129 -22.748640
v 15.664303 16.655605 -22.754911
v 15.690884 16.636312 -22.783121
v 15.715842 16.653746 -22.748812
v 15.739964 16.639280 -22.774202
v 15.762017 16.648779 -22.751053
v 15.786208 16.636833 -22.775620
v 15.845509 16.644955 -22.767515
v 15.867887 16.643322 -22.788960
v 15.895292 16.646461 -22.770889
v 15.805668 16.640568 -22.792763
v 15.880603 16.644411 -22.798212
v 15.754712 16.640072 -22.801233
v 15.712961 16.637760 -22.807455
v 15.667231 16.638861 -22.828697
v 15.618913 16.636938 -22.856728
v 15.584966 16.640068 -22.894508
v 15.555343 16.647589 -22.933159
v 15.504461 16.652777 -22.954962
v 15.541697 16.660110 -22.979115
v 15.503345 16.668129 -23.007389
v 15.531785 16.668056 -23.023693
v 15.907693 16.673847 -22.789518
v 15.873574 16.671486 -22.810118
v 15.812508 16.665104 -22.819878
v 15.758307 16.668116 -22.827633
v 15.701548 16.665449 -22.848373
v 15.644959 16.653769 -22.889788
v 15.619459 16.655071 -22.918261
v 15.598131 16.661720 -22.945976
v 15.572347 16.686916 -23.002666
v 15.563260 16.699999 -23.060101
v 15.466900 16.676643 -22.930962
v 15.470667 16.686678 -22.985781
v 15.476549 16.692186 -23.033333
v 15.504313 16.677551 -23.054621
v 15.484689 16.691717 -23.080196
v 15.510957 16.679867 -23.102959
v 15.513701 16.697586 -23.163643
v 15.538498 16.696484 -23.183231
v 15.472948 16.695526 -23.034210
v 15.480069 16.692787 -23.078285
v 15.448150 16.723993 -23.066681
v 15.468680 16.692907 -22.986132
v 15.464416 16.682293 -22.931288
v 15.447552 16.727055 -22.968372
v 15.451591 16.719545 -22.914833
v 15.436379 16.783777 -22.941626
v 15.440846 16.767029 -22.890976
v 15.449220 16.751177 -22.838505
v 15.484182 16.740875 -22.806944
v 15.505483 16.688213 -22.830830
v 15.459513 16.706621 -22.856901
v 15.475407 16.669075 -22.873720
v 15.507433 16.652803 -22.836420
v 15.220692 17.467398 -22.734642
v 15.159620 17.583490 -22.782793
v 15.181016 17.495560 -22.789082
v 15.177902 17.563524 -22.740578
v 15.168323 17.658298 -22.796124
v 15.142550 17.602146 -22.824488
v 15.133689 17.554651 -22.928816
v 15.158291 17.508947 -22.941820
v 15.203217 17.462578 -22.824030
v 15.188881 17.476149 -22.962959
v 15.222712 17.453180 -22.872158
v 15.235089 17.436108 -22.907042
v 15.206007 17.626572 -23.257021
v 15.163053 17.551500 -23.172794
v 15.164869 17.618912 -23.159369
v 15.130374 17.591671 -23.076826
v 15.154663 17.532488 -23.067484
v 15.186766 17.481590 -23.065023
v 15.179453 17.692606 -23.172548
v 15.246515 17.728991 -23.287144
v 15.139291 17.667864 -23.061029
v 15.125264 17.627075 -22.925127
v 15.142451 17.676277 -22.865047
v 15.141375 17.695511 -22.938608
v 15.153711 17.722940 -23.028761
v 15.199533 17.769361 -23.170870
v 15.310602 17.875507 -23.336807
v 15.326911 17.771906 -23.402983
v 15.253136 17.623186 -23.333736
v 15.236097 17.504114 -23.261683
v 15.193727 17.494555 -23.152908
v 15.383151 17.945593 -23.474865
v 15.365496 17.797230 -23.477058
v 15.379260 17.663572 -23.478653
v 15.306351 17.575527 -23.390959
v 15.294600 17.519270 -23.363861
v 15.272897 17.468718 -23.326010
v 15.212479 17.452869 -23.194908
v 15.196366 17.453743 -23.130091
v 15.190969 17.447248 -23.049417
v 15.198133 17.428232 -23.112879
v 15.194459 17.434315 -23.043751
v 15.208233 17.446524 -22.979572
v 15.210970 17.435776 -22.979959
v 15.199088 17.426208 -23.041859
v 15.215138 17.427917 -22.982922
v 15.252962 17.309641 -23.330723
v 15.275042 17.400890 -23.349533
v 15.299907 17.402277 -23.415890
v 15.279962 17.433538 -23.331728
v 15.244080 17.345125 -23.274042
v 15.256063 17.389700 -23.268805
v 15.255671 17.423388 -23.243008
v 15.246477 17.432415 -23.225595
v 15.216413 17.426258 -23.165871
v 15.203802 17.422352 -23.107992
v 15.204549 17.428366 -23.042576
v 15.208181 17.424589 -23.102669
v 15.219576 17.432112 -22.985888
v 15.219219 17.419394 -22.987438
v 15.201632 17.415997 -23.047150
v 15.206764 17.415916 -23.104490
v 15.223183 17.416393 -23.150497
v 15.226705 17.411772 -23.147177
v 15.233039 17.419739 -23.190718
v 15.242246 17.415348 -23.186855
v 15.241629 17.401352 -23.207239
v 15.235889 17.400562 -23.166580
v 15.238307 17.368013 -23.171530
v 15.225482 17.364634 -23.118538
v 15.238566 17.335119 -23.162706
v 15.235723 17.325590 -23.079260
v 15.248296 17.301489 -23.151457
v 15.239785 17.416658 -23.141855
v 15.244057 17.428551 -23.167635
v 15.221457 17.396776 -23.110714
v 15.232235 17.360609 -23.059286
v 15.262335 17.297037 -23.038177
v 15.254597 17.341106 -23.018585
v 15.285914 17.288874 -22.988304
v 15.282372 17.333462 -22.977253
v 15.325144 17.342205 -22.938845
v 15.332932 17.355379 -22.946705
v 15.289517 17.345608 -22.979570
v 15.261513 17.350428 -23.021128
v 15.242110 17.371750 -23.060671
v 15.229794 17.408447 -23.103867
v 15.244124 17.429466 -23.129829
v 15.261000 17.444994 -23.132807
v 15.240864 17.427595 -23.153149
v 15.235675 17.409927 -23.146248
v 15.213989 17.408163 -23.101257
v 15.323638 17.310120 -22.933685
v 15.353621 17.270605 -22.924425
v 15.305193 17.251366 -23.021465
v 15.358023 17.250399 -22.896570
v 15.289815 17.213215 -23.016060
v 15.338902 17.192905 -22.937271
v 15.299162 17.169037 -23.026611
v 15.337689 17.172031 -22.904991
v 15.298221 17.126894 -23.024935
v 15.324175 17.128220 -22.920961
v 15.330664 17.087305 -22.920139
v 15.326811 17.074997 -22.971619
v 15.311949 17.049576 -23.060238
v 15.361232 17.037901 -22.960173
v 15.368700 16.992077 -23.013416
v 15.382636 16.953804 -23.063318
v 15.403638 16.953043 -23.047966
v 15.270441 17.267008 -23.092087
v 15.257166 17.228508 -23.098783
v 15.260083 17.203928 -23.111446
v 15.238168 17.262007 -23.207045
v 15.240602 17.239004 -23.224178
v 15.262460 17.202095 -23.281368
v 15.275981 17.255184 -23.375616
v 15.280506 17.151573 -23.311480
v 15.314891 17.065609 -23.343987
v 15.277796 17.075480 -23.169004
v 15.312194 16.981028 -23.190252
v 15.383423 16.881727 -23.177179
v 15.408085 16.934469 -23.072382
v 15.419950 16.857111 -23.172310
v 15.417581 16.915134 -23.048075
v 15.436622 16.801517 -23.154394
v 15.444738 16.769045 -23.259054
v 15.406715 16.814444 -23.261354
v 15.342542 16.921347 -23.272049
v 15.355261 16.965809 -23.368359
v 15.336597 17.137472 -23.441771
v 15.318892 17.337267 -23.464537
v 15.377043 17.403023 -23.547321
v 15.333120 17.457441 -23.448790
v 15.428860 16.766638 -23.403988
v 15.383404 17.033932 -23.470421
v 15.364720 17.208130 -23.518644
v 15.396943 17.260714 -23.568680
v 15.456205 17.361889 -23.657393
v 15.423962 17.486162 -23.604446
v 15.535712 17.502527 -23.727459
v 15.507832 17.633139 -23.668455
v 15.622678 17.799875 -23.777082
v 15.649094 17.567549 -23.801746
v 15.595522 17.333939 -23.790525
v 15.667030 17.418034 -23.826250
v 15.722691 17.302595 -23.881630
v 15.675432 17.135378 -23.846981
v 15.781425 17.197069 -23.919228
v 15.469905 16.846914 -23.510914
v 15.572337 16.654221 -23.573191
v 15.543157 16.897930 -23.631502
v 15.447647 17.123817 -23.581448
v 15.522861 17.218639 -23.689701
v 15.525558 17.348127 -23.722851
v 15.571484 17.104584 -23.728752
v 15.687096 16.938515 -23.823305
v 15.615373 16.914438 -23.736973
v 15.655890 16.726799 -23.714342
v 15.816912 16.803978 -23.865335
v 15.534115 17.030249 -23.658995
v 15.780427 16.987244 -23.911396
v 15.867476 17.021469 -23.950041
v 15.883268 17.270760 -23.962307
v 15.963286 17.095726 -24.017570
v 16.078245 17.507065 -24.107161
v 16.146896 17.214405 -24.188148
v 16.369576 17.279099 -24.281542
v 16.440226 16.983702 -24.392178
v 16.678587 17.006453 -24.438993
v 16.438429 16.841419 -24.450148
v 16.226004 16.918869 -24.269442
v 16.255516 16.611565 -24.324108
v 16.195040 16.444319 -24.341955
v 16.126225 16.247980 -24.171787
v 16.057777 16.150997 -24.191441
v 16.127274 16.169191 -24.000538
v 16.163496 16.415543 -24.139702
v 15.929012 16.871859 -23.943989
v 16.022774 16.950451 -24.049049
v 16.063837 16.804119 -24.076069
v 16.048550 16.584421 -23.902056
v 16.104099 16.491472 -23.980986
v 16.157360 16.202116 -23.814129
v 16.117851 16.391607 -23.824905
v 16.028040 16.492088 -23.763145
v 15.971972 16.689999 -23.852278
v 15.898846 16.574249 -23.751917
v 15.754242 16.633675 -23.750603
v 15.716685 16.547638 -23.661795
v 15.680850 16.492676 -23.570704
v 15.648211 16.453142 -23.501341
v 15.717918 16.368395 -23.480103
v 15.634012 16.418859 -23.421324
v 15.730710 16.325729 -23.411880
v 15.650517 16.388515 -23.340666
v 15.997986 16.400820 -23.606770
v 15.890996 16.434565 -23.628281
v 15.963029 16.355984 -23.527180
v 15.823186 16.357681 -23.529196
v 15.799248 16.310928 -23.447630
v 15.776616 16.276619 -23.376770
v 15.851804 16.294115 -23.423088
v 15.872192 16.337219 -23.501808
v 15.989250 16.297421 -23.399065
v 16.051107 16.377155 -23.536930
v 16.088261 16.378674 -23.610861
v 15.568159 16.540644 -23.350840
v 15.598212 16.501198 -23.303541
v 15.589599 16.456703 -23.205980
v 15.589058 16.526205 -23.264168
v 15.559223 16.606731 -23.306965
v 15.577955 16.564941 -23.242626
v 15.562588 16.581970 -23.203114
v 15.550673 16.619484 -23.226967
v 15.541712 16.655853 -23.253622
v 15.527563 16.654364 -23.313747
v 15.523531 16.627998 -23.347300
v 15.543251 16.564640 -23.403913
v 15.541667 16.605417 -23.481989
v 15.443969 16.723885 -23.336878
v 15.469181 16.727980 -23.303247
v 15.470861 16.722958 -23.258217
v 15.507926 16.693832 -23.269323
v 15.527698 16.691545 -23.262280
v 15.538445 16.688911 -23.233255
v 15.529665 16.698767 -23.249067
v 15.523102 16.702589 -23.214527
v 15.520438 16.704281 -23.213943
v 15.525163 16.701719 -23.243881
v 15.518214 16.702288 -23.248964
v 15.496486 16.702705 -23.186064
v 15.495050 16.711182 -23.232578
v 15.470444 16.724384 -23.199711
v 15.537966 16.701042 -23.226418
v 15.538985 16.694387 -23.223560
v 15.541142 16.698723 -23.220312
v 15.548313 16.693457 -23.195183
v 15.539480 16.687529 -23.185007
v 15.531675 16.701885 -23.216295
v 15.538605 16.701035 -23.218338
v 15.545908 16.727470 -23.227705
v 15.546250 16.728657 -23.224916
v 15.547194 16.694574 -23.195324
v 15.535158 16.692030 -23.184160
v 15.509267 16.691648 -23.164900
v 15.504369 16.692842 -23.160715
v 15.487799 16.694204 -23.152214
v 15.457253 16.722130 -23.130356
v 15.547485 16.728369 -23.218969
v 15.128958 17.974840 -22.777620
v 15.163220 17.817192 -22.729053
v 15.166138 17.948902 -22.672775
v 15.168128 18.055050 -22.675539
v 15.222379 18.223930 -22.764105
v 15.150850 18.075726 -22.773523
v 15.148270 18.102282 -22.877388
v 15.119292 17.992130 -22.885475
v 15.129268 17.975130 -22.777752
v 15.135096 17.829082 -22.821043
v 15.137844 17.740610 -22.844872
v 15.166578 17.726074 -22.764074
v 15.142836 17.676666 -22.865162
v 15.168681 17.658663 -22.796230
v 15.132748 18.007029 -22.986776
v 15.162526 18.125906 -22.978252
v 15.233448 18.178179 -23.169373
v 15.381661 18.343805 -23.340185
v 15.310873 18.327595 -23.180050
v 15.237351 18.277086 -22.959146
v 15.336999 18.380499 -22.958683
v 15.435194 18.486601 -23.172867
v 15.462851 18.505070 -23.300821
v 15.498330 18.482334 -23.441113
v 15.471937 18.315107 -23.490088
v 15.136532 17.758820 -22.926968
v 15.130144 17.847591 -22.910391
v 15.151140 17.784159 -23.020975
v 15.141459 17.870766 -23.005510
v 15.199409 17.823006 -23.171347
v 15.192844 17.898380 -23.161739
v 15.183427 18.037388 -23.150730
v 15.315211 18.200729 -23.328981
v 15.387460 18.095957 -23.470083
v 15.141738 17.695877 -22.938719
v 15.154063 17.723291 -23.028875
v 15.199976 17.769789 -23.171034
v 15.311462 17.876259 -23.337229
v 15.270992 18.073416 -23.299450
v 15.384073 17.946341 -23.475407
v 16.770063 17.765497 -22.628418
v 16.852472 17.727600 -22.689035
v 16.751368 17.730755 -22.685051
v 16.887011 17.811190 -22.677580
v 17.010204 17.655066 -22.730482
v 16.997812 17.667177 -22.766628
v 15.853369 17.845997 -24.140078
v 15.798615 17.990883 -24.003958
v 15.887660 17.850407 -24.119362
v 15.634955 17.340807 -22.602295
v 15.618009 17.310883 -22.621914
v 15.629154 17.317225 -22.628378
v 15.655887 17.312872 -22.570015
v 15.672935 17.299046 -22.532604
v 15.694957 17.278908 -22.486427
v 15.730909 17.273867 -22.451109
v 15.768757 17.286364 -22.421759
v 15.813290 17.313931 -22.395945
v 15.844406 17.332310 -22.401573
v 15.853103 17.349373 -22.414766
v 15.881249 17.325573 -22.394846
v 15.866447 17.326590 -22.394581
v 15.856148 17.309607 -22.393742
v 15.855395 17.309969 -22.384512
v 15.900168 17.311674 -22.381363
v 15.938539 17.320162 -22.385769
v 15.904686 17.340765 -22.355129
v 15.866156 17.385944 -22.337626
v 15.777406 17.386431 -22.349184
v 15.780345 17.431541 -22.309019
v 15.654931 17.428625 -22.339378
v 15.694804 17.350052 -22.400591
v 15.692354 17.357672 -22.395678
v 15.693137 17.368042 -22.391308
v 15.757936 17.355598 -22.361814
v 15.838547 17.349884 -22.351238
v 15.873473 17.319813 -22.368715
v 15.861981 17.313688 -22.377338
v 15.858518 17.313465 -22.379704
v 15.809746 17.326740 -22.372343
v 15.751037 17.343962 -22.368252
v 15.818378 17.327686 -22.360315
v 15.813820 17.323261 -22.367584
v 15.748821 17.336796 -22.374409
v 15.807339 17.311804 -22.381088
v 15.614218 17.300253 -22.613569
v 15.618000 17.310873 -22.621912
v 15.611136 17.308611 -22.615049
v 15.617622 17.310495 -22.621799
v 15.611052 17.308525 -22.615025
v 15.790783 17.902924 -23.982952
v 15.719689 17.938719 -23.907791
v 15.766291 17.893406 -23.885517
v 15.467010 17.745413 -23.593084
v 15.379246 17.663561 -23.478647
v 15.807189 17.378223 -23.889668
v 15.904396 17.506983 -23.980829
v 15.923775 17.707806 -23.982531
v 16.071062 17.852537 -24.086308
v 15.765879 17.893183 -23.885132
v 15.912411 17.970993 -24.010105
v 15.670465 17.951799 -23.798864
v 15.574268 17.817167 -23.721411
v 15.406385 17.564852 -23.551176
v 16.312830 17.509941 -24.191124
v 16.586748 17.506481 -24.317909
v 16.287115 17.759851 -24.258556
v 16.104733 17.950943 -24.176365
v 15.969853 18.074091 -24.103434
v 15.823922 18.023912 -23.944038
v 15.315368 17.474382 -23.389027
v 15.334011 17.519445 -23.433670
v 15.355106 17.386127 -22.894077
v 15.397972 17.379622 -22.890570
v 15.405087 17.351309 -22.873068
v 15.409401 17.345057 -22.875648
v 15.418819 17.351624 -22.884151
v 15.367269 17.360304 -22.921162
v 15.367517 17.347019 -22.902689
v 15.332709 17.355141 -22.946661
v 15.325001 17.342052 -22.938818
v 15.401048 17.343256 -22.870901
v 15.400664 17.340370 -22.864128
v 15.399272 17.335873 -22.875507
v 15.403134 17.314184 -22.866430
v 15.362319 17.329985 -22.897470
v 15.323404 17.309866 -22.933647
v 15.352829 17.269741 -22.924303
v 15.401153 17.309011 -22.848478
v 15.394185 17.338633 -22.847124
v 15.345989 17.395247 -22.876699
v 15.295555 17.406748 -22.905910
v 15.294448 17.415264 -22.895172
v 15.353095 17.407600 -22.868698
v 15.299021 17.427999 -22.890232
v 15.293890 17.422712 -22.881725
v 15.350900 17.402941 -22.855648
v 15.284314 17.416115 -22.873161
v 15.338089 17.393568 -22.846563
v 15.276294 17.419584 -22.859200
v 15.332202 17.384541 -22.832758
v 15.327741 17.372900 -22.789642
v 15.372374 17.326342 -22.798510
v 15.397573 17.339779 -22.829144
v 15.399072 17.299860 -22.827456
v 15.357195 17.249489 -22.896448
v 15.391450 17.289879 -22.812302
v 15.373634 17.226810 -22.866774
v 15.338253 17.192177 -22.937208
v 15.337126 17.171392 -22.904942
v 15.362061 17.200888 -22.823313
v 15.381435 17.275658 -22.785717
v 15.344041 17.152966 -22.813557
v 15.338610 17.175596 -22.764656
v 15.363306 17.250944 -22.753695
v 15.355671 17.300413 -22.740479
v 15.362840 17.315845 -22.773407
v 15.340965 17.360010 -22.750807
v 15.344089 17.350895 -22.725393
v 15.304564 17.383211 -22.724455
v 15.284325 17.405912 -22.771595
v 15.282670 17.419950 -22.811110
v 15.222535 17.452991 -22.872122
v 15.203131 17.462484 -22.824013
v 15.305004 17.185202 -22.703268
v 15.351051 17.283855 -22.702883
v 15.342821 17.337530 -22.697058
v 15.350513 17.281597 -22.661528
v 15.299984 17.178427 -22.650215
v 15.262651 17.413050 -22.733904
v 15.261791 17.425634 -22.707308
v 15.220800 17.467514 -22.734665
v 15.181056 17.495605 -22.789089
v 15.353760 17.170063 -22.585335
v 15.389174 17.275585 -22.614891
v 15.317032 17.169489 -22.610445
v 15.362172 17.276484 -22.632399
v 15.344554 17.320803 -22.654610
v 15.310662 17.367067 -22.690592
v 15.290184 17.409227 -22.672829
v 15.260830 17.438114 -22.680689
v 15.256736 17.491869 -22.645475
v 15.216893 17.527697 -22.693542
v 15.215126 17.580080 -22.663841
v 15.264318 17.555740 -22.618252
v 15.201825 17.702641 -22.674454
v 15.386492 17.314205 -22.603924
v 15.360068 17.312618 -22.625607
v 15.320267 17.344511 -22.634871
v 15.286456 17.396240 -22.644274
v 15.272472 17.480026 -22.629177
v 15.275623 17.561970 -22.602554
v 15.253553 17.667328 -22.570782
v 15.230474 17.791740 -22.561182
v 15.183842 17.811419 -22.676407
v 15.166505 17.726000 -22.764050
v 15.163180 17.817150 -22.729038
v 15.166518 17.949261 -22.672935
v 15.272951 17.466265 -22.605841
v 15.297440 17.386517 -22.615259
v 15.343196 17.332685 -22.608963
v 15.365539 17.337337 -22.580097
v 15.421050 17.349260 -22.556681
v 15.429880 17.323593 -22.591576
v 15.275583 17.561722 -22.583605
v 15.285261 17.657782 -22.513968
v 15.295794 17.547136 -22.538797
v 15.337455 17.551731 -22.508577
v 15.344887 17.454660 -22.518597
v 15.355994 17.549093 -22.505222
v 15.369521 17.464409 -22.511528
v 15.375118 17.381975 -22.536768
v 15.405589 17.390619 -22.532860
v 15.459856 17.428774 -22.444530
v 15.435689 17.397516 -22.496313
v 15.411331 17.413797 -22.498102
v 15.383878 17.471376 -22.491308
v 15.368092 17.539068 -22.492516
v 15.335480 17.654070 -22.471420
v 15.274607 17.779381 -22.487474
v 15.261685 17.898308 -22.459496
v 15.206056 17.914639 -22.552439
v 15.441046 17.465410 -22.441065
v 15.426601 17.493612 -22.438908
v 15.405646 17.549137 -22.432558
v 15.430705 17.665373 -22.396549
v 15.339107 17.774088 -22.429369
v 15.343133 17.892372 -22.386173
v 15.354395 17.998068 -22.371302
v 15.272781 18.019581 -22.450853
v 15.208820 18.021606 -22.547649
v 15.166306 18.053387 -22.674686
v 15.509618 17.526512 -22.357723
v 15.470214 17.515863 -22.385458
v 15.451980 17.571283 -22.395105
v 15.513880 17.669271 -22.342041
v 15.492529 17.763725 -22.329571
v 15.578185 17.757248 -22.283722
v 15.557626 17.907665 -22.261787
v 15.535806 17.598389 -22.349745
v 15.550416 17.535990 -22.329500
v 15.643851 17.472294 -22.310219
v 15.792902 17.484806 -22.273788
v 15.573169 18.009737 -22.266275
v 15.476910 18.005999 -22.303246
v 15.457476 17.902065 -22.320177
v 15.444502 17.768967 -22.359991
v 15.399067 17.335655 -22.875463
v 15.409502 17.345165 -22.875671
v 15.400993 17.343197 -22.870888
v 15.409151 17.344797 -22.875591
v 15.400894 17.343094 -22.870867
v 15.159700 17.583576 -22.782814
v 15.177926 17.563551 -22.740583
v 15.676229 17.360207 -22.456387
v 15.642826 17.351719 -22.498999
v 15.650326 17.363310 -22.503437
v 15.662410 17.341658 -22.451244
v 15.644924 17.349321 -22.545563
v 15.650397 17.363379 -22.503462
v 15.669811 17.419195 -22.468061
v 15.643010 17.381433 -22.484352
v 15.656077 17.408337 -22.492832
v 15.637582 17.382963 -22.507204
v 15.650753 17.363728 -22.503582
v 15.638356 17.377125 -22.543022
v 15.647577 17.342068 -22.572824
v 15.644627 17.384977 -22.557322
v 15.647763 17.403009 -22.522930
v 15.670562 17.368780 -22.448561
v 15.688123 17.419748 -22.443403
v 15.707782 17.413429 -22.422546
v 15.703506 17.359312 -22.420099
v 15.728662 17.397354 -22.405870
v 15.762825 17.390465 -22.390142
v 15.739206 17.368151 -22.401571
v 15.769992 17.363005 -22.396544
v 15.809472 17.373262 -22.386087
v 15.676866 17.360825 -22.456606
v 15.710217 17.353872 -22.422968
v 15.747957 17.346626 -22.403248
v 15.783998 17.340710 -22.399168
v 15.844698 17.329792 -22.395380
v 15.852755 17.349047 -22.414625
v 15.866003 17.326172 -22.394403
v 15.855570 17.309063 -22.393518
v 15.804257 17.315088 -22.388571
v 15.753440 17.322598 -22.394087
v 15.710720 17.336296 -22.415556
v 15.836084 17.302151 -22.418125
v 15.844085 17.332006 -22.401447
v 15.813036 17.313688 -22.395851
v 15.831342 17.310442 -22.412998
v 15.807523 17.271057 -22.437019
v 15.786641 17.259922 -22.433506
v 15.768434 17.286049 -22.421648
v 15.744355 17.229898 -22.466869
v 15.730687 17.273649 -22.451036
v 15.694978 17.278929 -22.486433
v 15.704729 17.225168 -22.498878
v 15.738302 17.251339 -22.510366
v 15.756876 17.250694 -22.486101
v 15.775510 17.251066 -22.475512
v 15.718861 17.256407 -22.531622
v 15.713037 17.260494 -22.550369
v 15.684022 17.236553 -22.543865
v 15.673094 17.299204 -22.532654
v 15.671237 17.245901 -22.562971
v 15.656295 17.313276 -22.570145
v 15.686519 17.289289 -22.581182
v 15.655832 17.312817 -22.569998
v 15.664490 17.332260 -22.603369
v 15.747484 17.346174 -22.403076
v 15.710282 17.335869 -22.415405
v 15.709967 17.353630 -22.422878
v 15.345964 17.398064 -22.908882
v 15.300758 17.407818 -22.915140
v 15.308380 17.419537 -22.919611
v 15.267305 17.427137 -22.953699
v 15.256834 17.408087 -22.944561
v 15.308328 17.419481 -22.919600
v 15.259118 17.435165 -22.947662
v 15.290176 17.438452 -22.912487
v 15.308131 17.419275 -22.919556
v 15.311716 17.435877 -22.902946
v 15.345978 17.424675 -22.898195
v 15.371877 17.386839 -22.907661
v 15.362238 17.430834 -22.900270
v 15.403382 17.389601 -22.914122
v 15.331973 17.454315 -22.906467
v 15.304979 17.465149 -22.918936
v 15.285018 17.481165 -22.934643
v 15.264745 17.487812 -22.956575
v 15.247658 17.487520 -22.980379
v 15.236877 17.434649 -22.986137
v 15.233475 17.477171 -23.006294
v 15.224302 17.477453 -23.043339
v 15.227489 17.450855 -23.022352
v 15.240392 17.429873 -22.993059
v 15.267262 17.427094 -22.953690
v 15.227920 17.430737 -23.034199
v 15.230798 17.413891 -22.997831
v 15.216780 17.409472 -23.045326
v 15.220741 17.409513 -23.096596
v 15.230431 17.430147 -23.070662
v 15.235158 17.409369 -23.146160
v 15.237663 17.427931 -23.131788
v 15.240564 17.427273 -23.153093
v 15.260874 17.444860 -23.132780
v 15.227546 17.467365 -23.092051
v 15.228160 17.450565 -23.053816
v 15.244015 17.429350 -23.129808
v 15.254478 17.396582 -23.124176
v 15.229778 17.408430 -23.103863
v 15.249802 17.404966 -23.119024
v 15.262857 17.359722 -23.098436
v 15.252842 17.346859 -23.081707
v 15.242161 17.371805 -23.060678
v 15.273581 17.307024 -23.039047
v 15.261548 17.350468 -23.021133
v 15.289487 17.345575 -22.979567
v 15.295903 17.292311 -22.996052
v 15.317768 17.320408 -23.021746
v 15.297913 17.326046 -23.044134
v 15.291277 17.330265 -23.063915
v 15.335035 17.319410 -22.998396
v 15.352566 17.319637 -22.988752
v 15.336968 17.293585 -22.966005
v 15.332768 17.355204 -22.946672
v 15.354205 17.297977 -22.948582
v 15.367606 17.360661 -22.921234
v 15.381028 17.339312 -22.952606
v 15.366902 17.359919 -22.921083
v 15.403898 17.374691 -22.919949
v 15.230851 17.413950 -22.997841
v 15.228025 17.430849 -23.034218
v 15.240568 17.430061 -22.993095
v 16.837641 16.683077 -23.122826
v 17.075871 16.788345 -23.220186
v 17.023405 17.071737 -23.112560
v 17.250437 16.853855 -23.391294
v 15.809760 17.326754 -22.372349
v 15.858462 17.313410 -22.379681
v 15.813792 17.323235 -22.367575
v 15.861971 17.313679 -22.377335
v 15.915213 16.670080 -22.786247
v 15.900923 16.644403 -22.784962
v 15.922790 16.639601 -22.768011
v 15.897732 16.645260 -22.778803
v 15.907944 16.642216 -22.782986
v 15.751581 16.629921 -22.799128
v 15.794806 16.626301 -22.787441
v 15.819979 16.680601 -22.820759
v 15.886897 16.673958 -22.795036
v 15.880383 16.641512 -22.798433
v 15.913222 16.673128 -22.787369
v 15.902675 16.641092 -22.787077
v 15.746181 16.600447 -22.791723
v 15.790727 16.603275 -22.783476
v 15.869097 16.634590 -22.790802
v 15.905127 16.635324 -22.784510
v 15.927295 16.634310 -22.771404
v 15.913911 16.627172 -22.782427
v 15.938412 16.624533 -22.768471
v 15.928298 16.591621 -22.788420
v 15.941422 16.624674 -22.748852
v 15.981956 16.580677 -22.766920
v 15.974895 16.536512 -22.805267
v 16.008900 16.548271 -22.761969
v 15.969784 16.648399 -22.701378
v 15.995329 16.634695 -22.672146
v 15.927498 16.731905 -22.634890
v 15.925573 16.638262 -22.760815
v 15.907146 16.648315 -22.740232
v 15.927472 16.651999 -22.711134
v 15.928054 16.693871 -22.679255
v 15.848789 16.808264 -22.617044
v 15.937490 16.825537 -22.553991
v 15.745330 16.896587 -22.626038
v 15.697310 16.939808 -22.616257
v 15.692480 16.945484 -22.646105
v 15.733907 16.900305 -22.649109
v 15.606083 17.006065 -22.617247
v 15.643104 16.992851 -22.633705
v 15.683766 16.941980 -22.651426
v 15.690339 16.890337 -22.677670
v 15.711840 17.060610 -22.524118
v 15.615830 17.081888 -22.568132
v 15.608852 17.128473 -22.576458
v 15.719432 17.101643 -22.517658
v 15.643285 17.143690 -22.568134
v 15.566364 17.103836 -22.586424
v 15.799150 17.117357 -22.458586
v 15.895777 17.156015 -22.410192
v 15.909775 17.130907 -22.413147
v 15.816614 17.095064 -22.469133
v 15.825116 17.052181 -22.468321
v 16.037270 16.854231 -22.542185
v 16.126879 17.008411 -22.482843
v 16.172163 17.197678 -22.427771
v 16.060854 16.662945 -22.639429
v 16.150352 16.908527 -22.540150
v 16.216003 17.068428 -22.483974
v 16.277679 17.115765 -22.496901
v 16.494352 17.344429 -22.559669
v 16.603054 17.638250 -22.582966
v 16.599144 17.410675 -22.643929
v 16.543877 17.177301 -22.634792
v 16.605225 17.262943 -22.682491
v 16.654131 17.148540 -22.745937
v 16.446974 16.960337 -22.662853
v 16.587223 16.984859 -22.735952
v 16.414835 17.071463 -22.603315
v 16.465679 17.192905 -22.577356
v 16.282080 16.986729 -22.566978
v 16.181915 16.730593 -22.647892
v 16.237541 16.545643 -22.767529
v 16.319845 16.770901 -22.688675
v 16.398947 16.605558 -22.811813
v 16.438158 16.779436 -22.736580
v 16.539469 16.798384 -22.785870
v 16.587103 16.678055 -22.926796
v 16.361826 16.894312 -22.652458
v 16.687838 17.047152 -22.813976
v 16.689951 17.231968 -22.812603
v 16.761063 17.125402 -22.891275
v 16.817028 17.355793 -22.866987
v 16.975605 17.358793 -23.011326
v 16.851587 17.554249 -22.850573
v 17.003986 17.698215 -22.948357
v 16.750835 17.730469 -22.684530
v 16.913837 17.805429 -22.789062
v 16.655516 17.789145 -22.598345
v 16.541313 17.657763 -22.543524
v 16.838720 17.856171 -22.706778
v 17.031166 17.898558 -22.809135
v 17.112656 17.784184 -22.947033
v 17.203110 17.608273 -23.140686
v 17.106922 17.378769 -23.221407
v 17.286144 17.391209 -23.460705
v 17.171576 17.147491 -23.297688
v 16.886599 16.317116 -23.255377
v 17.106134 16.494164 -23.280670
v 16.914776 16.152700 -23.224405
v 17.211479 17.290030 -23.674465
v 17.250122 17.460762 -23.766769
v 17.222769 17.226200 -23.500156
v 17.351271 16.897533 -23.606964
v 17.289122 16.713316 -23.398869
v 17.107244 16.328932 -23.238867
v 16.950867 16.057682 -23.154593
v 16.753700 16.099045 -23.256622
v 16.553148 16.153124 -23.329788
v 16.716671 16.401987 -23.225021
v 16.553173 16.328999 -23.283501
v 16.635365 16.492039 -23.179008
v 17.270258 16.991707 -23.858854
v 17.109804 17.323534 -23.850479
v 17.107874 17.506664 -24.019588
v 17.026560 17.350159 -23.976095
v 16.920143 17.355556 -24.085714
v 16.886385 17.520760 -24.212830
v 16.765158 17.362452 -24.224766
v 16.589254 17.329922 -24.279007
v 16.918383 17.049004 -24.294481
v 17.103544 17.032902 -24.082445
v 16.542685 15.964972 -23.377857
v 16.401003 15.934602 -23.422358
v 16.254606 15.707444 -23.433281
v 16.334116 15.926141 -23.544781
v 16.225323 15.962604 -23.624306
v 16.275549 16.102345 -23.638714
v 16.322399 16.069729 -23.543591
v 16.291922 16.156452 -23.524193
v 16.403877 16.084896 -23.478872
v 16.443544 16.127520 -23.376234
v 16.439093 16.234365 -23.315243
v 16.402691 16.320040 -23.263918
v 16.482069 16.421732 -23.200296
v 16.366083 16.350266 -23.231619
v 16.309896 16.352005 -23.215366
v 16.330088 16.347622 -23.301420
v 16.375200 16.290207 -23.366728
v 16.405012 16.206049 -23.430231
v 16.341923 16.225100 -23.454844
v 16.220404 16.287138 -23.468435
v 16.184248 16.322220 -23.439390
v 16.087154 16.389462 -23.604460
v 16.099897 16.369930 -23.460455
v 16.047461 16.387482 -23.531441
v 15.985452 16.303770 -23.395851
v 16.141024 16.343859 -23.402065
v 16.190365 16.352024 -23.347406
v 16.250681 16.346504 -23.282087
v 16.221613 16.313732 -23.202822
v 16.317705 16.365768 -23.103113
v 16.459202 16.484480 -23.065865
v 16.439434 16.522802 -22.916035
v 16.335157 16.447063 -22.909517
v 16.200737 16.295132 -23.067135
v 16.233915 16.401329 -22.899006
v 16.135965 16.297968 -22.970934
v 16.110245 16.258152 -23.065289
v 16.178555 16.286463 -23.122034
v 16.096497 16.281773 -23.259258
v 16.048191 16.296480 -23.332651
v 16.009230 16.274433 -23.303593
v 15.864326 16.213531 -23.191736
v 16.586905 16.590662 -23.098429
v 16.156776 16.368446 -22.885378
v 16.071606 16.345055 -22.890720
v 16.066515 16.268881 -23.001965
v 16.033348 16.232927 -23.061541
v 15.991395 16.244452 -23.008038
v 15.944946 16.215349 -23.053421
v 15.896809 16.230614 -22.997597
v 15.992801 16.333141 -22.925318
v 15.949634 16.276913 -22.969587
v 15.962313 16.438595 -22.862202
v 15.860282 16.410151 -22.877758
v 15.897165 16.310225 -22.936386
v 15.798850 16.312841 -22.945229
v 15.769327 16.423628 -22.911573
v 15.732833 16.341661 -22.973497
v 15.707941 16.417398 -22.955368
v 15.666259 16.423073 -22.993998
v 15.680542 16.351604 -23.016630
v 15.647846 16.358017 -23.075682
v 15.722526 16.256277 -23.064777
v 15.783076 16.244059 -23.020809
v 15.857602 16.210642 -23.080473
v 15.792645 16.210541 -23.130119
v 15.689772 16.262924 -23.132504
v 15.631488 16.347960 -23.149237
v 15.607837 16.455111 -23.107910
v 15.591498 16.461283 -23.204634
v 15.589603 16.506666 -23.168653
v 15.590889 16.528856 -23.263311
v 15.578854 16.566210 -23.242250
v 15.563399 16.583105 -23.202795
v 15.567573 16.543934 -23.136345
v 15.539583 16.587339 -23.095585
v 15.537780 16.613607 -23.144262
v 15.525230 16.604624 -23.084097
v 15.525979 16.632488 -23.133747
v 15.636641 16.430788 -23.041641
v 15.634987 16.464773 -23.032084
v 15.605207 16.480822 -23.092268
v 15.584148 16.512794 -23.071281
v 15.607353 16.486961 -23.003128
v 15.636486 16.473333 -22.957087
v 15.585596 16.545988 -22.962019
v 15.610193 16.537214 -22.922863
v 15.561131 16.556555 -23.009537
v 15.548941 16.571096 -23.053701
v 15.532422 16.582745 -23.034615
v 15.545056 16.568180 -22.990702
v 15.568223 16.555740 -22.943001
v 15.592985 16.547089 -22.906713
v 15.625479 16.546499 -22.874865
v 15.518474 16.641575 -23.065628
v 15.518600 16.652880 -23.111649
v 15.521228 16.629221 -23.021507
v 15.536587 16.618874 -22.972706
v 15.557691 16.606529 -22.928265
v 15.581446 16.596575 -22.892176
v 15.615463 16.597996 -22.859966
v 15.657760 16.599155 -22.828495
v 15.669065 16.547256 -22.842550
v 15.703323 16.597639 -22.803499
v 15.711142 16.551702 -22.820528
v 15.759439 16.562166 -22.802134
v 15.529769 16.668768 -23.065361
v 15.524412 16.673054 -23.112257
v 15.538046 16.671221 -23.030031
v 15.552113 16.663162 -22.977383
v 15.575684 16.654688 -22.936686
v 15.600489 16.645498 -22.902060
v 15.632160 16.646969 -22.870272
v 15.670587 16.644924 -22.836939
v 15.720519 16.640179 -22.811867
v 15.553374 16.729174 -23.195061
v 15.568804 16.722847 -23.121666
v 15.587891 16.713623 -23.078794
v 15.589503 16.695194 -23.005869
v 15.611577 16.678555 -22.962639
v 15.642287 16.671000 -22.932468
v 15.668034 16.670776 -22.896276
v 15.709785 16.676811 -22.863401
v 15.782585 16.681334 -22.846327
v 15.538431 16.683363 -23.180349
v 15.543318 16.692663 -23.183903
v 15.551872 16.698193 -23.194199
v 15.549928 16.733490 -23.223991
v 16.751749 17.730961 -22.685425
v 16.713957 17.732349 -22.621862
v 16.603359 17.638443 -22.583225
v 16.997755 17.667152 -22.766565
v 16.932743 17.627235 -22.779331
v 16.887331 17.811344 -22.677923
v 16.793337 17.817846 -22.600445
v 16.792221 17.807041 -22.582315
v 16.698980 17.736015 -22.549242
v 16.692711 17.747515 -22.575008
v 16.634846 17.578087 -22.583351
v 16.598698 17.410374 -22.643587
v 16.636932 17.423489 -22.659067
v 16.640924 17.270596 -22.683001
v 16.604767 17.262619 -22.682167
v 16.682537 17.169907 -22.728256
v 16.653984 17.148436 -22.745836
v 16.785128 17.134596 -22.753515
v 16.767508 17.145313 -22.797598
v 16.690210 17.232140 -22.812799
v 16.690254 17.232168 -22.812834
v 16.882120 17.229807 -22.809998
v 16.902561 17.215485 -22.765347
v 16.850981 17.248722 -22.747595
v 16.780333 17.206892 -22.742449
v 16.712133 17.210358 -22.705276
v 16.723970 17.296263 -22.714298
v 16.777414 17.278549 -22.746717
v 16.834448 17.307133 -22.734138
v 16.886917 17.304552 -22.743031
v 16.890352 17.415718 -22.719242
v 16.919268 17.426910 -22.770374
v 16.901829 17.645832 -22.731094
v 16.955484 17.645138 -22.718382
v 16.929911 17.292133 -22.764416
v 17.015261 17.417534 -22.781353
v 16.997131 17.431381 -22.822783
v 17.010525 17.655212 -22.730831
v 16.968784 17.416565 -22.759109
v 16.801222 17.435318 -22.760262
v 16.764439 17.363770 -22.759647
v 16.747795 17.299543 -22.793207
v 16.689173 17.318083 -22.759916
v 16.661060 17.314919 -22.746054
v 16.692167 17.430817 -22.678949
v 16.683403 17.516056 -22.655931
v 16.678514 17.439415 -22.747162
v 16.747292 17.513355 -22.687780
v 16.670065 17.370916 -22.767433
v 16.873415 17.754902 -22.652695
v 16.895201 17.800287 -22.648346
v 16.803934 17.763578 -22.596529
v 16.727711 17.710047 -22.581566
v 16.682247 17.588879 -22.628975
v 16.707333 17.611315 -22.688971
v 16.794132 17.574465 -22.701626
v 16.870138 17.625666 -22.689306
v 16.850380 17.725088 -22.674223
v 16.827284 17.680653 -22.663507
v 16.795763 17.741495 -22.635918
v 16.721882 17.704319 -22.641090
v 15.696736 17.899952 -23.860453
v 15.766212 17.893364 -23.885443
v 15.622774 17.799944 -23.777151
v 15.924440 17.708111 -23.983177
v 15.881248 17.801003 -24.061329
v 15.887755 17.850441 -24.119474
v 15.798627 17.990889 -24.003971
v 15.704330 17.997232 -23.926191
v 15.684660 17.989346 -23.930218
v 15.623075 17.913038 -23.858562
v 15.648541 17.919363 -23.845829
v 15.621304 17.745317 -23.818233
v 15.649093 17.567549 -23.801746
v 15.674129 17.582945 -23.833605
v 15.676754 17.430599 -23.859716
v 15.667263 17.418234 -23.826349
v 15.715089 17.330532 -23.908884
v 15.723284 17.303120 -23.881836
v 15.755946 17.305397 -24.009207
v 15.909179 17.611273 -24.149597
v 15.850733 17.479975 -24.019926
v 15.905099 17.507393 -23.981361
v 15.808067 17.378904 -23.890120
v 15.844558 17.401831 -24.076019
v 15.796798 17.306553 -23.982347
v 15.803209 17.397636 -24.106337
v 15.779929 17.426203 -24.054064
v 15.754497 17.377104 -23.994175
v 15.704691 17.377569 -23.934704
v 15.728304 17.461590 -23.929686
v 15.768288 17.445988 -23.978241
v 15.771646 17.483118 -24.030464
v 15.818686 17.476046 -24.119577
v 15.870322 17.606647 -24.176958
v 15.859100 17.479729 -24.088535
v 15.790470 17.485855 -24.079700
v 15.838668 17.603132 -24.136200
v 15.840710 17.604902 -24.084433
v 15.783577 17.598444 -24.067926
v 15.853581 17.846073 -24.140326
v 15.828274 17.830931 -24.091007
v 15.829483 17.822496 -24.036583
v 15.779493 17.805355 -24.017155
v 15.768730 17.743538 -23.950563
v 15.753199 17.857525 -23.970942
v 15.743574 17.770166 -23.862726
v 15.712641 17.870335 -23.869164
v 15.676716 17.754545 -23.853453
v 15.656748 17.886221 -23.884775
v 15.694478 17.946024 -23.946218
v 15.769420 17.985701 -24.018715
v 15.762426 17.937725 -24.004545
v 15.774477 17.902166 -23.983494
v 15.728035 17.917099 -23.934912
v 15.737282 17.680153 -23.918793
v 15.693421 17.679562 -23.862595
v 15.706090 17.594152 -23.881998
v 15.748728 17.466459 -23.859934
v 15.768544 17.471014 -23.883944
v 15.810311 17.455109 -23.937469
v 15.790204 17.525272 -23.948555
v 15.779266 17.518768 -23.854906
v 15.770678 17.589725 -23.854643
v 15.808223 17.599571 -23.971230
v 15.131130 17.976875 -22.778549
v 15.167740 18.054695 -22.675358
v 15.168413 17.951036 -22.673742
v 15.256853 17.408106 -22.944565
v 15.240302 17.429775 -22.993042
v 15.230612 17.413691 -22.997797
v 15.709470 17.353149 -22.422703
v 15.662649 17.341892 -22.451323
v 15.709881 17.335480 -22.415266
v 15.222783 17.415960 -23.150429
v 15.207698 17.424067 -23.102587
v 15.221289 17.417078 -23.154175
v 15.203424 17.421942 -23.107929
v 16.215446 15.997237 -23.755320
v 16.223890 15.951710 -23.638212
v 16.117037 15.996339 -23.935835
v 16.029116 15.844720 -23.962429
v 16.161739 15.801307 -23.686651
v 16.058832 15.585720 -23.631046
v 16.118343 15.516350 -23.493612
v 16.120722 16.275997 -23.717806
v 16.181715 16.158268 -23.705999
v 16.274445 16.097439 -23.643831
v 16.226877 16.227884 -23.658546
v 16.159775 16.316599 -23.643978
v 16.063833 16.368109 -23.690777
v 16.025764 16.401222 -23.659458
v 15.347652 17.378460 -22.554392
v 15.299635 17.439312 -22.557810
v 15.316971 17.374779 -22.581440
v 15.334696 17.140175 -22.866232
v 15.321360 17.096401 -22.863230
v 15.323938 17.127945 -22.920948
v 15.311140 17.091166 -22.781591
v 15.292478 17.095718 -22.734652
v 15.275155 17.094521 -22.682404
v 15.274615 17.097862 -22.643669
v 15.298439 17.090363 -22.605799
v 15.275069 16.957575 -22.605669
v 15.331623 17.088812 -22.574741
v 15.326877 16.957779 -22.570583
v 15.369100 17.079683 -22.568888
v 15.330433 17.087036 -22.920134
v 15.324488 17.065487 -22.875414
v 15.382829 16.971548 -22.557055
v 15.317119 17.002789 -22.838772
v 15.311508 16.970335 -22.835243
v 15.342763 17.017206 -22.867939
v 15.337293 17.039129 -22.875896
v 15.341308 17.057316 -22.921206
v 15.326208 17.074289 -22.971613
v 15.360592 17.037146 -22.960173
v 15.381550 17.034353 -22.949959
v 15.396827 16.991695 -23.002825
v 15.367550 16.990690 -23.013462
v 15.401167 16.950039 -23.048120
v 15.418082 16.939470 -23.012030
v 15.415421 16.912476 -23.048264
v 15.442441 16.905588 -22.998802
v 15.432154 16.867741 -23.022648
v 15.438444 16.803885 -23.154011
v 15.437815 16.809269 -23.071527
v 15.461339 16.727577 -23.129267
v 15.491801 16.699579 -23.151068
v 15.508761 16.698725 -23.159472
v 15.435586 16.798595 -22.996330
v 15.447727 16.724619 -23.017704
v 15.442179 16.835390 -22.965754
v 15.447536 16.824081 -22.900827
v 15.461632 16.856239 -22.947363
v 15.443617 16.852757 -22.914606
v 15.428311 16.866030 -22.957199
v 15.381364 16.872972 -22.927673
v 15.377555 16.879692 -22.954401
v 15.338645 16.868258 -22.881382
v 15.330665 16.886938 -22.911415
v 15.345168 16.948940 -22.969330
v 15.445797 16.875204 -22.974651
v 15.431950 16.876890 -22.977491
v 15.391343 16.915020 -22.995348
v 15.399957 16.986452 -22.993919
v 15.419445 16.932095 -23.003942
v 15.433838 16.944086 -22.857466
v 15.379649 16.878538 -22.808989
v 15.419377 16.865906 -22.800385
v 15.411175 16.832928 -22.805231
v 15.445716 16.847803 -22.846766
v 15.438947 16.831200 -22.843470
v 15.447605 16.817488 -22.852095
v 15.422187 16.813795 -22.799698
v 15.390428 16.815311 -22.782145
v 15.369284 16.841661 -22.795473
v 15.352272 16.862120 -22.823248
v 15.332024 16.851950 -22.795959
v 16.692545 17.747417 -22.574856
v 16.714355 17.732573 -22.622236
v 16.793312 17.817833 -22.600420
v 16.770554 17.765762 -22.628899
v 15.719796 17.938778 -23.907892
v 15.704201 17.997166 -23.926065
v 15.696921 17.900063 -23.860615
v 15.648413 17.919285 -23.845720
v 15.808002 17.378855 -23.890085
v 15.235809 17.284994 -23.189945
v 15.239950 17.319670 -23.210764
v 15.244309 17.355209 -23.233248
v 15.252918 17.396749 -23.237722
v 15.221554 17.417366 -23.154221
v 15.532566 16.654757 -23.183727
v 15.536099 16.611288 -23.144857
v 15.523620 16.629250 -23.134548
v 15.517066 16.650795 -23.112127
v 15.535744 16.679745 -23.181154
v 15.655094 17.312086 -22.569767
v 15.663648 17.331432 -22.603092
v 15.628802 17.316874 -22.628269
v 15.660242 17.347355 -22.601431
v 15.634882 17.340733 -22.602272
v 15.647214 17.341711 -22.572706
v 15.644117 17.384483 -22.557146
v 15.630594 17.341146 -22.559174
v 15.644838 17.349239 -22.545534
v 15.642951 17.351841 -22.499039
v 15.632674 17.351507 -22.495863
v 15.662729 17.341972 -22.451349
v 15.655469 17.341511 -22.449001
v 15.703564 17.331606 -22.410583
v 15.710416 17.335999 -22.415451
v 15.753854 17.319534 -22.386286
v 15.753621 17.322773 -22.394152
v 15.807108 17.311583 -22.381002
v 15.804586 17.315405 -22.388693
v 15.855836 17.309313 -22.393621
v 16.852312 17.554571 -22.851288
v 16.839870 17.315933 -22.812664
v 16.817492 17.356003 -22.867390
v 16.908421 17.305899 -22.808302
v 16.128408 15.372063 -23.262333
v 16.289078 15.520157 -23.207123
v 16.217569 15.520928 -23.305948
v 16.491255 15.670569 -23.200180
v 16.128450 15.530387 -23.474550
v 16.725025 15.939256 -23.249826
v 16.515635 15.770143 -23.308184
v 16.776491 15.783888 -23.157143
v 16.825256 16.819489 -23.065201
v 16.667177 16.651047 -23.077745
v 16.694870 16.745903 -23.008530
v 16.805723 16.956617 -22.988783
v 16.710621 16.882240 -22.921955
v 16.650599 16.843779 -22.851158
v 15.532361 16.675800 -23.065908
v 15.563179 16.704872 -23.117039
v 15.530815 16.683884 -23.120396
v 15.563765 16.720671 -23.180311
v 15.549530 16.697680 -23.194685
v 15.549833 16.731451 -23.218386
v 15.218777 17.501484 -22.710890
v 15.191467 17.613827 -22.711655
v 15.168470 17.658449 -22.796167
v 15.977396 16.763611 -23.923145
v 15.826342 16.241062 -23.302341
v 15.756824 16.230318 -23.202408
v 15.689419 16.270947 -23.249374
v 15.850648 16.299032 -23.420877
v 15.777456 16.279688 -23.375328
v 15.749415 16.252308 -23.291975
v 15.720195 16.295134 -23.338858
v 15.731684 16.330383 -23.409863
v 15.652141 16.395876 -23.338093
v 15.679720 16.326664 -23.297630
v 15.642325 16.358992 -23.246626
v 15.966654 16.214367 -23.129692
v 16.093193 16.254007 -23.122881
v 15.810134 16.578819 -22.789892
v 15.861297 16.598183 -22.788200
v 15.863595 16.624401 -22.787527
v 15.900605 16.558706 -22.805122
v 15.873564 16.527073 -22.827509
v 15.910000 16.505949 -22.840412
v 15.833233 16.462399 -22.873501
v 15.926536 16.467234 -22.855415
v 16.008265 16.465939 -22.818521
v 16.057606 16.479017 -22.782114
v 16.138285 16.506987 -22.760674
v 15.760001 16.453598 -22.905521
v 15.705081 16.452736 -22.947672
v 15.662412 16.448561 -22.985313
v 15.677390 16.474775 -22.918907
v 15.742873 16.485640 -22.880648
v 15.818705 16.560839 -22.804110
v 15.768346 16.545444 -22.819290
v 15.728251 16.539793 -22.838377
v 15.805664 16.502150 -22.849335
v 15.686743 16.535370 -22.859171
v 15.644259 16.536127 -22.891861
v 16.235468 16.240103 -23.590511
v 16.227440 16.229216 -23.657505
v 16.249058 16.220249 -23.492512
v 16.159752 16.322577 -23.639524
v 15.235074 17.436092 -22.907040
v 15.276566 17.419872 -22.859257
v 15.238351 17.429567 -22.917606
v 15.284496 17.416307 -22.873201
v 15.243472 17.427797 -22.923882
v 15.293888 17.422710 -22.881725
v 15.298898 17.427870 -22.890203
v 15.247772 17.429682 -22.928816
v 15.294309 17.415117 -22.895144
v 15.246635 17.417145 -22.931381
v 15.253272 17.407413 -22.938190
v 15.295451 17.406637 -22.905890
v 15.224579 17.410156 -22.993120
v 15.209528 17.408529 -23.047808
v 15.266071 17.142191 -23.145390
v 15.270931 17.182823 -23.130077
v 15.235706 17.409960 -23.146252
v 15.221195 17.410006 -23.096672
v 15.213708 17.407858 -23.101212
v 15.217051 17.409767 -23.045374
v 15.209023 17.407980 -23.047724
v 15.230823 17.413919 -22.997837
v 15.224119 17.409658 -22.993038
v 15.256952 17.408213 -22.944584
v 15.253107 17.407236 -22.938158
v 15.295491 17.406679 -22.905897
v 15.300778 17.407841 -22.915144
v 15.345988 17.398088 -22.908888
v 15.355098 17.386118 -22.894075
v 15.371785 17.386742 -22.907640
v 15.397760 17.379404 -22.890518
v 15.403137 17.389345 -22.914061
v 15.418335 17.351118 -22.884039
v 15.403167 17.373932 -22.919773
v 15.366227 17.359207 -22.920938
v 15.653043 17.352434 -22.482361
v 15.652534 17.362507 -22.490465
v 15.652473 17.340044 -22.492329
v 15.663519 17.320898 -22.478680
v 15.654779 17.326109 -22.499666
v 15.651354 17.346899 -22.503801
v 15.646650 17.391285 -22.516899
v 15.708033 17.413668 -22.422640
v 15.688157 17.419781 -22.443417
v 15.679659 17.380501 -22.442738
v 15.668661 17.379953 -22.457968
v 15.669744 17.419130 -22.468037
v 15.658358 17.372974 -22.474737
v 15.655935 17.408199 -22.492781
v 15.647589 17.402842 -22.522867
v 15.643905 17.368254 -22.535170
v 15.654407 17.330620 -22.512064
v 15.660472 17.311724 -22.502914
v 15.666663 17.312517 -22.480721
v 15.672014 17.304897 -22.479277
v 15.680582 17.316849 -22.453667
v 15.644292 17.384651 -22.557205
v 15.649249 17.341515 -22.548557
v 15.660833 17.314005 -22.516199
v 15.668358 17.298195 -22.502634
v 15.677865 17.298470 -22.476326
v 15.685987 17.293377 -22.471581
v 15.691357 17.291451 -22.465876
v 15.691180 17.279205 -22.487835
v 15.701703 17.275269 -22.476339
v 15.698141 17.273197 -22.497490
v 15.710321 17.268997 -22.483936
v 15.718512 17.256062 -22.531513
v 15.738028 17.251066 -22.510281
v 15.723096 17.269894 -22.468330
v 15.694125 17.267792 -22.544283
v 15.712586 17.260048 -22.550230
v 15.683502 17.283113 -22.508190
v 15.679546 17.286177 -22.496315
v 15.670975 17.297747 -22.514751
v 15.659340 17.315367 -22.555344
v 15.648753 17.351034 -22.572592
v 15.660208 17.347321 -22.601419
v 15.665569 17.319977 -22.583942
v 15.663619 17.331404 -22.603083
v 15.685952 17.288731 -22.581005
v 15.674795 17.289255 -22.554571
v 15.756684 17.250507 -22.486040
v 15.760812 17.253519 -22.468338
v 15.775275 17.250837 -22.475433
v 15.774297 17.274103 -22.435154
v 15.807332 17.270876 -22.436953
v 15.802564 17.296097 -22.412218
v 15.835918 17.301992 -22.418062
v 15.821408 17.334253 -22.392979
v 15.852518 17.348827 -22.414530
v 15.809316 17.373114 -22.386024
v 15.784520 17.361357 -22.388056
v 15.762928 17.390562 -22.390182
v 15.746454 17.376406 -22.397623
v 15.728943 17.397623 -22.405975
v 15.707307 17.366371 -22.417461
v 15.693719 17.376738 -22.428865
v 15.796195 17.328442 -22.395489
v 15.771480 17.322876 -22.401854
v 15.761177 17.350479 -22.394583
v 15.718462 17.352745 -22.411419
v 15.698979 17.356491 -22.421080
v 15.688524 17.364176 -22.430296
v 15.676209 17.367733 -22.442133
v 15.666848 17.366907 -22.455301
v 15.659337 17.362352 -22.468807
v 15.729469 17.335484 -22.410927
v 15.708982 17.344238 -22.415661
v 15.688917 17.339092 -22.432968
v 15.683137 17.343689 -22.437860
v 15.676275 17.345913 -22.445690
v 15.671515 17.345482 -22.452242
v 15.665668 17.342178 -22.460070
v 15.663426 17.335711 -22.467821
v 15.662074 17.329056 -22.474583
v 15.695602 17.331018 -22.429344
v 15.717311 17.330191 -22.414209
v 15.736415 17.318316 -22.413960
v 15.738820 17.302464 -22.423275
v 15.776550 17.297537 -22.414721
v 15.736689 17.287779 -22.435619
v 15.725444 17.302004 -22.424835
v 15.723889 17.316246 -22.418131
v 15.700957 17.323895 -22.429546
v 15.704118 17.315538 -22.431602
v 15.705759 17.307566 -22.435751
v 15.704472 17.300482 -22.440886
v 15.701299 17.295576 -22.449274
v 15.720148 17.280823 -22.449234
v 15.712774 17.276405 -22.462786
v 15.724391 17.290100 -22.435949
v 15.732224 17.276304 -22.450811
v 15.697676 17.291649 -22.457218
v 15.231448 17.430004 -23.109171
v 15.227769 17.420494 -23.085270
v 15.227534 17.467354 -23.092047
v 15.241181 17.387459 -23.093941
v 15.228327 17.411068 -23.061213
v 15.238696 17.385273 -23.068029
v 15.239950 17.383917 -23.029413
v 15.232372 17.400368 -23.026184
v 15.239368 17.381830 -23.017118
v 15.233481 17.396025 -23.013786
v 15.245623 17.382341 -22.994547
v 15.242402 17.390650 -22.992451
v 15.231210 17.409956 -23.006535
v 15.230202 17.416485 -23.017027
v 15.231586 17.432106 -23.003939
v 15.222713 17.437531 -23.047819
v 15.254515 17.396624 -23.124184
v 15.260904 17.444893 -23.132786
v 15.263056 17.359940 -23.098467
v 15.255091 17.359144 -23.066216
v 15.250713 17.368145 -23.028254
v 15.247643 17.368013 -23.015284
v 15.249483 17.374531 -22.993515
v 15.259253 17.385506 -22.965649
v 15.240955 17.398790 -22.988401
v 15.231823 17.421667 -22.994984
v 15.235896 17.442154 -22.988825
v 15.233534 17.477232 -23.006308
v 15.247662 17.487522 -22.980379
v 15.256522 17.368206 -22.989761
v 15.258609 17.356514 -23.010359
v 15.262100 17.353479 -23.022402
v 15.281812 17.332140 -23.050730
v 15.291322 17.330313 -23.063921
v 15.297807 17.325928 -23.044119
v 15.276266 17.343185 -23.011578
v 15.317566 17.320189 -23.021713
v 15.288630 17.338194 -22.996740
v 15.334895 17.319258 -22.998373
v 15.299944 17.338690 -22.981958
v 15.343953 17.325583 -22.970589
v 15.352312 17.319365 -22.988707
v 15.352731 17.342089 -22.946306
v 15.263102 17.362841 -22.985580
v 15.269670 17.349144 -23.001614
v 15.270248 17.360565 -22.978062
v 15.274916 17.360861 -22.971630
v 15.278510 17.364016 -22.962156
v 15.281055 17.369095 -22.954975
v 15.297592 17.349583 -22.962830
v 15.289868 17.345108 -22.975990
v 15.280363 17.344461 -22.988798
v 15.308683 17.344730 -22.964199
v 15.302164 17.358368 -22.948196
v 15.282348 17.375582 -22.948324
v 15.280769 17.383558 -22.944221
v 15.302628 17.370502 -22.938354
v 15.314374 17.356195 -22.948418
v 15.324181 17.443670 -22.908575
v 15.282771 17.433750 -22.930626
v 15.295653 17.420620 -22.924133
v 15.275759 17.424530 -22.934557
v 15.286463 17.412170 -22.927883
v 15.265779 17.407141 -22.945812
v 15.272082 17.399490 -22.943457
v 15.277527 17.391867 -22.942144
v 15.300198 17.384247 -22.931051
v 15.315866 17.370487 -22.935707
v 15.353858 17.365370 -22.926809
v 15.383518 17.366163 -22.927002
v 15.373260 17.395998 -22.907505
v 15.348838 17.390736 -22.913952
v 15.338317 17.418129 -22.906641
v 15.294445 17.398613 -22.927752
v 15.306347 17.403315 -22.923338
v 15.312799 17.386559 -22.927546
v 15.380407 17.338654 -22.952478
v 15.403179 17.373945 -22.919777
v 15.403010 17.389215 -22.914030
v 15.362044 17.430634 -22.900221
v 15.331799 17.454136 -22.906424
v 15.304838 17.465002 -22.918900
v 15.269299 17.444201 -22.942204
v 15.284887 17.481030 -22.934610
v 15.256618 17.448265 -22.955257
v 15.264673 17.487738 -22.956558
v 15.245453 17.448500 -22.971821
v 15.244076 17.435467 -22.968874
v 15.236455 17.431095 -22.982063
v 15.240565 17.404978 -22.982018
v 15.243629 17.411144 -22.973406
v 15.247648 17.413881 -22.966076
v 15.259669 17.412125 -22.952158
v 15.254185 17.413965 -22.957701
v 15.253583 17.435549 -22.954342
v 15.264566 17.431759 -22.943281
v 15.222643 17.452185 -23.069685
v 15.224285 17.477436 -23.043335
v 15.226147 17.460266 -23.028477
v 16.055182 0.002529 -23.224701
v 16.056793 0.130740 -23.215635
v 15.545429 0.002446 -22.635139
v 14.658672 0.004076 -23.447063
v 14.557001 0.002654 -22.872355
v 14.570480 0.129556 -22.875767
v 14.681581 0.003744 -22.519100
v 14.694717 0.127002 -22.532019
v 15.020879 0.002633 -22.392809
v 15.032746 0.123637 -22.416069
v 15.546821 0.130958 -22.635408
v 16.056793 0.130740 -23.215635
v 16.030890 0.471729 -23.239803
v 16.457811 0.143128 -23.816025
v 16.055182 0.002529 -23.224701
v 14.716771 0.256158 -22.571131
v 14.585916 0.258993 -22.917543
v 14.812213 0.386445 -22.717745
v 15.163560 0.385106 -22.596436
v 15.665920 0.604924 -23.209167
v 15.574250 0.393776 -22.791836
v 15.060547 0.253770 -22.451553
v 14.659177 0.129826 -23.442703
v 14.658672 0.004076 -23.447063
v 14.675657 0.389623 -23.067780
v 15.201561 0.587583 -23.566540
v 16.114883 1.054643 -23.669439
v 16.789137 0.662503 -24.148346
v 16.722397 0.221049 -24.176411
v 17.102869 0.635878 -24.615313
v 17.084648 0.341731 -24.598400
v 17.077484 0.762978 -25.095669
v 17.038742 0.326322 -25.055351
v 16.702307 0.326415 -25.322327
v 16.671274 0.758118 -25.413517
v 16.200743 0.343320 -25.221136
v 16.217163 0.003183 -25.198824
v 15.817391 0.221683 -24.795147
v 15.842908 0.003412 -24.793020
v 16.695786 0.002850 -25.310268
v 17.024578 0.001833 -25.042620
v 17.047899 0.002082 -24.599867
v 16.685062 0.003412 -24.209011
v 17.056227 0.999276 -24.671738
v 16.964588 0.987583 -24.304529
v 16.235210 1.287483 -23.811716
v 16.284307 1.866473 -23.955643
v 16.877571 1.884250 -24.585777
v 15.848466 0.670499 -24.816895
v 15.292189 0.129027 -24.324602
v 15.301030 0.004450 -24.332859
v 14.936959 0.004097 -23.920845
v 14.931873 0.129972 -23.914511
v 15.057363 0.402271 -23.979126
v 15.668443 1.005019 -24.091295
v 15.785628 1.330940 -24.147097
v 15.880348 1.877989 -24.323137
v 15.868840 1.049223 -24.502520
v 15.711271 0.824919 -24.504513
v 16.011629 0.973223 -24.798321
v 16.466061 1.087373 -25.212799
v 16.919613 1.061548 -25.002502
v 16.394321 1.926523 -25.013079
v 19.180721 0.137059 -22.718424
v 19.217306 0.014445 -22.730675
v 19.062717 -0.070225 -21.972097
v 20.215939 0.181569 -21.745661
v 19.797413 0.187512 -21.327019
v 19.830261 0.064478 -21.322268
v 19.457321 0.100238 -21.222345
v 19.482197 -0.021345 -21.211994
v 19.168600 0.043439 -21.424196
v 19.184299 -0.078294 -21.408592
v 19.032808 0.054719 -21.965599
v 19.178917 0.137059 -22.719711
v 19.131754 0.476139 -22.695660
v 19.078739 0.341882 -22.064178
v 19.296583 0.629792 -22.374292
v 19.173416 0.325761 -21.619345
v 19.474812 0.382870 -21.410294
v 19.151373 0.175351 -21.459036
v 19.446386 0.232470 -21.254976
v 19.791580 0.321158 -21.356100
v 20.184576 0.302903 -21.735579
v 20.216352 0.181569 -21.745707
v 19.826035 0.473147 -21.509094
v 20.298029 0.650401 -22.355434
v 20.387436 0.382123 -22.234821
v 20.482899 0.439557 -22.762640
v 20.209303 1.120072 -23.154739
v 20.406757 1.025870 -23.445471
v 20.222548 1.302577 -23.530521
v 20.432297 1.170863 -24.413200
v 20.311874 1.464991 -24.100943
v 19.927513 1.356218 -24.386580
v 19.963818 1.072655 -24.589600
v 19.587906 1.212621 -24.344126
v 19.572939 0.843027 -24.365017
v 19.322855 1.129556 -24.072685
v 19.352894 0.794344 -23.839525
v 20.418060 0.260618 -22.250807
v 20.517380 0.319410 -22.785677
v 20.515442 0.587223 -23.447493
v 20.605515 0.765383 -23.969995
v 20.429424 0.728599 -24.422323
v 20.031610 0.642459 -24.562834
v 19.627663 0.554775 -24.354221
v 19.511282 0.376626 -23.824511
v 19.400515 0.245172 -23.400534
v 19.216377 0.014445 -22.731304
v 19.713909 0.227805 -24.342796
v 19.606140 0.175122 -23.823984
v 20.090916 0.325267 -24.565817
v 20.485706 0.411810 -24.438963
v 20.652590 0.428331 -24.003725
v 20.549061 0.372292 -23.482212
v 19.269548 1.128986 -22.992949
v 19.850203 0.729290 -22.214869
v 19.873489 1.209507 -22.873306
v 20.054333 1.324569 -23.261086
v 19.685860 2.090957 -23.132164
v 19.992928 2.244087 -23.906570
v 19.415997 2.069892 -24.124418
v 19.744490 1.528745 -22.982626
v 19.181158 1.966276 -23.293385
v 19.239262 1.376098 -23.180243
v 19.830395 0.064478 -21.322254
v 19.482908 -0.021345 -21.211830
v 20.215630 0.181569 -21.745628
v 19.184954 -0.078294 -21.408346
v 19.062435 -0.070225 -21.972246
v 19.216286 0.014445 -22.731367
v 20.081253 0.325267 -24.571236
v 20.474041 0.411810 -24.454132
v 19.711491 0.227805 -24.343039
v 20.651367 0.428331 -24.010818
v 19.605692 0.175122 -23.823524
v 20.550415 0.372292 -23.485241
v 19.508778 0.376626 -23.819916
v 20.521278 0.587223 -23.459042
v 19.402987 0.245172 -23.397591
v 20.519604 0.319410 -22.787086
v 20.417721 0.260618 -22.250700
v 14.681581 0.003744 -22.519100
v 14.557001 0.002654 -22.872355
v 15.020879 0.002633 -22.392809
v 14.658672 0.004076 -23.447063
v 15.545429 0.002446 -22.635139
v 16.055182 0.002529 -23.224701
v 14.936959 0.004097 -23.920845
v 15.301030 0.004450 -24.332859
v 16.457811 0.143128 -23.816025
v 15.817391 0.221683 -24.795147
v 16.722397 0.221049 -24.176411
v 15.842908 0.003412 -24.793020
v 16.685062 0.003412 -24.209011
v 16.217163 0.003183 -25.198824
v 17.047899 0.002082 -24.599867
v 16.695786 0.002850 -25.310268
v 17.024578 0.001833 -25.042622
vn -0.2132 -0.4027 0.8901
vn -0.4799 -0.5005 0.7206
vn -0.3391 -0.5403 0.7701
vn -0.3987 -0.5375 0.7430
vn -0.5057 -0.7826 0.3632
vn -0.2278 -0.3579 0.9055
vn -0.1306 -0.7102 0.6918
vn 0.1387 -0.3499 0.9265
vn -0.0114 -0.4039 0.9147
vn 0.0338 -0.4337 0.9004
vn -0.0581 -0.3757 0.9249
vn 0.6788 -0.4139 0.6066
vn 0.5788 -0.7349 0.3535
vn 0.3556 -0.7236 0.5915
vn 0.3121 -0.9381 0.1500
vn 0.7548 -0.3272 0.5685
vn 0.7402 -0.6054 -0.2926
vn -0.0987 -0.9741 0.2035
vn -0.1979 -0.6069 0.7698
vn -0.2782 -0.9598 -0.0361
vn 0.0535 -0.9860 -0.1582
vn 0.2575 -0.9177 0.3026
vn 0.2554 -0.6869 0.6804
vn 0.4782 -0.2538 0.8408
vn 0.4279 -0.0928 0.8991
vn 0.3520 -0.1221 0.9280
vn 0.3240 -0.2241 0.9191
vn 0.4024 -0.1722 0.8991
vn 0.4392 -0.1893 0.8782
vn 0.4014 -0.1719 0.8996
vn 0.3201 -0.2221 0.9210
vn 0.3182 -0.1089 0.9417
vn 0.2384 -0.1095 0.9650
vn 0.3402 -0.0532 0.9388
vn 0.4371 -0.0719 0.8966
vn 0.4386 -0.1894 0.8785
vn 0.2844 -0.1710 0.9433
vn 0.2625 -0.1826 0.9475
vn 0.2348 0.0003 0.9720
vn 0.3996 -0.2564 0.8801
vn 0.3197 -0.3023 0.8980
vn 0.2242 -0.3837 0.8958
vn 0.3195 -0.1518 0.9353
vn 0.3586 -0.1136 0.9265
vn 0.3272 -0.1290 0.9361
vn 0.3405 0.0551 0.9386
vn 0.4051 0.0739 0.9113
vn 0.2670 0.2044 0.9418
vn 0.2813 0.1962 0.9394
vn 0.1185 0.3722 0.9206
vn 0.0981 0.3600 0.9278
vn -0.0162 0.5151 0.8570
vn -0.0526 0.4194 0.9063
vn -0.1271 0.5908 0.7967
vn -0.2437 0.3996 0.8837
vn -0.1968 0.2184 0.9558
vn -0.0073 0.1668 0.9860
vn -0.1841 -0.0435 0.9819
vn 0.2248 -0.2330 0.9461
vn 0.1650 -0.0713 0.9837
vn 0.1754 0.1646 0.9706
vn -0.0171 -0.0928 0.9955
vn 0.0144 -0.2183 0.9758
vn 0.0238 -0.2153 0.9763
vn 0.2092 -0.2138 0.9542
vn 0.2143 -0.0573 0.9751
vn 0.3088 -0.0021 0.9511
vn -0.1573 -0.1997 0.9672
vn -0.1333 -0.2151 0.9675
vn -0.1342 -0.0928 0.9866
vn 0.0040 -0.0190 0.9998
vn 0.1680 0.0285 0.9854
vn 0.2790 -0.1647 0.9461
vn 0.3812 -0.2307 0.8952
vn -0.3687 -0.2131 0.9048
vn -0.3508 -0.0735 0.9336
vn -0.2221 -0.0322 0.9745
vn 0.0203 0.0443 0.9988
vn 0.1629 -0.0710 0.9841
vn 0.0798 -0.4619 0.8834
vn 0.2466 -0.3818 0.8907
vn 0.1343 -0.0120 0.9909
vn 0.0694 -0.3088 0.9486
vn -0.0320 0.0273 0.9991
vn 0.0139 -0.1304 0.9914
vn 0.2347 0.0032 0.9721
vn -0.1030 -0.0237 0.9944
vn -0.0181 -0.2167 0.9761
vn -0.1412 -0.3014 0.9430
vn -0.1158 -0.2926 0.9492
vn -0.0124 -0.0175 0.9998
vn 0.0287 -0.1253 0.9917
vn -0.0502 -0.7485 0.6612
vn -0.3091 -0.4691 0.8273
vn -0.3697 -0.1982 0.9078
vn -0.1964 -0.1135 0.9739
vn -0.0491 0.0035 0.9988
vn 0.1096 0.0413 0.9931
vn 0.0342 -0.1781 0.9834
vn -0.2713 -0.0833 0.9589
vn -0.4982 -0.0754 0.8638
vn -0.4994 -0.3426 0.7958
vn -0.4964 -0.5177 0.6968
vn 0.0166 0.3126 0.9498
vn -0.2193 0.2239 0.9496
vn -0.5739 0.0787 0.8151
vn -0.6552 0.1252 0.7450
vn -0.6664 -0.4394 0.6024
vn -0.7280 0.2359 0.6438
vn -0.8350 -0.0947 0.5421
vn -0.7040 0.4163 0.5753
vn -0.8587 0.1597 0.4869
vn -0.6486 0.6058 0.4608
vn -0.5066 0.3274 0.7976
vn -0.4424 -0.0260 0.8964
vn -0.0914 -0.5427 0.8349
vn 0.5768 -0.2969 0.7610
vn 0.2303 -0.9479 0.2199
vn 0.7243 -0.5447 0.4227
vn -0.5899 -0.1587 0.7917
vn -0.6733 0.0095 0.7393
vn -0.2268 0.0454 0.9729
vn -0.2469 -0.5060 0.8264
vn -0.6159 -0.6638 0.4244
vn -0.3396 -0.9379 0.0705
vn -0.8740 -0.4034 0.2708
vn -0.4552 -0.8825 0.1184
vn -0.7641 -0.3680 0.5299
vn -0.2683 -0.9576 0.1050
vn -0.5584 -0.3810 0.7369
vn -0.2462 -0.9649 0.0911
vn -0.5904 -0.0266 0.8067
vn -0.5186 0.1338 0.8445
vn -0.0265 0.0669 0.9974
vn 0.1294 -0.5712 0.8106
vn 0.3023 -0.8942 0.3302
vn -0.5355 -0.7317 0.4218
vn -0.6982 -0.6609 0.2752
vn -0.3398 -0.9312 0.1316
vn -0.4677 -0.6836 0.5603
vn -0.3327 -0.4272 0.8407
vn -0.2145 -0.8621 0.4591
vn -0.0340 -0.4371 0.8988
vn -0.3928 0.1353 0.9096
vn -0.0394 -0.0402 0.9984
vn 0.3073 -0.6127 0.7282
vn 0.4146 -0.8704 0.2655
vn 0.1362 -0.9903 0.0293
vn 0.3129 -0.9417 -0.1237
vn 0.0084 -0.9886 -0.1504
vn -0.3783 -0.8639 0.3326
vn -0.1907 -0.9176 0.3489
vn -0.4479 -0.6904 0.5681
vn -0.2799 -0.8716 0.4024
vn -0.1506 -0.8847 0.4412
vn -0.0793 -0.8054 0.5874
vn 0.2397 -0.8825 0.4046
vn 0.0617 -0.5537 0.8304
vn 0.1661 -0.2142 0.9626
vn -0.0700 0.2058 0.9761
vn -0.4397 -0.7078 0.5529
vn -0.2808 -0.6995 0.6572
vn -0.1898 -0.8595 0.4747
vn -0.0594 -0.8945 0.4430
vn -0.1467 -0.6987 0.7002
vn 0.0860 -0.2527 0.9637
vn 0.2837 0.0293 0.9585
vn 0.2020 0.1438 0.9688
vn -0.0620 0.2023 0.9774
vn 0.1251 0.1871 0.9743
vn -0.0895 0.0085 0.9959
vn 0.2748 -0.1757 0.9453
vn 0.0975 -0.3984 0.9120
vn 0.2804 -0.6056 0.7447
vn -0.3440 -0.7810 0.5213
vn -0.4473 -0.5235 0.7252
vn -0.1975 -0.8193 0.5384
vn -0.0565 -0.6153 0.7863
vn -0.1356 -0.0035 0.9908
vn 0.1482 0.1338 0.9799
vn 0.1936 0.1369 0.9715
vn 0.2432 0.0149 0.9699
vn 0.2547 -0.0606 0.9651
vn 0.4180 -0.2786 0.8647
vn 0.1795 -0.0092 0.9837
vn 0.1926 -0.2533 0.9480
vn 0.1715 -0.3401 0.9246
vn -0.0867 0.0917 0.9920
vn 0.0126 0.2696 0.9629
vn -0.1062 0.4195 0.9015
vn -0.8872 0.0235 -0.4608
vn -0.8928 0.1194 -0.4344
vn -0.8918 0.2056 -0.4031
vn -0.9165 -0.0660 -0.3946
vn -0.9792 0.1502 -0.1365
vn -0.9594 -0.2805 0.0311
vn -0.9790 0.0273 0.2018
vn -0.7466 -0.3264 0.5797
vn -0.6087 -0.6657 0.4316
vn -0.2465 -0.4008 0.8824
vn -0.0577 -0.7631 0.6437
vn 0.2308 -0.5763 0.7839
vn 0.2286 -0.7500 0.6207
vn 0.0097 -0.6597 0.7515
vn 0.1554 -0.1680 0.9735
vn 0.4359 0.2660 0.8598
vn -0.9049 -0.1682 -0.3910
vn -0.7913 -0.4048 -0.4582
vn -0.7274 -0.6647 -0.1705
vn -0.3387 -0.9252 0.1714
vn 0.0545 -0.9084 0.4146
vn 0.3356 -0.7940 0.5070
vn 0.2972 -0.9162 0.2689
vn 0.3737 -0.8470 -0.3780
vn 0.6686 -0.7278 0.1527
vn -0.9362 -0.2342 -0.2620
vn -0.7090 0.4517 -0.5415
vn -0.8433 0.5375 0.0055
vn -0.9343 0.0078 -0.3563
vn -0.9684 0.2304 -0.0952
vn -0.8121 -0.5244 -0.2560
vn -0.6525 -0.6060 -0.4549
vn -0.5249 -0.6604 -0.5369
vn -0.5002 -0.8302 -0.2460
vn -0.1556 -0.9876 0.0196
vn 0.2215 -0.9381 0.2665
vn 0.5301 -0.7909 0.3058
vn -0.8040 -0.5730 -0.1587
vn -0.4469 -0.8516 0.2741
vn -0.1905 -0.8604 -0.4727
vn 0.0433 -0.9873 -0.1527
vn 0.1165 -0.9710 -0.2089
vn -0.0731 -0.6815 0.7282
vn -0.5692 -0.4395 0.6949
vn -0.2575 -0.2121 0.9427
vn -0.0956 -0.3566 0.9293
vn -0.3374 -0.8623 -0.3777
vn -0.2903 -0.6616 -0.6914
vn 0.1456 -0.0296 0.9889
vn 0.0821 -0.3076 0.9480
vn -0.1364 -0.1441 0.9801
vn 0.5351 -0.2262 0.8139
vn 0.1591 -0.9769 0.1425
vn -0.0295 -0.6166 0.7867
vn -0.3424 0.1995 0.9181
vn -0.4149 -0.1134 0.9028
vn -0.2591 -0.1561 0.9532
vn -0.2626 -0.1164 0.9579
vn -0.2548 -0.3886 0.8855
vn -0.2814 -0.3714 0.8848
vn -0.2963 -0.3397 0.8926
vn -0.5793 -0.4137 0.7023
vn 0.6935 -0.5272 0.4910
vn 0.5003 -0.8540 0.1428
vn 0.0871 -0.7706 0.6313
vn 0.1745 -0.6773 0.7147
vn -0.4325 -0.3806 0.8174
vn -0.2882 -0.5524 0.7822
vn -0.5626 -0.6492 0.5119
vn -0.4956 -0.5443 0.6768
vn -0.2239 -0.4005 0.8885
vn -0.2047 -0.2004 0.9581
vn -0.2362 -0.4241 0.8743
vn -0.2098 -0.3061 0.9286
vn -0.2746 -0.3937 0.8773
vn -0.5467 -0.3387 0.7658
vn -0.3589 -0.7092 0.6069
vn -0.0388 -0.9707 0.2372
vn -0.0938 -0.9858 0.1394
vn -0.5662 -0.7295 0.3838
vn -0.0444 -0.9940 -0.0999
vn -0.2695 -0.9571 -0.1065
vn -0.6871 -0.7183 0.1092
vn -0.1267 -0.5592 0.8193
vn -0.1485 -0.5151 0.8442
vn -0.0548 -0.6346 0.7709
vn -0.1215 -0.7668 0.6303
vn -0.0124 -0.9527 0.3036
vn -0.0669 -0.9784 0.1957
vn -0.0839 -0.9755 0.2033
vn 0.0430 -0.9329 0.3576
vn -0.0820 -0.8556 0.5112
vn -0.1579 -0.5916 0.7906
vn -0.0101 -0.9737 0.2277
vn -0.0842 -0.5968 0.7980
vn -0.0174 -0.9759 0.2175
vn 0.0056 -0.8067 0.5909
vn 0.0240 -0.9930 0.1160
vn 0.0648 -0.9178 0.3917
vn 0.0535 -0.9976 0.0444
vn -0.0842 -0.9479 0.3073
vn 0.0693 -0.8860 -0.4585
vn 0.2830 -0.6140 -0.7368
vn 0.0702 -0.9089 -0.4111
vn 0.1466 -0.9244 -0.3522
vn 0.1941 -0.9456 -0.2610
vn 0.1564 -0.9690 -0.1911
vn 0.1327 -0.9605 -0.2447
vn 0.0915 -0.9541 -0.2850
vn -0.3423 -0.9164 -0.2074
vn 0.1659 -0.9368 -0.3080
vn -0.3259 -0.9219 -0.2096
vn 0.2505 -0.9435 -0.2170
vn 0.4467 -0.1564 -0.8809
vn 0.2320 -0.5021 -0.8331
vn 0.1210 -0.7281 -0.6747
vn 0.1508 -0.7183 -0.6792
vn 0.3127 -0.7934 -0.5222
vn 0.3114 -0.8944 -0.3210
vn 0.2122 -0.9278 -0.3068
vn 0.2523 -0.8784 -0.4060
vn 0.4551 -0.8205 -0.3459
vn 0.5917 -0.7911 -0.1552
vn -0.8570 -0.5126 -0.0530
vn -0.7421 -0.6489 -0.1678
vn -0.6352 -0.7635 -0.1168
vn -0.3199 -0.9381 -0.1324
vn -0.3770 -0.9195 -0.1111
vn -0.2265 -0.9572 -0.1803
vn -0.4243 -0.8701 -0.2507
vn -0.1990 -0.9514 -0.2350
vn -0.6682 -0.7388 -0.0881
vn -0.3578 -0.9289 -0.0957
vn -0.8906 -0.4465 -0.0861
vn -0.8981 -0.4255 -0.1116
vn -0.8901 -0.4538 -0.0415
vn -0.9464 -0.3224 -0.0173
vn -0.9595 -0.2786 0.0429
vn -0.9990 -0.0087 0.0431
vn -0.9949 -0.0941 0.0360
vn -0.8383 -0.3976 0.3730
vn -0.6730 -0.5384 0.5071
vn -0.7299 -0.3622 0.5798
vn -0.8392 -0.3784 0.3906
vn -0.8852 -0.3555 0.3000
vn -0.7191 -0.4240 0.5506
vn -0.8250 -0.4333 0.3628
vn -0.9157 -0.1055 0.3878
vn -0.8642 -0.4526 0.2199
vn -0.8953 -0.1609 0.4153
vn -0.9326 0.0599 0.3560
vn -0.9596 -0.0245 0.2803
vn -0.9484 -0.3134 0.0482
vn -0.8135 -0.5816 -0.0000
vn -0.6104 -0.7911 -0.0392
vn -0.7860 -0.6166 0.0451
vn -0.5577 -0.8276 0.0634
vn -0.7175 -0.6612 0.2192
vn -0.8795 0.0413 -0.4741
vn -0.9026 -0.2925 -0.3158
vn -0.9282 0.1236 -0.3511
vn -0.9817 -0.0863 -0.1696
vn -0.8636 -0.4956 -0.0924
vn -0.9215 -0.3796 -0.0825
vn -0.9137 0.2221 -0.3402
vn -0.8549 0.2055 -0.4763
vn -0.9563 0.2181 -0.1949
vn -0.9939 0.1041 0.0365
vn -0.9758 0.0238 0.2173
vn -0.9983 0.0503 -0.0299
vn -0.9740 0.1268 -0.1879
vn -0.9064 0.1414 -0.3982
vn -0.8583 0.0566 -0.5100
vn -0.8585 0.1006 -0.5028
vn -0.8177 -0.0170 -0.5753
vn -0.8636 -0.1866 -0.4684
vn -0.9386 -0.2678 -0.2173
vn -0.8979 0.0904 -0.4309
vn -0.8535 -0.0138 -0.5208
vn -0.8093 0.0446 -0.5857
vn -0.8027 -0.0414 -0.5949
vn -0.8437 -0.0948 -0.5284
vn -0.8741 -0.1874 -0.4481
vn -0.8759 -0.3273 -0.3544
vn -0.9595 -0.2133 -0.1840
vn -0.9736 -0.2273 0.0225
vn -0.8887 -0.4423 -0.1207
vn -0.9116 -0.3944 0.1163
vn -0.8930 -0.3810 0.2396
vn -0.8502 -0.4564 0.2625
vn -0.2714 -0.9591 0.0797
vn -0.0858 -0.9963 0.0099
vn -0.9690 -0.0078 -0.2471
vn -0.9320 0.2252 -0.2840
vn -0.8905 0.2007 -0.4084
vn -0.9321 0.1803 -0.3140
vn -0.9770 0.1634 -0.1368
vn -0.9693 0.1972 -0.1469
vn -0.9489 -0.1233 -0.2907
vn -0.8241 -0.3933 -0.4076
vn -0.7839 -0.5445 -0.2983
vn -0.3290 -0.9443 -0.0065
vn -0.5837 -0.7893 0.1908
vn -0.7979 -0.5989 -0.0687
vn -0.4287 -0.8745 0.2270
vn -0.8860 -0.3223 0.3333
vn -0.9544 -0.2821 0.0979
vn -0.8716 -0.4514 -0.1913
vn -0.6978 -0.6819 -0.2195
vn -0.4736 -0.8552 -0.2107
vn -0.6225 -0.7249 -0.2948
vn -0.7559 -0.6262 -0.1909
vn -0.9721 0.0565 -0.2275
vn -0.9730 0.1535 -0.1726
vn -0.9804 -0.0408 -0.1927
vn -0.9857 -0.1344 -0.1015
vn -0.9853 -0.1515 -0.0785
vn -0.9291 -0.3589 0.0889
vn -0.9814 -0.0940 0.1672
vn -0.8739 0.4660 -0.1382
vn -0.4774 -0.6747 0.5629
vn -0.9329 0.3514 0.0785
vn -0.8920 0.1387 0.4303
vn -0.8423 -0.4531 0.2920
vn -0.8311 0.1613 0.5322
vn -0.7736 -0.4118 0.4817
vn -0.7357 0.2419 0.6326
vn -0.6446 0.4083 0.6463
vn -0.1427 0.9893 -0.0307
vn 0.2821 0.9280 -0.2435
vn -0.0318 0.9360 0.3506
vn 0.2427 0.8584 0.4519
vn -0.0067 0.8974 0.4412
vn -0.5560 0.7521 0.3539
vn -0.8702 -0.4903 0.0480
vn 0.8466 -0.5157 0.1318
vn 0.6362 -0.7684 0.0695
vn -0.1607 -0.9854 -0.0564
vn -0.7021 -0.1138 0.7030
vn -0.8486 0.0502 0.5266
vn -0.9048 -0.0983 0.4144
vn -0.9044 0.2092 0.3718
vn -0.9027 0.0322 0.4291
vn -0.9090 0.0996 0.4048
vn -0.9423 -0.1286 0.3091
vn -0.9268 0.3147 0.2052
vn -0.9652 -0.0964 0.2431
vn -0.9883 0.0933 0.1206
vn -0.9726 -0.2322 -0.0051
vn -0.8705 -0.4625 0.1680
vn -0.8623 -0.4349 0.2594
vn -0.5563 -0.7734 0.3040
vn -0.4987 -0.7141 0.4912
vn -0.6059 -0.6867 0.4016
vn -0.6719 -0.6129 0.4158
vn -0.9162 -0.2707 0.2954
vn -0.9481 0.0005 0.3180
vn -0.9314 -0.3352 0.1418
vn -0.9931 -0.1153 0.0193
vn -0.9782 -0.2074 -0.0114
vn -0.9584 -0.2244 -0.1766
vn -0.9150 -0.1713 -0.3653
vn -0.9414 -0.2489 -0.2274
vn -0.9231 -0.2755 -0.2683
vn -0.9601 -0.2788 -0.0223
vn -0.8882 -0.4481 0.1017
vn -0.6879 -0.6365 0.3488
vn -0.6919 -0.6225 0.3657
vn -0.8404 -0.4719 0.2664
vn -0.9234 -0.2913 0.2500
vn -0.9619 -0.2734 -0.0069
vn -0.8163 -0.5481 0.1822
vn -0.7678 -0.5852 0.2609
vn -0.9070 -0.4183 -0.0497
vn -0.8949 -0.2788 -0.3483
vn -0.8682 -0.2138 -0.4478
vn -0.8625 -0.0226 -0.5056
vn -0.8407 0.0893 -0.5341
vn -0.8903 0.2014 -0.4084
vn -0.8730 -0.3608 -0.3281
vn -0.8167 -0.2491 -0.5205
vn -0.8020 -0.1734 -0.5716
vn -0.7673 -0.1161 -0.6307
vn -0.7480 -0.0359 -0.6627
vn -0.7919 0.1251 -0.5977
vn -0.6858 0.0741 -0.7240
vn -0.7842 0.1473 -0.6028
vn -0.9393 0.3097 -0.1474
vn -0.7986 -0.0131 -0.6017
vn -0.6472 -0.0058 -0.7623
vn -0.8413 -0.0929 -0.5325
vn -0.6087 -0.4358 -0.6630
vn -0.6375 -0.0678 -0.7674
vn -0.4468 0.0510 -0.8932
vn -0.7953 -0.2398 -0.5568
vn -0.7533 -0.3615 -0.5493
vn -0.7837 -0.2111 -0.5842
vn -0.7511 -0.1969 -0.6302
vn -0.7248 -0.1525 -0.6718
vn -0.6966 -0.0704 -0.7140
vn -0.7548 -0.1328 -0.6424
vn -0.6648 -0.2089 -0.7172
vn -0.7674 -0.1900 -0.6123
vn -0.6809 -0.3091 -0.6640
vn -0.4137 -0.3712 -0.8313
vn -0.7784 -0.1768 -0.6024
vn -0.4981 -0.1600 -0.8522
vn -0.4290 -0.1329 -0.8935
vn -0.5580 0.0279 -0.8294
vn -0.6109 -0.0710 -0.7885
vn -0.5249 0.0723 -0.8481
vn -0.6032 0.0500 -0.7960
vn -0.2682 0.2056 -0.9412
vn -0.3884 0.2641 -0.8828
vn 0.0155 0.4052 -0.9141
vn -0.5635 0.2877 -0.7744
vn -0.6969 0.0716 -0.7136
vn -0.8874 0.2028 -0.4140
vn -0.9099 0.3992 -0.1128
vn -0.9123 0.3956 0.1062
vn -0.8498 0.4226 0.3151
vn -0.9491 0.1959 0.2465
vn -0.9712 0.0155 -0.2379
vn -0.5414 -0.3215 -0.7769
vn -0.7037 -0.2018 -0.6813
vn -0.8422 -0.1374 -0.5214
vn -0.8453 -0.3452 -0.4078
vn -0.9387 -0.2687 -0.2158
vn -0.9786 -0.2056 0.0055
vn -0.8961 -0.3522 -0.2700
vn -0.6447 -0.5419 -0.5391
vn -0.5887 -0.4669 -0.6599
vn -0.3170 -0.5417 -0.7785
vn -0.4000 -0.5027 -0.7663
vn -0.5136 -0.5536 -0.6555
vn -0.5578 -0.5669 -0.6062
vn -0.7124 -0.5356 -0.4536
vn -0.5048 -0.7012 -0.5035
vn -0.7951 -0.5914 -0.1344
vn -0.5741 -0.7282 -0.3744
vn -0.8407 -0.4867 -0.2372
vn -0.2364 -0.8917 -0.3859
vn -0.2012 -0.7307 -0.6524
vn 0.0492 -0.8698 -0.4909
vn -0.2457 -0.7462 -0.6187
vn -0.2313 -0.8373 -0.4954
vn -0.2793 -0.8564 -0.4343
vn 0.0064 -0.8956 -0.4447
vn 0.0093 -0.8549 -0.5187
vn 0.1910 -0.9104 -0.3670
vn 0.0517 -0.9475 -0.3157
vn -0.4804 -0.8768 0.0228
vn -0.8666 -0.4534 0.2084
vn -0.9182 -0.3952 -0.0263
vn -0.9674 -0.2446 -0.0659
vn -0.9675 -0.2517 0.0252
vn -0.9021 -0.4061 0.1458
vn -0.9221 -0.3827 -0.0579
vn -0.8960 -0.4218 -0.1384
vn -0.9302 -0.3371 -0.1450
vn -0.9224 -0.3121 0.2275
vn -0.7322 -0.6063 0.3105
vn -0.7319 -0.5179 0.4428
vn -0.8483 -0.5289 -0.0247
vn -0.8103 -0.4579 -0.3656
vn -0.7827 -0.5677 0.2553
vn -0.7333 -0.6144 0.2911
vn -0.7374 -0.6677 0.1024
vn -0.4658 -0.7186 0.5164
vn -0.6277 -0.5145 0.5842
vn -0.9902 -0.0845 0.1110
vn -0.6845 -0.6270 0.3720
vn -0.3016 -0.9372 -0.1752
vn -0.3150 -0.9341 -0.1681
vn -0.2210 -0.9707 0.0941
vn -0.2032 -0.9487 0.2423
vn -0.3541 -0.9181 -0.1779
vn -0.4377 -0.8961 0.0734
vn -0.7197 -0.6814 -0.1331
vn -0.6494 -0.7207 0.2425
vn -0.9470 0.1454 0.2864
vn -0.8068 -0.0239 0.5903
vn -0.8698 0.4631 0.1701
vn -0.8509 0.5251 0.0168
vn -0.1282 -0.9871 -0.0962
vn 0.0817 -0.9955 -0.0484
vn 0.5815 -0.0239 0.8132
vn -0.9994 -0.0044 0.0330
vn 0.6936 -0.6636 -0.2803
vn -0.0965 -0.9604 -0.2613
vn -0.4188 -0.8532 -0.3108
vn -0.4623 -0.8347 -0.2991
vn -0.4577 -0.8537 -0.2485
vn -0.8307 -0.5187 -0.2023
vn 0.9462 -0.1836 -0.2663
vn -0.9747 0.0119 0.2230
vn -0.9415 -0.1322 0.3100
vn -0.9464 -0.0604 0.3174
vn -0.9473 0.1514 0.2823
vn -0.8508 0.5055 0.1437
vn -0.9421 0.2958 0.1582
vn -0.9354 0.3532 0.0154
vn -0.9961 0.0870 0.0163
vn -0.9742 0.0200 0.2248
vn -0.9893 -0.0812 0.1211
vn -0.9415 -0.1297 0.3111
vn -0.9831 -0.1043 0.1502
vn -0.9413 -0.1398 0.3073
vn -0.9761 0.0248 0.2159
vn -0.9317 0.0612 0.3579
vn -0.9733 0.1150 -0.1986
vn -0.9155 0.3714 -0.1548
vn -0.8887 0.3393 -0.3085
vn -0.8264 0.3957 -0.4006
vn -0.8356 0.5086 -0.2076
vn -0.8214 0.5700 -0.0202
vn -0.7181 0.6920 0.0736
vn -0.7628 0.6437 -0.0617
vn -0.8142 0.5342 -0.2275
vn -0.8220 0.3896 -0.4154
vn -0.7859 0.2837 -0.5495
vn -0.9960 -0.0528 -0.0722
vn -0.9946 -0.0641 -0.0819
vn -0.9750 -0.0413 -0.2184
vn -0.9686 -0.0478 -0.2439
vn -0.9162 -0.0202 -0.4001
vn -0.9022 -0.0311 -0.4303
vn -0.9101 0.1397 -0.3902
vn -0.8334 0.2584 -0.4886
vn -0.8360 0.0968 -0.5401
vn -0.9983 0.0505 -0.0303
vn -0.9736 0.1293 -0.1880
vn -0.9064 0.1425 -0.3978
vn -0.8581 0.0558 -0.5104
vn -0.8465 0.0428 -0.5306
vn -0.8978 0.0904 -0.4310
vn -0.3979 0.6553 -0.6421
vn -0.1738 0.5898 -0.7887
vn 0.5884 0.6034 0.5381
vn 0.2046 0.9087 -0.3640
vn 0.8089 0.1638 0.5647
vn 0.4827 0.4215 -0.7677
vn -0.3622 0.3616 -0.8591
vn 0.5181 0.8552 0.0155
vn 0.8990 0.3518 -0.2609
vn 0.3618 -0.8610 0.3576
vn 0.1368 0.2775 0.9509
vn -0.2431 0.0196 0.9698
vn 0.0210 0.8678 0.4965
vn 0.1279 0.9459 0.2982
vn 0.4118 0.9066 -0.0922
vn -0.2287 0.9672 0.1109
vn -0.2906 0.9407 -0.1749
vn -0.3110 0.9469 0.0818
vn -0.3590 0.7154 0.5995
vn -0.3000 -0.5906 0.7491
vn -0.7356 -0.6312 0.2459
vn -0.0219 -0.3687 -0.9293
vn -0.0342 -0.6508 -0.7585
vn -0.0010 -0.9366 0.3503
vn 0.0612 -0.8430 0.5344
vn 0.1710 -0.5670 0.8057
vn 0.1178 -0.4974 0.8595
vn -0.0178 -0.4241 0.9054
vn -0.1560 -0.5082 0.8470
vn -0.1494 -0.6167 0.7729
vn -0.2392 -0.6766 0.6964
vn -0.1294 -0.9804 -0.1485
vn -0.4867 -0.5095 0.7095
vn -0.4611 -0.4460 0.7671
vn -0.2462 -0.3401 0.9076
vn -0.0457 -0.3682 0.9286
vn 0.0570 -0.6866 0.7248
vn -0.0490 -0.9105 0.4106
vn -0.0638 -0.8951 0.4412
vn -0.1885 -0.9630 0.1927
vn -0.3456 -0.4732 0.8103
vn -0.1178 -0.5605 0.8197
vn -0.1815 -0.9293 0.3217
vn -0.3043 -0.9412 0.1464
vn -0.1140 -0.9893 0.0915
vn -0.4891 0.3404 0.8030
vn -0.6429 0.6121 0.4605
vn 0.1339 0.3250 0.9362
vn 0.6078 -0.2792 0.7434
vn -0.5063 0.3168 0.8021
vn 0.1143 0.3271 0.9380
vn 0.7053 -0.5541 0.4422
vn 0.5929 -0.3038 0.7457
vn 0.1242 0.3104 0.9425
vn 0.8086 0.4199 0.4121
vn 0.6261 0.4783 0.6158
vn -0.3272 0.7571 -0.5654
vn -0.7833 0.0299 -0.6209
vn -0.8520 -0.0148 -0.5233
vn -0.7832 0.0286 -0.6212
vn -0.8090 0.0434 -0.5862
vn 0.5446 -0.4801 -0.6877
vn -0.1808 -0.2013 -0.9627
vn 0.6112 0.2602 -0.7475
vn -0.5964 -0.1905 -0.7797
vn -0.3223 0.7637 -0.5594
vn -0.6315 -0.1872 -0.7524
vn -0.6561 -0.0228 -0.7544
vn -0.7079 0.0908 -0.7004
vn -0.8434 0.1586 -0.5134
vn -0.4461 0.0075 -0.8950
vn -0.0207 -0.1357 -0.9905
vn -0.5897 -0.3025 -0.7488
vn -0.6735 -0.3603 -0.6455
vn -0.6495 -0.3151 -0.6920
vn -0.6596 -0.1978 -0.7251
vn -0.8869 0.0226 -0.4613
vn -0.8764 0.0373 -0.4802
vn -0.3032 -0.8477 -0.4353
vn -0.3848 -0.7321 -0.5621
vn -0.3319 -0.3636 -0.8704
vn -0.8494 0.4559 -0.2657
vn -0.9863 0.1536 0.0602
vn -0.3608 0.9322 0.0290
vn -0.4979 0.5810 0.6438
vn -0.1385 0.9900 -0.0272
vn -0.6461 0.4090 0.6444
vn -0.6519 -0.0882 -0.7531
vn -0.9004 -0.4045 -0.1603
vn -0.8371 0.3809 0.3926
vn -0.9629 0.0656 0.2617
vn -0.6250 0.1231 0.7708
vn -0.7085 -0.1092 0.6972
vn -0.8515 0.0499 0.5220
vn -0.9832 0.1764 0.0467
vn -0.9194 -0.3933 -0.0001
vn -0.6252 -0.6673 0.4048
vn -0.2369 -0.9697 0.0593
vn -0.5122 -0.4297 0.7436
vn -0.6145 -0.7251 0.3108
vn -0.2353 -0.9596 0.1544
vn 0.0524 -0.8787 -0.4745
vn -0.3707 -0.7776 -0.5078
vn -0.1241 -0.9473 -0.2954
vn -0.2845 -0.7513 -0.5956
vn -0.4956 -0.8684 -0.0189
vn -0.4595 -0.7652 -0.4508
vn -0.6941 -0.7026 -0.1569
vn -0.7236 -0.4358 -0.5352
vn -0.8347 -0.4069 -0.3712
vn -0.9624 0.2284 -0.1472
vn -0.9048 0.2067 0.3723
vn -0.9800 0.1247 -0.1550
vn -0.9427 0.2322 0.2396
vn -0.9084 0.0984 0.4063
vn -0.9273 0.3117 0.2071
vn -0.9315 0.3557 -0.0765
vn -0.9266 -0.0254 -0.3751
vn -0.9321 0.3524 -0.0837
vn -0.8772 0.3283 -0.3503
vn -0.8659 0.2266 -0.4459
vn -0.9520 -0.0729 -0.2972
vn -0.8679 -0.3942 -0.3023
vn -0.8040 -0.5871 -0.0939
vn -0.8580 -0.4791 -0.1851
vn -0.6711 -0.7404 -0.0363
vn -0.5597 -0.8120 -0.1656
vn -0.5762 -0.8141 -0.0727
vn -0.5594 -0.8262 0.0670
vn -0.6107 -0.7911 -0.0357
vn -0.9012 0.3122 -0.3006
vn -0.9883 0.1451 -0.0474
vn -0.9133 -0.3768 -0.1546
vn -0.9683 0.1432 0.2047
vn -0.9171 0.3772 0.1291
vn -0.6774 -0.7262 0.1177
vn -0.7363 -0.6075 0.2980
vn -0.8253 -0.4326 0.3629
vn -0.8636 -0.4518 0.2236
vn -0.2611 0.2658 0.9280
vn -0.3746 0.0401 0.9263
vn -0.7053 0.3324 0.6262
vn -0.7712 0.0069 0.6366
vn -0.8796 -0.4669 0.0914
vn -0.7823 -0.5910 -0.1968
vn -0.8572 -0.4897 0.1590
vn -0.7888 -0.4655 0.4015
vn -0.7702 -0.3052 0.5600
vn -0.8509 -0.2779 0.4459
vn -0.8336 -0.1593 0.5289
vn -0.7652 -0.1956 0.6133
vn -0.8971 -0.1230 0.4244
vn -0.3258 -0.5591 0.7624
vn -0.6469 -0.6124 0.4544
vn -0.7537 -0.6473 0.1140
vn -0.9383 -0.3438 -0.0385
vn -0.9660 -0.1888 0.1768
vn -0.9288 -0.1474 0.3402
vn -0.8856 -0.2317 0.4026
vn -0.8877 -0.1940 0.4175
vn -0.9310 -0.1532 0.3313
vn -0.9415 -0.1388 0.3071
vn -0.9416 -0.1292 0.3110
vn -0.9464 -0.0573 0.3179
vn -0.9711 -0.1319 0.1988
vn -0.8436 -0.4562 0.2834
vn -0.6117 -0.6726 0.4165
vn -0.3451 -0.7153 0.6076
vn -0.0464 -0.7157 0.6969
vn -0.0861 -0.5177 0.8512
vn -0.9604 -0.1326 0.2451
vn -0.7667 -0.2226 0.6022
vn -0.7730 -0.1487 0.6167
vn -0.4456 -0.2233 0.8669
vn -0.4053 -0.2316 0.8843
vn -0.5339 -0.2177 0.8171
vn -0.3895 -0.2897 0.8743
vn -0.1991 -0.4725 0.8585
vn -0.3934 -0.5691 0.7221
vn -0.5703 -0.4785 0.6677
vn -0.5148 -0.6453 0.5644
vn -0.6096 -0.4953 0.6190
vn -0.7380 -0.3104 0.5992
vn -0.7748 -0.1942 0.6016
vn -0.5981 -0.2824 0.7500
vn -0.7530 -0.2171 0.6211
vn -0.7883 -0.0917 0.6085
vn -0.9159 -0.1067 0.3871
vn -0.6091 -0.4250 0.6696
vn -0.6409 -0.3154 0.6998
vn -0.7030 -0.1835 0.6871
vn -0.6004 -0.1802 0.7791
vn -0.5775 -0.2375 0.7811
vn -0.5957 -0.1763 0.7836
vn -0.5896 -0.0369 0.8068
vn -0.7689 0.0248 0.6389
vn -0.9037 0.0126 0.4279
vn -0.9483 0.1536 0.2777
vn -0.5716 -0.1690 0.8030
vn -0.6013 -0.2148 0.7696
vn -0.5523 -0.1470 0.8206
vn -0.4947 -0.2022 0.8452
vn -0.5078 -0.2045 0.8369
vn -0.3749 -0.1930 0.9068
vn -0.3833 -0.0426 0.9227
vn -0.5236 -0.0452 0.8508
vn -0.4687 -0.1116 0.8763
vn -0.2778 -0.4279 0.8601
vn -0.0480 -0.2492 0.9673
vn -0.3040 0.2037 0.9307
vn -0.4285 0.0804 0.9000
vn -0.5012 -0.1447 0.8531
vn -0.5425 -0.2030 0.8152
vn -0.4986 0.5813 0.6430
vn -0.8347 0.3921 0.3867
vn -0.8404 0.4842 -0.2435
vn -0.8392 0.3773 0.3917
vn -0.6318 -0.0732 -0.7716
vn -0.8415 0.4866 -0.2348
vn -0.6368 -0.0795 -0.7670
vn -0.3515 -0.3586 -0.8648
vn -0.8445 0.4790 -0.2397
vn -0.9162 -0.1058 0.3866
vn -0.8960 -0.1603 0.4141
vn 0.8194 0.1267 -0.5590
vn 0.5014 -0.8547 -0.1346
vn 0.9222 0.2693 -0.2777
vn 0.2968 -0.8377 -0.4584
vn 0.4969 -0.8568 -0.1377
vn 0.9503 -0.3093 0.0354
vn 0.9244 0.2654 -0.2741
vn -0.4050 -0.9143 0.0020
vn 0.9265 -0.0069 -0.3763
vn -0.7238 -0.5804 0.3731
vn 0.9895 -0.0254 -0.1419
vn 0.9184 0.2722 -0.2872
vn 0.9524 -0.3033 0.0306
vn 0.9870 -0.0941 0.1305
vn 0.7501 -0.6234 0.2210
vn -0.8229 -0.4859 0.2946
vn -0.2792 -0.8911 0.3577
vn 0.7653 0.2409 -0.5970
vn -0.8113 0.1406 0.5674
vn -0.4692 0.7079 -0.5280
vn 0.5432 0.3306 -0.7718
vn -0.5109 0.0827 0.8557
vn 0.4666 0.4036 -0.7870
vn 0.3232 0.2692 -0.9072
vn 0.1803 0.2257 -0.9574
vn 0.3931 0.3352 -0.8562
vn 0.8156 0.1254 -0.5649
vn 0.5363 0.0922 -0.8389
vn 0.2499 -0.1036 -0.9627
vn 0.0716 -0.0268 -0.9971
vn -0.1203 -0.2053 -0.9713
vn -0.2919 -0.5905 0.7524
vn -0.0199 -0.3659 -0.9305
vn -0.0369 -0.6489 -0.7600
vn -0.0586 -0.6397 -0.7664
vn 0.0243 -0.7487 -0.6625
vn 0.2723 -0.6433 -0.7155
vn -0.2977 -0.5918 0.7491
vn 0.2901 -0.0969 0.9521
vn -0.3504 0.7126 0.6079
vn -0.3075 0.9481 0.0807
vn -0.1106 0.7902 -0.6027
vn -0.8757 -0.1921 0.4430
vn -0.2906 0.7719 -0.5654
vn -0.2858 0.9413 -0.1795
vn 0.0126 0.9527 -0.3036
vn -0.2279 0.9670 0.1136
vn 0.4158 0.9049 -0.0908
vn -0.1439 0.9716 0.1880
vn -0.7516 -0.1360 0.6455
vn -0.6297 -0.4735 0.6158
vn -0.6466 -0.1235 0.7528
vn -0.7539 -0.5611 0.3416
vn -0.9009 0.0914 0.4243
vn 0.4428 0.8640 0.2399
vn 0.1367 0.9446 0.2984
vn 0.7875 0.5215 0.3283
vn 0.0327 0.8688 0.4941
vn -0.8235 -0.2538 0.5074
vn 0.0138 0.8647 0.5021
vn -0.8196 -0.2628 0.5091
vn -0.8467 0.1547 0.5091
vn 0.2500 -0.1044 -0.9626
vn 0.2709 -0.6432 -0.7161
vn 0.5401 0.0982 -0.8358
vn 0.0634 -0.3445 -0.9367
vn 0.1905 -0.7855 -0.5889
vn 0.4984 0.3436 -0.7959
vn 0.7262 0.1454 -0.6720
vn 0.1888 -0.7866 -0.5878
vn 0.3961 -0.8523 -0.3415
vn 0.4922 0.3426 -0.8002
vn 0.7615 0.2502 -0.5979
vn 0.5458 0.0631 -0.8355
vn 0.4911 0.3457 -0.7996
vn 0.3306 0.0877 -0.9397
vn 0.0650 -0.3431 -0.9370
vn 0.0641 0.0690 -0.9956
vn -0.1440 -0.4649 -0.8736
vn -0.5922 -0.3743 0.7136
vn -0.5979 -0.7845 0.1648
vn -0.2596 -0.6719 -0.6936
vn -0.6678 -0.5549 0.4961
vn -0.3838 -0.9184 0.0963
vn -0.8208 0.1381 0.5542
vn -0.3780 0.4360 -0.8167
vn 0.8997 0.2820 -0.3330
vn -0.9616 0.0996 0.2557
vn -0.0845 0.9243 -0.3721
vn 0.9816 0.1587 -0.1062
vn 0.9356 0.0405 -0.3506
vn 0.7258 0.1557 -0.6700
vn 0.9698 -0.2287 -0.0849
vn 0.6610 -0.7123 -0.2363
vn 0.5416 -0.8404 -0.0198
vn 0.6385 -0.7637 0.0955
vn 0.9767 -0.1860 0.1075
vn 0.6356 -0.7690 0.0684
vn 0.8868 -0.3823 0.2599
vn 0.8470 -0.5152 0.1313
vn -0.8702 -0.4900 0.0522
vn -0.4872 0.3281 -0.8093
vn 0.9959 0.0831 0.0345
vn -0.8697 -0.4915 0.0460
vn -0.5596 0.7505 0.3515
vn -0.8863 0.1021 -0.4518
vn -0.0065 0.8990 0.4379
vn 0.6674 0.6456 0.3712
vn -0.7418 -0.6120 0.2742
vn 0.5857 0.6263 0.5144
vn 0.2522 0.8584 0.4466
vn 0.4211 0.8875 0.1871
vn -0.0297 0.9360 0.3506
vn 0.2859 0.9265 -0.2445
vn -0.0769 0.9599 0.2698
vn -0.7958 -0.1290 0.5917
vn -0.7822 -0.4502 0.4307
vn -0.6907 0.2705 0.6707
vn -0.5561 -0.5961 0.5792
vn -0.4306 -0.2296 0.8728
vn -0.0305 0.9421 -0.3340
vn -0.1395 0.9897 -0.0313
vn -0.0895 0.6680 -0.7388
vn -0.3562 0.9339 0.0300
vn -0.8292 0.0191 0.5586
vn -0.8350 0.0045 0.5502
vn -0.3677 0.9292 0.0374
vn -0.4575 -0.0801 0.8856
vn 0.6603 -0.7127 -0.2367
vn 0.9696 -0.2296 -0.0840
vn 0.9344 0.0270 -0.3551
vn 0.2945 -0.3245 0.8989
vn 0.5408 -0.1308 0.8309
vn 0.6460 -0.1777 0.7424
vn 0.7993 0.0714 0.5967
vn -0.1816 -0.9603 0.2119
vn -0.0530 -0.8848 0.4630
vn -0.1734 -0.9321 0.3180
vn -0.0393 -0.9027 0.4285
vn -0.4543 0.1105 -0.8840
vn -0.1892 -0.9508 -0.2453
vn -0.4346 -0.8864 0.1592
vn -0.1510 -0.9840 0.0945
vn -0.5075 -0.6600 0.5538
vn -0.2285 0.4790 0.8475
vn -0.0937 0.3728 0.9232
vn -0.2676 0.6432 0.7174
vn -0.1357 0.1607 0.9776
vn -0.2336 0.2997 0.9250
vn -0.3360 0.0115 0.9418
vn -0.6994 0.0286 0.7142
vn -0.2186 -0.0235 0.9755
vn -0.0677 0.0519 0.9964
vn -0.0870 0.4662 0.8804
vn -0.4305 0.1546 0.8892
vn -0.6146 -0.5153 0.5973
vn -0.2927 -0.1274 0.9477
vn -0.7601 -0.4441 0.4743
vn -0.3931 -0.3767 0.8388
vn -0.7073 -0.6505 0.2768
vn -0.5257 -0.6193 0.5831
vn -0.3497 -0.4858 0.8011
vn -0.6479 -0.5168 0.5596
vn -0.5330 -0.6384 0.5553
vn -0.4960 -0.6097 0.6183
vn -0.4986 -0.6335 0.5916
vn -0.4828 -0.8746 0.0454
vn -0.3101 -0.9002 0.3059
vn -0.3555 -0.7174 0.5992
vn -0.4376 -0.6104 0.6602
vn -0.5609 -0.6656 0.4923
vn -0.1942 -0.5366 0.8212
vn -0.5854 -0.6971 0.4139
vn -0.6560 -0.6936 0.2976
vn -0.5895 -0.6621 0.4627
vn -0.5915 -0.6337 0.4986
vn 0.0361 -0.3881 0.9209
vn -0.0312 -0.5018 0.8644
vn 0.3988 -0.2427 0.8843
vn 0.5628 -0.5304 0.6340
vn -0.4426 -0.1861 0.8772
vn -0.3089 -0.0294 0.9506
vn -0.3483 0.2095 0.9137
vn -0.5043 -0.2068 0.8384
vn -0.5620 0.0341 0.8264
vn -0.2709 0.1818 0.9453
vn -0.3704 -0.4273 0.8247
vn -0.2395 -0.2393 0.9409
vn -0.2184 -0.3348 0.9166
vn -0.4210 -0.2931 0.8584
vn -0.3620 -0.2741 0.8910
vn 0.1208 -0.4469 0.8864
vn 0.2279 -0.3995 0.8880
vn 0.3056 -0.2255 0.9251
vn 0.0987 -0.5188 0.8492
vn 0.3078 -0.4381 0.8446
vn 0.3648 -0.3746 0.8524
vn 0.4348 -0.3251 0.8398
vn 0.5652 -0.1501 0.8112
vn -0.0131 0.1435 0.9896
vn 0.4105 -0.2295 0.8825
vn 0.5996 -0.2287 0.7669
vn 0.3237 -0.3013 0.8969
vn 0.4509 -0.6254 0.6368
vn 0.4456 -0.3455 0.8259
vn 0.5983 -0.2886 0.7475
vn 0.4770 -0.3649 0.7996
vn 0.5335 -0.2896 0.7947
vn 0.4297 -0.4007 0.8092
vn 0.3538 -0.4303 0.8305
vn 0.3466 -0.5389 0.7678
vn 0.3806 -0.4097 0.8290
vn 0.4689 -0.5064 0.7237
vn 0.4095 -0.3949 0.8224
vn 0.5275 -0.4196 0.7387
vn 0.6687 -0.5658 0.4825
vn 0.3995 -0.3819 0.8334
vn 0.7766 -0.1686 0.6069
vn 0.7131 -0.5095 -0.4816
vn 0.6886 -0.1969 0.6979
vn 0.8643 -0.3894 0.3184
vn 0.7189 -0.1545 0.6778
vn 0.8896 0.2072 -0.4069
vn 0.5999 -0.4046 0.6902
vn 0.5817 0.6007 0.5484
vn 0.5664 -0.4011 0.7200
vn 0.5862 -0.2465 0.7718
vn 0.5396 -0.1341 0.8312
vn 0.5325 -0.4115 0.7397
vn 0.4865 -0.5169 0.7044
vn 0.4309 -0.5557 0.7110
vn 0.5545 -0.5077 0.6594
vn 0.8045 -0.2285 0.5483
vn 0.8489 -0.4283 0.3097
vn 0.8740 0.0862 0.4783
vn 0.0003 -0.0830 0.9965
vn 0.2055 0.0702 0.9761
vn -0.2240 0.3286 0.9175
vn 0.9624 0.0723 -0.2617
vn 0.8543 -0.3857 -0.3483
vn 0.9862 -0.0542 0.1566
vn 0.9412 0.2506 0.2264
vn 0.6527 0.1193 0.7482
vn -0.0286 0.3023 0.9528
vn -0.4132 0.3567 0.8379
vn -0.3883 0.1475 0.9097
vn -0.2281 -0.2214 0.9481
vn -0.0389 -0.3812 0.9237
vn 0.0047 -0.4431 0.8965
vn 0.1566 -0.5067 0.8478
vn 0.8536 0.3692 -0.3674
vn 0.8403 -0.0460 -0.5401
vn 0.6546 -0.4677 -0.5940
vn 0.7715 -0.0732 -0.6320
vn 0.6976 -0.0179 -0.7163
vn 0.5150 -0.3435 -0.7853
vn 0.4492 0.0965 -0.8882
vn 0.1277 0.1300 -0.9833
vn 0.5861 0.4148 -0.6960
vn 0.7444 0.3790 -0.5497
vn -0.4271 0.0848 0.9002
vn -0.6727 0.1588 0.7227
vn -0.6802 0.4427 0.5843
vn -0.6921 0.2548 0.6753
vn -0.7837 0.1390 0.6053
vn -0.8194 -0.1329 0.5577
vn -0.7682 -0.2318 0.5968
vn -0.7110 -0.4754 0.5181
vn -0.7292 -0.1458 0.6686
vn -0.7511 -0.1928 0.6314
vn -0.5017 -0.4888 0.7138
vn -0.2394 -0.7238 0.6472
vn 0.3116 -0.7001 0.6424
vn -0.0356 -0.8555 0.5166
vn 0.2305 -0.9667 0.1110
vn -0.2174 -0.9292 0.2989
vn -0.5200 -0.6952 0.4963
vn -0.7309 -0.4115 0.5444
vn -0.3871 -0.5613 0.7315
vn -0.6129 -0.6866 0.3911
vn -0.4063 -0.8927 0.1951
vn -0.4970 -0.8675 0.0190
vn -0.1429 -0.9570 -0.2526
vn 0.0238 -0.9426 -0.3330
vn 0.1618 -0.8965 -0.4124
vn 0.0629 -0.9768 -0.2047
vn 0.0881 -0.9961 0.0022
vn 0.2239 -0.9570 -0.1844
vn 0.3823 -0.9161 -0.1211
vn 0.5073 -0.8445 0.1714
vn 0.6204 -0.7042 0.3453
vn 0.5983 -0.6751 0.4317
vn 0.4752 -0.7145 0.5135
vn 0.4678 -0.8605 0.2019
vn 0.4226 -0.7227 0.5469
vn 0.3082 -0.8361 0.4539
vn 0.3319 -0.9307 0.1540
vn 0.3993 -0.9134 -0.0787
vn 0.2905 -0.9207 -0.2606
vn 0.2366 -0.9106 -0.3390
vn 0.2081 -0.9248 -0.3185
vn 0.0637 -0.9761 -0.2078
vn 0.4512 -0.6534 0.6078
vn 0.2444 -0.6923 0.6790
vn -0.1014 -0.7105 0.6963
vn 0.1584 -0.8530 0.4972
vn 0.2710 -0.9428 0.1940
vn 0.1913 -0.8004 0.5681
vn 0.1250 -0.9662 0.2254
vn -0.0045 -0.8063 0.5916
vn 0.0006 -0.6385 0.7697
vn 0.1248 -0.6463 0.7528
vn -0.2000 -0.5241 0.8278
vn -0.1524 -0.3835 0.9109
vn 0.0055 -0.5808 0.8140
vn -0.3056 -0.5372 0.7861
vn -0.4467 -0.3247 0.8337
vn -0.5734 -0.4556 0.6809
vn -0.5968 -0.3051 0.7421
vn -0.7590 -0.2972 0.5794
vn -0.7237 -0.4418 0.5301
vn -0.8478 -0.4053 0.3420
vn -0.6037 -0.6969 0.3870
vn -0.3563 -0.8023 0.4790
vn -0.0549 -0.9890 0.1377
vn -0.2694 -0.9607 0.0677
vn -0.6663 -0.7380 0.1068
vn -0.9036 -0.4254 0.0509
vn -0.9461 -0.2419 0.2152
vn -0.9676 -0.2403 -0.0774
vn -0.9587 -0.2833 -0.0253
vn -0.9679 -0.2508 0.0170
vn -0.9211 -0.3790 -0.0890
vn -0.8999 -0.4053 -0.1608
vn -0.8722 -0.4830 -0.0770
vn -0.8585 -0.4946 -0.1354
vn -0.8777 -0.4230 -0.2253
vn -0.9026 -0.4134 -0.1206
vn -0.9563 -0.2234 -0.1886
vn -0.8854 -0.2520 0.3905
vn -0.7882 -0.5460 0.2842
vn -0.8783 -0.4574 0.1390
vn -0.8424 -0.5381 0.0299
vn -0.7448 -0.6472 0.1626
vn -0.5822 -0.7164 0.3844
vn -0.6569 -0.7264 0.2020
vn -0.4800 -0.8283 0.2890
vn -0.7581 -0.6451 0.0951
vn -0.7643 -0.6420 -0.0606
vn -0.8549 -0.5186 -0.0163
vn -0.7675 -0.6317 0.1092
vn -0.7216 -0.6456 0.2500
vn -0.6678 -0.5620 0.4881
vn -0.4692 -0.6836 0.5591
vn -0.9926 0.1100 0.0513
vn -0.9847 0.1547 -0.0799
vn -0.9845 -0.0276 0.1734
vn -0.9286 0.0539 0.3671
vn -0.8610 0.0299 0.5077
vn -0.7466 0.1314 0.6522
vn -0.6537 0.0070 0.7568
vn -0.5308 -0.0054 0.8475
vn -0.3371 -0.7137 0.6140
vn -0.3630 -0.1369 0.9217
vn -0.2157 -0.6550 0.7242
vn -0.1176 -0.5826 0.8042
vn -0.7972 0.5757 0.1815
vn -0.8783 0.4781 0.0069
vn -0.7931 0.5606 0.2381
vn -0.6279 0.6722 0.3923
vn -0.5915 0.6048 0.5332
vn -0.4498 0.7551 0.4770
vn -0.5457 0.6039 0.5810
vn -0.4120 0.6396 0.6490
vn -0.2903 0.4707 0.8331
vn -0.9600 0.2799 0.0075
vn -0.6525 0.7147 0.2519
vn -0.5385 0.8113 0.2275
vn -0.4424 0.8253 0.3509
vn -0.2828 0.8583 0.4282
vn -0.2895 0.8911 0.3493
vn -0.3559 0.8710 0.3386
vn -0.3072 0.8011 0.5137
vn -0.2073 0.7482 0.6303
vn -0.9527 0.2916 -0.0856
vn -0.7427 0.6628 0.0958
vn -0.9071 0.4015 0.1263
vn -0.9764 0.1071 0.1875
vn -0.4014 0.6559 -0.6393
vn 0.5842 0.6019 0.5445
vn -0.5767 0.6563 -0.4865
vn -0.0110 0.1396 0.9902
vn 0.4851 0.4216 -0.7661
vn 0.0889 0.4759 -0.8750
vn 0.2054 0.9084 -0.3643
vn -0.4346 0.8949 -0.1011
vn 0.3233 0.5599 0.7629
vn -0.0777 0.2094 0.9748
vn -0.6814 0.7314 -0.0253
vn -0.0155 0.1500 0.9886
vn 0.3979 -0.3238 0.8584
vn 0.4054 -0.2292 0.8849
vn 0.3984 -0.2678 0.8772
vn 0.3178 -0.1147 0.9412
vn 0.3187 -0.3038 0.8979
vn 0.0695 -0.4704 0.8797
vn 0.4533 -0.6240 0.6365
vn 0.2163 -0.6540 0.7249
vn 0.1201 -0.7364 -0.6658
vn 0.7164 -0.5067 -0.4796
vn 0.7166 -0.5071 -0.4789
vn 0.4335 -0.2891 -0.8535
vn 0.7291 -0.6576 0.1895
vn 0.1579 -0.1579 0.9747
vn 0.3064 -0.1330 0.9426
vn 0.2894 -0.2712 0.9180
vn 0.3561 0.5608 0.7475
vn 0.1762 0.5292 0.8300
vn -0.2226 -0.0082 0.9749
vn 0.3408 -0.1392 0.9298
vn 0.3261 -0.1813 0.9278
vn 0.2774 -0.0654 0.9585
vn 0.4139 -0.2741 0.8680
vn 0.0346 -0.2997 0.9534
vn 0.8658 -0.4699 0.1717
vn 0.9090 -0.2091 0.3606
vn 0.4846 -0.1241 -0.8659
vn 0.8077 0.1549 0.5689
vn 0.1455 -0.0961 0.9847
vn -0.1998 -0.2808 0.9387
vn -0.0941 -0.1528 0.9838
vn -0.1153 0.3126 0.9429
vn 0.3271 0.5811 0.7452
vn 0.7103 0.4522 0.5394
vn 0.9229 -0.1800 0.3404
vn 0.8029 -0.1648 0.5728
vn 0.5652 -0.3993 0.7219
vn 0.1528 -0.3612 0.9199
vn 0.6572 -0.0438 0.7525
vn 0.2189 -0.5967 0.7720
vn 0.5984 0.1114 0.7934
vn 0.5073 -0.5701 0.6462
vn 0.7029 -0.5425 0.4600
vn 0.8736 -0.3025 0.3813
vn 0.5040 -0.1816 0.8444
vn 0.0909 -0.1485 0.9847
vn 0.4596 -0.1088 0.8814
vn 0.4582 -0.2947 0.8386
vn 0.2277 -0.2859 0.9308
vn 0.3431 -0.6179 0.7074
vn 0.6090 -0.6227 0.4913
vn 0.6221 0.4797 0.6188
vn 0.4376 0.4773 0.7620
vn -0.3247 0.7587 -0.5647
vn -0.9401 0.3042 -0.1535
vn 0.6043 0.2600 -0.7532
vn 0.9315 0.3310 0.1509
vn 0.8997 0.3504 -0.2601
vn 0.5171 0.8557 0.0189
vn 0.1311 0.8016 0.5833
vn -0.5915 0.7227 -0.3575
vn -0.9309 0.3585 -0.0702
vn -0.0198 0.6161 0.7874
vn -0.9400 0.3107 -0.1412
vn -0.7917 -0.1141 -0.6002
vn -0.8014 -0.0148 -0.5979
vn -0.8011 -0.0545 -0.5961
vn -0.8597 0.0948 -0.5019
vn -0.8452 -0.0972 -0.5255
vn -0.9026 -0.3021 -0.3066
vn -0.6015 -0.4494 -0.6605
vn -0.7475 -0.4874 -0.4513
vn 0.9206 -0.1998 -0.3356
vn 0.9375 -0.3266 -0.1198
vn -0.1785 -0.2035 -0.9627
vn 0.5397 -0.4826 -0.6897
vn 0.8761 -0.3675 -0.3121
vn 0.5681 -0.8151 -0.1137
vn -0.1225 -0.5093 -0.8519
vn -0.9327 0.0356 -0.3590
vn -0.8665 0.0764 -0.4932
vn -0.8656 -0.0667 -0.4962
vn -0.5705 0.7219 -0.3916
vn -0.6924 0.6817 -0.2366
vn -0.9912 0.1263 0.0396
vn -0.0512 -0.3063 -0.9505
vn -0.1898 -0.0152 -0.9817
vn 0.8759 -0.3466 -0.3357
vn -0.8480 0.0705 -0.5253
vn -0.9350 0.0963 -0.3414
vn -0.8786 0.1395 -0.4567
vn -0.8572 0.0280 -0.5143
vn -0.3599 0.3645 -0.8588
vn -0.9571 -0.1237 -0.2619
vn -0.7925 -0.0627 -0.6067
vn -0.7730 0.1094 -0.6249
vn -0.9552 0.0355 -0.2940
vn -0.8928 -0.0898 -0.4414
vn -0.7374 0.0370 -0.6745
vn -0.4314 -0.4410 -0.7870
vn -0.2267 -0.1043 -0.9684
vn -0.3715 -0.3517 -0.8593
vn -0.5966 -0.3763 -0.7088
vn -0.6312 0.3222 -0.7055
vn -0.7828 -0.4215 -0.4577
vn -0.7571 -0.0837 -0.6480
vn -0.6963 -0.4403 -0.5668
vn -0.9082 -0.1775 -0.3790
vn -0.4057 0.0553 -0.9123
vn -0.1602 0.0173 -0.9869
vn -0.3095 0.6308 -0.7115
vn -0.5733 0.7353 -0.3615
vn -0.8955 0.4450 -0.0085
vn -0.9936 0.0052 -0.1128
vn -0.5988 0.1786 -0.7807
vn -0.6361 -0.1899 -0.7479
vn -0.9887 -0.1483 -0.0207
vn -0.9745 0.0112 0.2240
vn -0.9487 0.1485 0.2791
vn -0.9443 0.2888 0.1579
vn -0.9461 -0.0616 0.3179
vn 0.3917 -0.8536 -0.3433
vn 0.9353 0.0295 -0.3527
vn 0.7253 0.1438 -0.6733
vn 0.6619 -0.7116 -0.2354
vn 0.8193 0.1311 -0.5581
vn 0.5351 0.1009 -0.8388
vn 0.3007 -0.8364 -0.4582
vn 0.2712 -0.6427 -0.7165
vn -0.7234 -0.6495 -0.2340
vn -0.8014 -0.5924 -0.0825
vn -0.4476 -0.8881 -0.1046
vn -0.3531 -0.9354 -0.0165
vn -0.9648 0.0659 0.2546
vn -0.6420 0.4461 0.6235
vn -0.8796 0.0629 0.4715
vn -0.8471 0.3167 0.4268
vn -0.7952 0.4179 0.4394
vn -0.7826 0.4214 0.4582
vn -0.7235 0.4752 0.5008
vn -0.7543 0.4660 0.4624
vn -0.8475 -0.4562 0.2714
vn -0.7893 -0.1830 0.5861
vn -0.8004 -0.1083 0.5896
vn -0.7444 -0.3821 0.5476
vn -0.6684 -0.6689 0.3252
vn -0.7583 -0.6513 -0.0275
vn -0.6466 -0.7362 -0.1999
vn -0.5023 -0.5148 0.6947
vn -0.7556 -0.3000 0.5822
vn -0.6849 -0.5367 0.4928
vn -0.9463 0.2994 0.1219
vn -0.9823 0.1639 -0.0910
vn -0.9883 0.0876 0.1251
vn -0.8941 0.3603 -0.2660
vn -0.8850 0.3182 -0.3399
vn -0.9609 0.2560 -0.1052
vn -0.9210 0.2174 0.3233
vn -0.7477 0.1725 0.6413
vn -0.7707 0.0054 0.6372
vn -0.4684 0.1396 0.8724
vn -0.3850 -0.0770 0.9197
vn -0.0551 0.1042 0.9930
vn -0.9725 -0.2327 0.0027
vn -0.9187 -0.2243 -0.3250
vn -0.0430 -0.0098 0.9990
vn -0.7890 -0.0748 -0.6098
vn -0.8981 0.4149 -0.1459
vn -0.9165 0.1745 -0.3601
vn -0.7433 -0.4335 -0.5095
vn -0.7892 -0.6045 -0.1081
vn -0.8706 -0.4597 0.1755
vn -0.5481 -0.7732 0.3189
vn -0.9104 -0.3584 -0.2066
vn -0.6423 -0.6423 0.4182
vn -0.5070 -0.7010 0.5016
vn -0.6642 -0.6072 0.4361
vn -0.8938 -0.4416 0.0782
vn -0.9287 -0.3042 0.2120
vn -0.7448 -0.5262 -0.4103
vn -0.9757 -0.0337 0.2163
vn -0.9492 -0.3142 -0.0145
vn -0.9931 -0.1170 -0.0077
vn -0.8161 -0.5491 -0.1803
vn -0.4241 -0.8819 -0.2059
vn -0.3809 -0.8998 -0.2128
vn -0.9975 -0.0645 0.0271
vn -0.9227 -0.3847 -0.0244
vn -0.9427 0.2769 0.1863
vn -0.9976 -0.0111 -0.0689
vn -0.8459 -0.4937 -0.2019
vn -0.8563 -0.5154 -0.0323
vn -0.2223 -0.9208 -0.3206
vn -0.1158 -0.9850 0.1278
vn -0.3615 -0.8178 -0.4478
vn 0.0429 -0.9784 -0.2020
vn -0.7006 -0.5191 -0.4896
vn -0.7110 -0.0244 -0.7028
vn -0.6802 -0.6555 -0.3280
vn -0.1303 -0.7477 -0.6512
vn -0.4098 -0.3459 -0.8440
vn -0.8191 -0.0413 -0.5722
vn -0.5838 -0.3443 -0.7352
vn -0.3486 -0.9316 -0.1030
vn 0.3539 -0.5344 -0.7675
vn -0.4588 -0.1231 -0.8800
vn -0.5054 -0.2214 -0.8340
vn -0.9386 0.1264 -0.3209
vn -0.9392 -0.1647 -0.3012
vn -0.9689 -0.2051 -0.1382
vn -0.5901 -0.5731 -0.5686
vn -0.3141 -0.5920 -0.7422
vn -0.1021 -0.6017 -0.7922
vn 0.3394 -0.8363 -0.4306
vn -0.3154 -0.8167 -0.4833
vn -0.0093 0.1413 0.9899
vn -0.6801 0.7328 -0.0224
vn -0.5776 0.6554 -0.4867
vn -0.4202 0.9021 -0.0980
vn -0.3990 0.6574 -0.6393
vn 0.6256 0.4771 0.6172
vn 0.1304 0.8054 0.5782
vn 0.4389 0.4766 0.7617
vn -0.0220 0.6164 0.7871
vn -0.9401 0.3049 -0.1528
vn 0.5407 -0.4833 -0.6885
vn -0.9966 0.0353 0.0743
vn -0.9997 0.0246 -0.0047
vn -0.9873 0.1347 -0.0841
vn -0.9757 0.0502 -0.2132
vn -0.4073 -0.9089 -0.0897
vn -0.9852 -0.0475 -0.1649
vn -0.8479 -0.4889 -0.2052
vn -0.9463 -0.2749 -0.1703
vn -0.9794 0.1933 -0.0585
vn -0.9518 0.2992 -0.0668
vn 0.0236 0.8647 0.5017
vn -0.8450 0.1598 0.5104
vn -0.2476 0.0398 0.9680
vn -0.5881 -0.7477 0.3086
vn 0.3591 -0.8587 0.3657
vn 0.7487 -0.6210 0.2320
vn -0.8200 -0.4904 0.2952
vn 0.2405 -0.9443 0.2246
vn 0.9513 -0.3069 0.0280
vn 0.5047 -0.8524 -0.1365
vn -0.3266 -0.9428 0.0668
vn 0.3083 -0.8321 -0.4610
vn -0.4372 -0.8937 0.1006
vn -0.2497 -0.9656 0.0727
vn 0.2760 -0.6354 -0.7211
vn -0.2354 -0.9705 0.0519
vn 0.0351 -0.7387 -0.6732
vn -0.1151 -0.9894 0.0881
vn -0.0577 -0.6379 -0.7679
vn -0.0358 -0.6497 -0.7594
vn 0.8883 0.2067 -0.4101
vn 0.2681 -0.2059 -0.9411
vn 0.8646 -0.3941 0.3118
vn 0.4583 -0.2710 -0.8465
vn -0.6969 0.5509 0.4592
vn -0.6153 0.6483 0.4485
vn -0.6556 0.5705 0.4946
vn -0.4835 0.6835 0.5468
vn -0.7473 0.4833 0.4561
vn -0.4984 0.2440 0.8319
vn -0.4648 0.5126 0.7219
vn -0.4727 0.4496 0.7579
vn 0.4842 -0.4164 0.7695
vn 0.4017 -0.5823 0.7068
vn 0.5980 -0.5298 0.6014
vn 0.6280 -0.2969 0.7193
vn 0.7569 -0.3474 0.5536
vn 0.6975 -0.3745 0.6110
vn 0.2925 -0.9473 -0.1306
vn 0.5799 -0.8040 -0.1319
vn 0.3389 -0.9296 -0.1449
vn 0.7783 -0.6039 -0.1719
vn 0.6714 -0.6847 -0.2835
vn 0.9238 -0.2226 -0.3116
vn -0.8299 -0.3870 0.4018
vn -0.9281 -0.0797 0.3638
vn -0.9316 0.0634 0.3579
vn -0.6847 -0.3861 -0.6182
vn -0.0397 -0.9432 -0.3297
vn -0.3060 -0.9401 -0.1499
vn -0.7038 -0.6717 -0.2310
vn 0.0099 -0.8827 -0.4699
vn -0.2878 -0.8416 -0.4570
vn -0.3559 -0.8778 -0.3207
vn -0.6441 -0.6477 -0.4069
vn -0.5985 -0.7116 -0.3679
vn -0.8364 -0.4946 -0.2361
vn -0.8036 -0.4842 -0.3460
vn -0.8727 -0.4288 -0.2335
vn 0.1793 -0.9811 -0.0726
vn 0.3256 -0.9413 -0.0895
vn -0.0230 -0.4101 0.9118
vn 0.0097 -0.1989 0.9800
vn -0.0499 0.1651 0.9850
vn -0.0383 -0.4728 0.8803
vn -0.0649 -0.5790 0.8127
vn -0.1385 -0.5184 0.8438
vn -0.2060 -0.4215 0.8831
vn -0.2325 -0.3851 0.8931
vn -0.4184 -0.5223 0.7430
vn -0.2038 -0.6280 0.7511
vn 0.1479 -0.6084 0.7797
vn -0.3757 -0.5489 0.7467
vn -0.5028 -0.6059 0.6164
vn -0.6569 -0.5984 0.4587
vn -0.3852 -0.7165 0.5816
vn -0.2554 -0.6504 0.7153
vn -0.0049 -0.6357 0.7719
vn -0.1126 -0.6730 0.7311
vn -0.1760 -0.7735 0.6088
vn -0.1603 -0.6277 0.7618
vn -0.3196 -0.7361 0.5966
vn -0.4166 -0.7696 0.4839
vn -0.8391 -0.5302 0.1215
vn -0.7254 -0.3953 0.5635
vn -0.6754 -0.5658 0.4730
vn -0.6682 -0.6680 0.3275
vn -0.7265 -0.6496 0.2242
vn -0.5597 -0.8264 0.0614
vn -0.5019 -0.8647 -0.0193
vn -0.5081 -0.8442 0.1707
vn -0.1361 -0.9469 -0.2912
vn 0.0596 -0.9821 -0.1788
vn 0.0449 -0.8815 -0.4700
vn -0.2341 -0.9599 0.1543
vn -0.3370 -0.8528 0.3990
vn -0.5131 -0.4280 0.7440
vn -0.7673 -0.3301 0.5499
vn -0.3910 -0.8755 0.2840
vn -0.2373 -0.9700 0.0536
vn -0.2460 -0.9670 0.0656
vn -0.2320 -0.9727 0.0063
vn -0.9745 -0.1713 0.1452
vn -0.9571 -0.2033 0.2063
vn 0.6394 -0.7656 0.0708
vn 0.6448 -0.7584 0.0956
vn -0.1560 -0.9859 -0.0611
vn 0.5525 -0.8332 -0.0243
vn -0.2251 -0.9743 0.0035
vn 0.6651 -0.7080 -0.2374
vn -0.2453 -0.9669 0.0699
vn 0.3980 -0.8500 -0.3451
vn -0.3860 -0.8767 0.2870
vn -0.2331 -0.9709 0.0543
vn 0.1907 -0.7854 -0.5889
vn 0.0631 -0.3472 -0.9357
vn -0.3055 -0.8403 -0.4479
vn -0.1462 -0.4715 -0.8697
vn -0.3956 -0.7308 -0.5562
vn -0.5944 -0.7841 0.1783
vn -0.9846 0.1607 0.0689
vn -0.4538 -0.0724 0.8881
vn -0.3673 0.9297 0.0265
vn -0.9458 -0.0523 0.3205
vn -0.9797 0.0437 0.1957
vn -0.9672 -0.1739 0.1854
vn -0.8571 -0.3635 0.3651
vn -0.9455 -0.3040 0.1170
vn -0.9902 -0.1112 0.0840
vn -0.9810 0.0551 0.1862
vn -0.4775 0.7036 -0.5262
vn -0.8087 0.1388 0.5716
vn -0.7396 0.1948 0.6443
vn -0.8367 0.1855 0.5152
vn -0.4068 -0.9135 0.0069
vn -0.9151 0.1390 0.3785
vn -0.7245 -0.5783 0.3752
vn -0.2757 -0.8910 0.3607
vn -0.9958 -0.0754 0.0528
vn -0.9598 -0.2806 -0.0063
vn -0.8932 -0.4424 0.0807
vn -0.8290 -0.4409 0.3439
vn -0.7906 -0.5021 0.3504
vn -0.7167 -0.4112 0.5632
vn -0.8186 -0.4872 0.3042
vn -0.9655 -0.2593 -0.0234
vn -0.8957 -0.4420 -0.0486
vn -0.8144 -0.5753 0.0755
vn -0.7217 -0.5718 0.3900
vn -0.6588 -0.6201 0.4259
vn -0.6560 -0.6133 0.4399
vn -0.6096 -0.7569 0.2354
vn -0.5246 -0.7821 0.3362
vn -0.5283 -0.8373 0.1407
vn -0.3963 -0.8838 0.2488
vn -0.7524 -0.5633 0.3415
vn -0.7485 -0.1361 0.6490
vn -0.3338 -0.8704 0.3618
vn -0.5815 -0.8112 -0.0616
vn -0.8946 0.1030 0.4349
vn -0.6768 -0.7346 0.0493
vn -0.6929 -0.7058 0.1472
vn -0.7978 -0.6014 -0.0431
vn -0.8930 -0.4401 -0.0944
vn -0.9469 -0.2343 -0.2202
vn -0.5738 -0.7503 0.3284
vn -0.8711 -0.4299 -0.2374
vn -0.8326 0.1595 0.5304
vn -0.8132 -0.2536 0.5238
vn -0.7900 -0.6015 -0.1187
vn -0.6299 -0.4691 0.6190
vn -0.2066 -0.8887 0.4094
vn -0.6486 -0.1187 0.7519
vn -0.1274 -0.7557 0.6424
vn -0.8759 -0.1916 0.4429
vn 0.0190 -0.5719 0.8201
vn 0.3033 -0.0986 0.9478
vn 0.2502 -0.2911 0.9234
vn -0.3016 -0.5926 0.7469
vn 0.3956 0.3333 -0.8558
vn -0.1383 -0.1432 0.9800
vn 0.4723 0.4015 -0.7847
vn -0.3761 -0.0457 0.9255
vn -0.5123 0.0833 0.8548
vn -0.5145 0.0807 0.8537
vn -0.6218 0.1463 0.7694
vn -0.0926 -0.3512 0.9317
vn -0.2096 -0.4123 0.8866
vn -0.2701 -0.2131 0.9390
vn -0.3954 -0.0613 0.9165
vn -0.5821 -0.0129 0.8130
vn -0.6661 0.0471 0.7444
vn -0.7517 0.0566 0.6571
vn -0.8339 0.0751 0.5468
vn -0.8994 0.0332 0.4359
vn -0.2742 -0.2118 0.9381
vn -0.4695 -0.1257 0.8739
vn -0.6811 -0.2072 0.7022
vn -0.7323 -0.1572 0.6626
vn -0.7627 -0.1618 0.6262
vn -0.7796 -0.1625 0.6048
vn -0.8260 -0.1749 0.5358
vn -0.8591 -0.2310 0.4566
vn -0.8636 -0.3003 0.4051
vn -0.6118 -0.3275 0.7200
vn -0.3848 -0.3026 0.8720
vn -0.2193 -0.3872 0.8955
vn -0.1800 -0.5348 0.8256
vn -0.1950 -0.5665 0.8007
vn -0.1904 -0.6738 0.7140
vn -0.3177 -0.5468 0.7747
vn -0.3474 -0.4344 0.8310
vn -0.5609 -0.4248 0.7105
vn -0.5618 -0.4273 0.7083
vn -0.5473 -0.4725 0.6908
vn -0.5474 -0.5394 0.6398
vn -0.5674 -0.6130 0.5498
vn -0.3873 -0.7499 0.5363
vn -0.4271 -0.7833 0.4518
vn -0.3316 -0.6588 0.6753
vn -0.2532 -0.7851 0.5653
vn -0.5898 -0.6232 0.5136
vn -0.8549 -0.1050 -0.5081
vn -0.9728 -0.1741 -0.1527
vn -0.4865 0.3281 -0.8098
vn -0.8644 -0.4321 -0.2573
vn -0.9545 -0.2975 -0.0205
vn -0.8815 -0.4709 -0.0358
vn -0.8765 -0.4760 -0.0717
vn -0.9529 -0.3030 -0.0126
vn -0.8949 -0.4407 0.0707
vn -0.9416 -0.3089 0.1339
vn -0.8550 -0.4037 0.3256
vn -0.8647 -0.3632 0.3471
vn -0.9683 -0.1740 0.1789
vn -0.9884 -0.1311 0.0768
vn -0.9841 0.0251 0.1761
vn -0.9938 -0.0837 0.0725
vn -0.8691 0.0990 -0.4847
vn -0.8675 -0.4949 0.0508
vn -0.7387 -0.6155 0.2747
vn -0.7808 -0.6209 -0.0690
vn -0.7942 -0.6049 -0.0574
vn -0.7966 -0.6031 0.0425
vn -0.8089 -0.4887 0.3267
vn -0.7344 -0.4220 0.5315
vn -0.8770 -0.3410 0.3386
vn -0.9648 -0.0764 0.2516
vn -0.9335 0.1366 0.3316
vn -0.9619 0.0987 0.2550
vn -0.3745 0.4375 -0.8175
vn -0.7278 -0.5909 0.3481
vn -0.7121 -0.6930 0.1130
vn -0.6932 -0.7197 0.0391
vn -0.5602 -0.8276 -0.0365
vn -0.6897 0.2739 0.6703
vn -0.7867 -0.4482 0.4245
vn -0.5233 -0.8420 0.1311
vn -0.7966 -0.1308 0.5902
vn -0.4078 -0.8829 0.2327
vn -0.5531 -0.5959 0.5823
vn -0.3382 -0.8611 0.3796
vn -0.1665 -0.8850 0.4348
vn -0.4437 -0.2175 0.8694
vn -0.0624 -0.7559 0.6517
vn -0.6837 -0.6225 0.3808
vn -0.6249 -0.7525 0.2079
vn -0.6484 -0.6283 0.4300
vn -0.6242 -0.6275 0.4654
vn -0.5849 -0.6157 0.5281
vn -0.5583 -0.5708 0.6020
vn -0.3925 -0.7512 0.5306
vn -0.4505 -0.7848 0.4255
vn -0.5515 -0.7727 0.3143
vn -0.2787 -0.7841 0.5545
vn -0.3390 -0.6746 0.6557
vn -0.5548 -0.5049 0.6613
vn -0.5604 -0.4419 0.7005
vn -0.3153 -0.5519 0.7720
vn -0.2013 -0.6725 0.7122
vn -0.3641 -0.0264 0.9310
vn -0.5269 0.0533 0.8483
vn -0.4063 -0.0693 0.9111
vn -0.5944 -0.0262 0.8037
vn -0.4759 -0.1532 0.8661
vn -0.6951 -0.2129 0.6866
vn -0.6188 -0.3193 0.7178
vn -0.5872 -0.3675 0.7212
vn -0.3444 -0.4240 0.8376
vn -0.2110 -0.5346 0.8183
vn -0.1473 -0.5671 0.8103
vn 0.0071 -0.6244 0.7811
vn -0.0267 -0.3824 0.9236
vn -0.2277 -0.4191 0.8789
vn -0.2755 -0.2370 0.9316
vn -0.3955 -0.2948 0.8699
vn -0.2952 -0.2289 0.9276
vn -0.2412 -0.3779 0.8939
vn -0.8396 0.0200 0.5429
vn -0.4700 -0.0772 0.8793
vn -0.5989 -0.7850 0.1581
vn -0.5942 -0.3747 0.7117
vn -0.2595 -0.6712 -0.6944
vn -0.6679 -0.5545 0.4964
vn -0.6291 0.1489 0.7629
vn -0.3848 -0.9181 0.0954
vn -0.7532 0.1922 0.6291
vn -0.8214 0.1410 0.5527
vn -0.8474 0.1864 0.4971
vn -0.8507 0.0690 0.5211
vn -0.9067 0.0264 0.4209
vn -0.8735 -0.2752 0.4015
vn -0.8428 -0.1893 0.5039
vn -0.8083 -0.1765 0.5618
vn -0.7339 -0.1777 0.6556
vn -0.7458 -0.1952 0.6369
vn -0.7617 0.0547 0.6456
vn -0.6649 0.0031 0.7469
vn -0.9950 0.0112 -0.0988
vn -0.0840 0.9241 -0.3727
vn -0.9755 0.0412 0.2162
vn 0.3832 -0.8926 0.2377
vn 0.7857 0.0187 0.6183
vn 0.5322 -0.4447 0.7204
vn -0.6691 -0.7025 -0.2424
vn -0.7297 -0.6811 0.0608
vn -0.9829 0.1325 0.1277
vn -0.7907 -0.2217 0.5706
vn -0.5669 0.2487 0.7853
vn -0.0664 -0.6740 0.7357
vn 0.1228 0.1748 0.9769
vn 0.5713 0.1799 0.8008
vn 0.6502 0.3358 0.6816
vn 0.7174 -0.6013 0.3517
vn 0.3833 -0.8925 0.2376
vn -0.5904 0.5846 0.5565
vn -0.8817 0.4606 0.1027
vn -0.3424 0.8966 0.2809
vn 0.0155 0.8300 0.5575
vn 0.0345 0.8835 0.4672
vn 0.4016 0.6256 0.6688
vn 0.0608 0.4705 0.8803
vn -0.9240 0.2163 -0.3154
vn -0.6691 -0.7025 -0.2425
vn -0.6688 0.7389 -0.0817
vn -0.4184 0.8985 0.1329
vn 0.0433 0.5972 0.8009
vn 0.7681 -0.0254 0.6398
vn 0.5024 -0.3019 0.8102
vn 0.9408 -0.0213 0.3382
vn 0.9822 -0.0736 0.1729
vn 0.8951 0.1161 -0.4305
vn 0.8333 -0.0800 -0.5470
vn 0.3192 -0.1183 -0.9403
vn -0.0956 0.2667 -0.9590
vn -0.4720 -0.0134 -0.8815
vn -0.3900 -0.7488 -0.5360
vn -0.7149 -0.4021 -0.5720
vn -0.7744 -0.4879 0.4029
vn 0.1946 -0.5223 -0.8303
vn 0.8638 -0.4006 -0.3055
vn 0.5616 -0.7772 0.2839
vn 0.0526 -0.8328 0.5511
vn 0.9687 0.2469 -0.0236
vn 0.7819 0.1211 0.6115
vn 0.0615 0.3638 0.9294
vn 0.0311 0.3215 0.9464
vn 0.9507 0.3085 -0.0322
vn -0.7034 0.2869 -0.6504
vn -0.7320 0.1129 -0.6719
vn -0.2908 -0.8235 -0.4872
vn -0.6556 -0.5590 -0.5076
vn -0.8191 0.0951 -0.5657
vn -0.6691 -0.7026 -0.2424
vn -0.7508 0.5141 -0.4148
vn -0.7640 0.6405 0.0772
vn -0.8524 0.4227 0.3079
vn -0.9611 0.2087 -0.1808
vn -0.8168 0.3285 -0.4742
vn -0.7638 0.4251 -0.4856
vn -0.7458 0.2100 -0.6321
vn -0.1821 0.3154 -0.9313
vn 0.6504 0.4390 -0.6199
vn -0.1412 0.3043 -0.9421
vn -0.9482 -0.1813 -0.2608
vn -0.3216 -0.9113 -0.2570
vn -0.7738 -0.6329 -0.0262
vn 0.5496 -0.8086 0.2101
vn 0.5351 0.1745 0.8266
vn 0.4880 -0.1757 0.8550
vn -0.0309 0.1489 0.9884
vn -0.1329 -0.5877 0.7981
vn -0.7961 -0.0187 0.6049
vn -0.4392 -0.8172 0.3732
vn -0.7714 -0.6359 -0.0255
vn -0.9983 -0.0491 0.0312
vn -0.9462 -0.1954 -0.2578
vn -0.9896 0.1111 -0.0915
vn -0.8950 0.4295 0.1206
vn -0.5793 0.7539 0.3099
vn -0.6516 0.6866 0.3224
vn -0.3061 0.8283 0.4693
vn -0.8108 0.3598 0.4617
vn -0.2638 0.4856 0.8334
vn 0.3799 0.3931 0.8373
vn 0.7713 0.3321 0.5429
vn 0.5526 -0.8058 0.2127
vn 0.2484 0.7849 0.5677
vn 0.6495 0.6582 0.3806
vn 0.9137 0.2908 0.2838
vn 0.9153 0.3562 0.1878
vn 0.7017 0.6230 0.3456
vn 0.8686 0.4517 0.2036
vn 0.8390 0.4481 0.3085
vn 0.7768 0.4776 -0.4104
vn 0.8157 0.4987 -0.2931
vn 0.1046 0.5213 -0.8469
vn -0.1464 0.1521 -0.9775
vn -0.5206 0.1865 -0.8332
vn -0.7726 -0.1467 -0.6177
vn -0.9396 -0.0707 -0.3349
vn -0.9370 -0.2152 -0.2752
vn 0.9476 -0.1209 0.2958
vn 0.5507 -0.8074 0.2118
vn 0.7918 -0.6088 -0.0492
vn 0.9538 -0.1997 0.2247
vn 0.9751 0.2005 -0.0951
vn 0.6225 0.0680 -0.7797
vn 0.0136 -0.0106 -0.9999
vn -0.6606 -0.1659 -0.7322
vn -0.8614 -0.5070 0.0303
vn -0.5595 -0.7230 -0.4052
vn -0.3155 -0.9149 -0.2517
vn -0.3770 -0.8545 -0.3573
vn -0.2847 -0.9325 0.2221
vn -0.1408 -0.3794 -0.9144
vn 0.6774 -0.3391 -0.6527
vn 0.8149 -0.5788 -0.0283
vn 0.2352 -0.5026 0.8319
vn -0.7969 0.3810 0.4688
vn -0.0581 0.8807 0.4700
vn 0.3266 0.6982 0.6371
vn 0.7204 0.4808 0.4999
vn 0.5799 0.3200 0.7492
vn 0.7997 0.5022 -0.3292
vn -0.4961 0.2355 -0.8357
vn 0.0103 0.3612 0.9324
vn -0.8780 0.0977 0.4687
vn -0.8754 0.1067 0.4715
vn 0.4887 -0.1714 0.8554
vn -0.1320 -0.5869 0.7988
vn 0.5526 -0.8059 0.2126
vn -0.4382 -0.8177 0.3734
vn -0.7736 -0.6331 -0.0258
vn -0.3215 -0.9116 -0.2562
vn -0.1463 -0.4001 -0.9047
vn 0.6673 -0.3461 -0.6595
vn -0.3647 -0.8647 -0.3455
vn 0.8141 -0.5798 -0.0326
vn -0.2645 -0.9363 0.2309
vn 0.2485 -0.4839 0.8391
vn -0.8615 -0.5049 0.0540
vn 0.9526 -0.2221 0.2081
vn -0.5624 -0.7218 -0.4034
vn 0.7679 -0.6385 -0.0508
vn 0.9461 -0.1283 0.2974
vn -0.7906 -0.2218 0.5708
vn -0.7298 -0.6809 0.0608
vn -0.0664 -0.6739 0.7358
vn -0.6693 -0.7023 -0.2425
vn 0.3832 -0.8926 0.2376
vn -0.6555 -0.5590 -0.5077
vn 0.7175 -0.6012 0.3517
vn -0.7150 -0.4021 -0.5720
vn 0.5023 -0.3020 0.8103
vn -0.7743 -0.4879 0.4030
vn 0.0526 -0.8328 0.5510
vn -0.3900 -0.7487 -0.5361
vn 0.5618 -0.7770 0.2839
vn 0.1945 -0.5223 -0.8303
vn 0.8637 -0.4008 -0.3055
vt 0.521693 1.629290
vt 0.490898 1.633930
vt 0.519514 1.607301
vt 0.465820 1.646340
vt 0.459961 1.634620
vt 0.450195 1.658060
vt 0.450195 1.648290
vt 0.565104 1.654150
vt 0.545898 1.639990
vt 0.544922 1.613130
vt 0.545898 1.651711
vt 0.400065 1.591000
vt 0.395508 1.591650
vt 0.393055 1.585940
vt 0.389648 1.595560
vt 0.406250 1.590870
vt 0.411523 1.595750
vt 0.420508 1.591260
vt 0.420843 1.583781
vt 0.428711 1.593601
vt 0.424805 1.601420
vt 0.434570 1.595560
vt 0.432617 1.603370
vt 0.656250 1.643410
vt 0.653809 1.682961
vt 0.625977 1.665870
vt 0.652344 1.783060
vt 0.639648 1.749851
vt 0.688477 1.749851
vt 0.639853 1.750180
vt 0.625000 1.785340
vt 0.654297 1.826020
vt 0.645405 1.715180
vt 0.697405 1.709800
vt 0.609168 1.720900
vt 0.593471 1.707300
vt 0.602214 1.695170
vt 0.611741 1.742530
vt 0.593750 1.730970
vt 0.577846 1.717630
vt 0.616211 1.826020
vt 0.653212 1.866930
vt 0.604492 1.876810
vt 0.616211 1.906101
vt 0.663194 1.923790
vt 0.624023 1.937351
vt 0.651042 1.974571
vt 0.628255 1.985860
vt 0.577148 1.945170
vt 0.590061 1.985200
vt 0.524414 1.949070
vt 0.531250 1.970230
vt 0.485547 1.945360
vt 0.504883 1.919770
vt 0.530273 1.917820
vt 0.506836 1.891450
vt 0.566406 1.855570
vt 0.565430 1.883150
vt 0.571289 1.911960
vt 0.530762 1.889500
vt 0.530762 1.866060
vt 0.530924 1.848161
vt 0.566895 1.841770
vt 0.567383 1.827981
vt 0.604796 1.801991
vt 0.508301 1.868020
vt 0.509766 1.850111
vt 0.510417 1.830261
vt 0.530599 1.829280
vt 0.567383 1.810400
vt 0.586032 1.774091
vt 0.601237 1.760600
vt 0.487956 1.849460
vt 0.492839 1.828950
vt 0.508789 1.814310
vt 0.537598 1.810400
vt 0.561849 1.785661
vt 0.554688 1.764830
vt 0.569987 1.739110
vt 0.575846 1.704280
vt 0.563811 1.717340
vt 0.563895 1.705630
vt 0.559946 1.710120
vt 0.589007 1.686380
vt 0.555214 1.698390
vt 0.548978 1.710260
vt 0.543945 1.702490
vt 0.536589 1.711960
vt 0.545227 1.716470
vt 0.553636 1.715370
vt 0.551082 1.719880
vt 0.523158 1.708140
vt 0.531529 1.696700
vt 0.547138 1.693780
vt 0.560547 1.690840
vt 0.575000 1.692240
vt 0.563895 1.673260
vt 0.539063 1.689170
vt 0.518973 1.685540
vt 0.517857 1.692791
vt 0.511719 1.705910
vt 0.541124 1.718820
vt 0.534766 1.715870
vt 0.523717 1.714000
vt 0.510367 1.711620
vt 0.491211 1.705910
vt 0.492089 1.711210
vt 0.466797 1.708930
vt 0.469993 1.712830
vt 0.453658 1.713010
vt 0.455433 1.715670
vt 0.442707 1.717130
vt 0.438480 1.715801
vt 0.440515 1.718601
vt 0.443073 1.718200
vt 0.456421 1.723240
vt 0.445174 1.718470
vt 0.491769 1.694060
vt 0.459961 1.702981
vt 0.434152 1.715120
vt 0.435981 1.719580
vt 0.454545 1.726681
vt 0.472754 1.721830
vt 0.470348 1.729880
vt 0.492480 1.720070
vt 0.489879 1.729700
vt 0.509995 1.720040
vt 0.508700 1.729700
vt 0.525850 1.721761
vt 0.492362 1.688920
vt 0.452148 1.699070
vt 0.428711 1.712740
vt 0.429553 1.719560
vt 0.447700 1.733900
vt 0.450738 1.731520
vt 0.468967 1.736720
vt 0.488002 1.738830
vt 0.508092 1.738830
vt 0.526259 1.728480
vt 0.526910 1.734550
vt 0.534288 1.727180
vt 0.438477 1.697120
vt 0.424805 1.710790
vt 0.422852 1.720560
vt 0.444894 1.735400
vt 0.465712 1.743230
vt 0.467014 1.740410
vt 0.486979 1.742800
vt 0.486328 1.745410
vt 0.463759 1.745840
vt 0.485460 1.748010
vt 0.477214 1.762220
vt 0.450195 1.753760
vt 0.432617 1.740090
vt 0.441207 1.736750
vt 0.416992 1.720560
vt 0.418945 1.708840
vt 0.428711 1.695170
vt 0.485352 1.747900
vt 0.506104 1.761820
vt 0.469727 1.775240
vt 0.440430 1.757670
vt 0.418945 1.740090
vt 0.407227 1.720560
vt 0.409180 1.708840
vt 0.413086 1.695170
vt 0.424805 1.685400
vt 0.418945 1.675630
vt 0.432617 1.667820
vt 0.422852 1.658060
vt 0.436523 1.658060
vt 0.436523 1.652200
vt 0.436523 1.767430
vt 0.464355 1.793310
vt 0.420898 1.757670
vt 0.407227 1.740090
vt 0.397461 1.720560
vt 0.401367 1.704930
vt 0.407227 1.679540
vt 0.413086 1.660010
vt 0.416992 1.638530
vt 0.426758 1.644380
vt 0.430664 1.642430
vt 0.407959 1.643160
vt 0.415527 1.632670
vt 0.424805 1.633150
vt 0.424805 1.638530
vt 0.438477 1.636570
vt 0.336914 1.658060
vt 0.342773 1.638530
vt 0.346680 1.660010
vt 0.351807 1.643160
vt 0.360352 1.661960
vt 0.364258 1.640481
vt 0.370117 1.661960
vt 0.379883 1.640481
vt 0.379883 1.626810
vt 0.395508 1.640481
vt 0.395508 1.626810
vt 0.407422 1.632080
vt 0.420508 1.618020
vt 0.428711 1.613130
vt 0.438477 1.622900
vt 0.450195 1.632670
vt 0.344238 1.632670
vt 0.352344 1.632080
vt 0.364258 1.626810
vt 0.379883 1.617040
vt 0.393555 1.617040
vt 0.407227 1.617040
vt 0.416992 1.607280
vt 0.415853 1.600441
vt 0.405273 1.599460
vt 0.309570 1.642430
vt 0.309570 1.632670
vt 0.321289 1.636570
vt 0.321289 1.622900
vt 0.334961 1.633150
vt 0.331055 1.613130
vt 0.339258 1.618020
vt 0.352539 1.617040
vt 0.366211 1.617040
vt 0.379883 1.607280
vt 0.391602 1.607280
vt 0.405273 1.607280
vt 0.370180 1.581220
vt 0.379883 1.581880
vt 0.370117 1.595560
vt 0.379883 1.593601
vt 0.379883 1.601420
vt 0.389585 1.581220
vt 0.395508 1.564310
vt 0.409180 1.566260
vt 0.402069 1.579750
vt 0.368164 1.607280
vt 0.354492 1.607280
vt 0.407422 1.587350
vt 0.401843 1.585130
vt 0.415578 1.576900
vt 0.450195 1.615090
vt 0.434570 1.587740
vt 0.430664 1.577981
vt 0.432617 1.574070
vt 0.454102 1.581880
vt 0.435872 1.564960
vt 0.421484 1.566450
vt 0.428711 1.552590
vt 0.415039 1.554540
vt 0.416020 1.544380
vt 0.395508 1.552590
vt 0.449751 1.599910
vt 0.442383 1.587740
vt 0.442383 1.583840
vt 0.454102 1.591650
vt 0.467773 1.589700
vt 0.461914 1.601420
vt 0.479492 1.595560
vt 0.489163 1.570340
vt 0.476172 1.555520
vt 0.457422 1.561380
vt 0.446289 1.546731
vt 0.432167 1.537050
vt 0.415908 1.541660
vt 0.395508 1.544780
vt 0.395508 1.540870
vt 0.415039 1.527200
vt 0.395508 1.527200
vt 0.379883 1.535010
vt 0.379883 1.525240
vt 0.364258 1.527200
vt 0.364258 1.540870
vt 0.446289 1.531101
vt 0.454102 1.544780
vt 0.474277 1.537390
vt 0.486777 1.535300
vt 0.471680 1.525240
vt 0.479492 1.525240
vt 0.488007 1.517840
vt 0.472115 1.521770
vt 0.454102 1.529150
vt 0.432194 1.534210
vt 0.432617 1.525240
vt 0.446289 1.529150
vt 0.444336 1.523290
vt 0.454102 1.527200
vt 0.454908 1.520960
vt 0.473336 1.520110
vt 0.474487 1.517800
vt 0.488653 1.516450
vt 0.455842 1.518920
vt 0.475651 1.515020
vt 0.444444 1.518770
vt 0.432617 1.519380
vt 0.415039 1.519380
vt 0.395508 1.519380
vt 0.379883 1.517430
vt 0.364258 1.519380
vt 0.344727 1.527200
vt 0.344727 1.519380
vt 0.327148 1.525240
vt 0.327148 1.519380
vt 0.476624 1.513530
vt 0.456543 1.516550
vt 0.446289 1.515481
vt 0.432617 1.513530
vt 0.415039 1.511570
vt 0.395508 1.511570
vt 0.379883 1.511570
vt 0.364258 1.511570
vt 0.344727 1.511570
vt 0.327148 1.513530
vt 0.343858 1.541660
vt 0.327571 1.534210
vt 0.313477 1.529150
vt 0.315430 1.523290
vt 0.305664 1.527200
vt 0.304857 1.520960
vt 0.286430 1.518150
vt 0.284668 1.516370
vt 0.313477 1.531101
vt 0.305664 1.529150
vt 0.305664 1.544780
vt 0.327598 1.537050
vt 0.343746 1.544380
vt 0.331055 1.552590
vt 0.344727 1.554540
vt 0.338281 1.566450
vt 0.350586 1.566260
vt 0.364258 1.564310
vt 0.379883 1.564310
vt 0.379883 1.546731
vt 0.364258 1.552590
vt 0.364258 1.544780
vt 0.379883 1.538920
vt 0.444580 1.787210
vt 0.471027 1.809530
vt 0.458004 1.806381
vt 0.469238 1.826510
vt 0.484049 1.812680
vt 0.502930 1.797700
vt 0.504880 1.778690
vt 0.539714 1.789891
vt 0.537194 1.774390
vt 0.533691 1.756200
vt 0.550781 1.748101
vt 0.553850 1.733531
vt 0.542132 1.741620
vt 0.530518 1.744480
vt 0.537760 1.736830
vt 0.528429 1.741720
vt 0.507161 1.749310
vt 0.507378 1.746270
vt 0.527876 1.739110
vt 0.507635 1.743730
vt 0.560870 1.721630
vt 0.550518 1.729580
vt 0.536932 1.735200
vt 0.535373 1.731730
vt 0.546136 1.726851
vt 0.543084 1.724060
vt 0.553335 1.723341
vt 0.543091 1.720011
vt 0.471680 1.716851
vt 0.492773 1.715280
vt 0.510352 1.715670
vt 0.522656 1.717820
vt 0.531055 1.719580
vt 0.537109 1.721100
vt 0.540410 1.721260
vt 0.543274 1.721530
vt 0.542165 1.722570
vt 0.533318 1.723140
vt 0.465820 1.685400
vt 0.491211 1.671731
vt 0.454102 1.681490
vt 0.491162 1.658010
vt 0.450391 1.668800
vt 0.468359 1.623880
vt 0.477539 1.605320
vt 0.473633 1.605320
vt 0.519741 1.674730
vt 0.541341 1.680290
vt 0.543620 1.671400
vt 0.497656 1.577780
vt 0.509139 1.541000
vt 0.513070 1.551490
vt 0.529066 1.579590
vt 0.550130 1.585470
vt 0.568685 1.621600
vt 0.591309 1.662941
vt 0.547526 1.528821
vt 0.568685 1.589370
vt 0.591792 1.628541
vt 0.617117 1.635090
vt 0.702189 1.670890
vt 0.776616 1.739170
vt 0.766680 1.671770
vt 0.708633 1.618110
vt 0.760299 1.631010
vt 0.766488 1.592680
vt 0.711319 1.559830
vt 0.761719 1.563330
vt 0.569661 1.535340
vt 0.561849 1.474140
vt 0.600911 1.534030
vt 0.603027 1.594090
vt 0.654638 1.604780
vt 0.682441 1.630760
vt 0.654747 1.565410
vt 0.679688 1.519060
vt 0.628906 1.523620
vt 0.606120 1.470881
vt 0.696615 1.470881
vt 0.615967 1.558851
vt 0.726563 1.522970
vt 0.762172 1.525800
vt 0.799674 1.570700
vt 0.798828 1.521340
vt 0.851563 1.611511
vt 0.845703 1.521010
vt 0.893555 1.517430
vt 0.903320 1.404150
vt 0.936035 1.399270
vt 0.905273 1.281101
vt 0.848958 1.414240
vt 0.844727 1.281101
vt 0.842773 1.218601
vt 0.788086 1.220560
vt 0.788086 1.183450
vt 0.672852 1.183450
vt 0.736328 1.249851
vt 0.751953 1.474790
vt 0.785156 1.466980
vt 0.790039 1.421731
vt 0.684570 1.378760
vt 0.672526 1.259940
vt 0.554036 1.193540
vt 0.583008 1.253760
vt 0.620117 1.361180
vt 0.676758 1.411960
vt 0.600586 1.388530
vt 0.602539 1.427590
vt 0.565430 1.421731
vt 0.540039 1.423680
vt 0.516602 1.423680
vt 0.504883 1.402200
vt 0.499219 1.424660
vt 0.475586 1.392430
vt 0.469727 1.417820
vt 0.485352 1.300630
vt 0.545898 1.361180
vt 0.459961 1.306490
vt 0.502930 1.367040
vt 0.481445 1.368990
vt 0.456055 1.370950
vt 0.452148 1.345560
vt 0.483398 1.347510
vt 0.415039 1.306490
vt 0.444336 1.286960
vt 0.469727 1.269380
vt 0.500000 1.460790
vt 0.482031 1.446141
vt 0.450000 1.441060
vt 0.473437 1.458251
vt 0.500244 1.483500
vt 0.471680 1.471530
vt 0.465840 1.478420
vt 0.480957 1.490580
vt 0.499023 1.497900
vt 0.510742 1.497660
vt 0.517578 1.487400
vt 0.521240 1.467381
vt 0.539714 1.470230
vt 0.528185 1.523480
vt 0.516059 1.523400
vt 0.505208 1.530520
vt 0.505053 1.511990
vt 0.500305 1.510660
vt 0.493530 1.507540
vt 0.496826 1.510840
vt 0.488737 1.516450
vt 0.496704 1.513530
vt 0.499634 1.514750
vt 0.493164 1.523290
vt 0.492188 1.512550
vt 0.489453 1.510201
vt 0.488892 1.512300
vt 0.477095 1.510510
vt 0.477184 1.506871
vt 0.488653 1.515060
vt 0.487854 1.514010
vt 0.483594 1.512780
vt 0.476829 1.511930
vt 0.475647 1.514990
vt 0.809304 1.069371
vt 0.792578 1.045750
vt 0.782227 1.068210
vt 0.789551 1.098490
vt 0.819531 1.123101
vt 0.811523 1.097510
vt 0.838867 1.097510
vt 0.840820 1.069191
vt 0.809504 1.069480
vt 0.817955 1.045210
vt 0.821875 1.027200
vt 0.797909 1.025070
vt 0.826869 1.006830
vt 0.803089 1.004200
vt 0.864746 1.067240
vt 0.864258 1.095560
vt 0.905273 1.089700
vt 0.958008 1.115090
vt 0.911133 1.122900
vt 0.858398 1.126810
vt 0.865234 1.147970
vt 0.924045 1.162941
vt 0.962240 1.163590
vt 0.985026 1.152310
vt 0.997179 1.101520
vt 0.843675 1.027800
vt 0.842448 1.045910
vt 0.864844 1.025640
vt 0.864648 1.043800
vt 0.900879 1.019511
vt 0.900391 1.033300
vt 0.899414 1.060890
vt 0.950195 1.083840
vt 0.987196 1.044670
vt 0.844283 1.007840
vt 0.864537 1.006970
vt 0.901367 1.005710
vt 0.950195 1.003760
vt 0.938477 1.054540
vt 0.988281 1.003760
vt 0.771973 1.986511
vt 0.806250 1.961380
vt 0.819336 1.977070
vt 0.807874 1.903320
vt 0.817653 1.903320
vt 0.794853 1.955280
vt 0.449334 1.719350
vt 0.445905 1.717731
vt 0.449414 1.718510
vt 0.457812 1.718990
vt 0.548571 1.729000
vt 0.795020 1.604620
vt 0.812149 1.632440
vt 0.846006 1.673350
vt 0.874349 1.710470
vt 0.821215 1.742910
vt 0.842448 1.765150
vt 0.789714 1.777520
vt 0.754557 1.754090
vt 0.888021 1.595881
vt 0.926758 1.581880
vt 0.904297 1.648290
vt 0.894531 1.720560
vt 0.875000 1.786640
vt 0.829427 1.787290
vt 0.303345 1.723240
vt 0.310432 1.719350
vt 0.314683 1.718470
vt 0.313861 1.717731
vt 0.310352 1.718510
vt 0.301953 1.718990
vt 0.304332 1.715670
vt 0.288086 1.716851
vt 0.289773 1.712830
vt 0.316693 1.718200
vt 0.319251 1.718601
vt 0.317058 1.717130
vt 0.321285 1.715801
vt 0.306108 1.713010
vt 0.292969 1.708930
vt 0.299805 1.702981
vt 0.325614 1.715120
vt 0.323785 1.719580
vt 0.305220 1.726681
vt 0.287012 1.721830
vt 0.289418 1.729880
vt 0.309028 1.731520
vt 0.290799 1.736720
vt 0.292752 1.740410
vt 0.312066 1.733900
vt 0.294054 1.743230
vt 0.314872 1.735400
vt 0.296007 1.745840
vt 0.318559 1.736750
vt 0.327148 1.740090
vt 0.336914 1.720560
vt 0.330212 1.719560
vt 0.331055 1.712740
vt 0.307617 1.699070
vt 0.334961 1.710790
vt 0.321289 1.697120
vt 0.293945 1.685400
vt 0.305664 1.681490
vt 0.331055 1.695170
vt 0.340820 1.708840
vt 0.334961 1.685400
vt 0.346680 1.695170
vt 0.350586 1.708840
vt 0.352539 1.720560
vt 0.342773 1.720560
vt 0.340820 1.740090
vt 0.352539 1.740090
vt 0.338867 1.757670
vt 0.319336 1.757670
vt 0.309570 1.753760
vt 0.282552 1.762220
vt 0.290039 1.775240
vt 0.358398 1.704930
vt 0.362305 1.720560
vt 0.360352 1.738130
vt 0.370117 1.722510
vt 0.370117 1.706880
vt 0.323242 1.767430
vt 0.329101 1.774270
vt 0.315186 1.787210
vt 0.295410 1.793310
vt 0.389648 1.706880
vt 0.389648 1.722510
vt 0.379883 1.706880
vt 0.379883 1.722510
vt 0.370117 1.740090
vt 0.354492 1.755710
vt 0.350586 1.773290
vt 0.334961 1.781101
vt 0.342773 1.796731
vt 0.322256 1.801550
vt 0.328125 1.817240
vt 0.344482 1.814550
vt 0.318359 1.844090
vt 0.389648 1.740090
vt 0.379883 1.740090
vt 0.368164 1.753760
vt 0.357910 1.773290
vt 0.350586 1.794770
vt 0.353760 1.813570
vt 0.355469 1.840180
vt 0.348633 1.864600
vt 0.315625 1.866850
vt 0.295776 1.847390
vt 0.301025 1.868260
vt 0.311523 1.890481
vt 0.364258 1.792331
vt 0.368164 1.773290
vt 0.379883 1.753760
vt 0.391602 1.753760
vt 0.405273 1.755710
vt 0.399414 1.738130
vt 0.362305 1.814310
vt 0.379883 1.839700
vt 0.379883 1.814310
vt 0.397461 1.814310
vt 0.395508 1.792331
vt 0.405029 1.813820
vt 0.409180 1.794770
vt 0.401855 1.773290
vt 0.409180 1.773290
vt 0.430664 1.774270
vt 0.424805 1.781101
vt 0.416992 1.796731
vt 0.415283 1.814550
vt 0.404297 1.840180
vt 0.379883 1.863140
vt 0.379883 1.886570
vt 0.341797 1.889010
vt 0.441404 1.793741
vt 0.437498 1.801550
vt 0.431641 1.817240
vt 0.441406 1.844090
vt 0.411133 1.864600
vt 0.417969 1.889010
vt 0.421875 1.913920
vt 0.379883 1.913920
vt 0.337891 1.913920
vt 0.304199 1.920750
vt 0.450781 1.821920
vt 0.463989 1.847390
vt 0.458740 1.868260
vt 0.483887 1.867530
vt 0.475539 1.891730
vt 0.477539 1.919770
vt 0.455566 1.920750
vt 0.448242 1.890481
vt 0.444531 1.866460
vt 0.288672 1.809810
vt 0.301823 1.806430
vt 0.376677 1.980950
vt 0.360821 1.983240
vt 0.361446 1.980800
vt 0.376239 1.983800
vt 0.350116 1.979780
vt 0.361336 1.980630
vt 0.371699 1.997990
vt 0.363408 1.990870
vt 0.363082 1.994990
vt 0.357025 1.989720
vt 0.361161 1.985520
vt 0.348205 1.986080
vt 0.344299 1.976270
vt 0.345914 1.986040
vt 0.354240 1.992200
vt 0.378597 1.989430
vt 0.381242 1.999020
vt 0.390763 1.997990
vt 0.392252 1.987780
vt 0.399324 1.995030
vt 0.410368 1.992841
vt 0.403825 1.988611
vt 0.411223 1.986380
vt 0.421468 1.986990
vt 0.377991 1.986700
vt 0.393296 1.985830
vt 0.405807 1.983680
vt 0.414409 1.980980
vt 0.427928 1.975410
vt 0.423919 1.977630
vt 0.432240 1.973740
vt 0.431083 1.970850
vt 0.420286 1.975210
vt 0.407446 1.979410
vt 0.395687 1.982950
vt 0.421388 1.968900
vt 0.425907 1.975640
vt 0.420601 1.974060
vt 0.421651 1.971030
vt 0.412362 1.962730
vt 0.409423 1.961941
vt 0.407354 1.968990
vt 0.393751 1.955720
vt 0.393194 1.966470
vt 0.377273 1.966880
vt 0.377943 1.954731
vt 0.381061 1.957320
vt 0.390624 1.957780
vt 0.396964 1.957711
vt 0.371603 1.957780
vt 0.365717 1.957721
vt 0.362262 1.954890
vt 0.360453 1.968890
vt 0.354610 1.956090
vt 0.347712 1.970090
vt 0.351954 1.962710
vt 0.342038 1.967590
vt 0.340242 1.970930
vt 0.407470 1.979400
vt 0.394900 1.981090
vt 0.396398 1.984280
vt 0.354022 1.979700
vt 0.364728 1.983080
vt 0.365242 1.980531
vt 0.380617 1.980860
vt 0.380145 1.983620
vt 0.365352 1.980690
vt 0.382503 1.989110
vt 0.367314 1.990510
vt 0.365067 1.985291
vt 0.360931 1.989390
vt 0.352111 1.985840
vt 0.348205 1.976280
vt 0.349820 1.985811
vt 0.343486 1.974620
vt 0.358146 1.991810
vt 0.366988 1.994520
vt 0.375605 1.997450
vt 0.385148 1.998460
vt 0.394669 1.997450
vt 0.396159 1.987500
vt 0.403230 1.994570
vt 0.414275 1.992430
vt 0.407732 1.988310
vt 0.397203 1.985600
vt 0.381897 1.986450
vt 0.409713 1.983510
vt 0.399593 1.982790
vt 0.411352 1.979340
vt 0.424193 1.975240
vt 0.418316 1.980870
vt 0.434989 1.971000
vt 0.431834 1.975451
vt 0.436146 1.973820
vt 0.427825 1.977610
vt 0.425375 1.986720
vt 0.415129 1.986130
vt 0.429813 1.975670
vt 0.425294 1.969100
vt 0.424507 1.974130
vt 0.425558 1.971170
vt 0.416268 1.963090
vt 0.413330 1.962320
vt 0.411260 1.969190
vt 0.397657 1.956260
vt 0.397100 1.966730
vt 0.381179 1.967140
vt 0.381849 1.955290
vt 0.384968 1.957810
vt 0.394530 1.958270
vt 0.400870 1.958200
vt 0.375509 1.958270
vt 0.369623 1.958200
vt 0.366168 1.955441
vt 0.364359 1.969090
vt 0.358516 1.956620
vt 0.351618 1.970260
vt 0.355860 1.963060
vt 0.345944 1.967820
vt 0.344148 1.971080
vt 0.398806 1.980980
vt 0.411377 1.979340
vt 0.400305 1.984090
vt 0.487812 1.514030
vt 0.448242 1.507670
vt 0.463867 1.509620
vt 0.450195 1.511570
vt 0.467773 1.511570
vt 0.448242 1.499851
vt 0.463867 1.501810
vt 0.465820 1.620950
vt 0.450195 1.642430
vt 0.456055 1.632670
vt 0.461914 1.618990
vt 0.458008 1.601420
vt 0.434180 1.679350
vt 0.520508 1.663920
vt 0.521469 1.648750
vt 0.947266 1.513201
vt 0.961914 1.577981
vt 0.922852 1.513530
vt 0.967122 1.399270
vt 0.972656 1.512550
vt 0.997210 1.575050
vt 0.997210 1.511150
vt 0.997210 1.399830
vt 0.495117 1.126810
vt 0.440104 1.121270
vt 0.379883 1.074070
vt 0.379883 1.117040
vt 0.319661 1.121270
vt 0.338867 1.171731
vt 0.379883 1.160010
vt 0.379883 1.191260
vt 0.420898 1.171731
vt 0.493164 1.189310
vt 0.528320 1.238130
vt 0.548828 1.277200
vt 0.530273 1.298680
vt 0.467448 1.239110
vt 0.456055 1.208840
vt 0.411133 1.214700
vt 0.379883 1.230320
vt 0.379883 1.257670
vt 0.290039 1.269380
vt 0.344727 1.277200
vt 0.315430 1.286960
vt 0.344727 1.306490
vt 0.379883 1.273290
vt 0.415039 1.277200
vt 0.379883 1.290870
vt 0.379883 1.306490
vt 0.379883 1.339700
vt 0.452148 1.386570
vt 0.432617 1.368990
vt 0.430664 1.388530
vt 0.447998 1.398780
vt 0.443848 1.410990
vt 0.420898 1.413920
vt 0.422852 1.441751
vt 0.401855 1.418800
vt 0.400891 1.436340
vt 0.379883 1.437351
vt 0.379883 1.417820
vt 0.357910 1.418800
vt 0.379883 1.386570
vt 0.405273 1.386570
vt 0.411133 1.367040
vt 0.379883 1.365090
vt 0.354492 1.386570
vt 0.338867 1.413920
vt 0.336914 1.441751
vt 0.309766 1.441060
vt 0.313281 1.456690
vt 0.286328 1.458251
vt 0.288086 1.471530
vt 0.293926 1.478420
vt 0.314453 1.471530
vt 0.311523 1.484231
vt 0.297119 1.488621
vt 0.311523 1.488130
vt 0.295898 1.495461
vt 0.358874 1.436340
vt 0.359705 1.446020
vt 0.337891 1.450830
vt 0.335938 1.461770
vt 0.359635 1.455950
vt 0.379883 1.454930
vt 0.362742 1.476511
vt 0.379883 1.476420
vt 0.344922 1.476610
vt 0.329297 1.478560
vt 0.329297 1.483640
vt 0.344519 1.482010
vt 0.363293 1.481630
vt 0.379883 1.482280
vt 0.396472 1.481630
vt 0.311523 1.499851
vt 0.295898 1.501810
vt 0.328423 1.496580
vt 0.346680 1.493990
vt 0.363581 1.493950
vt 0.379883 1.493990
vt 0.396185 1.493950
vt 0.413086 1.493990
vt 0.415246 1.482010
vt 0.431342 1.496580
vt 0.430469 1.483640
vt 0.448242 1.488130
vt 0.311523 1.507670
vt 0.295898 1.509620
vt 0.327148 1.503760
vt 0.346313 1.504550
vt 0.364258 1.503760
vt 0.379883 1.503760
vt 0.395508 1.503760
vt 0.413452 1.504550
vt 0.432617 1.503760
vt 0.291992 1.511570
vt 0.309570 1.511570
vt 0.327148 1.511570
vt 0.344727 1.509620
vt 0.364258 1.509620
vt 0.379883 1.509620
vt 0.395508 1.509620
vt 0.415039 1.509620
vt 0.432617 1.511570
vt 0.281901 1.505190
vt 0.282582 1.506871
vt 0.282670 1.510510
vt 0.282937 1.511930
vt 0.719877 1.997160
vt 0.728012 1.975510
vt 0.701934 1.940990
vt 0.827344 1.906690
vt 0.763868 1.970800
vt 0.762207 1.967140
vt 0.732422 1.959810
vt 0.731271 1.964530
vt 0.703564 1.923720
vt 0.688651 1.875400
vt 0.700943 1.874660
vt 0.690228 1.835460
vt 0.681458 1.836200
vt 0.693796 1.803600
vt 0.687929 1.799340
vt 0.718504 1.794250
vt 0.719541 1.787060
vt 0.690525 1.785620
vt 0.813727 1.795130
vt 0.754930 1.797020
vt 0.748385 1.801580
vt 0.741182 1.809700
vt 0.720775 1.804621
vt 0.701412 1.813920
vt 0.715360 1.833400
vt 0.729154 1.822550
vt 0.742452 1.826970
vt 0.753876 1.821661
vt 0.760045 1.852110
vt 0.778528 1.847320
vt 0.789021 1.907440
vt 0.798210 1.904940
vt 0.762510 1.815180
vt 0.793477 1.839240
vt 0.803857 1.838310
vt 0.786119 1.842400
vt 0.748884 1.856580
vt 0.734654 1.844580
vt 0.732801 1.825460
vt 0.717783 1.836941
vt 0.709119 1.839490
vt 0.715732 1.871040
vt 0.718359 1.894580
vt 0.726328 1.868210
vt 0.737891 1.883641
vt 0.720591 1.850530
vt 0.781575 1.944310
vt 0.788587 1.950140
vt 0.759175 1.956460
vt 0.734941 1.949890
vt 0.720326 1.918170
vt 0.737871 1.916340
vt 0.754864 1.899670
vt 0.773402 1.908620
vt 0.777112 1.936450
vt 0.765508 1.927660
vt 0.761233 1.947790
vt 0.742821 1.943450
vt 0.838672 1.909420
vt 0.813684 1.832320
vt 0.829867 1.821880
vt 0.768996 1.814420
vt 0.809345 1.069490
vt 0.789213 1.098490
vt 0.782001 1.067990
vt 0.380192 1.983770
vt 0.398564 1.980960
vt 0.400108 1.984490
vt 0.394658 1.981071
vt 0.376286 1.983960
vt 0.396202 1.984690
vt 0.639648 1.120950
vt 0.686523 1.087740
vt 0.488281 1.078950
vt 0.497070 1.036960
vt 0.424805 1.017430
vt 0.391602 1.773290
vt 0.379883 1.790870
vt 0.379883 1.773290
vt 0.325586 1.679350
vt 0.327148 1.667820
vt 0.309375 1.668800
vt 0.340820 1.675630
vt 0.352539 1.679540
vt 0.364258 1.683450
vt 0.374023 1.689310
vt 0.379883 1.689310
vt 0.379883 1.661960
vt 0.385742 1.689310
vt 0.389648 1.661960
vt 0.395508 1.683450
vt 0.309570 1.658060
vt 0.323242 1.658060
vt 0.399414 1.661960
vt 0.333008 1.644380
vt 0.334961 1.638530
vt 0.329102 1.642430
vt 0.323242 1.652200
vt 0.309570 1.648290
vt 0.293945 1.646340
vt 0.299805 1.634620
vt 0.303711 1.632670
vt 0.293945 1.620950
vt 0.291406 1.623880
vt 0.286133 1.605320
vt 0.297852 1.601420
vt 0.291992 1.589700
vt 0.305664 1.591650
vt 0.305664 1.581880
vt 0.283594 1.555520
vt 0.302344 1.561380
vt 0.285488 1.537390
vt 0.288086 1.525240
vt 0.287651 1.519820
vt 0.323893 1.564960
vt 0.313477 1.546731
vt 0.327148 1.574070
vt 0.344187 1.576900
vt 0.329102 1.577981
vt 0.338923 1.583781
vt 0.325195 1.587740
vt 0.331055 1.593601
vt 0.325195 1.595560
vt 0.334961 1.601420
vt 0.327148 1.603370
vt 0.309570 1.615090
vt 0.317383 1.583840
vt 0.317383 1.587740
vt 0.310014 1.599910
vt 0.297852 1.618990
vt 0.301758 1.601420
vt 0.339258 1.591260
vt 0.348242 1.595750
vt 0.353516 1.590870
vt 0.359701 1.591000
vt 0.352344 1.587350
vt 0.357923 1.585130
vt 0.357697 1.579750
vt 0.366711 1.585940
vt 0.364258 1.591650
vt 0.354492 1.599460
vt 0.343913 1.600441
vt 0.342773 1.607280
vt 0.772017 1.986501
vt 0.479492 1.499851
vt 0.462646 1.488621
vt 0.463867 1.495461
vt 0.477865 1.505190
vt 0.351965 1.933290
vt 0.351677 1.937410
vt 0.338472 1.940020
vt 0.354492 1.939310
vt 0.344669 1.947060
vt 0.350586 1.945170
vt 0.354492 1.947120
vt 0.354009 1.951560
vt 0.369600 1.946720
vt 0.369546 1.951560
vt 0.384995 1.946600
vt 0.385083 1.951560
vt 0.404858 1.951560
vt 0.405101 1.946720
vt 0.417570 1.951560
vt 0.416820 1.946600
vt 0.428870 1.951560
vt 0.429228 1.946600
vt 0.437345 1.947711
vt 0.379883 1.001810
vt 0.379883 1.017430
vt 0.338867 1.017430
vt 0.493164 1.070170
vt 0.719727 1.429540
vt 0.315321 1.518770
vt 0.313477 1.515481
vt 0.303923 1.518920
vt 0.303223 1.516550
vt 0.284115 1.515020
vt 0.283142 1.513530
vt 0.318350 1.793741
vt 0.309375 1.822701
vt 0.290527 1.826510
vt 0.338867 1.341650
vt 0.348633 1.367040
vt 0.329102 1.388530
vt 0.307617 1.345560
vt 0.303711 1.370950
vt 0.327148 1.368990
vt 0.307617 1.386570
vt 0.284180 1.392430
vt 0.290039 1.417820
vt 0.311768 1.398780
vt 0.315918 1.410990
vt 0.420898 1.341650
vt 0.446484 1.456690
vt 0.421875 1.450830
vt 0.400061 1.446020
vt 0.379883 1.445170
vt 0.400131 1.455950
vt 0.423828 1.461770
vt 0.448242 1.484231
vt 0.430469 1.478560
vt 0.445313 1.471530
vt 0.414844 1.476610
vt 0.397023 1.476511
vt 0.348633 1.214700
vt 0.303711 1.208840
vt 0.379883 1.206880
vt 0.292318 1.239110
vt 0.429145 1.946790
vt 0.416775 1.946690
vt 0.404839 1.946580
vt 0.385308 1.946580
vt 0.369559 1.946980
vt 0.355050 1.946700
vt 0.351702 1.945030
vt 0.343099 1.945230
vt 0.354632 1.939720
vt 0.350098 1.937320
vt 0.071813 1.935910
vt 0.064525 1.940980
vt 0.065405 1.923170
vt 0.079572 1.909040
vt 0.063196 1.909040
vt 0.056843 1.925830
vt 0.044906 1.956450
vt 0.132487 1.985750
vt 0.108280 1.989700
vt 0.108280 1.963390
vt 0.091567 1.960730
vt 0.084073 1.985750
vt 0.076490 1.953010
vt 0.062236 1.974300
vt 0.039787 1.963660
vt 0.033779 1.933970
vt 0.054196 1.909040
vt 0.065405 1.894910
vt 0.080977 1.900010
vt 0.085055 1.891870
vt 0.108280 1.909040
vt 0.018655 1.939030
vt 0.029945 1.909040
vt 0.056843 1.892250
vt 0.071813 1.882170
vt 0.091406 1.885400
vt 0.099409 1.881250
vt 0.108280 1.879820
vt 0.094355 1.865580
vt 0.108280 1.863350
vt 0.091567 1.857360
vt 0.108280 1.854700
vt 0.084073 1.832330
vt 0.108148 1.830560
vt 0.124993 1.857360
vt 0.062236 1.843790
vt 0.069091 1.832080
vt 0.076490 1.865080
vt 0.081790 1.872070
vt 0.064525 1.877100
vt 0.033779 1.884120
vt 0.014043 1.909040
vt 0.005591 1.896770
vt 0.018655 1.879061
vt 0.008170 1.883960
vt 0.034062 1.851120
vt 0.044906 1.861630
vt 0.132487 1.832330
vt 0.145380 1.838420
vt 0.148624 1.832050
vt 0.171655 1.861630
vt 0.187823 1.851210
vt 0.197905 1.879061
vt 0.210822 1.874730
vt 0.216099 1.909040
vt 0.217234 1.908070
vt 0.210822 1.943350
vt 0.197905 1.939030
vt 0.182438 1.966110
vt 0.171655 1.956450
vt 0.154324 1.974300
vt 0.140070 1.953010
vt 0.124993 1.960730
vt 0.202517 1.909040
vt 0.186615 1.909040
vt 0.182781 1.933970
vt 0.152035 1.940980
vt 0.134771 1.946020
vt 0.122205 1.952500
vt 0.108280 1.954741
vt 0.094355 1.952500
vt 0.081790 1.946020
vt 0.159717 1.925830
vt 0.144747 1.935910
vt 0.125154 1.932680
vt 0.117151 1.936831
vt 0.108280 1.938260
vt 0.099409 1.936831
vt 0.091406 1.932680
vt 0.085055 1.926220
vt 0.080977 1.918070
vt 0.131505 1.926220
vt 0.151155 1.923170
vt 0.162364 1.909040
vt 0.159717 1.892250
vt 0.182781 1.884120
vt 0.152035 1.877100
vt 0.151155 1.894910
vt 0.153364 1.909040
vt 0.135583 1.918070
vt 0.136988 1.909040
vt 0.135583 1.900010
vt 0.131505 1.891870
vt 0.125154 1.885400
vt 0.134771 1.872070
vt 0.122205 1.865580
vt 0.144747 1.882170
vt 0.140070 1.865080
vt 0.117151 1.881250
vt 0.081317 1.807820
vt 0.082007 1.798340
vt 0.048111 1.805100
vt 0.049462 1.454290
vt 0.001625 1.537850
vt 0.008398 1.539891
vt 0.001296 1.629290
vt 0.008008 1.629150
vt 0.000967 1.720740
vt 0.007422 1.720950
vt 0.051367 1.790480
vt 0.082217 1.798240
vt 0.101295 1.741140
vt 0.115843 1.809790
vt 0.081445 1.807870
vt 0.021467 1.631070
vt 0.021760 1.547030
vt 0.031871 1.633830
vt 0.031805 1.708660
vt 0.066801 1.700181
vt 0.068662 1.739230
vt 0.021175 1.715120
vt 0.052176 1.468740
vt 0.049254 1.454320
vt 0.031936 1.559000
vt 0.067675 1.567370
vt 0.115243 1.684810
vt 0.165368 1.747571
vt 0.176051 1.777980
vt 0.211583 1.741710
vt 0.229968 1.763510
vt 0.243114 1.676560
vt 0.264027 1.734850
vt 0.263225 1.523820
vt 0.244246 1.549990
vt 0.232167 1.496390
vt 0.243353 1.472580
vt 0.179487 1.482520
vt 0.188303 1.458190
vt 0.280336 1.506711
vt 0.277669 1.755080
vt 0.240401 1.787000
vt 0.186478 1.802341
vt 0.218557 1.687500
vt 0.185323 1.720330
vt 0.137280 1.675160
vt 0.172538 1.659710
vt 0.207694 1.659900
vt 0.175751 1.505430
vt 0.131533 1.462370
vt 0.131605 1.447270
vt 0.090533 1.450780
vt 0.092293 1.466491
vt 0.102708 1.512700
vt 0.115950 1.577390
vt 0.137884 1.583360
vt 0.172924 1.601120
vt 0.155667 1.552200
vt 0.140544 1.513060
vt 0.186519 1.538690
vt 0.220420 1.572140
vt 0.228055 1.629530
vt 0.208080 1.601300
vt 0.016602 1.406101
vt 0.006836 1.376810
vt 0.051758 1.427590
vt 0.014648 1.345560
vt 0.048692 1.323630
vt 0.105848 1.322550
vt 0.270508 1.355320
vt 0.270508 1.396340
vt 0.245758 1.332300
vt 0.241211 1.415870
vt 0.208008 1.331880
vt 0.200118 1.418460
vt 0.194336 1.331880
vt 0.186523 1.419780
vt 0.157965 1.328260
vt 0.133007 1.428480
vt 0.094727 1.429540
s 1
usemtl Doug:head_002
f 1/1/1 2/2/2 3/3/3
f 2/2/2 4/4/4 5/5/5
f 6/6/6 7/7/7 4/4/4
f 5/5/5 4/4/4 7/7/7
f 8/8/8 9/9/9 10/10/10
f 10/10/10 9/9/9 1/1/1
f 1/1/1 3/3/3 10/10/10
f 1/1/1 9/9/9 11/11/11
f 8/8/8 11/11/11 9/9/9
f 12/12/12 13/13/13 14/14/14
f 13/13/13 15/15/15 14/14/14
f 12/12/12 16/16/16 17/17/17
f 16/16/16 18/18/18 17/17/17
f 19/19/19 20/20/20 18/18/18
f 20/20/20 21/21/21 18/18/18
f 17/17/17 18/18/18 21/21/21
f 20/20/20 22/22/22 21/21/21
f 22/22/22 23/23/23 21/21/21
f 24/24/24 25/25/25 26/26/26
f 27/27/27 28/28/28 29/29/29
f 30/30/30 27/27/31 31/31/32
f 27/27/31 32/32/33 31/31/32
f 33/33/34 26/26/26 25/25/25
f 34/34/35 29/29/36 30/30/30
f 34/34/35 33/33/34 25/25/25
f 30/30/30 33/33/34 34/34/35
f 30/30/30 35/35/37 33/33/34
f 35/35/37 36/36/38 37/37/39
f 33/33/34 35/35/37 37/37/39
f 37/37/39 26/26/26 33/33/34
f 30/30/30 38/38/40 35/35/37
f 35/35/37 38/38/40 39/39/41
f 36/36/38 35/35/37 39/39/41
f 39/39/41 40/40/42 36/36/38
f 31/31/32 32/32/33 41/41/43
f 41/41/43 32/32/33 42/42/44
f 41/41/43 42/42/44 43/43/45
f 43/43/45 42/42/44 44/44/46
f 44/44/46 42/42/44 45/45/47
f 44/44/46 45/45/47 46/46/48
f 46/46/48 45/45/47 47/47/49
f 46/46/48 47/47/49 48/48/50
f 46/46/48 48/48/50 49/49/51
f 49/49/51 48/48/50 50/50/52
f 49/49/51 50/50/52 51/51/53
f 51/51/53 50/50/52 52/52/54
f 51/51/53 52/52/54 53/53/55
f 51/51/53 53/53/55 54/54/56
f 51/51/53 54/54/56 55/55/57
f 55/55/57 54/54/56 56/56/58
f 57/57/59 41/41/43 43/43/45
f 57/57/59 43/43/45 58/58/60
f 59/59/61 46/46/48 49/49/51
f 59/59/61 55/55/57 58/58/60
f 59/59/61 51/51/53 55/55/57
f 59/59/61 49/49/51 51/51/53
f 58/58/60 43/43/45 59/59/61
f 59/59/61 43/43/45 44/44/46
f 59/59/61 44/44/46 46/46/48
f 55/55/57 56/56/58 60/60/62
f 58/58/60 55/55/57 60/60/62
f 58/58/60 60/60/62 61/61/63
f 58/58/60 61/61/63 57/57/59
f 57/57/59 61/61/63 62/62/64
f 57/57/59 63/63/65 41/41/43
f 57/57/59 62/62/64 63/63/65
f 41/41/43 63/63/65 64/64/66
f 41/41/43 64/64/66 65/65/67
f 41/41/43 65/65/67 31/31/32
f 60/60/62 66/66/68 61/61/63
f 60/60/62 56/56/58 66/66/68
f 61/61/63 66/66/68 67/67/69
f 61/61/63 67/67/69 62/62/64
f 62/62/64 67/67/69 68/68/70
f 63/63/65 69/69/71 64/64/66
f 62/62/64 68/68/70 69/69/71
f 62/62/64 69/69/71 63/63/65
f 64/64/66 70/70/72 65/65/67
f 64/64/66 69/69/71 70/70/72
f 65/65/67 70/70/72 71/71/73
f 65/65/67 72/72/74 31/31/32
f 65/65/67 71/71/73 72/72/74
f 31/31/32 72/72/74 30/30/30
f 72/72/74 38/38/40 30/30/30
f 39/39/41 38/38/40 72/72/74
f 73/73/75 67/67/69 66/66/68
f 73/73/75 74/74/76 67/67/69
f 67/67/69 74/74/76 68/68/70
f 68/68/70 75/75/77 69/69/71
f 68/68/70 74/74/76 75/75/77
f 69/69/71 76/76/78 70/70/72
f 69/69/71 75/75/77 76/76/78
f 70/70/72 77/77/79 71/71/73
f 70/70/72 76/76/78 77/77/79
f 71/71/73 77/77/79 78/78/80
f 39/39/41 79/79/81 40/40/42
f 71/71/73 79/79/81 72/72/74
f 71/71/73 78/78/80 79/79/81
f 72/72/74 79/79/81 39/39/41
f 37/37/39 36/36/38 80/80/82
f 36/36/38 40/40/42 80/80/82
f 80/80/82 40/40/42 81/81/83
f 80/80/82 81/81/83 82/82/84
f 82/82/84 81/81/83 83/83/85
f 37/37/39 80/80/82 84/84/86
f 84/84/86 26/26/26 37/37/39
f 82/82/84 83/83/85 85/85/87
f 85/85/87 83/83/85 86/86/88
f 85/85/87 86/86/88 87/87/89
f 87/87/89 86/86/88 88/88/90
f 88/88/90 86/86/88 89/89/91
f 89/89/91 86/86/88 90/90/92
f 83/83/85 90/90/92 86/86/88
f 81/81/83 90/90/92 83/83/85
f 89/89/91 90/90/92 91/91/93
f 91/91/93 90/90/92 81/81/83
f 88/88/90 92/92/94 87/87/89
f 87/87/89 92/92/94 93/93/95
f 87/87/89 93/93/95 94/94/96
f 87/87/89 94/94/96 85/85/87
f 82/82/84 95/95/97 80/80/82
f 85/85/87 95/95/97 82/82/84
f 85/85/87 94/94/96 95/95/97
f 80/80/82 95/95/97 96/96/98
f 80/80/82 96/96/98 84/84/86
f 97/97/99 11/11/11 8/8/8
f 97/97/99 96/96/98 95/95/97
f 97/97/99 95/95/97 94/94/96
f 84/84/86 96/96/98 97/97/99
f 97/97/99 94/94/96 98/98/100
f 98/98/100 94/94/96 93/93/95
f 98/98/100 93/93/95 99/99/101
f 100/100/102 93/93/95 92/92/94
f 99/99/101 93/93/95 100/100/102
f 100/100/102 92/92/94 101/101/103
f 89/89/91 91/91/93 102/102/104
f 89/89/91 102/102/104 103/103/105
f 89/89/91 103/103/105 88/88/90
f 88/88/90 104/104/106 92/92/94
f 92/92/94 104/104/106 101/101/103
f 88/88/90 103/103/105 104/104/106
f 101/101/103 104/104/106 105/105/107
f 101/101/103 105/105/107 106/106/108
f 106/106/108 105/105/107 107/107/109
f 106/106/108 107/107/109 108/108/110
f 108/108/110 107/107/109 109/109/111
f 108/108/110 109/109/111 110/110/112
f 110/110/112 109/109/111 111/111/113
f 110/110/112 111/111/113 112/112/114
f 110/110/112 112/112/114 113/113/115
f 113/113/115 112/112/114 114/114/116
f 114/114/116 112/112/114 115/115/117
f 114/114/116 115/115/117 116/116/118
f 116/116/118 115/115/117 117/117/119
f 118/118/120 101/101/103 106/106/108
f 118/118/120 99/99/101 100/100/102
f 100/100/102 101/101/103 118/118/120
f 119/119/121 108/108/110 110/110/112
f 118/118/120 106/106/108 119/119/121
f 119/119/121 106/106/108 108/108/110
f 119/119/121 110/110/112 113/113/115
f 119/119/121 113/113/115 120/120/122
f 121/121/123 113/113/115 114/114/116
f 120/120/122 113/113/115 121/121/123
f 122/122/124 114/114/116 116/116/118
f 121/121/123 114/114/116 122/122/124
f 122/122/124 116/116/118 123/123/125
f 122/122/124 123/123/125 124/124/126
f 124/124/126 123/123/125 125/125/127
f 124/124/126 125/125/127 126/126/128
f 126/126/128 125/125/127 127/127/129
f 126/126/128 127/127/129 128/128/130
f 128/128/130 127/127/129 129/129/131
f 130/130/132 99/99/101 118/118/120
f 130/130/132 118/118/120 131/131/133
f 131/131/133 118/118/120 119/119/121
f 132/132/134 119/119/121 120/120/122
f 131/131/133 119/119/121 132/132/134
f 133/133/135 120/120/122 121/121/123
f 132/132/134 120/120/122 133/133/135
f 133/133/135 121/121/123 134/134/136
f 135/135/137 121/121/123 122/122/124
f 135/135/137 122/122/124 124/124/126
f 134/134/136 121/121/123 135/135/137
f 135/135/137 124/124/126 136/136/138
f 136/136/138 124/124/126 126/126/128
f 136/136/138 126/126/128 137/137/139
f 137/137/139 126/126/128 128/128/130
f 137/137/139 128/128/130 138/138/140
f 128/128/130 129/129/131 139/139/141
f 138/138/140 128/128/130 139/139/141
f 138/138/140 139/139/141 140/140/142
f 140/140/142 139/139/141 141/141/143
f 142/142/144 131/131/133 143/143/145
f 143/143/145 131/131/133 132/132/134
f 143/143/145 132/132/134 144/144/146
f 144/144/146 132/132/134 133/133/135
f 145/145/147 133/133/135 134/134/136
f 144/144/146 133/133/135 145/145/147
f 145/145/147 134/134/136 146/146/148
f 147/147/149 134/134/136 135/135/137
f 147/147/149 136/136/138 137/137/139
f 146/146/148 134/134/136 147/147/149
f 147/147/149 135/135/137 136/136/138
f 147/147/149 148/148/150 146/146/148
f 147/147/149 137/137/139 148/148/150
f 146/146/148 148/148/150 149/149/151
f 146/146/148 149/149/151 150/150/152
f 146/146/148 150/150/152 145/145/147
f 150/150/152 149/149/151 151/151/153
f 150/150/152 151/151/153 152/152/154
f 150/150/152 152/152/154 153/153/155
f 153/153/155 154/154/156 150/150/152
f 145/145/147 150/150/152 155/155/157
f 150/150/152 154/154/156 155/155/157
f 155/155/157 154/154/156 144/144/146
f 145/145/147 155/155/157 144/144/146
f 144/144/146 154/154/156 156/156/158
f 144/144/146 156/156/158 157/157/159
f 144/144/146 157/157/159 143/143/145
f 143/143/145 157/157/159 158/158/160
f 143/143/145 158/158/160 142/142/144
f 159/159/161 160/160/162 152/152/154
f 152/152/154 160/160/162 161/161/163
f 152/152/154 161/161/163 153/153/155
f 153/153/155 161/161/163 162/162/164
f 153/153/155 162/162/164 154/154/156
f 154/154/156 163/163/165 156/156/158
f 154/154/156 162/162/164 163/163/165
f 156/156/158 163/163/165 164/164/166
f 156/156/158 164/164/166 157/157/159
f 157/157/159 164/164/166 165/165/167
f 157/157/159 165/165/167 158/158/160
f 158/158/160 165/165/167 166/166/168
f 158/158/160 166/166/168 167/167/169
f 167/167/169 166/166/168 168/168/170
f 167/167/169 168/168/170 169/169/171
f 169/169/171 168/168/170 170/170/172
f 169/169/171 170/170/172 171/171/173
f 7/7/7 6/6/6 171/171/173
f 171/171/173 6/6/6 169/169/171
f 171/171/173 170/170/172 172/172/174
f 171/171/173 172/172/174 7/7/7
f 161/161/163 173/173/175 162/162/164
f 161/161/163 174/174/176 173/173/175
f 162/162/164 173/173/175 175/175/177
f 162/162/164 175/175/177 163/163/165
f 163/163/165 175/175/177 176/176/178
f 163/163/165 176/176/178 164/164/166
f 164/164/166 176/176/178 177/177/179
f 165/165/167 178/178/180 166/166/168
f 164/164/166 177/177/179 178/178/180
f 164/164/166 178/178/180 165/165/167
f 166/166/168 178/178/180 179/179/181
f 166/166/168 179/179/181 168/168/170
f 168/168/170 179/179/181 180/180/182
f 168/168/170 180/180/182 170/170/172
f 170/170/172 180/180/182 181/181/183
f 170/170/172 182/182/184 172/172/174
f 170/170/172 181/181/183 182/182/184
f 172/172/174 182/182/184 183/183/185
f 180/180/182 184/184/186 181/181/183
f 184/184/186 185/185/187 181/181/183
f 181/181/183 185/185/187 186/186/188
f 181/181/183 186/186/188 187/187/189
f 187/187/189 183/183/185 182/182/184
f 187/187/189 182/182/184 181/181/183
f 187/187/189 188/188/190 183/183/185
f 187/187/189 186/186/188 188/188/190
f 189/189/191 190/190/192 191/191/193
f 191/191/193 190/190/192 192/192/194
f 191/191/193 192/192/194 193/193/195
f 193/193/195 192/192/194 194/194/196
f 193/193/195 194/194/196 195/195/197
f 195/195/197 194/194/196 196/196/198
f 196/196/198 194/194/196 197/197/199
f 196/196/198 197/197/199 198/198/200
f 198/198/200 197/197/199 199/199/201
f 198/198/200 200/200/202 184/184/186
f 184/184/186 200/200/202 185/185/187
f 198/198/200 199/199/201 200/200/202
f 185/185/187 200/200/202 201/201/203
f 23/23/23 202/202/204 21/21/21
f 185/185/187 201/201/203 202/202/204
f 185/185/187 202/202/204 186/186/188
f 23/23/23 203/203/205 202/202/204
f 186/186/188 202/202/204 203/203/205
f 186/186/188 203/203/205 188/188/190
f 188/188/190 203/203/205 204/204/206
f 190/190/192 205/205/207 192/192/194
f 192/192/194 206/206/208 194/194/196
f 192/192/194 205/205/207 206/206/208
f 194/194/196 206/206/208 207/207/209
f 194/194/196 207/207/209 197/197/199
f 197/197/199 208/208/210 199/199/201
f 197/197/199 207/207/209 208/208/210
f 199/199/201 208/208/210 209/209/211
f 200/200/202 210/210/212 201/201/203
f 199/199/201 209/209/211 210/210/212
f 199/199/201 210/210/212 200/200/202
f 201/201/203 210/210/212 211/211/213
f 202/202/204 211/211/213 21/21/21
f 201/201/203 211/211/213 202/202/204
f 21/21/21 211/211/213 212/212/214
f 21/21/21 212/212/214 17/17/17
f 17/17/17 212/212/214 213/213/215
f 213/213/215 212/212/214 211/211/213
f 213/213/215 12/12/12 17/17/17
f 213/213/215 13/13/13 12/12/12
f 214/214/216 215/215/217 216/216/218
f 216/216/218 215/215/217 217/217/219
f 190/190/192 218/218/220 205/205/207
f 216/216/218 217/217/219 218/218/220
f 218/218/220 217/217/219 219/219/221
f 218/218/220 219/219/221 205/205/207
f 205/205/207 220/220/222 206/206/208
f 205/205/207 219/219/221 220/220/222
f 206/206/208 221/221/223 207/207/209
f 206/206/208 220/220/222 221/221/223
f 207/207/209 221/221/223 222/222/224
f 207/207/209 222/222/224 208/208/210
f 208/208/210 222/222/224 223/223/225
f 208/208/210 223/223/225 209/209/211
f 209/209/211 223/223/225 224/224/226
f 209/209/211 224/224/226 210/210/212
f 15/15/15 225/225/227 224/224/226
f 225/225/227 13/13/13 213/213/215
f 211/211/213 225/225/227 213/213/215
f 210/210/212 225/225/227 211/211/213
f 15/15/15 13/13/13 225/225/227
f 210/210/212 224/224/226 225/225/227
f 226/226/228 227/227/229 228/228/230
f 15/15/15 229/229/231 227/227/229
f 228/228/230 227/227/229 229/229/231
f 230/230/232 224/224/226 223/223/225
f 15/15/15 224/224/226 230/230/232
f 230/230/232 229/229/231 15/15/15
f 228/228/230 229/229/231 230/230/232
f 231/231/233 14/14/14 15/15/15
f 15/15/15 227/227/229 231/231/233
f 231/231/233 227/227/229 232/232/234
f 231/231/233 232/232/234 233/233/235
f 231/231/233 234/234/236 14/14/14
f 231/231/233 233/233/235 234/234/236
f 222/222/224 221/221/223 235/235/237
f 235/235/237 223/223/225 222/222/224
f 230/230/232 223/223/225 235/235/237
f 235/235/237 228/228/230 230/230/232
f 235/235/237 221/221/223 236/236/238
f 235/235/237 236/236/238 228/228/230
f 237/237/239 16/16/16 12/12/12
f 237/237/239 18/18/18 16/16/16
f 19/19/19 18/18/18 237/237/239
f 237/237/239 12/12/12 238/238/240
f 14/14/14 238/238/240 12/12/12
f 234/234/236 238/238/240 14/14/14
f 237/237/239 238/238/240 19/19/19
f 239/239/241 238/238/240 234/234/236
f 19/19/19 238/238/240 239/239/241
f 204/204/206 203/203/205 240/240/242
f 240/240/242 203/203/205 23/23/23
f 22/22/22 20/20/20 241/241/243
f 241/241/243 20/20/20 19/19/19
f 241/241/243 19/19/19 242/242/244
f 242/242/244 19/19/19 239/239/241
f 242/242/244 239/239/241 243/243/245
f 242/242/244 243/243/245 244/244/246
f 244/244/246 243/243/245 245/245/247
f 245/245/247 243/243/245 246/246/248
f 234/234/236 246/246/248 239/239/241
f 233/233/235 246/246/248 234/234/236
f 239/239/241 246/246/248 243/243/245
f 245/245/247 246/246/248 247/247/249
f 232/232/234 248/248/250 233/233/235
f 233/233/235 248/248/250 246/246/248
f 247/247/249 246/246/248 248/248/250
f 247/247/249 248/248/250 249/249/251
f 232/232/234 250/250/252 248/248/250
f 249/249/251 248/248/250 250/250/252
f 251/251/253 23/23/23 22/22/22
f 240/240/242 23/23/23 251/251/253
f 251/251/253 22/22/22 252/252/254
f 252/252/254 22/22/22 241/241/243
f 252/252/254 241/241/243 242/242/244
f 253/253/255 242/242/244 244/244/246
f 252/252/254 242/242/244 253/253/255
f 253/253/255 254/254/256 252/252/254
f 252/252/254 254/254/256 251/251/253
f 253/253/255 244/244/246 254/254/256
f 254/254/256 244/244/246 255/255/257
f 254/254/256 255/255/257 256/256/258
f 257/257/259 255/255/257 258/258/260
f 259/259/261 255/255/257 244/244/246
f 258/258/260 255/255/257 259/259/261
f 260/260/262 244/244/246 245/245/247
f 259/259/261 244/244/246 260/260/262
f 260/260/262 245/245/247 261/261/263
f 261/261/263 245/245/247 247/247/249
f 262/262/264 247/247/249 249/249/251
f 261/261/263 247/247/249 262/262/264
f 262/262/264 249/249/251 263/263/265
f 263/263/265 249/249/251 264/264/266
f 249/249/251 250/250/252 264/264/266
f 263/263/265 264/264/266 265/265/267
f 263/263/265 265/265/267 266/266/268
f 266/266/268 265/265/267 267/267/269
f 267/267/269 265/265/267 268/268/270
f 264/264/266 268/268/270 265/265/267
f 267/267/269 268/268/270 269/269/271
f 269/269/271 268/268/270 270/270/272
f 270/270/272 268/268/270 271/271/273
f 262/262/264 272/272/274 261/261/263
f 261/261/263 272/272/274 273/273/275
f 261/261/263 273/273/275 260/260/262
f 260/260/262 273/273/275 259/259/261
f 259/259/261 273/273/275 274/274/276
f 259/259/261 274/274/276 275/275/277
f 275/275/277 274/274/276 276/276/278
f 275/275/277 276/276/278 277/277/279
f 277/277/279 276/276/278 278/278/280
f 278/278/280 276/276/278 279/279/281
f 279/279/281 276/276/278 280/280/282
f 280/280/282 273/273/275 272/272/274
f 280/280/282 276/276/278 274/274/276
f 280/280/282 274/274/276 273/273/275
f 281/281/283 262/262/264 263/263/265
f 263/263/265 266/266/268 281/281/283
f 281/281/283 266/266/268 282/282/284
f 283/283/285 272/272/274 262/262/264
f 281/281/283 282/282/284 283/283/285
f 283/283/285 262/262/264 281/281/283
f 283/283/285 282/282/284 284/284/286
f 285/285/287 279/279/281 280/280/282
f 285/285/287 280/280/282 272/272/274
f 283/283/285 284/284/286 285/285/287
f 285/285/287 272/272/274 283/283/285
f 285/285/287 284/284/286 286/286/288
f 285/285/287 286/286/288 287/287/289
f 287/287/289 278/278/280 279/279/281
f 287/287/289 279/279/281 285/285/287
f 287/287/289 286/286/288 288/288/290
f 287/287/289 288/288/290 289/289/291
f 287/287/289 289/289/291 278/278/280
f 290/290/292 288/288/290 286/286/288
f 291/291/293 288/288/290 290/290/292
f 292/292/294 286/286/288 284/284/286
f 290/290/292 286/286/288 292/292/294
f 292/292/294 284/284/286 293/293/295
f 293/293/295 284/284/286 282/282/284
f 293/293/295 282/282/284 294/294/296
f 294/294/296 282/282/284 266/266/268
f 294/294/296 266/266/268 295/295/297
f 295/295/297 267/267/269 269/269/271
f 295/295/297 266/266/268 267/267/269
f 295/295/297 269/269/271 296/296/298
f 297/297/299 269/269/271 270/270/272
f 296/296/298 269/269/271 297/297/299
f 297/297/299 270/270/272 298/298/300
f 270/270/272 271/271/273 298/298/300
f 297/297/299 298/298/300 299/299/301
f 299/299/301 298/298/300 300/300/302
f 299/299/301 300/300/302 301/301/303
f 302/302/304 291/291/293 303/303/305
f 303/303/305 291/291/293 290/290/292
f 303/303/305 290/290/292 304/304/306
f 304/304/306 290/290/292 292/292/294
f 305/305/307 292/292/294 293/293/295
f 304/304/306 292/292/294 305/305/307
f 305/305/307 293/293/295 306/306/308
f 306/306/308 293/293/295 294/294/296
f 306/306/308 294/294/296 307/307/309
f 307/307/309 294/294/296 295/295/297
f 308/308/310 296/296/298 297/297/299
f 308/308/310 295/295/297 296/296/298
f 307/307/309 295/295/297 308/308/310
f 309/309/311 297/297/299 299/299/301
f 308/308/310 297/297/299 309/309/311
f 310/310/312 299/299/301 301/301/303
f 309/309/311 299/299/301 310/310/312
f 310/310/312 301/301/303 311/311/313
f 298/298/300 271/271/273 312/312/314
f 298/298/300 313/313/315 300/300/302
f 298/298/300 312/312/314 313/313/315
f 300/300/302 313/313/315 314/314/316
f 300/300/302 314/314/316 315/315/317
f 300/300/302 315/315/317 301/301/303
f 315/315/317 314/314/316 316/316/318
f 315/315/317 316/316/318 317/317/319
f 317/317/319 316/316/318 318/318/320
f 317/317/319 318/318/320 319/319/321
f 320/320/322 321/321/323 316/316/318
f 320/320/322 316/316/318 314/314/316
f 322/322/324 321/321/323 320/320/322
f 323/323/325 314/314/316 313/313/315
f 323/323/325 313/313/315 312/312/314
f 320/320/322 314/314/316 323/323/325
f 323/323/325 312/312/314 324/324/326
f 323/323/325 324/324/326 325/325/327
f 325/325/327 324/324/326 326/326/328
f 325/325/327 326/326/328 327/327/329
f 327/327/329 326/326/328 328/328/330
f 226/226/228 329/329/331 227/227/229
f 328/328/330 329/329/331 226/226/228
f 328/328/330 326/326/328 329/329/331
f 227/227/229 329/329/331 330/330/332
f 227/227/229 330/330/332 232/232/234
f 232/232/234 330/330/332 331/331/333
f 331/331/333 330/330/332 329/329/331
f 331/331/333 250/250/252 232/232/234
f 331/331/333 329/329/331 332/332/334
f 332/332/334 329/329/331 326/326/328
f 332/332/334 326/326/328 324/324/326
f 333/333/335 324/324/326 312/312/314
f 333/333/335 312/312/314 271/271/273
f 333/333/335 271/271/273 268/268/270
f 332/332/334 324/324/326 333/333/335
f 333/333/335 268/268/270 334/334/336
f 333/333/335 334/334/336 332/332/334
f 332/332/334 334/334/336 331/331/333
f 331/331/333 334/334/336 250/250/252
f 264/264/266 250/250/252 334/334/336
f 264/264/266 334/334/336 268/268/270
f 335/335/337 336/336/338 337/174/339
f 338/337/340 339/338/341 336/336/338
f 336/336/338 340/339/342 337/174/339
f 336/336/338 339/338/341 340/339/342
f 337/174/339 340/339/342 341/340/343
f 337/174/339 341/340/343 342/341/344
f 337/174/339 342/341/344 343/161/345
f 343/161/345 342/341/344 344/160/346
f 343/161/345 344/160/346 345/152/347
f 345/152/347 344/160/346 346/159/348
f 347/71/349 348/78/350 349/77/351
f 349/77/351 348/78/350 350/342/352
f 350/342/352 348/78/350 351/343/353
f 350/342/352 351/343/353 341/340/343
f 341/340/343 351/343/353 342/341/344
f 342/341/344 351/343/353 344/160/346
f 352/344/354 351/343/353 348/78/350
f 344/160/346 351/343/353 352/344/354
f 353/70/355 347/71/349 349/77/351
f 354/65/356 347/71/349 353/70/355
f 353/70/355 349/77/351 355/76/357
f 355/76/357 349/77/351 350/342/352
f 356/75/358 350/342/352 341/340/343
f 356/75/358 341/340/343 340/339/342
f 355/76/357 350/342/352 356/75/358
f 340/339/342 357/74/359 356/75/358
f 340/339/342 339/338/341 357/74/359
f 356/75/358 357/74/359 358/68/360
f 356/75/358 359/69/361 355/76/357
f 355/76/357 359/69/361 353/70/355
f 356/75/358 358/68/360 359/69/361
f 353/70/355 360/64/362 354/65/356
f 353/70/355 359/69/361 360/64/362
f 354/65/356 360/64/362 361/41/363
f 354/65/356 361/41/363 362/31/364
f 354/65/356 363/72/365 347/71/349
f 354/65/356 362/31/364 363/72/365
f 347/71/349 364/79/366 348/78/350
f 347/71/349 363/72/365 364/79/366
f 348/78/350 364/79/366 365/345/367
f 348/78/350 365/345/367 352/344/354
f 361/41/363 366/32/368 362/31/364
f 362/31/364 366/32/368 367/27/369
f 362/31/364 368/30/370 363/72/365
f 362/31/364 367/27/369 368/30/370
f 363/72/365 368/30/370 369/38/371
f 363/72/365 369/38/371 370/39/372
f 363/72/365 370/39/372 364/79/366
f 364/79/366 370/39/372 371/40/373
f 364/79/366 372/346/374 365/345/367
f 364/79/366 371/40/373 372/346/374
f 365/345/367 372/346/374 373/347/375
f 365/345/367 373/347/375 374/348/376
f 352/344/354 365/345/367 374/348/376
f 352/344/354 374/348/376 344/160/346
f 374/348/376 373/347/375 375/349/377
f 374/348/376 375/349/377 376/350/378
f 374/348/376 376/350/378 377/351/379
f 344/160/346 374/348/376 377/351/379
f 377/351/379 376/350/378 378/352/380
f 378/352/380 376/350/378 379/353/381
f 378/352/380 379/353/381 380/354/382
f 381/97/383 382/96/384 383/84/385
f 383/84/385 382/96/384 384/80/386
f 384/80/386 382/96/384 385/95/387
f 381/97/383 385/95/387 382/96/384
f 384/80/386 385/95/387 386/82/388
f 384/80/386 386/82/388 387/81/389
f 384/80/386 387/81/389 371/40/373
f 371/40/373 388/355/390 372/346/374
f 371/40/373 387/81/389 388/355/390
f 372/346/374 388/355/390 389/356/391
f 372/346/374 389/356/391 373/347/375
f 373/347/375 389/356/391 375/349/377
f 376/350/378 390/357/392 379/353/381
f 375/349/377 389/356/391 390/357/392
f 375/349/377 390/357/392 376/350/378
f 379/353/381 390/357/392 391/140/393
f 391/140/393 390/357/392 392/358/394
f 393/138/395 379/353/381 391/140/393
f 380/354/382 379/353/381 393/138/395
f 393/138/395 391/140/393 394/128/396
f 394/128/396 391/140/393 395/139/397
f 395/139/397 391/140/393 392/358/394
f 395/139/397 392/358/394 396/141/398
f 396/141/398 392/358/394 397/359/399
f 396/141/398 397/359/399 398/360/400
f 389/356/391 388/355/390 399/361/401
f 398/360/400 397/359/399 399/361/401
f 399/361/401 388/355/390 387/81/389
f 400/91/402 399/361/401 387/81/389
f 398/360/400 399/361/401 400/91/402
f 400/91/402 387/81/389 401/90/403
f 400/91/402 401/90/403 402/89/404
f 402/89/404 401/90/403 403/86/405
f 402/89/404 403/86/405 404/88/406
f 404/88/406 403/86/405 405/87/407
f 404/88/406 405/87/407 406/92/408
f 406/92/408 405/87/407 407/93/409
f 408/102/410 400/91/402 402/89/404
f 409/362/411 400/91/402 408/102/410
f 410/103/412 402/89/404 404/88/406
f 408/102/410 402/89/404 410/103/412
f 411/104/413 404/88/406 406/92/408
f 410/103/412 404/88/406 411/104/413
f 411/104/413 406/92/408 412/101/414
f 411/104/413 412/101/414 413/105/415
f 413/105/415 412/101/414 414/106/416
f 413/105/415 414/106/416 415/107/417
f 416/109/418 417/363/419 415/107/417
f 415/107/417 418/364/420 413/105/415
f 415/107/417 417/363/419 418/364/420
f 413/105/415 419/365/421 411/104/413
f 413/105/415 418/364/420 419/365/421
f 411/104/413 420/366/422 410/103/412
f 411/104/413 419/365/421 420/366/422
f 410/103/412 420/366/422 421/367/423
f 410/103/412 421/367/423 422/368/424
f 410/103/412 422/368/424 408/102/410
f 408/102/410 422/368/424 423/369/425
f 408/102/410 423/369/425 409/362/411
f 409/362/411 423/369/425 424/370/426
f 409/362/411 424/370/426 400/91/402
f 400/91/402 424/370/426 425/371/427
f 400/91/402 425/371/427 398/360/400
f 398/360/400 425/371/427 426/372/428
f 398/360/400 426/372/428 396/141/398
f 427/108/429 415/107/417 414/106/416
f 416/109/418 415/107/417 427/108/429
f 427/108/429 414/106/416 428/119/430
f 428/119/430 414/106/416 429/118/431
f 412/101/414 429/118/431 414/106/416
f 428/119/430 429/118/431 430/131/432
f 430/131/432 429/118/431 431/130/433
f 430/131/432 431/130/433 432/373/434
f 432/373/434 431/130/433 433/374/435
f 432/373/434 433/374/435 434/375/436
f 434/375/436 433/374/435 435/376/437
f 434/375/436 435/376/437 436/377/438
f 436/377/438 435/376/437 437/6/439
f 437/6/439 435/376/437 438/4/440
f 438/4/440 435/376/437 439/2/441
f 438/4/440 439/2/441 440/5/442
f 440/5/442 439/2/441 441/378/443
f 441/378/443 439/2/441 442/379/444
f 441/378/443 442/379/444 443/380/445
f 407/93/409 444/100/446 406/92/408
f 444/100/446 429/118/431 412/101/414
f 406/92/408 444/100/446 412/101/414
f 429/118/431 445/99/447 431/130/433
f 431/130/433 445/99/447 433/374/435
f 444/100/446 407/93/409 445/99/447
f 429/118/431 444/100/446 445/99/447
f 433/374/435 445/99/447 446/381/448
f 446/381/448 445/99/447 447/382/449
f 446/381/448 447/382/449 448/383/450
f 448/383/450 447/382/449 381/97/383
f 448/383/450 381/97/383 449/11/451
f 449/11/451 381/97/383 450/8/452
f 449/11/451 450/8/452 451/9/453
f 451/9/453 450/8/452 452/10/454
f 451/9/453 453/1/455 449/11/451
f 451/9/453 452/10/454 453/1/455
f 453/1/455 454/3/456 439/2/441
f 439/2/441 454/3/456 442/379/444
f 453/1/455 452/10/454 454/3/456
f 442/379/444 454/3/456 455/384/457
f 443/380/445 442/379/444 456/257/458
f 442/379/444 455/384/457 456/257/458
f 456/257/458 455/384/457 457/258/459
f 443/380/445 456/257/458 458/255/460
f 458/255/460 456/257/458 457/258/459
f 458/255/460 457/258/459 459/259/461
f 459/259/461 457/258/459 460/385/462
f 460/385/462 457/258/459 455/384/457
f 460/385/462 455/384/457 461/386/463
f 462/387/464 454/3/456 452/10/454
f 461/386/463 455/384/457 462/387/464
f 462/387/464 455/384/457 454/3/456
f 462/387/464 452/10/454 463/388/465
f 463/388/465 452/10/454 464/389/466
f 464/389/466 452/10/454 450/8/452
f 464/389/466 450/8/452 465/390/467
f 465/390/467 450/8/452 381/97/383
f 465/390/467 381/97/383 383/84/385
f 465/390/467 383/84/385 466/26/468
f 384/80/386 467/37/469 383/84/385
f 466/26/468 383/84/385 467/37/469
f 462/387/464 463/388/465 468/391/470
f 469/392/471 463/388/465 464/389/466
f 468/391/470 463/388/465 469/392/471
f 469/392/471 464/389/466 470/393/472
f 470/393/472 464/389/466 465/390/467
f 471/394/473 465/390/467 466/26/468
f 470/393/472 465/390/467 471/394/473
f 471/394/473 466/26/468 472/24/474
f 472/24/474 466/26/468 473/25/475
f 472/24/474 473/25/475 474/395/476
f 474/395/476 473/25/475 475/34/477
f 474/395/476 475/34/477 476/396/478
f 474/395/476 476/396/478 477/397/479
f 474/395/476 477/397/479 478/398/480
f 478/398/480 477/397/479 479/399/481
f 478/398/480 479/399/481 480/400/482
f 478/398/480 480/400/482 481/401/483
f 481/401/483 480/400/482 482/402/484
f 483/403/485 468/391/470 469/392/471
f 483/403/485 484/404/486 468/391/470
f 485/405/487 484/404/486 483/403/485
f 486/406/488 485/405/487 483/403/485
f 483/403/485 469/392/471 486/406/488
f 486/406/488 470/393/472 471/394/473
f 486/406/488 469/392/471 470/393/472
f 486/406/488 471/394/473 487/407/489
f 487/407/489 471/394/473 472/24/474
f 488/408/490 478/398/480 487/407/489
f 487/407/489 472/24/474 488/408/490
f 488/408/490 474/395/476 478/398/480
f 488/408/490 472/24/474 474/395/476
f 487/407/489 478/398/480 489/409/491
f 489/409/491 486/406/488 487/407/489
f 489/409/491 478/398/480 481/401/483
f 489/409/491 481/401/483 490/410/492
f 489/409/491 490/410/492 491/411/493
f 491/411/493 490/410/492 492/412/494
f 484/404/486 485/405/487 492/412/494
f 492/412/494 485/405/487 491/411/493
f 492/412/494 490/410/492 493/413/495
f 489/409/491 494/414/496 486/406/488
f 491/411/493 494/414/496 489/409/491
f 494/414/496 485/405/487 486/406/488
f 491/411/493 485/405/487 494/414/496
f 490/410/492 495/415/497 493/413/495
f 495/415/497 481/401/483 482/402/484
f 490/410/492 481/401/483 495/415/497
f 495/415/497 482/402/484 496/416/498
f 493/413/495 495/415/497 496/416/498
f 496/416/498 482/402/484 497/417/499
f 496/416/498 497/417/499 498/418/500
f 498/418/500 497/417/499 499/419/501
f 498/418/500 499/419/501 500/420/502
f 500/420/502 499/419/501 501/421/503
f 500/420/502 501/421/503 502/422/504
f 502/422/504 501/421/503 503/423/505
f 502/422/504 503/423/505 504/424/506
f 502/422/504 504/424/506 505/425/507
f 505/425/507 500/420/502 502/422/504
f 505/425/507 504/424/506 506/426/508
f 506/426/508 504/424/506 507/427/509
f 506/426/508 507/427/509 508/428/510
f 508/428/510 507/427/509 509/429/511
f 508/428/510 509/429/511 510/430/512
f 511/431/513 506/426/508 508/428/510
f 508/428/510 510/430/512 511/431/513
f 505/425/507 506/426/508 511/431/513
f 512/432/514 496/416/498 498/418/500
f 493/413/495 496/416/498 512/432/514
f 513/433/515 498/418/500 500/420/502
f 512/432/514 498/418/500 513/433/515
f 505/425/507 514/434/516 500/420/502
f 511/431/513 514/434/516 505/425/507
f 513/433/515 500/420/502 514/434/516
f 513/433/515 514/434/516 515/435/517
f 516/436/518 514/434/516 511/431/513
f 515/435/517 514/434/516 516/436/518
f 511/431/513 517/437/519 516/436/518
f 511/431/513 510/430/512 517/437/519
f 516/436/518 517/437/519 518/438/520
f 516/436/518 518/438/520 515/435/517
f 515/435/517 518/438/520 519/439/521
f 493/413/495 512/432/514 520/440/522
f 515/435/517 519/439/521 520/440/522
f 520/440/522 519/439/521 521/441/523
f 520/440/522 521/441/523 493/413/495
f 493/413/495 522/442/524 492/412/494
f 493/413/495 521/441/523 522/442/524
f 492/412/494 523/443/525 484/404/486
f 492/412/494 522/442/524 523/443/525
f 484/404/486 523/443/525 524/444/526
f 484/404/486 524/444/526 525/445/527
f 525/445/527 524/444/526 526/446/528
f 525/445/527 526/446/528 527/447/529
f 527/447/529 526/446/528 528/448/530
f 527/447/529 528/448/530 529/449/531
f 530/450/532 531/451/533 519/439/521
f 519/439/521 531/451/533 521/441/523
f 521/441/523 531/451/533 522/442/524
f 522/442/524 531/451/533 523/443/525
f 530/450/532 532/452/534 531/451/533
f 523/443/525 531/451/533 533/453/535
f 523/443/525 533/453/535 524/444/526
f 524/444/526 533/453/535 526/446/528
f 526/446/528 534/454/536 528/448/530
f 526/446/528 533/453/535 534/454/536
f 528/448/530 534/454/536 535/455/537
f 535/455/537 534/454/536 536/456/538
f 536/456/538 534/454/536 537/457/539
f 533/453/535 537/457/539 534/454/536
f 531/451/533 537/457/539 533/453/535
f 532/452/534 537/457/539 531/451/533
f 538/458/540 537/457/539 532/452/534
f 536/456/538 537/457/539 538/458/540
f 538/458/540 532/452/534 539/459/541
f 539/459/541 532/452/534 530/450/532
f 539/459/541 530/450/532 540/460/542
f 541/461/543 527/447/529 542/462/544
f 542/462/544 527/447/529 529/449/531
f 542/462/544 529/449/531 543/463/545
f 542/462/544 544/464/546 541/461/543
f 542/462/544 543/463/545 544/464/546
f 541/461/543 544/464/546 545/465/547
f 545/465/547 544/464/546 546/466/548
f 545/465/547 546/466/548 547/467/549
f 545/465/547 547/467/549 548/468/550
f 545/465/547 548/468/550 549/469/551
f 545/465/547 549/469/551 550/470/552
f 545/465/547 551/471/553 541/461/543
f 545/465/547 550/470/552 551/471/553
f 541/461/543 551/471/553 552/472/554
f 541/461/543 552/472/554 527/447/529
f 527/447/529 552/472/554 525/445/527
f 525/445/527 553/473/555 484/404/486
f 484/404/486 553/473/555 468/391/470
f 468/391/470 553/473/555 552/472/554
f 525/445/527 552/472/554 553/473/555
f 468/391/470 552/472/554 554/474/556
f 554/474/556 462/387/464 468/391/470
f 554/474/556 461/386/463 462/387/464
f 554/474/556 552/472/554 551/471/553
f 555/475/557 461/386/463 554/474/556
f 554/474/556 551/471/553 555/475/557
f 555/475/557 460/385/462 461/386/463
f 555/475/557 551/471/553 550/470/552
f 556/476/558 459/259/461 460/385/462
f 556/476/558 460/385/462 555/475/557
f 555/475/557 550/470/552 556/476/558
f 557/477/559 550/470/552 549/469/551
f 556/476/558 550/470/552 557/477/559
f 557/477/559 549/469/551 558/478/560
f 558/478/560 549/469/551 559/479/561
f 558/478/560 559/479/561 560/480/562
f 561/481/563 562/278/564 563/482/565
f 563/482/565 562/278/564 564/483/566
f 564/483/566 558/478/560 560/480/562
f 564/483/566 557/477/559 558/478/560
f 564/483/566 560/480/562 563/482/565
f 564/483/566 562/278/564 565/277/567
f 566/484/568 557/477/559 564/483/566
f 564/483/566 565/277/567 566/484/568
f 566/484/568 556/476/558 557/477/559
f 566/484/568 567/275/569 556/476/558
f 566/484/568 565/277/567 567/275/569
f 567/275/569 459/259/461 556/476/558
f 563/482/565 560/480/562 568/485/570
f 568/485/570 560/480/562 569/486/571
f 559/479/561 569/486/571 560/480/562
f 568/485/570 569/486/571 570/487/572
f 570/487/572 569/486/571 571/488/573
f 571/488/573 569/486/571 572/489/574
f 572/489/574 569/486/571 559/479/561
f 561/481/563 563/482/565 573/490/575
f 573/490/575 563/482/565 568/485/570
f 574/491/576 568/485/570 570/487/572
f 573/490/575 568/485/570 574/491/576
f 575/492/577 570/487/572 571/488/573
f 574/491/576 570/487/572 575/492/577
f 575/492/577 571/488/573 576/493/578
f 575/492/577 577/494/579 574/491/576
f 573/490/575 578/288/580 561/481/563
f 574/491/576 578/288/580 573/490/575
f 577/494/579 578/288/580 574/491/576
f 561/481/563 578/288/580 579/287/581
f 561/481/563 579/287/581 562/278/564
f 562/278/564 579/287/581 580/279/582
f 562/278/564 580/279/582 581/276/583
f 565/277/567 581/276/583 567/275/569
f 562/278/564 581/276/583 565/277/567
f 567/275/569 581/276/583 582/274/584
f 567/275/569 582/274/584 459/259/461
f 583/302/585 577/494/579 575/492/577
f 584/495/586 585/496/587 586/497/588
f 587/498/589 588/499/590 589/500/591
f 589/500/591 588/499/590 590/501/592
f 589/500/591 590/501/592 591/502/593
f 589/500/591 591/502/593 592/503/594
f 592/503/594 593/504/595 585/496/596
f 592/503/594 591/502/593 593/504/595
f 585/496/596 593/504/595 594/505/597
f 585/496/596 594/505/597 595/506/598
f 595/506/598 594/505/597 596/507/599
f 595/506/598 596/507/599 597/508/600
f 591/502/593 590/501/592 598/509/601
f 598/509/601 590/501/592 599/510/602
f 598/509/601 599/510/602 600/511/603
f 601/512/604 600/511/603 602/513/605
f 602/513/605 600/511/603 599/510/602
f 603/514/606 590/501/592 588/499/590
f 603/514/606 599/510/602 590/501/592
f 602/513/605 599/510/602 603/514/606
f 603/514/606 588/499/590 604/515/607
f 603/514/606 604/515/607 605/516/608
f 603/514/606 605/516/608 602/513/605
f 602/513/605 606/517/609 601/512/604
f 602/513/605 605/516/608 606/517/609
f 601/512/604 606/517/609 607/518/610
f 601/512/604 607/518/610 608/519/611
f 594/505/597 593/504/595 609/520/612
f 610/521/613 591/502/593 598/509/601
f 593/504/595 591/502/593 610/521/613
f 609/520/612 593/504/595 610/521/613
f 609/520/612 610/521/613 611/522/614
f 610/521/613 598/509/601 612/523/615
f 611/522/614 610/521/613 612/523/615
f 611/522/614 612/523/615 613/524/616
f 614/525/617 612/523/615 598/509/601
f 613/524/616 612/523/615 614/525/617
f 614/525/617 598/509/601 615/526/618
f 615/526/618 598/509/601 600/511/603
f 616/527/619 601/512/604 608/519/611
f 616/527/619 600/511/603 601/512/604
f 615/526/618 600/511/603 616/527/619
f 616/527/619 608/519/611 617/528/620
f 596/507/599 594/505/597 618/529/621
f 618/529/621 594/505/597 609/520/612
f 619/530/622 609/520/612 611/522/614
f 619/530/622 611/522/614 613/524/616
f 618/529/621 609/520/612 619/530/622
f 619/530/622 613/524/616 620/531/623
f 621/532/624 613/524/616 614/525/617
f 620/531/623 613/524/616 621/532/624
f 621/532/624 614/525/617 622/533/625
f 622/533/625 614/525/617 615/526/618
f 622/533/625 615/526/618 616/527/619
f 622/533/625 616/527/619 617/528/620
f 622/533/625 617/528/620 621/532/624
f 621/532/624 617/528/620 623/534/626
f 624/535/627 625/536/628 626/537/629
f 627/538/630 628/539/631 629/540/632
f 630/539/633 631/538/634 632/540/635
f 633/541/636 116/116/118 117/117/119
f 633/541/636 117/117/119 634/542/637
f 633/541/636 634/542/637 635/543/638
f 635/543/638 634/542/637 636/544/639
f 636/544/639 634/542/637 111/111/113
f 637/363/640 111/111/113 109/109/111
f 637/363/640 109/109/111 107/107/109
f 636/544/639 111/111/113 637/363/640
f 637/363/640 107/107/109 638/364/641
f 638/364/641 107/107/109 105/105/107
f 639/365/642 105/105/107 104/104/106
f 638/364/641 105/105/107 639/365/642
f 640/366/643 104/104/106 103/103/105
f 639/365/642 104/104/106 640/366/643
f 640/366/643 103/103/105 641/367/644
f 642/368/645 103/103/105 102/102/104
f 641/367/644 103/103/105 642/368/645
f 642/368/645 102/102/104 643/369/646
f 102/102/104 91/91/93 644/362/647
f 643/369/646 102/102/104 644/362/647
f 645/370/648 644/362/647 91/91/93
f 643/369/646 644/362/647 645/370/648
f 645/370/648 91/91/93 646/371/649
f 646/371/649 91/91/93 647/360/650
f 647/360/650 91/91/93 648/361/651
f 648/361/651 91/91/93 81/81/83
f 648/361/651 81/81/83 649/355/652
f 649/355/652 81/81/83 40/40/42
f 649/355/652 40/40/42 650/346/653
f 650/346/653 40/40/42 79/79/81
f 650/346/653 79/79/81 651/345/654
f 651/345/654 79/79/81 78/78/80
f 651/345/654 78/78/80 652/344/655
f 652/344/655 653/343/656 160/160/162
f 652/344/655 78/78/80 653/343/656
f 160/160/162 654/341/657 161/161/163
f 161/161/163 654/341/657 174/174/176
f 160/160/162 653/343/656 654/341/657
f 655/354/658 138/138/140 140/140/142
f 655/354/658 148/148/150 137/137/139
f 149/149/151 148/148/150 655/354/658
f 655/354/658 137/137/139 138/138/140
f 149/149/151 655/354/658 656/352/659
f 149/149/151 656/352/659 151/151/153
f 151/151/153 656/352/659 657/351/660
f 151/151/153 657/351/660 160/160/162
f 160/160/162 658/348/661 652/344/655
f 160/160/162 657/351/660 658/348/661
f 652/344/655 658/348/661 651/345/654
f 651/345/654 659/347/662 650/346/653
f 651/345/654 658/348/661 659/347/662
f 649/355/652 660/356/663 648/361/651
f 650/346/653 660/356/663 649/355/652
f 650/346/653 659/347/662 660/356/663
f 648/361/651 660/356/663 661/545/664
f 648/361/651 662/359/665 647/360/650
f 647/360/650 662/359/665 141/141/143
f 648/361/651 661/545/664 662/359/665
f 141/141/143 662/359/665 663/358/666
f 141/141/143 663/358/666 140/140/142
f 656/352/659 664/350/667 657/351/660
f 657/351/660 664/350/667 658/348/661
f 659/347/662 665/349/668 660/356/663
f 658/348/661 664/350/667 665/349/668
f 658/348/661 665/349/668 659/347/662
f 660/356/663 665/349/668 666/357/669
f 666/357/669 665/349/668 664/350/667
f 660/356/663 666/357/669 661/545/664
f 667/353/670 140/140/142 663/358/666
f 655/354/658 140/140/142 667/353/670
f 667/353/670 656/352/659 655/354/658
f 667/353/670 663/358/666 666/357/669
f 667/353/670 664/350/667 656/352/659
f 667/353/670 666/357/669 664/350/667
f 139/139/141 129/129/131 668/372/671
f 139/139/141 668/372/671 141/141/143
f 141/141/143 668/372/671 647/360/650
f 647/360/650 668/372/671 646/371/649
f 669/542/672 111/111/673 670/112/674
f 671/112/675 669/542/676 672/115/677
f 117/117/678 673/542/679 672/115/680
f 674/536/681 675/535/682 676/537/683
f 677/29/684 475/34/477 368/30/370
f 677/29/684 476/396/478 475/34/477
f 367/27/685 677/29/686 678/28/687
f 480/400/482 679/546/688 482/402/484
f 482/402/484 679/546/688 497/417/499
f 497/417/499 680/547/689 499/419/501
f 497/417/499 679/546/688 680/547/689
f 499/419/501 680/547/689 681/548/690
f 499/419/501 681/548/690 682/549/691
f 682/549/691 681/548/690 683/550/692
f 682/549/691 683/550/692 684/551/693
f 684/551/693 683/550/692 685/552/694
f 686/553/695 683/550/692 476/396/478
f 686/553/695 476/396/478 677/29/684
f 685/552/694 683/550/692 686/553/695
f 687/33/696 475/34/477 473/25/475
f 687/33/696 473/25/475 466/26/468
f 687/33/696 466/26/468 467/37/469
f 368/30/370 475/34/477 687/33/696
f 499/419/501 682/549/691 688/554/697
f 499/419/501 688/554/697 501/421/503
f 501/421/503 688/554/697 689/555/698
f 689/555/698 688/554/697 690/556/699
f 690/556/699 688/554/697 682/549/691
f 690/556/699 682/549/691 691/557/700
f 691/557/700 682/549/691 692/558/701
f 692/558/701 682/549/691 684/551/693
f 693/559/702 684/551/693 685/552/694
f 692/558/701 684/551/693 693/559/702
f 371/40/373 694/36/703 384/80/386
f 370/39/372 694/36/703 371/40/373
f 384/80/386 694/36/703 467/37/469
f 370/39/372 695/35/704 694/36/703
f 687/33/696 695/35/704 368/30/370
f 467/37/469 695/35/704 687/33/696
f 467/37/469 694/36/703 695/35/704
f 369/38/371 695/35/704 370/39/372
f 368/30/370 695/35/704 369/38/371
f 696/560/705 697/561/706 698/562/707
f 698/562/707 697/561/706 699/563/708
f 699/563/708 697/561/706 700/564/709
f 699/563/708 700/564/709 701/565/710
f 699/563/708 701/565/710 702/566/711
f 702/566/711 701/565/710 703/567/712
f 702/566/711 703/567/712 704/568/713
f 698/562/707 705/569/714 696/560/705
f 696/560/705 705/569/714 706/570/715
f 706/570/715 705/569/714 707/571/716
f 706/570/715 707/571/716 708/572/717
f 708/572/717 707/571/716 709/573/718
f 709/573/718 702/566/711 704/568/713
f 709/573/718 707/571/716 702/566/711
f 709/573/718 704/568/713 710/574/719
f 709/573/718 711/575/720 708/572/717
f 709/573/718 710/574/719 711/575/720
f 708/572/717 711/575/720 712/576/721
f 708/572/717 712/576/721 713/577/722
f 708/572/717 713/577/722 706/570/715
f 706/570/715 714/578/723 696/560/705
f 706/570/715 713/577/722 714/578/723
f 696/560/705 714/578/723 715/579/724
f 715/579/724 714/578/723 716/580/725
f 716/580/725 714/578/723 717/581/726
f 713/577/722 717/581/726 714/578/723
f 716/580/725 717/581/726 718/582/727
f 718/582/727 717/581/726 719/583/728
f 713/577/722 720/584/729 717/581/726
f 719/583/728 717/581/726 720/584/729
f 719/583/728 720/584/729 721/585/730
f 721/585/730 720/584/729 722/586/731
f 721/585/730 722/586/731 723/587/732
f 723/587/732 722/586/731 724/588/733
f 723/587/732 724/588/733 725/589/734
f 726/590/735 724/588/733 722/586/731
f 725/589/734 724/588/733 726/590/735
f 726/590/735 722/586/731 727/591/736
f 727/591/736 722/586/731 720/584/729
f 727/591/736 720/584/729 713/577/722
f 713/577/722 712/576/721 727/591/736
f 728/592/737 726/590/735 727/591/736
f 727/591/736 712/576/721 728/592/737
f 728/592/737 712/576/721 711/575/720
f 728/592/737 711/575/720 729/593/738
f 730/594/739 726/590/735 728/592/737
f 728/592/737 729/593/738 730/594/739
f 730/594/739 729/593/738 731/595/740
f 731/595/740 729/593/738 732/596/741
f 731/595/740 732/596/741 733/597/742
f 731/595/740 734/598/743 730/594/739
f 731/595/740 733/597/742 734/598/743
f 730/594/739 735/599/744 726/590/735
f 730/594/739 734/598/743 735/599/744
f 736/600/745 737/601/746 734/598/743
f 734/598/743 738/602/747 735/599/744
f 734/598/743 737/601/746 738/602/747
f 735/599/744 738/602/747 739/603/748
f 735/599/744 740/604/749 726/590/735
f 726/590/735 740/604/749 725/589/734
f 735/599/744 739/603/748 740/604/749
f 741/605/750 740/604/749 739/603/748
f 725/589/734 740/604/749 741/605/750
f 741/605/750 739/603/748 742/606/751
f 741/605/750 742/606/751 743/607/752
f 741/605/750 743/607/752 744/608/753
f 741/605/750 744/608/753 725/589/734
f 725/589/734 745/609/754 723/587/732
f 725/589/734 744/608/753 745/609/754
f 723/587/732 745/609/754 746/610/755
f 746/610/755 745/609/754 747/611/756
f 747/611/756 745/609/754 744/608/753
f 738/602/747 748/612/757 739/603/748
f 737/601/746 748/612/757 738/602/747
f 739/603/748 749/613/758 742/606/751
f 739/603/748 748/612/757 749/613/758
f 742/606/751 749/613/758 750/614/759
f 750/614/759 749/613/758 751/615/760
f 751/615/760 749/613/758 752/616/761
f 752/616/761 749/613/758 748/612/757
f 747/611/756 744/608/753 753/617/762
f 753/617/762 744/608/753 743/607/752
f 753/617/762 743/607/752 754/618/763
f 753/617/762 754/618/763 755/619/764
f 753/617/762 756/620/765 747/611/756
f 753/617/762 755/619/764 756/620/765
f 178/178/180 177/177/179 757/621/766
f 757/621/766 177/177/179 758/622/767
f 757/621/766 758/622/767 759/623/768
f 751/615/760 752/616/761 759/623/768
f 759/623/768 760/624/769 751/615/760
f 759/623/768 758/622/767 760/624/769
f 751/615/760 760/624/769 761/625/770
f 751/615/760 761/625/770 750/614/759
f 742/606/751 762/626/771 743/607/752
f 750/614/759 761/625/770 762/626/771
f 750/614/759 762/626/771 742/606/751
f 743/607/752 762/626/771 763/627/772
f 743/607/752 763/627/772 754/618/763
f 754/618/763 763/627/772 764/628/773
f 764/628/773 763/627/772 765/629/774
f 764/628/773 765/629/774 766/630/775
f 766/630/775 765/629/774 767/631/776
f 767/631/776 765/629/774 768/632/777
f 767/631/776 768/632/777 769/633/778
f 758/622/767 770/634/779 760/624/769
f 760/624/769 771/635/780 761/625/770
f 760/624/769 770/634/779 771/635/780
f 761/625/770 771/635/780 772/636/781
f 761/625/770 772/636/781 762/626/771
f 762/626/771 772/636/781 773/637/782
f 762/626/771 773/637/782 763/627/772
f 763/627/772 773/637/782 774/638/783
f 763/627/772 774/638/783 765/629/774
f 765/629/774 775/639/784 768/632/777
f 765/629/774 774/638/783 775/639/784
f 768/632/777 776/640/785 769/633/778
f 768/632/777 775/639/784 776/640/785
f 769/633/778 776/640/785 777/641/786
f 769/633/778 777/641/786 778/642/787
f 769/633/778 778/642/787 779/643/788
f 779/643/788 778/642/787 780/644/789
f 780/644/789 778/642/787 781/645/790
f 774/638/783 773/637/782 782/646/791
f 774/638/783 782/646/791 775/639/784
f 783/647/792 773/637/782 772/636/781
f 782/646/791 773/637/782 783/647/792
f 783/647/792 772/636/781 784/648/793
f 784/648/793 772/636/781 771/635/780
f 784/648/793 771/635/780 785/649/794
f 785/649/794 771/635/780 770/634/779
f 785/649/794 770/634/779 786/650/795
f 175/175/177 786/650/795 176/176/178
f 786/650/795 770/634/779 787/651/796
f 177/177/179 787/651/796 758/622/767
f 176/176/178 787/651/796 177/177/179
f 176/176/178 786/650/795 787/651/796
f 758/622/767 787/651/796 770/634/779
f 775/639/784 788/652/797 776/640/785
f 775/639/784 782/646/791 788/652/797
f 776/640/785 788/652/797 789/653/798
f 782/646/791 790/654/799 788/652/797
f 789/653/798 788/652/797 790/654/799
f 789/653/798 790/654/799 791/655/800
f 791/655/800 790/654/799 792/656/801
f 791/655/800 792/656/801 793/657/802
f 793/657/802 792/656/801 794/658/803
f 786/650/795 795/659/804 785/649/794
f 794/658/803 792/656/801 795/659/804
f 796/660/805 786/650/795 175/175/177
f 794/658/803 795/659/804 796/660/805
f 796/660/805 795/659/804 786/650/795
f 173/173/175 174/174/176 797/335/806
f 797/335/806 798/661/807 173/173/175
f 175/175/177 798/661/807 796/660/805
f 173/173/175 798/661/807 175/175/177
f 796/660/805 798/661/807 799/662/808
f 794/658/803 800/663/809 793/657/802
f 796/660/805 800/663/809 794/658/803
f 796/660/805 799/662/808 800/663/809
f 793/657/802 800/663/809 801/664/810
f 793/657/802 802/665/811 791/655/800
f 791/655/800 802/665/811 789/653/798
f 793/657/802 801/664/810 802/665/811
f 789/653/798 803/666/812 776/640/785
f 776/640/785 803/666/812 777/641/786
f 789/653/798 802/665/811 803/666/812
f 777/641/786 803/666/812 804/667/813
f 777/641/786 804/667/813 805/668/814
f 778/642/787 805/668/814 781/645/790
f 777/641/786 805/668/814 778/642/787
f 798/661/807 806/669/815 799/662/808
f 798/661/807 797/335/806 806/669/815
f 799/662/808 806/669/815 807/670/816
f 799/662/808 807/670/816 800/663/809
f 800/663/809 808/671/817 801/664/810
f 800/663/809 807/670/816 808/671/817
f 801/664/810 809/672/818 802/665/811
f 801/664/810 808/671/817 809/672/818
f 802/665/811 809/672/818 810/673/819
f 802/665/811 810/673/819 803/666/812
f 803/666/812 811/674/820 804/667/813
f 803/666/812 810/673/819 811/674/820
f 804/667/813 811/674/820 812/675/821
f 804/667/813 812/675/821 813/676/822
f 804/667/813 814/677/823 805/668/814
f 805/668/814 814/677/823 781/645/790
f 804/667/813 813/676/822 814/677/823
f 781/645/790 814/677/823 815/678/824
f 797/335/806 174/174/176 816/336/825
f 806/669/815 817/337/826 807/670/816
f 797/335/806 816/336/825 817/337/826
f 797/335/806 817/337/826 806/669/815
f 807/670/816 818/679/827 808/671/817
f 808/671/817 818/679/827 809/672/818
f 807/670/816 817/337/826 818/679/827
f 809/672/818 818/679/827 819/680/828
f 809/672/818 819/680/828 820/681/829
f 820/681/829 819/680/828 821/682/830
f 821/682/830 66/66/68 56/56/58
f 821/682/830 819/680/828 73/73/75
f 73/73/75 66/66/68 821/682/830
f 821/682/830 56/56/58 822/683/831
f 822/683/831 56/56/58 54/54/56
f 820/681/829 821/682/830 822/683/831
f 823/338/832 818/679/827 817/337/826
f 823/338/832 819/680/828 818/679/827
f 73/73/75 819/680/828 823/338/832
f 823/338/832 74/74/76 73/73/75
f 823/338/832 817/337/826 816/336/825
f 824/339/833 75/75/77 74/74/76
f 823/338/832 816/336/825 824/339/833
f 824/339/833 816/336/825 174/174/176
f 824/339/833 74/74/76 823/338/832
f 825/340/834 174/174/176 654/341/657
f 824/339/833 174/174/176 825/340/834
f 825/340/834 654/341/657 653/343/656
f 825/340/834 75/75/77 824/339/833
f 826/342/835 77/77/79 76/76/78
f 826/342/835 78/78/80 77/77/79
f 826/342/835 75/75/77 825/340/834
f 826/342/835 76/76/78 75/75/77
f 825/340/834 653/343/656 826/342/835
f 826/342/835 653/343/656 78/78/80
f 827/684/836 54/54/56 53/53/55
f 822/683/831 54/54/56 827/684/836
f 827/684/836 828/685/837 822/683/831
f 827/684/836 53/53/55 828/685/837
f 822/683/831 828/685/837 829/686/838
f 829/686/838 828/685/837 812/675/821
f 829/686/838 812/675/821 811/674/820
f 829/686/838 811/674/820 810/673/819
f 829/686/838 820/681/829 822/683/831
f 830/687/839 809/672/818 820/681/829
f 830/687/839 820/681/829 829/686/838
f 830/687/839 810/673/819 809/672/818
f 829/686/838 810/673/819 830/687/839
f 702/566/840 831/563/841 832/571/842
f 831/563/843 833/571/844 834/569/845
f 835/563/846 698/562/847 834/569/848
f 836/688/849 755/619/764 837/689/850
f 838/690/851 839/691/852 840/692/853
f 839/691/852 838/690/851 841/693/854
f 839/691/855 842/694/856 843/695/857
f 844/696/858 845/697/859 846/698/860
f 846/698/860 845/697/859 847/699/861
f 847/699/861 848/700/862 842/694/863
f 847/699/861 845/697/859 848/700/862
f 847/699/861 842/694/863 849/701/864
f 849/701/864 842/694/863 850/702/865
f 849/701/864 850/702/865 851/703/866
f 849/701/864 852/704/867 847/699/861
f 847/699/861 852/704/867 846/698/860
f 849/701/864 851/703/866 852/704/867
f 848/700/862 845/697/859 853/705/868
f 845/697/859 844/696/858 853/705/868
f 853/705/868 844/696/858 854/706/869
f 853/705/868 854/706/869 855/707/870
f 853/705/868 855/707/870 856/708/871
f 856/708/871 855/707/870 857/709/872
f 856/708/871 857/709/872 858/710/873
f 856/708/871 858/710/873 859/711/874
f 859/711/874 858/710/873 860/712/875
f 860/712/875 858/710/873 861/713/876
f 848/700/862 853/705/868 862/714/877
f 862/714/877 853/705/868 856/708/871
f 862/714/877 856/708/871 863/715/878
f 863/715/878 856/708/871 859/711/874
f 863/715/878 859/711/874 864/716/879
f 864/716/879 859/711/874 860/712/875
f 864/716/879 860/712/875 865/717/880
f 865/717/880 860/712/875 861/713/876
f 865/717/880 861/713/876 866/718/881
f 866/718/881 861/713/876 867/719/882
f 866/718/881 867/719/882 868/720/883
f 866/718/881 869/721/884 865/717/880
f 866/718/881 868/720/883 869/721/884
f 865/717/880 869/721/884 870/722/885
f 865/717/880 870/722/885 864/716/879
f 864/716/879 870/722/885 871/723/886
f 864/716/879 871/723/886 872/724/887
f 867/719/888 873/725/889 874/726/890
f 874/726/890 873/725/889 875/727/891
f 875/727/891 873/725/889 876/728/892
f 876/728/892 873/725/889 877/729/893
f 876/728/892 877/729/893 878/730/894
f 876/728/892 878/730/894 875/727/891
f 875/727/891 878/730/894 879/731/895
f 879/731/895 878/730/894 880/732/896
f 879/731/895 880/732/896 881/733/897
f 881/733/897 880/732/896 882/734/898
f 882/734/898 880/732/896 883/735/899
f 883/735/899 880/732/896 884/736/900
f 884/736/900 880/732/896 885/737/901
f 886/738/902 878/730/894 877/729/893
f 885/737/901 880/732/896 886/738/902
f 886/738/902 880/732/896 878/730/894
f 884/736/900 887/739/903 883/735/899
f 883/735/899 887/739/903 888/740/904
f 883/735/899 889/741/905 882/734/898
f 883/735/899 888/740/904 889/741/905
f 882/734/898 889/741/905 890/742/906
f 890/742/906 889/741/905 891/743/907
f 890/742/906 891/743/907 892/744/908
f 892/744/908 891/743/907 893/745/909
f 893/745/909 891/743/907 889/741/905
f 893/745/909 889/741/905 888/740/904
f 894/746/910 893/745/911 895/747/912
f 896/748/913 897/749/914 898/750/915
f 899/751/916 900/752/917 901/753/918
f 902/754/919 900/752/920 903/755/921
f 900/752/920 902/754/919 904/756/922
f 905/757/923 906/758/924 907/759/925
f 907/759/925 906/758/924 908/760/926
f 907/759/925 908/760/926 899/751/927
f 899/751/927 908/760/926 909/761/928
f 899/751/927 909/761/928 910/762/929
f 911/763/930 910/762/929 909/761/928
f 912/764/931 910/762/929 911/763/930
f 913/765/932 909/761/928 908/760/926
f 911/763/930 909/761/928 913/765/932
f 913/765/932 908/760/926 914/766/933
f 914/766/933 908/760/926 906/758/924
f 915/767/934 906/758/924 905/757/923
f 914/766/933 906/758/924 915/767/934
f 915/767/934 905/757/923 916/768/935
f 916/768/935 905/757/923 917/769/936
f 917/769/936 905/757/923 918/770/937
f 917/769/936 918/770/937 919/771/938
f 919/771/938 918/770/937 920/772/939
f 920/772/939 918/770/937 921/773/940
f 921/773/940 918/770/937 922/774/941
f 923/775/942 905/757/923 907/759/925
f 922/774/941 918/770/937 923/775/942
f 923/775/942 918/770/937 905/757/923
f 921/773/940 922/774/941 924/776/943
f 925/777/944 926/778/945 924/776/943
f 924/776/943 926/778/945 927/779/946
f 924/776/943 927/779/946 928/780/947
f 928/780/947 927/779/946 929/781/948
f 928/780/947 929/781/948 930/782/949
f 930/782/949 929/781/948 931/783/950
f 930/782/949 931/783/950 932/784/951
f 930/782/949 932/784/951 933/785/952
f 930/782/949 933/785/952 928/780/947
f 928/780/947 933/785/952 934/786/953
f 934/786/953 933/785/952 920/772/939
f 934/786/953 920/772/939 921/773/940
f 934/786/953 921/773/940 924/776/943
f 934/786/953 924/776/943 928/780/947
f 932/784/954 935/787/955 936/788/956
f 936/788/956 935/787/955 937/789/957
f 936/788/956 937/789/957 938/790/958
f 936/788/956 938/790/958 939/791/959
f 940/792/960 938/790/958 937/789/957
f 939/791/959 938/790/958 940/792/960
f 940/792/960 937/789/957 941/793/961
f 940/792/960 941/793/961 942/794/962
f 942/794/962 941/793/961 943/795/963
f 942/794/962 943/795/963 944/796/964
f 942/794/962 944/796/964 945/797/965
f 942/794/962 945/797/965 946/798/966
f 942/794/962 946/798/966 947/799/967
f 942/794/962 947/799/967 948/800/968
f 942/794/962 948/800/968 940/792/960
f 940/792/960 948/800/968 939/791/959
f 946/798/966 945/797/965 949/801/969
f 949/801/969 945/797/965 950/802/970
f 951/803/971 945/797/965 944/796/964
f 950/802/970 945/797/965 951/803/971
f 951/803/971 944/796/964 952/804/972
f 951/803/971 952/804/972 953/805/973
f 953/805/973 952/804/972 954/806/974
f 953/805/973 955/807/975 951/803/971
f 951/803/971 955/807/975 950/802/970
f 953/805/973 954/806/974 955/807/975
f 955/807/976 956/808/977 957/809/978
f 958/810/979 959/811/980 960/812/981
f 961/434/982 962/425/983 963/420/984
f 962/425/983 964/422/985 963/420/984
f 965/357/986 966/358/987 967/545/988
f 967/545/988 966/358/987 968/359/989
f 302/302/304 969/492/990 291/291/293
f 291/291/293 969/492/990 970/813/991
f 970/813/991 288/288/290 291/291/293
f 289/289/291 971/482/992 278/278/280
f 972/490/993 971/482/992 289/289/291
f 972/490/993 289/289/291 288/288/290
f 973/485/994 971/482/992 972/490/993
f 970/813/991 973/485/994 972/490/993
f 972/490/993 288/288/290 970/813/991
f 974/814/995 975/815/996 976/816/997
f 976/816/997 975/815/996 977/817/998
f 977/817/998 975/815/996 978/488/999
f 977/817/998 978/488/999 979/493/1000
f 979/493/1000 978/488/999 969/492/990
f 970/813/991 980/487/1001 973/485/994
f 969/492/990 978/488/999 980/487/1001
f 969/492/990 980/487/1001 970/813/991
f 981/818/1002 982/819/1003 974/814/995
f 974/814/995 982/819/1003 975/815/996
f 975/815/996 982/819/1003 983/489/1004
f 975/815/996 983/489/1004 978/488/999
f 980/487/1001 984/486/1005 973/485/994
f 978/488/999 983/489/1004 984/486/1005
f 978/488/999 984/486/1005 980/487/1001
f 971/482/992 973/485/994 985/480/1006
f 973/485/994 984/486/1005 985/480/1006
f 985/480/1006 984/486/1005 986/479/1007
f 983/489/1004 986/479/1007 984/486/1005
f 985/480/1006 986/479/1007 987/478/1008
f 987/478/1008 986/479/1007 988/469/1009
f 987/478/1008 988/469/1009 989/477/1010
f 989/477/1010 988/469/1009 990/470/1011
f 990/470/1011 988/469/1009 991/465/1012
f 990/470/1011 991/465/1012 992/471/1013
f 990/470/1011 992/471/1013 993/475/1014
f 993/475/1014 992/471/1013 994/474/1015
f 993/475/1014 994/474/1015 995/386/1016
f 996/483/1017 987/478/1008 989/477/1010
f 971/482/992 985/480/1006 996/483/1017
f 278/278/280 971/482/992 996/483/1017
f 278/278/280 996/483/1017 277/277/279
f 996/483/1017 985/480/1006 987/478/1008
f 277/277/279 997/484/1018 275/275/277
f 277/277/279 996/483/1017 997/484/1018
f 996/483/1017 989/477/1010 997/484/1018
f 997/484/1018 989/477/1010 998/476/1019
f 998/476/1019 989/477/1010 990/470/1011
f 998/476/1019 990/470/1011 993/475/1014
f 275/275/277 997/484/1018 998/476/1019
f 275/275/277 998/476/1019 259/259/261
f 259/259/261 998/476/1019 999/385/1020
f 259/259/261 999/385/1020 258/258/260
f 999/385/1020 993/475/1014 995/386/1016
f 998/476/1019 993/475/1014 999/385/1020
f 258/258/260 999/385/1020 1000/384/1021
f 999/385/1020 995/386/1016 1000/384/1021
f 258/258/260 1000/384/1021 257/257/259
f 1000/384/1021 995/386/1016 1001/387/1022
f 10/10/10 3/3/3 1001/387/1022
f 1000/384/1021 1001/387/1022 3/3/3
f 995/386/1016 994/474/1015 1001/387/1022
f 1000/384/1021 3/3/3 1002/379/1023
f 1002/379/1023 3/3/3 2/2/2
f 257/257/259 1000/384/1021 1002/379/1023
f 1003/378/1024 2/2/2 5/5/5
f 1002/379/1023 2/2/2 1003/378/1024
f 1003/378/1024 5/5/5 1004/820/1025
f 257/257/259 1002/379/1023 1005/380/1026
f 1005/380/1026 1004/820/1025 256/256/258
f 1005/380/1026 1003/378/1024 1004/820/1025
f 1005/380/1026 256/256/258 255/255/257
f 1005/380/1026 1002/379/1023 1003/378/1024
f 1005/380/1026 255/255/257 257/257/259
f 7/7/7 172/172/174 1006/821/1027
f 183/183/185 1006/821/1027 172/172/174
f 188/188/190 1006/821/1027 183/183/185
f 204/204/206 1006/821/1027 188/188/190
f 7/7/7 1006/821/1027 5/5/5
f 204/204/206 1007/822/1028 1006/821/1027
f 5/5/5 1007/822/1028 1004/820/1025
f 5/5/5 1006/821/1027 1007/822/1028
f 251/251/253 1008/823/1029 240/240/242
f 1004/820/1025 1008/823/1029 256/256/258
f 1004/820/1025 1007/822/1028 1008/823/1029
f 240/240/242 1008/823/1029 204/204/206
f 204/204/206 1008/823/1029 1007/822/1028
f 256/256/258 1008/823/1029 1009/824/1030
f 256/256/258 1009/824/1030 254/254/256
f 251/251/253 1009/824/1030 1008/823/1029
f 254/254/256 1009/824/1030 251/251/253
f 1010/376/1031 6/6/6 4/4/4
f 1010/376/1031 4/4/4 2/2/2
f 1011/377/1032 6/6/6 1010/376/1031
f 169/169/171 6/6/6 1011/377/1032
f 1012/375/1033 142/142/144 158/158/160
f 1011/377/1032 1010/376/1031 1012/375/1033
f 130/130/132 1013/374/1034 99/99/101
f 1012/375/1033 1010/376/1031 1013/374/1034
f 130/130/132 131/131/133 1014/373/1035
f 1012/375/1033 1013/374/1034 1014/373/1035
f 1014/373/1035 142/142/144 1012/375/1033
f 1014/373/1035 131/131/133 142/142/144
f 1014/373/1035 1013/374/1034 130/130/132
f 1015/825/1036 158/158/160 167/167/169
f 1015/825/1036 167/167/169 169/169/171
f 1012/375/1033 158/158/160 1015/825/1036
f 1015/825/1036 169/169/171 1011/377/1032
f 1015/825/1036 1011/377/1032 1012/375/1033
f 1013/374/1034 1016/381/1037 99/99/101
f 99/99/101 1017/382/1038 98/98/100
f 99/99/101 1016/381/1037 1017/382/1038
f 98/98/100 1017/382/1038 97/97/99
f 1018/383/1039 11/11/11 97/97/99
f 97/97/99 1017/382/1038 1018/383/1039
f 1018/383/1039 1017/382/1038 1016/381/1037
f 1019/826/1040 1013/374/1034 1010/376/1031
f 1016/381/1037 1013/374/1034 1019/826/1040
f 1018/383/1039 1016/381/1037 1019/826/1040
f 1019/826/1040 1010/376/1031 1020/827/1041
f 1020/827/1041 1010/376/1031 2/2/2
f 1020/827/1041 2/2/2 1/1/1
f 1018/383/1039 1020/827/1041 11/11/11
f 1/1/1 11/11/11 1020/827/1041
f 1018/383/1039 1019/826/1040 1020/827/1041
f 10/10/10 1001/387/1022 1021/388/1042
f 10/10/10 1022/389/1043 8/8/8
f 10/10/10 1021/388/1042 1022/389/1043
f 8/8/8 1022/389/1043 1023/390/1044
f 84/84/86 1023/390/1044 26/26/26
f 97/97/99 1023/390/1044 84/84/86
f 8/8/8 1023/390/1044 97/97/99
f 1001/387/1022 1024/391/1045 1021/388/1042
f 1001/387/1022 994/474/1015 1024/391/1045
f 1021/388/1042 1025/392/1046 1022/389/1043
f 1021/388/1042 1024/391/1045 1025/392/1046
f 1022/389/1043 1025/392/1046 1026/393/1047
f 1022/389/1043 1026/393/1047 1023/390/1044
f 1023/390/1044 1027/394/1048 26/26/26
f 26/26/26 1027/394/1048 24/24/24
f 1023/390/1044 1026/393/1047 1027/394/1048
f 25/25/25 24/24/24 1028/395/1049
f 25/25/25 1028/395/1049 34/34/35
f 34/34/35 1028/395/1049 1029/396/1050
f 1029/396/1050 29/29/36 34/34/35
f 1029/396/1050 1028/395/1049 1030/397/1051
f 1030/397/1051 1028/395/1049 1031/398/1052
f 1030/397/1051 1031/398/1052 1032/399/1053
f 1032/399/1053 1031/398/1052 1033/400/1054
f 1034/409/1055 1035/401/1056 1031/398/1052
f 1031/398/1052 1035/401/1056 1033/400/1054
f 1034/409/1055 1031/398/1052 1036/407/1057
f 1036/407/1057 24/24/24 1027/394/1048
f 1037/408/1058 1031/398/1052 1028/395/1049
f 1037/408/1058 1028/395/1049 24/24/24
f 1037/408/1058 24/24/24 1036/407/1057
f 1036/407/1057 1031/398/1052 1037/408/1058
f 1036/407/1057 1038/406/1059 1034/409/1055
f 1038/406/1059 1027/394/1048 1026/393/1047
f 1038/406/1059 1026/393/1047 1025/392/1046
f 1036/407/1057 1027/394/1048 1038/406/1059
f 1038/406/1059 1025/392/1046 1039/403/1060
f 1039/403/1060 1025/392/1046 1024/391/1045
f 1039/403/1060 1024/391/1045 1040/404/1061
f 1041/405/1062 1038/406/1059 1039/403/1060
f 1039/403/1060 1040/404/1061 1041/405/1062
f 1041/405/1062 1040/404/1061 1042/412/1063
f 1041/405/1062 1042/412/1063 1043/411/1064
f 1043/411/1064 1042/412/1063 1044/410/1065
f 1044/410/1065 1034/409/1055 1043/411/1064
f 1035/401/1056 1034/409/1055 1044/410/1065
f 1044/410/1065 1042/412/1063 1045/413/1066
f 1034/409/1055 1038/406/1059 1046/414/1067
f 1043/411/1064 1046/414/1067 1041/405/1062
f 1043/411/1064 1034/409/1055 1046/414/1067
f 1041/405/1062 1046/414/1067 1038/406/1059
f 1033/400/1054 1035/401/1056 1047/402/1068
f 1033/400/1054 1047/402/1068 1048/546/1069
f 1048/546/1069 1047/402/1068 1049/417/1070
f 1048/546/1069 1049/417/1070 1050/547/1071
f 1050/547/1071 1049/417/1070 1051/419/1072
f 1050/547/1071 1051/419/1072 1052/548/1073
f 1052/548/1073 1051/419/1072 1053/549/1074
f 1052/548/1073 1053/549/1074 1054/550/1075
f 1054/550/1075 1053/549/1074 1055/551/1076
f 1054/550/1075 1055/551/1076 1056/552/1077
f 1054/550/1075 1056/552/1077 1057/553/1078
f 1029/396/1050 1057/553/1078 29/29/36
f 1054/550/1075 1057/553/1078 1029/396/1050
f 1056/552/1077 1055/551/1076 1058/559/1079
f 1059/558/1080 1055/551/1076 1053/549/1074
f 1058/559/1079 1055/551/1076 1059/558/1080
f 1059/558/1080 1053/549/1074 1060/557/1081
f 1060/557/1081 1053/549/1074 1061/556/1082
f 1061/556/1082 1053/549/1074 1062/554/1083
f 1053/549/1074 1051/419/1072 1062/554/1083
f 1061/556/1082 1062/554/1083 1063/555/1084
f 1064/421/1085 1051/419/1072 963/420/984
f 1064/421/1085 963/420/984 964/422/985
f 1062/554/1083 1051/419/1072 1064/421/1085
f 962/425/983 961/434/982 1065/431/1086
f 962/425/983 1065/431/1086 1066/426/1087
f 1066/426/1087 1065/431/1086 1067/428/1088
f 1068/828/1089 1069/829/1090 1070/830/1091
f 1070/830/1091 1069/829/1090 1063/555/1084
f 1070/830/1091 1063/555/1084 1062/554/1083
f 1070/830/1091 1062/554/1083 1064/421/1085
f 1070/830/1091 1064/421/1085 1071/423/1092
f 1071/423/1092 1064/421/1085 964/422/985
f 1070/830/1091 1071/423/1092 1068/828/1089
f 1072/424/1093 964/422/985 962/425/983
f 1072/424/1093 962/425/983 1066/426/1087
f 1071/423/1092 964/422/985 1072/424/1093
f 1072/424/1093 1066/426/1087 1073/427/1094
f 1073/427/1094 1066/426/1087 1067/428/1088
f 1073/427/1094 1067/428/1088 1074/429/1095
f 1075/430/1096 1067/428/1088 1065/431/1086
f 1074/429/1095 1067/428/1088 1075/430/1096
f 1075/430/1096 1065/431/1086 1076/437/1097
f 1065/431/1086 961/434/982 1077/436/1098
f 1076/437/1097 1065/431/1086 1077/436/1098
f 1076/437/1097 1077/436/1098 1078/438/1099
f 1077/436/1098 961/434/982 1079/435/1100
f 1078/438/1099 1077/436/1098 1079/435/1100
f 1068/828/1089 1071/423/1092 1080/831/1101
f 1068/828/1089 1081/832/1102 1069/829/1090
f 1068/828/1089 1080/831/1101 1081/832/1102
f 1069/829/1090 1081/832/1102 1082/833/1103
f 1082/833/1103 1081/832/1102 1083/834/1104
f 1082/833/1103 1083/834/1104 1084/832/1105
f 1082/833/1103 1084/832/1105 1085/829/1106
f 1085/829/1106 1084/832/1105 1086/828/1107
f 1085/829/1106 1086/828/1107 689/555/698
f 503/423/505 1087/830/1108 1086/828/1107
f 689/555/698 1086/828/1107 1087/830/1108
f 689/555/698 1087/830/1108 501/421/503
f 501/421/503 1087/830/1108 503/423/505
f 503/423/505 1086/828/1107 1088/831/1109
f 1088/831/1109 1086/828/1107 1084/832/1105
f 1089/835/1110 1081/832/1102 1080/831/1101
f 1083/834/1104 1081/832/1102 1089/835/1110
f 1088/831/1109 1084/832/1105 1089/835/1110
f 1089/835/1110 1084/832/1105 1083/834/1104
f 1075/430/1096 1076/437/1097 1090/836/1111
f 1090/836/1111 1076/437/1097 1091/837/1112
f 1090/836/1111 1091/837/1112 1092/838/1113
f 1092/838/1113 1091/837/1112 1093/839/1114
f 1092/838/1113 1093/839/1114 1094/840/1115
f 1094/840/1115 1093/839/1114 1095/841/1116
f 1095/841/1116 1093/839/1114 1096/842/1117
f 1095/841/1116 1096/842/1117 1097/843/1118
f 1098/844/1119 1093/839/1114 1091/837/1112
f 1098/844/1119 1096/842/1117 1093/839/1114
f 1097/843/1118 1096/842/1117 1098/844/1119
f 1098/844/1119 1091/837/1112 1099/845/1120
f 1099/845/1120 1091/837/1112 1076/437/1097
f 1099/845/1120 1076/437/1097 1100/846/1121
f 1100/846/1121 1076/437/1097 1078/438/1099
f 1100/846/1121 1078/438/1099 1101/847/1122
f 1101/847/1122 1078/438/1099 1102/439/1123
f 1078/438/1099 1079/435/1100 1102/439/1123
f 1101/847/1122 1102/439/1123 1103/848/1124
f 1102/439/1123 1104/450/1125 1103/848/1124
f 1103/848/1124 1104/450/1125 1105/460/1126
f 1103/848/1124 1105/460/1126 1101/847/1122
f 1101/847/1122 1105/460/1126 1106/849/1127
f 1101/847/1122 1106/849/1127 1100/846/1121
f 1100/846/1121 1107/850/1128 1099/845/1120
f 1099/845/1120 1107/850/1128 1098/844/1119
f 1100/846/1121 1106/849/1127 1107/850/1128
f 1107/850/1128 1106/849/1127 1108/851/1129
f 1108/851/1129 1106/849/1127 1105/460/1126
f 1098/844/1119 1107/850/1128 1108/851/1129
f 1098/844/1119 1108/851/1129 1097/843/1118
f 1108/851/1129 1105/460/1126 1109/852/1130
f 1109/852/1130 1105/460/1126 1110/853/1131
f 1109/852/1130 1110/853/1131 1111/854/1132
f 1111/854/1132 1110/853/1131 1112/855/1133
f 1111/854/1132 1112/855/1133 1113/856/1134
f 1113/856/1134 1112/855/1133 1114/857/1135
f 1114/857/1135 1112/855/1133 1115/858/1136
f 1115/858/1136 1112/855/1133 1110/853/1131
f 1116/859/1137 1110/853/1131 1105/460/1126
f 1115/858/1136 1110/853/1131 1116/859/1137
f 1117/459/1138 1105/460/1126 1104/450/1125
f 1116/859/1137 1105/460/1126 1117/459/1138
f 1117/459/1138 1104/450/1125 1118/452/1139
f 1118/452/1139 1104/450/1125 1119/451/1140
f 1119/451/1140 1104/450/1125 1102/439/1123
f 1119/451/1140 1102/439/1123 1120/441/1141
f 1120/441/1141 1045/413/1066 1121/442/1142
f 1120/441/1141 1121/442/1142 1119/451/1140
f 1121/442/1142 1045/413/1066 1042/412/1063
f 1119/451/1140 1121/442/1142 1122/443/1143
f 1121/442/1142 1042/412/1063 1122/443/1143
f 1122/443/1143 1042/412/1063 1040/404/1061
f 1119/451/1140 1122/443/1143 1123/453/1144
f 1122/443/1143 1040/404/1061 1124/444/1145
f 1123/453/1144 1122/443/1143 1124/444/1145
f 1123/453/1144 1124/444/1145 1125/446/1146
f 1123/453/1144 1125/446/1146 1126/454/1147
f 1123/453/1144 1126/454/1147 1127/457/1148
f 1123/453/1144 1127/457/1148 1119/451/1140
f 1119/451/1140 1127/457/1148 1118/452/1139
f 1118/452/1139 1128/458/1149 1117/459/1138
f 1117/459/1138 1128/458/1149 1116/859/1137
f 1116/859/1137 1128/458/1149 1115/858/1136
f 1118/452/1139 1127/457/1148 1128/458/1149
f 1115/858/1136 1128/458/1149 1129/860/1150
f 1115/858/1136 1129/860/1150 1114/857/1135
f 1130/861/1151 1129/860/1150 1128/458/1149
f 1114/857/1135 1129/860/1150 1130/861/1151
f 1130/861/1151 1131/862/1152 1114/857/1135
f 1130/861/1151 1128/458/1149 1131/862/1152
f 1102/439/1123 1132/440/1153 1120/441/1141
f 1120/441/1141 1132/440/1153 1045/413/1066
f 1102/439/1123 1079/435/1100 1132/440/1153
f 1124/444/1145 1040/404/1061 1133/445/1154
f 1124/444/1145 1133/445/1154 1125/446/1146
f 1125/446/1146 1133/445/1154 1134/447/1155
f 1125/446/1146 1135/448/1156 1126/454/1147
f 1125/446/1146 1134/447/1155 1135/448/1156
f 1126/454/1147 1135/448/1156 1136/455/1157
f 1136/455/1157 1135/448/1156 1137/863/1158
f 1136/455/1157 1137/863/1158 1138/864/1159
f 1138/864/1159 1137/863/1158 1139/865/1160
f 1135/448/1156 1140/449/1161 1137/863/1158
f 1134/447/1155 1140/449/1161 1135/448/1156
f 1137/863/1158 1141/866/1162 1139/865/1160
f 1140/449/1161 1141/866/1162 1137/863/1158
f 1134/447/1155 1142/462/1163 1140/449/1161
f 1140/449/1161 1142/462/1163 1143/463/1164
f 1144/867/1165 1139/865/1160 1141/866/1162
f 1144/867/1165 1141/866/1162 1140/449/1161
f 1140/449/1161 1143/463/1164 1144/867/1165
f 1145/868/1166 1139/865/1160 1144/867/1165
f 1144/867/1165 1143/463/1164 1145/868/1166
f 1145/868/1166 1143/463/1164 1146/869/1167
f 1145/868/1166 1146/869/1167 1147/870/1168
f 1147/870/1168 1146/869/1167 1148/871/1169
f 1147/870/1168 1148/871/1169 1149/872/1170
f 1147/870/1168 1149/872/1170 1150/873/1171
f 1150/873/1171 1149/872/1170 1151/874/1172
f 1150/873/1171 1151/874/1172 1152/875/1173
f 1150/873/1171 1152/875/1173 1147/870/1168
f 1145/868/1166 1153/876/1174 1139/865/1160
f 1147/870/1168 1153/876/1174 1145/868/1166
f 1147/870/1168 1152/875/1173 1153/876/1174
f 1154/877/1175 1139/865/1160 1153/876/1174
f 1138/864/1159 1139/865/1160 1154/877/1175
f 1154/877/1175 1153/876/1174 1155/878/1176
f 1155/878/1176 1153/876/1174 1152/875/1173
f 1155/878/1176 1131/862/1152 1154/877/1175
f 1156/879/1177 1152/875/1173 1151/874/1172
f 1155/878/1176 1152/875/1173 1156/879/1177
f 1156/879/1177 1151/874/1172 1157/880/1178
f 1157/880/1178 1151/874/1172 1158/881/1179
f 1157/880/1178 1158/881/1179 1159/882/1180
f 1159/882/1180 1158/881/1179 1160/883/1181
f 1159/882/1180 1160/883/1181 1161/884/1182
f 1161/884/1182 1160/883/1181 1162/885/1183
f 1162/885/1183 1160/883/1181 1163/886/1184
f 1163/886/1184 1160/883/1181 1164/887/1185
f 1163/886/1184 1164/887/1185 1165/888/1186
f 1163/886/1184 1165/888/1186 1166/889/1187
f 1166/889/1187 1165/888/1186 1167/890/1188
f 1166/889/1187 1167/890/1188 1168/891/1189
f 1169/892/1190 1151/874/1172 1149/872/1170
f 1158/881/1179 1151/874/1172 1169/892/1190
f 1169/892/1190 1149/872/1170 1170/893/1191
f 1169/892/1190 1170/893/1191 1171/894/1192
f 1160/883/1181 1171/894/1192 1164/887/1185
f 1169/892/1190 1171/894/1192 1158/881/1179
f 1158/881/1179 1171/894/1192 1160/883/1181
f 1164/887/1185 1171/894/1192 1172/895/1193
f 1172/895/1193 1171/894/1192 1173/896/1194
f 1173/896/1194 1171/894/1192 1170/893/1191
f 1173/896/1194 1170/893/1191 1174/897/1195
f 1174/897/1195 1175/898/1196 1173/896/1194
f 1174/897/1195 1176/899/1197 1175/898/1196
f 1173/896/1194 1177/900/1198 1172/895/1193
f 1173/896/1194 1175/898/1196 1177/900/1198
f 1172/895/1193 1177/900/1198 1178/901/1199
f 1172/895/1193 1178/901/1199 1164/887/1185
f 1164/887/1185 1178/901/1199 1165/888/1186
f 1165/888/1186 1178/901/1199 1167/890/1188
f 1167/890/1188 1178/901/1199 1179/902/1200
f 1180/903/1201 1178/901/1199 1177/900/1198
f 1180/903/1201 1177/900/1198 1175/898/1196
f 1179/902/1200 1178/901/1199 1180/903/1201
f 1181/904/1202 1175/898/1196 1176/899/1197
f 1180/903/1201 1175/898/1196 1181/904/1202
f 1181/904/1202 1176/899/1197 1182/905/1203
f 1182/905/1203 1176/899/1197 1183/906/1204
f 1184/907/1205 1168/891/1189 1167/890/1188
f 1185/908/1206 1168/891/1189 1184/907/1205
f 1184/907/1205 1167/890/1188 1186/909/1207
f 1186/909/1207 1167/890/1188 1179/902/1200
f 1186/909/1207 1179/902/1200 1180/903/1201
f 1187/910/1208 1180/903/1201 1181/904/1202
f 1186/909/1207 1180/903/1201 1187/910/1208
f 1188/911/1209 1181/904/1202 1182/905/1203
f 1187/910/1208 1181/904/1202 1188/911/1209
f 1188/911/1209 1182/905/1203 1189/912/1210
f 1189/912/1210 1182/905/1203 1190/913/1211
f 1190/913/1211 1182/905/1203 1183/906/1204
f 1190/913/1211 1183/906/1204 1191/914/1212
f 1191/914/1212 1183/906/1204 1192/915/1213
f 1191/914/1212 1192/915/1213 1193/916/1214
f 1193/916/1214 1192/915/1213 1194/917/1215
f 1193/916/1214 1195/918/1216 981/818/1002
f 1193/916/1214 1194/917/1215 1195/918/1216
f 1196/919/1217 1185/908/1206 1184/907/1205
f 1197/920/1218 1185/908/1206 1196/919/1217
f 1196/919/1217 1184/907/1205 1198/921/1219
f 1198/921/1219 1184/907/1205 1186/909/1207
f 1198/921/1219 1186/909/1207 1187/910/1208
f 1199/922/1220 1187/910/1208 1188/911/1209
f 1198/921/1219 1187/910/1208 1199/922/1220
f 1200/923/1221 1188/911/1209 1189/912/1210
f 1199/922/1220 1188/911/1209 1200/923/1221
f 1200/923/1221 1189/912/1210 1201/924/1222
f 1201/924/1222 1189/912/1210 1202/925/1223
f 1202/925/1223 1189/912/1210 1190/913/1211
f 1202/925/1223 1190/913/1211 1203/926/1224
f 1203/926/1224 1190/913/1211 1191/914/1212
f 1204/927/1225 1191/914/1212 1193/916/1214
f 1204/927/1225 1193/916/1214 981/818/1002
f 1204/927/1225 981/818/1002 974/814/995
f 1203/926/1224 1191/914/1212 1204/927/1225
f 1205/928/1226 1197/920/1218 1206/929/1227
f 1206/929/1227 1197/920/1218 1196/919/1217
f 1207/930/1228 1196/919/1217 1198/921/1219
f 1207/930/1228 1198/921/1219 1199/922/1220
f 1206/929/1227 1196/919/1217 1207/930/1228
f 1207/930/1228 1199/922/1220 1208/931/1229
f 1209/932/1230 1199/922/1220 1200/923/1221
f 1209/932/1230 1200/923/1221 1201/924/1222
f 1208/931/1229 1199/922/1220 1209/932/1230
f 1209/932/1230 1201/924/1222 1210/933/1231
f 1210/933/1231 1201/924/1222 1211/934/1232
f 1211/934/1232 1201/924/1222 1202/925/1223
f 1211/934/1232 1202/925/1223 1203/926/1224
f 1211/934/1232 1203/926/1224 1212/935/1233
f 1213/936/1234 1203/926/1224 1204/927/1225
f 1213/936/1234 974/814/995 976/816/997
f 1213/936/1234 1204/927/1225 974/814/995
f 1212/935/1233 1203/926/1224 1213/936/1234
f 1214/937/1235 1185/908/1206 1215/938/1236
f 1215/938/1236 1185/908/1206 1197/920/1218
f 1216/939/1237 1197/920/1218 1205/928/1226
f 1215/938/1236 1197/920/1218 1216/939/1237
f 1216/939/1237 1205/928/1226 1217/940/1238
f 624/535/1239 1218/941/1240 1219/942/1241
f 1219/942/1241 1218/941/1240 1220/943/1242
f 1221/539/1243 1222/944/1244 625/536/628
f 1223/540/1245 625/536/628 624/535/627
f 1221/539/1243 625/536/628 1223/540/1245
f 1223/540/1245 624/535/627 1224/945/1246
f 1223/540/1245 1224/945/1246 1225/946/1247
f 1225/946/1247 1224/945/1246 1226/947/1248
f 1226/947/1248 1227/948/1249 1220/943/1250
f 1226/947/1248 1224/945/1246 1227/948/1249
f 1226/947/1248 1220/943/1250 1228/949/1251
f 1228/949/1251 1220/943/1250 1229/950/1252
f 1228/949/1251 1229/950/1252 1230/951/1253
f 1230/951/1253 1229/950/1252 1231/952/1254
f 1231/952/1254 1229/950/1252 1232/953/1255
f 1231/952/1254 1232/953/1255 1233/954/1256
f 1233/954/1256 1232/953/1255 1234/955/1257
f 1233/954/1256 1234/955/1257 1235/956/1258
f 1235/956/1258 1234/955/1257 1236/957/1259
f 1236/957/1259 1234/955/1257 1237/958/1260
f 1238/959/1261 1239/960/1262 1236/957/1259
f 1236/957/1259 1240/961/1263 1235/956/1258
f 1236/957/1259 1239/960/1262 1240/961/1263
f 1235/956/1258 1240/961/1263 1241/962/1264
f 1235/956/1258 1242/963/1265 1233/954/1256
f 1235/956/1258 1241/962/1264 1242/963/1265
f 1233/954/1256 1242/963/1265 1243/964/1266
f 1233/954/1256 1243/964/1266 1231/952/1254
f 1231/952/1254 1243/964/1266 1244/965/1267
f 1244/965/1267 1243/964/1266 1242/963/1265
f 1245/966/1268 1242/963/1265 1241/962/1264
f 1244/965/1267 1242/963/1265 1245/966/1268
f 1245/966/1268 1241/962/1264 1246/967/1269
f 1246/967/1269 1241/962/1264 1247/968/1270
f 1246/967/1269 1247/968/1270 1248/969/1271
f 1248/969/1271 1247/968/1270 1249/970/1272
f 1248/969/1271 1249/970/1272 1250/971/1273
f 1250/971/1273 1249/970/1272 1251/972/1274
f 1240/961/1263 1252/973/1275 1241/962/1264
f 1241/962/1264 1252/973/1275 1247/968/1270
f 1239/960/1262 1252/973/1275 1240/961/1263
f 1247/968/1270 1252/973/1275 1253/974/1276
f 1253/974/1276 1254/975/1277 1221/539/1243
f 1253/974/1276 1252/973/1275 1254/975/1277
f 1221/539/1243 1254/975/1277 1222/944/1244
f 1253/974/1276 1221/539/1243 1255/538/1278
f 1256/976/1279 1255/538/1278 1251/972/1274
f 1253/974/1276 1255/538/1278 1256/976/1279
f 1256/976/1279 1251/972/1274 1249/970/1272
f 1256/976/1279 1249/970/1272 1247/968/1270
f 1256/976/1279 1247/968/1270 1253/974/1276
f 1248/969/1271 1257/977/1280 1246/967/1269
f 1246/967/1269 1257/977/1280 1258/978/1281
f 1246/967/1269 1258/978/1281 1259/979/1282
f 1246/967/1269 1259/979/1282 1245/966/1268
f 1245/966/1268 1259/979/1282 1260/980/1283
f 1259/979/1282 1258/978/1281 1260/980/1283
f 1245/966/1268 1260/980/1283 1244/965/1267
f 1244/965/1267 1260/980/1283 1261/981/1284
f 1244/965/1267 1261/981/1284 1231/952/1254
f 1230/951/1253 1262/982/1285 1228/949/1251
f 1231/952/1254 1262/982/1285 1230/951/1253
f 1231/952/1254 1261/981/1284 1262/982/1285
f 1228/949/1251 1262/982/1285 1263/983/1286
f 1263/983/1286 1262/982/1285 1264/984/1287
f 1264/984/1287 1258/978/1281 1257/977/1280
f 1265/985/1288 1257/977/1280 1248/969/1271
f 1263/983/1286 1264/984/1287 1265/985/1288
f 1265/985/1288 1264/984/1287 1257/977/1280
f 1260/980/1283 1266/986/1289 1261/981/1284
f 1261/981/1284 1266/986/1289 1262/982/1285
f 1264/984/1287 1266/986/1289 1258/978/1281
f 1262/982/1285 1266/986/1289 1264/984/1287
f 1260/980/1283 1258/978/1281 1266/986/1289
f 1250/971/1273 1251/972/1274 1267/987/1290
f 1268/988/1291 1251/972/1274 1255/538/1278
f 1268/988/1291 1255/538/1278 1223/540/1245
f 1268/988/1291 1223/540/1245 1225/946/1247
f 1267/987/1290 1251/972/1274 1268/988/1291
f 1269/989/1292 1267/987/1290 1268/988/1291
f 1269/989/1292 1225/946/1247 1226/947/1248
f 1268/988/1291 1225/946/1247 1269/989/1292
f 1269/989/1292 1226/947/1248 1270/990/1293
f 1270/990/1293 1226/947/1248 1228/949/1251
f 1271/991/1294 1228/949/1251 1263/983/1286
f 1270/990/1293 1228/949/1251 1271/991/1294
f 1272/992/1295 1263/983/1286 1265/985/1288
f 1271/991/1294 1263/983/1286 1272/992/1295
f 1273/993/1296 1265/985/1288 1248/969/1271
f 1272/992/1295 1265/985/1288 1273/993/1296
f 1273/993/1296 1248/969/1271 1274/994/1297
f 1274/994/1297 1248/969/1271 1250/971/1273
f 1250/971/1273 1267/987/1290 1275/995/1298
f 1274/994/1297 1250/971/1273 1275/995/1298
f 1276/996/1299 1273/993/1296 1274/994/1297
f 1276/996/1299 1272/992/1295 1273/993/1296
f 1274/994/1297 1275/995/1298 1276/996/1299
f 1277/997/1300 1267/987/1290 1269/989/1292
f 1276/996/1299 1275/995/1298 1277/997/1300
f 1275/995/1298 1267/987/1290 1277/997/1300
f 1278/998/1301 1271/991/1294 1272/992/1295
f 1276/996/1299 1277/997/1300 1278/998/1301
f 1278/998/1301 1272/992/1295 1276/996/1299
f 1278/998/1301 1277/997/1300 1269/989/1292
f 1278/998/1301 1270/990/1293 1271/991/1294
f 1278/998/1301 1269/989/1292 1270/990/1293
f 675/535/1302 1279/942/1303 1280/941/1304
f 1280/941/1304 1279/942/1303 1281/943/1305
f 676/537/683 1282/999/1306 674/536/681
f 674/536/681 1282/999/1306 1283/944/1307
f 674/536/681 1283/944/1307 1284/539/1308
f 674/536/681 1284/539/1308 1285/540/1309
f 674/536/681 1285/540/1309 675/535/682
f 675/535/682 1285/540/1309 1286/945/1310
f 1286/945/1310 1285/540/1309 1287/946/1311
f 1286/945/1310 1287/946/1311 1288/947/1312
f 1286/945/1310 1288/947/1312 1289/948/1313
f 1289/948/1313 1288/947/1312 1281/943/1314
f 1281/943/1314 1288/947/1312 1290/949/1315
f 1281/943/1314 1290/949/1315 1291/950/1316
f 1291/950/1316 1290/949/1315 1292/951/1317
f 1291/950/1316 1292/951/1317 1293/952/1318
f 1291/950/1316 1293/952/1318 1294/953/1319
f 1294/953/1319 1293/952/1318 1295/954/1320
f 1294/953/1319 1295/954/1320 1296/955/1321
f 1296/955/1321 1295/954/1320 1297/956/1322
f 1283/944/1307 1298/975/1323 1284/539/1308
f 1283/944/1307 1282/999/1306 1298/975/1323
f 1298/975/1323 1282/999/1306 1299/1000/1324
f 1299/1000/1324 1282/999/1306 1300/1001/1325
f 1299/1000/1324 1300/1001/1325 1301/959/1326
f 1299/1000/1324 1301/959/1326 1302/960/1327
f 1302/960/1327 1301/959/1326 1303/957/1328
f 1297/956/1322 1303/957/1328 1296/955/1321
f 1302/960/1327 1303/957/1328 1304/961/1329
f 1304/961/1329 1303/957/1328 1297/956/1322
f 1304/961/1329 1297/956/1322 1305/962/1330
f 1305/962/1330 1297/956/1322 1306/963/1331
f 1306/963/1331 1297/956/1322 1295/954/1320
f 1306/963/1331 1295/954/1320 1307/964/1332
f 1307/964/1332 1295/954/1320 1293/952/1318
f 1307/964/1332 1293/952/1318 1308/965/1333
f 1307/964/1332 1308/965/1333 1306/963/1331
f 1306/963/1331 1308/965/1333 1309/966/1334
f 1306/963/1331 1309/966/1334 1305/962/1330
f 1305/962/1330 1309/966/1334 1310/967/1335
f 1311/973/1336 1304/961/1329 1305/962/1330
f 1311/973/1336 1302/960/1327 1304/961/1329
f 1311/973/1336 1312/974/1337 1298/975/1323
f 1284/539/1308 1298/975/1323 1312/974/1337
f 1311/973/1336 1298/975/1323 1313/1002/1338
f 1313/1002/1338 1298/975/1323 1299/1000/1324
f 1313/1002/1338 1299/1000/1324 1302/960/1327
f 1313/1002/1338 1302/960/1327 1311/973/1336
f 1311/973/1336 1305/962/1330 1314/968/1339
f 1311/973/1336 1314/968/1339 1312/974/1337
f 1310/967/1335 1314/968/1339 1305/962/1330
f 1312/974/1337 1314/968/1339 1315/976/1340
f 1315/976/1340 1314/968/1339 1316/970/1341
f 1317/969/1342 1314/968/1339 1310/967/1335
f 1316/970/1341 1314/968/1339 1317/969/1342
f 1318/538/1343 1312/974/1337 1315/976/1340
f 1284/539/1308 1312/974/1337 1318/538/1343
f 1318/538/1343 1315/976/1340 1319/972/1344
f 1319/972/1344 1315/976/1340 1316/970/1341
f 1320/971/1345 1316/970/1341 1317/969/1342
f 1319/972/1344 1316/970/1341 1320/971/1345
f 1320/971/1345 1317/969/1342 1321/994/1346
f 1321/994/1346 1317/969/1342 1322/993/1347
f 1321/994/1346 1322/993/1347 1323/996/1348
f 1323/996/1348 1322/993/1347 1324/992/1349
f 1323/996/1348 1324/992/1349 1325/998/1350
f 1325/998/1350 1324/992/1349 1326/991/1351
f 1325/998/1350 1326/991/1351 1327/990/1352
f 1327/990/1352 1326/991/1351 1290/949/1315
f 1327/990/1352 1290/949/1315 1288/947/1312
f 1328/989/1353 1325/998/1350 1327/990/1352
f 1327/990/1352 1288/947/1312 1328/989/1353
f 1288/947/1312 1287/946/1311 1328/989/1353
f 1328/989/1353 1287/946/1311 1329/988/1354
f 1329/988/1354 1318/538/1343 1319/972/1344
f 1329/988/1354 1287/946/1311 1285/540/1309
f 1329/988/1354 1285/540/1309 1318/538/1343
f 1329/988/1354 1319/972/1344 1330/987/1355
f 1330/987/1355 1319/972/1344 1320/971/1345
f 1330/987/1355 1328/989/1353 1329/988/1354
f 1331/995/1356 1321/994/1346 1323/996/1348
f 1330/987/1355 1320/971/1345 1331/995/1356
f 1331/995/1356 1320/971/1345 1321/994/1346
f 1331/995/1356 1323/996/1348 1332/997/1357
f 1332/997/1357 1325/998/1350 1328/989/1353
f 1332/997/1357 1323/996/1348 1325/998/1350
f 1331/995/1356 1332/997/1357 1330/987/1355
f 1330/987/1355 1332/997/1357 1328/989/1353
f 1324/992/1349 1322/993/1347 1333/985/1358
f 1333/985/1358 1322/993/1347 1317/969/1342
f 1333/985/1358 1334/983/1359 1324/992/1349
f 1324/992/1349 1334/983/1359 1326/991/1351
f 1326/991/1351 1334/983/1359 1290/949/1315
f 1290/949/1315 1335/982/1360 1292/951/1317
f 1292/951/1317 1335/982/1360 1293/952/1318
f 1290/949/1315 1334/983/1359 1335/982/1360
f 1293/952/1318 1335/982/1360 1336/981/1361
f 1293/952/1318 1336/981/1361 1308/965/1333
f 1308/965/1333 1337/980/1362 1309/966/1334
f 1308/965/1333 1336/981/1361 1337/980/1362
f 1309/966/1334 1337/980/1362 1338/979/1363
f 1309/966/1334 1338/979/1363 1310/967/1335
f 1339/978/1364 1338/979/1363 1337/980/1362
f 1310/967/1335 1338/979/1363 1339/978/1364
f 1340/986/1365 1336/981/1361 1335/982/1360
f 1339/978/1364 1337/980/1362 1340/986/1365
f 1340/986/1365 1337/980/1362 1336/981/1361
f 1340/986/1365 1335/982/1360 1341/984/1366
f 1341/984/1366 1335/982/1360 1334/983/1359
f 1341/984/1366 1334/983/1359 1333/985/1358
f 1340/986/1365 1341/984/1366 1339/978/1364
f 1333/985/1358 1317/969/1342 1342/977/1367
f 1342/977/1367 1317/969/1342 1310/967/1335
f 1342/977/1367 1310/967/1335 1339/978/1364
f 1342/977/1367 1339/978/1364 1341/984/1366
f 1342/977/1367 1341/984/1366 1333/985/1358
f 1343/1003/1368 1344/1004/1369 589/500/1370
f 1345/1005/1371 1344/1004/1369 1343/1003/1368
f 1346/1006/1372 1347/1007/1373 902/754/1374
f 1348/1008/1375 1347/1007/1373 1346/1006/1372
f 838/690/1376 1349/1009/1377 1350/1010/1378
f 1350/1010/1378 1349/1009/1377 1351/1011/1379
f 1352/358/1380 1353/357/1381 1354/359/1382
f 1354/359/1382 1353/357/1381 1355/545/1383
f 1356/836/1384 517/437/519 510/430/512
f 1356/836/1384 1092/838/1385 1357/837/1386
f 1357/837/1386 517/437/519 1356/836/1384
f 1356/836/1384 510/430/512 1358/1012/1387
f 1358/1012/1387 510/430/512 509/429/511
f 1358/1012/1387 509/429/511 1359/1013/1388
f 1360/1014/1389 1356/836/1384 1358/1012/1387
f 1360/1014/1389 1092/838/1385 1356/836/1384
f 1358/1012/1387 1359/1013/1388 1360/1014/1389
f 1360/1014/1389 1359/1013/1388 1361/1015/1390
f 1360/1014/1389 1362/1016/1391 1092/838/1385
f 1360/1014/1389 1361/1015/1390 1362/1016/1391
f 1363/846/1392 518/438/520 517/437/519
f 1364/845/1393 517/437/519 1357/837/1386
f 1363/846/1392 517/437/519 1364/845/1393
f 1364/845/1393 1357/837/1386 1365/844/1394
f 1364/845/1393 1366/850/1395 1363/846/1392
f 1364/845/1393 1365/844/1394 1366/850/1395
f 1363/846/1392 1366/850/1395 1367/849/1396
f 1368/847/1397 518/438/520 1363/846/1392
f 1363/846/1392 1367/849/1396 1368/847/1397
f 1368/847/1397 1367/849/1396 540/460/542
f 1368/847/1397 519/439/521 518/438/520
f 1368/847/1397 540/460/542 1369/848/1398
f 1369/848/1398 540/460/542 530/450/532
f 1369/848/1398 530/450/532 519/439/521
f 1369/848/1398 519/439/521 1368/847/1397
f 785/649/794 1370/1017/1399 784/648/793
f 795/659/804 792/656/801 1370/1017/1399
f 785/649/794 795/659/804 1370/1017/1399
f 790/654/799 1371/1018/1400 792/656/801
f 782/646/791 1371/1018/1400 790/654/799
f 783/647/792 1371/1018/1400 782/646/791
f 792/656/801 1371/1018/1400 1370/1017/1399
f 783/647/792 1372/1019/1401 1371/1018/1400
f 784/648/793 1372/1019/1401 783/647/792
f 784/648/793 1370/1017/1399 1372/1019/1401
f 1370/1017/1399 1371/1018/1400 1372/1019/1401
f 733/597/742 1373/1020/1402 734/598/743
f 736/600/745 1373/1020/1402 1374/1021/1403
f 734/598/743 1373/1020/1402 736/600/745
f 1374/1021/1403 1373/1020/1402 1375/1022/1404
f 1375/1022/1404 1373/1020/1402 733/597/742
f 736/600/745 1376/1023/1405 737/601/746
f 1374/1021/1403 189/189/191 1376/1023/1405
f 1376/1023/1405 189/189/191 191/191/193
f 736/600/745 1374/1021/1403 1376/1023/1405
f 1377/1024/1406 191/191/193 193/193/195
f 737/601/746 1376/1023/1405 1377/1024/1406
f 1376/1023/1405 191/191/193 1377/1024/1406
f 737/601/746 1377/1024/1406 748/612/757
f 1378/1025/1407 193/193/195 195/195/197
f 748/612/757 1378/1025/1407 752/616/761
f 748/612/757 1377/1024/1406 1378/1025/1407
f 1377/1024/1406 193/193/195 1378/1025/1407
f 752/616/761 1378/1025/1407 1379/1026/1408
f 752/616/761 1379/1026/1408 759/623/768
f 1378/1025/1407 195/195/197 1379/1026/1408
f 759/623/768 1379/1026/1408 1380/1027/1409
f 1381/1028/1410 195/195/197 196/196/198
f 1379/1026/1408 195/195/197 1381/1028/1410
f 1380/1027/1409 1379/1026/1408 1381/1028/1410
f 1380/1027/1409 1382/1029/1411 759/623/768
f 1380/1027/1409 1381/1028/1410 1382/1029/1411
f 759/623/768 1382/1029/1411 757/621/766
f 1383/1030/1412 196/196/198 198/198/200
f 1382/1029/1411 1381/1028/1410 1383/1030/1412
f 1381/1028/1410 196/196/198 1383/1030/1412
f 178/178/180 1384/1031/1413 179/179/181
f 757/621/766 1382/1029/1411 1384/1031/1413
f 1382/1029/1411 1383/1030/1412 1384/1031/1413
f 757/621/766 1384/1031/1413 178/178/180
f 1375/1022/1404 1385/1032/1414 1374/1021/1403
f 1374/1021/1403 1386/1033/1415 189/189/191
f 1374/1021/1403 1385/1032/1414 1386/1033/1415
f 1384/1031/1413 1387/1034/1416 179/179/181
f 1383/1030/1412 198/198/200 1387/1034/1416
f 179/179/181 1387/1034/1416 180/180/182
f 1387/1034/1416 184/184/186 180/180/182
f 1383/1030/1412 1387/1034/1416 1384/1031/1413
f 1387/1034/1416 198/198/200 184/184/186
f 190/190/192 189/189/191 1388/1035/1417
f 190/190/192 1388/1035/1417 1389/1036/1418
f 1389/1036/1418 216/216/218 218/218/220
f 1389/1036/1418 218/218/220 190/190/192
f 1390/1037/1419 214/214/216 216/216/218
f 1390/1037/1419 216/216/218 1389/1036/1418
f 1389/1036/1418 1388/1035/1417 1390/1037/1419
f 1391/1038/1420 1388/1035/1417 189/189/191
f 1391/1038/1420 189/189/191 1386/1033/1415
f 1391/1038/1420 214/214/216 1390/1037/1419
f 1390/1037/1419 1388/1035/1417 1391/1038/1420
f 1392/1039/1421 1386/1033/1415 1385/1032/1414
f 1391/1038/1420 1386/1033/1415 1392/1039/1421
f 1392/1039/1421 214/214/216 1391/1038/1420
f 1392/1039/1421 1385/1032/1414 1393/1040/1422
f 1392/1039/1421 1393/1040/1422 1394/1041/1423
f 1392/1039/1421 1394/1041/1423 214/214/216
f 215/215/217 214/214/216 1395/1042/1424
f 1395/1042/1424 214/214/216 1394/1041/1423
f 1395/1042/1424 1394/1041/1423 1396/1043/1425
f 1396/1043/1425 1394/1041/1423 1397/1044/1426
f 1396/1043/1425 1397/1044/1426 1398/1045/1427
f 1396/1043/1425 1398/1045/1427 1399/1046/1428
f 1399/1046/1428 1398/1045/1427 1400/1047/1429
f 1399/1046/1428 1400/1047/1429 1401/1048/1430
f 1401/1048/1430 1400/1047/1429 1402/1049/1431
f 1402/1049/1431 1400/1047/1429 1403/1050/1432
f 1404/1051/1433 1403/1050/1432 322/322/324
f 1402/1049/1431 1403/1050/1432 1404/1051/1433
f 322/322/324 1403/1050/1432 1405/1052/1434
f 322/322/324 1405/1052/1434 321/321/323
f 321/321/323 1405/1052/1434 1406/1053/1435
f 321/321/323 1406/1053/1435 1407/1054/1436
f 316/316/318 1407/1054/1436 318/318/320
f 321/321/323 1407/1054/1436 316/316/318
f 1402/1049/1431 1404/1051/1433 1408/1055/1437
f 1408/1055/1437 325/325/327 327/327/329
f 1409/1056/1438 1404/1051/1433 322/322/324
f 1408/1055/1437 1404/1051/1433 1409/1056/1438
f 1409/1056/1438 325/325/327 1408/1055/1437
f 1409/1056/1438 320/320/322 323/323/325
f 322/322/324 320/320/322 1409/1056/1438
f 1409/1056/1438 323/323/325 325/325/327
f 1408/1055/1437 1410/1057/1439 1402/1049/1431
f 1408/1055/1437 327/327/329 1410/1057/1439
f 1410/1057/1439 327/327/329 1411/1058/1440
f 1402/1049/1431 1410/1057/1439 1412/1059/1441
f 1410/1057/1439 1411/1058/1440 1412/1059/1441
f 1412/1059/1441 1411/1058/1440 1413/1060/1442
f 1412/1059/1441 1413/1060/1442 1414/1061/1443
f 1414/1061/1443 1413/1060/1442 1415/1062/1444
f 1414/1061/1443 1415/1062/1444 1416/1063/1445
f 1416/1063/1445 1415/1062/1444 1417/1064/1446
f 1418/1065/1447 219/219/221 217/217/219
f 1416/1063/1445 1417/1064/1446 1418/1065/1447
f 1418/1065/1447 1417/1064/1446 219/219/221
f 1419/1066/1448 217/217/219 215/215/217
f 1418/1065/1447 217/217/219 1419/1066/1448
f 1402/1049/1431 1420/1067/1449 1401/1048/1430
f 1402/1049/1431 1412/1059/1441 1420/1067/1449
f 1421/1068/1450 1414/1061/1443 1416/1063/1445
f 1420/1067/1449 1412/1059/1441 1421/1068/1450
f 1421/1068/1450 1412/1059/1441 1414/1061/1443
f 1401/1048/1430 1420/1067/1449 1421/1068/1450
f 1401/1048/1430 1421/1068/1450 1422/1069/1451
f 1421/1068/1450 1416/1063/1445 1422/1069/1451
f 1422/1069/1451 1416/1063/1445 1418/1065/1447
f 1422/1069/1451 1418/1065/1447 1419/1066/1448
f 1396/1043/1425 1423/1070/1452 1395/1042/1424
f 1395/1042/1424 1423/1070/1452 215/215/217
f 215/215/217 1423/1070/1452 1419/1066/1448
f 1422/1069/1451 1419/1066/1448 1423/1070/1452
f 1399/1046/1428 1423/1070/1452 1396/1043/1425
f 1399/1046/1428 1424/1071/1453 1423/1070/1452
f 1401/1048/1430 1424/1071/1453 1399/1046/1428
f 1422/1069/1451 1424/1071/1453 1401/1048/1430
f 1422/1069/1451 1423/1070/1452 1424/1071/1453
f 1417/1064/1446 1415/1062/1444 1425/1072/1454
f 1413/1060/1442 1425/1072/1454 1415/1062/1444
f 1417/1064/1446 1425/1072/1454 1426/1073/1455
f 1426/1073/1455 1425/1072/1454 1427/1074/1456
f 1426/1073/1455 1427/1074/1456 1428/1075/1457
f 1429/1076/1458 1425/1072/1454 1413/1060/1442
f 1429/1076/1458 1427/1074/1456 1425/1072/1454
f 1428/1075/1457 1427/1074/1456 1429/1076/1458
f 1429/1076/1458 1413/1060/1442 1430/1077/1459
f 1430/1077/1459 1413/1060/1442 1411/1058/1440
f 1430/1077/1459 1428/1075/1457 1429/1076/1458
f 1430/1077/1459 1411/1058/1440 1431/1078/1460
f 1431/1078/1460 327/327/329 328/328/330
f 1431/1078/1460 328/328/330 226/226/228
f 1431/1078/1460 1411/1058/1440 327/327/329
f 1431/1078/1460 226/226/228 1432/1079/1461
f 1431/1078/1460 1432/1079/1461 1430/1077/1459
f 226/226/228 228/228/230 1432/1079/1461
f 1430/1077/1459 1432/1079/1461 1428/1075/1457
f 228/228/230 236/236/238 1433/1080/1462
f 1432/1079/1461 228/228/230 1433/1080/1462
f 1432/1079/1461 1433/1080/1462 1428/1075/1457
f 1428/1075/1457 1433/1080/1462 1434/1081/1463
f 1433/1080/1462 236/236/238 1434/1081/1463
f 1428/1075/1457 1434/1081/1463 1426/1073/1455
f 1426/1073/1455 1434/1081/1463 1435/1082/1464
f 1426/1073/1455 1435/1082/1464 1417/1064/1446
f 1417/1064/1446 1435/1082/1464 1436/1083/1465
f 219/219/221 1436/1083/1465 220/220/222
f 1434/1081/1463 1436/1083/1465 1435/1082/1464
f 1417/1064/1446 1436/1083/1465 219/219/221
f 236/236/238 1436/1083/1465 1434/1081/1463
f 221/221/223 1436/1083/1465 236/236/238
f 220/220/222 1436/1083/1465 221/221/223
f 1220/943/1466 1437/942/1467 1438/948/1468
f 1438/948/1468 1437/942/1467 1439/1084/1469
f 1438/948/1468 1439/1084/1469 1440/945/1470
f 1441/945/1471 1442/1084/1472 1443/948/1473
f 1443/948/1473 1442/1084/1472 1444/942/1474
f 1443/948/1473 1444/942/1474 1281/943/1475
f 1296/955/1321 1303/957/1328 1445/958/1476
f 447/382/449 1446/98/1477 381/97/383
f 445/99/447 1446/98/1477 447/382/449
f 445/99/447 407/93/409 1446/98/1477
f 1447/94/1478 407/93/409 405/87/407
f 1447/94/1478 385/95/387 381/97/383
f 381/97/383 1446/98/1477 1447/94/1478
f 1447/94/1478 1446/98/1477 407/93/409
f 1448/85/1479 386/82/388 385/95/387
f 1448/85/1479 385/95/387 1447/94/1478
f 1447/94/1478 405/87/407 1448/85/1479
f 1448/85/1479 405/87/407 403/86/405
f 1449/83/1480 387/81/389 386/82/388
f 1449/83/1480 403/86/405 401/90/403
f 1448/85/1479 403/86/405 1449/83/1480
f 1449/83/1480 386/82/388 1448/85/1479
f 1449/83/1480 401/90/403 387/81/389
f 1450/545/1481 399/361/401 397/359/399
f 390/357/392 389/356/391 1450/545/1481
f 1450/545/1481 389/356/391 399/361/401
f 548/468/550 1451/1085/1482 549/469/551
f 549/469/551 1451/1085/1482 559/479/561
f 547/467/549 1452/1086/1483 548/468/550
f 548/468/550 1453/1087/1484 1451/1085/1482
f 548/468/550 1452/1086/1483 1453/1087/1484
f 1451/1085/1482 1453/1087/1484 1454/819/1485
f 1451/1085/1482 1455/1088/1486 559/479/561
f 1451/1085/1482 1454/819/1485 1455/1088/1486
f 559/479/561 1455/1088/1486 572/489/574
f 1456/1089/1487 1457/1090/1488 1458/1091/1489
f 1458/1091/1489 1457/1090/1488 1459/1092/1490
f 1458/1091/1489 1459/1092/1490 1460/1093/1491
f 1460/1093/1491 1459/1092/1490 1461/1094/1492
f 1461/1094/1492 1459/1092/1490 1462/1095/1493
f 1460/1093/1491 1461/1094/1492 1463/1096/1494
f 1463/1096/1494 1461/1094/1492 1464/1095/1495
f 1463/1096/1494 1464/1095/1495 1465/1097/1496
f 1463/1096/1494 1465/1097/1496 1466/1098/1497
f 1466/1098/1497 1465/1097/1496 1467/1099/1498
f 1466/1098/1497 1467/1099/1498 1468/1100/1499
f 1468/1100/1499 1467/1099/1498 1469/1101/1500
f 1469/1101/1500 1467/1099/1498 1470/1102/1501
f 1469/1101/1500 1470/1102/1501 1471/1103/1502
f 1471/1103/1502 1470/1102/1501 1472/1104/1503
f 1471/1103/1502 1472/1104/1503 1473/1105/1504
f 1473/1105/1504 1472/1104/1503 1474/1106/1505
f 1473/1105/1504 1474/1106/1505 1475/1107/1506
f 1222/944/1244 1476/999/1507 625/536/628
f 625/536/628 1476/999/1507 626/537/629
f 1222/944/1244 1254/975/1277 1476/999/1507
f 1477/1000/1508 1239/960/1262 1238/959/1261
f 1477/1000/1508 1238/959/1261 1478/1001/1509
f 1477/1000/1508 1476/999/1507 1254/975/1277
f 1478/1001/1509 1476/999/1507 1477/1000/1508
f 1479/1002/1510 1239/960/1262 1477/1000/1508
f 1479/1002/1510 1252/973/1275 1239/960/1262
f 1479/1002/1510 1254/975/1277 1252/973/1275
f 1477/1000/1508 1254/975/1277 1479/1002/1510
f 1480/1108/1511 1481/1016/1512 1482/1109/1513
f 1482/1109/1513 1481/1016/1512 1483/1015/1514
f 1482/1109/1513 1483/1015/1514 1092/838/1113
f 1482/1109/1513 1092/838/1113 1484/1110/1515
f 1482/1109/1513 1484/1110/1515 1480/1108/1511
f 1485/1012/1516 1075/430/1096 1090/836/1111
f 1074/429/1095 1075/430/1096 1485/1012/1516
f 1486/1111/1517 1090/836/1111 1092/838/1113
f 1485/1012/1516 1090/836/1111 1486/1111/1517
f 1486/1111/1517 1092/838/1113 1483/1015/1514
f 1486/1111/1517 1483/1015/1514 1487/1013/1518
f 1486/1111/1517 1487/1013/1518 1485/1012/1516
f 1485/1012/1516 1487/1013/1518 1074/429/1095
f 1079/435/1100 961/434/982 1488/433/1519
f 1488/433/1519 961/434/982 963/420/984
f 1488/433/1519 1489/1112/1520 1079/435/1100
f 1079/435/1100 1489/1112/1520 1132/440/1153
f 1132/440/1153 1490/432/1521 1045/413/1066
f 1488/433/1519 1490/432/1521 1489/1112/1520
f 1132/440/1153 1489/1112/1520 1490/432/1521
f 1488/433/1519 963/420/984 1491/418/1522
f 1491/418/1522 1490/432/1521 1488/433/1519
f 1491/418/1522 1051/419/1072 1049/417/1070
f 1491/418/1522 963/420/984 1051/419/1072
f 1492/416/1523 1049/417/1070 1047/402/1068
f 1491/418/1522 1049/417/1070 1492/416/1523
f 1492/416/1523 1045/413/1066 1490/432/1521
f 1492/416/1523 1490/432/1521 1491/418/1522
f 1493/415/1524 1045/413/1066 1492/416/1523
f 1493/415/1524 1047/402/1068 1035/401/1056
f 1493/415/1524 1044/410/1065 1045/413/1066
f 1493/415/1524 1035/401/1056 1044/410/1065
f 1492/416/1523 1047/402/1068 1493/415/1524
f 301/301/303 1494/1113/1525 311/311/313
f 1494/1113/1525 315/315/317 317/317/319
f 301/301/303 315/315/317 1494/1113/1525
f 311/311/313 1494/1113/1525 1495/1114/1526
f 1494/1113/1525 317/317/319 1496/1115/1527
f 1496/1115/1527 317/317/319 319/319/321
f 1495/1114/1526 1494/1113/1525 1496/1115/1527
f 1495/1114/1526 1496/1115/1527 1497/1116/1528
f 1496/1115/1527 319/319/321 1498/1117/1529
f 1497/1116/1528 1496/1115/1527 1498/1117/1529
f 1497/1116/1528 1498/1117/1529 1499/1118/1530
f 764/628/773 766/630/775 1500/1119/1531
f 1500/1119/1531 766/630/775 837/689/850
f 1500/1119/1531 755/619/764 754/618/763
f 1500/1119/1531 754/618/763 764/628/773
f 1500/1119/1531 837/689/850 755/619/764
f 1501/1120/1532 837/689/850 766/630/775
f 1501/1120/1532 769/633/778 779/643/788
f 767/631/776 769/633/778 1501/1120/1532
f 1501/1120/1532 766/630/775 767/631/776
f 1501/1120/1532 779/643/788 1502/1121/1533
f 1501/1120/1532 1502/1121/1533 837/689/850
f 513/433/515 1503/1112/1534 512/432/514
f 515/435/517 1503/1112/1534 513/433/515
f 520/440/522 1503/1112/1534 515/435/517
f 520/440/522 512/432/514 1503/1112/1534
f 1114/857/1135 1131/862/1152 1504/1122/1535
f 1504/1122/1535 1131/862/1152 1505/1123/1536
f 1505/1123/1536 1155/878/1176 1156/879/1177
f 1505/1123/1536 1131/862/1152 1155/878/1176
f 1506/1124/1537 1156/879/1177 1157/880/1178
f 1505/1123/1536 1156/879/1177 1506/1124/1537
f 1114/857/1135 1504/1122/1535 1507/1125/1538
f 1507/1125/1538 1504/1122/1535 1508/1126/1539
f 1508/1126/1539 1504/1122/1535 1509/1127/1540
f 1506/1124/1537 1509/1127/1540 1505/1123/1536
f 1505/1123/1536 1509/1127/1540 1504/1122/1535
f 1506/1124/1537 1510/1128/1541 1509/1127/1540
f 1508/1126/1539 1509/1127/1540 1510/1128/1541
f 1508/1126/1539 1510/1128/1541 1511/1129/1542
f 1511/1129/1542 1510/1128/1541 1512/1130/1543
f 1512/1130/1543 1510/1128/1541 1513/1131/1544
f 1506/1124/1537 1513/1131/1544 1510/1128/1541
f 1506/1124/1537 1514/1132/1545 1513/1131/1544
f 1512/1130/1543 1513/1131/1544 1514/1132/1545
f 1159/882/1180 1514/1132/1545 1157/880/1178
f 1512/1130/1543 1514/1132/1545 1159/882/1180
f 1157/880/1178 1514/1132/1545 1506/1124/1537
f 1138/864/1159 1515/1133/1546 1136/455/1157
f 1154/877/1175 1515/1133/1546 1138/864/1159
f 1154/877/1175 1131/862/1152 1515/1133/1546
f 1128/458/1149 1515/1133/1546 1131/862/1152
f 1127/457/1148 1516/456/1547 1128/458/1149
f 1136/455/1157 1516/456/1547 1126/454/1147
f 1136/455/1157 1515/1133/1546 1516/456/1547
f 1128/458/1149 1516/456/1547 1515/1133/1546
f 1126/454/1147 1516/456/1547 1127/457/1148
f 981/818/1002 1517/1087/1548 982/819/1003
f 1195/918/1216 1517/1087/1548 981/818/1002
f 986/479/1007 1518/1085/1549 988/469/1009
f 982/819/1003 1517/1087/1548 1518/1085/1549
f 1519/1088/1550 1518/1085/1549 986/479/1007
f 982/819/1003 1519/1088/1550 983/489/1004
f 983/489/1004 1519/1088/1550 986/479/1007
f 982/819/1003 1518/1085/1549 1519/1088/1550
f 988/469/1009 1518/1085/1549 1520/468/1551
f 988/469/1009 1520/468/1551 991/465/1012
f 1517/1087/1548 1520/468/1551 1518/1085/1549
f 991/465/1012 1520/468/1551 1521/467/1552
f 991/465/1012 1521/467/1552 1522/466/1553
f 1143/463/1164 1523/1134/1554 1146/869/1167
f 1522/466/1553 1521/467/1552 1523/1134/1554
f 1522/466/1553 1524/464/1555 991/465/1012
f 1143/463/1164 1524/464/1555 1523/1134/1554
f 1522/466/1553 1523/1134/1554 1524/464/1555
f 1142/462/1163 1524/464/1555 1143/463/1164
f 991/465/1012 1524/464/1555 1525/461/1556
f 991/465/1012 1525/461/1556 992/471/1013
f 1142/462/1163 1525/461/1556 1524/464/1555
f 1134/447/1155 1525/461/1556 1142/462/1163
f 1134/447/1155 1526/472/1557 1525/461/1556
f 1133/445/1154 1526/472/1557 1134/447/1155
f 992/471/1013 1526/472/1557 994/474/1015
f 994/474/1015 1526/472/1557 1024/391/1045
f 992/471/1013 1525/461/1556 1526/472/1557
f 1040/404/1061 1527/473/1558 1133/445/1154
f 1024/391/1045 1526/472/1557 1527/473/1558
f 1024/391/1045 1527/473/1558 1040/404/1061
f 1133/445/1154 1527/473/1558 1526/472/1557
f 1146/869/1167 1523/1134/1554 1528/1135/1559
f 1146/869/1167 1528/1135/1559 1148/871/1169
f 1148/871/1169 1529/1136/1560 1149/872/1170
f 1148/871/1169 1528/1135/1559 1529/1136/1560
f 1149/872/1170 1530/1137/1561 1170/893/1191
f 1170/893/1191 1530/1137/1561 1174/897/1195
f 1174/897/1195 1530/1137/1561 1529/1136/1560
f 1149/872/1170 1529/1136/1560 1530/1137/1561
f 1174/897/1195 1529/1136/1560 1531/1138/1562
f 1531/1138/1562 1529/1136/1560 1528/1135/1559
f 1531/1138/1562 1528/1135/1559 1532/1139/1563
f 1533/1086/1564 1521/467/1552 1520/468/1551
f 1533/1086/1564 1520/468/1551 1517/1087/1548
f 1517/1087/1548 1195/918/1216 1533/1086/1564
f 1533/1086/1564 1195/918/1216 1534/1140/1565
f 1534/1140/1565 1521/467/1552 1533/1086/1564
f 1534/1140/1565 1195/918/1216 1535/1141/1566
f 1194/917/1215 1535/1141/1566 1195/918/1216
f 1192/915/1213 1535/1141/1566 1194/917/1215
f 1536/1142/1567 1535/1141/1566 1532/1139/1563
f 1534/1140/1565 1535/1141/1566 1536/1142/1567
f 1532/1139/1563 1528/1135/1559 1536/1142/1567
f 1536/1142/1567 1528/1135/1559 1523/1134/1554
f 1536/1142/1567 1523/1134/1554 1521/467/1552
f 1536/1142/1567 1521/467/1552 1534/1140/1565
f 1192/915/1213 1537/1143/1568 1535/1141/1566
f 1532/1139/1563 1537/1143/1568 1531/1138/1562
f 1532/1139/1563 1535/1141/1566 1537/1143/1568
f 1531/1138/1562 1537/1143/1568 1538/1144/1569
f 1176/899/1197 1538/1144/1569 1183/906/1204
f 1174/897/1195 1538/1144/1569 1176/899/1197
f 1183/906/1204 1538/1144/1569 1192/915/1213
f 1192/915/1213 1538/1144/1569 1537/1143/1568
f 1531/1138/1562 1538/1144/1569 1174/897/1195
f 1539/1145/1570 1095/841/1116 1097/843/1118
f 1539/1145/1570 1109/852/1130 1111/854/1132
f 1540/1146/1571 1095/841/1116 1539/1145/1570
f 1539/1145/1570 1097/843/1118 1541/1147/1572
f 1541/1147/1572 1097/843/1118 1108/851/1129
f 1541/1147/1572 1108/851/1129 1109/852/1130
f 1541/1147/1572 1109/852/1130 1539/1145/1570
f 1539/1145/1570 1542/1148/1573 1540/1146/1571
f 1539/1145/1570 1111/854/1132 1542/1148/1573
f 1543/151/1574 377/351/379 378/352/380
f 344/160/346 377/351/379 1543/151/1574
f 345/152/1575 1543/151/1574 1544/150/1576
f 1545/149/1577 378/352/380 380/354/382
f 1543/151/1574 378/352/380 1545/149/1577
f 1544/150/1576 1543/151/1574 1545/149/1577
f 1544/150/1576 1545/149/1577 1546/146/1578
f 1546/146/1578 1545/149/1577 1547/148/1579
f 1545/149/1577 380/354/382 1547/148/1579
f 1546/146/1578 1547/148/1579 1548/147/1580
f 1548/147/1580 1547/148/1579 1549/136/1581
f 1547/148/1579 380/354/382 1550/137/1582
f 1549/136/1581 1547/148/1579 1550/137/1582
f 1550/137/1582 380/354/382 393/138/395
f 1549/136/1581 1550/137/1582 1551/124/1583
f 1551/124/1583 1550/137/1582 1552/126/1584
f 1552/126/1584 393/138/395 394/128/396
f 1550/137/1582 393/138/395 1552/126/1584
f 1552/126/1584 394/128/396 1553/125/1585
f 1551/124/1583 1552/126/1584 1553/125/1585
f 1551/124/1583 1553/125/1585 1554/123/1586
f 1555/127/1587 394/128/396 395/139/397
f 1553/125/1585 394/128/396 1555/127/1587
f 1556/129/1588 396/141/398 426/372/428
f 1556/129/1588 395/139/397 396/141/398
f 1555/127/1587 395/139/397 1556/129/1588
f 449/11/451 453/1/455 1557/827/1589
f 1557/827/1589 453/1/455 439/2/441
f 1557/827/1589 439/2/441 435/376/437
f 1557/827/1589 448/383/450 449/11/451
f 1558/826/1590 433/374/435 446/381/448
f 1558/826/1590 446/381/448 448/383/450
f 1558/826/1590 448/383/450 1557/827/1589
f 1558/826/1590 435/376/437 433/374/435
f 1557/827/1589 435/376/437 1558/826/1590
f 1559/1107/1591 1560/1149/1592 1561/1105/1593
f 1561/1105/1593 1560/1149/1592 1562/1150/1594
f 1561/1105/1593 1562/1150/1594 1563/1103/1595
f 1563/1103/1595 1562/1150/1594 1564/1151/1596
f 1563/1103/1595 1564/1151/1596 1565/1101/1597
f 1565/1101/1597 1564/1151/1596 1566/1152/1598
f 1565/1101/1597 1566/1152/1598 1567/1100/1599
f 1567/1100/1599 1566/1152/1598 1568/1098/1600
f 1568/1098/1600 1566/1152/1598 1569/1153/1601
f 1568/1098/1600 1569/1153/1601 1570/1154/1602
f 1568/1098/1600 1570/1154/1602 1571/1096/1603
f 1571/1096/1603 1570/1154/1602 1572/1155/1604
f 1571/1096/1603 1572/1155/1604 1573/1156/1605
f 1573/1156/1605 1572/1155/1604 1574/1157/1606
f 1573/1156/1605 1574/1157/1606 1575/1091/1607
f 1575/1091/1607 1574/1157/1606 1576/1158/1608
f 1575/1091/1607 1576/1158/1608 1577/1089/1609
f 1578/1159/1610 1579/1160/1611 1580/1161/1612
f 1581/1162/1613 1580/1161/1612 1582/1163/1614
f 1582/1163/1614 1580/1161/1612 1583/1164/1615
f 1583/1164/1615 1580/1161/1612 1579/1160/1611
f 1583/1164/1615 1579/1160/1611 1584/1165/1616
f 1585/1166/1617 1586/1167/1618 1587/1168/1619
f 1587/1168/1619 1586/1167/1618 1588/1169/1620
f 1588/1169/1620 1586/1167/1618 1589/1170/1621
f 1588/1169/1620 1589/1170/1621 1590/1171/1622
f 1578/1159/1610 1590/1171/1622 1579/1160/1611
f 1579/1160/1611 1591/1172/1623 1584/1165/1616
f 1590/1171/1622 1589/1170/1621 1591/1172/1623
f 1590/1171/1622 1591/1172/1623 1579/1160/1611
f 1584/1165/1616 1591/1172/1623 1592/1173/1624
f 1584/1165/1616 1593/1174/1625 1583/1164/1615
f 1584/1165/1616 1592/1173/1624 1593/1174/1625
f 1583/1164/1615 1593/1174/1625 1594/1175/1626
f 1583/1164/1615 1594/1175/1626 1582/1163/1614
f 1582/1163/1614 1594/1175/1626 1595/1176/1627
f 1582/1163/1614 1595/1176/1627 1596/1177/1628
f 1596/1177/1628 1581/1162/1613 1582/1163/1614
f 1596/1177/1628 1595/1176/1627 1597/1178/1629
f 1596/1177/1628 1597/1178/1629 1598/1179/1630
f 1596/1177/1628 1598/1179/1630 1581/1162/1613
f 1592/1173/1624 1599/1180/1631 1593/1174/1625
f 1593/1174/1625 1600/1181/1632 1594/1175/1626
f 1593/1174/1625 1599/1180/1631 1600/1181/1632
f 1594/1175/1626 1600/1181/1632 1601/1182/1633
f 1594/1175/1626 1601/1182/1633 1595/1176/1627
f 1595/1176/1627 1602/1183/1634 1597/1178/1629
f 1595/1176/1627 1601/1182/1633 1602/1183/1634
f 1597/1178/1629 1603/1184/1635 1598/1179/1630
f 1597/1178/1629 1602/1183/1634 1603/1184/1635
f 1598/1179/1630 1603/1184/1635 1604/1185/1636
f 1598/1179/1630 1604/1185/1636 1605/1186/1637
f 1605/1186/1637 1604/1185/1636 1606/1187/1638
f 1605/1186/1637 1606/1187/1638 1607/1188/1639
f 1607/1188/1639 1606/1187/1638 1608/1189/1640
f 1607/1188/1639 1608/1189/1640 1609/1190/1641
f 1609/1190/1641 1608/1189/1640 1610/1191/1642
f 1609/1190/1641 1610/1191/1642 1611/1192/1643
f 1609/1190/1641 1611/1192/1643 1612/1193/1644
f 1613/1194/1645 1610/1191/1642 1608/1189/1640
f 1614/1195/1646 1610/1191/1642 1613/1194/1645
f 1613/1194/1645 1608/1189/1640 1615/1196/1647
f 1615/1196/1647 1608/1189/1640 1606/1187/1638
f 1616/1197/1648 1604/1185/1636 1603/1184/1635
f 1616/1197/1648 1603/1184/1635 1602/1183/1634
f 1616/1197/1648 1606/1187/1638 1604/1185/1636
f 1615/1196/1647 1606/1187/1638 1616/1197/1648
f 1617/1198/1649 1602/1183/1634 1601/1182/1633
f 1616/1197/1648 1602/1183/1634 1617/1198/1649
f 1616/1197/1648 1617/1198/1649 1615/1196/1647
f 1618/1199/1650 1601/1182/1633 1600/1181/1632
f 1617/1198/1649 1601/1182/1633 1618/1199/1650
f 1619/1200/1651 1600/1181/1632 1599/1180/1631
f 1618/1199/1650 1600/1181/1632 1619/1200/1651
f 1619/1200/1651 1599/1180/1631 1620/1201/1652
f 1619/1200/1651 1621/1202/1653 1618/1199/1650
f 1619/1200/1651 1620/1201/1652 1621/1202/1653
f 1621/1202/1653 1620/1201/1652 1622/1203/1654
f 1613/1194/1645 1623/1204/1655 1614/1195/1646
f 1621/1202/1653 1622/1203/1654 1623/1204/1655
f 1615/1196/1647 1624/1205/1656 1613/1194/1645
f 1621/1202/1653 1623/1204/1655 1624/1205/1656
f 1618/1199/1650 1621/1202/1653 1624/1205/1656
f 1618/1199/1650 1624/1205/1656 1617/1198/1649
f 1615/1196/1647 1617/1198/1649 1624/1205/1656
f 1624/1205/1656 1623/1204/1655 1613/1194/1645
f 1611/1192/1643 1625/1206/1657 1612/1193/1644
f 1612/1193/1644 1625/1206/1657 1626/1207/1658
f 1626/1207/1658 1625/1206/1657 1627/1208/1659
f 1626/1207/1658 1627/1208/1659 1628/1209/1660
f 1628/1209/1660 1627/1208/1659 1629/1210/1661
f 1628/1209/1660 1629/1210/1661 1630/1211/1662
f 1630/1211/1662 1629/1210/1661 1631/1212/1663
f 1630/1211/1662 1631/1212/1663 1632/1213/1664
f 1632/1213/1664 1631/1212/1663 1633/1214/1665
f 1632/1213/1664 1633/1214/1665 1634/1215/1666
f 1632/1213/1664 1634/1215/1666 1635/1216/1667
f 1635/1216/1667 1634/1215/1666 1636/1217/1668
f 1635/1216/1667 1636/1217/1668 1637/1218/1669
f 1637/1218/1669 1636/1217/1668 1638/1219/1670
f 1637/1218/1669 1638/1219/1670 1639/1220/1671
f 1640/1221/1672 1585/1166/1617 1587/1168/1619
f 1640/1221/1672 1638/1219/1670 1585/1166/1617
f 1639/1220/1671 1638/1219/1670 1640/1221/1672
f 1641/1222/1673 1632/1213/1664 1635/1216/1667
f 1642/1223/1674 1630/1211/1662 1641/1222/1673
f 1641/1222/1673 1630/1211/1662 1632/1213/1664
f 1641/1222/1673 1643/1224/1675 1642/1223/1674
f 1643/1224/1675 1635/1216/1667 1637/1218/1669
f 1641/1222/1673 1635/1216/1667 1643/1224/1675
f 1644/1225/1676 1637/1218/1669 1639/1220/1671
f 1643/1224/1675 1637/1218/1669 1644/1225/1676
f 1644/1225/1676 1639/1220/1671 1645/1226/1677
f 1645/1226/1677 1639/1220/1671 1646/1227/1678
f 1646/1227/1678 1639/1220/1671 1640/1221/1672
f 1647/1228/1679 1640/1221/1672 1587/1168/1619
f 1646/1227/1678 1640/1221/1672 1647/1228/1679
f 1648/1229/1680 1587/1168/1619 1588/1169/1620
f 1647/1228/1679 1587/1168/1619 1648/1229/1680
f 1649/1230/1681 1588/1169/1620 1590/1171/1622
f 1648/1229/1680 1588/1169/1620 1649/1230/1681
f 1649/1230/1681 1590/1171/1622 1578/1159/1610
f 1650/1231/1682 1643/1224/1675 1644/1225/1676
f 1642/1223/1674 1643/1224/1675 1650/1231/1682
f 1650/1231/1682 1644/1225/1676 1651/1232/1683
f 1651/1232/1683 1644/1225/1676 1645/1226/1677
f 1651/1232/1683 1645/1226/1677 1652/1233/1684
f 1652/1233/1684 1645/1226/1677 1653/1234/1685
f 1653/1234/1685 1645/1226/1677 1646/1227/1678
f 1653/1234/1685 1598/1179/1630 1652/1233/1684
f 1654/1235/1686 1646/1227/1678 1647/1228/1679
f 1654/1235/1686 1598/1179/1630 1653/1234/1685
f 1653/1234/1685 1646/1227/1678 1654/1235/1686
f 1655/1236/1687 1647/1228/1679 1648/1229/1680
f 1654/1235/1686 1647/1228/1679 1655/1236/1687
f 1655/1236/1687 1598/1179/1630 1654/1235/1686
f 1655/1236/1687 1648/1229/1680 1656/1237/1688
f 1656/1237/1688 1648/1229/1680 1649/1230/1681
f 1656/1237/1688 1598/1179/1630 1655/1236/1687
f 1657/1238/1689 1649/1230/1681 1578/1159/1610
f 1657/1238/1689 1598/1179/1630 1656/1237/1688
f 1656/1237/1688 1649/1230/1681 1657/1238/1689
f 1658/1239/1690 1578/1159/1610 1580/1161/1612
f 1657/1238/1689 1578/1159/1610 1658/1239/1690
f 1658/1239/1690 1598/1179/1630 1657/1238/1689
f 1658/1239/1690 1581/1162/1613 1598/1179/1630
f 1580/1161/1612 1581/1162/1613 1658/1239/1690
f 1652/1233/1684 1659/1240/1691 1651/1232/1683
f 1652/1233/1684 1598/1179/1630 1659/1240/1691
f 1651/1232/1683 1660/1241/1692 1650/1231/1682
f 1651/1232/1683 1659/1240/1691 1660/1241/1692
f 1650/1231/1682 1661/1242/1693 1642/1223/1674
f 1650/1231/1682 1660/1241/1692 1661/1242/1693
f 1642/1223/1674 1661/1242/1693 1662/1243/1694
f 1642/1223/1674 1662/1243/1694 1663/1244/1695
f 1642/1223/1674 1663/1244/1695 1630/1211/1662
f 1630/1211/1662 1663/1244/1695 1628/1209/1660
f 1664/1245/1696 1663/1244/1695 1662/1243/1694
f 1628/1209/1660 1663/1244/1695 1664/1245/1696
f 1664/1245/1696 1662/1243/1694 1665/1246/1697
f 1666/1247/1698 1662/1243/1694 1661/1242/1693
f 1666/1247/1698 1661/1242/1693 1660/1241/1692
f 1665/1246/1697 1662/1243/1694 1666/1247/1698
f 1666/1247/1698 1660/1241/1692 1667/1248/1699
f 1667/1248/1699 1660/1241/1692 1659/1240/1691
f 1667/1248/1699 1659/1240/1691 1598/1179/1630
f 1667/1248/1699 1668/1249/1700 1666/1247/1698
f 1666/1247/1698 1668/1249/1700 1665/1246/1697
f 1667/1248/1699 1598/1179/1630 1668/1249/1700
f 1665/1246/1697 1668/1249/1700 1669/1250/1701
f 1669/1250/1701 1668/1249/1700 1598/1179/1630
f 1669/1250/1701 1598/1179/1630 1670/1251/1702
f 1670/1251/1702 1598/1179/1630 1671/1252/1703
f 1670/1251/1702 1671/1252/1703 1672/1253/1704
f 1672/1253/1704 1671/1252/1703 1673/1254/1705
f 1609/1190/1641 1673/1254/1705 1607/1188/1639
f 1612/1193/1644 1673/1254/1705 1609/1190/1641
f 1672/1253/1704 1673/1254/1705 1612/1193/1644
f 1674/1255/1706 1664/1245/1696 1665/1246/1697
f 1674/1255/1706 1670/1251/1702 1672/1253/1704
f 1674/1255/1706 1665/1246/1697 1669/1250/1701
f 1669/1250/1701 1670/1251/1702 1674/1255/1706
f 1675/1256/1707 1628/1209/1660 1664/1245/1696
f 1675/1256/1707 1626/1207/1658 1628/1209/1660
f 1674/1255/1706 1672/1253/1704 1675/1256/1707
f 1675/1256/1707 1612/1193/1644 1626/1207/1658
f 1675/1256/1707 1672/1253/1704 1612/1193/1644
f 1675/1256/1707 1664/1245/1696 1674/1255/1706
f 1607/1188/1639 1673/1254/1705 1676/1257/1708
f 1607/1188/1639 1676/1257/1708 1605/1186/1637
f 1605/1186/1637 1676/1257/1708 1598/1179/1630
f 1598/1179/1630 1676/1257/1708 1671/1252/1703
f 1671/1252/1703 1676/1257/1708 1673/1254/1705
f 1677/1213/1709 1678/1222/1710 1679/1215/1711
f 1680/1211/1712 1678/1222/1710 1677/1213/1709
f 1681/1223/1713 1678/1222/1710 1680/1211/1712
f 1680/1211/1712 1682/1244/1714 1681/1223/1713
f 1681/1223/1713 1682/1244/1714 1683/1243/1715
f 1681/1223/1713 1683/1243/1715 1684/1242/1716
f 1684/1242/1716 1683/1243/1715 1685/1246/1717
f 1684/1242/1716 1685/1246/1717 1686/1247/1718
f 1686/1247/1718 1685/1246/1717 1687/1250/1719
f 1686/1247/1718 1687/1250/1719 1688/1249/1720
f 1686/1247/1718 1688/1249/1720 1689/1241/1721
f 1686/1247/1718 1690/1231/1722 1684/1242/1716
f 1684/1242/1716 1690/1231/1722 1681/1223/1713
f 1686/1247/1718 1689/1241/1721 1690/1231/1722
f 1690/1231/1722 1689/1241/1721 1691/1225/1723
f 1690/1231/1722 1692/1224/1724 1681/1223/1713
f 1681/1223/1713 1692/1224/1724 1678/1222/1710
f 1690/1231/1722 1691/1225/1723 1692/1224/1724
f 1680/1211/1712 1677/1213/1709 1693/1212/1725
f 1693/1212/1725 1677/1213/1709 1694/1214/1726
f 1694/1214/1726 1677/1213/1709 1679/1215/1711
f 1693/1212/1725 1695/1210/1727 1680/1211/1712
f 1680/1211/1712 1695/1210/1727 1696/1209/1728
f 1680/1211/1712 1696/1209/1728 1682/1244/1714
f 1682/1244/1714 1697/1245/1729 1683/1243/1715
f 1682/1244/1714 1696/1209/1728 1697/1245/1729
f 1683/1243/1715 1698/1255/1730 1685/1246/1717
f 1683/1243/1715 1697/1245/1729 1698/1255/1730
f 1685/1246/1717 1699/1251/1731 1687/1250/1719
f 1685/1246/1717 1698/1255/1730 1699/1251/1731
f 1687/1250/1719 1700/1179/1732 1688/1249/1720
f 1687/1250/1719 1699/1251/1731 1700/1179/1732
f 1688/1249/1720 1701/1248/1733 1689/1241/1721
f 1688/1249/1720 1700/1179/1732 1701/1248/1733
f 1689/1241/1721 1701/1248/1733 1702/1232/1734
f 1689/1241/1721 1702/1232/1734 1691/1225/1723
f 1691/1225/1723 1702/1232/1734 1703/1220/1735
f 1691/1225/1723 1703/1220/1735 1704/1219/1736
f 1704/1219/1736 1703/1220/1735 1705/1166/1737
f 1700/1179/1732 1699/1251/1731 1706/1252/1738
f 1706/1252/1738 1699/1251/1731 1698/1255/1730
f 1707/1253/1739 1698/1255/1730 1697/1245/1729
f 1706/1252/1738 1698/1255/1730 1707/1253/1739
f 1708/1256/1740 1697/1245/1729 1696/1209/1728
f 1707/1253/1739 1697/1245/1729 1708/1256/1740
f 1709/1207/1741 1696/1209/1728 1695/1210/1727
f 1708/1256/1740 1696/1209/1728 1709/1207/1741
f 1709/1207/1741 1695/1210/1727 1710/1208/1742
f 1709/1207/1741 1710/1208/1742 1711/1206/1743
f 1709/1207/1741 1711/1206/1743 1712/1193/1744
f 1712/1193/1744 1708/1256/1740 1709/1207/1741
f 1712/1193/1744 1711/1206/1743 1713/1192/1745
f 1712/1193/1744 1713/1192/1745 1714/1190/1746
f 1714/1190/1746 1713/1192/1745 1715/1191/1747
f 1714/1190/1746 1715/1191/1747 1716/1189/1748
f 1716/1189/1748 1715/1191/1747 1717/1194/1749
f 1717/1194/1749 1715/1191/1747 1718/1195/1750
f 1717/1194/1749 1718/1195/1750 1719/1205/1751
f 1720/1257/1752 1706/1252/1738 1707/1253/1739
f 1700/1179/1732 1706/1252/1738 1720/1257/1752
f 1721/1254/1753 1707/1253/1739 1708/1256/1740
f 1720/1257/1752 1707/1253/1739 1721/1254/1753
f 1721/1254/1753 1708/1256/1740 1712/1193/1744
f 1721/1254/1753 1722/1186/1754 1720/1257/1752
f 1720/1257/1752 1722/1186/1754 1700/1179/1732
f 1700/1179/1732 1722/1186/1754 1723/1185/1755
f 1700/1179/1732 1723/1185/1755 1724/1184/1756
f 1700/1179/1732 1724/1184/1756 1725/1178/1757
f 1725/1178/1757 1724/1184/1756 1726/1197/1758
f 1723/1185/1755 1727/1187/1759 1724/1184/1756
f 1716/1189/1748 1727/1187/1759 1714/1190/1746
f 1726/1197/1758 1727/1187/1759 1716/1189/1748
f 1726/1197/1758 1724/1184/1756 1727/1187/1759
f 1712/1193/1744 1728/1188/1760 1721/1254/1753
f 1722/1186/1754 1728/1188/1760 1723/1185/1755
f 1714/1190/1746 1728/1188/1760 1712/1193/1744
f 1714/1190/1746 1727/1187/1759 1728/1188/1760
f 1723/1185/1755 1728/1188/1760 1727/1187/1759
f 1721/1254/1753 1728/1188/1760 1722/1186/1754
f 1716/1189/1748 1717/1194/1749 1729/1196/1761
f 1716/1189/1748 1729/1196/1761 1726/1197/1758
f 1719/1205/1751 1729/1196/1761 1717/1194/1749
f 1726/1197/1758 1729/1196/1761 1730/1183/1762
f 1726/1197/1758 1730/1183/1762 1725/1178/1757
f 1725/1178/1757 1731/1177/1763 1700/1179/1732
f 1725/1178/1757 1730/1183/1762 1731/1177/1763
f 1700/1179/1732 1731/1177/1763 1732/1162/1764
f 1732/1162/1764 1731/1177/1763 1733/1176/1765
f 1733/1176/1765 1731/1177/1763 1730/1183/1762
f 1734/1198/1766 1729/1196/1761 1719/1205/1751
f 1733/1176/1765 1730/1183/1762 1734/1198/1766
f 1734/1198/1766 1730/1183/1762 1729/1196/1761
f 1735/1165/1767 1736/1171/1768 1737/1160/1769
f 1737/1160/1769 1736/1171/1768 1738/1230/1770
f 1737/1160/1769 1738/1230/1770 1739/1159/1771
f 1739/1159/1771 1738/1230/1770 1740/1237/1772
f 1741/1238/1773 1740/1237/1772 1700/1179/1732
f 1739/1159/1771 1740/1237/1772 1741/1238/1773
f 1741/1238/1773 1700/1179/1732 1742/1239/1774
f 1742/1239/1774 1700/1179/1732 1732/1162/1764
f 1743/1163/1775 1732/1162/1764 1733/1176/1765
f 1742/1239/1774 1732/1162/1764 1743/1163/1775
f 1744/1182/1776 1733/1176/1765 1734/1198/1766
f 1743/1163/1775 1733/1176/1765 1744/1182/1776
f 1745/1199/1777 1734/1198/1766 1719/1205/1751
f 1744/1182/1776 1734/1198/1766 1745/1199/1777
f 1745/1199/1777 1719/1205/1751 1746/1202/1778
f 1745/1199/1777 1746/1202/1778 1747/1200/1779
f 1745/1199/1777 1747/1200/1779 1748/1181/1780
f 1748/1181/1780 1744/1182/1776 1745/1199/1777
f 1748/1181/1780 1747/1200/1779 1749/1174/1781
f 1735/1165/1767 1737/1160/1769 1749/1174/1781
f 1742/1239/1774 1750/1161/1782 1741/1238/1773
f 1741/1238/1773 1750/1161/1782 1739/1159/1771
f 1743/1163/1775 1750/1161/1782 1742/1239/1774
f 1739/1159/1771 1751/1164/1783 1737/1160/1769
f 1749/1174/1781 1737/1160/1769 1751/1164/1783
f 1739/1159/1771 1750/1161/1782 1751/1164/1783
f 1752/1175/1784 1743/1163/1775 1744/1182/1776
f 1749/1174/1781 1752/1175/1784 1748/1181/1780
f 1748/1181/1780 1752/1175/1784 1744/1182/1776
f 1752/1175/1784 1750/1161/1782 1743/1163/1775
f 1752/1175/1784 1751/1164/1783 1750/1161/1782
f 1749/1174/1781 1751/1164/1783 1752/1175/1784
f 1719/1205/1751 1753/1204/1785 1746/1202/1778
f 1719/1205/1751 1718/1195/1750 1753/1204/1785
f 1746/1202/1778 1754/1203/1786 1747/1200/1779
f 1746/1202/1778 1753/1204/1785 1754/1203/1786
f 1747/1200/1779 1754/1203/1786 1755/1201/1787
f 1749/1174/1781 1756/1180/1788 1735/1165/1767
f 1747/1200/1779 1756/1180/1788 1749/1174/1781
f 1747/1200/1779 1755/1201/1787 1756/1180/1788
f 1735/1165/1767 1756/1180/1788 1757/1173/1789
f 1735/1165/1767 1757/1173/1789 1758/1172/1790
f 1735/1165/1767 1758/1172/1790 1736/1171/1768
f 1736/1171/1768 1758/1172/1790 1759/1169/1791
f 1759/1169/1791 1758/1172/1790 1760/1170/1792
f 1759/1169/1791 1760/1170/1792 1761/1168/1793
f 1761/1168/1793 1760/1170/1792 1762/1167/1794
f 1763/1221/1795 1705/1166/1737 1703/1220/1735
f 1761/1168/1793 1762/1167/1794 1763/1221/1795
f 1763/1221/1795 1762/1167/1794 1705/1166/1737
f 1761/1168/1793 1763/1221/1795 1764/1227/1796
f 1765/1226/1797 1703/1220/1735 1702/1232/1734
f 1764/1227/1796 1763/1221/1795 1765/1226/1797
f 1765/1226/1797 1763/1221/1795 1703/1220/1735
f 1766/1240/1798 1701/1248/1733 1700/1179/1732
f 1765/1226/1797 1702/1232/1734 1766/1240/1798
f 1766/1240/1798 1702/1232/1734 1701/1248/1733
f 1767/1233/1799 1764/1227/1796 1765/1226/1797
f 1767/1233/1799 1765/1226/1797 1766/1240/1798
f 1766/1240/1798 1700/1179/1732 1767/1233/1799
f 1767/1233/1799 1700/1179/1732 1768/1234/1800
f 1767/1233/1799 1768/1234/1800 1764/1227/1796
f 1738/1230/1770 1769/1236/1801 1740/1237/1772
f 1740/1237/1772 1769/1236/1801 1700/1179/1732
f 1700/1179/1732 1770/1235/1802 1768/1234/1800
f 1700/1179/1732 1769/1236/1801 1770/1235/1802
f 1761/1168/1793 1771/1228/1803 1759/1169/1791
f 1764/1227/1796 1771/1228/1803 1761/1168/1793
f 1768/1234/1800 1771/1228/1803 1764/1227/1796
f 1768/1234/1800 1770/1235/1802 1771/1228/1803
f 1759/1169/1791 1772/1229/1804 1736/1171/1768
f 1771/1228/1803 1770/1235/1802 1772/1229/1804
f 1772/1229/1804 1770/1235/1802 1769/1236/1801
f 1759/1169/1791 1771/1228/1803 1772/1229/1804
f 1738/1230/1770 1772/1229/1804 1769/1236/1801
f 1736/1171/1768 1772/1229/1804 1738/1230/1770
f 1773/1216/1805 1679/1215/1711 1678/1222/1710
f 1773/1216/1805 1678/1222/1710 1692/1224/1724
f 1773/1216/1805 1692/1224/1724 1774/1217/1806
f 1774/1217/1806 1679/1215/1711 1773/1216/1805
f 1775/1218/1807 1774/1217/1806 1692/1224/1724
f 1775/1218/1807 1692/1224/1724 1691/1225/1723
f 1775/1218/1807 1691/1225/1723 1704/1219/1736
f 1704/1219/1736 1774/1217/1806 1775/1218/1807
f 1776/1258/1808 1777/1259/1809 1778/1260/1810
f 1779/1261/1811 1780/1262/1812 1781/1263/1813
f 1781/1263/1813 1780/1262/1812 1782/1264/1814
f 1781/1263/1813 1782/1264/1814 1783/1265/1815
f 1783/1265/1815 1782/1264/1814 1784/1266/1816
f 1783/1265/1815 1784/1266/1816 1785/1267/1817
f 1785/1267/1817 1784/1266/1816 1778/1260/1810
f 1785/1267/1817 1778/1260/1810 1786/1268/1818
f 1786/1268/1818 1778/1260/1810 1787/1269/1809
f 1786/1268/1818 1787/1269/1809 1788/1270/1819
f 1788/1270/1819 1787/1269/1809 1789/1271/1820
f 1789/1271/1820 1787/1269/1809 1790/1272/1821
f 1781/1263/1813 1791/1273/1822 1792/1274/1823
f 1783/1265/1815 1791/1273/1822 1781/1263/1813
f 1792/1274/1823 1791/1273/1822 1793/1275/1824
f 1793/1275/1824 1791/1273/1822 1794/1276/1825
f 1793/1275/1824 1794/1276/1825 1795/1277/1826
f 1788/1270/1819 1796/1278/1827 1786/1268/1818
f 1795/1277/1826 1794/1276/1825 1796/1278/1827
f 1795/1277/1826 1796/1278/1827 1788/1270/1819
f 1785/1267/1817 1797/1279/1828 1783/1265/1815
f 1783/1265/1815 1797/1279/1828 1791/1273/1822
f 1786/1268/1818 1797/1279/1828 1785/1267/1817
f 1786/1268/1818 1796/1278/1827 1797/1279/1828
f 1791/1273/1822 1797/1279/1828 1794/1276/1825
f 1794/1276/1825 1797/1279/1828 1796/1278/1827
f 1798/1280/1829 1781/1263/1813 1792/1274/1823
f 1799/1281/1830 1781/1263/1813 1798/1280/1829
f 1800/1282/1831 1792/1274/1823 1793/1275/1824
f 1798/1280/1829 1792/1274/1823 1800/1282/1831
f 1801/1283/1832 1793/1275/1824 1795/1277/1826
f 1800/1282/1831 1793/1275/1824 1801/1283/1832
f 1802/1284/1833 1795/1277/1826 1788/1270/1819
f 1801/1283/1832 1795/1277/1826 1802/1284/1833
f 1802/1284/1833 1788/1270/1819 1803/1285/1834
f 1803/1285/1834 1788/1270/1819 1789/1271/1820
f 1803/1285/1834 1789/1271/1820 1804/1286/1835
f 1803/1285/1834 1804/1286/1835 1805/1287/1836
f 1805/1287/1836 1804/1286/1835 1806/1288/1837
f 1805/1287/1836 1806/1288/1837 1807/1289/1838
f 1807/1289/1838 1806/1288/1837 1808/1290/1839
f 1807/1289/1838 1808/1290/1839 1809/1291/1840
f 1807/1289/1838 1809/1291/1840 1810/1292/1841
f 1810/1292/1841 1809/1291/1840 1811/1293/1842
f 1812/1294/1843 1813/1295/1844 1811/1293/1842
f 1814/1296/1845 1813/1295/1844 1812/1294/1843
f 1815/1297/1846 1809/1291/1840 1808/1290/1839
f 1815/1297/1846 1811/1293/1842 1809/1291/1840
f 1812/1294/1843 1811/1293/1842 1815/1297/1846
f 1815/1297/1846 1808/1290/1839 1816/1298/1847
f 1816/1298/1847 1808/1290/1839 1806/1288/1837
f 1816/1298/1847 1806/1288/1837 1817/1299/1848
f 1817/1299/1848 1806/1288/1837 1804/1286/1835
f 1817/1299/1848 1804/1286/1835 1818/1300/1849
f 1807/1289/1838 1819/1301/1850 1805/1287/1836
f 1803/1285/1834 1820/1302/1851 1802/1284/1833
f 1805/1287/1836 1820/1302/1851 1803/1285/1834
f 1805/1287/1836 1819/1301/1850 1820/1302/1851
f 1802/1284/1833 1820/1302/1851 1821/1303/1852
f 1821/1303/1852 1820/1302/1851 1822/1304/1853
f 1823/1305/1854 1820/1302/1851 1819/1301/1850
f 1822/1304/1853 1820/1302/1851 1823/1305/1854
f 1810/1292/1841 1811/1293/1842 1824/1306/1855
f 1824/1306/1855 1811/1293/1842 1813/1295/1844
f 1824/1306/1855 1813/1295/1844 1825/1307/1856
f 1825/1307/1856 1813/1295/1844 1826/1308/1857
f 1825/1307/1856 1826/1308/1857 1827/1309/1858
f 1828/1310/1859 1779/1261/1860 1798/1280/1829
f 1825/1307/1856 1827/1309/1858 1828/1310/1859
f 1828/1310/1859 1827/1309/1858 1779/1261/1860
f 1829/1311/1861 1800/1282/1831 1801/1283/1832
f 1828/1310/1859 1798/1280/1829 1829/1311/1861
f 1829/1311/1861 1798/1280/1829 1800/1282/1831
f 1828/1310/1859 1829/1311/1861 1825/1307/1856
f 1829/1311/1861 1801/1283/1832 1830/1312/1862
f 1830/1312/1862 1801/1283/1832 1802/1284/1833
f 1830/1312/1862 1802/1284/1833 1831/1313/1863
f 1831/1313/1863 1821/1303/1852 1822/1304/1853
f 1831/1313/1863 1802/1284/1833 1821/1303/1852
f 1831/1313/1863 1822/1304/1853 1832/1314/1864
f 1831/1313/1863 1832/1314/1864 1833/1315/1865
f 1834/1316/1866 1831/1313/1863 1833/1315/1865
f 1834/1316/1866 1833/1315/1865 1824/1306/1855
f 1834/1316/1866 1829/1311/1861 1830/1312/1862
f 1834/1316/1866 1825/1307/1856 1829/1311/1861
f 1824/1306/1855 1825/1307/1856 1834/1316/1866
f 1834/1316/1866 1830/1312/1862 1831/1313/1863
f 1824/1306/1855 1833/1315/1865 1835/1317/1867
f 1824/1306/1855 1835/1317/1867 1810/1292/1841
f 1832/1314/1864 1835/1317/1867 1833/1315/1865
f 1810/1292/1841 1835/1317/1867 1836/1318/1868
f 1819/1301/1850 1837/1319/1869 1823/1305/1854
f 1807/1289/1838 1837/1319/1869 1819/1301/1850
f 1810/1292/1841 1837/1319/1869 1807/1289/1838
f 1810/1292/1841 1836/1318/1868 1837/1319/1869
f 1838/1320/1870 1835/1317/1867 1832/1314/1864
f 1838/1320/1870 1836/1318/1868 1835/1317/1867
f 1838/1320/1870 1837/1319/1869 1836/1318/1868
f 1823/1305/1854 1837/1319/1869 1838/1320/1870
f 1839/1259/1871 1840/1258/1872 1841/1260/1873
f 1842/1261/1874 1843/1263/1875 1844/1262/1876
f 1844/1262/1876 1843/1263/1875 1845/1265/1877
f 1844/1262/1876 1845/1265/1877 1846/1264/1878
f 1846/1264/1878 1845/1265/1877 1847/1267/1879
f 1848/1266/1880 1847/1267/1879 1841/1260/1881
f 1846/1264/1878 1847/1267/1879 1848/1266/1880
f 1841/1260/1881 1847/1267/1879 1849/1268/1882
f 1841/1260/1881 1849/1268/1882 1850/1269/1883
f 1850/1269/1883 1849/1268/1882 1851/1270/1884
f 1851/1270/1884 1849/1268/1882 1852/1278/1885
f 1851/1270/1884 1852/1278/1885 1853/1277/1886
f 1853/1277/1886 1852/1278/1885 1854/1276/1887
f 1853/1277/1886 1854/1276/1887 1855/1275/1888
f 1856/1279/1889 1849/1268/1882 1847/1267/1879
f 1855/1275/1888 1854/1276/1887 1856/1279/1889
f 1856/1279/1889 1852/1278/1885 1849/1268/1882
f 1856/1279/1889 1854/1276/1887 1852/1278/1885
f 1856/1279/1889 1847/1267/1879 1857/1273/1890
f 1847/1267/1879 1845/1265/1877 1857/1273/1890
f 1856/1279/1889 1857/1273/1890 1855/1275/1888
f 1858/1274/1891 1845/1265/1877 1843/1263/1875
f 1857/1273/1890 1845/1265/1877 1858/1274/1891
f 1858/1274/1891 1843/1263/1875 1859/1280/1892
f 1859/1280/1892 1843/1263/1875 1860/1281/1893
f 1861/1282/1894 1857/1273/1890 1858/1274/1891
f 1855/1275/1888 1857/1273/1890 1861/1282/1894
f 1861/1282/1894 1858/1274/1891 1859/1280/1892
f 1861/1282/1894 1859/1280/1892 1862/1311/1895
f 1862/1311/1895 1859/1280/1892 1863/1310/1896
f 1862/1311/1895 1863/1310/1896 1864/1307/1897
f 1862/1311/1895 1864/1307/1897 1865/1316/1898
f 1865/1316/1898 1864/1307/1897 1866/1306/1899
f 1865/1316/1898 1866/1306/1899 1867/1317/1900
f 1867/1317/1900 1866/1306/1899 1868/1292/1901
f 1867/1317/1900 1868/1292/1901 1869/1318/1902
f 1869/1318/1902 1868/1292/1901 1870/1319/1903
f 1870/1319/1903 1868/1292/1901 1871/1289/1904
f 1870/1319/1903 1871/1289/1904 1872/1301/1905
f 1872/1301/1905 1871/1289/1904 1873/1287/1906
f 1872/1301/1905 1873/1287/1906 1874/1302/1907
f 1874/1302/1907 1873/1287/1906 1875/1285/1908
f 1859/1280/1892 1876/1309/1909 1863/1310/1896
f 1842/1261/1910 1876/1309/1909 1859/1280/1892
f 1863/1310/1896 1876/1309/1909 1877/1308/1911
f 1863/1310/1896 1877/1308/1911 1864/1307/1897
f 1864/1307/1897 1877/1308/1911 1878/1295/1912
f 1864/1307/1897 1878/1295/1912 1866/1306/1899
f 1866/1306/1899 1879/1293/1913 1868/1292/1901
f 1866/1306/1899 1878/1295/1912 1879/1293/1913
f 1868/1292/1901 1879/1293/1913 1880/1291/1914
f 1868/1292/1901 1880/1291/1914 1871/1289/1904
f 1871/1289/1904 1880/1291/1914 1881/1290/1915
f 1871/1289/1904 1881/1290/1915 1882/1288/1916
f 1871/1289/1904 1882/1288/1916 1873/1287/1906
f 1873/1287/1906 1882/1288/1916 1883/1286/1917
f 1873/1287/1906 1883/1286/1917 1875/1285/1908
f 1875/1285/1908 1883/1286/1917 1884/1271/1918
f 1875/1285/1908 1884/1271/1918 1851/1270/1884
f 1851/1270/1884 1884/1271/1918 1850/1269/1883
f 1850/1269/1883 1884/1271/1918 1885/1272/1919
f 1886/1299/1920 1883/1286/1917 1882/1288/1916
f 1887/1300/1921 1883/1286/1917 1886/1299/1920
f 1886/1299/1920 1882/1288/1916 1888/1298/1922
f 1888/1298/1922 1882/1288/1916 1881/1290/1915
f 1889/1297/1923 1880/1291/1914 1879/1293/1913
f 1889/1297/1923 1881/1290/1915 1880/1291/1914
f 1888/1298/1922 1881/1290/1915 1889/1297/1923
f 1889/1297/1923 1879/1293/1913 1890/1294/1924
f 1890/1294/1924 1879/1293/1913 1878/1295/1912
f 1890/1294/1924 1878/1295/1912 1891/1296/1925
f 1874/1302/1907 1875/1285/1908 1892/1284/1926
f 1892/1284/1926 1875/1285/1908 1851/1270/1884
f 1892/1284/1926 1851/1270/1884 1853/1277/1886
f 1893/1283/1927 1861/1282/1894 1862/1311/1895
f 1893/1283/1927 1855/1275/1888 1861/1282/1894
f 1893/1283/1927 1853/1277/1886 1855/1275/1888
f 1892/1284/1926 1853/1277/1886 1893/1283/1927
f 1894/1312/1928 1862/1311/1895 1865/1316/1898
f 1893/1283/1927 1862/1311/1895 1894/1312/1928
f 1892/1284/1926 1893/1283/1927 1894/1312/1928
f 1894/1312/1928 1865/1316/1898 1895/1315/1929
f 1895/1315/1929 1865/1316/1898 1867/1317/1900
f 1895/1315/1929 1867/1317/1900 1896/1314/1930
f 1897/1320/1931 1869/1318/1902 1870/1319/1903
f 1896/1314/1930 1867/1317/1900 1897/1320/1931
f 1897/1320/1931 1867/1317/1900 1869/1318/1902
f 1897/1320/1931 1870/1319/1903 1898/1305/1932
f 1898/1305/1932 1870/1319/1903 1872/1301/1905
f 1898/1305/1932 1872/1301/1905 1874/1302/1907
f 1899/1313/1933 1895/1315/1929 1896/1314/1930
f 1899/1313/1933 1894/1312/1928 1895/1315/1929
f 1892/1284/1926 1894/1312/1928 1899/1313/1933
f 1874/1302/1907 1900/1304/1934 1898/1305/1932
f 1899/1313/1933 1896/1314/1930 1900/1304/1934
f 1899/1313/1933 1901/1303/1935 1892/1284/1926
f 1899/1313/1933 1900/1304/1934 1901/1303/1935
f 1874/1302/1907 1901/1303/1935 1900/1304/1934
f 1892/1284/1926 1901/1303/1935 1874/1302/1907
f 1902/1321/1936 1903/1322/1937 1904/1323/1938
f 1904/1323/1938 1903/1322/1937 1905/1324/1939
f 1904/1323/1938 1905/1324/1939 1906/1325/1940
f 1904/1323/1938 1906/1325/1940 1907/1326/1941
f 1908/1327/1942 1909/1328/1943 1910/1329/1944
f 1910/1329/1944 1909/1328/1943 1911/1330/1945
f 1910/1329/1944 1911/1330/1945 1912/1331/1946
f 1912/1331/1946 1911/1330/1945 1913/1332/1947
f 1912/1331/1946 1913/1332/1947 1914/1333/1948
f 1914/1333/1948 1913/1332/1947 1915/1334/1949
f 1914/1333/1948 1915/1334/1949 1916/1335/1950
f 1916/1335/1950 1917/1336/1951 1907/1326/1941
f 1907/1326/1941 1917/1336/1951 1904/1323/1938
f 1916/1335/1950 1915/1334/1949 1917/1336/1951
f 1904/1323/1938 1917/1336/1951 1918/1337/1952
f 1919/1322/1953 1920/1321/1954 1921/1324/1955
f 1921/1324/1955 1920/1321/1954 1922/1323/1956
f 1921/1324/1955 1922/1323/1956 1923/1325/1810
f 1923/1325/1810 1922/1323/1956 1924/1326/1957
f 1924/1326/1957 1922/1323/1956 1925/1337/1958
f 1924/1326/1957 1925/1337/1958 1926/1336/1857
f 1924/1326/1957 1926/1336/1857 1927/1335/1959
f 1927/1335/1959 1926/1336/1857 1928/1334/1960
f 1927/1335/1959 1928/1334/1960 1929/1333/1961
f 1929/1333/1961 1928/1334/1960 1930/1332/1962
f 1929/1333/1961 1930/1332/1962 1931/1331/1963
f 1931/1331/1963 1930/1332/1962 1932/1330/1964
f 1931/1331/1963 1932/1330/1964 1933/1329/1965
f 1933/1329/1965 1932/1330/1964 1934/1328/1966
f 1933/1329/1965 1934/1328/1966 1935/1327/1967
