# Blender 5.1.1
# www.blender.org
mtllib Doug_ARMS.mtl
o Doug_ARMS
v 16.109377 18.059710 -24.315260
v 16.563595 18.049891 -24.180326
v 16.575575 17.987566 -24.384712
v 17.035034 17.948729 -23.994957
v 16.440481 17.895023 -22.085075
v 16.707399 17.784159 -21.978554
v 17.026342 17.837263 -22.467812
v 17.139650 17.671686 -22.313786
v 17.492580 17.631411 -22.844490
v 17.304794 17.881920 -23.039249
v 17.598091 17.675953 -23.293520
v 17.359081 17.871887 -23.627741
v 17.552584 17.705599 -23.598244
v 17.463339 17.741350 -23.883034
v 17.301884 17.767759 -24.145819
v 17.075624 17.804697 -24.353170
v 16.810978 17.827412 -24.497778
v 16.517567 17.851580 -24.601965
v 16.048695 17.864521 -24.588444
v 15.552919 18.072304 -24.140244
v 15.604801 17.901239 -24.441099
v 17.225103 17.941700 -23.377447
v 16.399975 17.791618 -21.859400
v 15.779932 17.821205 -21.986780
v 15.941015 17.706217 -21.824844
v 15.528728 17.595299 -21.891842
v 15.422498 17.777905 -22.084024
v 15.240576 17.551716 -22.025871
v 14.959217 17.541231 -22.250967
v 14.994947 17.812902 -22.505363
v 14.794488 17.622629 -22.559084
v 14.723731 17.722775 -22.853745
v 14.747927 17.890488 -23.244026
v 14.916959 17.994911 -23.155413
v 15.118237 18.037756 -22.993486
v 15.129165 18.103645 -23.657948
v 15.372517 18.152109 -23.640202
v 15.753455 18.152451 -24.039961
v 15.317404 17.979530 -24.222521
v 15.060278 18.045588 -23.951061
v 14.881872 18.029173 -23.669783
v 15.224799 17.912191 -22.423307
v 15.124084 17.958326 -22.700247
v 15.769996 17.812515 -21.981621
v 15.777575 17.931862 -22.199717
v 15.481010 17.900581 -22.269810
v 15.222178 18.302097 -22.366510
v 15.186757 18.507906 -22.701809
v 15.244691 18.490936 -23.117893
v 15.535876 18.550423 -23.664104
v 15.814389 18.662840 -23.914175
v 16.229784 18.597515 -24.133085
v 15.908101 19.052673 -23.794167
v 16.347486 19.053932 -23.911905
v 16.003103 19.211357 -23.623152
v 16.447981 19.112453 -23.670212
v 16.215052 19.110865 -23.505592
v 15.522774 18.717628 -23.350210
v 15.368726 18.898643 -22.770750
v 15.697240 19.061501 -23.284101
v 15.436082 19.100965 -22.876961
v 15.319513 18.926601 -22.583775
v 15.339559 18.828325 -22.388800
v 15.570279 18.445709 -22.238796
v 15.556277 18.866684 -22.321133
v 16.298635 18.592384 -22.414015
v 16.317024 18.962433 -22.539595
v 16.854473 18.899767 -22.651173
v 16.166504 19.101923 -22.579878
v 16.728716 19.094315 -22.747625
v 16.642933 19.042072 -22.990740
v 16.850105 19.047527 -23.184866
v 16.379509 18.988426 -23.220737
v 16.771008 18.973602 -23.542505
v 15.726332 19.172216 -23.108393
v 15.546157 19.095881 -22.717297
v 15.512734 18.986876 -22.509182
v 15.738117 19.065577 -22.487705
v 15.867906 18.985619 -22.360018
v 17.056437 18.939034 -23.052092
v 16.972862 18.925131 -23.540184
v 17.129896 18.854736 -23.457830
v 15.984897 18.371069 -22.223812
v 16.583241 18.380243 -22.396650
v 16.897949 18.486572 -22.601242
v 17.185757 18.441996 -22.973124
v 17.193193 18.487402 -23.407988
v 17.007360 18.609657 -23.784519
v 16.710962 18.967598 -23.863722
v 16.661743 18.573952 -24.052755
v 16.472891 17.974031 -22.311337
v 16.937773 17.959925 -22.606167
v 15.622247 18.002726 -24.155087
v 15.141967 18.035269 -23.661009
v 15.059677 18.045074 -23.950752
v 14.881805 18.029110 -23.669758
v 14.746209 17.888649 -23.243650
v 15.316715 17.979073 -24.222008
v 15.604273 17.901079 -24.440464
v 16.048403 17.864742 -24.587683
v 16.303492 17.946930 -24.403240
v 16.517380 17.852022 -24.601070
v 16.886208 17.923229 -24.052261
v 16.526802 17.991827 -24.134569
v 16.903736 18.110699 -23.767384
v 16.559042 18.245768 -24.046522
v 16.124123 18.743370 -23.040483
v 16.008915 18.319689 -24.015247
v 15.466954 18.499258 -23.526514
v 15.405247 18.065746 -23.622696
v 15.173768 18.007374 -23.176714
v 14.925835 17.934250 -23.161938
v 14.720666 17.719324 -22.853313
v 15.757495 18.092493 -24.002958
v 16.143307 18.049273 -24.191742
v 16.448904 17.895847 -22.359034
v 16.962416 17.782431 -22.432579
v 16.434114 17.827776 -22.106327
v 16.158827 17.891457 -22.280058
v 15.761959 17.840654 -22.240938
v 15.817061 18.271517 -22.259972
v 15.307564 18.154427 -22.458698
v 15.232805 18.366074 -22.966398
v 15.168465 17.960739 -22.816246
v 14.923692 17.811510 -22.700069
v 14.793171 17.621141 -22.558903
v 14.959564 17.541616 -22.251028
v 15.255073 17.729574 -22.214970
v 15.242162 17.553373 -22.026291
v 15.530499 17.597033 -21.892485
v 15.235899 17.879093 -22.437962
v 15.936077 17.701893 -21.822308
v 16.396042 17.788628 -21.856716
v 16.708361 17.784809 -21.979321
v 17.139416 17.671562 -22.313553
v 17.492102 17.631294 -22.843826
v 17.250362 17.826473 -23.008095
v 17.598124 17.675949 -23.293583
v 17.551970 17.705853 -23.596846
v 17.234909 17.836449 -23.808180
v 17.463596 17.741133 -23.883772
v 17.301855 17.767803 -24.145710
v 17.075460 17.805040 -24.352430
v 16.810801 17.827848 -24.496899
v 16.893827 17.906900 -22.624746
v 16.862301 18.186615 -22.672743
v 17.113007 18.130491 -22.973440
v 17.122498 18.152899 -23.359907
v 17.165710 17.886631 -23.357216
v 16.427111 18.341911 -22.360384
v 15.865487 16.534040 -22.891594
v 15.954685 16.557993 -22.876459
v 16.095999 16.760448 -22.876768
v 16.136808 16.647575 -22.922979
v 16.278559 16.905815 -22.970688
v 16.197689 16.944969 -22.956970
v 16.048698 16.819118 -22.886351
v 15.840393 16.708601 -22.836618
v 15.759190 16.687567 -22.864899
v 15.786125 16.517939 -22.915363
v 15.650189 16.685207 -22.940187
v 15.692396 16.522402 -22.997850
v 15.629451 16.545105 -23.104168
v 15.598132 16.716185 -23.059921
v 15.622197 16.575935 -23.185431
v 15.587141 16.751993 -23.142990
v 15.683393 16.828852 -23.376017
v 15.626107 16.613510 -23.273964
v 15.720542 16.716162 -23.426266
v 15.689645 16.878725 -23.321032
v 15.805493 17.009014 -23.431576
v 15.831263 16.978853 -23.512197
v 16.197855 16.945126 -22.957027
v 16.144714 16.954220 -23.021923
v 16.049400 16.819851 -22.886475
v 15.995974 16.713371 -23.032841
v 15.812270 16.620239 -22.959282
v 15.816574 16.625509 -22.958811
v 15.842093 16.710581 -22.836611
v 15.759456 16.687887 -22.864880
v 15.717587 16.637737 -23.069229
v 15.807610 16.745173 -23.261106
v 15.804905 17.008394 -23.431499
v 15.689650 16.878731 -23.321032
v 15.857957 17.000187 -23.367809
v 15.806668 16.744045 -23.261190
v 15.587974 16.753054 -23.142841
v 15.598062 16.716095 -23.059935
v 15.650056 16.685040 -22.940207
v 15.960204 17.107761 -23.143183
v 16.083519 17.062342 -23.019032
v 15.845084 16.834835 -22.899506
v 15.959969 16.801010 -22.925200
v 16.151102 16.959774 -23.027195
v 16.205820 16.952169 -22.962797
v 15.715982 16.823727 -22.980152
v 15.662819 16.864708 -23.119951
v 15.857367 17.098717 -23.292402
v 15.704956 16.841608 -23.232807
v 15.864603 17.005808 -23.373470
v 15.812819 17.015299 -23.437408
v 15.651024 16.849586 -23.289526
v 15.591081 16.755751 -23.185537
v 15.581155 16.706789 -23.104597
v 15.635159 16.648291 -22.935411
v 15.796165 16.672436 -22.846327
v 15.881466 16.709425 -22.835939
v 16.006323 16.792362 -22.860765
v 15.806189 16.743471 -23.261234
v 15.995984 16.713383 -23.032843
v 15.697970 16.714346 -23.149418
v 15.863325 16.689024 -22.951477
v 15.617842 16.736334 -23.034035
v 15.680014 16.773865 -22.888140
v 15.926190 16.843096 -22.886908
v 15.879176 16.854357 -23.041418
v 15.859800 16.684889 -22.951582
v 15.994554 16.711788 -23.032774
v 16.144402 16.953926 -23.021824
v 16.009434 16.981073 -23.201355
v 15.785630 16.895063 -23.170824
v 15.857453 16.999668 -23.367725
v 15.669168 16.882341 -23.199314
v 15.805403 16.742531 -23.261307
v 15.697519 16.713785 -23.149485
v 15.617171 16.735493 -23.034128
v 16.203991 16.950478 -22.962154
v 16.207743 17.008465 -22.901831
v 16.005322 16.791294 -22.860626
v 16.066597 16.897984 -22.835884
v 15.914413 16.815460 -22.796841
v 15.883580 16.711853 -22.835983
v 15.773035 16.775339 -22.791431
v 15.797901 16.674515 -22.846233
v 15.634091 16.646927 -22.935600
v 15.562680 16.852053 -22.850719
v 15.689266 16.858562 -22.760475
v 15.773462 16.881176 -22.739187
v 15.870102 16.935289 -22.743589
v 15.811549 17.013973 -23.437227
v 15.650360 16.848785 -23.289585
v 15.763377 17.080362 -23.439571
v 15.655716 16.964653 -23.332827
v 15.573503 16.869577 -23.207220
v 15.592486 16.757534 -23.185286
v 15.535648 16.812357 -23.076181
v 15.582027 16.707916 -23.104418
v 15.498554 16.887522 -22.988932
v 15.497724 16.924438 -23.070816
v 15.529013 16.989204 -23.153954
v 16.385027 16.641897 -23.085299
v 15.909765 16.669134 -22.787336
v 15.912187 16.666584 -22.786221
v 15.909107 16.663027 -22.786194
v 16.274689 17.138899 -22.885250
v 15.902332 16.667645 -22.789482
v 15.868595 16.665646 -22.810207
v 15.765166 16.902630 -22.792009
v 15.807032 16.658529 -22.820198
v 15.752499 16.661026 -22.828142
v 15.697130 16.659958 -22.848907
v 15.618275 16.801373 -22.897207
v 15.646067 16.655176 -22.889606
v 15.623308 16.660000 -22.917568
v 15.598579 16.662298 -22.945887
v 15.567388 16.680473 -23.003717
v 15.554996 16.936144 -23.043861
v 15.557612 16.692623 -23.061375
v 15.558431 16.698654 -23.118160
v 15.559057 16.714514 -23.181437
v 15.778324 17.217884 -23.482023
v 15.543843 16.723587 -23.219875
v 15.541020 16.721037 -23.228952
v 15.924960 16.715321 -23.638727
v 15.543527 16.725077 -23.225601
v 15.548742 16.723097 -23.196196
v 15.610080 16.624865 -23.308178
v 15.564412 16.717136 -23.122635
v 15.584547 16.709301 -23.079487
v 15.662457 16.599932 -22.958248
v 15.589455 16.695133 -23.005878
v 15.614634 16.682470 -22.962080
v 15.645910 16.675598 -22.931871
v 15.670447 16.673811 -22.895929
v 15.708874 16.675686 -22.863504
v 15.778660 16.676592 -22.846600
v 15.994437 16.562334 -22.847313
v 15.814947 16.674610 -22.820976
v 15.882564 16.668907 -22.795067
v 15.909573 16.668911 -22.787334
v 16.376015 16.633039 -23.083414
v 16.263388 17.129404 -22.879658
v 15.919224 16.708384 -23.639891
v 15.770762 17.210665 -23.479790
v 15.806063 18.213428 -23.989660
v 15.795464 18.446905 -23.909962
v 16.033361 18.331598 -24.054897
v 15.242931 18.426886 -22.615530
v 15.474424 18.742960 -22.897583
v 15.409454 18.620985 -23.081402
v 15.722388 18.872124 -23.241646
v 15.637067 18.685707 -23.343853
v 15.847039 18.877573 -23.443321
v 15.709630 18.768303 -23.535227
v 15.937485 18.750484 -23.788927
v 15.588080 18.515121 -23.713938
v 15.589718 18.218334 -23.816158
v 15.824720 18.024258 -23.944923
v 15.970430 18.074211 -24.104256
v 16.131607 18.221218 -24.123314
v 16.247583 18.527010 -24.005894
v 16.351019 18.379570 -24.083838
v 16.419292 18.621386 -23.895864
v 16.520603 18.455105 -23.973150
v 16.299551 18.771563 -23.803139
v 16.093349 18.658756 -23.906515
v 16.171741 18.876505 -23.680912
v 16.054350 18.996214 -23.409185
v 16.287659 18.931946 -23.592590
v 16.444193 18.825232 -23.693512
v 16.573885 18.670256 -23.778336
v 15.179699 18.194910 -22.581551
v 15.231160 18.176765 -22.392645
v 15.288103 18.376656 -22.410654
v 15.648473 18.764828 -22.650797
v 15.983035 18.858940 -22.910954
v 16.239681 18.924545 -23.110964
v 16.515812 18.879963 -23.342611
v 16.647127 18.762402 -23.465305
v 16.749348 18.620569 -23.568771
v 16.864565 18.498133 -23.679787
v 16.924410 18.612698 -23.352346
v 17.000702 18.434212 -23.455223
v 17.000011 18.525970 -23.189701
v 16.905882 18.672291 -23.067188
v 16.837425 18.761017 -23.218241
v 16.720573 18.861258 -23.067812
v 16.502636 18.923281 -22.866495
v 16.255131 18.786026 -22.598557
v 15.851683 18.682295 -22.442808
v 15.486568 18.388264 -22.322721
v 16.001472 18.525940 -22.367971
v 16.312693 18.576872 -22.529280
v 16.478493 18.775331 -22.680967
v 16.523842 18.635567 -22.548603
v 16.775133 18.778002 -22.949505
v 16.814522 18.607069 -22.724588
v 16.637094 18.343489 -22.440685
v 17.072605 18.364254 -23.300961
v 17.058420 18.393661 -23.019552
v 17.134480 18.250402 -23.129034
v 17.033945 18.166773 -22.836666
v 17.105034 18.060570 -22.937019
v 16.906584 18.032038 -22.649504
v 17.031982 17.898859 -22.810137
v 16.840139 17.856846 -22.708303
v 16.694189 18.036709 -22.472588
v 16.657152 17.790085 -22.599871
v 16.507378 17.884609 -22.417786
v 16.470572 18.195284 -22.370493
v 16.859652 18.271828 -22.614737
v 16.948179 18.518621 -22.867996
v 17.170988 17.908390 -23.045231
v 17.113068 17.784309 -22.947563
v 17.203310 17.608288 -23.140974
v 17.219595 17.747429 -23.341251
v 17.286226 17.391642 -23.461252
v 17.248852 17.462732 -23.766623
v 17.141857 17.879734 -23.623837
v 17.106047 17.508968 -24.019121
v 16.985117 17.964329 -23.854351
v 16.782061 17.939190 -24.062960
v 16.943756 18.266846 -23.777153
v 16.747854 18.250000 -23.971659
v 16.665489 18.489367 -23.863335
v 17.187292 18.052736 -23.219194
v 17.089384 18.193707 -23.554852
v 16.229515 18.063953 -24.193188
v 16.422411 18.179050 -24.151876
v 16.504889 17.865644 -24.212994
v 16.884033 17.523121 -24.211702
v 16.584923 17.507738 -24.316753
v 16.286976 17.759859 -24.258556
v 16.105064 17.950962 -24.176897
v 15.729436 18.330858 -22.298174
v 15.408330 18.158855 -22.306831
v 15.226237 18.227219 -22.766272
v 15.172007 18.058588 -22.677357
v 15.215130 18.027384 -22.550573
v 15.278987 18.025206 -22.453821
v 15.361057 18.004044 -22.374577
v 15.480559 18.009184 -22.305168
v 15.602268 18.167353 -22.313511
v 15.837035 18.303661 -22.362745
v 16.080395 18.385456 -22.400997
v 16.211832 18.385653 -22.400162
v 16.350134 18.344177 -22.410614
v 16.367382 18.168734 -22.403402
v 16.298502 17.946217 -22.362049
v 16.281361 17.798538 -22.383251
v 16.258438 17.650846 -22.391222
v 16.384914 17.594877 -22.476784
v 16.542360 17.658445 -22.544382
v 15.438126 18.488602 -23.175249
v 15.340141 18.382908 -22.960852
v 15.259397 18.405806 -22.863955
v 15.671501 17.952427 -23.799755
v 15.575075 17.817760 -23.721952
v 15.476468 18.054235 -23.672230
v 15.467609 17.745911 -23.593397
v 15.366094 17.797750 -23.477348
v 15.383922 17.946218 -23.475317
v 15.387390 18.095905 -23.470037
v 15.465300 18.359953 -23.591375
v 15.472109 18.315220 -23.490229
v 15.499292 18.482924 -23.441990
v 15.464355 18.506042 -23.302122
v 15.288176 18.376715 -22.410698
v 14.121205 9.215540 -23.247711
v 14.127871 9.241251 -23.324574
v 14.040741 9.137814 -23.322348
v 14.110245 9.222115 -23.400568
v 14.076131 9.166425 -23.448736
v 14.037458 9.094334 -23.449814
v 14.010300 9.033770 -23.401558
v 14.005117 9.007483 -23.325726
v 14.021886 9.025520 -23.248466
v 14.056465 9.082425 -23.200239
v 14.094250 9.154930 -23.200737
v 14.545499 10.638944 -23.300907
v 14.554157 10.566411 -23.223230
v 14.568478 10.736143 -23.210732
v 14.587982 10.580674 -23.150490
v 14.616377 10.641287 -23.102612
v 14.627794 10.722174 -23.097124
v 14.642365 10.827203 -23.146076
v 14.618556 10.860694 -23.215532
v 14.584644 10.844989 -23.287947
v 14.554949 10.786819 -23.335682
v 14.539554 10.707921 -23.340164
v 14.970263 12.150795 -23.127178
v 15.004432 12.166048 -23.061565
v 14.965513 12.278275 -23.085670
v 15.046087 12.219836 -23.017607
v 15.056983 12.300209 -23.004381
v 15.033876 12.373831 -23.027693
v 15.003884 12.408159 -23.084690
v 14.948580 12.398543 -23.143600
v 14.908341 12.344303 -23.187849
v 14.898335 12.265021 -23.200380
v 14.922532 12.189775 -23.177303
v 15.264374 13.949880 -23.089264
v 15.216156 13.899977 -23.128258
v 15.255000 13.834871 -23.022751
v 15.189817 13.823774 -23.134680
v 15.196915 13.750015 -23.105776
v 15.232827 13.706497 -23.053102
v 15.285953 13.710189 -22.996983
v 15.334518 13.760039 -22.957565
v 15.359941 13.836545 -22.950888
v 15.351920 13.910650 -22.980017
v 15.316330 13.953910 -23.033096
v 16.081219 14.894990 -22.840099
v 16.154783 14.681723 -22.789497
v 16.108644 14.902949 -22.874111
v 15.819524 10.590382 -22.523209
v 16.148790 10.986322 -22.233095
v 16.084728 10.985492 -22.228559
v 16.124327 12.368950 -22.244228
v 16.062971 12.365316 -22.236609
v 16.127010 13.286583 -22.356064
v 15.788713 13.295825 -22.485180
v 15.848017 14.096323 -22.494530
v 16.147348 14.137683 -22.522253
v 16.039698 14.679460 -22.757185
v 16.117794 14.687270 -22.745211
v 16.087221 14.904096 -22.826469
v 16.204199 14.158543 -22.581059
v 16.184744 13.289906 -22.367771
v 15.907751 14.894988 -23.014673
v 15.847550 14.675688 -23.008572
v 15.875424 14.898173 -22.979664
v 15.831059 14.675179 -22.942551
v 15.862704 14.672697 -22.884253
v 15.683846 14.142510 -22.856197
v 15.582815 13.286583 -22.728203
v 15.482278 12.365835 -22.667973
v 15.459771 10.985908 -22.691353
v 15.798083 10.622780 -22.489502
v 15.445148 10.986738 -22.749695
v 15.472134 12.367912 -22.725821
v 15.577154 13.289906 -22.783260
v 15.710286 14.165942 -22.937740
v 15.930149 14.891335 -22.909737
v 15.881279 14.915370 -22.938963
v 15.838125 14.909124 -23.020853
v 15.902700 14.916706 -23.059488
v 15.907167 15.156496 -23.239328
v 15.990308 14.658144 -22.883951
v 15.979694 14.891507 -22.878368
v 16.002045 14.916411 -22.853758
v 15.883996 15.168906 -22.987808
v 15.841992 15.193130 -23.129999
v 15.922792 15.226665 -23.088289
v 15.885322 15.299186 -23.247112
v 15.893028 15.574613 -23.497259
v 15.870554 15.558657 -23.555754
v 15.911463 15.773733 -23.737825
v 15.876801 15.619893 -23.670742
v 15.877265 15.769029 -23.828896
v 16.094887 14.919283 -22.827826
v 16.055208 15.190760 -22.879019
v 16.030598 15.272962 -23.009445
v 16.341156 15.483426 -23.091320
v 16.200819 15.201330 -23.031977
v 16.135735 15.268400 -22.948189
v 16.093613 15.202312 -23.098217
v 15.995315 15.158556 -23.183794
v 15.975245 15.557058 -23.486801
v 15.959523 15.717924 -23.670952
v 15.993510 16.023209 -23.943104
v 16.050661 16.207365 -24.154139
v 16.280132 15.206033 -22.843929
v 16.105110 14.897552 -22.882242
v 16.138287 14.925651 -22.901220
v 16.315586 15.234096 -22.940659
v 16.232996 15.251859 -22.945101
v 16.384344 15.477698 -22.928658
v 16.290728 15.501610 -22.995199
v 16.491812 15.733832 -23.058941
v 16.606987 15.740984 -23.085415
v 16.450638 15.483055 -23.000633
v 16.452375 15.488479 -22.994282
v 16.343899 15.489305 -23.084362
v 16.609253 15.745771 -23.081066
v 16.208469 15.213429 -23.016092
v 16.315565 15.237556 -22.935425
v 16.136333 14.922786 -22.905382
v 16.105860 15.222738 -23.069141
v 15.892802 14.896844 -23.095461
v 16.111635 14.907519 -22.867228
v 15.909751 14.898951 -23.007547
v 16.159374 14.689316 -22.777325
v 16.204889 14.159937 -22.578526
v 15.852265 14.687939 -22.983671
v 15.716079 14.202240 -22.848022
v 16.184744 13.289906 -22.367771
v 15.577154 13.289906 -22.783260
v 16.124327 12.368950 -22.244228
v 15.472134 12.367912 -22.725821
v 16.148790 10.986322 -22.233095
v 15.445148 10.986738 -22.749695
v 15.819524 10.590382 -22.523209
v 16.000397 15.169860 -23.165464
v 15.904490 15.152731 -23.245502
v 15.877879 15.622387 -23.666142
v 15.974929 15.557305 -23.486225
v 15.962986 15.724687 -23.659821
v 15.879749 15.775767 -23.815861
v 16.052002 16.212013 -24.144083
v 20.669880 9.020999 -21.369846
v 20.673626 9.131380 -21.440992
v 20.741076 9.114703 -21.367058
v 20.764402 9.147932 -21.189562
v 20.736601 8.976203 -21.222742
v 20.675220 8.957137 -21.301819
v 20.520920 8.901198 -21.322262
v 20.512667 8.920191 -21.359304
v 20.788830 9.164204 -21.134548
v 20.732628 9.063074 -21.125917
v 20.702656 9.030033 -21.061672
v 20.718529 9.399069 -21.305420
v 20.703741 9.287482 -21.487703
v 20.505901 9.419847 -21.724218
v 20.645966 9.145461 -21.585546
v 20.472189 9.137808 -21.650007
v 20.331118 9.408175 -21.727489
v 20.385229 9.157465 -21.543194
v 20.198643 9.433554 -21.662058
v 20.399734 9.190870 -21.324198
v 20.616102 9.579459 -21.579254
v 20.510439 9.940033 -21.747608
v 20.399754 9.821613 -21.831047
v 20.263002 9.582616 -21.779739
v 20.136358 9.819349 -21.720467
v 20.770903 9.081017 -20.980639
v 20.714136 8.692180 -20.841106
v 20.790043 9.259446 -20.965204
v 20.715252 9.510041 -21.019934
v 20.643200 9.775591 -21.310171
v 20.528929 10.019740 -21.581882
v 20.536106 10.220587 -21.872360
v 20.311506 10.146154 -21.990744
v 20.106945 10.163340 -21.902109
v 20.022079 9.921766 -21.425951
v 19.980892 10.257865 -21.603670
v 20.056156 10.072594 -21.138422
v 20.080013 10.417487 -21.280857
v 20.582056 10.361860 -21.565290
v 20.481581 10.181417 -21.248457
v 20.638611 9.673268 -20.923061
v 20.714682 9.124973 -20.892910
v 20.707039 8.744681 -20.746208
v 20.722429 9.217194 -20.906145
v 20.774523 9.297587 -20.911686
v 20.724110 9.414270 -20.775608
v 20.567616 9.397676 -20.658279
v 20.456886 9.625138 -20.756853
v 20.412245 9.388291 -20.691710
v 20.299755 9.465516 -20.754440
v 20.477642 9.268085 -20.636061
v 20.598021 9.294866 -20.616432
v 20.655359 8.932611 -20.787474
v 20.493841 9.086843 -20.864515
v 20.539881 8.918415 -20.802338
v 20.489489 9.095941 -20.817080
v 20.699900 9.171546 -20.822792
v 20.642303 8.997334 -20.721678
v 20.533102 8.962817 -20.714201
v 20.675201 9.283578 -20.677988
v 20.722805 9.214287 -20.737534
v 20.692024 8.871387 -20.589590
v 20.689745 8.925611 -20.502810
v 20.652512 8.638090 -20.889219
v 20.569166 8.781275 -20.952419
v 20.515913 8.962682 -21.071310
v 20.507332 8.965776 -21.106236
v 20.082605 9.653404 -21.386358
v 20.283773 9.461155 -21.242527
v 20.366463 9.342611 -20.896484
v 20.533102 8.962817 -20.714201
v 20.476032 9.008196 -20.633869
v 20.489487 9.095941 -20.817080
v 20.450951 9.157299 -20.798676
v 20.455715 9.100094 -20.946964
v 20.461494 9.036647 -21.049498
v 20.464790 8.991872 -21.197124
v 20.470707 8.977718 -21.300159
v 20.458054 8.994551 -21.415457
v 20.520920 8.901198 -21.322262
v 20.512669 8.920191 -21.359304
v 20.507332 8.965776 -21.106236
v 20.515913 8.962682 -21.071310
v 20.569166 8.781275 -20.952419
v 20.503212 8.839061 -20.888000
v 20.539881 8.918415 -20.802338
v 20.493841 9.086843 -20.864515
v 20.299755 9.465516 -20.754440
v 20.363012 9.318666 -20.779747
v 20.438784 9.221762 -20.702883
v 20.494469 9.112834 -20.559282
v 20.477642 9.268085 -20.636061
v 20.412243 9.388291 -20.691710
v 20.390018 10.457985 -21.267593
v 20.337891 10.152634 -21.135485
v 20.244568 10.025378 -20.985376
v 20.056156 10.072594 -21.138422
v 20.080013 10.417487 -21.280857
v 13.432147 10.402930 -24.901728
v 13.385065 10.046314 -24.799736
v 13.551747 10.262416 -25.226002
v 13.436541 9.922243 -25.097237
v 13.455946 10.221160 -25.547020
v 13.351856 9.868986 -25.414202
v 13.265037 10.245339 -25.662268
v 13.109095 9.925279 -25.553879
v 13.039482 10.342006 -25.564966
v 13.006025 10.049980 -25.471684
v 12.976248 10.113558 -25.300711
v 12.971751 10.457411 -25.249279
v 12.998895 10.233294 -24.946918
v 13.131142 10.490751 -24.922096
v 13.120349 10.170331 -24.821680
v 13.432147 10.402930 -24.901728
v 13.385065 10.046314 -24.799736
v 12.774776 9.123160 -24.654491
v 12.576307 9.289492 -24.757298
v 12.774503 9.120131 -24.703405
v 12.537961 9.376622 -24.758404
v 12.524809 9.347131 -24.817715
v 12.642171 9.586938 -24.831669
v 12.662071 9.507442 -25.126616
v 12.535542 9.270126 -24.995747
v 12.565926 9.256034 -25.048546
v 12.574237 9.160475 -24.993238
v 12.608219 9.236890 -25.225401
v 12.686132 9.414826 -25.318308
v 12.827752 9.695265 -25.361982
v 12.931484 9.535790 -25.510069
v 12.791062 9.866195 -25.077234
v 12.726734 9.725048 -24.708014
v 12.584803 9.469368 -24.603905
v 12.720348 9.417216 -24.471838
v 12.552403 9.269451 -24.590475
v 12.786060 9.271907 -24.454622
v 12.875156 9.385977 -24.486578
v 12.875330 9.632388 -24.527121
v 12.990450 9.872027 -24.690031
v 13.172857 10.014493 -24.678627
v 13.202000 9.662392 -25.516415
v 13.102282 9.497848 -25.495155
v 13.227152 9.493496 -25.410336
v 13.088476 9.492981 -25.003498
v 13.332333 9.663298 -25.098242
v 12.663810 9.134131 -25.230291
v 12.686684 9.251017 -25.288170
v 12.735924 9.274609 -25.424543
v 12.914122 9.246129 -25.469040
v 12.987328 9.241757 -25.349974
v 12.948018 9.253556 -25.131790
v 12.941526 9.354136 -24.689211
v 12.875156 9.385977 -24.486578
v 12.786060 9.271907 -24.454622
v 12.925504 9.318308 -24.575668
v 12.826589 9.228287 -24.520868
v 12.818867 9.176891 -24.624640
v 12.827220 9.135644 -24.777390
v 12.774776 9.123160 -24.654491
v 12.774503 9.120131 -24.703405
v 20.248566 9.437479 -20.746092
v 19.999985 9.623632 -21.175014
v 20.180038 9.436015 -20.876875
v 20.248566 9.437479 -20.746092
v 20.155897 9.419047 -20.840830
v 20.160460 9.261326 -20.677414
v 20.028351 9.272239 -20.690071
v 20.010706 9.529761 -20.865938
v 19.993729 9.881800 -20.931671
v 20.038277 9.657495 -20.698982
v 19.993729 9.881800 -20.931671
v 20.038277 9.657495 -20.698982
v 20.207468 9.671596 -20.652876
v 20.273653 9.519679 -20.666683
v 20.248566 9.437479 -20.746092
v 20.325359 9.668606 -20.738827
v 20.401697 9.857905 -20.958630
v 20.534420 8.723394 -21.226677
v 20.474245 8.772542 -21.163254
v 20.524342 8.824368 -21.055803
v 20.460308 8.994914 -21.546017
v 20.503967 8.853090 -21.415968
v 20.548271 8.713622 -21.461437
v 20.548674 8.776539 -21.305239
v 20.651651 8.994510 -21.390203
v 20.672977 8.985215 -21.474476
v 20.667770 8.758336 -21.332571
v 20.672176 8.726509 -21.409843
v 20.596041 8.974031 -21.566696
v 20.623547 8.688317 -21.455656
v 20.541128 8.903712 -21.526176
v 20.632896 8.877015 -21.355347
v 20.548674 8.776539 -21.305239
v 20.524342 8.824368 -21.055803
v 20.633469 8.832499 -21.061394
v 20.705975 8.997853 -21.144108
v 20.670683 8.670124 -21.037552
v 20.672827 8.625972 -21.125584
v 20.615662 8.583740 -21.170866
v 20.534420 8.723394 -21.226677
v 13.005664 9.451411 -24.524925
v 13.050713 9.413681 -24.513203
v 13.389462 9.827509 -24.611897
v 13.380951 9.601064 -24.883295
v 13.135170 9.414534 -24.635199
v 13.050713 9.413681 -24.513203
v 13.151710 9.390441 -24.598938
v 13.312840 9.478710 -24.591059
v 13.281605 9.591685 -24.415005
v 12.734791 8.880733 -24.756956
v 12.765187 9.023039 -24.924629
v 12.669812 8.842040 -24.835901
v 12.739285 8.869588 -25.182182
v 12.809551 8.948352 -25.276104
v 12.802595 9.009232 -25.213341
v 12.875019 9.079830 -25.252403
v 12.787051 8.989627 -25.179569
v 12.843201 9.053864 -25.141842
v 12.735163 8.805124 -25.109259
v 12.792298 8.837702 -25.033550
v 12.837397 9.055362 -25.038990
v 12.735829 8.886461 -24.926294
v 12.779942 9.028210 -24.957123
v 12.825167 9.084114 -24.887028
v 12.696793 8.956575 -24.667517
v 12.890018 9.093211 -25.380779
v 12.757701 9.097484 -25.420780
v 12.670052 9.110489 -25.338209
v 12.681757 9.107783 -25.251057
v 12.622242 8.872322 -25.226728
v 12.625450 8.849974 -25.306055
v 12.672644 8.808988 -25.349785
v 12.796169 9.014716 -25.382607
v 12.752046 8.822964 -25.343416
v 12.802595 9.009232 -25.213341
v 12.739285 8.869588 -25.182182
v 12.678272 8.986031 -25.229038
v 12.787051 8.989627 -25.179569
v 12.641211 9.066095 -25.172338
v 12.735163 8.805123 -25.109259
v 12.626738 8.677335 -25.080704
v 12.570217 8.722637 -25.037600
v 12.572495 9.086270 -25.098230
v 12.567612 8.755856 -24.946459
v 12.593121 9.095675 -25.015327
v 12.779942 9.028210 -24.957123
v 12.735829 8.886460 -24.926294
v 12.629298 8.912411 -24.945347
v 12.765187 9.023039 -24.924629
v 12.590593 9.118464 -24.929827
v 12.669812 8.842040 -24.835901
v 12.560127 8.707058 -24.801245
v 12.500446 8.764371 -24.754456
v 12.520040 9.171387 -24.852247
v 12.500542 8.806299 -24.654066
v 12.569456 9.196065 -24.752371
v 12.584839 8.987282 -24.665316
v 12.696793 8.956574 -24.667517
v 12.697790 8.989746 -24.574461
v 12.596527 9.042027 -24.591051
v 12.579920 9.232684 -24.677584
v 12.512869 8.911637 -24.482445
v 12.509758 8.957410 -24.389351
v 12.601025 9.323524 -24.518063
v 12.736252 9.114213 -24.399803
v 12.598904 9.136528 -24.398113
v 12.668439 9.315599 -24.446352
v 13.389462 9.827509 -24.611897
v 13.112333 9.626928 -24.388947
v 13.281605 9.591685 -24.415005
v 13.007401 9.652390 -24.487926
v 13.026308 9.490861 -24.428532
v 13.005664 9.451411 -24.524925
v 13.050713 9.413681 -24.513203
v 12.749109 9.017301 -24.482937
v 12.697790 8.989747 -24.574461
v 12.736252 9.114213 -24.399803
v 13.234391 9.210652 -24.452175
v 13.101634 9.220170 -24.456516
v 20.655697 8.742885 -20.689413
v 20.559391 8.775865 -20.709707
v 20.558329 8.756685 -20.700686
v 20.703438 8.703986 -20.727068
v 20.682343 8.662181 -20.706554
v 20.709003 8.653936 -20.820480
v 20.688114 8.612628 -20.801758
v 20.632113 8.816402 -20.638353
v 20.688734 8.887368 -20.481497
v 20.670444 8.846559 -20.459305
v 20.689558 8.833765 -20.567295
v 20.672596 8.794140 -20.545700
v 20.578732 8.613012 -20.456879
v 20.527164 8.569795 -20.488413
v 20.581795 8.656677 -20.373207
v 20.531675 8.659450 -20.323330
v 20.643564 8.926276 -20.438168
v 20.487236 8.685814 -20.334291
v 20.546188 8.939049 -20.445257
v 20.545893 8.957157 -20.453796
v 20.631119 9.114142 -20.540081
v 20.494469 9.112834 -20.559282
v 20.489174 8.872041 -20.544510
v 20.546188 8.939049 -20.445257
v 20.510666 8.875654 -20.548677
v 20.545893 8.957157 -20.453796
v 20.515779 8.903410 -20.564274
v 20.494736 8.913275 -20.573448
v 20.537800 8.845935 -20.646301
v 20.533836 8.829000 -20.635939
v 20.423939 8.685369 -20.444426
v 20.487236 8.685814 -20.334291
v 20.437901 8.617228 -20.505396
v 20.527164 8.569795 -20.488413
v 20.632113 8.816402 -20.638353
v 20.559391 8.775865 -20.709707
v 20.516161 8.736021 -20.828926
v 20.532240 8.723986 -20.818600
v 20.557680 8.668484 -20.900276
v 20.652512 8.638090 -20.889219
v 20.553894 8.651080 -20.891075
v 20.526463 8.696157 -20.803858
v 20.558329 8.756685 -20.700686
v 20.500771 8.690372 -20.800959
v 20.418541 8.483119 -20.704575
v 20.472326 8.476462 -20.590479
v 20.429945 8.411968 -20.764673
v 20.518595 8.363267 -20.745527
v 20.572527 8.409611 -20.711712
v 20.518595 8.363267 -20.745527
v 20.570795 8.449672 -20.625792
v 20.517071 8.449890 -20.578165
v 20.472326 8.476462 -20.590479
v 20.669346 8.694744 -21.396559
v 20.651165 8.660011 -21.387112
v 20.665310 8.724339 -21.321203
v 20.626030 8.748046 -21.293432
v 20.646921 8.690114 -21.310537
v 20.502834 8.563980 -21.244600
v 20.548948 8.760901 -21.301388
v 20.458050 8.579473 -21.326508
v 20.458050 8.579473 -21.326508
v 20.548948 8.760901 -21.301388
v 20.504545 8.717559 -21.379250
v 20.467308 8.529817 -21.380949
v 20.545584 8.698909 -21.455473
v 20.543144 8.495705 -21.371798
v 20.623547 8.688317 -21.455656
v 20.584425 8.526234 -21.340643
v 20.651165 8.660011 -21.387112
v 20.584251 8.550490 -21.268608
v 20.646921 8.690114 -21.310537
v 20.540920 8.546109 -21.238619
v 20.626030 8.748046 -21.293432
v 20.502834 8.563980 -21.244600
v 20.548948 8.760901 -21.301388
v 20.548674 8.776539 -21.305239
v 20.632896 8.877015 -21.355347
v 20.667770 8.758336 -21.332571
v 20.651651 8.994510 -21.390203
v 20.523148 8.727641 -21.382370
v 20.548674 8.776539 -21.305239
v 20.528351 8.751504 -21.390450
v 20.517950 8.768035 -21.399073
v 20.503967 8.853090 -21.415968
v 20.548271 8.713622 -21.461437
v 20.479237 8.623967 -21.088377
v 20.537134 8.678971 -20.988689
v 20.499958 8.632223 -21.092411
v 20.537033 8.697611 -20.995817
v 20.504688 8.659875 -21.104511
v 20.488974 8.675233 -21.115097
v 20.526188 8.615027 -21.177898
v 20.522177 8.596990 -21.170128
v 20.415371 8.439102 -21.013342
v 20.474709 8.432331 -20.912090
v 20.427505 8.380411 -21.075991
v 20.517101 8.338803 -21.065287
v 20.615662 8.583740 -21.170866
v 20.534420 8.723394 -21.226677
v 20.474245 8.772542 -21.163254
v 20.524342 8.824368 -21.055803
v 20.517101 8.338803 -21.065287
v 20.615662 8.583740 -21.170866
v 20.565485 8.375168 -21.030563
v 20.652584 8.552069 -21.092745
v 20.565786 8.408001 -20.946785
v 20.649090 8.593263 -21.005014
v 20.519613 8.409383 -20.904278
v 20.624390 8.666158 -20.983089
v 20.474709 8.432331 -20.912090
v 20.537134 8.678971 -20.988689
v 20.537033 8.697611 -20.995817
v 20.633469 8.832499 -21.061394
v 20.524342 8.824368 -21.055803
v 20.670683 8.670124 -21.037552
v 20.705975 8.997853 -21.144108
v 20.666616 8.631050 -21.021582
v 20.668756 8.589866 -21.109497
v 20.672827 8.625972 -21.125584
v 12.697790 8.989746 -24.574461
v 12.569563 8.854062 -24.530235
v 12.596527 9.042027 -24.591051
v 12.512869 8.911637 -24.482445
v 12.579920 9.232684 -24.677584
v 12.648266 8.959982 -24.320728
v 12.547421 8.942307 -24.320738
v 12.644468 8.941853 -24.313398
v 12.649985 8.672151 -24.228825
v 12.601027 8.652898 -24.227100
v 12.559787 8.661856 -24.282000
v 12.510855 8.872469 -24.354048
v 12.567583 8.628501 -24.369900
v 12.514652 8.830165 -24.445906
v 12.615916 8.580387 -24.399794
v 12.506169 8.873356 -24.465471
v 12.509758 8.957410 -24.389351
v 12.502622 8.916868 -24.374193
v 12.598904 9.136528 -24.398113
v 12.601025 9.323524 -24.518063
v 12.668439 9.315600 -24.446352
v 12.736252 9.114213 -24.399803
v 12.593121 9.095675 -25.015327
v 12.567612 8.755856 -24.946459
v 12.629298 8.912411 -24.945347
v 12.604080 8.741041 -24.886911
v 12.695500 8.757710 -24.884388
v 12.735829 8.886461 -24.926294
v 12.691940 8.738658 -24.879719
v 12.706419 8.479348 -24.826366
v 12.657902 8.463919 -24.827196
v 12.618427 8.473336 -24.874630
v 12.572730 8.673792 -24.921377
v 12.625727 8.450003 -24.961231
v 12.576990 8.643309 -25.012068
v 12.674032 8.410207 -24.994232
v 12.626737 8.677335 -25.080704
v 12.567136 8.684824 -25.025753
v 12.570217 8.722637 -25.037600
v 12.563024 8.716560 -24.935452
v 12.569456 9.196065 -24.752371
v 12.500542 8.806299 -24.654066
v 12.584839 8.987282 -24.665316
v 12.544322 8.790649 -24.592268
v 12.645975 8.810050 -24.595057
v 12.696793 8.956575 -24.667517
v 12.641810 8.789783 -24.589647
v 12.670405 8.489777 -24.504589
v 12.621229 8.469053 -24.501038
v 12.574331 8.482372 -24.554548
v 12.508278 8.717278 -24.622326
v 12.578883 8.452435 -24.644432
v 12.508688 8.678782 -24.721231
v 12.630636 8.402308 -24.675623
v 12.560127 8.707058 -24.801245
v 12.496379 8.725224 -24.738749
v 12.500446 8.764371 -24.754456
v 12.495988 8.763706 -24.639847
v 12.615433 8.580432 -24.400244
v 12.569563 8.854062 -24.530235
v 12.712523 8.614284 -24.399546
v 12.667158 8.850286 -24.514095
v 12.728489 8.673002 -24.329538
v 12.704461 8.876255 -24.413404
v 12.644468 8.941853 -24.313398
v 12.649985 8.672150 -24.228825
v 12.736252 9.114213 -24.399803
v 12.648266 8.959982 -24.320728
v 12.749109 9.017301 -24.482937
v 12.708478 8.920662 -24.437426
v 12.668243 8.868374 -24.522657
v 12.697790 8.989746 -24.574461
v 12.684422 8.883456 -24.419601
v 12.686528 8.912904 -24.432076
v 12.674002 8.410201 -24.994320
v 12.626738 8.677335 -25.080704
v 12.768126 8.437324 -24.988319
v 12.720024 8.675006 -25.066860
v 12.779231 8.487816 -24.918247
v 12.754784 8.686446 -24.977886
v 12.691940 8.738658 -24.879719
v 12.706419 8.479348 -24.826366
v 12.735829 8.886460 -24.926294
v 12.695500 8.757710 -24.884388
v 12.792298 8.837702 -25.033550
v 12.756922 8.739721 -24.998617
v 12.719596 8.694160 -25.072758
v 12.735163 8.805123 -25.109259
v 12.736105 8.698093 -24.983271
v 12.736857 8.727278 -24.992334
v 12.630372 8.402321 -24.675945
v 12.560127 8.707058 -24.801245
v 12.727174 8.437262 -24.678726
v 12.657615 8.705448 -24.789774
v 12.739866 8.499160 -24.609344
v 12.702724 8.725342 -24.689342
v 12.641810 8.789783 -24.589647
v 12.670405 8.489777 -24.504589
v 12.696793 8.956574 -24.667517
v 12.645975 8.810050 -24.595057
v 12.734791 8.880733 -24.756956
v 12.697567 8.775481 -24.713055
v 12.657482 8.724081 -24.797117
v 12.669812 8.842039 -24.835901
v 12.678679 8.735206 -24.694513
v 12.678771 8.764997 -24.706264
v 20.569965 8.625857 -20.358580
v 20.543835 8.596034 -20.343527
v 20.568325 8.585443 -20.443039
v 20.539339 8.554675 -20.429237
v 20.531675 8.659450 -20.323330
v 20.377575 8.544426 -20.281431
v 20.487236 8.685814 -20.334291
v 20.581795 8.656677 -20.373207
v 20.578732 8.613012 -20.456879
v 20.527164 8.569795 -20.488413
v 20.418812 8.459631 -20.390381
v 20.297104 8.386994 -20.369568
v 20.278540 8.393402 -20.302410
v 20.421925 8.502787 -20.302790
v 20.298336 8.440836 -20.259439
v 20.399094 8.407088 -21.003452
v 20.357611 8.368158 -20.988689
v 20.423893 8.415634 -21.004730
v 20.335886 8.295117 -20.881062
v 20.386938 8.285480 -20.867857
v 20.290325 8.280560 -20.954542
v 20.279898 8.216075 -20.879290
v 20.277096 8.184051 -20.971231
v 20.335894 8.249563 -21.037937
v 20.324158 8.133605 -20.966480
v 20.346121 8.410421 -20.677452
v 20.393930 8.445841 -20.691011
v 20.429945 8.411968 -20.764673
v 20.423599 8.454262 -20.692993
v 20.418541 8.483119 -20.704575
v 20.472326 8.476462 -20.590479
v 20.358997 8.329924 -20.542082
v 20.307781 8.344203 -20.560888
v 20.262453 8.329062 -20.640575
v 20.241352 8.267953 -20.558731
v 20.240353 8.227871 -20.652676
v 20.313572 8.285522 -20.722765
v 20.282118 8.171258 -20.639751
v 20.518595 8.363267 -20.745527
v 20.361382 8.622306 -20.417768
v 20.409760 8.656864 -20.433914
v 20.437901 8.617228 -20.505396
v 20.434961 8.661838 -20.434935
v 20.423939 8.685369 -20.444426
v 20.487236 8.685814 -20.334291
v 20.325623 8.558300 -20.298929
v 20.377577 8.544426 -20.281429
v 20.278839 8.542276 -20.377337
v 20.258850 8.479465 -20.298376
v 20.255865 8.443524 -20.382126
v 20.327370 8.497595 -20.459637
v 20.297104 8.386994 -20.369568
v 20.527164 8.569795 -20.488411
v 12.630590 8.800146 -25.209723
v 12.657933 8.851905 -25.183250
v 12.618685 8.838030 -25.216881
v 12.622242 8.872322 -25.226728
v 12.622115 8.816942 -25.296577
v 12.625450 8.849974 -25.306055
v 12.672644 8.808988 -25.349785
v 12.632805 8.779662 -25.288151
v 12.681757 9.107783 -25.251057
v 12.678272 8.986031 -25.229038
v 12.739285 8.869589 -25.182182
v 12.736158 8.852604 -25.179955
v 12.745092 8.646667 -25.140762
v 12.702739 8.635054 -25.142839
v 12.667459 8.649368 -25.177176
v 12.672822 8.631944 -25.249704
v 12.713202 8.598825 -25.280313
v 12.793667 8.620729 -25.275805
v 12.751910 8.807463 -25.339048
v 12.802157 8.662373 -25.214890
v 12.784266 8.810664 -25.255163
v 12.736158 8.852604 -25.179955
v 12.745092 8.646667 -25.140762
v 12.752046 8.822964 -25.343416
v 12.766623 8.824847 -25.260817
v 12.767120 8.849693 -25.266462
v 12.739285 8.869588 -25.182182
v 12.781816 8.863811 -25.271324
v 12.809551 8.948352 -25.276104
v 20.472326 8.476462 -20.590479
v 20.358997 8.329924 -20.542082
v 20.517071 8.449890 -20.578165
v 20.528366 8.386049 -20.599886
v 20.403399 8.288129 -20.562654
v 20.528639 8.346882 -20.685877
v 20.403269 8.247445 -20.650379
v 20.257771 8.175463 -20.569801
v 20.282118 8.171258 -20.639751
v 20.518595 8.363267 -20.745527
v 20.558012 8.381533 -20.699118
v 20.555490 8.418459 -20.613623
v 20.570795 8.449672 -20.625792
v 20.572527 8.409611 -20.711712
v 20.386938 8.285480 -20.867857
v 20.533640 8.349728 -20.925411
v 20.432566 8.251712 -20.893135
v 20.530993 8.319146 -21.011118
v 20.429951 8.219283 -20.979334
v 20.304775 8.129670 -20.898628
v 20.324158 8.133605 -20.966480
v 20.556433 8.348855 -21.020447
v 20.556248 8.378594 -20.936136
v 12.571496 8.597142 -24.358023
v 12.592635 8.560835 -24.344656
v 12.565234 8.628426 -24.270149
v 12.728796 8.509742 -24.180744
v 12.682068 8.477537 -24.212505
v 12.788324 8.393292 -24.162403
v 12.807394 8.348869 -24.207085
v 12.690945 8.445613 -24.303032
v 12.796353 8.351353 -24.276974
v 12.581789 8.593133 -24.256012
v 12.836851 8.591869 -25.197952
v 12.829418 8.516666 -25.116095
v 12.872474 8.508032 -25.174372
v 12.862472 8.443903 -25.125504
v 12.869820 8.429622 -25.194426
v 12.839437 8.500959 -25.252310
v 12.823146 8.395329 -25.202309
v 12.814296 8.626629 -25.205311
v 12.793219 8.641503 -25.210075
v 12.750605 8.484986 -25.215557
v 12.830391 8.381657 -25.152012
v 12.745259 8.500577 -25.140835
v 12.685157 8.592665 -25.166059
v 12.783974 8.515991 -25.111061
v 12.675732 8.608167 -25.245722
v 12.693571 8.577619 -25.240576
v 12.671613 8.620872 -25.172073
v 20.395454 8.452600 -21.217327
v 20.502834 8.563980 -21.244600
v 20.411364 8.517002 -21.306875
v 20.439205 8.545983 -21.314474
v 20.463108 8.558372 -21.318335
v 20.392792 8.322033 -21.290184
v 20.400423 8.421553 -21.351463
v 20.352211 8.362270 -21.291945
v 20.358702 8.442497 -21.281389
v 20.353241 8.384378 -21.223337
v 20.438635 8.445405 -21.205986
v 20.554426 8.499713 -21.253386
v 20.478848 8.420650 -21.227928
v 20.554539 8.477117 -21.327736
v 20.479221 8.397617 -21.301374
v 20.377871 8.314068 -21.239447
v 20.575542 8.503275 -21.333473
v 20.574333 8.525682 -21.260643
v 12.764464 8.317016 -24.790756
v 12.718596 8.293235 -24.825399
v 12.638775 8.409632 -24.857363
v 12.729154 8.270070 -24.913958
v 12.827997 8.153742 -24.829056
v 12.818786 8.167724 -24.897663
v 12.649146 8.386966 -24.944836
v 12.622044 8.442142 -24.868011
v 12.629539 8.420986 -24.953138
v 12.753157 8.321844 -24.461243
v 12.705964 8.290589 -24.492373
v 12.602816 8.411579 -24.530750
v 12.712463 8.259980 -24.583805
v 12.834478 8.157736 -24.494284
v 12.817718 8.165006 -24.566530
v 12.610107 8.382106 -24.621763
v 12.583666 8.448837 -24.544853
v 12.588119 8.420771 -24.633514
v 12.764367 8.317023 -24.790855
v 12.818188 8.319218 -24.796179
v 12.789689 8.451624 -24.910383
v 12.766785 8.463490 -24.914570
v 12.833743 8.290703 -24.956350
v 12.818734 8.167727 -24.897715
v 12.870932 8.209989 -24.891443
v 12.871259 8.305549 -24.864992
v 12.861062 8.232573 -24.797504
v 12.823070 8.405588 -24.895826
v 12.753063 8.321856 -24.461308
v 12.807918 8.330760 -24.470669
v 12.755600 8.457094 -24.597797
v 12.729061 8.471505 -24.602571
v 12.816185 8.289782 -24.637611
v 12.817642 8.165016 -24.566574
v 12.869801 8.215542 -24.567293
v 12.860652 8.316948 -24.546900
v 12.861425 8.245049 -24.469877
v 12.795866 8.414139 -24.581978
v 12.728585 8.509769 -24.180878
v 12.784106 8.518100 -24.188847
v 12.735453 8.642085 -24.319984
v 12.711937 8.650212 -24.324232
v 12.797054 8.474531 -24.354778
v 12.796167 8.351379 -24.277075
v 12.847759 8.402296 -24.276234
v 12.837799 8.503412 -24.262865
v 12.838532 8.430218 -24.191626
v 12.775858 8.598618 -24.303946
v 12.816691 8.418686 -25.107040
v 12.809132 8.200864 -24.775023
v 12.812393 8.209138 -24.440863
v 20.279797 8.228868 -20.519339
v 20.391312 8.355895 -21.197941
v 20.323803 8.180282 -20.847889
v 12.827892 8.153754 -24.829140
v 12.809014 8.200876 -24.775118
v 12.834387 8.157751 -24.494331
v 12.812314 8.209149 -24.440907
v 12.807116 8.348910 -24.207228
v 12.788074 8.393330 -24.162537
v 20.257771 8.175463 -20.569801
v 20.279797 8.228868 -20.519339
v 20.304775 8.129670 -20.898628
v 20.323803 8.180282 -20.847889
v 20.278540 8.393402 -20.302410
v 20.298336 8.440836 -20.259439
v 12.830387 8.381654 -25.152042
v 12.816682 8.418683 -25.107075
v 12.783935 8.515974 -25.111238
v 20.438635 8.445405 -21.205986
v 20.391312 8.355895 -21.197941
v 20.377871 8.314068 -21.239447
v 20.248566 9.437479 -20.746092
v 20.183960 9.263952 -20.589542
v 20.160460 9.261326 -20.677414
v 20.157303 9.256777 -20.639864
v 20.028349 9.272239 -20.690071
v 20.030432 9.263496 -20.656590
v 19.971973 9.282322 -20.632097
v 20.010706 9.529761 -20.865938
v 20.158154 9.225698 -20.641796
v 20.143217 9.173331 -20.622803
v 20.130537 9.054466 -20.582863
v 20.162621 9.051403 -20.470242
v 20.104496 8.992391 -20.490068
v 20.109037 9.004780 -20.387852
v 20.044945 8.979431 -20.377947
v 20.028969 8.989151 -20.495226
v 19.982544 9.004686 -20.424028
v 19.974121 9.060719 -20.532330
v 20.036421 9.050542 -20.599468
v 20.040783 9.171514 -20.651926
v 20.038986 9.222458 -20.671497
v 20.032070 9.614714 -20.674356
v 20.038277 9.657495 -20.698980
v 20.025391 9.563561 -20.654636
v 20.003899 9.384583 -20.543007
v 19.995794 9.332560 -20.510899
v 19.987892 9.258543 -20.498528
v 19.990337 9.123541 -20.470074
v 13.281605 9.591686 -24.415005
v 13.278616 9.546082 -24.395353
v 13.312840 9.478709 -24.591059
v 13.274325 9.492741 -24.381231
v 13.283256 9.205976 -24.387148
v 13.253772 9.303710 -24.290230
v 13.250486 9.246881 -24.263308
v 13.246035 9.171508 -24.260004
v 13.219164 9.036305 -24.247221
v 13.235003 8.978703 -24.314404
v 13.234391 9.210652 -24.452175
v 13.225500 9.197818 -24.419491
v 13.101634 9.220170 -24.456516
v 13.098813 9.210402 -24.420719
v 13.215092 9.161089 -24.439539
v 13.066618 9.217176 -24.372267
v 13.050713 9.413680 -24.513203
v 13.094297 9.181022 -24.425564
v 13.203703 9.110253 -24.427567
v 13.181307 8.985074 -24.390499
v 13.164930 8.912659 -24.294273
v 13.202989 8.913422 -24.216732
v 13.132134 8.894404 -24.181908
v 13.090574 8.927937 -24.297817
v 13.075350 8.931263 -24.196400
v 13.039890 8.992494 -24.279383
v 13.088512 9.002600 -24.385105
v 13.098015 9.125319 -24.411356
v 19.995794 9.332560 -20.510899
v 19.987892 9.258543 -20.498528
v 20.132904 9.328624 -20.461231
v 20.121298 9.250608 -20.447245
v 20.185184 9.282830 -20.509411
v 20.116135 9.125367 -20.423128
v 19.990337 9.123541 -20.470076
v 20.032070 9.614714 -20.674356
v 20.025391 9.563561 -20.654636
v 20.189749 9.621286 -20.625006
v 20.174480 9.560498 -20.602982
v 20.003899 9.384583 -20.543007
v 20.145107 9.378457 -20.497829
v 20.209404 9.394095 -20.581429
v 19.974121 9.060719 -20.532330
v 19.982544 9.004686 -20.424028
v 20.044945 8.979431 -20.377947
v 20.109037 9.004780 -20.387852
v 20.162621 9.051403 -20.470242
v 20.183960 9.263952 -20.589542
v 20.248566 9.437479 -20.746092
v 20.273653 9.519679 -20.666683
v 20.207468 9.671596 -20.652876
v 20.038277 9.657495 -20.698980
v 13.253772 9.303710 -24.290230
v 13.120542 9.509423 -24.348934
v 13.109385 9.314973 -24.264294
v 13.059666 9.348847 -24.352287
v 13.056909 9.227383 -24.292437
v 13.108428 9.260312 -24.232710
v 13.250486 9.246881 -24.263308
v 13.107179 9.180924 -24.226376
v 13.246035 9.171508 -24.260004
v 13.219164 9.036305 -24.247221
v 13.089378 9.053266 -24.216993
v 13.274325 9.492741 -24.381231
v 13.278616 9.546082 -24.395353
v 13.116623 9.571965 -24.365124
v 13.281605 9.591685 -24.415005
v 13.112333 9.626929 -24.388947
v 13.026308 9.490861 -24.428532
v 13.050713 9.413680 -24.513203
v 13.066618 9.217177 -24.372267
v 13.039890 8.992494 -24.279383
v 13.075350 8.931263 -24.196400
v 13.132134 8.894404 -24.181908
v 13.202989 8.913423 -24.216732
v 13.235003 8.978703 -24.314404
v 17.982641 11.576586 -22.520092
v 17.774513 11.503101 -22.000074
v 17.709282 12.051007 -22.440302
v 18.872295 10.949371 -23.078392
v 17.922487 11.584929 -22.535980
v 18.396902 11.401341 -23.377956
v 17.388409 12.200169 -22.055866
v 17.820272 12.056704 -22.420183
v 17.507095 12.224405 -22.032978
v 17.494362 13.030929 -22.145407
v 15.878098 9.965200 -26.359447
v 15.364505 10.834615 -25.517677
v 15.305169 10.001237 -25.990217
v 16.501400 9.912248 -26.427830
v 15.793720 11.316524 -25.225845
v 17.162527 9.914718 -26.337624
v 15.360648 10.834911 -25.524048
v 14.976707 10.846695 -25.167610
v 14.788910 11.501513 -24.097923
v 14.820476 10.827860 -24.919603
v 15.305169 10.001237 -25.990217
v 14.834017 10.013147 -25.580278
v 15.153345 9.267526 -26.229549
v 14.685822 9.282012 -25.805141
v 14.829927 10.013781 -25.584579
v 17.101290 9.147312 -26.685314
v 16.457169 9.153005 -26.702848
v 16.500547 9.913922 -26.427830
v 16.452822 9.156601 -26.702848
v 15.825968 9.222015 -26.617147
v 14.908363 11.475402 -23.259541
v 14.573271 10.740223 -23.342087
v 14.791809 11.465993 -23.655416
v 14.790784 11.466363 -23.654869
v 14.408592 10.783073 -23.800028
v 14.798059 11.497922 -24.105059
v 14.998584 12.216422 -23.796495
v 14.787142 11.467676 -23.652925
v 14.475175 10.804540 -24.640657
v 14.792476 11.500113 -24.100704
v 14.344776 10.805314 -24.298893
v 14.474537 10.804916 -24.639185
v 14.271287 9.986829 -24.561325
v 14.265265 9.960251 -23.968630
v 14.040457 9.249441 -24.843166
v 13.969287 9.211361 -24.354496
v 14.783516 11.468984 -23.650990
v 14.402404 10.785238 -23.797239
v 14.795630 11.498875 -24.103165
v 14.346842 10.804536 -24.300257
v 14.264528 9.960534 -23.968096
v 14.271193 9.986892 -24.561052
v 14.400835 10.785787 -23.796532
v 14.346111 10.804811 -24.299774
v 14.672837 9.284450 -25.815504
v 14.826038 10.014383 -25.588671
v 14.321524 9.272426 -25.322821
v 14.645493 9.984047 -25.150469
v 14.447961 9.974026 -24.875496
v 14.270502 9.987350 -24.559078
v 14.344057 10.805586 -24.298418
v 14.474946 10.804674 -24.640129
v 14.907013 11.476862 -23.020651
v 14.872748 11.488077 -23.241812
v 15.085562 12.219214 -22.993946
v 15.021508 12.262827 -23.119226
v 14.263511 9.960927 -23.967360
v 14.459522 9.958507 -23.400724
v 13.968717 9.211638 -24.353642
v 14.013288 9.167354 -23.863203
v 14.461457 9.957789 -23.401911
v 14.265542 9.960143 -23.968830
v 14.564070 10.743456 -23.337828
v 14.403246 10.784944 -23.797619
v 14.644268 9.984117 -25.152681
v 14.447574 9.973936 -24.877056
v 14.320350 9.272621 -25.323944
v 14.040992 9.249438 -24.841984
v 14.270823 9.987137 -24.559996
v 15.021508 12.262827 -23.119226
v 14.872748 11.488077 -23.241812
v 14.918755 12.264072 -23.473381
v 14.976527 12.224405 -23.784483
v 14.764545 11.475823 -23.640865
v 14.872748 11.488077 -23.241812
v 14.907013 11.476862 -23.020651
v 14.541947 10.751229 -23.327583
v 14.742893 10.720155 -23.137135
v 14.673673 10.668870 -23.104269
v 14.679898 10.664616 -23.038607
v 14.508662 9.861820 -22.993460
v 14.141657 9.122334 -23.144560
v 14.543062 9.860128 -23.051659
v 14.543348 9.879571 -23.180111
v 14.111992 9.095371 -23.443853
v 14.032149 9.108224 -23.856192
v 14.456304 9.912093 -23.390881
v 14.541796 10.713095 -23.327583
v 14.722570 10.689339 -23.126249
v 14.453188 9.924783 -23.390881
v 14.540285 9.891373 -23.180111
v 14.673688 10.665805 -23.104269
v 14.541451 9.866167 -23.051659
v 14.679914 10.661721 -23.038607
v 14.507746 9.865277 -22.993460
v 15.180161 11.563463 -24.495951
v 14.783459 11.503653 -24.093672
v 15.153345 9.267526 -26.229549
v 15.833277 9.212519 -26.617147
v 19.547087 10.152163 -23.857092
v 19.404861 10.160228 -23.199472
v 19.393473 10.092912 -24.461470
v 19.074219 10.057991 -25.039753
v 18.695002 10.931150 -22.589170
v 18.875175 10.939752 -23.078932
v 17.736387 11.502842 -22.005314
v 18.533028 10.895720 -22.349276
v 19.401430 10.147379 -23.202372
v 19.670444 9.406071 -23.242424
v 19.201958 10.135745 -22.614372
v 19.508991 9.421052 -22.569016
v 19.201571 10.148801 -22.611589
v 19.426735 9.419011 -25.191950
v 19.707571 9.411504 -24.564508
v 19.392294 10.084570 -24.461470
v 19.702591 9.400437 -24.564508
v 19.836626 9.436563 -23.907621
v 17.013832 11.442738 -21.705770
v 17.416262 11.452914 -21.771376
v 17.258167 10.719860 -21.447287
v 17.402107 11.450756 -21.779182
v 17.729218 10.786860 -21.497030
v 17.786324 11.503084 -21.989325
v 17.385427 11.450565 -21.793789
v 17.390224 12.197773 -22.043159
v 18.418262 10.859980 -21.921942
v 18.159126 10.840660 -21.667892
v 17.751171 11.502905 -21.999678
v 18.413673 10.862281 -21.922546
v 18.510010 10.038019 -21.699287
v 18.801584 9.348517 -21.626411
v 17.983660 9.979478 -21.447117
v 18.269825 9.320809 -21.341311
v 17.363670 11.444792 -21.800148
v 17.764503 11.502953 -21.993925
v 17.695169 10.785934 -21.512749
v 18.169777 10.838746 -21.665167
v 17.973639 9.980500 -21.452019
v 17.709949 10.786318 -21.505859
v 18.501553 10.041474 -21.700703
v 18.182402 10.836338 -21.661987
v 19.507107 9.413505 -22.573124
v 19.098215 9.288577 -22.089777
v 19.202736 10.132379 -22.616074
v 18.877874 10.077998 -22.278795
v 18.707371 10.052328 -21.990112
v 18.491957 10.046567 -21.702372
v 18.169401 10.838591 -21.665348
v 18.426510 10.856700 -21.920719
v 16.456078 11.434246 -21.855532
v 16.472807 12.178535 -21.920265
v 16.957603 11.462761 -21.794579
v 16.838337 12.234338 -21.797915
v 17.992453 9.978514 -21.442768
v 18.276148 9.318679 -21.338753
v 17.529203 9.950476 -21.304609
v 17.800316 9.277143 -21.167212
v 17.523167 9.949908 -21.308994
v 17.252865 10.717447 -21.450382
v 17.986444 9.979157 -21.445728
v 17.727388 10.786680 -21.497400
v 18.883802 10.066679 -22.280163
v 19.100069 9.279015 -22.092966
v 18.715748 10.044049 -21.989923
v 18.795992 9.354227 -21.625839
v 18.501072 10.042134 -21.700808
v 16.958525 12.262827 -21.717251
v 17.252174 12.264072 -21.851082
v 17.064709 11.488077 -21.711821
v 17.514074 12.224405 -22.025269
v 17.436653 11.461754 -21.773298
v 17.033588 11.446515 -21.689291
v 17.282368 10.723519 -21.429670
v 16.538223 11.410388 -21.716263
v 16.887257 10.679666 -21.465214
v 16.664879 10.649657 -21.536028
v 16.603779 10.645073 -21.520983
v 16.863903 9.861526 -21.360086
v 16.946234 9.865144 -21.388470
v 17.108997 9.149956 -21.123890
v 17.194435 9.900771 -21.361164
v 17.394444 9.149617 -21.202974
v 17.809477 9.276881 -21.161135
v 17.539541 9.951351 -21.297211
v 17.271027 10.720893 -21.437492
v 17.537182 9.951344 -21.298679
v 16.878923 10.676205 -21.472818
v 17.194042 9.901247 -21.361145
v 16.659153 10.646481 -21.542202
v 16.948286 9.866505 -21.385605
v 16.598513 10.641979 -21.526791
v 16.866188 9.862892 -21.356993
v 18.987524 6.354557 -27.122007
v 18.032230 7.027193 -27.252234
v 18.113649 6.298920 -27.549612
v 17.777622 9.176172 -26.378788
v 17.882240 8.425358 -26.688444
v 18.311550 9.205396 -26.063614
v 18.510780 8.476987 -26.357052
v 17.970024 7.744387 -26.961720
v 18.704914 7.783247 -26.648663
v 18.858994 7.076375 -26.912735
v 18.990311 6.355657 -27.122007
v 12.963636 6.171676 -25.207830
v 12.719778 6.257838 -24.649767
v 12.646854 6.256811 -24.668007
v 12.667705 6.360623 -23.425987
v 12.791428 6.338342 -23.132175
v 12.592141 6.361208 -23.419254
v 12.580342 6.321448 -24.117476
v 12.503822 6.320187 -24.125593
v 12.719761 6.257843 -24.649767
v 12.646839 6.256816 -24.668003
v 12.646799 6.308445 -23.812658
v 12.667678 6.360631 -23.425987
v 12.572285 6.307478 -23.815056
v 12.592121 6.361214 -23.419254
v 12.646775 6.308452 -23.812660
v 12.572256 6.307486 -23.815062
v 12.580353 6.321446 -24.117468
v 12.503832 6.320185 -24.125582
v 13.718374 8.349531 -24.043558
v 14.042993 9.084637 -23.856192
v 13.718264 8.364251 -23.596996
v 14.122623 9.072805 -23.443853
v 13.674400 8.383471 -23.206280
v 14.153881 9.096176 -23.144560
v 13.677868 8.377821 -23.206280
v 13.221223 7.744731 -23.222239
v 13.267278 7.742324 -23.679350
v 13.671109 8.438258 -24.052101
v 13.235418 7.694793 -24.140362
v 12.905230 6.989550 -23.719360
v 12.863149 6.964547 -24.121973
v 12.646257 6.308597 -23.812706
v 12.580198 6.321476 -24.117577
v 12.917764 7.039905 -23.277195
v 12.666344 6.361018 -23.426001
v 15.270264 6.107836 -27.625244
v 15.695365 6.095458 -27.784101
v 15.402365 6.906185 -27.354740
v 15.762811 6.900389 -27.487570
v 15.573334 7.702627 -27.081711
v 15.789917 7.709740 -27.172924
v 15.763104 8.446231 -26.877558
v 15.706463 6.091257 -27.784101
v 16.368246 6.063637 -27.750353
v 16.412994 6.873786 -27.445086
v 16.426014 7.657982 -27.184782
v 16.441931 8.376895 -26.953541
v 16.470781 9.141744 -26.702848
v 16.992924 6.143040 -27.868723
v 17.531328 6.240903 -27.820881
v 16.991632 6.927552 -27.566988
v 17.437941 6.974670 -27.511145
v 17.031752 7.698846 -27.249508
v 17.313753 7.724905 -27.221609
v 17.152214 8.388070 -26.971844
v 16.390062 6.058631 -27.750353
v 16.432728 6.868191 -27.445086
v 16.444181 7.651185 -27.184782
v 16.456495 8.369399 -26.953541
v 17.124565 9.138805 -26.685314
v 16.481989 9.132472 -26.702848
v 20.533222 6.455401 -25.970249
v 20.815182 6.484186 -25.471329
v 20.266735 7.148519 -25.786917
v 20.491673 7.195607 -25.359531
v 20.010912 7.884833 -25.587952
v 20.163988 7.916370 -25.320864
v 19.737257 8.661427 -25.326475
v 20.035976 6.393630 -26.305157
v 19.749435 7.098357 -26.128109
v 19.500944 7.834203 -25.967463
v 19.245386 8.577346 -25.793642
v 19.416634 9.399627 -25.191952
v 18.916714 9.310008 -25.595982
v 12.964821 6.171365 -25.207565
v 13.218468 6.952107 -25.141632
v 12.720359 6.257665 -24.649796
v 12.983191 6.945281 -24.643408
v 13.490860 7.750652 -25.055916
v 13.357122 7.717275 -24.622622
v 13.777267 8.498191 -24.957018
v 13.748453 8.470720 -24.476814
v 14.039217 9.249447 -24.845901
v 13.970753 9.210649 -24.356691
v 17.539648 6.241138 -27.820881
v 18.108746 6.298093 -27.549612
v 17.447647 6.974608 -27.511145
v 18.026382 7.026220 -27.252234
v 17.960035 7.742689 -26.961720
v 17.320286 7.724439 -27.221609
v 17.870049 8.423356 -26.688444
v 17.154396 8.387650 -26.971844
v 17.764187 9.174282 -26.378788
v 17.122387 9.139601 -26.685314
v 12.720154 6.257726 -24.649786
v 12.982903 6.945358 -24.643465
v 12.580063 6.321504 -24.117672
v 12.862839 6.964632 -24.122013
v 13.356856 7.717307 -24.622976
v 13.234903 7.694970 -24.140156
v 13.748590 8.470580 -24.477583
v 13.670759 8.438395 -24.051840
v 13.971250 9.210407 -24.357437
v 14.019272 9.165071 -23.867361
v 13.999870 6.179863 -26.833891
v 14.548563 6.180828 -27.177179
v 14.190886 6.978245 -26.509212
v 14.756835 6.998068 -26.866364
v 14.307790 7.773834 -26.122475
v 14.911880 7.767323 -26.614376
v 15.050922 8.517605 -26.413473
v 14.492046 8.511385 -25.982170
v 14.685822 9.282012 -25.805141
v 19.412300 9.391306 -25.191952
v 19.740780 8.666031 -25.326475
v 19.691584 9.375978 -24.564508
v 19.987801 8.659384 -24.629776
v 20.171604 7.924862 -25.320864
v 20.304214 7.922557 -24.703979
v 20.496153 7.200018 -25.359531
v 20.567518 7.125315 -24.755690
v 20.819378 6.487977 -25.471329
v 20.908588 6.404474 -24.823042
v 18.461990 9.243125 -25.989698
v 18.725035 8.512099 -26.238493
v 18.916649 9.309928 -25.595982
v 19.239506 8.571807 -25.793642
v 18.975266 7.812494 -26.481358
v 19.499407 7.832981 -25.967463
v 19.750912 7.099408 -26.128109
v 19.213337 7.106846 -26.682604
v 19.423380 6.390193 -26.840921
v 20.037306 6.394523 -26.305157
v 20.911781 6.407382 -24.823042
v 21.104746 6.416880 -24.198072
v 20.570621 7.128387 -24.755690
v 20.783915 7.136112 -24.148237
v 20.305962 7.924621 -24.703978
v 20.475578 7.961349 -24.050272
v 19.987476 8.658908 -24.629776
v 20.139864 8.674646 -23.888765
v 19.824575 9.406684 -23.907621
v 19.690060 9.372591 -24.564508
v 12.965237 6.171256 -25.207474
v 13.390511 6.086830 -25.885777
v 13.219088 6.951952 -25.141434
v 13.640261 6.940341 -25.723740
v 13.855853 7.755538 -25.610130
v 13.491721 7.750457 -25.055479
v 14.094285 8.501767 -25.500429
v 13.777850 8.498093 -24.956463
v 14.314379 9.273618 -25.329666
v 14.039422 9.249446 -24.845449
v 14.700323 6.092572 -27.177179
v 15.230309 6.126733 -27.625244
v 14.873734 6.918211 -26.866364
v 15.367039 6.925824 -27.354740
v 14.992129 7.699527 -26.614376
v 15.546064 7.720888 -27.081711
v 15.098930 8.463788 -26.413473
v 15.750036 8.457207 -26.877558
v 15.836337 9.208543 -26.617147
v 15.179784 9.222016 -26.229549
v 14.315524 9.273427 -25.328568
v 14.096467 8.501323 -25.498953
v 14.662485 9.286394 -25.823765
v 14.460220 8.517969 -26.002886
v 13.858704 7.754903 -25.608620
v 14.265363 7.783083 -26.146452
v 13.643110 6.939678 -25.722450
v 13.921618 6.979690 -26.269035
v 14.132241 6.991774 -26.536615
v 13.927251 6.197340 -26.862247
v 13.566401 6.144592 -26.434151
v 13.639198 6.940589 -25.724220
v 13.389877 6.086985 -25.886009
v 17.828543 6.358349 -19.602455
v 17.962395 6.385459 -19.738289
v 18.001926 6.412646 -19.676544
v 18.237041 6.356765 -19.928001
v 18.001871 6.412654 -19.676571
v 18.311323 6.386597 -19.887777
v 18.864607 6.228764 -20.688560
v 19.508768 6.354239 -20.829178
v 18.911716 6.255951 -20.612751
v 18.864616 6.228697 -20.688568
v 18.911737 6.255867 -20.612768
v 18.355104 6.243610 -20.345055
v 18.430008 6.272019 -20.293619
v 20.730915 6.286515 -23.017275
v 20.410101 7.076116 -23.090054
v 21.025240 6.376749 -23.555956
v 20.719357 7.120265 -23.613176
v 18.355188 6.243541 -20.344990
v 18.430103 6.271944 -20.293568
v 18.236889 6.356815 -19.928072
v 18.311195 6.386641 -19.887821
v 17.731575 7.032993 -20.078043
v 17.476177 7.743982 -20.486376
v 17.973244 7.062420 -20.390409
v 17.794989 7.767570 -20.752388
v 18.235773 6.357213 -19.928608
v 17.961172 6.385635 -19.739014
v 18.354458 6.244239 -20.345640
v 18.282276 7.085824 -20.669899
v 18.203787 7.875663 -20.875759
v 17.588541 8.461649 -21.019575
v 18.037975 8.593626 -21.070354
v 17.810524 9.276879 -21.160648
v 17.404703 9.204917 -21.175753
v 17.591225 8.461750 -21.017212
v 17.110893 9.149941 -21.122450
v 17.288216 8.436728 -20.807386
v 17.796885 7.767507 -20.751120
v 20.679764 6.299208 -22.491405
v 20.438343 6.282914 -21.907578
v 20.390726 7.084606 -22.477945
v 20.232796 7.110545 -22.097612
v 20.023846 7.920301 -22.418762
v 19.508280 6.356759 -20.827242
v 19.451294 7.079519 -20.983459
v 20.080873 6.254411 -21.494457
v 19.765650 7.038674 -21.633757
v 19.519382 7.859023 -21.858225
v 19.333557 8.602576 -22.015419
v 19.770121 8.643713 -22.510801
v 19.099228 9.269934 -22.095039
v 19.501308 9.392896 -22.582756
v 18.805180 9.344945 -21.626774
v 19.010029 8.649925 -21.437864
v 18.275450 9.318928 -21.339043
v 18.534534 8.617901 -21.228830
v 19.240685 7.896049 -21.232697
v 18.741440 7.889740 -20.982779
v 18.850502 7.115185 -20.778450
v 18.354454 6.244200 -20.345612
v 18.282244 7.085730 -20.669813
v 18.864531 6.229893 -20.688435
v 18.850956 7.114633 -20.778538
v 19.508938 6.356300 -20.827793
v 19.451942 7.079032 -20.983990
v 18.277987 9.318114 -21.338036
v 18.535275 8.617339 -21.228630
v 17.802916 9.277061 -21.165426
v 18.033825 8.594187 -21.072756
v 18.741432 7.889734 -20.982779
v 18.202797 7.875839 -20.876190
v 19.102106 9.267206 -22.096811
v 19.335484 8.600718 -22.017609
v 18.805143 9.345011 -21.626768
v 19.010380 8.649422 -21.438034
v 19.521215 7.858169 -21.860163
v 19.240961 7.895266 -21.233109
v 19.767439 7.038774 -21.634991
v 21.101246 6.413500 -24.198072
v 21.032015 6.383104 -23.555956
v 20.776062 7.127769 -24.148237
v 20.730869 7.132308 -23.613176
v 20.466099 7.949279 -24.050272
v 20.442513 7.950948 -23.742167
v 20.137829 8.671416 -23.888765
v 19.680052 9.407749 -23.228596
v 19.829275 9.418337 -23.907623
v 19.903622 8.632223 -23.214945
v 20.145956 7.899743 -23.172701
v 20.421080 7.086299 -23.090054
v 20.733734 6.288877 -23.017275
v 20.692974 6.311689 -22.477411
v 20.397081 7.081470 -23.149120
v 20.402004 7.097275 -22.464912
v 20.123629 7.895677 -23.216537
v 20.030499 7.930954 -22.408665
v 19.774216 8.652571 -22.503597
v 19.880398 8.622754 -23.245905
v 19.503239 9.401885 -22.577106
v 19.654709 9.383265 -23.251339
v 18.872942 10.946041 -23.078669
v 17.933989 11.583605 -22.530884
v 17.715086 11.502763 -22.014366
v 15.205793 12.056704 -24.230915
v 15.177282 11.554986 -24.495951
v 14.976527 12.224405 -23.784483
v 15.221709 12.049533 -24.250448
v 15.114655 13.020923 -23.830582
v 15.003320 12.214707 -23.799074
vn -0.0212 0.7127 -0.7012
vn 0.3933 0.5596 -0.7295
vn 0.2359 0.8802 -0.4119
vn 0.5760 0.7275 -0.3727
vn 0.1198 0.9155 0.3842
vn 0.5042 0.4287 0.7496
vn 0.4634 0.8047 0.3712
vn 0.1433 -0.9719 0.1868
vn 0.7177 -0.6204 0.3164
vn 0.7595 0.5863 0.2820
vn 0.8862 0.4631 0.0132
vn 0.5439 0.8365 -0.0657
vn 0.1051 -0.9863 -0.1272
vn 0.7622 0.5259 -0.3775
vn 0.6581 -0.4140 -0.6289
vn 0.3801 -0.3950 -0.8364
vn 0.3233 -0.4511 -0.8318
vn -0.0524 -0.4336 -0.8996
vn -0.2794 -0.4609 -0.8423
vn -0.1625 0.9075 -0.3873
vn -0.4952 -0.4018 -0.7703
vn 0.8627 0.4917 -0.1186
vn 0.1381 -0.3845 0.9127
vn -0.1653 0.7952 0.5834
vn 0.1972 -0.9797 0.0369
vn -0.2646 0.2979 0.9172
vn -0.3320 0.7050 0.6267
vn -0.2260 -0.7888 0.5716
vn -0.4270 -0.7759 0.4643
vn -0.5695 0.7272 0.3832
vn -0.6854 -0.7237 0.0804
vn 0.2089 -0.9417 -0.2639
vn -0.9193 -0.3908 -0.0455
vn -0.4370 0.8830 0.1710
vn -0.7259 0.6861 0.0478
vn -0.2266 0.9731 -0.0408
vn -0.6089 0.7119 -0.3498
vn -0.4941 0.5448 -0.6775
vn -0.6776 -0.3427 -0.6507
vn -0.7760 -0.1748 -0.6060
vn -0.7894 0.5755 -0.2135
vn -0.6258 0.5032 0.5960
vn -0.8810 0.4052 0.2443
vn -0.1596 0.7891 0.5932
vn -0.0963 0.5959 0.7973
vn -0.3567 0.3611 0.8616
vn -0.7662 0.0523 0.6405
vn -0.9515 0.3065 -0.0282
vn -0.8655 0.4147 -0.2810
vn -0.7467 0.4261 -0.5108
vn -0.6196 0.3958 -0.6779
vn -0.1427 0.3805 -0.9137
vn -0.5795 0.5798 -0.5727
vn 0.0552 0.7544 -0.6540
vn -0.0214 0.9887 -0.1482
vn 0.2833 0.9590 -0.0041
vn 0.2683 0.9205 0.2840
vn -0.7797 0.5246 -0.3419
vn -0.8879 0.2768 -0.3675
vn -0.7665 0.4970 -0.4067
vn -0.7095 0.6788 -0.1893
vn -0.8228 0.5596 0.0991
vn -0.6139 0.5157 0.5976
vn -0.1558 0.1686 0.9733
vn -0.0720 0.4071 0.9105
vn 0.2364 0.3570 0.9037
vn 0.2846 0.2504 0.9254
vn 0.5141 0.3970 0.7603
vn 0.1090 0.9152 0.3879
vn 0.2705 0.9403 0.2068
vn -0.0916 0.9833 -0.1574
vn 0.1406 0.9811 -0.1327
vn 0.0673 0.9972 0.0311
vn 0.2199 0.9755 0.0065
vn -0.1796 0.9836 -0.0148
vn -0.1311 0.9216 0.3653
vn -0.2276 0.9044 0.3610
vn -0.2000 0.9443 0.2613
vn 0.1410 0.5157 0.8451
vn 0.7670 0.6276 0.1337
vn 0.4812 0.8252 -0.2956
vn 0.8249 0.4895 -0.2827
vn 0.1518 0.2400 0.9588
vn 0.3974 0.2290 0.8886
vn 0.6166 0.1747 0.7677
vn 0.9434 0.1906 0.2716
vn 0.9784 0.1383 -0.1536
vn 0.6976 0.2935 -0.6537
vn 0.4202 0.7024 -0.5745
vn 0.3756 0.2540 -0.8913
vn 0.3167 0.5472 0.7747
vn 0.6052 0.3790 0.7001
vn 0.0749 -0.9533 0.2926
vn 0.1086 -0.9923 -0.0598
vn -0.7759 -0.1750 -0.6061
vn -0.7894 0.5754 -0.2141
vn -0.9225 -0.3832 -0.0469
vn -0.6771 -0.3445 -0.6502
vn -0.4943 -0.4019 -0.7708
vn -0.2788 -0.4634 -0.8412
vn -0.0808 -0.9251 0.3709
vn -0.0524 -0.4369 -0.8980
vn -0.3986 -0.8611 0.3157
vn -0.3458 -0.6868 0.6394
vn -0.5392 -0.6967 0.4732
vn -0.3304 -0.6291 0.7037
vn -0.1436 -0.9874 -0.0672
vn 0.2753 -0.6681 0.6913
vn 0.6596 -0.6176 0.4283
vn 0.5031 -0.7717 0.3890
vn 0.6856 -0.7219 0.0932
vn 0.3642 -0.9139 -0.1796
vn 0.2074 -0.9423 -0.2626
vn 0.3771 -0.7510 0.5420
vn 0.0360 -0.7125 0.7008
vn -0.3476 -0.5403 -0.7663
vn -0.3730 -0.8692 -0.3246
vn -0.1178 -0.9665 -0.2280
vn -0.0994 -0.6123 -0.7843
vn 0.1711 -0.6961 -0.6973
vn 0.0432 -0.3954 -0.9175
vn 0.5373 -0.5152 -0.6678
vn 0.8459 -0.5203 -0.1172
vn 0.6902 -0.6978 -0.1914
vn 0.5156 -0.7757 -0.3639
vn -0.6851 -0.7230 0.0887
vn -0.4258 -0.7725 0.4712
vn 0.3721 -0.7593 -0.5339
vn -0.2279 -0.7834 0.5783
vn -0.2688 0.3053 0.9135
vn 0.6406 -0.5686 -0.5160
vn 0.1953 -0.9799 0.0412
vn 0.1418 -0.3764 0.9155
vn 0.5035 0.4446 0.7408
vn 0.1511 -0.9693 0.1940
vn 0.7203 -0.6166 0.3178
vn -0.6439 -0.7285 -0.2338
vn 0.8848 0.4658 0.0129
vn 0.1048 -0.9864 -0.1270
vn -0.3746 -0.9247 0.0679
vn 0.7625 0.5257 -0.3771
vn 0.6568 -0.4137 -0.6305
vn 0.3789 -0.3947 -0.8370
vn 0.3232 -0.4510 -0.8320
vn -0.5500 -0.5578 -0.6216
vn -0.6533 -0.4322 -0.6216
vn -0.8097 -0.5588 -0.1790
vn -0.7847 -0.5784 0.2229
vn -0.8195 -0.5602 0.1207
vn -0.3679 -0.5174 -0.7727
vn -0.1154 -0.1908 0.9748
vn 0.0797 -0.0574 0.9952
vn 0.1600 0.0744 0.9843
vn 0.3507 -0.2434 0.9043
vn 0.2782 0.2498 0.9275
vn 0.0116 0.4965 0.8679
vn -0.4814 0.8022 0.3531
vn -0.2038 0.5473 0.8118
vn -0.1827 0.7194 0.6701
vn -0.4629 -0.3491 0.8148
vn -0.7418 0.1573 0.6519
vn -0.7355 -0.3875 0.5557
vn -0.9262 -0.2718 0.2612
vn -0.8372 0.4589 0.2976
vn -0.9966 -0.0412 -0.0709
vn -0.7717 0.6216 0.1344
vn -0.9128 0.2483 -0.3242
vn -0.9605 0.1357 -0.2428
vn -0.8389 -0.0343 -0.5433
vn -0.3407 0.8017 0.4912
vn -0.7753 0.6232 -0.1028
vn -0.8075 0.4193 -0.4149
vn 0.0144 0.4941 0.8693
vn -0.4033 0.7806 0.4775
vn -0.4803 0.7972 0.3657
vn -0.4775 0.1270 0.8694
vn -0.2236 0.9335 -0.2803
vn -0.4756 0.8054 0.3538
vn -0.2009 0.9337 -0.2963
vn -0.2037 0.5519 0.8087
vn -0.1807 0.7425 0.6451
vn 0.2573 0.9366 0.2380
vn -0.4717 0.1444 0.8699
vn -0.8997 0.3959 0.1838
vn -0.7784 0.6182 -0.1088
vn -0.3476 0.8000 0.4890
vn -0.4475 0.8002 0.3994
vn -0.8994 0.3933 0.1908
vn -0.7607 0.6331 0.1434
vn -0.8167 0.4921 0.3014
vn -0.7333 0.1954 0.6512
vn 0.4836 -0.7202 -0.4974
vn -0.0999 -0.3953 -0.9131
vn 0.1780 -0.5219 -0.8343
vn 0.0628 -0.6346 -0.7703
vn 0.0409 -0.5745 -0.8175
vn 0.5793 -0.8025 -0.1425
vn 0.6076 -0.5448 -0.5779
vn 0.7768 -0.6200 -0.1103
vn 0.8121 -0.5506 0.1935
vn 0.6730 -0.7390 -0.0319
vn 0.7241 -0.6895 0.0169
vn 0.1423 -0.7276 -0.6711
vn -0.3355 -0.5251 -0.7821
vn -0.2139 -0.8445 -0.4909
vn 0.2576 -0.8456 -0.4676
vn -0.4294 -0.8695 0.2440
vn 0.3980 -0.8662 -0.3022
vn 0.3314 -0.9294 0.1626
vn 0.6182 -0.6974 0.3627
vn -0.9013 0.3949 0.1780
vn -0.4712 0.1499 0.8692
vn -0.3668 -0.8530 -0.3713
vn 0.0477 -0.9006 0.4320
vn -0.7949 -0.6057 0.0341
vn -0.5223 0.4233 0.7403
vn 0.2324 0.1919 0.9535
vn -0.2639 0.9076 0.3264
vn 0.0531 -0.9044 0.4234
vn -0.4768 0.1306 0.8693
vn -0.4008 0.7796 0.4811
vn -0.3010 0.8631 0.4055
vn -0.2356 0.8807 0.4110
vn -0.4498 0.8002 0.3966
vn -0.8054 0.5733 -0.1507
vn -0.9014 0.3936 0.1803
vn -0.3633 -0.8555 -0.3690
vn -0.7890 -0.6131 0.0408
vn 0.5715 -0.8068 -0.1498
vn 0.6717 -0.5271 0.5206
vn 0.6157 -0.7043 0.3534
vn 0.5554 -0.4763 0.6817
vn 0.2926 -0.4078 0.8649
vn 0.3339 -0.9323 0.1394
vn -0.0781 -0.4824 0.8725
vn 0.4063 -0.8591 -0.3111
vn -0.4154 -0.8794 0.2326
vn -0.6689 -0.5638 0.4845
vn -0.2710 -0.5654 0.7790
vn 0.0845 -0.4403 0.8939
vn 0.2075 -0.3937 0.8955
vn 0.1427 -0.7311 -0.6672
vn -0.3279 -0.5370 -0.7772
vn -0.4671 -0.3086 -0.8286
vn -0.6286 -0.2458 -0.7379
vn -0.8381 -0.2200 -0.4992
vn -0.1841 -0.8524 -0.4894
vn -0.9226 -0.3550 -0.1514
vn 0.2758 -0.8366 -0.4734
vn -0.8771 -0.4788 0.0380
vn -0.8999 -0.2886 -0.3269
vn -0.8775 -0.2202 -0.4260
vn -0.6617 0.6788 -0.3184
vn 0.2235 0.9360 0.2720
vn 0.1031 0.4109 -0.9058
vn -0.6590 0.6843 -0.3121
vn 0.1422 0.4251 -0.8939
vn -0.4745 -0.4624 -0.7490
vn 0.3366 -0.4315 -0.8370
vn 0.1654 -0.1535 -0.9742
vn 0.2133 0.0876 -0.9731
vn 0.1458 0.1381 -0.9796
vn 0.2462 0.1309 -0.9603
vn 0.5120 0.0781 -0.8554
vn 0.7688 0.0590 -0.6368
vn 0.7006 0.0956 -0.7071
vn 0.7666 0.1182 -0.6312
vn 0.8263 0.0776 -0.5579
vn 0.9374 0.0128 -0.3480
vn 0.9984 -0.0439 -0.0357
vn 0.9974 0.0159 -0.0708
vn 0.9999 0.0101 0.0139
vn 0.9557 -0.2919 -0.0376
vn 0.7916 -0.5152 0.3286
vn 0.8105 -0.5208 -0.2680
vn 0.9853 0.1492 0.0833
vn -0.0815 0.3141 0.9459
vn -0.3163 0.9180 -0.2391
vn 0.7237 0.6411 0.2555
vn 0.9035 0.4172 0.0987
vn 0.7275 0.6689 -0.1525
vn 0.7827 0.6194 -0.0607
vn 0.6666 0.5697 -0.4808
vn 0.8193 0.5554 -0.1423
vn 0.7614 0.4156 -0.4975
vn 0.7366 0.3606 -0.5722
vn 0.6755 0.4309 -0.5984
vn 0.3567 0.6348 -0.6855
vn 0.2826 0.7048 -0.6507
vn 0.1262 0.5168 -0.8468
vn 0.3669 0.7257 -0.5820
vn -0.0648 0.7073 -0.7040
vn -0.6645 0.6739 -0.3230
vn 0.2602 0.9049 0.3368
vn -0.6642 0.6806 -0.3093
vn -0.4719 -0.4636 -0.7499
vn -0.0871 0.2988 0.9503
vn 0.7928 -0.5089 0.3353
vn -0.5595 0.0638 -0.8263
vn -0.4661 0.3720 -0.8027
vn -0.3013 0.3499 -0.8870
vn -0.8867 0.4504 0.1044
vn -0.6302 0.7695 0.1033
vn -0.8166 0.4714 -0.3329
vn -0.4986 0.8569 -0.1306
vn -0.7545 0.5995 -0.2671
vn -0.4933 0.8046 -0.3306
vn -0.6742 0.6997 -0.2364
vn -0.3675 0.7017 -0.6104
vn -0.7213 0.4591 -0.5186
vn -0.6951 0.0114 -0.7188
vn -0.6340 -0.2350 -0.7368
vn -0.4463 0.1307 -0.8853
vn -0.2255 0.3103 -0.9235
vn -0.0135 0.5173 -0.8557
vn 0.1491 0.4390 -0.8860
vn 0.2722 0.6002 -0.7521
vn 0.3795 0.5127 -0.7702
vn 0.1127 0.7099 -0.6952
vn -0.1572 0.5859 -0.7950
vn -0.1375 0.8165 -0.5607
vn -0.1631 0.9793 -0.1201
vn 0.1881 0.9308 -0.3133
vn 0.4044 0.7769 -0.4826
vn 0.5068 0.6634 -0.5504
vn -0.9953 0.0837 0.0488
vn -0.8130 -0.0826 0.5764
vn -0.5877 0.5228 0.6175
vn -0.2730 0.8810 0.3864
vn -0.1283 0.9633 0.2356
vn 0.0796 0.9935 0.0811
vn 0.3257 0.9331 -0.1521
vn 0.5310 0.7817 -0.3271
vn 0.5574 0.7427 -0.3711
vn 0.6422 0.5984 -0.4790
vn 0.7473 0.6193 -0.2408
vn 0.8403 0.4684 -0.2728
vn 0.8687 0.4951 -0.0159
vn 0.7979 0.5889 0.1287
vn 0.6546 0.7373 -0.1671
vn 0.4853 0.8732 -0.0456
vn 0.2022 0.9371 0.2846
vn 0.1356 0.7494 0.6481
vn -0.0738 0.6769 0.7324
vn -0.2112 0.4304 0.8776
vn 0.2177 0.2923 0.9312
vn 0.1783 0.4399 0.8802
vn 0.3231 0.6671 0.6713
vn 0.1793 0.5540 0.8130
vn 0.6230 0.7085 0.3315
vn 0.6332 0.5476 0.5470
vn 0.4130 0.2627 0.8720
vn 0.9003 0.4219 -0.1074
vn 0.8955 0.3648 0.2550
vn 0.9503 0.2745 0.1472
vn 0.8573 0.1691 0.4863
vn 0.8743 0.1058 0.4737
vn 0.7180 -0.1230 0.6851
vn 0.7880 -0.0919 0.6088
vn 0.5446 -0.4434 0.7119
vn 0.5493 -0.2075 0.8094
vn 0.6019 -0.3918 0.6958
vn 0.3988 -0.2453 0.8836
vn 0.0743 0.0669 0.9950
vn 0.7515 0.1764 0.6357
vn 0.8402 0.4246 0.3375
vn 0.9416 0.0595 0.3313
vn 0.8742 -0.0264 0.4849
vn 0.9658 0.0480 0.2548
vn 0.9880 0.1541 0.0079
vn 0.9846 0.1683 0.0481
vn 0.9353 0.2878 -0.2059
vn 0.9102 0.2773 -0.3077
vn 0.7376 0.3880 -0.5526
vn 0.7731 0.3104 -0.5531
vn 0.5439 0.3353 -0.7693
vn 0.7492 0.3650 -0.5527
vn 0.4986 0.4134 -0.7619
vn 0.4994 0.5278 -0.6870
vn 0.9824 0.1836 -0.0333
vn 0.9018 0.3158 -0.2951
vn -0.0824 0.2520 -0.9642
vn 0.2598 0.3104 -0.9144
vn 0.2174 0.2905 -0.9319
vn 0.4286 0.3756 -0.8217
vn 0.1789 0.3103 -0.9336
vn -0.0386 0.2266 -0.9732
vn -0.2953 0.1945 -0.9354
vn 0.1705 -0.1258 0.9773
vn -0.2601 -0.0095 0.9655
vn -0.9331 0.0239 -0.3589
vn -0.9988 0.0271 0.0417
vn -0.9037 -0.2513 0.3466
vn -0.7183 -0.4432 0.5364
vn -0.5450 -0.3114 0.7785
vn -0.2363 -0.1032 0.9662
vn 0.1620 -0.1661 0.9727
vn 0.3576 -0.4824 0.7997
vn 0.2908 -0.0053 0.9568
vn 0.1015 0.5190 0.8487
vn 0.0109 0.3377 0.9412
vn -0.3343 0.1442 0.9314
vn 0.0287 -0.0039 0.9996
vn 0.1951 -0.1220 0.9732
vn 0.3043 -0.2185 0.9272
vn 0.4521 -0.3574 0.8172
vn 0.5780 -0.3286 0.7470
vn -0.8672 0.1966 -0.4574
vn -0.7683 -0.2877 -0.5718
vn -0.9298 0.0648 -0.3623
vn -0.6000 -0.1788 -0.7797
vn -0.6460 -0.1106 -0.7553
vn -0.8051 -0.0325 -0.5923
vn -0.7454 -0.1449 -0.6507
vn -0.8640 -0.0106 -0.5034
vn -0.9178 0.0758 -0.3898
vn -0.9621 0.1698 -0.2132
vn -0.9385 0.2427 -0.2458
vn -0.9528 0.2489 0.1740
vn -0.8625 0.4883 -0.1329
vn -0.7300 0.6614 -0.1722
vn -0.5963 0.5221 0.6098
vn -0.7725 0.5999 0.2081
vn -0.7614 0.6431 0.0818
vn -0.8816 0.4639 0.0873
vn -0.7889 0.6132 -0.0401
vn -0.8427 0.5254 -0.1170
vn -0.9055 0.4083 -0.1159
vn -0.9520 0.3043 -0.0339
vn -0.9615 0.2606 0.0868
vn -0.9338 0.2925 0.2062
vn -0.8771 0.3848 0.2876
vn -0.8164 0.5002 0.2888
vn -0.9801 0.0545 0.1910
vn -0.9465 0.0565 0.3177
vn -0.9180 0.1978 0.3437
vn -0.9012 0.0535 0.4300
vn -0.8860 0.0743 0.4577
vn -0.8593 0.1954 0.4727
vn -0.8209 0.3407 0.4583
vn -0.8489 0.3564 0.3903
vn -0.9033 0.3293 0.2750
vn -0.9510 0.2366 0.1989
vn -0.9750 0.1077 0.1944
vn -0.8179 -0.2055 0.5374
vn -0.7810 -0.1401 0.6087
vn -0.7815 -0.0012 0.6238
vn -0.6674 -0.0551 0.7427
vn -0.6640 -0.0023 0.7478
vn -0.7454 0.1376 0.6522
vn -0.7642 0.2212 0.6059
vn -0.7751 0.1822 0.6049
vn -0.8426 0.0917 0.5307
vn -0.8599 -0.0435 0.5086
vn -0.8201 -0.1680 0.5469
vn -0.7349 0.3834 0.5594
vn -0.8157 0.3074 0.4900
vn -0.7257 0.1883 0.6617
vn -0.8576 0.1810 0.4815
vn -0.8448 0.0578 0.5320
vn -0.7767 -0.0147 0.6297
vn -0.6816 -0.0180 0.7315
vn -0.5995 0.0583 0.7982
vn -0.5572 0.1862 0.8093
vn -0.5786 0.3160 0.7519
vn -0.6459 0.3898 0.6564
vn 0.1545 0.0703 0.9855
vn 0.9219 0.2525 0.2939
vn 0.8860 -0.4624 -0.0353
vn -0.2594 -0.8904 0.3741
vn 0.9196 -0.2457 -0.3065
vn -0.1437 -0.2575 0.9555
vn 0.8259 -0.0015 0.5638
vn -0.3360 0.0535 0.9403
vn -0.0516 0.1334 0.9897
vn -0.5800 0.0840 0.8103
vn -0.4896 0.3219 0.8104
vn 0.3121 0.2946 0.9032
vn -0.5144 0.3491 0.7833
vn 0.3996 0.3732 0.8373
vn 0.1097 0.6190 0.7777
vn 0.9839 0.0968 -0.1506
vn 0.9510 -0.0585 -0.3036
vn 0.9962 -0.0387 0.0784
vn 0.2377 -0.6569 -0.7155
vn -0.4788 0.0388 -0.8771
vn -0.8998 -0.3735 0.2255
vn -0.9690 0.2402 0.0571
vn -0.5908 0.3510 0.7265
vn -0.9665 0.2182 0.1349
vn -0.9182 0.1222 0.3768
vn -0.8635 0.0540 0.5015
vn -0.7957 -0.2527 0.5505
vn -0.4798 -0.5654 0.6709
vn -0.8081 -0.2570 -0.5301
vn -0.5143 0.0627 -0.8553
vn -0.4394 -0.0603 -0.8962
vn -0.3548 -0.0399 -0.9341
vn -0.5509 -0.1002 0.8286
vn -0.7199 -0.3142 0.6189
vn -0.7669 -0.6095 -0.2010
vn 0.6259 -0.5593 -0.5435
vn -0.6659 -0.2729 -0.6943
vn -0.5438 0.2510 0.8008
vn -0.5369 -0.1736 0.8256
vn -0.4549 -0.1160 0.8830
vn -0.7045 0.4602 0.5404
vn -0.8360 0.5430 -0.0789
vn -0.3138 0.9381 0.1465
vn -0.9920 0.0144 0.1253
vn -0.5330 0.6477 0.5445
vn -0.9906 0.1175 0.0707
vn -0.7119 0.5451 0.4427
vn -0.3787 -0.6175 -0.6894
vn -0.9738 0.1540 -0.1676
vn 0.2935 -0.2929 0.9100
vn -0.3402 0.4796 0.8089
vn -0.1661 0.9857 -0.0277
vn -0.3104 0.0929 -0.9461
vn 0.3865 -0.0860 -0.9183
vn -0.2243 0.9710 0.0828
vn 0.5382 0.3334 -0.7740
vn 0.7564 0.0543 -0.6519
vn 0.8885 0.3780 0.2603
vn 0.9329 0.2537 0.2557
vn -0.4840 0.6663 0.5673
vn 0.9119 0.3212 0.2554
vn 0.4519 0.4392 0.7765
vn 0.7782 -0.6040 -0.1718
vn 0.6968 -0.6394 -0.3250
vn 0.9160 -0.1818 0.3576
vn -0.0424 0.5781 0.8149
vn 0.1516 0.1397 0.9785
vn -0.6989 0.5556 0.4503
vn -0.5784 0.8117 0.0819
vn 0.9926 -0.1177 -0.0299
vn 0.8477 -0.5077 -0.1539
vn 0.8397 -0.5091 -0.1891
vn -0.3158 0.0753 -0.9458
vn 0.9904 -0.1345 -0.0314
vn 0.3714 -0.1664 -0.9135
vn 0.9285 -0.2131 0.3040
vn 0.7656 -0.6340 -0.1095
vn 0.5478 0.2201 -0.8071
vn 0.2344 -0.7726 -0.5901
vn 0.8221 -0.5437 -0.1689
vn -0.0864 -0.8563 -0.5092
vn 0.9654 0.1983 0.1695
vn 0.9500 -0.0650 -0.3055
vn -0.5448 -0.0215 -0.8383
vn -0.4058 -0.0554 -0.9123
vn 0.9971 -0.0308 0.0690
vn -0.4363 -0.0137 -0.8997
vn 0.8258 -0.0013 0.5639
vn -0.5140 0.0627 -0.8555
vn 0.9196 -0.2457 -0.3064
vn -0.8081 -0.2572 -0.5299
vn -0.2593 -0.8905 0.3740
vn 0.7644 0.0224 -0.6443
vn -0.6903 -0.1362 -0.7106
vn -0.4418 -0.5743 -0.6892
vn 0.9141 0.3358 0.2274
vn 0.8993 0.2966 0.3213
vn -0.9752 0.1871 -0.1182
vn 0.9205 0.3072 0.2414
vn 0.6467 -0.6360 -0.4211
vn 0.9007 -0.1639 -0.4024
vn 0.8700 -0.2611 -0.4183
vn 0.9760 -0.1986 -0.0897
vn 0.9710 -0.2352 -0.0426
vn 0.5465 -0.4667 -0.6954
vn -0.2793 -0.7536 -0.5951
vn -0.0778 -0.4751 0.8765
vn 0.9536 -0.2673 -0.1388
vn 0.7162 -0.6946 0.0676
vn 0.6180 -0.5804 -0.5303
vn 0.9706 0.1606 -0.1792
vn 0.8582 -0.0637 -0.5094
vn 0.5333 -0.1295 -0.8359
vn 0.7722 -0.0764 -0.6307
vn -0.1833 -0.4154 -0.8910
vn -0.3340 -0.4413 -0.8329
vn -0.8309 -0.4880 -0.2673
vn -0.8203 -0.4882 -0.2979
vn -0.9268 -0.3657 0.0851
vn 0.9246 0.1344 -0.3566
vn 0.8844 -0.0678 -0.4618
vn 0.2407 -0.2561 -0.9362
vn -0.3146 -0.2402 -0.9183
vn -0.7261 -0.2830 -0.6266
vn 0.9745 -0.2044 0.0925
vn 0.9477 -0.2239 -0.2276
vn 0.9590 0.0220 0.2825
vn 0.9525 0.3024 0.0355
vn 0.9573 0.2822 -0.0622
vn 0.9960 0.0566 -0.0692
vn 0.8832 -0.2290 -0.4094
vn -0.0750 -0.4439 -0.8929
vn -0.7986 -0.3420 -0.4953
vn -0.9783 -0.1104 -0.1754
vn -0.9982 -0.0559 0.0206
vn -0.7309 0.4774 0.4876
vn -0.4624 0.3747 0.8036
vn 0.9792 -0.0000 0.2030
vn 0.7666 0.3841 0.5145
vn 0.6979 0.5307 0.4810
vn 0.5317 0.1832 0.8269
vn 0.8472 0.1633 0.5056
vn 0.6972 -0.5573 0.4509
vn 0.9735 -0.1519 0.1707
vn 0.8057 0.3280 0.4932
vn 0.1446 0.4428 0.8849
vn 0.2598 0.3741 0.8903
vn -0.4747 0.0780 0.8767
vn -0.0885 -0.5748 0.8135
vn -0.5207 0.1873 0.8330
vn 0.2822 0.3975 0.8731
vn 0.1483 0.4267 0.8921
vn -0.2537 -0.2295 0.9397
vn -0.7112 0.1721 0.6816
vn -0.3210 -0.8779 -0.3554
vn 0.6841 -0.6033 -0.4100
vn 0.3300 -0.5028 -0.7989
vn -0.3596 -0.5313 -0.7671
vn 0.7372 0.2826 0.6138
vn 0.9759 -0.0593 0.2098
vn 0.9278 -0.2354 -0.2895
vn 0.8963 0.2010 0.3953
vn 0.4324 -0.5144 -0.7405
vn -0.4166 -0.4749 -0.7752
vn -0.2844 -0.9063 -0.3127
vn -0.2397 -0.3509 0.9052
vn -0.8636 -0.4537 -0.2198
vn -0.7120 -0.7010 -0.0416
vn -0.7828 -0.6105 0.1205
vn -0.9691 -0.2449 -0.0299
vn -0.3209 -0.8779 -0.3554
vn -0.9038 -0.4276 0.0198
vn -0.9004 -0.3726 0.2246
vn -0.9152 -0.4011 -0.0380
vn -0.9402 -0.2949 0.1704
vn -0.9251 -0.3351 -0.1786
vn -0.9209 -0.3698 0.1229
vn -0.2791 -0.7537 -0.5951
vn -0.0768 -0.4821 0.8728
vn -0.2396 -0.3509 0.9053
vn -0.2843 -0.9063 -0.3127
vn -0.4167 -0.4749 -0.7752
vn -0.9863 -0.1638 -0.0200
vn -0.0886 -0.5748 0.8135
vn -0.8720 -0.3665 0.3244
vn -0.9327 -0.1605 0.3231
vn -0.7124 0.2203 0.6663
vn -0.5207 0.1873 0.8329
vn -0.4747 0.0779 0.8767
vn 0.4904 0.3573 0.7949
vn 0.1287 0.5158 0.8470
vn 0.1142 0.6945 0.7104
vn -0.7310 0.4774 0.4876
vn -0.4624 0.3746 0.8036
vn 0.3948 0.2145 0.8934
vn 0.7166 0.3010 0.6292
vn 0.9660 -0.2196 0.1365
vn 0.9666 -0.2478 -0.0658
vn 0.8024 -0.4134 -0.4304
vn 0.7584 -0.3303 -0.5619
vn 0.1331 -0.3589 -0.9238
vn -0.1436 -0.1194 -0.9824
vn -0.8404 -0.0438 -0.5402
vn -0.8118 0.1200 -0.5714
vn -0.9576 0.2213 -0.1847
vn -0.9873 0.1376 0.0788
vn -0.7670 0.4475 0.4599
vn -0.5380 0.3520 0.7660
vn -0.1687 0.4407 0.8817
vn 0.3947 0.2146 0.8934
vn 0.7166 0.3009 0.6292
vn 0.2325 -0.8794 -0.4154
vn -0.8272 -0.4769 0.2971
vn 0.2414 -0.3491 0.9054
vn -0.9995 -0.0110 0.0305
vn -0.9753 0.1469 0.1647
vn -0.8945 0.4448 -0.0451
vn -0.9027 0.3289 -0.2773
vn -0.9530 -0.0966 -0.2871
vn -0.9696 -0.0287 -0.2432
vn -0.8114 -0.5745 -0.1075
vn -0.8339 -0.0763 -0.5466
vn -0.8231 0.1691 -0.5421
vn -0.8361 0.3158 -0.4486
vn -0.3657 0.0337 -0.9301
vn -0.8885 0.4349 -0.1464
vn -0.6752 0.5828 0.4522
vn -0.8113 0.3995 0.4269
vn -0.2000 0.3682 0.9080
vn -0.9937 0.0762 0.0818
vn 0.4210 0.0152 0.9070
vn 0.3530 -0.0883 0.9315
vn -0.3272 0.3174 0.8901
vn -0.4167 0.5827 0.6977
vn -0.1083 0.6264 0.7720
vn 0.3984 -0.1911 -0.8971
vn 0.3770 -0.4006 -0.8351
vn 0.7742 -0.5807 -0.2517
vn 0.6029 -0.7969 -0.0372
vn 0.8114 -0.5613 -0.1633
vn -0.6631 -0.4847 -0.5705
vn -0.8772 -0.0575 -0.4767
vn -0.6847 0.0287 -0.7283
vn 0.2412 -0.3481 -0.9059
vn 0.7798 -0.5855 -0.2215
vn 0.8424 -0.5168 0.1529
vn 0.6634 -0.7351 0.1400
vn 0.3530 -0.0884 0.9314
vn 0.4211 0.0152 0.9069
vn 0.7560 -0.5320 0.3814
vn 0.8449 -0.3408 0.4124
vn 0.8220 -0.5636 0.0815
vn 0.7849 -0.5715 0.2395
vn 0.2324 -0.8794 -0.4154
vn 0.2412 -0.3489 0.9056
vn 0.6636 -0.7360 0.1338
vn -0.8293 -0.5131 -0.2213
vn -0.3500 -0.9115 -0.2160
vn 0.6637 -0.7359 0.1340
vn 0.0736 -0.7707 -0.6329
vn 0.4136 -0.8307 -0.3727
vn -0.2604 -0.8356 -0.4838
vn -0.9241 -0.2831 -0.2566
vn -0.8325 0.4130 0.3693
vn -0.7511 0.4035 0.5225
vn -0.8325 0.4129 0.3693
vn -0.7512 0.4034 0.5225
vn 0.1631 0.5471 0.8210
vn 0.6564 -0.0790 0.7502
vn 0.6637 -0.7359 0.1341
vn 0.4212 0.4559 0.7841
vn 0.4181 0.5960 0.6855
vn -0.3988 -0.3973 -0.8265
vn -0.9927 -0.1141 -0.0387
vn -0.6421 0.2216 0.7339
vn -0.7019 -0.4487 -0.5532
vn -0.9678 -0.2489 0.0381
vn -0.7095 -0.3595 -0.6061
vn -0.7307 0.1007 0.6753
vn 0.8184 -0.0977 0.5663
vn 0.9858 -0.0606 -0.1568
vn 0.8366 0.1605 0.5238
vn 0.9474 -0.1317 -0.2916
vn 0.3287 -0.3470 -0.8784
vn 0.4155 -0.4337 -0.7996
vn -0.1407 -0.3483 -0.9268
vn 0.2090 0.3381 0.9176
vn -0.7307 0.1007 0.6752
vn -0.6422 0.2215 0.7338
vn 0.2354 0.3652 0.9007
vn 0.7189 -0.0582 0.6927
vn 0.8729 0.0836 0.4806
vn 0.9345 -0.2298 -0.2719
vn 0.4145 -0.4546 -0.7883
vn -0.1168 -0.6595 0.7426
vn -0.7786 -0.6263 -0.0389
vn 0.8234 0.2362 0.5160
vn 0.7697 -0.6130 -0.1783
vn 0.2431 -0.9284 -0.2811
vn -0.7786 -0.6263 -0.0388
vn -0.0963 -0.6816 -0.7254
vn 0.9007 -0.3973 -0.1756
vn 0.6259 0.2759 0.7295
vn 0.9328 -0.3498 0.0871
vn 0.3114 -0.8710 -0.3801
vn 0.3539 -0.4114 -0.8400
vn 0.5687 -0.0994 0.8165
vn 0.9020 -0.4265 0.0667
vn 0.2210 -0.6822 0.6969
vn 0.8171 -0.5624 0.1266
vn 0.2543 -0.7315 -0.6326
vn 0.8832 -0.4570 -0.1049
vn 0.4504 -0.3711 -0.8120
vn 0.9611 -0.2679 0.0670
vn 0.8573 -0.4501 0.2497
vn 0.5590 0.0402 0.8282
vn 0.0711 -0.4654 0.8823
vn 0.8482 -0.5227 0.0863
vn 0.5438 0.0709 0.8362
vn 0.6742 -0.5469 -0.4964
vn -0.2501 -0.1992 -0.9475
vn -0.9522 0.1139 -0.2835
vn -0.8970 -0.0284 0.4411
vn -0.9061 0.2205 0.3611
vn -0.8704 0.0350 -0.4910
vn -0.2584 -0.2717 -0.9270
vn 0.4719 -0.3899 -0.7908
vn 0.8253 -0.3286 -0.4592
vn 0.2211 -0.6823 0.6968
vn 0.5687 -0.0995 0.8165
vn -0.2844 0.2700 0.9199
vn 0.2545 -0.7315 -0.6326
vn -0.5073 -0.3022 -0.8070
vn 0.4505 -0.3711 -0.8120
vn -0.2597 -0.2978 -0.9186
vn -0.8797 -0.0761 -0.4694
vn -0.9793 -0.0713 -0.1894
vn -0.9381 0.1599 0.3071
vn -0.8150 -0.0141 0.5793
vn 0.0713 -0.4654 0.8822
vn 0.5591 0.0401 0.8281
vn -0.3109 0.3047 0.9003
vn 0.3115 -0.8709 -0.3801
vn -0.6196 -0.4213 -0.6623
vn 0.3539 -0.4114 -0.8399
vn -0.2877 -0.3542 -0.8898
vn -0.8961 -0.0729 -0.4379
vn -0.9969 -0.0563 -0.0543
vn -0.9090 0.2204 0.3536
vn -0.6056 0.1861 0.7737
vn -0.2063 0.3522 0.9129
vn 0.3826 -0.4992 -0.7775
vn -0.2855 -0.3615 -0.8876
vn -0.7020 -0.4423 -0.5582
vn -0.8722 -0.0846 -0.4818
vn -0.9280 0.2742 0.2524
vn -0.7677 0.3322 0.5479
vn 0.6370 0.0353 0.7701
vn -0.2995 0.3995 0.8664
vn -0.3427 0.3451 0.8738
vn 0.8235 0.2362 0.5158
vn -0.2576 0.4926 0.8312
vn 0.6260 0.2759 0.7294
vn -0.4522 0.4369 0.7775
vn -0.7620 -0.0463 0.6459
vn -0.1190 -0.6630 0.7391
vn 0.9184 -0.3908 0.0618
vn 0.3825 -0.4992 -0.7775
vn 0.6370 0.0354 0.7701
vn 0.2632 -0.7530 -0.6031
vn -0.4194 -0.7520 -0.5085
vn 0.3388 0.3120 0.8876
vn -0.7438 0.2199 0.6312
vn -0.6524 0.5838 0.4832
vn 0.9160 -0.0362 0.3994
vn 0.8198 -0.1878 0.5409
vn 0.9241 -0.3720 -0.0871
vn 0.8716 -0.4884 -0.0422
vn 0.4294 -0.5298 -0.7314
vn 0.9458 -0.0030 0.3248
vn 0.8605 -0.1489 0.4871
vn 0.9354 -0.3345 -0.1150
vn 0.8889 -0.4539 -0.0622
vn 0.8708 -0.4644 -0.1612
vn 0.3582 -0.6583 -0.6621
vn 0.8887 -0.2046 0.4102
vn 0.4753 0.0774 0.8764
vn 0.4056 0.3354 0.8503
vn -0.4313 0.6030 0.6711
vn -0.6386 0.5766 0.5096
vn -0.7134 0.1736 0.6790
vn 0.2525 0.4540 0.8545
vn -0.7124 0.2202 0.6663
vn -0.7439 0.5556 -0.3713
vn -0.6386 0.5766 0.5097
vn -0.8315 0.5164 -0.2049
vn -0.7133 0.1736 0.6790
vn -0.9558 -0.2729 0.1097
vn -0.8234 -0.4894 0.2874
vn -0.7216 -0.4941 -0.4849
vn -0.6210 -0.0911 -0.7785
vn -0.9715 0.0863 0.2208
vn -0.7109 0.1387 -0.6895
vn 0.3583 -0.6582 -0.6621
vn 0.4292 -0.5299 -0.7314
vn -0.7437 0.2199 0.6313
vn -0.8933 -0.4005 0.2040
vn -0.9764 -0.2120 0.0411
vn -0.7061 -0.4177 -0.5718
vn 0.4322 -0.5144 -0.7406
vn -0.5787 -0.0593 -0.8134
vn -0.8217 0.5229 -0.2268
vn -0.6524 0.5838 0.4834
vn -0.7214 0.5736 -0.3880
vn -0.9710 0.1904 0.1449
vn -0.4633 0.6033 0.6492
vn -0.6797 0.1877 -0.7091
vn 0.3947 -0.6430 -0.6563
vn 0.8547 -0.5064 -0.1144
vn 0.8502 -0.2657 0.4545
vn 0.4327 0.0381 0.9007
vn 0.9226 -0.3660 -0.1221
vn 0.8786 -0.4677 -0.0964
vn 0.9014 -0.0789 0.4257
vn 0.3062 0.2248 0.9250
vn 0.7993 -0.2273 0.5563
vn -0.4644 0.4948 0.7345
vn -0.6756 0.4507 0.5834
vn -0.9671 0.1458 0.2083
vn -0.9672 0.1458 0.2082
vn -0.6756 0.4508 0.5834
vn -0.8079 0.5265 -0.2647
vn -0.7495 0.1866 -0.6351
vn -0.6154 -0.0092 -0.7881
vn 0.3999 -0.5512 -0.7323
vn 0.4154 -0.4337 -0.7996
vn 0.8714 -0.4489 -0.1976
vn 0.8786 -0.4677 -0.0965
vn 0.8562 -0.2352 0.4601
vn 0.7993 -0.2272 0.5564
vn 0.3931 0.0445 0.9184
vn 0.3061 0.2249 0.9251
vn 0.2091 0.3381 0.9176
vn 0.8365 0.1605 0.5239
vn 0.8184 -0.0976 0.5662
vn -0.8787 0.4617 -0.1212
vn -0.9940 -0.1066 -0.0250
vn -0.9437 -0.3139 0.1044
vn -0.9678 -0.2488 0.0381
vn -0.7096 -0.3594 -0.6061
vn -0.7833 0.5479 -0.2937
vn -0.6436 0.5105 0.5703
vn -0.8650 0.4861 -0.1244
vn -0.7023 0.1868 0.6869
vn -0.9833 -0.1783 0.0367
vn -0.9095 -0.3746 0.1799
vn -0.7209 -0.3765 -0.5818
vn -0.6090 -0.0154 -0.7930
vn -0.9680 0.1120 0.2247
vn -0.4553 0.5197 0.7229
vn -0.7311 0.1842 -0.6569
vn 0.3888 -0.5637 -0.7288
vn 0.4144 -0.4547 -0.7883
vn -0.3989 -0.3973 -0.8265
vn 0.3888 -0.5637 -0.7287
vn 0.4146 -0.4547 -0.7882
vn 0.8775 -0.4309 -0.2105
vn 0.8846 -0.4527 -0.1122
vn 0.8836 -0.2230 0.4118
vn 0.8438 -0.1944 0.5003
vn 0.4524 0.0292 0.8913
vn 0.3767 0.2479 0.8925
vn -0.4552 0.5197 0.7230
vn -0.6436 0.5105 0.5702
vn -0.7024 0.1868 0.6868
vn 0.2355 0.3652 0.9007
vn -0.6422 0.2216 0.7338
vn 0.8729 0.0838 0.4807
vn 0.7188 -0.0581 0.6927
vn 0.9294 -0.0672 0.3630
vn 0.9241 -0.3514 -0.1500
vn 0.9345 -0.2298 -0.2718
vn -0.2898 -0.3804 -0.8783
vn -0.2856 -0.3615 -0.8876
vn -0.8721 -0.0846 -0.4819
vn -0.7019 -0.4423 -0.5583
vn 0.5550 -0.0100 0.8318
vn -0.5088 0.2850 0.8124
vn 0.7113 0.3753 0.5943
vn 0.3658 0.4037 0.8386
vn -0.5427 0.0384 0.8390
vn -0.9423 -0.0595 0.3294
vn -0.9511 -0.0930 0.2946
vn -0.9291 -0.2796 -0.2422
vn -0.9080 -0.3143 -0.2768
vn -0.4536 -0.5124 -0.7292
vn -0.9481 -0.1027 -0.3011
vn -0.9279 0.2743 0.2525
vn -0.9711 0.0539 0.2327
vn -0.2997 0.3996 0.8663
vn -0.7677 0.3323 0.5480
vn -0.3428 0.3452 0.8737
vn 0.6371 0.0353 0.7700
vn -0.8150 -0.0140 0.5793
vn -0.9381 0.1600 0.3072
vn -0.3110 0.3047 0.9002
vn -0.5064 0.1874 0.8417
vn 0.5403 -0.0212 0.8412
vn 0.5592 0.0402 0.8281
vn 0.6955 0.3034 0.6514
vn 0.3777 0.3249 0.8670
vn -0.5389 -0.0161 0.8422
vn -0.9396 -0.0841 0.3318
vn -0.9469 -0.1391 0.2900
vn -0.9231 -0.2610 -0.2823
vn -0.8916 -0.3084 -0.3317
vn -0.4488 -0.4179 -0.7899
vn -0.2599 -0.2976 -0.9186
vn -0.9380 -0.1314 -0.3209
vn -0.8798 -0.0761 -0.4692
vn -0.9681 -0.0124 0.2501
vn -0.6056 0.1862 0.7737
vn -0.9090 0.2204 0.3537
vn -0.2065 0.3522 0.9128
vn -0.4519 0.2307 0.8617
vn 0.5998 -0.0019 0.8001
vn 0.5437 0.0709 0.8363
vn 0.7327 0.3519 0.5825
vn 0.4169 0.3991 0.8166
vn -0.5109 -0.0052 0.8596
vn -0.9104 -0.1390 0.3897
vn -0.9236 -0.1410 0.3564
vn -0.9198 -0.3395 -0.1965
vn -0.9002 -0.3477 -0.2624
vn -0.4743 -0.5030 -0.7225
vn -0.2876 -0.3543 -0.8898
vn -0.9516 -0.1408 -0.2733
vn -0.8961 -0.0729 -0.4378
vn -0.9518 -0.0015 0.3069
vn -0.4509 -0.5117 -0.7313
vn -0.2891 -0.3800 -0.8787
vn 0.6858 -0.0631 -0.7251
vn 0.7747 -0.0233 -0.6318
vn 0.9708 -0.0829 0.2252
vn 0.7946 0.5742 -0.1973
vn 0.7113 0.3752 0.5944
vn 0.3656 0.4032 0.8389
vn 0.5549 -0.0099 0.8319
vn 0.7106 -0.6242 0.3247
vn 0.7745 -0.4913 -0.3985
vn 0.3826 -0.4992 -0.7774
vn 0.9158 0.3698 -0.1569
vn 0.8545 -0.4135 0.3145
vn -0.4450 -0.4178 -0.7921
vn -0.2591 -0.2977 -0.9189
vn 0.7144 0.0232 -0.6994
vn 0.7767 0.0572 -0.6273
vn 0.9737 -0.0380 0.2246
vn 0.8420 0.5302 -0.0997
vn 0.6955 0.3033 0.6514
vn 0.3776 0.3245 0.8673
vn 0.5591 0.0402 0.8282
vn 0.5402 -0.0212 0.8413
vn 0.7910 -0.5593 0.2481
vn 0.7890 -0.3856 -0.4784
vn 0.9270 0.3630 -0.0945
vn 0.8949 -0.3569 0.2680
vn -0.4723 -0.5025 -0.7242
vn -0.2872 -0.3540 -0.8901
vn 0.6808 0.0050 -0.7325
vn 0.7446 0.0378 -0.6664
vn 0.9864 0.0210 0.1629
vn 0.7832 0.5861 -0.2076
vn 0.7328 0.3517 0.5825
vn 0.4170 0.3987 0.8168
vn 0.5437 0.0708 0.8363
vn 0.5998 -0.0019 0.8002
vn 0.9328 -0.3496 0.0871
vn 0.7890 -0.5593 0.2544
vn 0.7757 -0.4055 -0.4836
vn 0.3540 -0.4114 -0.8399
vn 0.8994 0.3969 -0.1831
vn 0.8990 -0.3609 0.2480
vn 0.8625 -0.2662 0.4304
vn 0.6546 -0.4211 0.6278
vn 0.8177 -0.5747 -0.0340
vn 0.6714 -0.7392 0.0531
vn 0.4753 0.0773 0.8764
vn 0.0514 0.1749 0.9832
vn 0.8709 -0.4643 -0.1612
vn 0.3583 -0.6584 -0.6620
vn 0.5697 -0.8214 0.0262
vn -0.0451 -0.8702 -0.4906
vn -0.2403 -0.8679 0.4348
vn 0.5714 -0.5475 0.6113
vn -0.0884 -0.1796 0.9798
vn -0.5214 0.8372 -0.1650
vn -0.7658 0.6324 -0.1167
vn -0.8731 0.4836 0.0616
vn -0.5431 0.5427 0.6407
vn 0.0854 0.1219 0.9889
vn -0.8996 0.4261 -0.0959
vn -0.7987 0.1165 0.5903
vn -0.9056 -0.2542 -0.3394
vn -0.5245 -0.0638 -0.8490
vn 0.0495 -0.8171 -0.5744
vn -0.6863 0.6940 -0.2175
vn -0.4530 0.8535 -0.2575
vn -0.6796 0.1877 -0.7092
vn -0.8310 0.5541 -0.0493
vn -0.9710 0.1902 0.1452
vn -0.4633 0.6033 0.6491
vn 0.0338 0.1742 0.9841
vn -0.5294 0.6322 0.5658
vn -0.8439 0.5047 -0.1820
vn -0.8198 0.2376 0.5210
vn -0.9059 -0.1885 -0.3793
vn -0.4668 -0.0738 -0.8813
vn -0.0027 -0.8581 -0.5135
vn 0.3946 -0.6430 -0.6563
vn -0.6865 0.6952 -0.2133
vn -0.4097 0.8675 -0.2821
vn -0.7108 0.1387 -0.6896
vn -0.8652 0.5013 0.0059
vn -0.9715 0.0861 0.2210
vn -0.5203 0.6307 0.5758
vn 0.0513 0.1752 0.9832
vn -0.8527 0.4955 -0.1652
vn -0.8113 0.2170 0.5428
vn -0.9209 -0.2056 -0.3312
vn -0.5008 -0.0992 -0.8598
vn -0.0450 -0.8702 -0.4906
vn -0.9209 -0.1855 0.3429
vn -0.4297 0.1596 0.8887
vn -0.9433 -0.0590 0.3266
vn -0.9059 0.2211 0.3612
vn -0.9460 -0.1219 -0.3004
vn -0.8705 0.0350 -0.4909
vn -0.2584 -0.2719 -0.9270
vn -0.8944 -0.3283 -0.3036
vn -0.2845 0.2700 0.9199
vn 0.5688 -0.0994 0.8165
vn 0.7183 0.2484 0.6499
vn 0.3812 0.3051 0.8727
vn -0.5076 -0.0174 0.8614
vn -0.9200 -0.0937 0.3805
vn -0.9278 -0.2499 -0.2769
vn -0.4643 -0.3996 -0.7904
vn 0.7289 0.0181 -0.6843
vn 0.7881 0.0488 -0.6136
vn 0.9765 -0.0091 0.2153
vn 0.8726 0.4840 -0.0659
vn 0.7183 0.2482 0.6499
vn 0.3813 0.3046 0.8729
vn 0.8253 -0.3286 -0.4593
vn 0.9448 0.3197 -0.0714
vn 0.9263 -0.3110 0.2127
vn 0.5686 -0.0993 0.8166
vn 0.8475 -0.4970 0.1866
vn 0.0339 0.1740 0.9842
vn 0.4327 0.0380 0.9007
vn 0.6489 -0.4219 0.6331
vn 0.5628 -0.5501 0.6169
vn 0.6895 -0.7216 0.0622
vn 0.5803 -0.8134 0.0411
vn -0.2494 -0.8776 0.4095
vn -0.0030 -0.8581 -0.5135
vn 0.8171 -0.5765 0.0028
vn 0.8248 -0.3206 0.4657
vn 0.8503 -0.2657 0.4544
vn 0.0856 0.1219 0.9889
vn 0.6859 -0.4266 0.5895
vn 0.6533 -0.5339 0.5368
vn 0.7182 -0.6948 -0.0371
vn 0.6585 -0.7505 -0.0554
vn -0.1203 -0.9274 0.3542
vn 0.0493 -0.8171 -0.5744
vn 0.8306 -0.5489 -0.0940
vn 0.8653 -0.2667 0.4244
vn -0.9067 -0.3569 -0.2249
vn -0.8037 -0.5772 -0.1444
vn -0.9261 -0.2241 0.3034
vn -0.0924 0.1176 0.9888
vn -0.6813 -0.4431 0.5827
vn -0.0742 -0.2907 0.9539
vn 0.0484 -0.9330 0.3566
vn -0.7018 -0.7059 -0.0961
vn -0.0150 -0.8141 -0.5806
vn -0.8233 -0.4188 0.3831
vn 0.8818 0.4713 0.0192
vn 0.5579 0.3619 0.7468
vn 0.9707 0.2269 0.0793
vn 0.7150 -0.1553 0.6816
vn 0.8802 -0.3929 -0.2662
vn 0.6687 -0.0036 -0.7435
vn -0.1013 -0.7173 -0.6893
vn 0.7750 0.6296 0.0549
vn 0.9145 0.3249 0.2411
vn -0.7811 -0.5902 -0.2037
vn -0.0997 -0.9730 0.2081
vn -0.7622 -0.4037 0.5061
vn -0.8468 -0.4014 0.3491
vn -0.1297 0.0320 0.9910
vn -0.9058 -0.3149 -0.2833
vn -0.8193 -0.5213 -0.2389
vn -0.9069 -0.2668 0.3263
vn -0.5678 0.4938 0.6587
vn -0.4644 0.4949 0.7345
vn -0.7884 0.6097 -0.0819
vn -0.6031 0.7941 -0.0755
vn -0.8843 0.4580 0.0912
vn 0.0726 -0.7988 -0.5972
vn -0.5278 -0.0848 -0.8451
vn -0.8890 -0.2946 -0.3504
vn -0.9246 0.3702 -0.0902
vn -0.8060 0.0301 0.5911
vn 0.0726 0.0994 0.9924
vn 0.6862 -0.4109 0.6002
vn 0.6688 -0.5248 0.5267
vn 0.7383 -0.6717 -0.0612
vn 0.6800 -0.7280 -0.0868
vn -0.0813 -0.9446 0.3181
vn 0.8335 -0.5433 -0.1008
vn 0.8322 -0.2949 0.4696
vn -0.1292 0.0727 0.9889
vn -0.7504 -0.4176 0.5124
vn -0.8432 -0.4169 0.3394
vn -0.7620 -0.6196 -0.1880
vn -0.0564 -0.9683 0.2433
vn -0.0815 -0.7348 -0.6734
vn -0.8104 -0.5438 -0.2178
vn -0.9217 -0.2533 0.2937
vn -0.9010 -0.3334 -0.2776
vn -0.0754 0.1213 0.9897
vn -0.6726 -0.4511 0.5867
vn -0.8097 -0.4339 0.3952
vn -0.7116 -0.6970 -0.0884
vn 0.0567 -0.9433 0.3270
vn -0.0509 -0.7865 -0.6155
vn -0.8115 -0.5690 -0.1330
vn -0.9025 -0.2778 0.3292
vn -0.8945 -0.4096 -0.1793
vn -0.1306 0.0720 0.9888
vn 0.5390 0.4219 0.7290
vn 0.7295 0.6839 0.0024
vn 0.9119 0.3511 0.2125
vn 0.6661 0.0139 -0.7458
vn -0.0812 -0.7349 -0.6733
vn 0.8967 -0.3603 -0.2571
vn 0.9586 0.2765 0.0677
vn 0.7226 -0.0703 0.6877
vn 0.8584 0.5127 0.0142
vn -0.0762 0.1208 0.9898
vn 0.5420 0.5208 0.6595
vn 0.6922 0.7167 -0.0847
vn 0.9130 0.3848 0.1356
vn 0.6055 0.0233 -0.7955
vn -0.0509 -0.7869 -0.6150
vn 0.9110 -0.2895 -0.2937
vn 0.9252 0.3788 -0.0207
vn 0.7621 0.0517 0.6454
vn 0.7975 0.5972 -0.0861
vn -0.0946 0.1160 0.9887
vn 0.5343 0.5177 0.6682
vn 0.6522 0.7491 -0.1156
vn 0.9183 0.3561 0.1729
vn 0.6354 -0.0026 -0.7722
vn -0.0149 -0.8148 -0.5796
vn 0.9208 -0.3104 -0.2361
vn 0.9304 0.3665 0.0031
vn 0.7480 0.0259 0.6632
vn 0.8029 0.5899 -0.0852
vn -0.1666 -0.3951 0.9034
vn -0.1647 -0.3409 0.9256
vn -0.0720 -0.2859 0.9556
vn -0.0983 -0.1778 0.9792
vn -0.0127 -0.2959 0.9551
vn 0.0007 -0.2516 0.9678
vn -0.0566 -0.9683 0.2432
vn -0.1661 -0.3412 0.9252
vn 0.0565 -0.9433 0.3270
vn -0.0729 -0.2862 0.9554
vn 0.0476 -0.9331 0.3564
vn -0.0766 -0.2915 0.9535
vn -0.2493 -0.8776 0.4094
vn -0.0981 -0.1778 0.9792
vn -0.1201 -0.9274 0.3542
vn 0.0009 -0.2516 0.9678
vn -0.2402 -0.8679 0.4348
vn -0.0882 -0.1798 0.9797
vn -0.0999 -0.9730 0.2081
vn -0.1671 -0.3946 0.9036
vn -0.1284 0.0326 0.9912
vn 0.0724 0.0996 0.9924
vn -0.0125 -0.2960 0.9551
vn -0.0811 -0.9446 0.3179
vn 0.6636 -0.7359 0.1340
vn 0.9313 -0.3201 -0.1739
vn 0.4138 -0.8307 -0.3724
vn 0.3658 -0.7639 -0.5317
vn -0.2605 -0.8356 -0.4837
vn -0.0989 -0.3327 -0.9378
vn -0.9445 -0.1148 -0.3078
vn -0.9242 -0.2830 -0.2566
vn 0.5654 -0.0560 -0.8229
vn 0.5664 -0.3626 -0.7401
vn 0.5915 -0.5142 -0.6211
vn 0.9425 -0.2942 0.1583
vn 0.3737 -0.9019 -0.2166
vn 0.6749 -0.4318 0.5983
vn -0.2087 -0.5574 0.8036
vn -0.3257 -0.8985 -0.2944
vn -0.8851 -0.4075 0.2246
vn -0.9111 -0.3345 -0.2410
vn -0.3035 -0.6393 -0.7066
vn -0.1382 -0.3670 -0.9199
vn -0.0577 -0.0861 -0.9946
vn -0.6696 0.4148 0.6161
vn -0.7511 0.4036 0.5225
vn -0.7531 0.3633 0.5485
vn -0.6285 0.4660 0.6227
vn -0.6544 0.3969 0.6436
vn -0.6929 0.1689 0.7010
vn -0.7285 0.2208 0.6485
vn 0.6299 0.2007 0.7503
vn 0.9008 -0.3972 -0.1756
vn 0.7988 0.1546 0.5813
vn 0.9518 -0.2275 -0.2055
vn 0.5334 0.3383 0.7753
vn 0.6121 0.1219 0.7813
vn 0.6990 -0.0409 0.7139
vn 0.6546 0.0330 0.7553
vn 0.8785 -0.4488 -0.1639
vn 0.2633 -0.7531 -0.6029
vn 0.1832 -0.5906 -0.7859
vn -0.4195 -0.7521 -0.5083
vn -0.4320 -0.2608 -0.8633
vn 0.2131 0.1069 -0.9712
vn -0.9342 -0.1443 -0.3263
vn -0.4847 -0.0492 -0.8733
vn 0.1469 -0.2832 -0.9478
vn 0.3033 -0.6050 -0.7362
vn 0.2282 -0.9049 -0.3592
vn 0.7748 -0.5666 0.2806
vn 0.0030 -0.6604 0.7509
vn -0.4718 -0.8025 -0.3652
vn -0.8049 -0.3757 0.4593
vn -0.9875 -0.1575 0.0013
vn -0.5656 -0.3461 -0.7485
vn -0.5870 -0.1824 -0.7887
vn -0.6545 0.3969 0.6435
vn 0.1284 0.3115 0.9415
vn 0.0757 0.1713 0.9823
vn 0.8538 0.0582 0.5173
vn 0.3073 0.2289 0.9237
vn -0.6697 0.4147 0.6161
vn -0.7532 0.3633 0.5484
vn 0.0765 0.3719 0.9251
vn 0.2122 0.3901 0.8960
vn -0.6286 0.4660 0.6227
vn 0.3012 0.4699 0.8297
vn 0.9040 -0.0151 0.4272
vn -0.9111 -0.3344 -0.2409
vn -0.8851 -0.4076 0.2245
vn -0.2089 -0.5574 0.8035
vn 0.6750 -0.4319 0.5982
vn 0.9425 -0.2943 0.1584
vn 0.9313 -0.3201 -0.1737
vn 0.6565 -0.0788 0.7502
vn 0.1631 0.5470 0.8211
vn -0.7512 0.4035 0.5224
vn -0.2003 0.3166 0.9272
vn -0.4611 0.4099 0.7870
vn -0.9470 0.0848 0.3099
vn -0.9007 0.1433 0.4102
vn -0.2228 0.3206 0.9206
vn 0.6122 0.1219 0.7813
vn -0.1113 0.0765 0.9908
vn -0.4008 0.1787 0.8986
vn 0.7989 0.1546 0.5813
vn 0.6300 0.2008 0.7502
vn -0.1539 0.3206 0.9346
vn -0.2576 0.4925 0.8313
vn -0.7622 -0.0461 0.6458
vn -0.9342 -0.1443 -0.3262
vn -0.8049 -0.3758 0.4592
vn 0.0028 -0.6604 0.7510
vn 0.7748 -0.5666 0.2805
vn 0.8785 -0.4488 -0.1638
vn -0.8131 -0.5508 -0.1883
vn -0.5807 -0.5472 -0.6027
vn -0.8025 -0.3383 -0.4914
vn -0.7214 -0.6919 -0.0295
vn -0.7783 -0.5903 -0.2139
vn -0.6578 -0.7451 0.1101
vn -0.5597 -0.2569 -0.7879
vn -0.8219 -0.3008 -0.4838
vn -0.5756 -0.2335 -0.7837
vn -0.7939 -0.0962 -0.6004
vn 0.2794 -0.4283 0.8594
vn 0.3954 -0.6225 0.6753
vn 0.5431 -0.4150 0.7299
vn -0.0014 -0.5193 0.8546
vn 0.1509 -0.6810 0.7166
vn -0.2758 -0.4650 0.8412
vn 0.5523 -0.4091 0.7263
vn 0.4116 -0.6132 0.6742
vn 0.7022 -0.4652 0.5389
vn 0.7615 -0.5396 0.3590
vn 0.7104 -0.4112 0.5712
vn 0.5560 -0.4104 0.7228
vn 0.7310 -0.3830 0.5648
vn 0.5608 -0.3219 0.7628
vn 0.7131 -0.3298 0.6187
vn 0.7248 -0.3852 0.5713
vn -0.1618 -0.3538 0.9212
vn 0.0461 -0.3306 0.9427
vn 0.0022 -0.5191 0.8547
vn 0.2845 -0.4325 0.8556
vn 0.0453 -0.3304 0.9428
vn 0.3460 -0.3249 0.8802
vn 0.9482 -0.2270 -0.2223
vn 0.8817 -0.2180 -0.4184
vn 0.9102 -0.3746 -0.1767
vn 0.9106 -0.3734 -0.1771
vn 0.8819 -0.2165 -0.4187
vn 0.9420 -0.2934 -0.1627
vn 0.7653 -0.5414 0.3481
vn 0.9524 -0.2376 0.1909
vn 0.9112 -0.3740 -0.1729
vn 0.7447 -0.4235 0.5158
vn 0.7639 -0.5393 0.3544
vn 0.9277 -0.3196 0.1929
vn 0.7427 -0.4229 0.5191
vn 0.9546 -0.2438 0.1711
vn 0.9652 -0.2131 -0.1516
vn 0.8989 -0.3704 0.2339
vn 0.9367 -0.3485 -0.0327
vn 0.9119 -0.3734 -0.1702
vn 0.9432 -0.2933 -0.1558
vn 0.7650 -0.5403 0.3505
vn 0.9283 -0.3202 0.1888
vn 0.9653 -0.2136 -0.1504
vn 0.9543 -0.2441 0.1722
vn 0.9435 -0.2937 -0.1537
vn 0.9279 -0.3205 0.1906
vn 0.7192 -0.3351 0.6086
vn 0.7357 -0.3872 0.5558
vn 0.7933 -0.3858 0.4710
vn 0.8148 -0.3744 0.4426
vn 0.7952 -0.3197 0.5151
vn 0.9537 -0.2432 0.1770
vn 0.7960 -0.3197 0.5140
vn 0.9274 -0.3193 0.1947
vn 0.7440 -0.4231 0.5172
vn 0.9559 -0.2881 -0.0577
vn 0.9535 -0.2249 -0.2004
vn 0.9320 -0.1612 -0.3247
vn 0.9177 -0.1161 -0.3799
vn 0.9656 -0.2123 -0.1504
vn 0.8987 -0.2057 -0.3873
vn 0.9371 -0.3475 -0.0316
vn 0.8945 -0.4122 -0.1731
vn 0.8981 -0.2098 -0.3866
vn 0.9649 -0.2158 -0.1500
vn 0.8852 -0.2196 -0.4102
vn 0.9429 -0.2955 -0.1536
vn 0.8159 -0.3743 0.4408
vn 0.7970 -0.3202 0.5121
vn 0.7941 -0.3843 0.4709
vn 0.8983 -0.3701 0.2370
vn 0.9542 -0.2433 0.1743
vn 0.9177 -0.1161 -0.3798
vn 0.9536 -0.2249 -0.2004
vn 0.9961 -0.0734 -0.0481
vn 0.9495 -0.2339 0.2091
vn 0.9151 -0.3725 -0.1547
vn 0.9535 -0.2250 -0.2004
vn 0.9577 -0.2801 -0.0658
vn 0.8667 -0.1821 -0.4644
vn 0.9845 -0.1730 -0.0272
vn 0.9391 -0.2306 0.2547
vn 0.9734 -0.2079 0.0969
vn 0.8131 -0.3130 0.4909
vn 0.8589 -0.5061 0.0784
vn 0.9393 -0.2988 0.1688
vn 0.9422 -0.3331 -0.0374
vn 0.8689 -0.4905 -0.0662
vn 0.9052 -0.3921 -0.1638
vn 0.9071 -0.1862 -0.3775
vn 0.8933 -0.2079 -0.3985
vn 0.9795 -0.1973 -0.0403
vn 0.9051 -0.1952 -0.3779
vn 0.9378 -0.3433 -0.0524
vn 0.9078 -0.2256 0.3536
vn 0.9418 -0.3025 0.1468
vn 0.9732 -0.2075 0.0989
vn 0.8212 -0.3212 0.4716
vn 0.4066 -0.6175 0.6733
vn 0.5855 -0.5609 0.5853
vn 0.7591 -0.5390 0.3650
vn 0.5453 -0.3177 0.7757
vn 0.2637 -0.4267 0.8651
vn 0.5446 -0.4117 0.7306
vn 0.3200 -0.3128 0.8943
vn -0.8789 -0.4767 0.0175
vn -0.8560 -0.4435 -0.2656
vn -0.7361 -0.6026 0.3083
vn -0.6061 -0.5463 0.5781
vn -0.8585 -0.4465 -0.2521
vn -0.7266 -0.5260 -0.4421
vn -0.7240 -0.6897 -0.0144
vn -0.5498 -0.5710 -0.6096
vn -0.7670 -0.4769 -0.4292
vn -0.8660 -0.4327 -0.2505
vn -0.9133 -0.3369 -0.2289
vn -0.7822 -0.3854 -0.4895
vn -0.8488 -0.3533 -0.3934
vn -0.7740 -0.3962 -0.4939
vn -0.6777 -0.4663 0.5686
vn -0.8577 -0.4270 0.2863
vn -0.7411 -0.5977 0.3058
vn -0.8607 -0.4217 0.2852
vn -0.8738 -0.4857 0.0245
vn -0.9155 -0.4005 0.0385
vn -0.1304 -0.1661 -0.9774
vn -0.2175 -0.3760 -0.9007
vn -0.0295 -0.2624 -0.9645
vn -0.2160 -0.3879 -0.8960
vn -0.2465 -0.3087 -0.9187
vn -0.0302 -0.2728 -0.9616
vn -0.5754 -0.5552 -0.6005
vn -0.2001 -0.3825 -0.9020
vn -0.5551 -0.2647 -0.7885
vn -0.7350 -0.4805 -0.4784
vn -0.5197 -0.3602 -0.7747
vn -0.5572 -0.5673 -0.6064
vn -0.7306 -0.4859 -0.4797
vn -0.5492 -0.2445 -0.7991
vn -0.6611 -0.3520 -0.6627
vn -0.3084 -0.2323 -0.9225
vn -0.3471 -0.2976 -0.8894
vn -0.1902 -0.3868 -0.9023
vn -0.5639 -0.5649 -0.6024
vn -0.2200 -0.3091 -0.9252
vn -0.5261 -0.3573 -0.7717
vn -0.3007 -0.2356 -0.9242
vn -0.2304 -0.3098 -0.9224
vn -0.5423 -0.2490 -0.8025
vn -0.5348 -0.3567 -0.7660
vn -0.8559 -0.3505 -0.3802
vn -0.7323 -0.3393 -0.5904
vn -0.7871 -0.3903 -0.4776
vn -0.7255 -0.3633 -0.5845
vn -0.7890 -0.3244 -0.5218
vn -0.5366 -0.2463 -0.8071
vn -0.5281 -0.3571 -0.7705
vn -0.7943 -0.3194 -0.5168
vn -0.7413 -0.4763 -0.4728
vn 0.1434 -0.2237 -0.9640
vn 0.2194 -0.0227 -0.9754
vn -0.0804 -0.1724 -0.9817
vn -0.0364 -0.0128 -0.9993
vn -0.3146 -0.2316 -0.9205
vn -0.3534 -0.2966 -0.8872
vn -0.0524 -0.1946 -0.9795
vn -0.0785 -0.2004 -0.9766
vn -0.0488 -0.1968 -0.9792
vn -0.0229 -0.2716 -0.9621
vn -0.3109 -0.2348 -0.9210
vn -0.2401 -0.3089 -0.9203
vn -0.7363 -0.3548 -0.5761
vn -0.7395 -0.3371 -0.5826
vn -0.7998 -0.3136 -0.5119
vn -0.6543 -0.3534 -0.6685
vn -0.5423 -0.2452 -0.8036
vn -0.0724 -0.0179 -0.9972
vn -0.4858 -0.0394 -0.8732
vn -0.1359 -0.1720 -0.9757
vn -0.5822 -0.2271 -0.7806
vn -0.2542 -0.3553 -0.8995
vn -0.1423 -0.1726 -0.9747
vn -0.0408 -0.2680 -0.9626
vn 0.0790 -0.2229 -0.9716
vn 0.2086 -0.1295 -0.9694
vn 0.0625 -0.1755 -0.9825
vn -0.2555 -0.2755 -0.9267
vn -0.2921 -0.3464 -0.8915
vn -0.0968 -0.2878 -0.9528
vn -0.2065 -0.3413 -0.9170
vn 0.1273 -0.1565 -0.9794
vn -0.0560 -0.2200 -0.9739
vn -0.0859 -0.2028 -0.9754
vn -0.0600 -0.1970 -0.9786
vn -0.0391 -0.2736 -0.9611
vn -0.0626 -0.1988 -0.9780
vn 0.2058 -0.1363 -0.9691
vn 0.1205 -0.1613 -0.9795
vn 0.0554 -0.1842 -0.9813
vn -0.1054 -0.2902 -0.9511
vn -0.2579 -0.2845 -0.9233
vn -0.2956 -0.3442 -0.8911
vn -0.3657 -0.3526 0.8614
vn -0.3528 -0.3696 0.8596
vn -0.3652 -0.3910 0.8449
vn -0.4023 -0.3847 0.8307
vn -0.3714 -0.4017 0.8371
vn -0.4288 -0.4146 0.8027
vn -0.3764 -0.4217 0.8249
vn -0.3484 -0.3934 0.8508
vn -0.3372 -0.4180 0.8435
vn -0.3398 -0.3639 0.8672
vn -0.3514 -0.3699 0.8601
vn -0.3643 -0.3526 0.8620
vn 0.6416 -0.6332 0.4329
vn 0.5201 -0.8008 0.2970
vn -0.0179 -0.9917 0.1277
vn 0.4516 -0.8909 0.0490
vn -0.0139 -0.9975 -0.0698
vn -0.0048 -0.9995 0.0321
vn 0.5503 -0.8326 0.0630
vn 0.0036 -0.9980 0.0625
vn 0.5201 -0.8008 0.2969
vn -0.0179 -0.9917 0.1276
vn 0.6694 -0.7413 -0.0494
vn 0.4517 -0.8908 0.0494
vn 0.0122 -0.9989 0.0445
vn -0.0048 -0.9995 0.0328
vn 0.6694 -0.7413 -0.0495
vn 0.0122 -0.9990 0.0439
vn 0.5503 -0.8326 0.0626
vn 0.0037 -0.9981 0.0619
vn 0.9062 -0.4213 0.0366
vn 0.9073 -0.3872 -0.1641
vn 0.8813 -0.4714 0.0330
vn 0.8717 -0.4850 -0.0695
vn 0.8540 -0.5159 0.0666
vn 0.8637 -0.4997 0.0661
vn 0.7829 -0.6202 0.0485
vn 0.8532 -0.5131 0.0936
vn 0.8190 -0.5692 -0.0725
vn 0.8702 -0.4926 0.0142
vn 0.8635 -0.4959 -0.0920
vn 0.8779 -0.4735 0.0708
vn 0.9180 -0.3961 -0.0204
vn 0.9082 -0.4158 0.0483
vn 0.6697 -0.7411 -0.0479
vn 0.5501 -0.8327 0.0637
vn 0.9174 -0.3957 0.0429
vn 0.4520 -0.8905 0.0516
vn 0.5399 -0.3647 0.7586
vn 0.1962 -0.3522 0.9151
vn 0.4897 -0.3557 0.7960
vn 0.1136 -0.3548 0.9280
vn 0.4793 -0.3429 0.8079
vn 0.1632 -0.3488 0.9229
vn 0.2879 -0.3436 0.8939
vn 0.1953 -0.3536 0.9148
vn 0.0294 -0.3507 0.9360
vn 0.1086 -0.3386 0.9346
vn 0.0648 -0.3318 0.9411
vn 0.0413 -0.3343 0.9416
vn 0.0459 -0.3238 0.9450
vn 0.3432 -0.3178 0.8839
vn 0.1489 -0.3565 0.9223
vn -0.1525 -0.3895 0.9083
vn 0.0730 -0.3656 0.9279
vn -0.2318 -0.3892 0.8915
vn 0.0174 -0.3643 0.9311
vn -0.2258 -0.3851 0.8948
vn -0.1749 -0.3793 0.9086
vn 0.0325 -0.3510 0.9358
vn 0.1119 -0.3385 0.9343
vn 0.0687 -0.3323 0.9407
vn 0.0453 -0.3355 0.9410
vn -0.1529 -0.3560 0.9219
vn 0.0523 -0.3294 0.9427
vn -0.5913 -0.4102 0.6943
vn -0.8575 -0.4361 0.2731
vn -0.6571 -0.4045 0.6361
vn -0.8643 -0.4009 0.3039
vn -0.6730 -0.4063 0.6181
vn -0.8389 -0.4252 0.3397
vn -0.7610 -0.4307 0.4852
vn -0.5387 -0.4049 0.7388
vn -0.5780 -0.3798 0.7223
vn -0.5676 -0.3672 0.7369
vn -0.5687 -0.4125 0.7116
vn -0.6923 -0.4413 0.5710
vn -0.5390 -0.4299 0.7243
vn 0.6402 -0.6340 0.4338
vn 0.8143 -0.3176 0.4859
vn 0.5188 -0.8013 0.2979
vn 0.8781 -0.3785 0.2927
vn 0.8418 -0.3627 0.3997
vn 0.8788 -0.4389 0.1875
vn 0.8789 -0.3796 0.2890
vn 0.9089 -0.4033 0.1063
vn 0.9000 -0.3719 0.2274
vn 0.9362 -0.3494 -0.0385
vn -0.1524 -0.3901 0.9081
vn -0.3646 -0.3918 0.8447
vn -0.2307 -0.3892 0.8918
vn -0.3518 -0.3713 0.8593
vn -0.3479 -0.3951 0.8502
vn -0.2231 -0.3863 0.8950
vn -0.3708 -0.4006 0.8379
vn -0.1715 -0.3804 0.9088
vn -0.3965 -0.3770 0.8370
vn -0.4267 -0.4002 0.8110
vn -0.2574 -0.4715 0.8435
vn -0.1500 -0.3587 0.9213
vn 0.5192 -0.8011 0.2978
vn 0.8784 -0.3779 0.2927
vn 0.5499 -0.8328 0.0642
vn 0.9080 -0.4161 0.0489
vn 0.8793 -0.4380 0.1873
vn 0.8774 -0.4745 0.0706
vn 0.9092 -0.4027 0.1055
vn 0.8942 -0.4470 0.0228
vn 0.9363 -0.3490 -0.0397
vn 0.8925 -0.4134 -0.1803
vn 0.6402 -0.4176 0.6447
vn 0.5237 -0.4197 0.7413
vn 0.5861 -0.4186 0.6937
vn 0.5794 -0.3922 0.7145
vn 0.6723 -0.3490 0.6528
vn 0.6079 -0.3467 0.7143
vn 0.5631 -0.3110 0.7656
vn 0.6847 -0.3048 0.6620
vn -0.6932 -0.4459 0.5662
vn -0.7602 -0.4402 0.4777
vn -0.8715 -0.4009 0.2825
vn -0.8813 -0.4147 0.2266
vn -0.8432 -0.4254 0.3287
vn -0.9068 -0.3700 0.2022
vn -0.8699 -0.4011 0.2872
vn -0.9041 -0.3898 0.1753
vn -0.8615 -0.4354 0.2613
vn -0.8853 -0.4344 0.1661
vn -0.5556 -0.4262 0.7139
vn -0.5573 -0.4368 0.7062
vn -0.5406 -0.4338 0.7208
vn -0.6193 -0.5316 0.5779
vn -0.6861 -0.4516 0.5704
vn -0.5729 -0.4117 0.7087
vn -0.6261 -0.3994 0.6697
vn -0.5714 -0.3721 0.7315
vn -0.5802 -0.3821 0.7193
vn -0.6687 -0.3727 0.6433
vn -0.6376 -0.3794 0.6704
vn -0.5409 -0.4047 0.7374
vn -0.8833 -0.4346 0.1758
vn -0.8930 -0.4214 0.1582
vn -0.9001 -0.3911 0.1921
vn -0.9215 -0.3735 0.1061
vn -0.9002 -0.3735 0.2239
vn -0.9169 -0.3908 0.0807
vn -0.8767 -0.4186 0.2369
vn -0.9111 -0.4021 -0.0907
vn -0.9244 -0.3794 0.0398
vn -0.8707 -0.4003 0.2856
vn 0.6397 -0.6341 0.4344
vn 0.8312 -0.3193 0.4552
vn 0.8136 -0.3182 0.4866
vn 0.8183 -0.3444 0.4602
vn 0.7782 -0.3099 0.5462
vn 0.8411 -0.3638 0.4001
vn 0.7889 -0.3382 0.5130
vn 0.8785 -0.3804 0.2890
vn 0.7980 -0.3878 0.4613
vn 0.8998 -0.3722 0.2277
vn 0.5411 -0.3968 0.7415
vn 0.5394 -0.3656 0.7585
vn 0.5984 -0.3637 0.7138
vn 0.4935 -0.3580 0.7927
vn 0.6243 -0.3164 0.7142
vn 0.4779 -0.3501 0.8056
vn 0.5723 -0.2900 0.7671
vn 0.2899 -0.3518 0.8900
vn 0.3493 -0.3181 0.8814
vn 0.5676 -0.3047 0.7648
vn 0.7972 -0.3877 0.4628
vn 0.7881 -0.3386 0.5140
vn 0.7247 -0.3377 0.6006
vn 0.6988 -0.3153 0.6421
vn 0.7781 -0.3107 0.5459
vn 0.6877 -0.3610 0.6299
vn 0.8187 -0.3463 0.4580
vn 0.7662 -0.4146 0.4910
vn 0.5996 -0.4286 0.6759
vn 0.6536 -0.4266 0.6251
vn 0.8259 -0.3899 0.4072
vn 0.8168 -0.3443 0.4629
vn 0.8305 -0.3191 0.4566
vn 0.3608 -0.9165 0.1726
vn -0.0094 -0.9975 -0.0701
vn 0.2239 -0.9305 0.2899
vn -0.2526 -0.9676 -0.0044
vn 0.2215 -0.9307 0.2912
vn -0.0117 -0.9975 -0.0690
vn 0.1849 -0.9214 0.3419
vn -0.1571 -0.7245 -0.6711
vn -0.3591 -0.5021 -0.7867
vn 0.1782 -0.9524 0.2474
vn -0.1584 -0.7245 -0.6708
vn 0.1772 -0.9525 0.2477
vn -0.3675 -0.9121 -0.1815
vn 0.1701 -0.9378 0.3026
vn -0.8786 -0.3833 -0.2849
vn -0.8898 -0.3635 -0.2760
vn -0.8704 -0.3871 -0.3041
vn -0.8851 -0.3657 -0.2878
vn 0.1700 -0.9378 0.3027
vn -0.2522 -0.9677 -0.0050
vn 0.1849 -0.9215 0.3415
vn -0.5935 -0.5536 -0.5842
vn -0.5753 -0.5031 -0.6450
vn -0.6651 -0.4891 -0.5642
vn -0.4274 -0.4341 -0.7930
vn -0.2546 -0.9670 -0.0072
vn -0.0134 -0.9974 -0.0706
vn -0.3704 -0.9109 -0.1817
vn -0.3949 -0.3088 -0.8653
vn -0.1574 -0.2959 -0.9422
vn -0.2266 -0.3440 -0.9112
vn -0.1239 -0.2505 -0.9601
vn -0.0867 -0.2014 -0.9757
vn -0.1285 -0.2529 -0.9589
vn -0.0419 -0.1909 -0.9807
vn -0.2336 -0.3441 -0.9094
vn -0.2069 -0.3403 -0.9173
vn -0.5047 -0.4526 -0.7351
vn -0.4289 -0.4318 -0.7935
vn -0.5732 -0.5016 -0.6480
vn -0.9279 -0.3516 -0.1242
vn -0.7863 -0.3364 -0.5183
vn -0.9203 -0.3448 -0.1849
vn -0.7514 -0.3623 -0.5515
vn -0.8261 -0.3732 -0.4222
vn -0.3568 -0.5005 -0.7888
vn -0.6224 -0.3190 -0.7148
vn -0.7680 -0.3307 -0.5485
vn -0.7620 -0.3692 -0.5320
vn -0.7644 -0.3599 -0.5349
vn -0.7650 -0.3296 -0.5533
vn -0.8545 -0.3424 -0.3907
vn -0.7457 -0.3289 -0.5795
vn -0.8647 -0.3408 -0.3690
vn -0.6661 -0.3484 -0.6595
vn -0.6492 -0.3529 -0.6738
vn -0.3537 -0.2964 -0.8872
vn -0.3312 -0.3128 -0.8902
vn -0.6627 -0.3823 -0.6440
vn -0.2958 -0.3329 -0.8953
vn -0.6203 -0.3204 -0.7159
vn -0.2299 -0.2096 -0.9504
vn -0.3675 -0.9121 -0.1819
vn -0.3914 -0.3090 -0.8668
vn -0.1567 -0.7254 -0.6702
vn -0.2304 -0.2102 -0.9501
vn -0.3562 -0.5020 -0.7881
vn -0.6217 -0.3205 -0.7147
vn -0.3559 -0.2966 -0.8862
vn -0.3332 -0.3127 -0.8895
vn -0.0817 -0.2016 -0.9761
vn -0.1232 -0.2531 -0.9596
vn -0.2959 -0.3340 -0.8949
vn -0.1559 -0.2963 -0.9423
vn -0.7502 -0.3287 -0.5737
vn -0.7690 -0.3310 -0.5469
vn -0.6665 -0.3463 -0.6602
vn -0.6498 -0.3519 -0.6738
vn -0.7676 -0.3612 -0.5295
vn -0.6634 -0.3812 -0.6439
vn -0.7638 -0.3703 -0.5287
vn -0.6207 -0.3182 -0.7166
vn -0.8918 -0.4253 0.1541
vn -0.8731 -0.3838 -0.3005
vn -0.9200 -0.3783 0.1023
vn -0.8887 -0.3584 -0.2858
vn -0.9180 -0.3878 0.0824
vn -0.8854 -0.3722 -0.2784
vn -0.9159 -0.3898 -0.0958
vn -0.9105 -0.3298 -0.2494
vn -0.8778 -0.4788 0.0161
vn -0.9262 -0.3752 0.0374
vn -0.8525 -0.4429 -0.2777
vn -0.9041 -0.3239 -0.2786
vn -0.8988 -0.3434 -0.2723
vn -0.8908 -0.3594 -0.2781
vn -0.8700 -0.4099 -0.2740
vn -0.9184 -0.3669 -0.1480
vn -0.8982 -0.3679 -0.2404
vn -0.9185 -0.3460 -0.1915
vn -0.9092 -0.3445 -0.2337
vn -0.8209 -0.3768 -0.4291
vn -0.8497 -0.3443 -0.3993
vn -0.9128 -0.3269 -0.2448
vn -0.8596 -0.3406 -0.3808
vn -0.9214 -0.3244 -0.2138
vn -0.7215 -0.6922 -0.0204
vn -0.7825 -0.5874 -0.2064
vn -0.5379 -0.5750 -0.6165
vn 0.7745 -0.3023 0.5556
vn 0.5764 -0.5707 0.5849
vn 0.9494 -0.2340 0.2092
vn 0.7855 -0.3082 0.5366
vn 0.8800 -0.1034 0.4636
vn 0.9530 -0.2384 0.1870
vt 0.438819 1.053026
vt 0.482945 1.067126
vt 0.475005 1.038926
vt 0.526002 1.053026
vt 0.344307 1.038926
vt 0.355911 1.013786
vt 0.396678 1.038926
vt 0.388891 1.013786
vt 0.432864 1.013786
vt 0.449049 1.053026
vt 0.465844 1.013786
vt 0.496992 1.038926
vt 0.487831 1.013786
vt 0.509817 1.013786
vt 0.531804 1.013786
vt 0.391639 1.038926
vt 0.399884 1.013786
vt 0.333924 1.013786
vt 0.299112 1.038926
vt 0.300945 1.013786
vt 0.267965 1.013786
vt 0.256971 1.038926
vt 0.245978 1.013786
vt 0.223991 1.013786
vt 0.240481 1.038926
vt 0.287508 1.067126
vt 0.355911 1.067126
vt 0.405992 1.067126
vt 0.377898 1.013786
vt 0.223991 1.067126
vt 0.255750 1.067126
vt 0.288730 1.038926
vt 0.223991 1.119496
vt 0.284400 1.144026
vt 0.310106 1.118826
vt 0.372401 1.118156
vt 0.405992 1.132926
vt 0.443857 1.128896
vt 0.408435 1.185286
vt 0.443857 1.182606
vt 0.414542 1.216176
vt 0.474394 1.204086
vt 0.451492 1.225576
vt 0.347361 1.149366
vt 0.287899 1.200436
vt 0.362629 1.202076
vt 0.305830 1.226246
vt 0.259166 1.210066
vt 0.223991 1.202746
vt 0.262936 1.206076
vt 0.352552 1.238326
vt 0.470119 1.259816
vt 0.530582 1.194686
vt 0.278958 1.243696
vt 0.223991 1.241686
vt 0.303693 1.219866
vt 0.509206 1.181266
vt 0.487831 1.169176
vt 0.486609 1.128896
vt 0.531193 1.144336
vt 0.487831 1.177236
vt 0.199810 1.129896
vt 0.199810 1.175216
vt 0.214468 1.165146
vt 0.214468 1.185286
vt 0.214468 1.215506
vt 0.214468 1.145006
vt 0.214468 1.124866
vt 0.214468 1.094656
vt 0.199810 1.074516
vt 0.214468 1.064436
vt 0.192481 1.019126
vt 0.185152 1.044296
vt 0.170494 1.004016
vt 0.170494 1.044296
vt 0.133850 1.140976
vt 0.170494 1.104726
vt 0.170494 1.165146
vt 0.185152 1.165146
vt 0.185152 1.205436
vt 0.199810 1.215506
vt 0.214468 1.245716
vt 0.185152 1.124866
vt 0.185152 1.084586
vt 0.199810 1.134936
vt 0.192481 1.230606
vt 0.170494 1.225576
vt 0.170494 1.285996
vt 0.185152 1.245716
vt 0.199810 1.255786
vt 0.214468 1.265856
vt 0.214468 1.285996
vt 0.199810 1.270896
vt 0.185152 1.285996
vt 0.214468 1.134936
vt 0.192481 1.082066
vt 0.214468 1.044296
vt 0.199810 1.019126
vt 0.214468 1.024156
vt 0.214468 1.004016
vt 0.170494 1.124866
vt 0.170494 1.084586
vt 0.630863 1.178796
vt 0.630485 1.141446
vt 0.691825 1.064426
vt 0.632316 1.065316
vt 0.682426 1.004906
vt 0.721732 1.006286
vt 0.718742 1.067236
vt 0.716865 1.157446
vt 0.720500 1.196756
vt 0.630155 1.201846
vt 0.721184 1.247636
vt 0.629224 1.244226
vt 0.741081 1.420676
vt 0.708854 1.418606
vt 0.741996 1.361396
vt 0.688456 1.357346
vt 0.689140 1.291676
vt 0.688582 1.292066
vt 0.733665 1.286966
vt 0.700762 1.255426
vt 0.659913 1.284556
vt 0.630546 1.357116
vt 0.631034 1.246586
vt 0.630302 1.425846
vt 0.687431 1.426146
vt 0.689105 1.292236
vt 0.711173 1.332526
vt 0.708817 1.418126
vt 0.740898 1.419786
vt 0.631217 1.276846
vt 0.741421 1.331686
vt 0.725852 1.271006
vt 0.701377 1.255646
vt 0.631685 1.246606
vt 0.726981 1.001756
vt 0.775321 1.001756
vt 0.726981 1.039596
vt 0.775321 1.039596
vt 0.726981 1.076256
vt 0.765543 1.095216
vt 0.814376 1.144856
vt 0.771288 1.164506
vt 0.823712 1.108486
vt 0.836639 1.169426
vt 0.822196 1.244176
vt 0.751884 1.244176
vt 0.790678 1.169426
vt 0.775321 1.076256
vt 0.721488 1.006336
vt 0.682304 1.004856
vt 0.718101 1.105376
vt 0.691642 1.064426
vt 0.681388 1.141736
vt 0.715812 1.171526
vt 0.674735 1.190766
vt 0.720338 1.196886
vt 0.630302 1.201806
vt 0.630790 1.178746
vt 0.630514 1.286316
vt 0.647199 1.343226
vt 0.647199 1.329896
vt 0.630514 1.411696
vt 0.648589 1.352116
vt 0.651370 1.358346
vt 0.659018 1.411696
vt 0.656932 1.365456
vt 0.661104 1.369906
vt 0.665970 1.371686
vt 0.675008 1.395696
vt 0.670837 1.371686
vt 0.675008 1.371686
vt 0.648589 1.320106
vt 0.647199 1.286316
vt 0.654151 1.312106
vt 0.661799 1.305886
vt 0.675008 1.286316
vt 0.667361 1.302326
vt 0.671532 1.303216
vt 0.675008 1.304106
vt 0.677177 1.361246
vt 0.677177 1.425106
vt 0.630302 1.361246
vt 0.630302 1.425106
vt 0.531562 1.671436
vt 0.505895 1.701376
vt 0.495394 1.630416
vt 0.354147 1.895026
vt 0.375223 1.833316
vt 0.417225 1.833316
vt 0.393303 1.776106
vt 0.438226 1.790076
vt 0.420725 1.743506
vt 0.458060 1.761246
vt 0.458060 1.693616
vt 0.505895 1.762356
vt 0.547896 1.762356
vt 0.557230 1.662566
vt 0.519895 1.608246
vt 0.489561 1.588286
vt 0.445226 1.619326
vt 0.441726 1.584956
vt 0.405558 1.617116
vt 0.405558 1.584956
vt 0.406724 1.649266
vt 0.453393 1.655916
vt 0.411391 1.681416
vt 0.379839 1.727786
vt 0.371723 1.674766
vt 0.370496 1.647626
vt 0.369329 1.615956
vt 0.364723 1.938636
vt 0.309887 1.938636
vt 0.309823 1.905136
vt 0.309887 1.833316
vt 0.309887 1.769006
vt 0.309887 1.716896
vt 0.309887 1.673656
vt 0.309887 1.647046
vt 0.309887 1.616006
vt 0.309887 1.584956
vt 0.250446 1.615956
vt 0.250446 1.585276
vt 0.214217 1.617116
vt 0.213051 1.649266
vt 0.249279 1.647626
vt 0.248052 1.674766
vt 0.239936 1.727786
vt 0.226472 1.776106
vt 0.244552 1.833316
vt 0.265628 1.895026
vt 0.202550 1.833316
vt 0.181549 1.790076
vt 0.199050 1.743506
vt 0.161716 1.761246
vt 0.208384 1.681416
vt 0.161716 1.693616
vt 0.113880 1.762356
vt 0.214217 1.584956
vt 0.174549 1.619326
vt 0.178049 1.584956
vt 0.124381 1.630416
vt 0.130214 1.588286
vt 0.088213 1.671436
vt 0.099880 1.608246
vt 0.062546 1.662566
vt 0.071879 1.762356
vt 0.033378 1.762356
vt 0.053212 1.804486
vt 0.105713 1.805596
vt 0.113880 1.701376
vt 0.166382 1.655916
vt 0.139548 1.556136
vt 0.112714 1.557246
vt 0.132547 1.515116
vt 0.179216 1.515116
vt 0.175716 1.478526
vt 0.250446 1.472226
vt 0.250446 1.515016
vt 0.309887 1.471866
vt 0.309887 1.515116
vt 0.369329 1.515016
vt 0.309887 1.551696
vt 0.369389 1.548376
vt 0.369329 1.585276
vt 0.179216 1.555026
vt 0.250386 1.548376
vt 0.480227 1.556136
vt 0.440559 1.555026
vt 0.440559 1.515116
vt 0.369329 1.472226
vt 0.444059 1.478526
vt 0.487228 1.515116
vt 0.507061 1.557246
vt 0.208384 1.880986
vt 0.255052 1.938636
vt 0.416058 1.930876
vt 0.390390 1.963036
vt 0.342471 1.963836
vt 0.309887 1.964136
vt 0.277304 1.963836
vt 0.229385 1.963036
vt 0.203717 1.930876
vt 0.183883 1.865466
vt 0.169882 1.833316
vt 0.158215 1.820006
vt 0.143048 1.812246
vt 0.111547 1.822226
vt 0.069546 1.848836
vt 0.048545 1.848836
vt 0.022877 1.848836
vt 0.013544 1.818896
vt 0.013544 1.785636
vt 0.449893 1.833316
vt 0.435892 1.865466
vt 0.411391 1.880986
vt 0.586398 1.762356
vt 0.606232 1.785636
vt 0.566563 1.804486
vt 0.606232 1.818896
vt 0.596898 1.848836
vt 0.571230 1.848836
vt 0.550229 1.848836
vt 0.514062 1.805596
vt 0.508228 1.822226
vt 0.476727 1.812246
vt 0.461560 1.820006
vt 0.309952 1.905136
vt 0.564283 1.091876
vt 0.542798 1.074306
vt 0.579908 1.045006
vt 0.533033 1.045006
vt 0.542798 1.017656
vt 0.564283 1.002036
vt 0.593579 1.002036
vt 0.617017 1.017656
vt 0.624829 1.045006
vt 0.617017 1.074306
vt 0.593579 1.091876
vt 0.968579 1.326256
vt 0.976392 1.310626
vt 0.962720 1.326256
vt 0.949048 1.000086
vt 0.984204 1.031336
vt 0.978345 1.035236
vt 0.984204 1.132896
vt 0.978345 1.132896
vt 0.978345 1.203206
vt 0.951001 1.203206
vt 0.951001 1.263756
vt 0.978345 1.269616
vt 0.957447 1.310626
vt 0.968579 1.310626
vt 0.984204 1.269616
vt 0.984204 1.203206
vt 0.931470 1.326256
vt 0.925611 1.310626
vt 0.937329 1.326256
vt 0.931470 1.310626
vt 0.939283 1.310626
vt 0.922697 1.268546
vt 0.919751 1.203206
vt 0.919751 1.132896
vt 0.919751 1.035236
vt 0.949048 1.009846
vt 0.913892 1.031336
vt 0.913892 1.132896
vt 0.913892 1.203206
vt 0.917798 1.269616
vt 0.945142 1.326256
vt 0.945142 1.330156
vt 0.937329 1.330156
vt 0.931470 1.330156
vt 0.927564 1.355556
vt 0.949048 1.310626
vt 0.954908 1.326256
vt 0.954908 1.330156
vt 0.944013 1.350706
vt 0.934767 1.352106
vt 0.941236 1.357506
vt 0.923658 1.365316
vt 0.915845 1.382896
vt 0.909986 1.380946
vt 0.900440 1.395466
vt 0.902173 1.380946
vt 0.892308 1.394866
vt 0.962720 1.330156
vt 0.961289 1.354146
vt 0.954608 1.360546
vt 0.968579 1.382896
vt 0.962720 1.367266
vt 0.966626 1.363366
vt 0.952954 1.365316
vt 0.943189 1.363366
vt 0.923658 1.382896
vt 0.915845 1.394616
vt 0.892755 1.412456
vt 0.886548 1.425866
vt 0.976392 1.357506
vt 0.968579 1.330156
vt 0.986158 1.359456
vt 0.976392 1.363366
vt 0.986158 1.377036
vt 0.973984 1.378776
vt 0.986158 1.390706
vt 0.995923 1.402426
vt 0.992017 1.375086
vt 0.898500 1.349706
vt 0.892050 1.349756
vt 0.903630 1.366606
vt 0.888975 1.330476
vt 0.893775 1.332346
vt 0.888243 1.309196
vt 0.884174 1.330046
vt 0.876499 1.306366
vt 0.886998 1.306426
vt 0.877217 1.304426
vt 0.890845 1.290186
vt 0.895935 1.252926
vt 0.872116 1.288566
vt 0.868372 1.252876
vt 0.897712 1.191026
vt 0.864905 1.191026
vt 0.898548 1.128436
vt 0.862498 1.128446
vt 0.899741 1.034746
vt 0.860886 1.034756
vt 0.880355 1.007916
vt 0.879374 1.326736
vt 0.874574 1.324866
vt 0.859185 1.356266
vt 0.868510 1.352966
vt 0.862961 1.363676
vt 0.855074 1.366346
vt 0.850121 1.392836
vt 0.790976 1.716276
vt 0.793886 1.746726
vt 0.787304 1.738756
vt 0.769372 1.729546
vt 0.779996 1.696126
vt 0.788320 1.699596
vt 0.791893 1.682006
vt 0.794139 1.688906
vt 0.763582 1.728946
vt 0.766706 1.704196
vt 0.762211 1.692886
vt 0.768917 1.789466
vt 0.790963 1.782906
vt 0.819658 1.828686
vt 0.805858 1.761096
vt 0.830070 1.761166
vt 0.841639 1.819366
vt 0.842460 1.753326
vt 0.853207 1.814716
vt 0.873067 1.739826
vt 0.786016 1.849036
vt 0.785182 1.936246
vt 0.820815 1.917156
vt 0.847423 1.861276
vt 0.870561 1.900856
vt 0.752527 1.695796
vt 0.757404 1.604516
vt 0.743195 1.732596
vt 0.736815 1.786186
vt 0.752124 1.865606
vt 0.766162 1.937676
vt 0.821393 1.991656
vt 0.843952 1.991656
vt 0.883286 1.991656
vt 0.915679 1.896196
vt 0.924934 1.991656
vt 0.987405 1.914826
vt 0.987405 1.991656
vt 0.762392 1.991656
vt 0.726720 1.939496
vt 0.719729 1.809076
vt 0.741793 1.696186
vt 0.745872 1.605796
vt 0.738863 1.715856
vt 0.736227 1.734566
vt 0.717613 1.744396
vt 0.702813 1.723916
vt 0.695872 1.777466
vt 0.692208 1.728186
vt 0.686424 1.749136
vt 0.697029 1.691326
vt 0.706284 1.700636
vt 0.740990 1.640106
vt 0.738676 1.675026
vt 0.737519 1.640106
vt 0.734892 1.676716
vt 0.732865 1.699756
vt 0.731212 1.652736
vt 0.734049 1.640106
vt 0.713766 1.707216
vt 0.722961 1.699806
vt 0.724775 1.615936
vt 0.713895 1.618496
vt 0.762971 1.595866
vt 0.765285 1.626136
vt 0.765285 1.672696
vt 0.768252 1.672316
vt 0.900639 1.835666
vt 0.897244 1.785916
vt 0.917414 1.732066
vt 0.906424 1.640106
vt 0.916741 1.640096
vt 0.904641 1.676306
vt 0.909072 1.685766
vt 0.894226 1.684156
vt 0.882567 1.681476
vt 0.867594 1.683756
vt 0.858106 1.691866
vt 0.846126 1.706146
vt 0.852050 1.682006
vt 0.846416 1.688526
vt 0.873811 1.671886
vt 0.876988 1.671246
vt 0.879060 1.625936
vt 0.887677 1.628306
vt 0.898423 1.637646
vt 0.900602 1.675246
vt 0.945468 1.704126
vt 0.923199 1.706456
vt 0.920210 1.688906
vt 0.934189 1.655236
vt 0.935346 1.684336
vt 0.939973 1.694816
vt 0.727108 1.991656
vt 0.698186 1.926466
vt 0.675048 1.879906
vt 0.636871 1.914826
vt 0.636871 1.991656
vt 0.699343 1.837996
vt 0.952173 1.712926
vt 0.931875 1.817036
vt 0.940552 1.742926
vt 0.952121 1.713056
vt 0.964268 1.728576
vt 0.961108 1.681426
vt 0.973239 1.681846
vt 0.979294 1.760796
vt 0.991664 1.845026
vt 0.992560 1.774746
vt 0.641498 1.844976
vt 0.642463 1.774746
vt 0.663286 1.776296
vt 0.679483 1.758446
vt 0.681411 1.739046
vt 0.679675 1.777466
vt 0.852050 1.640106
vt 0.860304 1.637886
vt 0.871574 1.639976
vt 0.835211 1.719346
vt 0.838672 1.680456
vt 0.827504 1.657826
vt 0.843952 1.656396
vt 0.795633 1.713516
vt 0.803128 1.719376
vt 0.802844 1.662136
vt 0.811465 1.663786
vt 0.820815 1.726246
vt 0.820815 1.658726
vt 0.831191 1.703486
vt 0.796520 1.684336
vt 0.795363 1.658726
vt 0.768755 1.630796
vt 0.771788 1.648726
vt 0.771809 1.693606
vt 0.778054 1.616716
vt 0.788430 1.617246
vt 0.794207 1.609836
vt 0.794207 1.640106
vt 0.945440 1.704156
vt 0.700499 1.656396
vt 0.707441 1.661056
vt 0.740990 1.598196
vt 0.737519 1.598196
vt 0.737519 1.593536
vt 0.745902 1.596486
vt 0.745790 1.586346
vt 0.757263 1.595456
vt 0.757139 1.585366
vt 0.731730 1.606916
vt 0.713707 1.609186
vt 0.713363 1.599056
vt 0.724422 1.606896
vt 0.724067 1.596806
vt 0.723138 1.549546
vt 0.727678 1.538396
vt 0.713144 1.551086
vt 0.707978 1.543436
vt 0.707647 1.611256
vt 0.703970 1.539996
vt 0.702813 1.605186
vt 0.701656 1.614496
vt 0.918913 1.593706
vt 0.930189 1.606916
vt 0.918493 1.601236
vt 0.930187 1.611356
vt 0.918261 1.608496
vt 0.917824 1.615566
vt 0.908570 1.606226
vt 0.908773 1.601676
vt 0.920393 1.544496
vt 0.929887 1.541156
vt 0.912325 1.533596
vt 0.907581 1.533006
vt 0.906424 1.605186
vt 0.900146 1.598136
vt 0.888191 1.602476
vt 0.888481 1.595476
vt 0.878818 1.594216
vt 0.876345 1.591216
vt 0.878925 1.589666
vt 0.888558 1.588226
vt 0.900054 1.593726
vt 0.888815 1.580626
vt 0.889069 1.526596
vt 0.898501 1.522696
vt 0.880784 1.516806
vt 0.876345 1.516716
vt 0.756892 1.533156
vt 0.761693 1.522336
vt 0.746874 1.533646
vt 0.742147 1.526026
vt 0.738676 1.523696
vt 0.811861 1.656566
vt 0.812317 1.648536
vt 0.803394 1.654756
vt 0.798897 1.654996
vt 0.803860 1.646696
vt 0.839325 1.605186
vt 0.843952 1.651746
vt 0.833541 1.610386
vt 0.834876 1.612988
vt 0.845287 1.654348
vt 0.836381 1.647578
vt 0.827576 1.607318
vt 0.828662 1.656778
vt 0.822150 1.614768
vt 0.822150 1.661328
vt 0.815261 1.618298
vt 0.813652 1.651138
vt 0.807465 1.616128
vt 0.805195 1.649298
vt 0.804249 1.608878
vt 0.800232 1.657598
vt 0.801326 1.607788
vt 0.797855 1.652018
vt 0.796698 1.661328
vt 0.797855 1.686938
vt 0.804179 1.664738
vt 0.796968 1.716118
vt 0.836482 1.653628
vt 0.845287 1.658998
vt 0.836846 1.659428
vt 0.837212 1.665188
vt 0.840007 1.683058
vt 0.828839 1.660428
vt 0.860870 1.596488
vt 0.871693 1.605958
vt 0.860854 1.603738
vt 0.871965 1.610118
vt 0.861061 1.610608
vt 0.861142 1.617278
vt 0.852555 1.610688
vt 0.852483 1.606358
vt 0.859388 1.549948
vt 0.867494 1.544738
vt 0.851068 1.542208
vt 0.847601 1.547248
vt 0.848758 1.612438
vt 0.853385 1.642708
vt 0.861639 1.640488
vt 0.872909 1.642578
vt 0.797018 1.547598
vt 0.795542 1.612438
vt 0.792276 1.557048
vt 0.790245 1.601668
vt 0.782822 1.555818
vt 0.780056 1.600888
vt 0.778462 1.547328
vt 0.774027 1.610978
vt 0.773561 1.544928
vt 0.770090 1.600798
vt 0.770090 1.610108
vt 0.773123 1.651328
vt 0.770090 1.633398
vt 0.779389 1.619318
vt 0.773144 1.696208
vt 0.779797 1.610498
vt 0.789998 1.611248
vt 0.789765 1.619848
vt 0.735384 1.642708
vt 0.733065 1.609518
vt 0.732547 1.655338
vt 0.726110 1.618538
vt 0.734200 1.702358
vt 0.702991 1.617098
vt 0.708982 1.613858
vt 0.704148 1.607788
vt 0.705305 1.542598
vt 0.709313 1.546038
vt 0.714479 1.553688
vt 0.714698 1.601658
vt 0.724473 1.552148
vt 0.725402 1.599408
vt 0.729013 1.540998
vt 0.725757 1.609498
vt 0.715230 1.621098
vt 0.715042 1.611788
vt 0.708776 1.663658
vt 0.715101 1.709818
vt 0.707619 1.703238
vt 0.701834 1.658998
vt 0.743128 1.698788
vt 0.747207 1.608398
vt 0.742325 1.642708
vt 0.742325 1.600798
vt 0.738854 1.600798
vt 0.738854 1.642708
vt 0.738854 1.596138
vt 0.740011 1.526298
vt 0.743482 1.528628
vt 0.748209 1.536248
vt 0.747125 1.588948
vt 0.758227 1.535758
vt 0.758474 1.587968
vt 0.763028 1.524938
vt 0.764306 1.598468
vt 0.758598 1.598058
vt 0.758739 1.607118
vt 0.747237 1.599088
vt 0.908916 1.535608
vt 0.907759 1.607788
vt 0.913660 1.536198
vt 0.910108 1.604278
vt 0.921728 1.547098
vt 0.920248 1.596308
vt 0.931524 1.609518
vt 0.931222 1.543758
vt 0.935524 1.657838
vt 0.931522 1.613958
vt 0.918076 1.642698
vt 0.919159 1.618168
vt 0.909905 1.608828
vt 0.907759 1.642708
vt 0.919828 1.603838
vt 0.919596 1.611098
vt 0.877680 1.519318
vt 0.877680 1.593818
vt 0.882119 1.519408
vt 0.880260 1.592268
vt 0.890404 1.529198
vt 0.890150 1.583228
vt 0.901389 1.596328
vt 0.899836 1.525298
vt 0.899758 1.640248
vt 0.901481 1.600738
vt 0.889012 1.630908
vt 0.889526 1.605078
vt 0.880153 1.596818
vt 0.880395 1.628538
vt 0.889893 1.590828
vt 0.889816 1.598078
vt 0.714404 1.546138
vt 0.714086 1.537748
vt 0.724307 1.545078
vt 0.724175 1.535928
vt 0.708843 1.502668
vt 0.723681 1.503728
vt 0.723395 1.471028
vt 0.716503 1.465608
vt 0.713878 1.505588
vt 0.710835 1.473978
vt 0.858556 1.533318
vt 0.858226 1.520128
vt 0.858790 1.542038
vt 0.864712 1.498958
vt 0.869582 1.503018
vt 0.857696 1.494268
vt 0.861646 1.478358
vt 0.852123 1.479318
vt 0.848980 1.502638
vt 0.845287 1.482068
vt 0.890424 1.497708
vt 0.890276 1.511608
vt 0.890212 1.520798
vt 0.901974 1.482068
vt 0.898419 1.476868
vt 0.890952 1.470488
vt 0.896018 1.454978
vt 0.886008 1.453868
vt 0.881657 1.477518
vt 0.881151 1.454128
vt 0.922420 1.515538
vt 0.921975 1.529398
vt 0.921713 1.538558
vt 0.930844 1.495298
vt 0.935524 1.500688
vt 0.923527 1.488298
vt 0.928272 1.472628
vt 0.919390 1.470848
vt 0.914091 1.494068
vt 0.913543 1.470428
vt 0.804729 1.657358
vt 0.813196 1.659168
vt 0.812800 1.666388
vt 0.840660 1.607788
vt 0.743772 1.484508
vt 0.748185 1.520318
vt 0.749184 1.488248
vt 0.758306 1.519548
vt 0.757352 1.486808
vt 0.752504 1.447518
vt 0.759520 1.454668
vt 0.758206 1.528688
vt 0.748289 1.528718
vt 0.780332 1.506078
vt 0.783425 1.540738
vt 0.784423 1.510158
vt 0.792970 1.541708
vt 0.794148 1.510678
vt 0.790223 1.472148
vt 0.796528 1.480348
vt 0.792573 1.550358
vt 0.783237 1.548708
vt 0.833613 1.589738
vt 0.838368 1.571108
vt 0.832773 1.568408
vt 0.835033 1.554728
vt 0.828115 1.555908
vt 0.825473 1.576308
vt 0.822150 1.556568
vt 0.834109 1.599018
vt 0.834295 1.606558
vt 0.819121 1.581478
vt 0.814602 1.549388
vt 0.809769 1.579788
vt 0.808365 1.603468
vt 0.804797 1.575188
vt 0.815708 1.612678
vt 0.816221 1.605458
vt 0.808026 1.610168
vt 0.808792 1.554788
vt 0.783559 1.478558
vt 0.747353 1.455048
vt 0.856075 1.471048
vt 0.866111 1.477408
vt 0.890934 1.446338
vt 0.899661 1.456458
vt 0.924204 1.464478
vt 0.932053 1.472748
vt 0.830248 1.544928
vt 0.838346 1.549578
vt 0.842974 1.575188
vt 0.953456 1.715658
vt 0.953402 1.662748
vt 0.962443 1.684028
vt 0.963939 1.671528
vt 0.974574 1.684448
vt 0.976070 1.671948
vt 0.986652 1.672818
vt 0.980629 1.763398
vt 0.965435 1.659028
vt 0.967233 1.648838
vt 0.970527 1.626158
vt 0.961192 1.614598
vt 0.973527 1.613198
vt 0.965998 1.603488
vt 0.982956 1.593818
vt 0.984113 1.617098
vt 0.994640 1.607088
vt 0.996839 1.624078
vt 0.982956 1.631068
vt 0.979666 1.651578
vt 0.977868 1.661768
vt 0.993895 1.763378
vt 0.993895 1.777348
vt 0.993895 1.748638
vt 0.995823 1.702848
vt 0.996980 1.689658
vt 0.998137 1.676458
vt 1.001182 1.649008
vt 0.996743 1.623998
vt 0.646883 1.689658
vt 0.648039 1.676458
vt 0.664621 1.697418
vt 0.665778 1.684998
vt 0.674648 1.701298
vt 0.668745 1.658728
vt 0.653053 1.648528
vt 0.643798 1.763378
vt 0.643798 1.748638
vt 0.663079 1.763378
vt 0.662308 1.749408
vt 0.645726 1.702848
vt 0.663465 1.711388
vt 0.673876 1.727678
vt 0.646645 1.623998
vt 0.658451 1.612828
vt 0.666935 1.612048
vt 0.674648 1.623688
vt 0.680652 1.645958
vt 0.682360 1.703628
vt 0.682746 1.741648
vt 0.680818 1.761048
vt 0.664621 1.778898
vt 0.643798 1.777348
vt 0.003118 1.237058
vt 0.063664 1.237058
vt 0.003118 1.297608
vt 0.063664 1.297608
vt 0.061049 1.295024
vt 0.000503 1.234474
vt 0.000503 1.295024
vt 0.061049 1.234474
vt -0.000474 1.295024
vt 0.051284 1.234474
vt 0.031753 1.234474
vt 0.029799 1.295024
vt 0.029799 1.234474
vt 0.051284 1.295024
vt 0.027846 1.295024
vt 0.035659 1.295024
vt 0.033706 1.234474
vt 0.053237 1.234474
vt 0.123549 1.295024
vt 0.123549 1.234474
vt 0.117690 1.295024
vt 0.092299 1.295024
vt 0.092299 1.234474
vt 0.063003 1.234474
vt 0.063003 1.295024
vt 0.031753 1.295024
vt 0.055190 1.295024
vt 0.055190 1.234474
vt 0.061049 1.232524
vt 0.000503 1.232524
vt 0.061049 1.000104
vt 0.000503 1.045024
vt 0.000503 1.000104
vt 0.000503 1.170024
vt 0.061049 1.170024
vt 0.000503 1.107524
vt 0.061049 1.107524
vt 0.061049 1.045024
vt 0.061049 0.999124
vt 0.113784 1.000104
vt 0.068862 1.013774
vt 0.068862 1.000104
vt 0.113784 1.013774
vt 0.063003 1.170024
vt 0.063003 1.232524
vt 0.092299 1.170024
vt 0.092299 1.232524
vt 0.123549 1.170024
vt 0.123549 1.232524
vt 0.121596 1.170024
vt 0.121596 1.107524
vt 0.092299 1.107524
vt 0.092299 1.045024
vt 0.092299 1.000104
vt 0.121596 1.045024
vt 0.121596 1.000104
vt -0.000474 1.000104
vt 0.027846 1.000104
vt 0.023940 1.045024
vt 0.016128 1.107524
vt 0.023940 1.000104
vt 0.031753 1.000104
vt 0.031753 1.045024
vt 0.039565 1.107524
vt 0.033706 1.000104
vt 0.033706 1.045024
vt 0.045424 1.107524
vt 0.037612 1.045024
vt -0.000474 1.045024
vt 0.123549 1.045024
vt 0.123549 1.107524
vt 0.123549 1.000104
vt 0.063003 1.000104
vt 0.063003 1.045024
vt 0.063003 1.107524
vt 0.094253 1.232524
vt 0.094253 1.170024
vt 0.094253 1.107524
vt 0.035659 1.000104
vt 0.027846 1.045024
vt 0.020034 1.107524
s 1
usemtl Doug:hat_002
f 1/1/1 2/2/2 3/3/3
f 3/3/3 2/2/2 4/4/4
f 5/5/5 6/6/6 7/7/7
f 7/7/7 6/6/6 8/8/8
f 7/7/7 8/8/8 9/9/9
f 7/7/7 9/9/9 10/10/10
f 10/10/10 9/9/9 11/11/11
f 10/10/10 11/11/11 12/12/12
f 12/12/12 11/11/11 13/13/13
f 12/12/12 13/13/13 14/14/14
f 12/12/12 14/14/14 4/4/4
f 4/4/4 14/14/14 15/15/15
f 4/4/4 16/14/16 3/3/3
f 4/4/4 15/15/15 16/14/16
f 3/3/3 16/14/16 17/13/17
f 3/3/3 17/13/17 18/11/18
f 3/3/3 18/11/18 1/1/1
f 1/1/1 18/11/18 19/9/19
f 1/1/1 19/9/19 20/16/20
f 20/16/20 19/9/19 21/17/21
f 12/12/12 22/2/22 10/10/10
f 4/4/4 22/2/22 12/12/12
f 6/6/6 5/5/5 23/18/23
f 23/18/23 5/5/5 24/19/24
f 23/18/23 24/19/24 25/20/25
f 25/20/25 24/19/24 26/21/26
f 26/21/26 24/19/24 27/22/27
f 26/21/26 27/22/27 28/23/28
f 28/23/28 27/22/27 29/24/29
f 29/24/29 27/22/27 30/25/30
f 29/24/29 30/25/30 31/23/31
f 31/23/31 30/25/30 32/21/32
f 32/21/32 30/25/30 33/20/33
f 33/20/33 30/25/30 34/19/34
f 34/19/34 30/25/30 35/26/35
f 34/19/34 35/26/35 36/5/36
f 36/5/36 37/27/37 20/16/20
f 36/5/36 35/26/35 37/27/37
f 20/16/20 37/27/37 38/28/38
f 20/16/20 38/28/38 1/1/1
f 21/17/21 39/29/39 20/16/20
f 20/16/20 40/6/40 36/5/36
f 20/16/20 39/29/39 40/6/40
f 36/5/36 40/6/40 41/18/41
f 36/5/36 41/18/41 34/19/34
f 34/19/34 41/18/41 33/20/33
f 27/22/27 42/30/42 30/25/30
f 30/25/30 43/31/43 35/26/35
f 30/25/30 42/30/42 43/31/43
f 44/32/44 45/26/45 27/22/27
f 5/5/5 45/26/45 24/19/24
f 27/22/27 46/31/46 42/30/42
f 27/22/27 45/26/45 46/31/46
f 42/30/42 46/31/46 47/33/47
f 42/30/42 47/33/47 43/31/43
f 43/31/43 48/34/48 35/26/35
f 43/31/43 47/33/47 48/34/48
f 35/26/35 49/35/49 37/27/37
f 35/26/35 48/34/48 49/35/49
f 37/27/37 49/35/49 50/36/50
f 37/27/37 50/36/50 38/28/38
f 38/28/38 50/36/50 51/37/51
f 52/38/52 1/1/1 38/28/38
f 38/28/38 51/37/51 52/38/52
f 52/38/52 51/37/51 53/39/53
f 52/38/52 53/39/53 54/40/54
f 54/40/54 53/39/53 55/41/55
f 54/40/54 55/41/55 56/42/56
f 56/42/56 55/41/55 57/43/57
f 50/36/50 49/35/49 58/44/58
f 58/44/58 51/37/51 50/36/50
f 58/44/58 53/39/53 51/37/51
f 58/44/58 49/35/49 48/34/48
f 58/44/58 48/34/48 59/45/59
f 58/44/58 60/46/60 53/39/53
f 58/44/58 59/45/59 60/46/60
f 61/47/61 60/46/60 59/45/59
f 62/48/62 59/45/59 48/34/48
f 61/47/61 59/45/59 62/48/62
f 63/49/63 48/34/48 47/33/47
f 62/48/62 48/34/48 63/49/63
f 64/34/64 46/31/46 45/26/45
f 63/49/63 47/33/47 64/34/64
f 47/33/47 46/31/46 64/34/64
f 63/49/63 64/34/64 65/50/65
f 65/50/65 64/34/64 66/44/66
f 65/50/65 66/44/66 67/46/67
f 67/46/67 66/44/66 68/39/68
f 67/46/67 68/39/68 69/51/69
f 69/51/69 68/39/68 70/41/70
f 69/51/69 70/41/70 71/43/71
f 71/43/71 70/41/70 72/42/72
f 71/43/71 72/42/72 73/52/73
f 73/52/73 69/51/69 71/43/71
f 57/43/57 74/53/74 56/42/56
f 73/52/73 72/42/72 74/53/74
f 73/52/73 74/53/74 57/43/57
f 53/39/53 75/51/75 55/41/55
f 60/46/60 75/51/75 53/39/53
f 61/47/61 75/51/75 60/46/60
f 57/43/57 75/51/75 73/52/73
f 55/41/55 75/51/75 57/43/57
f 76/54/76 61/47/61 62/48/62
f 76/54/76 62/48/62 63/49/63
f 73/52/73 75/51/75 76/54/76
f 75/51/75 61/47/61 76/54/76
f 77/55/77 63/49/63 65/50/65
f 73/52/73 76/54/76 77/55/77
f 77/55/77 76/54/76 63/49/63
f 77/55/77 65/50/65 78/54/78
f 73/52/73 78/54/78 69/51/69
f 77/55/77 78/54/78 73/52/73
f 78/54/78 65/50/65 79/56/79
f 78/54/78 79/56/79 69/51/69
f 67/46/67 79/56/79 65/50/65
f 69/51/69 79/56/79 67/46/67
f 68/39/68 80/40/80 70/41/70
f 70/41/70 80/40/80 72/42/72
f 81/57/81 72/42/72 80/40/80
f 74/53/74 72/42/72 81/57/81
f 81/57/81 80/40/80 82/58/82
f 64/34/64 45/26/45 83/35/83
f 64/34/64 83/35/83 66/44/66
f 66/44/66 83/35/83 84/36/84
f 66/44/66 85/37/85 68/39/68
f 66/44/66 84/36/84 85/37/85
f 68/39/68 85/37/85 86/38/86
f 68/39/68 86/38/86 80/40/80
f 86/38/86 10/10/10 22/2/22
f 85/37/85 10/10/10 86/38/86
f 80/40/80 86/38/86 87/59/87
f 86/38/86 22/2/22 87/59/87
f 87/59/87 22/2/22 4/4/4
f 80/40/80 87/59/87 82/58/82
f 82/58/82 88/60/88 81/57/81
f 82/58/82 87/59/87 88/60/88
f 87/59/87 4/4/4 88/60/88
f 88/60/88 4/4/4 2/2/2
f 81/57/81 89/61/89 74/53/74
f 54/40/54 89/61/89 52/38/52
f 56/42/56 89/61/89 54/40/54
f 74/53/74 89/61/89 56/42/56
f 81/57/81 88/60/88 89/61/89
f 90/59/90 89/61/89 88/60/88
f 90/59/90 1/1/1 52/38/52
f 90/59/90 2/2/2 1/1/1
f 88/60/88 2/2/2 90/59/90
f 52/38/52 89/61/89 90/59/90
f 83/35/83 91/27/91 84/36/84
f 5/5/5 91/27/91 45/26/45
f 7/7/7 91/27/91 5/5/5
f 83/35/83 45/26/45 91/27/91
f 7/7/7 92/28/92 91/27/91
f 84/36/84 92/28/92 85/37/85
f 84/36/84 91/27/91 92/28/92
f 10/10/10 92/28/92 7/7/7
f 85/37/85 92/28/92 10/10/10
f 93/62/93 94/63/94 95/64/95
f 95/64/95 94/63/94 96/65/96
f 96/65/96 94/63/94 97/66/97
f 95/64/95 98/67/98 93/62/93
f 93/62/93 98/67/98 99/68/99
f 93/62/93 99/68/99 100/69/100
f 93/62/93 100/69/100 101/70/101
f 101/70/101 100/69/100 102/71/102
f 101/70/101 102/71/102 103/72/103
f 101/70/101 103/72/103 104/73/104
f 104/73/104 103/72/103 105/74/105
f 104/73/104 105/74/105 106/75/106
f 106/75/106 105/74/105 107/76/107
f 106/75/106 107/76/107 108/77/108
f 108/77/108 107/76/107 109/78/109
f 94/63/94 93/62/93 110/79/110
f 108/77/108 109/78/109 110/79/110
f 110/79/110 111/80/111 94/63/94
f 110/79/110 109/78/109 111/80/111
f 94/63/94 112/81/112 97/66/97
f 94/63/94 111/80/111 112/81/112
f 97/66/97 112/81/112 113/82/113
f 110/79/110 114/83/114 108/77/108
f 110/79/110 93/62/93 114/83/114
f 108/77/108 114/83/114 115/84/115
f 108/77/108 115/84/115 106/75/106
f 106/75/106 115/84/115 104/73/104
f 104/73/104 115/84/115 101/70/101
f 101/70/101 115/84/115 93/62/93
f 93/62/93 115/84/115 114/83/114
f 116/79/116 117/85/117 118/63/118
f 116/79/116 118/63/118 119/80/119
f 119/80/119 118/63/118 120/86/120
f 119/80/119 120/86/120 121/87/121
f 121/87/121 116/79/116 119/80/119
f 121/87/121 120/86/120 122/88/122
f 121/87/121 122/88/122 107/76/107
f 109/78/109 123/87/123 111/80/111
f 107/76/107 123/87/123 109/78/109
f 107/76/107 122/88/122 123/87/123
f 111/80/111 124/89/124 112/81/112
f 111/80/111 123/87/123 124/89/124
f 112/81/112 125/90/125 113/82/113
f 112/81/112 124/89/124 125/90/125
f 113/82/113 125/90/125 126/91/126
f 126/91/126 125/90/125 127/92/127
f 127/92/127 125/90/125 128/93/128
f 127/92/127 128/93/128 129/91/129
f 129/91/129 128/93/128 130/82/130
f 123/87/123 122/88/122 131/94/131
f 131/94/131 120/86/120 128/93/128
f 131/94/131 128/93/128 125/90/125
f 131/94/131 125/90/125 124/89/124
f 131/94/131 124/89/124 123/87/123
f 131/94/131 122/88/122 120/86/120
f 130/82/130 128/93/128 132/66/132
f 132/66/132 128/93/128 120/86/120
f 132/66/132 120/86/120 133/65/133
f 133/65/133 120/86/120 118/63/118
f 133/65/133 118/63/118 134/64/134
f 134/64/134 118/63/118 135/95/135
f 135/95/135 118/63/118 117/85/117
f 135/95/135 117/85/117 136/69/136
f 136/69/136 117/85/117 137/96/137
f 136/69/136 137/96/137 138/71/138
f 138/71/138 137/96/137 139/97/139
f 139/97/139 137/96/137 140/98/140
f 139/97/139 140/98/140 141/99/141
f 141/99/141 140/98/140 142/100/142
f 143/99/143 140/98/140 103/72/103
f 142/100/142 140/98/140 143/99/143
f 144/97/144 103/72/103 102/71/102
f 143/99/143 103/72/103 144/97/144
f 117/85/117 145/83/145 137/96/137
f 116/79/116 145/83/145 117/85/117
f 145/83/145 116/79/116 146/101/146
f 137/96/137 145/83/145 146/101/146
f 147/102/147 146/101/146 107/76/107
f 137/96/137 146/101/146 147/102/147
f 148/75/148 105/74/105 103/72/103
f 147/102/147 107/76/107 148/75/148
f 148/75/148 107/76/107 105/74/105
f 149/73/149 140/98/140 137/96/137
f 149/73/149 103/72/103 140/98/140
f 149/73/149 147/102/147 148/75/148
f 148/75/148 103/72/103 149/73/149
f 149/73/149 137/96/137 147/102/147
f 107/76/107 150/78/150 121/87/121
f 121/87/121 150/78/150 116/79/116
f 146/101/146 116/79/116 150/78/150
f 146/101/146 150/78/150 107/76/107
f 151/103/151 152/104/152 153/105/153
f 153/105/153 152/104/152 154/106/154
f 155/107/155 156/108/156 153/105/153
f 153/105/153 156/108/156 157/109/157
f 153/105/153 158/110/158 151/103/151
f 153/105/153 157/109/157 158/110/158
f 151/103/151 158/110/158 159/111/159
f 151/103/151 159/111/159 160/112/160
f 160/112/160 159/111/159 161/113/161
f 160/112/160 161/113/161 162/114/162
f 162/114/162 161/113/161 163/112/163
f 163/112/163 161/113/161 164/111/164
f 163/112/163 164/111/164 165/103/165
f 165/103/165 164/111/164 166/110/166
f 165/103/165 166/110/166 167/105/167
f 165/103/165 167/105/167 168/104/168
f 168/104/168 167/105/167 169/106/169
f 166/110/166 170/109/170 167/105/167
f 167/105/167 170/109/170 171/108/171
f 167/105/167 171/108/171 172/107/172
f 173/115/173 174/116/174 175/117/175
f 175/117/175 174/116/174 176/118/176
f 175/117/175 176/118/176 177/119/177
f 175/117/178 178/120/179 179/121/180
f 179/121/180 178/120/179 180/122/181
f 180/122/181 178/120/179 181/123/182
f 181/123/182 178/120/179 176/118/183
f 181/123/182 176/118/183 182/124/184
f 183/115/185 184/117/186 185/116/187
f 186/118/188 184/117/186 181/123/182
f 185/116/187 184/117/186 186/118/188
f 181/123/182 184/117/186 187/121/189
f 181/123/182 187/121/189 188/122/190
f 181/123/182 188/122/190 189/125/191
f 181/123/182 189/125/191 180/122/181
f 190/126/192 191/127/193 192/128/194
f 192/128/194 191/127/193 193/129/195
f 193/129/195 191/127/193 194/130/196
f 193/129/195 194/130/196 195/131/197
f 192/128/194 196/132/198 190/126/192
f 190/126/192 196/132/198 197/128/199
f 190/126/192 197/128/199 198/127/200
f 198/127/200 197/128/199 199/129/201
f 198/127/200 199/129/201 200/130/202
f 200/130/202 199/129/201 201/131/203
f 201/131/203 199/129/201 202/133/204
f 203/134/205 199/129/201 197/128/199
f 202/133/204 199/129/201 203/134/205
f 204/135/206 197/128/199 196/132/198
f 203/134/205 197/128/199 204/135/206
f 204/135/206 196/132/198 205/136/207
f 205/136/207 196/132/198 206/135/208
f 206/135/208 196/132/198 192/128/194
f 207/134/209 192/128/194 193/129/195
f 206/135/208 192/128/194 207/134/209
f 208/133/210 193/129/195 195/131/197
f 207/134/209 193/129/195 208/133/210
f 209/137/211 210/138/212 211/139/213
f 211/139/213 210/138/212 212/140/214
f 211/139/213 212/140/214 213/141/215
f 213/141/215 212/140/214 214/142/216
f 214/142/216 212/140/214 215/143/217
f 214/142/216 215/143/217 216/144/218
f 217/145/219 218/146/220 215/143/217
f 215/143/217 219/147/221 216/144/218
f 215/143/217 218/146/220 219/147/221
f 216/144/218 219/147/221 220/148/222
f 216/144/218 220/148/222 221/149/223
f 221/149/223 220/148/222 222/147/224
f 221/149/223 222/147/224 223/143/225
f 223/143/225 216/144/218 221/149/223
f 223/143/225 214/142/216 216/144/218
f 223/143/225 222/147/224 224/146/226
f 223/143/225 224/146/226 225/145/227
f 223/143/225 226/150/228 214/142/216
f 223/143/225 225/145/227 226/150/228
f 227/151/229 228/152/230 229/153/231
f 229/153/231 228/152/230 230/154/232
f 229/153/231 230/154/232 231/155/233
f 229/153/231 231/155/233 232/156/234
f 232/156/234 231/155/233 233/157/235
f 232/156/234 233/157/235 234/158/236
f 234/158/236 233/157/235 235/113/237
f 235/113/237 233/157/235 236/114/238
f 236/114/238 233/157/235 237/159/239
f 237/159/239 233/157/235 238/160/240
f 238/160/240 233/157/235 239/104/241
f 239/104/241 233/157/235 231/155/233
f 240/151/242 241/153/243 242/152/244
f 242/152/244 241/153/243 243/154/245
f 243/154/245 241/153/243 244/155/246
f 244/155/246 241/153/243 245/156/247
f 246/157/248 235/113/237 236/114/238
f 244/155/246 245/156/247 246/157/248
f 246/157/248 247/158/249 235/113/237
f 246/157/248 245/156/247 247/158/249
f 246/157/248 236/114/238 248/159/250
f 246/157/248 248/159/250 249/160/251
f 246/157/248 250/104/252 244/155/246
f 246/157/248 249/160/251 250/104/252
f 251/161/253 252/162/254 253/163/255
f 251/161/256 254/162/257 255/164/258
f 254/162/257 256/165/259 255/164/258
f 255/164/258 256/165/259 257/166/260
f 255/164/258 257/166/260 258/167/261
f 258/167/261 257/166/260 259/168/262
f 258/167/261 259/168/262 260/169/263
f 258/167/261 260/169/263 261/170/264
f 258/167/261 261/170/264 262/171/265
f 262/171/265 261/170/264 263/172/266
f 262/171/265 263/172/266 264/173/267
f 262/171/265 264/173/267 265/172/268
f 262/171/265 265/172/268 266/170/269
f 262/171/265 266/170/269 267/167/270
f 267/167/270 266/170/269 268/169/271
f 267/167/270 268/169/271 269/168/272
f 267/167/270 269/168/272 270/166/273
f 267/167/270 270/166/273 271/164/274
f 271/164/274 270/166/273 272/165/275
f 271/164/274 272/165/275 273/162/276
f 271/164/274 273/162/276 274/161/277
f 274/161/277 273/162/276 275/163/278
f 274/161/277 275/163/278 276/174/279
f 274/161/277 276/174/279 277/175/280
f 277/175/280 276/174/279 278/176/281
f 277/175/280 278/176/281 279/177/282
f 277/175/280 279/177/282 280/178/283
f 280/178/283 279/177/282 281/179/284
f 280/178/283 281/179/284 282/180/285
f 280/178/283 282/180/285 283/181/286
f 280/178/283 283/181/286 284/180/287
f 280/178/283 284/180/287 285/179/288
f 280/178/283 285/179/288 286/177/289
f 280/178/283 286/177/289 287/175/290
f 287/175/290 286/177/289 288/176/291
f 287/175/290 289/174/292 251/161/293
f 287/175/290 288/176/291 289/174/292
f 251/161/293 289/174/292 290/163/294
f 291/182/295 292/183/296 293/184/297
f 293/184/297 292/183/296 294/185/298
f 295/186/299 296/187/300 297/188/301
f 298/189/302 299/190/303 300/191/304
f 300/191/304 299/190/303 301/192/305
f 300/191/304 301/192/305 302/193/306
f 302/193/306 301/192/305 303/194/307
f 302/193/306 303/194/307 304/195/308
f 304/195/308 303/194/307 305/196/309
f 304/195/308 305/196/309 306/197/310
f 306/197/310 305/196/309 296/187/300
f 307/198/311 296/187/300 295/186/299
f 306/197/310 296/187/300 307/198/311
f 307/198/311 295/186/299 308/199/312
f 309/200/313 295/186/299 297/188/301
f 308/199/312 295/186/299 309/200/313
f 309/200/313 297/188/301 310/201/314
f 310/201/314 297/188/301 311/202/315
f 310/201/314 311/202/315 312/203/316
f 312/203/316 311/202/315 313/204/317
f 312/203/316 313/204/317 314/205/318
f 313/204/317 311/202/315 315/206/319
f 315/206/319 311/202/315 316/207/320
f 316/207/320 297/188/301 296/187/300
f 311/202/315 297/188/301 316/207/320
f 316/207/320 296/187/300 305/196/309
f 317/208/321 305/196/309 303/194/307
f 315/206/319 316/207/320 317/208/321
f 317/208/321 316/207/320 305/196/309
f 303/194/307 301/192/305 318/209/322
f 303/194/307 318/209/322 317/208/321
f 317/208/321 319/210/323 315/206/319
f 317/208/321 318/209/322 319/210/323
f 315/206/319 320/211/324 313/204/317
f 315/206/319 319/210/323 320/211/324
f 321/212/325 314/205/318 313/204/317
f 313/204/317 320/211/324 321/212/325
f 322/213/326 323/214/327 298/189/302
f 298/189/302 324/215/328 299/190/303
f 298/189/302 323/214/327 324/215/328
f 299/190/303 324/215/328 325/216/329
f 299/190/303 325/216/329 301/192/305
f 301/192/305 326/217/330 318/209/322
f 301/192/305 325/216/329 326/217/330
f 318/209/322 327/218/331 319/210/323
f 318/209/322 326/217/330 327/218/331
f 319/210/323 328/219/332 320/211/324
f 319/210/323 327/218/331 328/219/332
f 320/211/324 328/219/332 329/220/333
f 320/211/324 329/220/333 321/212/325
f 321/212/325 329/220/333 330/221/334
f 321/212/325 330/221/334 331/222/335
f 331/222/335 330/221/334 332/223/336
f 331/222/335 332/223/336 333/224/337
f 333/224/337 332/223/336 334/225/338
f 334/225/338 332/223/336 335/226/339
f 336/227/340 332/223/336 330/221/334
f 335/226/339 332/223/336 336/227/340
f 336/227/340 330/221/334 329/220/333
f 336/227/340 329/220/333 337/228/341
f 337/228/341 329/220/333 328/219/332
f 338/229/342 328/219/332 327/218/331
f 337/228/341 328/219/332 338/229/342
f 338/229/342 327/218/331 326/217/330
f 338/229/342 326/217/330 339/230/343
f 339/230/343 326/217/330 325/216/329
f 339/230/343 325/216/329 340/231/344
f 340/231/344 325/216/329 341/232/345
f 340/231/344 342/233/346 339/230/343
f 340/231/344 341/232/345 342/233/346
f 339/230/343 342/233/346 343/234/347
f 339/230/343 343/234/347 344/235/348
f 339/230/343 344/235/348 338/229/342
f 344/235/348 343/234/347 345/236/349
f 337/228/341 346/237/350 336/227/340
f 336/227/340 346/237/350 335/226/339
f 338/229/342 344/235/348 346/237/350
f 338/229/342 346/237/350 337/228/341
f 335/226/339 346/237/350 347/238/351
f 344/235/348 345/236/349 347/238/351
f 347/238/351 346/237/350 344/235/348
f 347/238/351 345/236/349 348/239/352
f 333/224/337 334/225/338 349/240/353
f 349/240/353 334/225/338 350/241/354
f 349/240/353 350/241/354 351/242/355
f 351/242/355 350/241/354 352/243/356
f 351/242/355 352/243/356 353/244/357
f 353/244/357 352/243/356 354/245/358
f 353/244/357 354/245/358 355/246/359
f 355/246/359 354/245/358 356/247/360
f 356/247/360 354/245/358 357/248/361
f 356/247/360 357/248/361 358/249/362
f 358/249/362 357/248/361 359/250/363
f 360/251/364 357/248/361 348/239/352
f 359/250/363 357/248/361 360/251/364
f 354/245/358 361/252/365 357/248/361
f 348/239/352 361/252/365 347/238/351
f 348/239/352 357/248/361 361/252/365
f 350/241/354 361/252/365 352/243/356
f 352/243/356 361/252/365 354/245/358
f 347/238/351 361/252/365 362/253/366
f 334/225/338 362/253/366 350/241/354
f 347/238/351 362/253/366 335/226/339
f 335/226/339 362/253/366 334/225/338
f 350/241/354 362/253/366 361/252/365
f 351/242/355 353/244/357 363/254/367
f 363/254/367 353/244/357 355/246/359
f 363/254/367 355/246/359 364/255/368
f 363/254/367 364/255/368 365/256/369
f 363/254/367 365/256/369 366/257/370
f 366/257/370 365/256/369 367/258/371
f 366/257/370 367/258/371 368/259/372
f 366/257/370 368/259/372 369/260/373
f 369/260/373 368/259/372 370/261/374
f 369/260/373 370/261/374 371/262/375
f 371/262/375 370/261/374 372/263/376
f 333/224/337 373/264/377 331/222/335
f 371/262/375 372/263/376 373/264/377
f 373/264/377 374/265/378 331/222/335
f 373/264/377 372/263/376 374/265/378
f 374/265/378 312/203/316 314/205/318
f 374/265/378 314/205/318 375/266/379
f 331/222/335 374/265/378 375/266/379
f 321/212/325 375/266/379 314/205/318
f 331/222/335 375/266/379 321/212/325
f 363/254/367 376/267/380 351/242/355
f 376/267/380 366/257/370 369/260/373
f 363/254/367 366/257/370 376/267/380
f 351/242/355 376/267/380 377/268/381
f 377/268/381 373/264/377 333/224/337
f 377/268/381 349/240/353 351/242/355
f 333/224/337 349/240/353 377/268/381
f 377/268/381 371/262/375 373/264/377
f 377/268/381 369/260/373 371/262/375
f 377/268/381 376/267/380 369/260/373
f 310/201/314 312/203/316 378/269/382
f 374/265/378 379/270/383 312/203/316
f 372/263/376 379/270/383 374/265/378
f 378/269/382 312/203/316 379/270/383
f 380/271/384 379/270/383 372/263/376
f 378/269/382 379/270/383 380/271/384
f 372/263/376 370/261/374 381/272/385
f 372/263/376 381/272/385 380/271/384
f 380/271/384 381/272/385 382/273/386
f 380/271/384 382/273/386 383/274/387
f 380/271/384 383/274/387 378/269/382
f 378/269/382 383/274/387 384/275/388
f 378/269/382 384/275/388 310/201/314
f 310/201/314 384/275/388 309/200/313
f 342/233/346 341/232/345 385/276/389
f 385/276/389 341/232/345 386/277/390
f 387/278/391 388/279/392 322/213/326
f 322/213/326 389/280/393 323/214/327
f 322/213/326 388/279/392 389/280/393
f 323/214/327 389/280/393 390/281/394
f 323/214/327 391/282/395 386/277/390
f 323/214/327 390/281/394 391/282/395
f 386/277/390 391/282/395 392/283/396
f 386/277/390 392/283/396 393/284/397
f 386/277/390 393/284/397 385/276/389
f 385/276/389 393/284/397 394/285/398
f 385/276/389 394/285/398 395/286/399
f 385/276/389 395/286/399 342/233/346
f 342/233/346 395/286/399 343/234/347
f 343/234/347 395/286/399 396/287/400
f 343/234/347 396/287/400 397/288/401
f 348/239/352 397/288/401 360/251/364
f 345/236/349 397/288/401 348/239/352
f 343/234/347 397/288/401 345/236/349
f 397/288/401 398/289/402 360/251/364
f 360/251/364 399/290/403 359/250/363
f 360/251/364 398/289/402 399/290/403
f 359/250/363 399/290/403 400/291/404
f 359/250/363 400/291/404 401/292/405
f 359/250/363 401/292/405 402/293/406
f 359/250/363 402/293/406 403/294/407
f 359/250/363 403/294/407 358/249/362
f 302/193/306 404/295/408 300/191/304
f 404/295/408 405/296/409 406/297/410
f 322/213/326 406/297/410 387/278/391
f 298/189/302 406/297/410 322/213/326
f 300/191/304 404/295/408 406/297/410
f 300/191/304 406/297/410 298/189/302
f 406/297/410 405/296/409 387/278/391
f 308/199/312 407/298/411 307/198/311
f 407/298/411 408/299/412 409/300/413
f 307/198/311 407/298/411 409/300/413
f 409/300/413 408/299/412 410/301/414
f 409/300/413 410/301/414 411/302/415
f 409/300/413 411/302/415 412/303/416
f 409/300/413 412/303/416 413/304/417
f 307/198/311 414/305/418 306/197/310
f 307/198/311 409/300/413 414/305/418
f 409/300/413 413/304/417 414/305/418
f 414/305/418 413/304/417 415/306/419
f 414/305/418 416/307/420 306/197/310
f 306/197/310 416/307/420 304/195/308
f 304/195/308 416/307/420 302/193/306
f 414/305/418 415/306/419 416/307/420
f 302/193/306 417/308/421 404/295/408
f 302/193/306 416/307/420 417/308/421
f 323/214/327 386/277/390 418/309/422
f 418/309/422 386/277/390 341/232/345
f 418/309/422 341/232/345 325/216/329
f 419/310/423 420/311/424 421/312/425
f 421/312/425 420/311/424 422/313/426
f 421/312/425 422/313/426 423/314/427
f 421/312/425 423/314/427 424/315/428
f 421/312/425 424/315/428 425/316/429
f 421/312/425 425/316/429 426/317/430
f 421/312/425 426/317/430 427/318/431
f 421/312/425 427/318/431 428/319/432
f 421/312/425 428/319/432 429/320/433
f 421/312/425 429/320/433 419/310/423
f 430/310/434 431/311/435 432/312/436
f 432/312/436 431/311/435 433/313/437
f 432/312/436 433/313/437 434/314/438
f 432/312/436 434/314/438 435/315/439
f 432/312/436 435/315/439 436/316/440
f 432/312/436 436/316/440 437/317/441
f 432/312/436 437/317/441 438/318/442
f 432/312/436 438/318/442 439/319/443
f 432/312/436 440/320/444 430/310/434
f 432/312/436 439/319/443 440/320/444
f 441/310/445 442/311/446 443/312/447
f 443/312/447 442/311/446 444/313/448
f 443/312/447 444/313/448 445/314/449
f 443/312/447 445/314/449 446/315/450
f 443/312/447 446/315/450 447/316/451
f 443/312/447 447/316/451 448/317/452
f 443/312/447 448/317/452 449/318/453
f 443/312/447 449/318/453 450/319/454
f 443/312/447 451/320/455 441/310/445
f 443/312/447 450/319/454 451/320/455
f 452/310/456 453/311/457 454/312/458
f 454/312/458 453/311/457 455/313/459
f 454/312/458 455/313/459 456/314/460
f 454/312/458 456/314/460 457/315/461
f 454/312/458 457/315/461 458/316/462
f 454/312/458 458/316/462 459/317/463
f 454/312/458 459/317/463 460/318/464
f 454/312/458 460/318/464 461/319/465
f 454/312/458 461/319/465 462/320/466
f 454/312/458 462/320/466 452/310/456
f 463/321/467 464/322/468 465/323/469
f 466/324/470 467/325/471 468/326/472
f 468/326/472 467/325/471 469/327/473
f 468/326/472 469/327/473 470/328/474
f 470/328/474 469/327/473 471/329/475
f 470/328/474 471/329/475 472/330/476
f 472/330/476 471/329/475 473/331/477
f 473/331/477 471/329/475 474/332/478
f 473/331/477 474/332/478 475/333/479
f 475/333/479 474/332/478 476/334/480
f 477/323/481 476/334/480 464/322/482
f 475/333/479 476/334/480 477/323/481
f 478/335/483 476/334/480 474/332/478
f 464/322/482 476/334/480 478/335/483
f 478/335/483 474/332/478 479/336/484
f 479/336/484 474/332/478 471/329/475
f 479/336/484 471/329/475 469/327/473
f 480/337/485 481/338/486 482/339/487
f 482/339/487 481/338/486 483/340/488
f 482/339/487 483/340/488 484/341/489
f 484/341/489 485/342/490 473/331/477
f 484/341/489 483/340/488 485/342/490
f 473/331/477 486/343/491 472/330/476
f 473/331/477 485/342/490 486/343/491
f 472/330/476 486/343/491 487/344/492
f 472/330/476 487/344/492 470/328/474
f 470/328/474 488/345/493 468/326/472
f 470/328/474 487/344/492 488/345/493
f 468/326/472 489/346/494 466/324/470
f 466/324/470 489/346/494 488/345/493
f 468/326/472 488/345/493 489/346/494
f 466/324/470 488/345/493 490/347/495
f 490/347/495 488/345/493 487/344/492
f 491/348/496 487/344/492 486/343/491
f 490/347/495 487/344/492 491/348/496
f 492/349/497 486/343/491 485/342/490
f 491/348/496 486/343/491 492/349/497
f 492/349/497 485/342/490 493/350/498
f 493/350/498 485/342/490 483/340/488
f 493/350/498 483/340/488 481/338/486
f 484/341/489 494/351/499 482/339/487
f 482/339/487 494/351/499 495/352/500
f 482/339/487 496/353/501 480/337/485
f 482/339/487 495/352/500 496/353/501
f 480/337/485 496/353/501 497/354/502
f 497/354/502 496/353/501 498/355/503
f 499/356/504 484/341/489 473/331/477
f 499/356/504 473/331/477 475/333/479
f 494/351/499 484/341/489 499/356/504
f 499/356/504 475/333/479 500/357/505
f 499/356/504 500/357/505 494/351/499
f 475/333/479 477/323/481 500/357/505
f 494/351/499 500/357/505 501/358/506
f 494/351/499 501/358/506 495/352/500
f 495/352/500 501/358/506 502/359/507
f 495/352/500 502/359/507 496/353/501
f 496/353/501 502/359/507 503/360/508
f 496/353/501 503/360/508 498/355/503
f 502/359/507 504/361/509 503/360/508
f 498/355/503 503/360/508 504/361/509
f 498/355/503 504/361/509 505/362/510
f 505/362/510 504/361/509 506/363/511
f 505/362/510 506/363/511 507/364/512
f 507/364/512 506/363/511 508/365/513
f 505/362/510 509/366/514 498/355/503
f 507/364/512 508/365/513 509/366/514
f 507/364/512 509/366/514 505/362/510
f 509/366/514 508/365/513 510/367/515
f 500/357/505 477/323/481 511/368/516
f 500/357/505 511/368/516 501/358/506
f 501/358/506 512/369/517 502/359/507
f 501/358/506 511/368/516 512/369/517
f 502/359/507 513/370/518 504/361/509
f 502/359/507 512/369/517 513/370/518
f 514/371/519 515/372/520 516/373/521
f 512/369/517 516/373/521 513/370/518
f 516/373/521 515/372/520 517/374/522
f 516/373/521 517/374/522 513/370/518
f 513/370/518 517/374/522 518/375/523
f 513/370/518 518/375/523 504/361/509
f 504/361/509 519/376/524 506/363/511
f 504/361/509 518/375/523 519/376/524
f 506/363/511 519/376/524 520/377/525
f 506/363/511 520/377/525 508/365/513
f 508/365/513 520/377/525 521/378/526
f 508/365/513 521/378/526 510/367/515
f 522/379/527 521/378/526 520/377/525
f 510/367/515 521/378/526 522/379/527
f 512/369/517 523/380/528 516/373/521
f 511/368/516 523/380/528 512/369/517
f 477/323/481 524/321/529 511/368/516
f 511/368/516 525/381/530 523/380/528
f 511/368/516 524/321/529 525/381/530
f 523/380/528 525/381/530 526/382/531
f 523/380/528 527/383/532 516/373/521
f 523/380/528 526/382/531 527/383/532
f 527/383/532 526/382/531 528/384/533
f 516/373/521 529/385/534 514/371/519
f 527/383/532 528/384/533 529/385/534
f 516/373/521 527/383/532 529/385/534
f 529/385/534 530/386/535 514/371/519
f 529/385/534 528/384/533 530/386/535
f 514/371/519 530/386/535 531/387/536
f 531/387/536 530/386/535 528/384/533
f 531/387/536 528/384/533 532/388/537
f 532/388/537 528/384/533 526/382/531
f 533/389/538 534/390/539 535/391/540
f 534/390/539 533/389/538 536/392/541
f 536/392/541 533/389/538 537/393/542
f 536/392/541 537/393/542 538/394/543
f 536/392/541 538/394/543 539/395/544
f 539/395/544 538/394/543 540/396/545
f 540/396/545 538/394/543 541/397/546
f 540/396/545 541/397/546 542/398/547
f 542/398/547 541/397/546 543/399/548
f 542/398/547 543/399/548 544/400/549
f 542/398/547 544/400/549 545/401/550
f 545/401/550 544/400/549 546/402/551
f 546/402/551 544/400/549 547/403/552
f 546/402/551 547/403/552 548/404/553
f 548/404/553 547/403/552 549/405/554
f 548/404/553 549/405/554 550/406/555
f 550/406/555 549/405/554 551/407/556
f 550/406/555 551/407/556 552/408/557
f 552/408/557 551/407/556 553/409/558
f 539/395/544 540/396/545 554/410/559
f 554/410/559 540/396/545 555/411/560
f 554/410/559 555/411/560 556/412/561
f 554/410/559 556/412/561 557/413/562
f 557/413/562 556/412/561 558/414/563
f 558/414/563 556/412/561 559/415/564
f 558/414/563 559/415/564 560/416/565
f 561/417/566 562/418/567 563/419/568
f 564/420/569 565/421/570 563/419/568
f 563/419/568 566/422/571 561/417/566
f 563/419/568 565/421/570 566/422/571
f 561/417/566 566/422/571 567/423/572
f 561/417/566 567/423/572 568/424/573
f 569/425/574 570/426/575 564/420/569
f 571/427/576 570/426/575 569/425/574
f 572/428/577 564/420/569 563/419/568
f 569/425/574 564/420/569 572/428/577
f 573/429/578 563/419/568 562/418/567
f 572/428/577 563/419/568 573/429/578
f 573/429/578 562/418/567 574/430/579
f 574/430/579 562/418/567 575/431/580
f 574/430/579 575/431/580 576/432/581
f 574/430/579 576/432/581 577/433/582
f 577/433/582 576/432/581 578/434/583
f 577/433/582 578/434/583 579/435/584
f 579/435/584 578/434/583 580/436/585
f 581/437/586 573/429/578 574/430/579
f 572/428/577 573/429/578 581/437/586
f 581/437/586 574/430/579 582/438/587
f 582/438/587 574/430/579 583/439/588
f 577/433/582 584/440/589 574/430/579
f 579/435/584 584/440/589 577/433/582
f 583/439/588 574/430/579 584/440/589
f 585/441/590 584/440/589 579/435/584
f 583/439/588 584/440/589 585/441/590
f 586/442/591 571/427/576 569/425/574
f 587/443/592 571/427/576 586/442/591
f 586/442/591 569/425/574 588/444/593
f 588/444/593 569/425/574 572/428/577
f 588/444/593 572/428/577 589/445/594
f 590/446/595 572/428/577 581/437/586
f 589/445/594 572/428/577 590/446/595
f 591/447/596 581/437/586 582/438/587
f 590/446/595 581/437/586 591/447/596
f 592/448/597 582/438/587 583/439/588
f 591/447/596 582/438/587 592/448/597
f 592/448/597 583/439/588 593/449/598
f 593/449/598 583/439/588 585/441/590
f 593/449/598 585/441/590 594/450/599
f 594/450/599 585/441/590 595/451/600
f 594/450/599 595/451/600 596/452/601
f 596/452/601 595/451/600 597/453/602
f 596/452/601 597/453/602 598/454/603
f 592/448/597 599/455/604 591/447/596
f 591/447/596 599/455/604 600/456/605
f 591/447/596 600/456/605 590/446/595
f 590/446/595 601/457/606 589/445/594
f 590/446/595 600/456/605 601/457/606
f 588/444/593 602/458/607 586/442/591
f 586/442/591 603/459/608 587/443/592
f 586/442/591 602/458/607 603/459/608
f 588/444/593 604/460/609 602/458/607
f 605/461/610 588/444/593 589/445/594
f 604/460/609 588/444/593 605/461/610
f 605/461/610 589/445/594 606/462/611
f 606/462/611 589/445/594 601/457/606
f 606/462/611 601/457/606 607/463/612
f 607/463/612 601/457/606 608/464/613
f 607/463/612 608/464/613 609/465/614
f 609/465/614 608/464/613 610/466/615
f 609/465/614 611/467/616 607/463/612
f 607/463/612 611/467/616 612/468/617
f 607/463/612 612/468/617 606/462/611
f 602/458/607 613/469/618 603/459/608
f 614/470/619 602/458/607 604/460/609
f 615/471/620 613/469/618 614/470/619
f 614/470/619 613/469/618 602/458/607
f 614/470/619 604/460/609 616/472/621
f 604/460/609 605/461/610 617/473/622
f 616/472/621 604/460/609 617/473/622
f 616/472/621 617/473/622 618/474/623
f 616/472/621 618/474/623 619/475/624
f 606/462/611 612/468/617 620/476/625
f 606/462/611 621/477/626 605/461/610
f 605/461/610 621/477/626 617/473/622
f 606/462/611 620/476/625 621/477/626
f 617/473/622 621/477/626 622/478/627
f 617/473/622 622/478/627 618/474/623
f 622/478/627 621/477/626 623/479/628
f 623/479/628 621/477/626 620/476/625
f 587/443/592 624/480/629 571/427/576
f 571/427/576 624/480/629 625/481/630
f 571/427/576 625/481/630 626/482/631
f 571/427/576 626/482/631 570/426/575
f 570/426/575 626/482/631 627/483/632
f 628/484/633 585/441/590 579/435/584
f 595/451/600 585/441/590 628/484/633
f 629/485/634 579/435/584 580/436/585
f 628/484/633 579/435/584 629/485/634
f 629/485/634 580/436/585 630/486/635
f 631/487/624 632/488/636 633/489/637
f 633/489/637 632/488/636 634/490/638
f 635/491/639 634/490/638 630/486/635
f 633/489/637 634/490/638 635/491/639
f 635/491/639 630/486/635 636/492/640
f 636/492/640 630/486/635 580/436/585
f 636/492/640 580/436/585 637/493/641
f 637/493/641 580/436/585 638/494/642
f 638/494/642 580/436/585 639/495/643
f 580/436/585 578/434/583 639/495/643
f 638/494/642 639/495/643 640/496/644
f 640/496/644 639/495/643 641/497/645
f 642/498/646 643/499/647 637/493/641
f 637/493/641 643/499/647 636/492/640
f 636/492/640 643/499/647 644/500/648
f 636/492/640 644/500/648 645/501/649
f 636/492/640 645/501/649 635/491/639
f 635/491/639 645/501/649 646/502/620
f 635/491/639 647/503/619 633/489/637
f 635/491/639 646/502/620 647/503/619
f 648/504/650 630/486/635 649/505/651
f 649/505/651 630/486/635 634/490/638
f 649/505/651 634/490/638 650/506/652
f 650/506/652 634/490/638 632/488/636
f 650/506/652 632/488/636 651/507/653
f 650/506/652 652/508/654 649/505/651
f 650/506/652 651/507/653 652/508/654
f 649/505/651 652/508/654 653/509/655
f 649/505/651 653/509/655 648/504/650
f 599/455/604 654/510/656 600/456/605
f 600/456/605 654/510/656 655/511/657
f 600/456/605 655/511/657 656/512/658
f 656/512/658 655/511/657 657/513/659
f 657/513/659 655/511/657 658/514/660
f 658/514/660 655/511/657 654/510/656
f 659/454/661 660/453/662 661/452/663
f 661/452/663 660/453/662 662/451/664
f 661/452/663 662/451/664 663/450/665
f 663/450/665 662/451/664 664/441/666
f 663/450/665 664/441/666 665/449/667
f 665/449/667 664/441/666 666/439/668
f 665/449/667 666/439/668 667/448/669
f 667/448/669 666/439/668 668/438/670
f 667/448/669 668/438/670 669/447/671
f 667/448/669 669/447/671 670/455/672
f 670/455/672 669/447/671 671/456/673
f 670/455/672 671/456/673 672/510/674
f 672/510/674 671/456/673 673/511/675
f 672/510/674 673/511/675 674/514/676
f 674/514/676 673/511/675 675/513/677
f 676/472/678 677/460/679 678/470/680
f 677/460/679 679/461/681 680/444/682
f 680/444/682 679/461/681 681/445/683
f 680/444/682 681/445/683 682/428/684
f 680/444/682 682/428/684 683/425/685
f 683/425/685 682/428/684 684/420/686
f 683/425/685 684/420/686 685/426/687
f 684/420/686 682/428/684 686/419/688
f 686/419/688 682/428/684 687/429/689
f 687/429/689 682/428/684 688/437/690
f 668/438/670 688/437/690 669/447/671
f 687/429/689 688/437/690 689/430/691
f 668/438/670 666/439/668 689/430/691
f 689/430/691 688/437/690 668/438/670
f 681/445/683 690/446/692 682/428/684
f 669/447/671 688/437/690 690/446/692
f 669/447/671 690/446/692 671/456/673
f 682/428/684 690/446/692 688/437/690
f 671/456/673 690/446/692 691/457/693
f 691/457/693 690/446/692 681/445/683
f 692/462/694 681/445/683 679/461/681
f 692/462/694 691/457/693 681/445/683
f 693/463/695 691/457/693 692/462/694
f 692/462/694 679/461/681 694/477/696
f 695/467/697 696/465/698 693/463/695
f 693/463/695 697/464/699 691/457/693
f 693/463/695 696/465/698 697/464/699
f 691/457/693 698/515/700 671/456/673
f 691/457/693 697/464/699 698/515/700
f 671/456/673 698/515/700 699/512/701
f 673/511/675 699/512/701 675/513/677
f 671/456/673 699/512/701 673/511/675
f 664/441/666 700/440/702 666/439/668
f 689/430/691 666/439/668 700/440/702
f 689/430/691 700/440/702 701/433/703
f 701/433/703 700/440/702 702/435/704
f 702/435/704 700/440/702 664/441/666
f 703/485/705 702/435/704 704/484/706
f 704/484/706 664/441/666 662/451/664
f 704/484/706 702/435/704 664/441/666
f 705/417/707 686/419/688 706/418/708
f 706/418/708 686/419/688 687/429/689
f 706/418/708 687/429/689 707/431/709
f 707/431/709 687/429/689 689/430/691
f 707/431/709 689/430/691 708/432/710
f 708/432/710 689/430/691 701/433/703
f 708/432/710 701/433/703 709/434/711
f 709/434/711 701/433/703 702/435/704
f 709/434/711 702/435/704 710/436/712
f 710/436/712 702/435/704 703/485/705
f 710/436/712 703/485/705 711/486/713
f 712/509/714 713/508/715 714/505/716
f 714/505/716 713/508/715 715/506/717
f 714/505/716 715/506/717 716/490/718
f 714/505/716 716/490/718 711/486/713
f 711/486/713 716/490/718 717/491/719
f 717/491/719 716/490/718 718/489/720
f 717/491/719 718/489/720 719/503/721
f 720/516/722 630/486/635 648/504/650
f 595/451/600 628/484/633 721/517/723
f 721/517/723 628/484/633 629/485/634
f 722/518/724 629/485/634 630/486/635
f 721/517/723 629/485/634 722/518/724
f 722/518/724 630/486/635 723/519/725
f 722/518/724 723/519/725 724/520/726
f 724/520/726 723/519/725 725/521/727
f 724/520/726 725/521/727 726/522/728
f 722/518/724 727/523/729 721/517/723
f 724/520/726 727/523/729 722/518/724
f 724/520/726 726/522/728 727/523/729
f 595/451/600 728/524/730 597/453/602
f 727/523/729 728/524/730 721/517/723
f 721/517/723 728/524/730 595/451/600
f 729/525/731 728/524/730 727/523/729
f 730/526/732 656/512/658 657/513/659
f 731/527/733 732/528/734 730/526/732
f 730/526/732 732/528/734 656/512/658
f 733/529/735 610/466/615 608/464/613
f 734/530/736 610/466/615 733/529/735
f 733/529/735 735/531/737 732/528/734
f 733/529/735 608/464/613 735/531/737
f 601/457/606 736/515/738 608/464/613
f 600/456/605 736/515/738 601/457/606
f 732/528/734 735/531/737 736/515/738
f 608/464/613 736/515/738 735/531/737
f 656/512/658 736/515/738 600/456/605
f 732/528/734 736/515/738 656/512/658
f 640/496/644 737/532/739 638/494/642
f 638/494/642 738/533/740 637/493/641
f 638/494/642 737/532/739 738/533/740
f 637/493/641 739/534/741 642/498/646
f 637/493/641 738/533/740 739/534/741
f 740/535/742 741/536/743 639/495/643
f 742/537/744 741/536/743 740/535/742
f 740/535/742 578/434/583 576/432/581
f 639/495/643 578/434/583 740/535/742
f 639/495/643 741/536/743 743/538/745
f 639/495/643 743/538/745 641/497/645
f 744/539/746 562/418/567 561/417/566
f 744/539/746 561/417/566 568/424/573
f 745/540/747 562/418/567 744/539/746
f 744/539/746 746/541/748 745/540/747
f 745/540/747 575/431/580 562/418/567
f 745/540/747 746/541/748 747/542/749
f 748/543/750 576/432/581 575/431/580
f 748/543/750 575/431/580 745/540/747
f 745/540/747 747/542/749 748/543/750
f 740/535/742 576/432/581 748/543/750
f 748/543/750 747/542/749 749/544/751
f 750/545/752 749/544/751 742/537/744
f 750/545/752 742/537/744 740/535/742
f 750/545/752 740/535/742 748/543/750
f 748/543/750 749/544/751 750/545/752
f 744/539/746 568/424/573 751/546/753
f 751/546/753 568/424/573 752/547/754
f 753/548/755 754/549/756 627/483/632
f 564/420/569 755/550/757 565/421/570
f 570/426/575 755/550/757 564/420/569
f 627/483/632 755/550/757 570/426/575
f 627/483/632 754/549/756 755/550/757
f 565/421/570 755/550/757 756/551/758
f 565/421/570 756/551/758 757/552/759
f 565/421/570 757/552/759 566/422/571
f 566/422/571 757/552/759 758/553/760
f 566/422/571 759/554/739 567/423/572
f 566/422/571 758/553/760 759/554/739
f 760/555/761 714/505/716 711/486/713
f 712/509/714 714/505/716 760/555/761
f 711/486/713 761/516/762 760/555/761
f 660/453/662 762/524/763 662/451/664
f 704/484/706 763/517/764 703/485/705
f 662/451/664 763/517/764 704/484/706
f 662/451/664 762/524/763 763/517/764
f 703/485/705 764/518/765 711/486/713
f 703/485/705 763/517/764 764/518/765
f 711/486/713 764/518/765 765/519/766
f 765/519/766 764/518/765 766/520/767
f 767/523/768 763/517/764 762/524/763
f 767/523/768 764/518/765 763/517/764
f 766/520/767 764/518/765 767/523/768
f 767/523/768 762/524/763 768/525/769
f 769/501/770 717/491/719 719/503/721
f 770/499/771 769/501/770 771/500/772
f 772/538/773 773/536/774 774/497/775
f 774/497/775 773/536/774 775/495/776
f 710/436/712 775/495/776 709/434/711
f 774/497/775 775/495/776 776/496/777
f 710/436/712 777/494/778 775/495/776
f 776/496/777 775/495/776 777/494/778
f 776/496/777 777/494/778 778/532/779
f 778/532/779 777/494/778 779/533/780
f 779/533/780 777/494/778 780/493/781
f 710/436/712 780/493/781 777/494/778
f 779/533/780 780/493/781 781/534/782
f 781/534/782 780/493/781 782/498/783
f 782/498/783 780/493/781 770/499/771
f 710/436/712 783/492/784 780/493/781
f 770/499/771 783/492/784 769/501/770
f 770/499/771 780/493/781 783/492/784
f 717/491/719 783/492/784 711/486/713
f 711/486/713 783/492/784 710/436/712
f 769/501/770 783/492/784 717/491/719
f 769/501/770 719/503/721 784/502/785
f 709/434/711 785/535/786 708/432/710
f 709/434/711 775/495/776 785/535/786
f 773/536/774 785/535/786 775/495/776
f 708/432/710 786/543/787 707/431/709
f 708/432/710 785/535/786 786/543/787
f 707/431/709 787/540/788 706/418/708
f 707/431/709 786/543/787 787/540/788
f 706/418/708 787/540/788 788/539/789
f 706/418/708 788/539/789 705/417/707
f 788/539/789 787/540/788 789/541/790
f 789/541/790 787/540/788 790/542/791
f 790/542/791 787/540/788 786/543/787
f 790/542/791 786/543/787 791/544/792
f 786/543/787 785/535/786 792/545/793
f 791/544/792 786/543/787 792/545/793
f 773/536/774 792/545/793 785/535/786
f 793/537/794 792/545/793 773/536/774
f 791/544/792 792/545/793 793/537/794
f 788/539/789 794/424/795 705/417/707
f 795/547/796 794/424/795 796/546/797
f 796/546/797 794/424/795 788/539/789
f 705/417/707 794/424/795 797/423/798
f 705/417/707 797/423/798 798/422/799
f 798/422/799 686/419/688 705/417/707
f 798/422/799 797/423/798 799/554/800
f 798/422/799 799/554/800 800/553/801
f 798/422/799 800/553/801 801/552/802
f 802/421/803 686/419/688 798/422/799
f 798/422/799 801/552/802 802/421/803
f 802/421/803 684/420/686 686/419/688
f 802/421/803 801/552/802 803/551/804
f 802/421/803 804/550/805 684/420/686
f 804/550/805 685/426/687 684/420/686
f 802/421/803 803/551/804 804/550/805
f 804/550/805 805/483/806 685/426/687
f 806/548/807 805/483/806 807/549/808
f 807/549/808 805/483/806 804/550/805
f 685/426/687 805/483/806 808/482/809
f 685/426/687 808/482/809 809/427/810
f 809/427/810 683/425/685 685/426/687
f 809/427/810 808/482/809 810/481/811
f 809/427/810 810/481/811 811/480/812
f 809/427/810 811/480/812 812/443/813
f 813/442/814 680/444/682 683/425/685
f 809/427/810 812/443/813 813/442/814
f 813/442/814 683/425/685 809/427/810
f 813/442/814 812/443/813 814/459/815
f 813/442/814 814/459/815 815/458/816
f 677/460/679 680/444/682 815/458/816
f 677/460/679 815/458/816 678/470/680
f 813/442/814 815/458/816 680/444/682
f 678/470/680 815/458/816 816/469/817
f 678/470/680 816/469/817 817/471/785
f 818/475/818 819/474/819 676/472/678
f 679/461/681 677/460/679 820/473/820
f 676/472/678 819/474/819 820/473/820
f 676/472/678 820/473/820 677/460/679
f 679/461/681 820/473/820 694/477/696
f 694/477/696 820/473/820 821/478/821
f 694/477/696 821/478/821 822/479/822
f 694/477/696 823/476/823 692/462/694
f 694/477/696 822/479/822 823/476/823
f 824/556/824 695/467/697 825/557/825
f 826/468/826 692/462/694 823/476/823
f 825/557/825 695/467/697 826/468/826
f 826/468/826 693/463/695 692/462/694
f 826/468/826 695/467/697 693/463/695
f 675/513/677 699/512/701 827/526/827
f 828/528/828 699/512/701 698/515/700
f 827/526/827 699/512/701 828/528/828
f 827/526/827 828/528/828 829/527/829
f 828/528/828 698/515/700 830/531/830
f 830/531/830 698/515/700 697/464/699
f 830/531/830 831/529/831 828/528/828
f 830/531/830 697/464/699 831/529/831
f 832/466/832 831/529/831 697/464/699
f 832/466/832 697/464/699 696/465/698
f 833/530/766 831/529/831 832/466/832
f 834/488/833 718/489/720 716/490/718
f 834/488/833 716/490/718 715/506/717
f 835/487/834 718/489/720 834/488/833
f 836/507/835 715/506/717 713/508/715
f 834/488/833 715/506/717 836/507/835
f 767/523/768 837/522/836 766/520/767
f 766/520/767 837/522/836 838/521/837
f 766/520/767 838/521/837 765/519/766
f 603/459/608 613/469/618 839/558/838
f 840/559/839 839/558/838 613/469/618
f 841/560/840 839/558/838 840/559/839
f 840/559/839 613/469/618 615/471/620
f 842/561/841 587/443/592 603/459/608
f 603/459/608 839/558/838 842/561/841
f 842/561/841 839/558/838 843/562/842
f 844/563/843 624/480/629 587/443/592
f 844/563/843 587/443/592 842/561/841
f 842/561/841 843/562/842 844/563/843
f 844/563/843 843/562/842 845/564/844
f 844/563/843 845/564/844 624/480/629
f 618/474/623 846/565/845 619/475/624
f 618/474/623 622/478/627 846/565/845
f 847/566/846 622/478/627 623/479/628
f 847/566/846 848/567/847 849/568/848
f 849/568/848 622/478/627 847/566/846
f 849/568/848 846/565/845 622/478/627
f 849/568/848 848/567/847 850/569/849
f 849/568/848 850/569/849 846/565/845
f 851/570/850 846/565/845 850/569/849
f 852/571/851 846/565/845 851/570/850
f 851/570/850 850/569/849 853/572/852
f 853/572/852 850/569/849 848/567/847
f 853/572/852 848/567/847 854/573/853
f 847/566/846 855/574/854 848/567/847
f 623/479/628 855/574/854 847/566/846
f 854/573/853 848/567/847 855/574/854
f 854/573/853 855/574/854 856/575/855
f 856/575/855 855/574/854 857/576/856
f 857/576/856 855/574/854 858/577/857
f 858/577/857 855/574/854 859/557/858
f 611/467/616 859/557/858 612/468/617
f 612/468/617 859/557/858 620/476/625
f 620/476/625 859/557/858 623/479/628
f 623/479/628 859/557/858 855/574/854
f 858/577/857 859/557/858 860/556/859
f 860/556/859 859/557/858 611/467/616
f 861/578/860 862/579/861 863/580/862
f 632/488/636 864/581/863 651/507/653
f 863/580/862 862/579/861 864/581/863
f 863/580/862 864/581/863 865/582/864
f 865/582/864 864/581/863 866/583/865
f 632/488/636 866/583/865 864/581/863
f 865/582/864 866/583/865 867/584/866
f 632/488/636 867/584/866 866/583/865
f 631/487/624 867/584/866 632/488/636
f 865/582/864 867/584/866 868/585/867
f 863/580/862 868/585/867 861/578/860
f 865/582/864 868/585/867 863/580/862
f 869/586/868 862/579/861 861/578/860
f 870/587/855 862/579/861 869/586/868
f 871/588/869 861/578/860 868/585/867
f 869/586/868 861/578/860 871/588/869
f 871/588/869 868/585/867 872/589/870
f 872/589/870 868/585/867 873/590/871
f 873/590/871 867/584/866 631/487/624
f 873/590/871 868/585/867 867/584/866
f 646/502/620 645/501/649 874/591/872
f 874/591/872 645/501/649 875/592/873
f 874/591/872 875/592/873 876/593/874
f 877/594/875 875/592/873 645/501/649
f 877/594/875 645/501/649 644/500/648
f 876/593/874 875/592/873 877/594/875
f 877/594/875 644/500/648 878/595/876
f 877/594/875 878/595/876 879/596/877
f 877/594/875 879/596/877 876/593/874
f 876/593/874 880/597/878 874/591/872
f 876/593/874 879/596/877 880/597/878
f 874/591/872 880/597/878 881/598/879
f 882/599/880 880/597/878 879/596/877
f 881/598/879 880/597/878 882/599/880
f 883/600/881 881/598/879 882/599/880
f 884/601/882 881/598/879 883/600/881
f 883/600/881 882/599/880 885/602/883
f 885/602/883 882/599/880 879/596/877
f 886/603/884 879/596/877 878/595/876
f 885/602/883 879/596/877 886/603/884
f 887/604/885 624/480/629 845/564/844
f 888/605/884 624/480/629 887/604/885
f 889/606/886 845/564/844 843/562/842
f 887/604/885 845/564/844 889/606/886
f 890/607/887 843/562/842 839/558/838
f 889/606/886 843/562/842 890/607/887
f 890/607/887 839/558/838 891/608/882
f 891/608/882 839/558/838 841/560/840
f 892/609/888 749/544/751 747/542/749
f 893/610/889 749/544/751 892/609/888
f 894/611/890 747/542/749 746/541/748
f 892/609/888 747/542/749 894/611/890
f 894/611/890 746/541/748 895/612/891
f 894/611/890 895/612/891 896/613/892
f 894/611/890 896/613/892 892/609/888
f 892/609/888 896/613/892 893/610/889
f 897/614/893 898/615/894 899/616/895
f 900/617/896 901/618/897 902/619/898
f 900/617/896 902/619/898 903/620/899
f 903/620/899 902/619/898 904/621/900
f 903/620/899 904/621/900 905/622/901
f 905/622/901 904/621/900 906/623/902
f 905/622/901 906/623/902 907/624/903
f 907/624/903 906/623/902 908/625/904
f 907/624/903 908/625/904 909/626/905
f 909/626/905 908/625/904 910/627/906
f 909/626/905 910/627/906 911/628/907
f 911/628/907 910/627/906 912/629/908
f 911/628/907 912/629/908 913/630/893
f 913/630/893 912/629/908 914/631/897
f 914/631/897 912/629/908 915/632/754
f 915/632/754 912/629/908 916/633/909
f 916/633/909 912/629/908 917/634/910
f 916/633/909 917/634/910 918/635/911
f 901/618/897 919/636/912 902/619/898
f 902/619/898 919/636/912 904/621/900
f 901/618/897 920/637/745 919/636/912
f 921/638/913 919/636/912 920/637/745
f 904/621/900 919/636/912 921/638/913
f 921/638/913 920/637/745 922/639/914
f 922/639/914 920/637/745 923/640/915
f 922/639/914 924/641/916 921/638/913
f 921/638/913 924/641/916 904/621/900
f 904/621/900 924/641/916 906/623/902
f 922/639/914 923/640/915 924/641/916
f 925/642/917 926/643/918 927/644/919
f 927/644/919 926/643/918 928/645/920
f 927/644/919 928/645/920 929/646/921
f 929/646/921 928/645/920 930/647/922
f 929/646/921 930/647/922 931/648/923
f 929/646/921 932/649/924 927/644/919
f 927/644/919 932/649/924 925/642/917
f 929/646/921 931/648/923 932/649/924
f 933/650/925 926/643/918 925/642/917
f 934/651/926 926/643/918 933/650/925
f 933/650/925 925/642/917 935/652/927
f 935/652/927 925/642/917 932/649/924
f 935/652/927 932/649/924 936/653/928
f 937/654/929 932/649/924 931/648/923
f 936/653/928 932/649/924 937/654/929
f 937/654/929 931/648/923 938/655/930
f 939/656/740 931/648/923 930/647/922
f 939/656/740 930/647/922 928/645/920
f 938/655/930 931/648/923 939/656/740
f 939/656/740 928/645/920 940/657/741
f 941/658/931 942/659/932 943/660/933
f 943/660/933 942/659/932 944/661/934
f 943/660/933 944/661/934 945/662/935
f 945/662/935 944/661/934 946/663/936
f 945/662/935 946/663/936 947/664/937
f 947/664/937 946/663/936 948/665/938
f 947/664/937 948/665/938 949/666/939
f 949/666/939 948/665/938 950/667/940
f 950/667/940 948/665/938 951/668/941
f 951/668/941 948/665/938 952/669/942
f 951/668/941 952/669/942 953/670/943
f 954/671/944 952/669/942 948/665/938
f 955/672/945 952/669/942 954/671/944
f 954/671/944 948/665/938 956/673/946
f 956/673/946 948/665/938 946/663/936
f 957/674/947 946/663/936 944/661/934
f 957/674/947 944/661/934 942/659/932
f 956/673/946 946/663/936 957/674/947
f 957/674/947 958/675/948 956/673/946
f 956/673/946 958/675/948 954/671/944
f 957/674/947 942/659/932 958/675/948
f 959/676/834 960/677/949 961/678/950
f 961/678/950 960/677/949 962/679/951
f 961/678/950 962/679/951 963/680/952
f 964/681/953 965/682/954 966/683/955
f 966/683/955 965/682/954 967/684/956
f 967/684/956 965/682/954 968/685/957
f 968/685/957 965/682/954 969/686/958
f 969/686/958 965/682/954 970/687/959
f 969/686/958 970/687/959 971/688/960
f 971/688/960 970/687/959 972/689/961
f 973/690/962 972/689/961 960/677/949
f 971/688/960 972/689/961 973/690/962
f 960/677/949 974/691/963 962/679/951
f 960/677/949 972/689/961 974/691/963
f 962/679/951 974/691/963 975/692/964
f 975/692/964 974/691/963 976/693/965
f 975/692/964 976/693/965 965/682/954
f 965/682/954 976/693/965 970/687/959
f 970/687/959 976/693/965 972/689/961
f 972/689/961 976/693/965 974/691/963
f 977/694/966 978/695/967 975/692/964
f 977/694/966 975/692/964 965/682/954
f 977/694/966 965/682/954 964/681/953
f 979/696/968 978/695/967 977/694/966
f 977/694/966 964/681/953 980/697/969
f 981/672/970 982/671/971 983/669/972
f 983/669/972 982/671/971 984/665/973
f 983/669/972 984/665/973 985/668/974
f 983/669/972 985/668/974 986/670/975
f 985/668/974 984/665/973 987/667/976
f 987/667/976 984/665/973 988/666/977
f 988/666/977 984/665/973 989/664/978
f 989/664/978 984/665/973 990/662/979
f 990/662/979 984/665/973 991/663/980
f 990/662/979 991/663/980 992/660/981
f 992/660/981 991/663/980 993/661/982
f 992/660/981 993/661/982 994/658/983
f 994/658/983 993/661/982 995/659/984
f 995/659/984 993/661/982 996/674/985
f 997/675/986 996/674/985 982/671/971
f 995/659/984 996/674/985 997/675/986
f 982/671/971 996/674/985 998/673/987
f 982/671/971 998/673/987 984/665/973
f 984/665/973 998/673/987 991/663/980
f 991/663/980 998/673/987 993/661/982
f 993/661/982 998/673/987 996/674/985
f 999/698/988 1000/699/989 1001/700/990
f 1001/700/990 1000/699/989 1002/701/991
f 1001/700/990 1002/701/991 1003/702/992
f 1001/700/990 1003/702/992 1004/703/993
f 1003/702/992 1002/701/991 1005/704/994
f 1005/704/994 1002/701/991 1006/705/995
f 1006/705/995 1002/701/991 1007/706/996
f 1007/706/996 1002/701/991 1008/707/997
f 1008/707/997 1002/701/991 1009/708/998
f 1008/707/997 1009/708/998 1010/709/999
f 1010/709/999 1009/708/998 1011/710/1000
f 1010/709/999 1011/710/1000 1012/711/1001
f 1012/711/1001 1011/710/1000 1013/712/1002
f 1013/712/1002 1011/710/1000 1014/713/1003
f 1015/714/1004 1014/713/1003 1000/699/989
f 1013/712/1002 1014/713/1003 1015/714/1004
f 1000/699/989 1014/713/1003 1016/715/1005
f 1000/699/989 1016/715/1005 1002/701/991
f 1002/701/991 1016/715/1005 1009/708/998
f 1009/708/998 1016/715/1005 1011/710/1000
f 1011/710/1000 1016/715/1005 1014/713/1003
f 1017/716/1006 1018/717/1007 1019/718/1008
f 1019/718/1008 1018/717/1007 1020/719/1009
f 1019/718/1008 1020/719/1009 1021/720/1010
f 1021/720/1010 1020/719/1009 1022/721/1011
f 1021/720/1010 1022/721/1011 1023/722/1012
f 1021/720/1010 1023/722/1012 1024/723/1013
f 1025/724/835 1026/725/1014 1027/726/833
f 1027/726/833 1026/725/1014 1028/727/1015
f 1018/717/1007 1029/728/1016 1020/719/1009
f 1027/726/833 1028/727/1015 1029/728/1016
f 1030/729/1017 1029/728/1016 1018/717/1007
f 1027/726/833 1029/728/1016 1030/729/1017
f 1020/719/1009 1029/728/1016 1031/730/1018
f 1020/719/1009 1031/730/1018 1022/721/1011
f 1022/721/1011 1031/730/1018 1023/722/1012
f 1023/722/1012 1032/731/1019 1026/725/1014
f 1026/725/1014 1032/731/1019 1028/727/1015
f 1028/727/1015 1032/731/1019 1029/728/1016
f 1029/728/1016 1032/731/1019 1031/730/1018
f 1023/722/1012 1031/730/1018 1032/731/1019
f 1033/653/1020 1034/654/1021 1035/652/1022
f 1035/652/1022 1034/654/1021 1036/649/1023
f 1035/652/1022 1036/649/1023 1037/650/1024
f 1037/650/1024 1036/649/1023 1038/642/1025
f 1037/650/1024 1038/642/1025 1039/643/1026
f 1037/650/1024 1039/643/1026 1040/651/1027
f 1041/657/1028 1042/645/1029 1043/656/780
f 1043/656/780 1042/645/1029 1044/647/1030
f 1034/654/1021 1045/648/1031 1036/649/1023
f 1043/656/780 1044/647/1030 1045/648/1031
f 1046/655/800 1045/648/1031 1034/654/1021
f 1043/656/780 1045/648/1031 1046/655/800
f 1036/649/1023 1047/644/1032 1038/642/1025
f 1038/642/1025 1047/644/1032 1039/643/1026
f 1036/649/1023 1045/648/1031 1047/644/1032
f 1039/643/1026 1047/644/1032 1048/646/1033
f 1039/643/1026 1048/646/1033 1042/645/1029
f 1042/645/1029 1048/646/1033 1044/647/1030
f 1044/647/1030 1048/646/1033 1045/648/1031
f 1045/648/1031 1048/646/1033 1047/644/1032
f 1049/732/1034 1050/733/1035 1051/734/1036
f 1051/734/1036 1050/733/1035 1052/735/1037
f 1051/734/1036 1052/735/1037 1053/736/1038
f 1053/736/1038 1052/735/1037 1054/737/1039
f 1053/736/1038 1054/737/1039 1055/738/1040
f 1053/736/1038 1055/738/1040 1056/739/1041
f 1057/740/1042 1058/741/1043 1059/742/1044
f 1059/742/1044 1058/741/1043 1060/743/1045
f 1050/733/1035 1061/744/1046 1052/735/1037
f 1059/742/1044 1060/743/1045 1061/744/1046
f 1062/745/1047 1061/744/1046 1050/733/1035
f 1059/742/1044 1061/744/1046 1062/745/1047
f 1052/735/1037 1063/746/1048 1054/737/1039
f 1054/737/1039 1063/746/1048 1055/738/1040
f 1052/735/1037 1061/744/1046 1063/746/1048
f 1055/738/1040 1063/746/1048 1064/747/1049
f 1055/738/1040 1064/747/1049 1058/741/1043
f 1058/741/1043 1064/747/1049 1060/743/1045
f 1060/743/1045 1064/747/1049 1061/744/1046
f 1061/744/1046 1064/747/1049 1063/746/1048
f 1065/748/1050 1066/749/1051 1067/750/1052
f 1067/750/1052 1066/749/1051 1068/751/1053
f 1069/685/1054 1070/752/1055 1066/749/1051
f 1069/685/1054 1066/749/1051 1065/748/1050
f 1071/684/855 1070/752/1055 1069/685/1054
f 1069/685/1054 1065/748/1050 1072/686/852
f 1072/686/852 1065/748/1050 1073/688/1056
f 1073/688/1056 1065/748/1050 1067/750/1052
f 1074/690/1057 1067/750/1052 1068/751/1053
f 1073/688/1056 1067/750/1052 1074/690/1057
f 1074/690/1057 1068/751/1053 1075/753/1058
f 1074/690/1057 1075/753/1058 1076/754/1059
f 1076/754/1059 1075/753/1058 1077/755/1060
f 1077/755/1060 1075/753/1058 1078/756/1061
f 1068/751/1053 1078/756/1061 1075/753/1058
f 1066/749/1051 1078/756/1061 1068/751/1053
f 1070/752/1055 1078/756/1061 1066/749/1051
f 1077/755/1060 1078/756/1061 1079/757/1062
f 1079/757/1062 1078/756/1061 1070/752/1055
f 934/651/926 1080/758/1063 1081/759/1064
f 1081/759/1064 1080/758/1063 935/652/927
f 933/650/925 1082/760/1065 934/651/926
f 934/651/926 1082/760/1065 1080/758/1063
f 935/652/927 1082/760/1065 933/650/925
f 935/652/927 1080/758/1063 1082/760/1065
f 1083/761/1066 934/651/926 1081/759/1064
f 1084/762/1067 934/651/926 1083/761/1066
f 1083/761/1066 1081/759/1064 1085/763/1068
f 1083/761/1066 1085/763/1068 1086/764/1069
f 1086/764/1069 1084/762/1067 1083/761/1066
f 1086/764/1069 1085/763/1068 1087/765/1070
f 1081/759/1064 1088/766/1071 1085/763/1068
f 936/653/928 1088/766/1071 935/652/927
f 935/652/927 1088/766/1071 1081/759/1064
f 1087/765/1070 1085/763/1068 1088/766/1071
f 1087/765/1070 1088/766/1071 1089/767/1072
f 1089/767/1072 1088/766/1071 936/653/928
f 1090/768/1073 1091/769/1074 1092/734/1075
f 1092/734/1075 1091/769/1074 1093/770/1076
f 1092/734/1075 1093/770/1076 1094/736/1077
f 1095/739/1078 1091/769/1074 1090/768/1073
f 1094/736/1077 1093/770/1076 1095/739/1078
f 1095/739/1078 1093/770/1076 1091/769/1074
f 1096/771/1079 1095/739/1078 1097/772/1080
f 1097/772/1080 1095/739/1078 1090/768/1073
f 1097/772/1080 1090/768/1073 1098/773/1081
f 1097/772/1080 1098/773/1081 1099/774/1082
f 1099/774/1082 1096/771/1079 1097/772/1080
f 1099/774/1082 1098/773/1081 1100/775/1083
f 1090/768/1073 1101/776/1084 1098/773/1081
f 1092/734/1075 1101/776/1084 1090/768/1073
f 1100/775/1083 1098/773/1081 1101/776/1084
f 1100/775/1083 1101/776/1084 1102/777/1085
f 1102/777/1085 1101/776/1084 1103/732/1086
f 1103/732/1086 1101/776/1084 1092/734/1075
f 1104/778/1087 1105/779/1088 1106/718/1089
f 1106/718/1089 1105/779/1088 1107/780/1090
f 1106/718/1089 1107/780/1090 1108/720/1091
f 1109/723/855 1105/779/1088 1104/778/1087
f 1108/720/1091 1107/780/1090 1109/723/855
f 1109/723/855 1107/780/1090 1105/779/1088
f 1110/781/1092 1109/723/855 1104/778/1087
f 1111/782/1093 1109/723/855 1110/781/1092
f 1110/781/1092 1104/778/1087 1112/783/1094
f 1110/781/1092 1112/783/1094 1113/784/1095
f 1113/784/1095 1111/782/1093 1110/781/1092
f 1113/784/1095 1112/783/1094 1114/785/1096
f 1106/718/1089 1115/786/1097 1104/778/1087
f 1104/778/1087 1115/786/1097 1112/783/1094
f 1114/785/1096 1112/783/1094 1115/786/1097
f 1114/785/1096 1115/786/1097 1116/787/1098
f 1116/787/1098 1115/786/1097 1117/716/851
f 1117/716/851 1115/786/1097 1106/718/1089
f 1118/627/1099 1119/629/1100 1120/788/1101
f 1120/788/1101 1119/629/1100 1121/634/1102
f 1120/788/1101 1121/634/1102 1122/789/1103
f 1122/789/1103 1121/634/1102 1123/790/1104
f 1122/789/1103 1123/790/1104 1124/623/1105
f 1120/788/1101 1125/625/1106 1118/627/1099
f 1122/789/1103 1125/625/1106 1120/788/1101
f 1122/789/1103 1124/623/1105 1125/625/1106
f 1126/635/789 1121/634/1102 1127/633/1107
f 1127/633/1107 1121/634/1102 1119/629/1100
f 1127/633/1107 1119/629/1100 1128/632/1108
f 1128/632/1108 1119/629/1100 1129/631/1109
f 1129/631/1109 1119/629/1100 1130/630/1110
f 1130/630/1110 1119/629/1100 1131/628/1111
f 1131/628/1111 1119/629/1100 1132/626/1112
f 1132/626/1112 1119/629/1100 1118/627/1099
f 1132/626/1112 1118/627/1099 1133/624/1113
f 1133/624/1113 1118/627/1099 1125/625/1106
f 1133/624/1113 1125/625/1106 1134/622/1114
f 1134/622/1114 1125/625/1106 1124/623/1105
f 1134/622/1114 1124/623/1105 1135/620/1115
f 1135/620/1115 1124/623/1105 1136/621/1116
f 1135/620/1115 1136/621/1116 1137/617/1117
f 1137/617/1117 1136/621/1116 1138/619/1118
f 1137/617/1117 1138/619/1118 1139/618/1119
f 1137/617/1117 1139/618/1119 1140/791/1120
f 1124/623/1105 1141/641/1121 1136/621/1116
f 1136/621/1116 1141/641/1121 1142/636/1122
f 1138/619/1118 1142/636/1122 1139/618/1119
f 1136/621/1116 1142/636/1122 1138/619/1118
f 1141/641/1121 1143/638/1123 1142/636/1122
f 1139/618/1119 1142/636/1122 1143/638/1123
f 1139/618/1119 1143/638/1123 1144/637/1124
f 1144/637/1124 1143/638/1123 1145/639/1125
f 1141/641/1121 1145/639/1125 1143/638/1123
f 1144/637/1124 1145/639/1125 1146/640/774
f 1146/640/774 1145/639/1125 1141/641/1121
f 1147/705/882 1148/792/1126 1149/706/1127
f 1149/706/1127 1148/792/1126 1150/793/1128
f 1150/793/1128 1148/792/1126 1151/794/1129
f 1150/793/1128 1151/794/1129 1152/795/1130
f 1152/795/1130 1151/794/1129 1153/796/1131
f 1153/796/1131 1151/794/1129 1154/797/1132
f 1153/796/1131 1154/797/1132 1155/798/1133
f 1153/796/1131 1155/798/1133 1156/711/884
f 1153/796/1131 1156/711/884 1152/795/1130
f 1152/795/1130 1157/799/1134 1150/793/1128
f 1152/795/1130 1156/711/884 1157/799/1134
f 1150/793/1128 1157/799/1134 1158/800/1135
f 1150/793/1128 1158/800/1135 1149/706/1127
f 1149/706/1127 1158/800/1135 1159/707/1136
f 1160/709/885 1157/799/1134 1156/711/884
f 1160/709/885 1158/800/1135 1157/799/1134
f 1159/707/1136 1158/800/1135 1160/709/885
f 949/666/939 1161/801/1137 947/664/937
f 947/664/937 1161/801/1137 1162/802/1138
f 1162/802/1138 1161/801/1137 1163/803/1139
f 1162/802/1138 1163/803/1139 1164/804/1140
f 1164/804/1140 1163/803/1139 1165/805/1141
f 1165/805/1141 941/658/931 1164/804/1140
f 1165/805/1141 1163/803/1139 1166/806/1142
f 1165/805/1141 1166/806/1142 1167/807/1143
f 1165/805/1141 1167/807/1143 941/658/931
f 1164/804/1140 941/658/931 1168/808/1144
f 1164/804/1140 1168/808/1144 1162/802/1138
f 943/660/933 1168/808/1144 941/658/931
f 943/660/933 1169/809/1145 1168/808/1144
f 945/662/935 1169/809/1145 943/660/933
f 1162/802/1138 1168/808/1144 1169/809/1145
f 947/664/937 1169/809/1145 945/662/935
f 1162/802/1138 1169/809/1145 947/664/937
f 973/690/962 1170/750/1146 971/688/960
f 971/688/960 1170/750/1146 969/686/958
f 973/690/962 1171/751/1147 1170/750/1146
f 969/686/958 1172/748/1148 968/685/957
f 1170/750/1146 1171/751/1147 1172/748/1148
f 969/686/958 1170/750/1146 1172/748/1148
f 967/684/956 968/685/957 1173/752/1149
f 1173/752/1149 968/685/957 1174/756/1150
f 1173/752/1149 1174/756/1150 1175/757/1151
f 1175/757/1151 1174/756/1150 1176/755/1152
f 1176/755/1152 1174/756/1150 1177/753/1153
f 973/690/962 1177/753/1153 1171/751/1147
f 1176/755/1152 1177/753/1153 1178/754/1154
f 1178/754/1154 1177/753/1153 973/690/962
f 1171/751/1147 1179/749/1155 1172/748/1148
f 1177/753/1153 1179/749/1155 1171/751/1147
f 968/685/957 1172/748/1148 1179/749/1155
f 1174/756/1150 1179/749/1155 1177/753/1153
f 968/685/957 1179/749/1155 1174/756/1150
f 1180/810/1156 1181/811/1157 1182/812/1158
f 1182/812/1158 1181/811/1157 1183/813/1159
f 1182/812/1158 1183/813/1159 1184/814/1160
f 1182/812/1158 1184/814/1160 1185/815/1161
f 1182/812/1158 1185/815/1161 1180/810/1156
f 1135/620/1115 1185/815/1161 1134/622/1114
f 1185/815/1161 1184/814/1160 1186/816/1162
f 1134/622/1114 1185/815/1161 1186/816/1162
f 1180/810/1156 1187/817/1163 1181/811/1157
f 1135/620/1115 1187/817/1163 1185/815/1161
f 1180/810/1156 1185/815/1161 1187/817/1163
f 1181/811/1157 1187/817/1163 1140/791/1120
f 1135/620/1115 1188/818/1164 1187/817/1163
f 1140/791/1120 1187/817/1163 1188/818/1164
f 1137/617/1117 1188/818/1164 1135/620/1115
f 1140/791/1120 1188/818/1164 1137/617/1117
f 1134/622/1114 1186/816/1162 1189/819/1165
f 1189/819/1165 1186/816/1162 1190/820/1166
f 1189/819/1165 1190/820/1166 1191/821/1167
f 1192/822/1168 1191/821/1167 1131/628/1111
f 1189/819/1165 1191/821/1167 1192/822/1168
f 1131/628/1111 1193/823/1169 1130/630/1110
f 1131/628/1111 1191/821/1167 1193/823/1169
f 1194/824/1170 1133/624/1113 1134/622/1114
f 1132/626/1112 1133/624/1113 1194/824/1170
f 1195/825/1171 1189/819/1165 1192/822/1168
f 1195/825/1171 1134/622/1114 1189/819/1165
f 1194/824/1170 1134/622/1114 1195/825/1171
f 1196/826/1172 1194/824/1170 1195/825/1171
f 1196/826/1172 1192/822/1168 1131/628/1111
f 1195/825/1171 1192/822/1168 1196/826/1172
f 1196/826/1172 1132/626/1112 1194/824/1170
f 1196/826/1172 1131/628/1111 1132/626/1112
f 1197/811/1173 1198/791/1174 1199/810/1175
f 1199/810/1175 1200/817/1176 903/620/899
f 1199/810/1175 1198/791/1174 1200/817/1176
f 903/620/899 1200/817/1176 1201/818/1177
f 1198/791/1174 1201/818/1177 1200/817/1176
f 900/617/896 1201/818/1177 1198/791/1174
f 903/620/899 1201/818/1177 900/617/896
f 905/622/901 1202/816/1178 1203/815/1179
f 1203/815/1179 1199/810/1175 903/620/899
f 1203/815/1179 903/620/899 905/622/901
f 1203/815/1179 1202/816/1178 1204/814/1180
f 1205/812/1181 1197/811/1173 1199/810/1175
f 1203/815/1179 1204/814/1180 1205/812/1181
f 1205/812/1181 1199/810/1175 1203/815/1179
f 1205/812/1181 1204/814/1180 1206/813/1182
f 1205/812/1181 1206/813/1182 1197/811/1173
f 913/630/893 1207/823/1183 911/628/907
f 911/628/907 1207/823/1183 1208/822/1184
f 1208/822/1184 1207/823/1183 1209/821/1185
f 1208/822/1184 1209/821/1185 1210/825/1186
f 1211/819/1187 905/622/901 1210/825/1186
f 1211/819/1187 1202/816/1178 905/622/901
f 1210/825/1186 1209/821/1185 1211/819/1187
f 1211/819/1187 1212/820/1188 1202/816/1178
f 1211/819/1187 1209/821/1185 1212/820/1188
f 1210/825/1186 905/622/901 1213/824/1189
f 907/624/903 1213/824/1189 905/622/901
f 1210/825/1186 1213/824/1189 1208/822/1184
f 907/624/903 1214/826/1190 1213/824/1189
f 1208/822/1184 1214/826/1190 911/628/907
f 909/626/905 1214/826/1190 907/624/903
f 911/628/907 1214/826/1190 909/626/905
f 1208/822/1184 1213/824/1189 1214/826/1190
f 988/666/977 989/664/978 1215/801/1191
f 1215/801/1191 989/664/978 1216/803/1192
f 1216/803/1192 989/664/978 1217/802/1193
f 1216/803/1192 1217/802/1193 1218/805/1194
f 1216/803/1192 1218/805/1194 1219/806/1195
f 1219/806/1195 1218/805/1194 1220/807/1196
f 1220/807/1196 1218/805/1194 994/658/983
f 1221/804/1197 1218/805/1194 1217/802/1193
f 994/658/983 1218/805/1194 1221/804/1197
f 1222/809/1198 989/664/978 990/662/979
f 1222/809/1198 1217/802/1193 989/664/978
f 1221/804/1197 1217/802/1193 1222/809/1198
f 1223/808/1199 1221/804/1197 1222/809/1198
f 1223/808/1199 994/658/983 1221/804/1197
f 1223/808/1199 990/662/979 992/660/981
f 1222/809/1198 990/662/979 1223/808/1199
f 1223/808/1199 992/660/981 994/658/983
f 1006/705/995 1007/706/996 1224/792/1200
f 1224/792/1200 1007/706/996 1225/794/1201
f 1225/794/1201 1007/706/996 1226/793/1202
f 1225/794/1201 1226/793/1202 1227/796/1203
f 1225/794/1201 1227/796/1203 1228/797/1204
f 1228/797/1204 1227/796/1203 1229/798/1205
f 1229/798/1205 1227/796/1203 1012/711/1001
f 1012/711/1001 1227/796/1203 1230/795/1206
f 1230/795/1206 1227/796/1203 1226/793/1202
f 1231/800/1207 1007/706/996 1008/707/997
f 1230/795/1206 1226/793/1202 1231/800/1207
f 1231/800/1207 1226/793/1202 1007/706/996
f 1232/799/1208 1230/795/1206 1231/800/1207
f 1232/799/1208 1012/711/1001 1230/795/1206
f 1231/800/1207 1008/707/997 1232/799/1208
f 1232/799/1208 1008/707/997 1010/709/999
f 1232/799/1208 1010/709/999 1012/711/1001
f 1233/762/1209 1234/761/1210 1040/651/1027
f 1040/651/1027 1234/761/1210 1235/758/1211
f 1035/652/1022 1236/760/1212 1235/758/1211
f 1037/650/1024 1236/760/1212 1035/652/1022
f 1040/651/1027 1235/758/1211 1236/760/1212
f 1040/651/1027 1236/760/1212 1037/650/1024
f 1035/652/1022 1237/766/1213 1033/653/1020
f 1035/652/1022 1235/758/1211 1237/766/1213
f 1033/653/1020 1237/766/1213 1238/767/1214
f 1238/767/1214 1237/766/1213 1239/765/1215
f 1239/765/1215 1237/766/1213 1240/763/1216
f 1239/765/1215 1240/763/1216 1241/764/1217
f 1233/762/1209 1241/764/1217 1234/761/1210
f 1241/764/1217 1240/763/1216 1234/761/1210
f 1237/766/1213 1242/759/1218 1240/763/1216
f 1235/758/1211 1242/759/1218 1237/766/1213
f 1234/761/1210 1240/763/1216 1242/759/1218
f 1234/761/1210 1242/759/1218 1235/758/1211
f 1243/771/1219 1244/772/1220 1056/739/1041
f 1056/739/1041 1244/772/1220 1245/769/1221
f 1051/734/1036 1246/770/1222 1245/769/1221
f 1053/736/1038 1246/770/1222 1051/734/1036
f 1056/739/1041 1246/770/1222 1053/736/1038
f 1056/739/1041 1245/769/1221 1246/770/1222
f 1051/734/1036 1247/776/1223 1049/732/1034
f 1051/734/1036 1245/769/1221 1247/776/1223
f 1049/732/1034 1247/776/1223 1248/777/1224
f 1248/777/1224 1247/776/1223 1249/775/1225
f 1249/775/1225 1247/776/1223 1250/773/1226
f 1243/771/1219 1251/774/1227 1244/772/1220
f 1251/774/1227 1250/773/1226 1244/772/1220
f 1249/775/1225 1250/773/1226 1251/774/1227
f 1247/776/1223 1252/768/1228 1250/773/1226
f 1244/772/1220 1252/768/1228 1245/769/1221
f 1244/772/1220 1250/773/1226 1252/768/1228
f 1245/769/1221 1252/768/1228 1247/776/1223
f 1253/782/1229 1254/781/1230 1024/723/1013
f 1024/723/1013 1254/781/1230 1255/779/1231
f 1024/723/1013 1256/780/1232 1021/720/1010
f 1021/720/1010 1256/780/1232 1019/718/1008
f 1019/718/1008 1256/780/1232 1255/779/1231
f 1024/723/1013 1255/779/1231 1256/780/1232
f 1019/718/1008 1255/779/1231 1257/786/1233
f 1019/718/1008 1257/786/1233 1017/716/1006
f 1017/716/1006 1257/786/1233 1258/787/1234
f 1258/787/1234 1257/786/1233 1259/785/1235
f 1259/785/1235 1257/786/1233 1260/783/1236
f 1259/785/1235 1260/783/1236 1261/784/1237
f 1253/782/1229 1261/784/1237 1254/781/1230
f 1261/784/1237 1260/783/1236 1254/781/1230
f 1255/779/1231 1262/778/1238 1257/786/1233
f 1254/781/1230 1260/783/1236 1262/778/1238
f 1254/781/1230 1262/778/1238 1255/779/1231
f 1257/786/1233 1262/778/1238 1260/783/1236
f 1190/820/1166 1263/827/1239 1191/821/1167
f 1191/821/1167 1263/827/1239 1193/823/1169
f 1216/803/1192 1264/828/1240 1215/801/1191
f 1219/806/1195 1264/828/1240 1216/803/1192
f 1225/794/1201 1265/829/1241 1224/792/1200
f 1228/797/1204 1265/829/1241 1225/794/1201
f 1154/797/1132 1151/794/1129 1266/829/1242
f 1266/829/1242 1151/794/1129 1148/792/1126
f 1212/820/1188 1209/821/1185 1267/827/1243
f 1267/827/1243 1209/821/1185 1207/823/1183
f 1268/828/1244 1163/803/1139 1161/801/1137
f 1166/806/1142 1163/803/1139 1268/828/1244
f 1238/767/1214 1239/765/1215 1269/830/1245
f 1269/830/1245 1239/765/1215 1241/764/1217
f 1270/831/1246 1241/764/1217 1233/762/1209
f 1269/830/1245 1241/764/1217 1270/831/1246
f 1248/777/1224 1249/775/1225 1271/832/1247
f 1271/832/1247 1249/775/1225 1251/774/1227
f 1272/833/1248 1251/774/1227 1243/771/1219
f 1271/832/1247 1251/774/1227 1272/833/1248
f 1273/834/1249 1259/785/1235 1261/784/1237
f 1258/787/1234 1259/785/1235 1273/834/1249
f 1273/834/1249 1261/784/1237 1274/835/1250
f 1274/835/1250 1261/784/1237 1253/782/1229
f 1100/775/1083 1275/832/1251 1099/774/1082
f 1102/777/1085 1275/832/1251 1100/775/1083
f 1099/774/1082 1275/832/1251 1276/833/1252
f 1099/774/1082 1276/833/1252 1096/771/1079
f 1087/765/1070 1277/830/1253 1086/764/1069
f 1089/767/1072 1277/830/1253 1087/765/1070
f 1086/764/1069 1278/831/1254 1084/762/1067
f 1086/764/1069 1277/830/1253 1278/831/1254
f 1114/785/1096 1279/834/1255 1113/784/1095
f 1116/787/1098 1279/834/1255 1114/785/1096
f 1113/784/1095 1279/834/1255 1280/835/1256
f 1113/784/1095 1280/835/1256 1111/782/1093
f 1281/836/1257 1184/814/1160 1183/813/1159
f 1186/816/1162 1184/814/1160 1281/836/1257
f 1281/836/1257 1183/813/1159 1282/837/1258
f 1282/837/1258 1183/813/1159 1283/838/1259
f 1283/838/1259 1183/813/1159 1181/811/1157
f 1283/838/1259 1181/811/1157 1140/791/1120
f 1284/838/1260 1197/811/1173 1206/813/1182
f 1198/791/1174 1197/811/1173 1284/838/1260
f 1284/838/1260 1206/813/1182 1285/837/1261
f 1286/836/1262 1206/813/1182 1204/814/1180
f 1286/836/1262 1204/814/1180 1202/816/1178
f 1285/837/1261 1206/813/1182 1286/836/1262
f 1287/839/1263 1288/840/1264 1289/841/1265
f 1289/841/1265 1288/840/1264 1290/842/1266
f 1289/841/1265 1290/842/1266 1291/843/1267
f 1291/843/1267 1290/842/1266 1292/844/1268
f 1291/843/1267 1292/844/1268 1293/845/1269
f 1291/843/1267 1293/845/1269 1294/846/1270
f 1295/847/1271 1292/844/1268 1290/842/1266
f 1295/847/1271 1290/842/1266 1288/840/1264
f 1295/847/1271 1288/840/1264 1296/848/1272
f 1296/848/1272 1288/840/1264 1297/849/1273
f 1297/849/1273 1288/840/1264 1298/850/1274
f 1297/849/1273 1298/850/1274 1299/851/1275
f 1299/851/1275 1298/850/1274 1300/852/1276
f 1299/851/1275 1300/852/1276 1301/853/1277
f 1299/851/1275 1301/853/1277 1302/854/1278
f 1302/854/1278 1301/853/1277 1303/855/1279
f 1302/854/1278 1303/855/1279 1304/856/1280
f 1305/857/1281 1304/856/1280 1293/845/1269
f 1302/854/1278 1304/856/1280 1305/857/1281
f 1299/851/1275 1305/857/1281 1297/849/1273
f 1302/854/1278 1305/857/1281 1299/851/1275
f 1305/857/1281 1293/845/1269 1306/858/1282
f 1297/849/1273 1306/858/1282 1296/848/1272
f 1297/849/1273 1305/857/1281 1306/858/1282
f 1307/859/1283 1293/845/1269 1292/844/1268
f 1306/858/1282 1293/845/1269 1307/859/1283
f 1296/848/1272 1306/858/1282 1307/859/1283
f 1296/848/1272 1307/859/1283 1295/847/1271
f 1307/859/1283 1292/844/1268 1295/847/1271
f 1308/860/1284 1309/861/1285 1294/846/1270
f 1310/862/1286 1294/846/1270 1293/845/1269
f 1308/860/1284 1294/846/1270 1310/862/1286
f 1310/862/1286 1293/845/1269 1311/863/1287
f 1311/863/1287 1293/845/1269 1312/864/1288
f 1312/864/1288 1293/845/1269 1313/865/1289
f 1314/866/1290 1293/845/1269 1304/856/1280
f 1313/865/1289 1293/845/1269 1314/866/1290
f 1315/861/769 1316/860/1291 1317/846/1292
f 1317/846/1292 1316/860/1291 1318/862/1293
f 1317/846/1292 1318/862/1293 1319/845/1294
f 1319/845/1294 1318/862/1293 1320/863/1295
f 1319/845/1294 1320/863/1295 1321/864/1296
f 1319/845/1294 1321/864/1296 1322/865/1297
f 1319/845/1294 1322/865/1297 1323/866/1298
f 1319/845/1294 1323/866/1298 1324/867/1299
f 1317/846/1292 1319/845/1294 1325/843/1300
f 1325/843/1300 1319/845/1294 1326/844/1301
f 1325/843/1300 1326/844/1301 1327/841/1302
f 1327/841/1302 1326/844/1301 1328/842/1303
f 1328/842/1303 1326/844/1301 1329/859/1304
f 1329/859/1304 1326/844/1301 1319/845/1294
f 1330/840/1305 1327/841/1302 1328/842/1303
f 1331/839/762 1327/841/1302 1330/840/1305
f 1332/847/1306 1328/842/1303 1329/859/1304
f 1330/840/1305 1328/842/1303 1332/847/1306
f 1333/858/1307 1329/859/1304 1319/845/1294
f 1332/847/1306 1329/859/1304 1333/858/1307
f 1333/858/1307 1319/845/1294 1334/857/1308
f 1334/857/1308 1319/845/1294 1324/867/1299
f 1334/857/1308 1324/867/1299 1335/854/1309
f 1335/854/1309 1324/867/1299 1336/855/1310
f 1335/854/1309 1336/855/1310 1337/853/1311
f 1335/854/1309 1337/853/1311 1338/851/1312
f 1338/851/1312 1334/857/1308 1335/854/1309
f 1338/851/1312 1337/853/1311 1339/852/1313
f 1338/851/1312 1339/852/1313 1340/850/1314
f 1338/851/1312 1340/850/1314 1341/849/1315
f 1341/849/1315 1334/857/1308 1338/851/1312
f 1341/849/1315 1333/858/1307 1334/857/1308
f 1341/849/1315 1340/850/1314 1330/840/1305
f 1342/848/1316 1330/840/1305 1332/847/1306
f 1341/849/1315 1330/840/1305 1342/848/1316
f 1332/847/1306 1333/858/1307 1342/848/1316
f 1342/848/1316 1333/858/1307 1341/849/1315
f 1343/868/1317 1344/869/1289 1345/870/1318
f 1345/870/1318 1344/869/1289 1346/871/1319
f 1345/870/1318 1346/871/1319 1347/872/1320
f 1347/872/1320 1346/871/1319 1348/873/1321
f 1349/874/1290 1346/871/1319 1344/869/1289
f 1348/873/1321 1346/871/1319 1349/874/1290
f 1350/875/1322 1351/876/1323 1352/877/1324
f 1352/877/1324 1351/876/1323 1353/878/1325
f 1353/878/1325 1351/876/1323 1354/879/1326
f 1343/868/1317 1355/880/1327 1354/879/1326
f 1345/870/1318 1355/880/1327 1343/868/1317
f 1347/872/1320 1355/880/1327 1345/870/1318
f 1353/878/1325 1354/879/1326 1355/880/1327
f 1356/881/1328 1355/880/1327 1347/872/1320
f 1353/878/1325 1355/880/1327 1356/881/1328
f 1357/882/1329 1358/883/1330 1349/874/1290
f 1349/874/1290 1359/884/1331 1348/873/1321
f 1349/874/1290 1358/883/1330 1359/884/1331
f 1348/873/1321 1359/884/1331 1360/885/1332
f 1348/873/1321 1361/886/1333 1347/872/1320
f 1348/873/1321 1360/885/1332 1361/886/1333
f 1347/872/1320 1362/887/1334 1356/881/1328
f 1347/872/1320 1361/886/1333 1362/887/1334
f 1356/881/1328 1362/887/1334 1363/888/736
f 1356/881/1328 1364/889/1335 1353/878/1325
f 1353/878/1325 1364/889/1335 1352/877/1324
f 1356/881/1328 1363/888/736 1364/889/1335
f 1352/877/1324 1364/889/1335 1365/890/1336
f 1352/877/1324 1365/890/1336 1350/875/1322
f 1350/875/1322 1365/890/1336 1366/891/1337
f 1367/879/1295 1368/878/1338 1369/880/1339
f 1369/880/1339 1368/878/1338 1370/881/1340
f 1369/880/1339 1370/881/1340 1371/872/1341
f 1369/880/1339 1372/870/1342 1367/879/1295
f 1369/880/1339 1371/872/1341 1372/870/1342
f 1367/879/1295 1372/870/1342 1373/868/1343
f 1371/872/1341 1374/871/1344 1372/870/1342
f 1373/868/1343 1372/870/1342 1374/871/1344
f 1373/868/1343 1374/871/1344 1375/869/1297
f 1375/869/1297 1374/871/1344 1376/874/1298
f 1377/873/1345 1374/871/1344 1371/872/1341
f 1376/874/1298 1374/871/1344 1377/873/1345
f 1367/879/1295 1378/876/1346 1368/878/1338
f 1368/878/1338 1378/876/1346 1379/875/1347
f 1368/878/1338 1379/875/1347 1380/877/1348
f 1380/877/1348 1379/875/1347 1381/891/829
f 1380/877/1348 1381/891/829 1382/890/1349
f 1380/877/1348 1383/889/1350 1368/878/1338
f 1368/878/1338 1383/889/1350 1370/881/1340
f 1380/877/1348 1382/890/1349 1383/889/1350
f 1370/881/1340 1383/889/1350 1384/888/766
f 1370/881/1340 1385/887/1351 1371/872/1341
f 1370/881/1340 1384/888/766 1385/887/1351
f 1371/872/1341 1386/886/1314 1377/873/1345
f 1371/872/1341 1385/887/1351 1386/886/1314
f 1377/873/1345 1386/886/1314 1387/885/1352
f 1377/873/1345 1388/884/1353 1376/874/1298
f 1377/873/1345 1387/885/1352 1388/884/1353
f 1376/874/1298 1388/884/1353 1389/883/1354
f 1376/874/1298 1389/883/1354 1390/882/1355
f 1391/892/1356 1392/893/1357 1393/894/1358
f 1394/892/1359 1395/895/1360 1396/894/1361
f 1397/895/1362 1393/894/1358 1392/893/1357
f 1398/895/1363 1399/892/1364 1400/893/1365
f 1401/896/1366 1402/892/1367 1403/897/1368
f 1404/896/1369 1402/892/1367 1401/896/1366
f 1402/892/1367 1404/896/1369 1405/894/1370
f 1406/898/1371 1405/894/1370 1404/896/1369
f 1403/897/1372 1407/898/1373 1408/896/1374
f 1409/896/1375 1408/896/1374 1407/898/1373
f 1409/896/1375 1410/897/1376 1408/896/1374
f 1411/898/1377 1412/896/1378 1413/897/1379
f 1412/896/1378 1414/899/1380 1413/897/1379
f 1415/899/1381 1403/897/1372 1408/896/1374
f 1406/898/1371 1404/896/1369 1416/897/1382
f 1404/896/1369 1417/899/1383 1416/897/1382
f 1418/898/1384 1401/896/1385 1419/897/1386
f 1401/896/1385 1420/899/1387 1419/897/1386
f 1421/896/1388 1422/899/1389 1423/900/1390
f 1424/898/1391 1422/899/1392 1425/897/1393
f 1426/897/1394 1427/896/1395 1428/899/1396
f 1429/896/1397 1430/899/1398 1431/901/1399
f 1410/897/1376 1409/896/1375 1432/902/1400
f 1433/898/1401 1434/896/1402 1435/897/1403
f 1434/896/1402 1436/899/1404 1435/897/1403
f 1437/896/1405 1438/899/1406 1439/898/1407
f 1438/899/1406 1440/897/1408 1439/898/1407
f 1441/899/1409 1442/897/1410 1443/896/1411
f 1442/897/1410 1444/898/1412 1443/896/1411
f 1445/897/1413 1446/898/1414 1447/899/1415
f 1446/898/1414 1448/896/1416 1447/899/1415
f 1408/896/1374 1448/896/1416 1446/898/1414
f 1410/897/1376 1448/896/1416 1408/896/1374
f 1448/896/1416 1410/897/1376 1449/903/1417
f 1449/903/1417 1410/897/1376 1432/902/1400
f 1450/904/1418 1449/903/1419 1451/899/1420
f 1449/903/1419 1452/905/1421 1451/899/1420
f 1453/899/1422 1454/897/1423 1455/896/1424
f 1454/897/1423 1456/898/1425 1455/896/1424
f 1457/898/1426 1458/896/1427 1459/897/1428
f 1458/896/1427 1460/899/1429 1459/897/1428
f 1461/899/1430 1462/897/1431 1463/896/1432
f 1462/897/1431 1464/898/1433 1463/896/1432
f 1465/898/1434 1466/906/1435 1467/897/1436
f 1466/906/1435 1468/899/1437 1467/897/1436
f 1466/906/1435 1469/896/1438 1468/899/1437
f 1470/896/1439 1471/899/1440 1472/907/1441
f 1471/899/1440 1473/898/1442 1472/907/1441
f 1471/899/1440 1474/897/1443 1473/898/1442
f 1475/898/1444 1476/896/1445 1477/897/1446
f 1476/896/1445 1478/908/1447 1477/897/1446
f 1476/896/1445 1479/909/1448 1478/908/1447
f 1476/896/1445 1480/899/1449 1479/909/1448
f 1481/910/1450 1482/911/1451 1483/912/1452
f 1482/911/1451 1484/913/1453 1483/912/1452
f 1482/911/1451 1485/914/1454 1484/913/1453
f 1485/914/1454 1486/915/1455 1484/913/1453
f 1486/915/1455 1487/916/1456 1484/913/1453
f 1488/898/1457 1489/917/1458 1490/897/1459
f 1489/917/1458 1491/904/1460 1490/897/1459
f 1489/917/1458 1492/918/1461 1491/904/1460
f 1492/918/1461 1493/919/1462 1491/904/1460
f 1492/918/1461 1494/896/1463 1493/919/1462
f 1494/896/1463 1495/899/1464 1493/919/1462
f 1402/892/1465 1496/892/1466 1497/893/1467
f 1498/920/1468 1401/896/1469 1411/898/1470
f 1498/920/1468 1499/921/1471 1401/896/1469
f 1500/896/1472 1501/897/1473 1394/892/1359
f 1502/896/1474 1500/896/1472 1394/892/1359
f 1394/892/1359 1396/894/1361 1502/896/1474
f 1503/898/1475 1502/896/1474 1396/894/1361
f 1501/897/1476 1504/896/1477 1505/898/1478
f 1506/896/1479 1505/898/1478 1504/896/1477
f 1506/896/1479 1504/896/1477 1507/897/1480
f 1508/898/1481 1509/897/1482 1510/896/1483
f 1510/896/1483 1509/897/1482 1511/899/1484
f 1512/899/1485 1504/896/1477 1501/897/1476
f 1503/898/1475 1513/897/1486 1502/896/1474
f 1502/896/1474 1513/897/1486 1514/899/1487
f 1515/898/1488 1516/897/1489 1500/896/1490
f 1500/896/1490 1516/897/1489 1517/899/1491
f 1518/896/1492 1519/900/1493 1520/899/1494
f 1521/898/1495 1522/897/1496 1520/899/1497
f 1523/897/1498 1524/899/1499 1525/896/1500
f 1526/896/1501 1527/901/1502 1528/899/1503
f 1507/897/1480 1529/902/1504 1506/896/1479
f 1530/898/1505 1531/897/1506 1532/896/1507
f 1532/896/1507 1531/897/1506 1533/899/1508
f 1534/896/1509 1535/898/1510 1536/899/1511
f 1536/899/1511 1535/898/1510 1537/897/1512
f 1538/899/1513 1539/896/1514 1540/897/1515
f 1540/897/1515 1539/896/1514 1541/898/1516
f 1542/897/1517 1543/899/1518 1544/898/1519
f 1544/898/1519 1543/899/1518 1545/896/1520
f 1507/897/1480 1504/896/1477 1545/896/1520
f 1504/896/1477 1544/898/1519 1545/896/1520
f 1545/896/1520 1546/903/1521 1507/897/1480
f 1546/903/1521 1529/902/1504 1507/897/1480
f 1547/904/1522 1548/899/1523 1546/903/1524
f 1546/903/1524 1548/899/1523 1549/905/1525
f 1550/899/1526 1551/896/1527 1552/897/1528
f 1552/897/1528 1551/896/1527 1553/898/1529
f 1554/898/1530 1555/897/1531 1556/896/1532
f 1556/896/1532 1555/897/1531 1557/899/1533
f 1558/899/1534 1559/896/1535 1560/897/1536
f 1560/897/1536 1559/896/1535 1561/898/1537
f 1562/898/1538 1563/897/1539 1564/906/1540
f 1564/906/1540 1563/897/1539 1565/899/1541
f 1564/906/1540 1565/899/1541 1566/896/1542
f 1567/896/1543 1568/907/1544 1569/899/1545
f 1569/899/1545 1568/907/1544 1570/898/1546
f 1569/899/1545 1570/898/1546 1571/897/1547
f 1572/898/1548 1573/897/1549 1574/896/1550
f 1574/896/1550 1573/897/1549 1575/908/1551
f 1574/896/1550 1575/908/1551 1576/909/1552
f 1574/896/1550 1576/909/1552 1577/899/1553
f 1578/910/1554 1579/912/1555 1580/911/1556
f 1580/911/1556 1579/912/1555 1581/913/1557
f 1580/911/1556 1581/913/1557 1582/914/1558
f 1582/914/1558 1581/913/1557 1583/915/1559
f 1583/915/1559 1581/913/1557 1584/916/1560
f 1585/898/1561 1586/897/1562 1587/917/1563
f 1587/917/1563 1586/897/1562 1588/904/1564
f 1587/917/1563 1588/904/1564 1589/918/1565
f 1589/918/1565 1588/904/1564 1590/919/1566
f 1589/918/1565 1590/919/1566 1591/896/1567
f 1591/896/1567 1590/919/1566 1592/899/1568
f 1593/922/1569 1594/923/1570 1595/924/1571
f 1596/921/1572 1597/925/1573 1598/920/1574
f 1598/920/1574 1597/925/1573 1599/926/1575
f 1599/926/1575 1597/925/1573 1600/927/1576
f 1599/926/1575 1600/927/1576 1601/928/1577
f 1602/929/1578 1600/927/1576 1594/923/1579
f 1601/928/1577 1600/927/1576 1602/929/1578
f 1602/929/1578 1594/923/1579 1603/930/1580
f 1604/931/1581 1605/932/1582 1606/933/1583
f 1607/934/1584 1608/933/1585 1609/931/1586
f 1610/932/1587 1611/933/1588 1612/934/1589
f 1612/934/1589 1611/933/1588 1613/931/1590
f 1614/934/1591 1615/932/1592 1616/931/1593
f 1616/931/1593 1615/932/1592 1617/933/1594
f 1618/932/1595 1619/933/1596 1620/934/1597
f 1620/934/1597 1619/933/1596 1621/931/1598
f 1622/935/1599 1623/936/1600 1624/937/1601
f 1624/937/1601 1623/936/1600 1625/938/1602
f 1624/937/1601 1625/938/1602 1626/939/1603
f 1626/939/1603 1625/938/1602 1627/940/1604
f 1628/941/1605 1629/942/1606 1624/937/1607
f 1624/937/1607 1629/942/1606 1630/943/1608
f 1624/937/1607 1630/943/1608 1631/926/1609
f 1631/926/1609 1630/943/1608 1632/928/1610
f 1632/928/1610 1630/943/1608 1633/944/1611
f 1632/928/1610 1633/944/1611 1634/929/1612
f 1634/929/1612 1633/944/1611 1635/945/1613
f 1634/929/1612 1635/945/1613 1636/922/1614
f 1629/942/1606 1637/946/1615 1630/943/1608
f 1630/943/1608 1637/946/1615 1633/944/1611
f 1633/944/1611 1638/947/1616 1635/945/1613
f 1633/944/1611 1637/946/1615 1638/947/1616
f 1639/948/1617 1640/949/1618 1641/923/1619
f 1641/923/1619 1640/949/1618 1642/950/1620
f 1641/923/1619 1642/950/1620 1643/927/1621
f 1643/927/1621 1642/950/1620 1644/951/1622
f 1643/927/1621 1644/951/1622 1645/925/1623
f 1646/952/1624 1647/922/1625 1642/950/1620
f 1642/950/1620 1647/922/1625 1648/929/1626
f 1642/950/1620 1648/929/1626 1649/928/1627
f 1642/950/1620 1649/928/1627 1644/951/1622
f 1644/951/1622 1649/928/1627 1650/926/1628
f 1644/951/1622 1650/926/1628 1645/925/1623
f 1645/925/1623 1651/920/1629 1499/921/1630
f 1645/925/1623 1650/926/1628 1651/920/1629
f 1652/953/1631 1653/922/1632 1654/954/1633
f 1654/954/1633 1653/922/1632 1655/929/1634
f 1654/954/1633 1655/929/1634 1656/955/1635
f 1656/955/1635 1655/929/1634 1657/928/1636
f 1656/955/1635 1657/928/1636 1658/926/1637
f 1659/924/1638 1652/953/1631 1660/923/1639
f 1660/923/1639 1652/953/1631 1654/954/1633
f 1661/927/1640 1654/954/1633 1656/955/1635
f 1660/923/1639 1654/954/1633 1661/927/1640
f 1661/927/1640 1656/955/1635 1662/925/1641
f 1662/925/1641 1656/955/1635 1658/926/1637
f 1662/925/1641 1658/926/1637 1663/920/1642
f 1662/925/1641 1663/920/1642 1664/921/1643
f 1665/956/1644 1666/922/1645 1667/957/1646
f 1667/957/1646 1666/922/1645 1668/929/1647
f 1667/957/1646 1668/929/1647 1669/958/1648
f 1669/958/1648 1668/929/1647 1670/928/1649
f 1669/958/1648 1670/928/1649 1671/926/1650
f 1672/924/1651 1665/956/1644 1673/923/1652
f 1673/923/1652 1665/956/1644 1667/957/1646
f 1673/923/1652 1667/957/1646 1674/927/1653
f 1674/927/1653 1667/957/1646 1669/958/1648
f 1675/925/1654 1669/958/1648 1671/926/1650
f 1674/927/1653 1669/958/1648 1675/925/1654
f 1675/925/1654 1671/926/1650 1676/920/1655
f 1675/925/1654 1676/920/1655 1677/921/1656
f 1678/922/1657 1679/929/1658 1680/924/1659
f 1680/924/1659 1679/929/1658 1681/923/1660
f 1681/923/1660 1679/929/1658 1682/928/1661
f 1681/923/1660 1682/928/1661 1683/927/1662
f 1683/927/1662 1682/928/1661 1684/926/1663
f 1683/927/1662 1684/926/1663 1685/925/1664
f 1685/925/1664 1684/926/1663 1686/920/1665
f 1685/925/1664 1686/920/1665 1687/921/1666
f 1688/924/1667 1689/922/1668 1690/923/1669
f 1690/923/1669 1689/922/1668 1691/929/1670
f 1690/923/1669 1691/929/1670 1692/928/1671
f 1690/923/1669 1692/928/1671 1693/927/1672
f 1693/927/1672 1692/928/1671 1694/926/1673
f 1693/927/1672 1694/926/1673 1695/925/1674
f 1695/925/1674 1694/926/1673 1696/920/1675
f 1696/920/1675 1598/920/1676 1406/898/1677
f 1695/925/1674 1696/920/1675 1697/921/1678
f 1696/920/1675 1406/898/1677 1697/921/1678
f 1698/922/1679 1699/929/1680 1700/924/1681
f 1700/924/1681 1699/929/1680 1701/923/1682
f 1701/923/1682 1699/929/1680 1702/928/1683
f 1701/923/1682 1702/928/1683 1703/927/1684
f 1703/927/1684 1702/928/1683 1704/926/1685
f 1703/927/1684 1704/926/1685 1705/925/1686
f 1705/925/1686 1704/926/1685 1706/920/1687
f 1705/925/1686 1706/920/1687 1707/921/1688
f 1708/924/1689 1709/922/1690 1710/923/1691
f 1710/923/1691 1709/922/1690 1711/929/1692
f 1710/923/1691 1711/929/1692 1712/927/1693
f 1712/927/1693 1711/929/1692 1713/928/1694
f 1712/927/1693 1713/928/1694 1714/926/1695
f 1712/927/1693 1714/926/1695 1715/925/1696
f 1715/925/1696 1714/926/1695 1498/920/1379
f 1715/925/1696 1498/920/1379 1716/921/1380
f 1717/921/1697 1718/925/1698 1719/920/1699
f 1719/920/1699 1718/925/1698 1720/926/1700
f 1720/926/1700 1718/925/1698 1721/927/1701
f 1720/926/1700 1721/927/1701 1722/928/1702
f 1722/928/1702 1721/927/1701 1723/923/1703
f 1722/928/1702 1723/923/1703 1724/929/1704
f 1724/929/1704 1723/923/1703 1725/924/1705
f 1724/929/1704 1725/924/1705 1726/933/1706
f 1727/921/1707 1728/925/1708 1729/920/1709
f 1503/898/1710 1729/920/1709 1676/920/1711
f 1503/898/1710 1727/921/1707 1729/920/1709
f 1729/920/1709 1728/925/1708 1730/926/1712
f 1730/926/1712 1728/925/1708 1731/927/1713
f 1730/926/1712 1731/927/1713 1732/928/1714
f 1732/928/1714 1731/927/1713 1733/929/1715
f 1733/929/1715 1731/927/1713 1734/923/1716
f 1733/929/1715 1734/923/1716 1735/924/1717
f 1733/929/1715 1735/924/1717 1736/922/1718
f 1737/924/1719 1738/933/1720 1739/923/1721
f 1739/923/1721 1738/933/1720 1740/929/1722
f 1739/923/1721 1740/929/1722 1741/927/1723
f 1741/927/1723 1740/929/1722 1742/928/1724
f 1741/927/1723 1742/928/1724 1743/925/1725
f 1743/925/1725 1742/928/1724 1744/926/1726
f 1743/925/1725 1744/926/1726 1745/920/1727
f 1743/925/1725 1745/920/1727 1746/921/1728
f 1747/924/1729 1748/922/1730 1749/923/1731
f 1749/923/1731 1748/922/1730 1750/929/1732
f 1749/923/1731 1750/929/1732 1751/928/1733
f 1749/923/1731 1751/928/1733 1752/927/1734
f 1752/927/1734 1751/928/1733 1753/926/1735
f 1752/927/1734 1753/926/1735 1754/925/1736
f 1754/925/1736 1753/926/1735 1755/920/1737
f 1754/925/1736 1755/920/1737 1756/921/1738
f 1757/924/1739 1758/922/1740 1759/923/1741
f 1759/923/1741 1758/922/1740 1760/929/1742
f 1759/923/1741 1760/929/1742 1761/927/1743
f 1761/927/1743 1760/929/1742 1762/928/1744
f 1761/927/1743 1762/928/1744 1763/925/1745
f 1763/925/1745 1762/928/1744 1764/926/1746
f 1763/925/1745 1764/926/1746 1765/920/1747
f 1763/925/1745 1765/920/1747 1766/921/1748
f 1767/921/1749 1768/925/1750 1769/920/1751
f 1769/920/1751 1768/925/1750 1770/926/1752
f 1770/926/1752 1768/925/1750 1771/927/1753
f 1770/926/1752 1771/927/1753 1772/928/1754
f 1772/928/1754 1771/927/1753 1773/923/1755
f 1772/928/1754 1773/923/1755 1774/959/1756
f 1772/928/1754 1774/959/1756 1775/929/1757
f 1775/929/1757 1774/959/1756 1776/922/1758
f 1776/922/1758 1774/959/1756 1777/949/1759
f 1777/949/1759 1774/959/1756 1778/960/1760
f 1777/949/1759 1778/960/1760 1779/924/1761
f 1780/933/1762 1781/934/1763 1782/932/1764
f 1783/932/1765 1784/931/1766 1781/934/1767
f 1785/933/1768 1784/931/1766 1783/932/1765
f 1786/934/1769 1787/933/1770 1788/931/1771
f 1789/932/1772 1790/933/1773 1791/934/1774
f 1791/934/1774 1790/933/1773 1792/931/1775
f 1793/953/1776 1794/954/1777 1795/922/1778
f 1795/922/1778 1794/954/1777 1796/929/1779
f 1797/932/1774 1798/933/1780 1799/934/1781
f 1799/934/1781 1798/933/1780 1800/931/1782
f 1801/961/1783 1802/962/1784 1803/944/1785
f 1803/944/1785 1802/962/1784 1804/943/1786
f 1805/945/1787 1801/961/1783 1803/944/1785
f 1806/963/1788 1801/961/1783 1805/945/1787
f 1805/945/1787 1803/944/1785 1807/964/1789
f 1808/965/1790 1803/944/1785 1804/943/1786
f 1807/964/1789 1803/944/1785 1808/965/1790
f 1808/965/1790 1804/943/1786 1809/966/1791
f 1809/966/1791 1804/943/1786 1810/937/1792
f 1809/966/1791 1810/937/1792 1811/935/1793
f 1812/936/1794 1811/935/1795 1813/967/1796
f 1813/967/1796 1811/935/1795 1814/968/1797
f 1813/967/1796 1814/968/1797 1815/940/1798
f 1815/940/1798 1814/968/1797 1816/939/1799
f 1816/939/1799 1814/968/1797 1817/969/1800
f 1816/939/1799 1817/969/1800 1802/962/1801
f 1818/924/1802 1819/970/1803 1820/923/1804
f 1820/923/1804 1819/970/1803 1821/971/1805
f 1820/923/1804 1821/971/1805 1822/927/1806
f 1823/924/1807 1824/923/1808 1825/922/1809
f 1825/922/1809 1826/929/1810 1819/970/1803
f 1825/922/1809 1824/923/1808 1826/929/1810
f 1819/970/1803 1826/929/1810 1821/971/1805
f 1821/971/1805 1827/928/1811 1822/927/1806
f 1821/971/1805 1826/929/1810 1827/928/1811
f 1822/927/1806 1827/928/1811 1828/926/1812
f 1822/927/1806 1828/926/1812 1829/925/1813
f 1829/925/1813 1828/926/1812 1830/920/1814
f 1829/925/1813 1830/920/1814 1831/921/1815
f 1832/921/1816 1833/925/1817 1834/920/1818
f 1834/920/1818 1833/925/1817 1835/926/1819
f 1835/926/1819 1833/925/1817 1836/927/1820
f 1837/928/1821 1836/927/1820 1824/923/1822
f 1835/926/1819 1836/927/1820 1837/928/1821
f 1837/928/1821 1824/923/1822 1838/929/1823
f 1839/922/1824 1840/929/1825 1841/924/1826
f 1841/924/1826 1840/929/1825 1842/923/1827
f 1841/924/1826 1842/923/1827 1843/922/1828
f 1843/922/1828 1842/923/1827 1844/929/1829
f 1845/921/1830 1846/925/1831 1847/920/1832
f 1847/920/1832 1846/925/1831 1848/926/1833
f 1848/926/1833 1846/925/1831 1849/927/1834
f 1848/926/1833 1849/927/1834 1850/928/1835
f 1850/928/1835 1849/927/1834 1842/923/1827
f 1850/928/1835 1842/923/1827 1840/929/1825
f 1851/921/1836 1852/925/1837 1853/920/1838
f 1853/920/1838 1852/925/1837 1854/926/1839
f 1854/926/1839 1852/925/1837 1855/927/1840
f 1854/926/1839 1855/927/1840 1856/928/1841
f 1856/928/1841 1855/927/1840 1857/923/1842
f 1856/928/1841 1857/923/1842 1844/929/1843
f 1858/924/1844 1859/953/1845 1860/923/1846
f 1860/923/1846 1859/953/1845 1861/954/1847
f 1860/923/1846 1861/954/1847 1862/927/1848
f 1862/927/1848 1861/954/1847 1863/972/1849
f 1862/927/1848 1863/972/1849 1864/925/1850
f 1865/920/1851 1500/896/1852 1866/921/1853
f 1865/920/1851 1508/898/1854 1500/896/1852
f 1866/921/1853 1864/925/1850 1865/920/1851
f 1867/926/1855 1864/925/1850 1863/972/1849
f 1865/920/1851 1864/925/1850 1867/926/1855
f 1868/928/1856 1863/972/1849 1861/954/1847
f 1867/926/1855 1863/972/1849 1868/928/1856
f 1868/928/1856 1861/954/1847 1869/929/1857
f 1870/924/1858 1871/922/1859 1872/923/1860
f 1872/923/1860 1871/922/1859 1873/929/1861
f 1872/923/1860 1873/929/1861 1874/927/1862
f 1874/927/1862 1873/929/1861 1875/928/1863
f 1874/927/1862 1875/928/1863 1876/926/1864
f 1874/927/1862 1876/926/1864 1877/925/1865
f 1877/925/1865 1876/926/1864 1878/920/1866
f 1877/925/1865 1878/920/1866 1879/921/1867
f 1880/892/1868 1881/892/1869 1882/893/1870
f 1496/892/1466 1883/894/1871 1497/893/1467
f 1402/892/1367 1405/894/1370 1884/895/1872
f 1885/895/1873 1497/893/1467 1883/894/1871
f 1886/895/1874 1887/893/1875 1888/892/1876
