# Blender 5.1.1
# www.blender.org
mtllib Doug_BODY.mtl
o Doug_BODY
v 19.569216 10.812390 -21.560289
v 19.736580 9.911633 -21.814047
v 19.766266 10.123693 -21.310539
v 19.950054 10.289421 -20.986477
v 19.926064 11.213107 -21.302147
v 20.367224 10.372681 -20.888918
v 20.545155 11.281123 -21.343695
v 20.728765 10.372254 -21.017778
v 20.929802 10.252424 -21.359966
v 20.809423 11.215911 -21.839859
v 20.995628 10.047797 -21.848597
v 20.742548 11.080712 -22.344152
v 20.807199 9.874914 -22.258955
v 20.393415 10.456221 -22.559057
v 20.355965 9.749995 -22.431194
v 19.777578 10.784249 -22.623169
v 20.060308 9.734076 -22.364260
v 19.852276 9.779495 -22.177685
v 19.830463 9.806620 -21.182442
v 19.805046 9.588026 -21.678114
v 20.021645 9.975473 -20.860409
v 20.445158 10.054495 -20.759157
v 20.805712 10.044671 -20.881952
v 21.005060 9.919732 -21.221392
v 21.068649 9.721855 -21.710270
v 20.880138 9.556054 -22.124744
v 20.429026 9.431871 -22.298679
v 20.133255 9.415195 -22.230040
v 19.924427 9.457085 -22.040947
v 19.805048 9.588026 -21.678114
v 19.736580 9.911633 -21.814047
v 19.444059 10.950601 -22.314795
v 19.527838 11.735110 -22.912853
v 20.278748 11.693573 -22.891752
v 19.746212 12.007689 -23.128845
v 19.438299 11.935729 -22.996506
v 19.707571 12.455240 -23.227400
v 19.376854 12.263033 -23.081989
v 19.213655 12.152962 -22.883196
v 19.208351 12.309656 -22.951239
v 19.239317 11.962727 -22.823318
v 20.392765 12.977139 -22.784067
v 20.488930 12.880774 -22.674364
v 20.401745 12.650355 -22.849464
v 20.523489 12.625745 -22.607714
v 20.376020 12.444855 -22.858099
v 20.106045 12.613491 -23.201237
v 20.192928 12.136763 -23.094198
v 20.360481 12.235930 -22.922075
v 20.684652 12.019320 -22.445974
v 20.592951 12.388159 -22.524975
v 20.628908 12.059505 -22.071199
v 20.507130 12.536650 -22.445044
v 20.453123 12.621695 -22.155136
v 20.401131 11.812159 -21.499884
v 19.906857 11.729504 -21.452114
v 19.475241 11.838016 -21.796518
v 19.824648 12.239876 -21.578304
v 19.459099 12.178610 -21.811329
v 19.260113 11.997617 -22.106991
v 19.459099 12.178610 -21.811329
v 19.201035 12.051199 -22.605324
v 19.259146 12.106026 -22.166267
v 19.385996 12.424502 -21.903202
v 19.734007 12.569048 -21.699467
v 20.086315 12.613283 -21.742950
v 20.182339 12.316821 -21.631781
v 20.510483 12.431045 -22.083321
v 20.401131 11.812159 -21.499884
v 20.453123 12.621695 -22.155136
v 19.223650 12.296469 -22.273357
v 19.187536 12.170407 -22.497623
v 19.675526 12.732595 -21.737066
v 20.063568 12.788150 -21.791994
v 19.311180 12.576420 -21.939487
v 19.204985 12.409342 -22.204350
v 19.150417 12.332086 -22.452614
v 19.150135 12.234995 -22.676598
v 19.239317 11.962727 -22.823318
v 19.213709 12.152962 -22.883347
v 19.208387 12.309656 -22.951485
v 19.127047 12.458354 -22.728231
v 13.494178 12.653507 -25.264189
v 13.513458 13.000731 -25.798588
v 13.423551 12.697418 -25.794699
v 13.610459 12.719850 -26.213026
v 14.161972 12.423972 -25.025360
v 13.828053 12.746908 -25.026016
v 13.769987 12.582541 -25.034664
v 13.506736 12.651676 -25.257284
v 13.538645 12.828037 -25.284475
v 13.795713 10.806960 -24.952827
v 14.682337 12.060827 -25.533806
v 14.382853 11.987696 -25.180256
v 14.403110 12.104142 -25.201546
v 14.100519 12.163870 -25.025574
v 14.050337 11.829171 -25.040724
v 20.834293 9.554164 -22.074486
v 20.432732 9.452255 -22.222029
v 20.172955 9.435931 -22.162037
v 20.101238 9.755198 -22.296005
v 20.360077 9.769942 -22.355742
v 20.761065 9.874219 -22.209227
v 21.005013 9.705241 -21.706522
v 20.931870 10.030415 -21.843134
v 20.945946 9.879038 -21.260529
v 20.870441 10.208531 -21.399508
v 20.764879 9.992067 -20.960852
v 20.687815 10.318892 -21.094952
v 20.447710 10.006417 -20.841288
v 20.369467 10.325787 -20.971584
v 20.059078 9.931507 -20.932224
v 19.988394 10.247035 -21.058554
v 19.903570 9.791967 -21.209343
v 19.839422 10.110839 -21.338758
v 19.891533 9.583385 -21.675207
v 19.821819 9.906617 -21.811420
v 19.980892 10.257865 -21.603670
v 20.080013 10.417487 -21.280857
v 20.369467 10.325787 -20.971584
v 20.390018 10.457985 -21.267593
v 20.582056 10.361860 -21.565290
v 20.536106 10.220587 -21.872360
v 20.311506 10.146154 -21.990744
v 20.106945 10.163340 -21.902109
v 19.931166 9.798800 -22.123974
v 20.003317 9.476388 -21.987236
v 19.891533 9.583385 -21.675207
v 19.821819 9.906617 -21.811420
v 19.980892 10.257865 -21.603670
v 12.606885 10.112778 -24.648542
v 12.652802 10.063228 -24.724239
v 12.945702 10.053354 -24.478121
v 12.951038 10.014335 -24.563742
v 13.362670 9.917602 -24.535147
v 13.332671 9.887321 -24.613728
v 13.464780 10.198638 -24.692123
v 13.091162 10.329053 -24.643650
v 12.794538 10.385321 -24.807243
v 13.635649 9.585197 -25.354908
v 13.549466 9.594501 -25.365984
v 13.555622 9.511644 -25.741268
v 13.472631 9.537706 -25.699114
v 13.377609 9.520743 -25.960606
v 13.328602 9.540799 -25.897240
v 13.103998 9.590920 -26.067173
v 13.087829 9.602949 -25.990725
v 12.652732 9.765660 -25.944860
v 12.687030 9.752354 -25.887899
v 12.820500 10.068614 -25.969816
v 13.220185 9.917969 -26.073645
v 13.461414 9.858109 -25.982298
v 13.608006 9.856611 -25.786682
v 13.684412 9.914103 -25.453171
v 13.631458 10.068719 -24.965755
v 13.502810 9.753846 -24.884935
v 13.684585 9.913974 -25.453781
v 13.550029 9.594210 -25.367115
v 13.635836 9.585096 -25.355320
v 13.570863 9.754359 -24.847393
v 13.549171 10.267455 -25.227812
v 13.429989 10.405263 -24.901846
v 13.127871 10.490944 -24.920872
v 12.643177 10.335547 -25.144310
v 12.968003 10.456069 -25.249701
v 12.621683 10.214061 -25.611578
v 13.036222 10.342424 -25.564377
v 13.262987 10.247875 -25.662954
v 13.453283 10.224896 -25.548477
v 13.548876 10.267522 -25.227814
v 12.502810 10.009381 -25.058331
v 12.484282 9.892215 -25.528088
v 12.427139 9.918336 -25.543840
v 12.437731 10.039198 -25.055708
v 13.472544 10.231920 -24.617092
v 13.683102 10.072215 -24.924252
v 13.763556 9.909215 -25.423773
v 12.802046 10.077913 -26.037176
v 12.572642 10.235009 -25.649496
v 13.081152 11.245802 -26.019033
v 12.908141 11.343915 -25.556051
v 12.580547 10.380924 -25.132315
v 13.057162 11.333149 -24.984951
v 12.743769 10.435831 -24.740841
v 18.262035 11.491275 -25.276567
v 17.947468 11.468266 -25.530674
v 18.210297 12.089796 -25.192245
v 17.911732 12.081000 -25.437330
v 17.618534 11.472709 -25.747372
v 17.565527 12.084740 -25.651093
v 17.049740 12.123474 -25.851364
v 17.101217 11.481222 -25.959457
v 16.413803 11.474265 -26.054169
v 16.382002 12.183598 -25.958420
v 15.827209 11.491273 -26.014645
v 15.744150 12.273729 -25.895014
v 17.878262 12.656171 -25.388386
v 18.188244 12.671021 -25.119335
v 17.515093 12.671021 -25.579660
v 16.979244 12.735443 -25.855726
v 16.266766 12.831739 -26.022100
v 15.671092 12.865672 -25.981882
v 15.314318 12.279837 -25.633148
v 15.252592 11.527246 -25.743395
v 15.826934 10.759894 -26.153477
v 15.235596 10.823301 -25.867319
v 16.491159 10.704792 -26.263201
v 17.135630 10.705758 -26.176622
v 17.664337 10.713728 -25.931381
v 18.061722 10.721958 -25.678247
v 18.435226 10.754648 -25.393333
v 18.848064 10.791019 -24.985451
v 18.637602 11.519902 -24.871410
v 18.573999 12.137333 -24.784237
v 19.024364 11.587441 -23.724535
v 18.947613 11.552988 -24.265179
v 18.860477 12.306444 -23.614166
v 18.880459 12.221882 -24.200806
v 19.155174 10.828329 -24.414434
v 19.263084 10.893178 -23.762039
v 19.203230 10.948210 -23.116768
v 19.009279 11.610118 -23.102369
v 18.826904 12.303297 -23.120590
v 18.904427 12.853881 -23.614040
v 18.813932 12.829480 -24.121513
v 18.529902 12.736231 -24.699434
v 15.375584 14.802593 -22.976725
v 15.546388 14.764134 -23.137249
v 15.266982 14.345318 -22.806843
v 15.453451 14.335786 -23.022390
v 15.308693 13.281475 -22.833700
v 15.238720 13.276957 -22.625004
v 15.357507 14.383288 -22.674229
v 15.278053 13.273807 -22.617870
v 15.465861 14.302267 -22.742096
v 15.403984 13.248590 -22.732862
v 15.484924 14.207173 -22.935989
v 16.278608 14.222904 -22.305696
v 16.083691 13.261972 -22.116795
v 16.104462 14.319476 -22.215179
v 16.022718 13.288244 -21.957289
v 16.085703 14.400159 -22.100977
v 16.081823 14.344460 -22.161690
v 16.042898 13.289387 -21.925816
v 16.214079 13.292501 -22.068249
v 16.252726 14.349232 -22.351763
v 16.330614 14.762061 -22.497383
v 16.211182 14.807916 -22.294769
v 14.804369 10.848006 -25.360704
v 14.827150 11.533962 -25.220549
v 14.916492 12.305513 -25.101160
v 17.151470 9.917015 -26.411428
v 16.479580 9.910431 -26.506435
v 15.843472 9.964304 -26.433880
v 15.207665 10.002509 -26.091934
v 19.608093 10.153428 -23.865625
v 19.448956 10.079966 -24.483776
v 19.121880 10.041867 -25.073442
v 18.646580 9.983338 -25.485800
v 18.175732 9.932175 -25.795034
v 17.686184 9.906605 -26.126902
v 18.839857 13.415135 -23.856339
v 18.928125 13.455321 -23.453390
v 18.924683 13.415135 -23.849901
v 18.917286 13.625099 -23.712860
v 18.515598 13.378895 -24.693125
v 16.963024 13.377894 -25.929394
v 17.036762 14.162385 -25.855415
v 17.391375 14.138652 -25.578737
v 17.468143 13.330106 -25.597101
v 17.873302 13.285232 -25.381134
v 18.160965 13.331129 -25.058346
v 18.499022 14.148037 -24.714922
v 18.882441 14.155187 -24.079508
v 18.338310 15.105220 -24.707798
v 18.232084 14.164364 -24.991756
v 17.785744 14.995685 -25.158527
v 17.828632 14.139314 -25.315811
v 15.890475 13.426866 -26.094017
v 15.508867 13.469112 -25.904943
v 18.857904 12.802378 -23.106728
v 18.700729 12.780575 -22.405832
v 18.867752 13.315033 -22.489376
v 18.167627 13.249614 -21.643082
v 18.486269 12.780985 -21.749388
v 18.483494 13.224796 -21.739777
v 14.905702 12.760600 -25.028881
v 15.300145 12.808557 -25.633638
v 14.899813 13.308914 -25.149426
v 19.459572 10.155018 -23.198692
v 18.661037 12.336603 -22.488382
v 18.765484 11.593897 -22.490986
v 18.918758 10.942849 -22.525091
v 14.745051 12.325349 -24.724604
v 14.747891 12.750133 -24.638075
v 18.445354 9.230925 -25.989698
v 18.955563 9.305008 -25.640320
v 15.818036 9.212315 -26.682087
v 16.464676 9.144438 -26.769745
v 17.128239 9.141925 -26.751961
v 17.789032 9.175303 -26.437910
v 18.318123 9.209542 -26.063614
v 18.560551 11.581568 -22.197254
v 18.686190 10.910620 -22.184629
v 18.551674 10.872572 -21.921545
v 18.757017 10.052777 -21.962336
v 18.927197 10.080450 -22.256956
v 19.256716 10.140101 -22.599314
v 19.565708 9.417909 -22.558384
v 19.730967 9.410792 -23.241693
v 19.895744 9.425632 -23.917181
v 19.758615 9.390998 -24.587286
v 19.468609 9.397816 -25.227613
v 16.026159 12.127672 -21.843822
v 16.454172 11.431617 -21.855532
v 16.152750 11.410167 -21.708185
v 16.136665 12.194396 -21.764742
v 16.570284 12.219214 -21.851717
v 16.166994 11.435331 -21.708185
v 16.084778 12.159432 -21.803442
v 16.601114 10.648268 -21.524847
v 16.256115 11.399031 -21.555677
v 16.461306 10.628229 -21.376440
v 16.869713 9.864671 -21.352421
v 16.461470 10.627290 -21.376114
v 16.672487 9.845789 -21.129923
v 18.461372 11.565996 -21.928020
v 16.259581 11.400320 -21.551874
v 16.461634 10.632345 -21.376646
v 16.343203 11.427850 -21.799763
v 16.664394 10.650932 -21.504471
v 16.579796 11.432444 -21.675987
v 16.884756 10.679527 -21.438360
v 16.959503 11.460504 -21.612825
v 17.282396 10.721533 -21.402752
v 17.533205 11.513814 -21.511482
v 17.765606 10.788132 -21.452288
v 18.093979 11.544965 -21.584202
v 18.242876 10.836868 -21.619869
v 18.559868 10.870028 -21.920748
v 16.380087 12.192008 -21.786343
v 16.157534 11.418618 -21.708185
v 16.077368 12.151344 -21.803442
v 16.572256 12.217759 -21.763170
v 16.970387 12.263762 -21.621571
v 17.470337 12.391068 -21.543871
v 17.946550 12.585143 -21.577660
v 19.150059 9.285269 -22.066963
v 18.543718 10.044411 -21.666292
v 18.012823 9.981316 -21.408669
v 17.548214 9.951023 -21.263391
v 17.202522 9.900279 -21.326084
v 16.953226 9.867150 -21.348658
v 16.873295 9.863503 -21.314566
v 16.672106 9.845768 -21.130295
v 18.844742 9.351500 -21.592262
v 18.305471 9.323006 -21.299856
v 17.824938 9.278655 -21.123413
v 17.417133 9.205238 -21.137367
v 13.011138 6.908732 -23.275425
v 13.089151 7.017830 -22.972723
v 12.665756 6.361188 -23.426006
v 12.789813 6.338839 -23.131975
v 17.349468 17.021601 -24.345310
v 17.169888 16.599056 -24.971256
v 16.947037 17.009602 -24.632988
v 16.650429 16.593771 -25.331684
v 17.572821 16.939756 -23.903547
v 17.866680 16.545538 -24.216955
v 18.212708 16.483252 -23.756033
v 17.113523 9.151282 -21.118361
v 16.850561 9.122760 -20.845764
v 14.131447 6.977155 -26.561106
v 13.999870 6.179863 -26.833891
v 13.569050 6.143933 -26.433281
v 14.830643 6.920893 -26.936489
v 14.702133 6.091520 -27.177179
v 14.948834 7.706728 -26.678539
v 15.020808 8.516878 -26.474146
v 15.740692 8.450234 -26.947321
v 15.535247 7.709523 -27.148939
v 15.358032 6.914145 -27.428499
v 15.260789 6.112318 -27.625244
v 14.449616 8.511448 -26.033073
v 14.647081 9.282166 -25.853697
v 15.143792 9.234753 -26.285690
v 14.222547 7.782718 -26.198961
v 13.856213 6.979703 -26.312550
v 13.581250 6.939628 -25.767298
v 13.390509 6.086831 -25.885778
v 13.150812 6.951698 -25.173752
v 12.964918 6.171340 -25.207544
v 12.910222 6.945868 -24.665943
v 12.647283 6.256672 -24.668114
v 12.787418 6.964447 -24.132849
v 12.503600 6.320219 -24.125841
v 12.830812 6.989892 -23.723217
v 12.571552 6.307670 -23.815229
v 12.844662 7.040648 -23.271465
v 12.590669 6.361619 -23.419392
v 14.045859 8.501907 -25.539572
v 13.803301 7.755499 -25.650700
v 13.427907 7.751524 -25.087002
v 13.291826 7.718512 -24.644077
v 13.166045 7.696025 -24.152668
v 13.198777 7.742532 -23.681833
v 13.213448 7.631992 -23.213402
v 13.452871 7.619315 -22.920321
v 13.289370 7.624055 -23.218040
v 13.721310 8.498257 -24.986246
v 13.645943 8.470599 -24.525425
v 13.565087 8.439176 -24.090679
v 13.652643 8.372567 -23.601456
v 13.614043 8.382317 -23.202703
v 13.753208 8.339399 -22.911518
v 14.272430 9.274567 -25.364679
v 13.988834 9.250499 -24.871403
v 13.915707 9.211323 -24.374928
v 13.961139 9.167684 -23.872791
v 14.064754 9.089874 -23.444672
v 14.096527 9.110177 -23.140217
v 14.165623 9.071025 -22.854288
v 14.153342 9.097329 -23.144560
v 13.682032 8.371036 -23.206280
v 16.849821 9.122435 -20.846689
v 17.120911 9.151205 -21.078686
v 19.840668 8.661012 -22.486858
v 19.389940 8.610934 -21.986210
v 19.579876 7.865159 -21.827110
v 20.438648 6.283761 -21.906116
v 20.295811 7.115705 -22.053101
v 20.081116 6.256037 -21.492376
v 19.827625 7.043807 -21.598278
v 19.629869 6.363727 -20.753361
v 19.506844 7.083529 -20.935585
v 19.291168 7.899604 -21.190058
v 19.057247 8.655383 -21.399092
v 20.208900 8.678180 -23.897987
v 19.971411 8.639882 -23.209873
v 20.217541 7.907046 -23.167414
v 20.095943 7.933055 -22.392210
v 20.492346 7.088327 -23.081701
v 20.471138 7.096740 -22.457060
v 20.685522 6.304691 -22.484922
v 20.732761 6.288063 -23.017275
v 20.798904 7.128566 -23.586132
v 21.025267 6.376774 -23.555956
v 21.097534 6.409917 -24.198072
v 20.854280 7.131588 -24.166199
v 20.908730 6.404603 -24.823042
v 20.649059 7.133653 -24.783279
v 20.572561 7.195136 -25.376457
v 20.812496 6.481759 -25.471329
v 20.533094 6.455296 -25.970249
v 20.331333 7.151339 -25.837618
v 20.037817 6.394866 -26.305157
v 19.810017 7.103568 -26.184044
v 19.424320 6.390668 -26.840921
v 19.215427 7.107969 -26.682604
v 19.290936 8.576282 -25.842035
v 19.798191 8.662522 -25.364256
v 19.557213 7.838245 -26.018923
v 20.067501 7.883223 -25.633871
v 20.237610 7.917090 -25.340675
v 20.382557 7.933490 -24.728697
v 18.970394 7.809725 -26.481358
v 18.711430 8.503775 -26.238493
v 20.061066 8.675673 -24.654667
v 20.540947 7.954543 -24.067080
v 20.507736 7.950301 -23.715567
v 16.415174 6.870290 -27.525772
v 16.996651 6.926957 -27.648842
v 16.382042 6.060472 -27.750353
v 16.996706 6.142674 -27.868723
v 17.983906 7.743574 -27.033648
v 18.053854 7.027864 -27.328316
v 17.332575 7.724070 -27.298294
v 17.457140 6.976081 -27.592825
v 18.110929 6.298461 -27.549612
v 17.538071 6.241094 -27.820881
v 17.037498 7.699044 -27.325560
v 16.423628 7.657417 -27.261391
v 15.777330 7.705290 -27.244160
v 15.746706 6.899103 -27.565376
v 15.705912 6.091465 -27.784101
v 17.892784 8.428320 -26.751822
v 17.161020 8.389356 -27.043949
v 16.436646 8.376385 -27.026779
v 18.987921 6.354713 -27.122007
v 18.855593 7.074924 -26.912735
v 18.697319 7.779712 -26.648663
v 18.504665 8.473858 -26.357052
v 15.359100 15.892934 -24.263735
v 15.738909 16.195208 -24.449142
v 15.639248 16.194643 -24.578363
v 15.339719 15.893235 -24.300270
v 15.438600 15.895541 -24.141508
v 14.909251 15.440669 -24.299654
v 15.157731 15.883944 -24.570225
v 15.376090 16.197773 -24.819790
v 15.184563 15.829416 -24.655731
v 15.166828 15.881302 -24.557402
v 14.899095 15.402472 -24.560017
v 14.695668 15.183655 -24.780298
v 14.843159 15.598489 -24.925270
v 14.957627 15.863078 -25.093178
v 15.098504 16.101271 -25.313728
v 15.622512 16.409548 -25.060951
v 15.936854 16.547092 -25.270199
v 15.383748 16.208843 -25.597486
v 17.739586 15.913046 -22.405624
v 18.043983 15.447878 -22.058977
v 18.134340 15.878076 -22.382113
v 18.082659 15.456017 -22.036304
v 18.376728 15.417561 -22.157173
v 18.874414 16.137772 -22.954786
v 18.300571 16.458342 -23.191441
v 18.747709 16.034361 -22.576788
v 18.191057 16.316736 -22.833462
v 18.190296 16.163204 -22.618593
v 18.709921 15.837115 -22.440222
v 18.657116 15.588475 -22.290581
v 18.249033 15.832287 -22.439920
v 18.652443 15.188059 -22.119522
v 18.161472 16.157162 -22.633308
v 17.668858 15.875745 -22.431858
v 17.540684 16.132099 -22.836163
v 17.440670 15.865134 -22.501339
v 18.504303 16.030071 -24.048410
v 18.693703 15.680576 -24.022863
v 18.839945 15.905492 -23.815666
v 18.627665 16.217018 -23.595427
v 18.373640 16.460104 -23.358109
v 18.124744 15.949173 -24.510565
v 18.780638 15.508674 -24.095682
v 18.594414 15.233658 -24.315006
v 18.987900 14.832319 -23.966122
v 18.791229 15.397806 -23.966890
v 18.962709 14.943559 -23.865677
v 19.009676 14.481770 -23.721081
v 19.057076 14.546678 -23.699768
v 19.057903 15.033634 -23.807598
v 18.964703 15.446750 -23.850296
v 18.834469 16.127760 -22.895475
v 18.255726 16.449505 -23.128447
v 18.977179 15.968771 -23.335243
v 19.018457 15.697393 -23.592184
v 19.052689 15.331077 -23.683880
v 19.072315 14.734419 -23.624365
v 18.937521 14.265480 -23.373611
v 17.291552 8.437395 -20.803577
v 16.852186 9.122605 -20.844685
v 17.056732 8.393744 -20.514948
v 17.480490 7.744256 -20.482887
v 17.295990 7.690719 -20.186060
v 17.292156 7.690465 -20.188560
v 17.477045 7.744112 -20.485256
v 17.569405 6.953667 -19.821802
v 17.732311 7.032974 -20.077477
v 17.827347 6.358441 -19.603247
v 17.961620 6.385576 -19.738762
v 17.293190 7.690534 -20.187887
v 17.492203 7.744327 -20.428377
v 17.751015 7.033062 -20.012909
v 18.000830 6.412813 -19.677118
v 18.310122 6.387043 -19.888220
v 17.997734 7.063119 -20.330034
v 18.429268 6.272680 -20.294064
v 18.313343 7.088585 -20.616497
v 18.911304 6.257451 -20.612461
v 18.926376 7.119946 -20.707161
v 18.783661 7.893185 -20.935244
v 18.232288 7.878148 -20.828596
v 17.816658 7.768946 -20.701057
v 17.054155 8.393450 -20.517017
v 17.300827 8.436202 -20.755911
v 17.607035 8.461523 -20.973276
v 18.061031 8.596438 -21.027271
v 18.571125 8.620167 -21.186455
v 15.972775 14.958445 -26.033531
v 16.213333 15.401722 -25.880154
v 16.423460 15.532001 -25.926748
v 16.379042 15.703160 -25.802206
v 16.654209 16.087925 -25.653648
v 16.168392 16.292204 -25.658779
v 16.187754 16.597301 -25.448421
v 17.247532 15.978683 -25.358437
v 16.663443 15.247361 -25.911150
v 16.047461 14.849179 -26.128698
v 15.749247 14.496526 -26.053913
v 15.697016 14.563871 -26.077728
v 15.849068 15.046290 -26.085674
v 15.982941 15.457443 -25.995583
v 16.107729 15.932978 -25.872150
v 15.418903 16.234850 -25.633501
v 15.965365 16.583986 -25.288364
v 15.618850 16.008757 -25.799633
v 15.743238 15.709621 -25.910892
v 15.763649 15.338410 -25.994772
v 15.645183 14.746782 -26.024799
v 15.478504 14.276610 -25.809984
v 14.898948 13.309380 -25.147778
v 14.620113 13.191173 -24.355471
v 14.739029 12.327689 -24.720089
v 14.575783 12.328557 -24.388411
v 14.724705 12.757574 -24.632790
v 14.634369 12.752437 -24.363548
v 14.580580 12.555275 -23.993843
v 14.688437 13.212297 -24.083267
v 18.864353 14.133554 -23.911133
v 16.238739 14.165492 -26.071276
v 16.015364 14.147141 -26.059057
v 15.737372 13.640076 -26.046478
v 15.507493 13.469308 -25.906517
v 17.211884 15.117281 -25.668003
v 18.616552 12.775171 -22.001091
v 18.864197 13.315033 -22.489857
v 18.523375 13.224796 -21.723602
v 18.874859 13.315033 -22.488415
v 18.771126 12.770912 -22.395327
v 18.888618 13.480347 -23.180855
v 18.911903 13.455321 -23.457191
v 18.514730 12.352822 -22.111956
v 18.420750 12.352551 -21.764374
v 18.314543 12.355020 -21.799654
v 18.882580 13.315033 -22.487373
v 18.877409 13.459475 -22.650354
v 18.880930 13.480347 -23.182785
v 18.622911 12.775171 -21.998487
v 18.552942 13.224796 -21.711613
v 18.556061 12.780985 -21.721096
v 18.977701 13.716478 -23.539045
v 15.648769 15.301475 -23.302614
v 15.536366 14.801854 -23.272514
v 15.373202 14.383049 -23.082153
v 15.290319 13.282954 -22.875147
v 15.105203 12.189846 -22.889193
v 15.049212 12.204677 -22.673664
v 15.076118 12.204157 -22.710012
v 15.118883 12.206696 -23.116602
v 15.245056 13.271914 -23.005442
v 15.115982 14.407274 -23.425512
v 15.199584 13.264481 -23.041098
v 15.010344 13.457540 -25.270227
v 14.809052 13.772382 -24.741072
v 14.713702 14.499808 -24.256243
v 14.803987 14.458508 -23.909693
v 14.723015 13.226701 -23.825191
v 14.650983 12.358027 -23.685249
v 14.829256 13.234845 -23.554905
v 14.942916 13.255477 -23.292835
v 14.773423 12.254886 -23.355312
v 15.113401 12.195842 -23.087452
v 14.854912 14.447675 -23.686493
v 15.010375 13.457561 -25.269989
v 15.291102 12.809356 -25.647776
v 15.332622 13.490486 -25.692635
v 15.631179 12.870599 -26.033531
v 18.673336 13.794877 -22.139294
v 18.453878 14.532348 -21.715807
v 18.408714 14.532348 -21.737108
v 18.160995 13.249614 -21.647133
v 17.935936 14.495277 -21.686207
v 16.527004 14.804013 -22.355595
v 16.480595 14.366946 -22.206852
v 16.506592 13.286166 -21.910519
v 16.924866 14.416992 -21.985689
v 16.915489 13.277548 -21.754894
v 17.522657 14.472431 -21.783037
v 17.356201 13.269447 -21.663578
v 17.769716 13.261660 -21.624113
v 16.261086 13.295825 -22.059580
v 16.290396 12.162873 -21.874897
v 16.397619 13.286063 -22.071617
v 16.447214 14.279393 -22.266088
v 18.720667 13.794877 -22.122522
v 18.587833 13.224796 -21.697460
v 18.878080 13.315033 -22.487980
v 18.967396 14.200304 -23.859875
v 19.051765 14.270224 -23.750906
v 18.962582 14.105565 -23.497269
v 18.878914 13.970469 -22.935371
v 18.874035 13.459475 -22.650774
v 18.841333 14.224878 -22.320269
v 18.708246 13.794877 -22.126923
v 15.046744 12.218902 -23.059387
v 15.162745 13.276565 -23.030674
v 15.535958 13.732842 -25.991230
v 15.333132 13.490425 -25.691969
v 17.730795 15.870826 -24.963749
v 17.557287 16.547424 -24.639881
v 14.485481 9.861029 -23.103033
v 14.696126 10.695260 -22.815575
v 14.669183 10.704399 -23.027424
v 14.506506 9.828336 -22.829567
v 14.680961 11.537430 -24.879473
v 14.430316 11.545922 -24.531061
v 14.390504 11.527813 -24.279068
v 14.304432 10.813464 -24.622412
v 14.270724 10.796144 -24.489500
v 14.156418 9.974173 -24.740324
v 14.326622 10.740768 -23.958248
v 14.101731 9.941522 -24.209583
v 14.460634 10.726101 -23.498432
v 14.255295 9.907279 -23.693493
v 14.596917 10.713328 -23.162071
v 14.394641 9.866105 -23.371262
v 14.900776 11.468347 -22.974573
v 14.855604 11.471774 -23.054562
v 14.626389 11.484633 -23.406666
v 14.476220 11.486292 -23.859816
v 14.856684 11.464089 -22.753380
v 14.900776 11.468347 -22.974573
v 14.905783 11.466063 -22.777094
v 14.942033 11.469593 -23.089228
v 14.724155 10.683941 -23.060995
v 14.905783 11.466063 -22.777094
v 14.724155 10.683941 -23.060995
v 14.541775 9.859844 -23.038574
v 14.724685 10.636080 -23.060995
v 18.660686 14.583645 -21.964231
v 18.717295 14.689840 -22.014063
v 18.690550 15.192153 -22.113220
v 18.525894 14.940233 -21.984812
v 18.203247 14.991797 -21.831074
v 18.591599 14.583039 -21.985285
v 18.340694 14.531513 -21.768820
v 18.471413 14.939939 -22.005766
v 18.121639 15.465198 -22.015844
v 18.370668 15.421643 -22.164665
v 17.783680 14.976542 -21.806496
v 17.907307 14.491801 -21.706322
v 18.316486 14.530550 -21.779812
v 14.963642 14.937520 -23.785622
v 15.220597 14.856004 -23.569305
v 15.386118 15.366746 -23.714863
v 14.872138 14.954140 -23.910097
v 15.066254 15.447255 -24.039337
v 15.148452 15.428394 -23.924507
v 15.439802 15.567159 -23.863798
v 15.667901 15.289582 -23.433867
v 15.722751 15.634053 -23.717918
v 16.041615 16.379574 -24.510794
v 16.503778 16.812138 -24.747076
v 16.410835 16.740284 -24.869225
v 15.933111 16.410019 -24.661777
v 14.743250 14.966328 -24.218287
v 14.737973 14.920343 -24.555790
v 14.675603 14.582551 -24.588854
v 14.899657 14.949677 -23.883677
v 14.831523 14.213291 -24.964281
v 14.696225 14.577918 -24.573122
v 14.647278 14.673790 -24.683626
v 14.701351 15.180310 -24.754057
v 15.196462 13.972930 -25.472151
v 15.534666 14.121440 -25.929848
v 15.704239 14.290174 -26.140036
v 15.877230 14.217351 -26.137886
v 17.768936 16.646610 -23.459845
v 17.660391 16.328054 -23.014076
v 18.031389 16.091078 -22.577398
v 17.435810 16.290903 -23.106428
v 17.634586 16.707138 -23.503004
v 17.649826 15.449351 -22.088963
v 18.006004 15.435227 -22.072912
v 17.405983 15.414013 -22.173885
v 17.142757 15.539725 -22.462465
v 16.826675 15.604537 -22.720913
v 17.459284 14.941947 -21.911966
v 17.079556 15.357766 -22.350273
v 16.640734 15.281855 -22.588095
v 16.474047 15.289638 -22.584656
v 16.997772 14.866273 -22.140015
v 17.736507 16.646671 -23.411961
v 17.771599 16.829319 -23.658875
v 17.606953 16.708883 -23.461523
v 16.420214 16.772812 -24.863266
v 16.695629 16.941891 -24.873392
v 16.507055 16.838947 -24.736191
v 14.302764 10.814214 -24.620380
v 14.526440 9.985873 -25.238480
v 14.592713 10.840807 -24.995201
v 14.525105 9.986036 -25.240227
v 14.544562 9.849353 -23.038574
v 14.766802 10.014085 -25.647297
v 14.526434 9.985874 -25.238487
v 14.593399 10.840920 -24.992785
v 14.680349 11.538078 -24.875849
v 18.146549 9.932960 -25.749914
v 15.433910 10.953497 -23.422009
v 15.506129 11.254965 -23.382856
v 15.463802 11.262650 -23.438189
v 15.285925 11.091034 -24.503588
v 15.172251 10.224893 -24.005367
v 15.229752 11.056288 -24.041536
v 15.273939 10.994845 -23.700983
v 15.241405 11.319420 -24.035625
v 15.315874 11.293327 -23.703943
v 15.464220 11.264176 -23.438189
v 15.298090 10.539776 -23.593838
v 15.372309 10.229047 -23.551638
v 15.540413 10.266266 -23.387802
v 15.598919 10.110076 -23.313349
v 15.851473 9.891217 -23.086613
v 15.836073 10.046919 -23.076897
v 15.742345 11.125397 -25.258013
v 15.087613 9.650182 -24.716913
v 15.441227 9.482313 -25.241020
v 15.043350 9.907882 -24.248508
v 15.195165 9.968691 -23.946728
v 15.513909 9.958810 -23.466028
v 16.098145 9.384888 -23.141911
v 16.110876 9.551645 -22.993343
v 16.027016 9.920658 -22.938446
v 15.666994 10.479825 -23.140076
v 15.634356 10.909947 -23.156466
v 15.504161 11.247875 -23.382856
v 15.077285 9.108649 -23.979752
v 15.494045 9.639238 -23.429644
v 15.489691 9.283212 -23.409769
v 16.152742 9.150640 -23.274240
v 16.140545 8.501226 -23.295843
v 16.701204 8.799949 -23.514442
v 16.421112 9.016552 -23.267246
v 16.398428 9.097856 -23.145044
v 15.976941 10.384757 -22.899437
v 15.945774 10.873437 -22.870651
v 16.786753 8.783578 -23.567951
v 17.208496 8.581775 -24.110834
v 16.561855 8.301468 -23.435381
v 16.908003 8.193820 -23.626240
v 17.083061 8.489642 -23.906635
v 17.231596 8.575621 -24.110834
v 17.322828 8.567606 -24.243418
v 17.105324 8.482474 -23.906635
v 15.948976 11.220783 -22.886053
v 15.896208 11.173202 -22.914064
v 15.901709 10.932019 -22.931356
v 15.633949 10.907221 -23.156466
v 15.903276 10.939748 -22.931356
v 15.894864 11.168998 -22.914064
v 17.624527 11.271493 -25.032190
v 17.605509 11.084883 -25.004959
v 17.106876 11.254435 -25.330244
v 17.104021 11.045350 -25.356293
v 16.411249 11.298893 -25.557631
v 16.404396 11.085746 -25.571011
v 16.368906 9.619450 -25.621914
v 15.861367 9.161610 -25.460909
v 15.932417 8.789519 -25.492146
v 16.239943 9.031301 -25.480564
v 16.372374 8.485458 -25.461340
v 16.936050 8.590732 -25.228935
v 17.015614 8.964224 -25.403187
v 17.136049 8.662066 -24.931747
v 17.309067 8.773780 -24.897696
v 17.172098 8.589755 -24.650991
v 17.180822 8.597993 -24.243418
v 17.204290 8.387756 -24.912683
v 16.985924 8.520919 -23.906635
v 17.074703 9.609008 -25.494301
v 17.247206 9.105404 -25.281073
v 17.455975 9.413551 -25.140865
v 17.572001 9.064790 -24.870283
v 15.778317 11.331601 -25.240194
v 15.742661 11.126611 -25.258013
v 15.286083 11.091928 -24.503588
v 15.309348 11.355681 -24.488344
v 15.286083 11.091928 -24.503588
v 15.309348 11.355681 -24.488344
v 15.241924 11.321415 -24.035625
v 19.444359 5.578510 -23.034405
v 19.837563 5.390012 -23.347370
v 19.665379 5.709806 -23.344282
v 19.907841 4.799136 -23.380524
v 19.992289 5.204510 -23.693920
v 19.774401 5.809320 -23.886114
v 19.640245 5.911147 -23.247473
v 19.385746 5.734746 -22.960064
v 19.210615 5.350523 -22.945292
v 19.122086 5.814012 -22.763725
v 18.663031 5.501233 -22.688580
v 18.645983 5.928072 -22.714523
v 18.156693 5.790929 -22.812569
v 18.483309 6.294875 -22.681190
v 17.987715 6.117896 -22.819191
v 17.623177 7.420351 -22.532223
v 17.269413 7.264760 -22.984924
v 16.952663 8.406474 -22.919209
v 16.972059 8.229917 -23.299368
v 16.843586 8.745096 -23.487539
v 19.614075 6.094329 -24.123882
v 19.534658 6.105711 -23.283171
v 19.517487 6.421215 -23.256279
v 19.056885 6.118750 -22.746368
v 18.925791 6.556892 -22.674915
v 18.293285 7.814585 -22.440006
v 18.932495 8.574281 -22.934250
v 19.305632 6.989210 -23.191809
v 19.187841 8.140260 -23.543356
v 19.371962 6.625448 -23.274305
v 19.459692 6.696517 -23.790968
v 19.475080 6.582529 -24.191767
v 19.458994 6.690462 -24.235626
v 19.290871 7.114005 -24.249392
v 19.980108 4.941410 -24.151363
v 19.671947 5.837801 -24.282341
v 19.012167 6.048179 -24.611546
v 19.105709 6.401636 -24.444622
v 18.899548 6.513402 -24.585413
v 18.757116 7.046774 -24.557198
v 18.147835 7.901297 -24.488552
v 18.375919 6.352113 -24.564756
v 17.640343 7.780507 -24.372822
v 17.827335 7.066514 -24.355024
v 18.130417 6.019677 -24.333235
v 18.520752 6.049320 -24.538994
v 18.536186 5.761752 -24.516674
v 19.075855 5.685189 -24.643576
v 19.641069 4.737317 -24.576912
v 19.172461 4.753427 -24.741364
v 18.620453 5.556530 -24.546618
v 18.623491 5.167887 -24.616720
v 18.716448 4.704590 -24.630590
v 18.142048 5.346694 -24.317904
v 18.174183 5.505071 -24.318272
v 17.211893 8.448159 -23.906635
v 18.104244 8.450172 -24.516644
v 18.685757 8.134698 -24.309116
v 18.451454 8.726459 -24.430838
v 18.898651 8.719981 -24.007141
v 18.825340 9.254811 -23.891094
v 19.004604 9.050421 -23.611982
v 18.907442 9.400431 -23.534428
v 18.779722 9.690213 -23.063457
v 18.756578 9.806974 -24.064568
v 18.412262 11.231023 -23.350952
v 18.490440 11.179028 -24.082420
v 18.460382 11.380700 -24.083986
v 18.034254 11.280789 -24.653221
v 18.071177 11.076624 -24.658321
v 17.581909 11.263761 -25.032190
v 17.551603 11.072758 -25.004959
v 18.366211 9.706593 -24.670776
v 18.466446 9.100188 -24.576702
v 18.380615 9.768514 -22.543808
v 17.812481 9.123799 -22.262505
v 17.117876 9.196763 -22.424829
v 16.758522 9.043668 -22.967863
v 16.640741 8.943868 -23.188047
v 16.438734 9.060770 -23.145044
v 16.554981 9.328506 -22.874369
v 16.268097 9.510696 -22.925795
v 17.050240 9.551521 -22.446226
v 17.008959 9.907491 -22.476624
v 16.810402 10.044990 -22.504793
v 16.525991 9.829387 -22.650204
v 16.880880 10.208402 -22.480587
v 17.099825 10.173217 -22.384396
v 17.568760 9.958888 -22.362490
v 16.502031 9.990579 -22.637497
v 17.130518 10.501478 -22.332424
v 17.590164 10.216277 -22.364332
v 17.912050 9.941833 -22.332470
v 17.895845 11.120064 -22.651808
v 17.509991 11.036997 -22.431894
v 17.192535 10.949134 -22.349771
v 16.888086 10.888793 -22.398243
v 16.831497 10.884408 -22.414713
v 16.585186 10.855772 -22.489887
v 16.585037 10.440650 -22.510870
v 16.223471 10.848302 -22.684013
v 16.116533 10.355802 -22.767008
v 15.942872 10.857197 -22.870651
v 15.984034 10.361046 -22.862082
v 15.978822 10.363745 -22.899437
v 16.048773 9.894341 -22.909637
v 16.037682 9.891879 -22.938446
v 16.140282 9.525276 -22.964529
v 16.130249 9.520489 -22.993343
v 16.175804 9.912329 -22.831076
v 17.249052 8.570971 -24.110834
v 17.138744 8.471713 -23.906635
v 16.836269 8.756740 -23.567951
v 17.020809 8.147553 -23.636709
v 17.557411 7.787938 -24.372822
v 17.293064 7.180973 -23.740654
v 17.747841 7.069097 -24.355024
v 17.764111 6.005651 -23.934219
v 17.972479 6.018633 -24.333235
v 17.898945 5.501261 -24.094086
v 18.027470 5.502543 -24.318470
v 18.069073 5.345450 -24.321238
v 18.019606 5.270846 -24.030691
v 18.054186 5.335866 -23.684340
v 17.851349 5.660437 -23.613390
v 17.988470 5.302093 -23.336563
v 17.844538 5.705007 -23.340523
v 18.088400 5.330412 -23.064375
v 17.919226 5.685261 -23.078051
v 17.730602 6.063222 -23.153448
v 17.677860 6.005067 -23.525305
v 18.298109 5.358539 -22.824009
v 18.217541 9.188915 -24.741556
v 17.940586 9.449186 -24.883801
v 17.922325 8.804590 -24.638395
v 18.074739 8.717006 -24.504299
v 17.819277 8.596522 -24.414845
v 17.413385 8.548227 -24.243418
v 17.709717 9.063330 -24.870283
v 16.066998 11.200908 -22.799248
v 15.944317 11.207732 -22.886053
v 15.891869 11.159627 -22.914064
v 15.900327 10.925204 -22.931356
v 16.274611 11.184443 -22.686693
v 16.328417 11.167423 -22.648975
v 16.573349 11.175612 -22.520048
v 16.812311 11.195547 -22.451607
v 16.867731 11.196933 -22.432240
v 17.153093 11.243184 -22.390079
v 17.472376 11.296612 -22.440907
v 17.850933 11.375033 -22.667959
v 18.377218 11.414294 -23.377956
v 16.426729 5.775345 -23.633480
v 16.409361 5.351143 -23.676939
v 16.747108 5.705149 -23.787148
v 16.779482 5.344824 -23.938028
v 17.274082 5.517434 -24.087776
v 17.461559 5.488985 -24.370489
v 17.453827 6.010647 -24.381170
v 17.136450 6.032146 -23.984211
v 16.709095 6.070836 -23.671713
v 16.298767 6.125612 -23.565742
v 16.130274 5.749346 -23.583820
v 15.833030 6.145282 -23.657616
v 15.771255 5.805718 -23.714039
v 15.486156 6.217855 -24.083612
v 15.490794 5.827555 -24.150572
v 15.298147 6.374002 -24.536295
v 15.359405 5.917791 -24.575911
v 15.610571 6.707712 -25.158636
v 15.697084 6.337782 -25.163809
v 15.881567 7.857126 -25.433973
v 16.142937 6.386282 -25.446058
v 16.605633 6.830195 -25.562712
v 17.006296 7.250407 -23.704786
v 16.196148 7.366683 -23.360077
v 15.559510 7.480913 -23.533575
v 15.185585 7.737727 -24.184172
v 15.359349 8.344433 -25.090950
v 15.074694 9.112757 -23.979752
v 15.476766 9.303889 -23.409769
v 16.095327 8.533866 -23.295843
v 16.540211 8.312215 -23.435381
v 16.931711 8.185691 -23.626240
v 15.087547 9.650345 -24.716913
v 15.440762 9.483181 -25.241020
v 15.931625 8.790217 -25.492146
v 16.372110 8.485600 -25.461340
v 16.794106 7.960243 -25.267513
v 16.929571 8.592715 -25.228935
v 17.174879 8.392553 -24.912683
v 17.199249 7.846481 -24.827749
v 16.952478 8.531689 -23.906635
v 17.316837 7.814236 -24.349094
v 17.332823 6.290280 -24.743156
v 17.305616 7.080895 -24.378447
v 17.246632 6.012567 -24.381170
v 17.272362 5.968440 -24.765423
v 17.276613 5.685080 -24.709908
v 16.561483 6.380189 -25.606873
v 17.112112 6.336473 -25.206411
v 16.914648 6.180162 -25.314030
v 17.137590 5.858342 -25.213518
v 17.183708 5.490402 -25.208242
v 17.289808 5.461665 -24.788849
v 17.254236 5.488580 -24.370489
v 17.101450 6.886507 -25.193653
v 15.647060 6.105171 -25.242624
v 15.692619 5.794295 -25.199720
v 16.451414 5.764463 -25.575405
v 16.523436 6.271482 -25.580925
v 16.603168 5.501267 -25.633429
v 16.194811 5.450336 -25.571714
v 15.638483 5.580540 -25.240402
v 15.475286 5.468009 -24.867315
v 15.378678 5.606293 -24.574240
v 15.736769 5.378863 -25.254770
v 15.537034 5.302426 -24.913628
v 15.555655 5.134912 -24.620125
v 17.499941 7.800244 -24.349094
v 17.122936 8.476803 -23.906635
v 17.470316 7.073861 -24.378447
v 15.880348 1.877989 -24.323137
v 15.541156 1.006534 -24.001406
v 15.662739 0.818294 -24.784151
v 16.298201 1.865820 -23.953962
v 16.642681 0.859244 -23.762501
v 15.877618 1.113509 -23.581535
v 16.408705 1.925972 -25.011389
v 16.154074 0.695554 -25.333223
v 16.891712 0.633609 -25.541698
v 16.890221 1.884537 -24.584846
v 17.256918 0.646375 -25.188353
v 17.281530 0.689784 -24.779205
v 17.244551 0.645420 -25.188709
v 16.400869 1.926272 -25.012308
v 15.880348 1.877989 -24.323137
v 16.137049 0.696344 -25.335001
v 15.662739 0.818294 -24.784151
v 16.419661 1.925551 -25.010092
v 16.905075 0.634111 -25.540928
v 17.264935 0.646994 -25.188122
v 16.903185 1.884832 -24.583828
v 17.289227 0.690386 -24.779001
v 17.145210 0.701916 -24.364233
v 20.400478 1.178182 -23.202520
v 19.650085 2.090957 -23.134928
v 19.996948 2.244087 -23.899912
v 19.685581 2.090957 -23.132187
v 19.786596 1.202266 -22.714460
v 20.417410 1.178182 -23.223969
v 19.986889 2.244087 -23.916574
v 20.659277 1.138751 -23.911903
v 20.088371 0.963849 -24.741940
v 20.003357 2.243640 -23.884747
v 19.443218 2.069628 -24.147980
v 19.994102 2.243287 -23.896494
v 20.535522 1.058839 -24.585567
v 19.079271 0.915913 -23.507757
v 19.186436 1.965941 -23.278368
v 19.274452 1.189888 -22.759760
v 20.662039 1.138179 -23.873266
v 19.991066 2.243688 -23.905596
v 20.505447 1.059352 -24.614983
v 19.619507 0.911557 -24.583632
v 19.376057 2.066288 -24.123148
v 19.338657 0.847380 -24.257643
v 20.018013 0.963315 -24.762796
v 19.406467 2.069226 -24.122496
v 19.654486 0.915320 -24.583515
v 16.333096 1.864180 -23.950195
v 16.053040 1.100142 -23.561966
v 15.930147 1.873221 -24.315716
v 15.633295 0.996489 -23.988760
v 16.651396 0.859293 -23.762041
v 16.303078 1.865591 -23.953514
v 17.135223 0.701322 -24.364489
v 16.893099 1.884604 -24.584530
v 19.170761 1.966276 -23.306448
v 19.675865 2.090957 -23.132936
v 19.249987 1.190145 -22.775955
v 19.792027 1.202266 -22.714682
v 19.356470 0.848138 -24.261707
v 19.396132 2.067525 -24.128574
v 19.043276 0.915350 -23.552969
v 19.137329 1.965183 -23.321093
v 18.530365 3.453739 -24.265087
v 18.441669 3.422440 -23.669350
v 18.172010 4.973468 -23.298679
v 18.736259 3.536207 -23.014605
v 18.636862 2.521209 -23.260355
v 18.668976 1.939596 -23.561569
v 19.026995 1.587290 -24.215254
v 18.793221 1.566271 -23.512054
v 18.930079 1.335790 -24.253761
v 18.788860 1.405527 -23.533770
v 19.060204 1.741793 -22.865831
v 19.145645 1.630323 -22.835371
v 19.615099 1.835976 -22.767967
v 19.662073 1.657772 -22.753260
v 20.324177 1.685529 -23.170773
v 20.115780 2.274602 -23.000811
v 20.532030 1.727291 -23.544302
v 20.517572 1.827152 -23.830860
v 20.613371 1.637256 -24.021416
v 20.586260 1.695851 -23.552822
v 20.387579 1.659250 -23.164932
v 19.692184 1.631412 -22.704760
v 19.112926 1.604398 -22.781683
v 18.666746 1.383143 -23.499659
v 18.766413 1.300600 -24.266918
v 19.040510 0.828128 -24.251804
v 18.907871 0.911610 -23.517105
v 19.204380 1.187986 -22.767588
v 19.790056 1.201457 -22.714970
v 20.414108 1.178182 -23.219788
v 20.660101 1.602408 -24.039179
v 20.600664 1.544569 -24.303633
v 20.569841 1.580377 -24.259184
v 20.354631 1.471527 -24.654713
v 20.326759 1.500531 -24.602875
v 19.808479 1.358670 -24.774834
v 19.775757 1.384168 -24.729477
v 19.294699 1.335630 -24.599354
v 19.259768 1.358360 -24.566551
v 19.270859 2.745483 -24.663795
v 20.139919 2.841148 -24.533052
v 20.400759 2.972242 -23.903549
v 20.658920 1.138067 -23.890787
v 20.487373 1.057833 -24.624058
v 19.993250 0.959278 -24.761660
v 19.541849 0.903636 -24.583656
v 19.113974 0.832196 -24.259647
v 18.791035 1.301427 -24.276133
v 18.783886 1.327190 -24.261322
v 18.933334 1.581446 -24.216295
v 18.483637 3.452226 -24.257809
v 20.275217 3.807226 -24.020477
v 19.758320 4.239798 -23.152731
v 19.989851 2.965600 -23.173805
v 19.340477 3.737357 -22.836372
v 18.896326 5.036163 -22.919939
v 18.526449 4.881638 -22.993649
v 19.566584 5.348587 -23.091169
v 18.788795 3.545721 -22.994358
v 19.492382 2.442899 -22.968147
v 19.038054 2.250817 -22.927498
v 19.024191 2.055774 -23.055986
v 18.992147 2.050625 -23.068188
v 18.910145 2.087214 -23.322042
v 18.992374 2.241516 -22.948126
v 16.997578 1.111161 -25.492432
v 16.533728 1.139141 -25.539581
v 16.915197 2.470603 -25.541443
v 16.199839 2.542668 -25.533329
v 15.646982 1.324301 -24.840340
v 15.536502 1.942338 -24.749146
v 15.877496 1.308095 -25.203846
v 16.146072 1.401686 -25.351271
v 16.265455 1.189271 -25.475941
v 15.892811 2.165929 -23.769997
v 16.065619 1.981577 -23.756075
v 15.591315 1.639115 -24.090513
v 15.631052 1.457830 -24.051033
v 15.581093 1.434292 -24.026682
v 15.593839 1.291263 -24.854439
v 15.841817 1.266653 -25.230976
v 16.256844 1.142894 -25.512817
v 16.542196 1.092242 -25.578407
v 17.024170 1.071448 -25.526810
v 15.587240 1.001510 -23.995111
v 15.662739 0.818294 -24.784151
v 16.152834 0.695612 -25.333351
v 16.922413 0.634764 -25.539906
v 17.362389 0.654560 -25.185141
v 17.527189 1.094587 -25.130146
v 17.418163 1.120591 -25.120022
v 17.491512 2.571210 -24.912245
v 17.333740 4.557611 -25.188904
v 16.986273 4.436994 -25.488049
v 17.395502 3.414317 -24.274681
v 17.552252 1.495525 -24.327618
v 17.684361 1.213133 -24.718803
v 17.893944 1.203458 -24.706924
v 17.630703 0.717009 -24.770388
v 17.886284 1.275932 -24.276962
v 18.059731 1.265962 -24.248663
v 17.826620 0.742713 -24.343235
v 17.440157 4.600382 -24.828354
v 17.290419 5.331738 -24.355993
v 17.390102 5.074077 -24.809189
v 16.443159 4.557598 -25.671293
v 16.306902 3.385566 -25.644957
v 15.691908 2.636590 -24.882177
v 15.731082 2.245301 -24.240328
v 15.921182 3.477798 -23.862453
v 15.954589 2.162026 -23.747532
v 16.012367 3.469038 -23.840000
v 16.438408 2.493817 -23.668102
v 16.836956 3.404483 -23.880117
v 17.432901 3.415690 -24.275894
v 17.173403 5.280626 -24.085175
v 17.459923 5.333068 -24.355993
v 16.359360 4.983202 -23.772444
v 15.895831 4.834450 -23.919701
v 15.547255 3.536860 -24.345240
v 15.649515 3.927879 -24.949673
v 15.761518 4.436871 -25.290354
v 15.989375 4.811503 -25.568501
v 15.669862 4.902166 -24.257774
v 15.566158 5.050428 -24.995291
v 15.705811 5.027843 -25.342813
v 16.079515 5.369830 -23.649313
v 15.765421 5.354069 -23.750719
v 15.496951 5.408572 -24.063234
v 16.036934 1.519065 -23.596142
v 17.209152 1.366078 -23.635864
v 16.103140 1.531640 -23.637875
v 17.181957 1.375844 -23.684721
v 16.016665 1.661741 -23.638439
v 16.836102 1.531254 -23.720131
v 16.807064 1.918776 -23.723993
v 16.408777 2.022931 -23.808386
v 16.113411 1.978754 -23.741886
v 17.224215 0.862469 -23.728148
v 17.996117 0.752865 -24.337954
v 18.092138 1.268043 -24.247623
v 18.058897 1.286250 -24.270786
v 17.644024 1.500039 -24.323277
v 16.680010 17.002579 -24.438763
v 16.647541 17.150406 -24.393980
v 16.437094 16.850737 -24.449192
v 16.919525 17.045256 -24.294588
v 16.645845 17.153296 -24.392485
v 16.880457 17.197683 -24.240599
v 16.651810 17.166254 -24.415741
v 16.333921 16.967381 -24.449751
v 16.646507 17.152168 -24.393070
v 17.317078 17.038157 -23.552813
v 17.346827 16.888092 -23.597788
v 17.277210 16.709961 -23.384659
v 17.279169 16.816639 -23.277660
v 17.343872 17.056162 -23.556007
v 17.318813 17.045197 -23.557915
v 17.318544 17.047352 -23.558132
v 17.343533 17.059181 -23.556398
v 17.229740 17.145769 -23.806171
v 17.252687 17.171133 -23.812878
v 15.932589 14.955503 -23.070938
v 16.050108 14.954154 -23.120186
v 15.975139 14.134489 -22.897882
v 15.985135 14.158402 -22.869722
v 16.062042 15.378530 -23.215115
v 16.150206 15.395698 -23.233694
v 16.011150 15.408146 -23.109900
v 16.811726 15.803407 -23.160231
v 16.470881 15.748777 -23.128328
v 16.527660 15.873036 -23.013987
v 16.438108 15.712505 -23.030989
v 16.228344 15.602362 -23.075346
v 16.276398 15.521325 -22.969534
v 16.069521 15.544819 -23.045158
v 16.078495 15.523372 -23.042578
v 16.018208 15.428473 -23.120218
v 16.088648 15.520661 -23.164434
v 16.301252 15.527406 -23.202538
v 16.514370 15.686335 -23.193121
v 17.126505 16.534475 -23.205000
v 16.955019 16.286373 -23.124739
v 16.922993 16.368998 -23.040358
v 16.713795 16.125288 -23.004665
v 16.604954 16.093594 -22.894558
v 16.488779 15.622743 -22.938347
v 16.287806 15.508861 -22.975168
v 16.512295 15.619162 -22.932968
v 16.638826 16.096546 -22.882652
v 16.657373 16.179146 -22.811792
v 16.894382 16.375217 -22.936020
v 17.123985 16.561758 -23.128742
v 17.261648 16.804188 -23.330099
v 16.721273 16.033484 -23.094423
v 16.989338 16.077772 -23.167721
v 17.132750 16.341965 -23.252966
v 17.300678 16.715860 -23.411936
v 17.328514 17.041008 -23.572910
v 17.298422 16.823343 -23.299042
v 17.203081 16.596184 -23.083864
v 16.996534 16.346930 -22.923019
v 16.683508 16.175591 -22.786142
v 16.734623 16.060987 -22.768261
v 16.731403 16.077686 -22.780325
v 16.569016 15.681233 -22.927004
v 16.568441 15.718832 -22.924143
v 16.904470 16.006989 -22.991240
v 17.123407 16.266933 -23.025394
v 16.674326 16.165218 -22.805765
v 16.692966 16.166012 -22.786715
v 15.892081 16.096300 -24.045967
v 15.719425 16.068951 -23.858276
v 15.921527 15.794226 -23.808384
v 15.863694 15.735330 -23.553675
v 15.875627 15.869059 -23.554764
v 15.890850 15.905602 -23.666424
v 15.871345 15.968332 -23.620041
v 15.895428 16.196472 -23.965113
v 15.820945 16.068016 -23.730616
v 15.744574 16.118841 -23.800402
v 15.719758 16.121367 -23.827894
v 16.121174 16.612015 -24.375397
v 15.955994 16.277702 -24.212185
v 15.970168 16.343533 -24.271233
v 15.864667 16.061001 -24.021938
v 15.902297 15.791971 -23.798769
v 15.881498 15.647038 -23.469318
v 15.912555 15.667666 -23.598833
v 15.924006 16.000854 -23.809753
v 16.054613 16.200129 -24.177807
v 16.024143 16.278542 -24.303926
v 15.909403 16.000582 -24.132317
v 15.994180 16.017321 -23.955593
v 15.882572 15.768153 -23.831127
v 15.627253 15.265409 -23.776901
v 15.879313 15.625567 -23.660297
v 15.969757 15.728583 -23.663567
v 16.018238 15.571537 -23.551046
v 16.085213 15.639964 -23.346582
v 16.012177 15.664975 -23.298349
v 16.091156 15.580400 -23.210005
v 16.109312 15.524554 -23.350397
v 15.992148 15.359258 -23.326117
v 15.799300 15.328332 -23.475313
v 15.646266 14.697526 -23.336388
v 15.237947 15.223144 -24.035889
v 15.118569 14.543002 -23.797741
v 15.537748 14.118156 -23.168501
v 15.101130 13.769155 -23.768911
v 16.145908 15.395460 -23.232111
v 16.074619 15.348917 -23.286341
v 16.045740 14.946289 -23.133554
v 15.955568 14.909125 -23.106667
v 15.983833 14.153631 -22.880463
v 15.984571 14.167308 -22.824947
v 15.937498 13.332273 -22.700420
v 15.390930 13.240893 -23.176996
v 15.094710 13.020616 -23.844961
v 15.095564 12.320665 -23.530777
v 15.184819 12.056704 -24.245258
v 15.013546 11.613100 -23.771988
v 15.159177 11.563463 -24.510300
v 15.802353 11.336887 -25.274960
v 15.309348 11.355681 -24.488344
v 15.163548 11.379357 -23.918642
v 15.381667 11.596069 -23.130634
v 15.329210 12.417340 -23.053904
v 15.843810 12.511522 -22.565752
v 15.933858 13.333102 -22.678669
v 16.061670 14.150653 -22.825750
v 15.951034 14.988025 -23.016405
v 16.049501 14.963940 -23.073668
v 16.018530 15.422172 -23.091366
v 16.065010 15.389388 -23.157093
v 16.142916 15.490109 -23.139059
v 16.283995 15.487136 -23.143183
v 16.155655 14.123870 -22.785673
v 16.171181 14.925964 -23.030863
v 16.608053 14.690223 -22.530409
v 16.008347 13.328014 -22.644550
v 15.839331 12.511939 -22.545166
v 15.868295 11.644667 -22.606283
v 15.410726 11.295974 -23.266928
v 15.917397 11.223701 -22.694479
v 15.863925 11.648092 -22.585785
v 15.908020 12.509445 -22.500154
v 16.101254 13.309219 -22.599836
v 16.690775 14.131005 -22.297815
v 17.364559 14.549880 -22.122177
v 17.431538 15.194997 -22.323931
v 16.872337 15.212596 -22.682499
v 16.546589 15.278541 -22.847353
v 16.204218 15.371284 -23.133331
v 15.988120 11.210414 -22.626690
v 15.927124 11.638540 -22.530466
v 15.995561 12.494803 -22.452305
v 16.719757 13.240893 -22.268299
v 17.426657 13.782312 -22.116438
v 17.480989 13.030929 -22.162226
v 17.112465 12.302824 -22.121387
v 17.716953 12.052413 -22.463728
v 17.351358 11.592072 -22.132452
v 17.955761 11.579162 -22.535980
v 17.421747 11.356392 -22.325436
v 16.758986 11.250340 -22.319374
v 16.651594 11.566566 -22.242855
v 16.067795 11.194564 -22.583883
v 16.002356 11.599245 -22.485319
v 16.602182 12.402590 -22.162746
v 17.178377 11.259429 -22.390079
v 16.893839 11.224607 -22.432240
v 16.833237 11.219893 -22.451607
v 16.588608 11.199958 -22.520048
v 16.341906 11.195424 -22.648975
v 16.282572 11.201847 -22.686693
v 16.073137 11.216534 -22.799248
v 15.948566 11.219637 -22.886053
v 15.505439 11.252478 -23.382856
v 15.463614 11.261961 -23.438189
v 15.316619 11.296181 -23.703943
v 15.241924 11.321415 -24.035625
v 17.496956 11.302613 -22.440907
v 17.882919 11.369893 -22.667959
v 18.406219 11.395211 -23.377956
v 16.093193 16.707230 -24.332294
v 16.337339 16.962019 -24.454788
v 16.055771 16.731554 -24.395796
v 15.928847 15.804880 -23.790207
v 15.733683 16.078302 -23.842619
v 15.914238 15.781913 -23.820589
v 15.706559 16.073421 -23.870792
v 15.873053 16.054113 -24.038122
v 15.976995 16.338472 -24.290499
v 15.870665 16.383121 -24.179859
v 15.898581 16.406183 -24.133720
v 15.948485 16.368286 -24.142431
v 16.159992 16.658123 -24.324627
v 16.069542 16.161169 -24.179914
v 16.199064 16.448393 -24.340117
v 16.438820 16.841160 -24.451815
v 16.360899 16.936607 -24.416800
v 16.649527 17.146132 -24.401192
v 15.743355 16.129845 -23.801649
v 15.706490 16.138479 -23.840681
v 15.731441 16.122011 -23.825064
v 15.888259 16.185902 -23.939548
v 15.827478 16.069265 -23.718086
v 15.751995 16.115376 -23.803885
v 15.821533 16.066099 -23.733198
v 15.877690 15.976274 -23.618511
v 15.964679 16.099630 -23.930883
v 16.043398 15.862112 -23.935064
v 15.974558 15.823198 -23.609274
v 15.892782 15.871230 -23.539167
v 15.873777 15.745717 -23.534702
v 15.873925 15.867632 -23.556606
v 15.870078 15.967317 -23.621325
v 16.077911 15.610054 -23.595877
v 15.864061 15.736986 -23.551037
v 15.882339 15.669234 -23.465303
v 16.055676 15.701052 -23.425053
v 16.142677 15.546824 -23.453505
v 16.150135 15.599068 -23.223244
v 16.193213 15.529451 -23.247343
v 16.109739 15.584562 -23.202377
v 16.138763 15.378777 -23.256109
v 16.091145 15.575390 -23.217003
v 16.019211 15.686842 -23.296160
v 16.014164 15.664330 -23.299767
v 15.883372 15.647392 -23.469198
v 16.668659 16.148781 -22.791273
v 17.238579 16.512722 -23.175276
v 16.700813 16.056541 -22.785526
v 16.595573 15.725788 -23.096870
v 16.856785 15.962483 -23.106205
v 16.951170 16.000940 -23.025585
v 17.109432 16.287048 -23.050797
v 17.120070 16.280212 -23.016703
v 16.890251 16.006470 -22.985199
v 16.884251 16.020937 -23.003630
v 16.557692 15.679241 -22.926392
v 16.546141 15.700020 -22.937841
v 16.761738 16.126184 -23.008909
v 16.658201 16.154808 -22.809288
v 16.627279 16.088249 -22.885689
v 16.478163 15.710852 -23.078829
v 16.712389 15.982623 -23.017998
v 16.592789 15.905566 -22.975857
v 16.503508 15.607923 -22.941532
v 16.282553 15.503300 -22.980167
v 16.078463 15.526404 -23.038656
v 17.270361 16.987547 -23.857365
v 17.349342 16.895199 -23.603266
v 17.231258 17.139040 -23.805056
v 17.317707 17.043741 -23.555605
v 16.918959 17.047058 -24.294035
v 17.104118 17.030228 -24.082249
v 16.879839 17.198780 -24.239904
v 17.080956 17.198790 -24.039883
v 17.103813 17.031418 -24.082129
v 17.269978 16.992172 -23.858339
v 17.080563 17.199728 -24.039841
v 17.229818 17.143595 -23.804831
v 17.228317 17.150213 -23.805910
v 17.251444 17.174662 -23.812502
v 17.077251 17.207663 -24.039482
v 17.095461 17.234375 -24.050087
v 16.875816 17.206419 -24.238682
v 16.890690 17.230852 -24.256947
v 16.642300 17.159134 -24.390581
v 16.648346 17.171980 -24.413593
v 15.451882 14.417902 -26.305223
v 15.551339 14.251284 -26.026106
v 15.611862 13.903815 -26.017286
v 19.423105 12.975996 -23.426344
v 19.072475 12.770393 -23.128077
v 18.896198 13.886152 -23.612839
v 19.241217 14.383131 -23.738007
v 19.005108 14.231524 -23.581787
v 15.719429 16.281925 -24.226418
v 15.703995 15.604930 -23.787357
v 15.579282 15.857891 -23.749058
v 15.342131 14.757334 -23.076807
v 15.384325 15.288459 -23.144703
v 15.621625 15.263146 -23.387171
v 15.716846 15.603336 -23.495781
v 15.693174 15.623322 -23.751038
v 15.513239 15.819963 -23.407928
v 15.517925 15.784495 -23.351559
v 15.305049 15.809293 -23.200985
v 15.411550 16.081367 -24.121944
v 15.357244 15.640589 -23.723635
v 15.450869 15.858126 -23.515814
v 15.486388 15.836466 -23.489193
v 15.365632 15.595695 -23.761335
v 15.733701 16.261099 -24.276081
v 15.327863 15.820700 -24.305706
v 15.119992 15.511566 -23.916975
v 15.303848 15.873355 -24.258148
v 15.417368 16.199501 -24.435650
v 15.520455 16.614109 -24.527687
v 15.609199 16.428629 -24.307596
v 15.832927 16.982712 -24.513723
v 15.850725 16.965508 -24.548388
v 16.202574 17.302183 -24.481743
v 16.339176 16.959772 -24.458006
v 16.054642 16.729439 -24.402042
v 15.084729 15.554986 -23.887123
v 15.712966 15.546432 -23.918749
v 16.049633 16.383997 -24.563652
v 16.074625 16.703930 -24.486828
v 15.547899 16.598791 -24.549139
v 15.450550 16.154146 -24.464510
v 16.427116 16.892717 -24.712709
v 16.511288 16.862362 -24.723862
v 16.368046 17.069271 -24.542686
v 16.194706 17.305925 -24.471312
v 16.850622 17.667341 -24.182762
v 16.895607 17.442755 -24.285358
v 16.550446 17.554625 -24.353300
v 16.642138 17.289898 -24.447231
v 16.969578 17.333601 -24.378830
v 16.726311 17.133825 -24.603899
v 16.983696 17.267927 -24.387102
v 17.006227 17.255054 -24.438877
v 16.946886 17.072290 -24.569536
v 16.513144 16.872280 -24.721725
v 16.638140 17.294443 -24.446220
v 16.361479 17.080706 -24.534878
v 15.604930 16.408836 -24.349470
v 16.058764 16.734625 -24.388569
v 16.193062 17.307024 -24.466026
v 16.333658 16.967855 -24.450014
v 16.649603 17.169582 -24.415630
v 16.891880 17.228737 -24.258160
v 16.852955 17.665581 -24.184792
v 16.556526 17.550465 -24.360395
v 16.652046 17.164497 -24.422443
v 17.345968 16.820692 -22.847227
v 17.396427 16.411970 -22.582651
v 17.128422 16.108109 -22.820833
v 17.393589 16.460220 -22.564932
v 17.190153 16.165514 -22.806507
v 17.296207 16.560760 -23.093117
v 17.404900 16.919638 -23.300226
v 17.333508 17.136148 -23.111956
v 17.562893 16.732042 -23.349890
v 17.540136 17.007122 -23.601484
v 17.391119 17.170485 -23.529434
v 17.233122 17.604551 -23.714851
v 17.319735 17.430298 -23.418619
v 17.310562 17.374586 -23.775764
v 17.402136 17.263582 -23.842794
v 17.404417 17.201410 -23.861877
v 17.458172 17.185314 -23.871805
v 17.548624 16.978558 -23.822231
v 17.581884 16.710535 -23.423912
v 17.357262 16.241619 -23.091639
v 16.735882 15.503549 -22.816086
v 16.816912 15.794631 -22.705904
v 16.980364 15.611245 -22.411549
v 16.679920 15.750628 -22.544828
v 16.668009 15.779329 -22.514303
v 16.604576 15.724818 -22.595596
v 16.514980 15.543763 -22.772797
v 16.772198 15.562760 -22.771692
v 16.416355 15.213009 -22.711464
v 16.396078 15.233166 -22.484917
v 16.157887 14.696034 -22.440218
v 16.699713 15.590600 -22.346598
v 16.584724 15.694533 -22.562174
v 16.967403 15.647436 -22.392778
v 17.165031 15.466704 -21.982824
v 17.076231 15.919379 -22.449799
v 17.129745 16.276995 -23.023869
v 16.968977 16.005341 -23.029310
v 17.045351 16.251202 -22.836912
v 17.234627 16.622490 -23.101274
v 17.137474 16.289806 -22.684572
v 16.770899 15.938494 -22.666279
v 16.579758 15.757702 -22.592352
v 16.555063 15.709637 -22.555241
v 16.578831 15.678155 -22.570126
v 16.655710 15.610999 -22.356401
v 16.695423 15.594221 -22.371483
v 16.365992 15.276683 -22.484657
v 16.428062 15.267881 -22.456480
v 16.148760 14.779801 -22.344425
v 16.200542 14.794953 -22.310097
v 16.025867 14.310134 -22.234818
v 16.065859 14.320862 -22.196224
v 16.325033 15.452992 -22.788195
v 16.162151 14.795658 -22.515247
v 16.059332 14.245819 -22.332150
v 16.513588 15.773769 -22.764547
v 16.442869 15.367510 -22.912609
v 16.293575 14.988927 -22.722740
v 16.199011 14.532157 -22.537115
v 16.244244 14.165167 -22.399357
v 17.348082 17.059666 -23.564405
v 17.291847 16.820311 -23.291759
v 17.315943 17.129599 -23.091082
v 17.172823 16.560141 -23.068680
v 17.272425 16.763388 -22.794292
v 17.395821 17.171572 -23.538544
v 17.253019 17.172079 -23.814455
v 15.741061 15.502009 -23.279560
v 15.431018 15.356060 -23.024029
v 15.533798 14.821611 -23.002247
v 15.365650 14.804555 -22.949528
v 15.520479 15.801472 -23.329227
v 15.314265 15.812831 -23.175371
v 15.719999 15.754608 -23.488222
v 15.500040 15.852113 -23.415319
v 15.537503 16.060349 -23.792593
v 15.913309 15.998919 -24.143242
v 15.824986 15.414096 -23.452566
v 15.729218 15.010856 -23.195471
v 15.563088 14.529749 -23.088615
v 15.475142 14.166474 -23.049915
v 15.441676 14.248375 -22.874332
v 15.328341 14.317251 -22.828842
v 15.261881 14.324840 -22.853882
v 15.343840 14.808346 -22.979376
v 15.418022 15.338538 -23.051628
v 15.311982 15.814389 -23.192438
v 15.520153 15.778780 -23.358936
v 15.668490 16.329329 -24.110540
v 15.975696 16.337685 -24.290766
v 16.028982 16.274746 -24.322105
v 16.119942 16.608438 -24.390554
v 16.054811 16.731045 -24.394121
v 19.071774 12.770393 -23.129185
v 18.792379 13.797785 -23.040886
v 18.882675 13.886152 -23.615519
v 18.878929 13.970469 -22.935593
v 18.982386 14.231524 -23.589386
v 18.917505 14.265480 -23.378819
v 18.853104 14.224878 -22.318258
v 18.732109 13.972547 -22.292486
v 18.766582 14.690288 -22.003662
v 18.837101 14.545015 -21.943188
v 18.731922 15.193183 -22.105314
v 14.718767 15.176911 -24.734615
v 14.564885 14.526401 -24.679073
v 14.668518 14.669589 -24.665113
v 14.907789 13.952600 -24.876825
v 14.836010 14.212356 -24.961416
v 15.321327 13.798940 -25.517822
v 15.195501 13.973015 -25.473650
v 15.606885 13.904898 -26.020744
v 15.544439 14.252544 -26.031881
v 15.467864 14.278346 -25.820501
v 17.227085 16.607582 -23.097883
v 17.436161 16.048460 -22.292032
v 17.475861 16.469574 -22.604301
v 17.499945 16.048098 -22.332891
v 17.384315 15.711596 -22.149385
v 17.185017 15.433235 -22.039291
v 17.350182 15.733047 -22.105730
v 14.853795 13.203186 -26.414314
v 14.755081 14.259424 -26.346189
v 14.450356 13.457647 -26.441269
v 14.086379 13.589648 -26.301441
v 14.365517 14.357871 -26.198395
v 15.021828 13.021325 -26.254686
v 15.501072 14.652152 -26.328480
v 15.494162 14.653795 -26.331335
v 14.913941 15.036753 -26.166464
v 15.116478 12.789486 -25.817707
v 15.766234 15.207221 -26.112724
v 15.591513 14.789401 -26.255129
v 15.528775 15.650390 -26.092091
v 15.313836 15.090106 -26.279810
v 15.072671 15.395534 -26.115385
v 14.962414 15.784620 -25.717192
v 15.650521 14.745738 -26.020857
v 15.754437 15.338688 -25.999054
v 15.719451 15.701236 -25.910149
v 15.559162 15.971104 -25.769930
v 15.299637 16.156429 -25.521648
v 15.030693 16.068071 -25.197952
v 14.662136 15.740134 -25.198606
v 14.930804 15.850110 -25.018900
v 14.838520 15.590826 -24.864668
v 14.462889 14.854362 -24.684153
v 14.360512 14.485298 -24.862600
v 14.458526 15.252324 -25.540670
v 14.928174 15.031791 -26.172745
v 14.385201 15.062135 -25.585003
v 14.400447 15.052323 -25.150393
v 14.468102 14.728265 -26.002232
v 14.346047 14.665357 -25.663471
v 14.584380 14.191530 -24.699284
v 14.283825 13.908162 -24.906412
v 14.579329 14.192457 -24.703476
v 14.607296 13.680680 -24.768192
v 13.845873 13.506881 -25.308678
v 14.160253 13.401374 -24.888767
v 14.585461 12.583649 -25.161175
v 14.697401 12.664909 -25.185869
v 14.306205 12.891140 -24.934420
v 14.363693 13.033857 -24.883997
v 13.954432 13.109723 -24.971102
v 13.992222 13.206145 -24.959051
v 13.668519 13.156501 -25.247465
v 13.715645 13.287580 -25.276300
v 14.003816 13.258905 -24.950594
v 14.367109 13.084462 -24.856945
v 14.472590 13.215314 -24.841909
v 14.954026 12.851945 -25.350386
v 15.080921 12.802833 -25.596298
v 14.741554 12.802425 -25.183870
v 14.823414 12.471081 -25.537268
v 14.881648 12.334573 -25.772917
v 15.116321 12.790343 -25.812748
v 14.881087 12.334073 -25.777067
v 14.823453 12.471488 -25.534246
v 13.894491 13.606840 -26.064632
v 14.359605 14.360119 -26.194344
v 13.790070 13.548790 -25.769728
v 14.135996 14.282242 -25.823551
v 14.068580 14.110339 -25.291513
v 14.247315 14.655992 -25.303068
v 13.792357 13.547542 -25.774040
v 14.069834 14.107542 -25.310251
v 14.895737 15.043098 -26.158428
v 14.762207 14.257245 -26.347221
v 14.381650 14.351736 -26.209461
v 20.387615 12.929476 -22.207111
v 19.949642 13.120955 -21.843660
v 19.551243 13.099253 -21.780447
v 19.228708 12.894066 -21.948008
v 19.113953 12.582339 -22.284344
v 19.040045 12.666968 -22.371683
v 19.011127 12.803414 -22.402275
v 18.936026 12.851181 -22.663197
v 19.055399 13.226562 -21.980537
v 18.912750 13.697889 -22.012794
v 19.160767 13.039443 -21.946123
v 19.144604 13.091362 -21.928095
v 19.344587 13.400078 -21.840786
v 19.256948 13.909204 -21.934269
v 19.845655 13.473700 -22.000650
v 19.659267 14.085213 -22.108294
v 19.517736 13.196863 -21.797787
v 19.505398 13.249095 -21.797842
v 19.898153 13.301327 -21.904287
v 20.270697 13.193645 -22.293562
v 20.160843 13.489691 -22.338463
v 20.251108 13.533823 -22.641685
v 20.337156 13.083470 -22.266970
v 19.933140 13.251275 -21.898327
v 20.234987 13.512327 -22.939627
v 19.994371 14.295280 -23.006891
v 20.012861 13.382632 -23.257061
v 19.661259 13.143074 -23.464319
v 19.788895 14.204836 -23.315536
v 19.669411 13.143074 -23.445444
v 19.304581 14.620714 -23.754389
v 19.619419 15.002637 -23.223898
v 19.806719 14.682915 -22.870171
v 19.941227 14.231315 -22.572569
v 19.683434 14.633070 -22.548174
v 19.505022 14.637952 -22.194431
v 19.591854 15.038980 -22.474318
v 19.245754 15.047184 -22.157656
v 19.573513 15.038980 -22.450970
v 19.464336 15.235861 -22.433672
v 19.665207 14.633070 -22.520256
v 19.464703 15.063176 -23.549219
v 19.121628 14.490914 -21.941690
v 18.851042 14.867957 -21.885286
v 19.259153 14.768791 -23.738779
v 19.231108 15.635852 -23.576656
v 19.513161 15.371373 -23.249023
v 19.288074 15.773025 -22.912985
v 19.083542 15.738964 -22.366880
v 19.103926 15.193184 -23.747000
v 19.061926 14.734419 -23.627623
v 19.021860 15.330874 -23.692160
v 18.985651 15.694937 -23.612434
v 18.976612 15.966026 -23.403149
v 18.940714 16.154459 -23.051704
v 18.851105 16.071924 -22.647757
v 18.771748 15.858070 -22.460934
v 18.716370 15.601897 -22.290903
v 19.047232 14.485931 -23.596825
v 18.879948 14.211273 -21.959980
v 19.632462 15.002637 -23.180182
v 18.972694 12.792513 -22.935249
v 19.001898 14.734419 -23.646444
v 19.007755 14.485931 -23.610447
v 15.587602 14.500993 -26.025261
v 15.636269 14.748525 -26.031382
v 17.095913 17.233730 -24.050892
v 17.080196 17.677027 -23.973337
v 14.374104 14.484369 -24.839237
v 19.501707 15.371373 -23.273533
v 15.613089 14.753057 -26.048496
v 15.566322 14.505088 -26.041475
v 15.568432 14.794700 -26.266121
v 15.566724 14.248473 -26.013226
v 17.082111 17.675463 -23.975103
v 17.096706 17.232018 -24.051168
v 17.149176 17.485636 -24.056387
v 17.232008 17.366590 -24.137701
v 17.240433 17.289389 -24.152409
v 17.280518 17.273357 -24.183962
v 17.334698 17.087677 -24.251167
v 17.334131 17.089901 -24.251539
v 17.280003 17.274515 -24.183359
v 17.240498 17.289192 -24.151958
v 17.232656 17.365358 -24.137594
v 17.149994 17.484541 -24.056772
v 17.083147 17.674614 -23.976034
v 13.211539 11.856973 -25.133949
v 13.625089 11.716869 -24.933844
v 13.443483 12.347069 -25.174696
v 14.152748 11.798812 -25.090826
v 13.665586 12.246653 -24.995668
v 13.311476 12.149297 -26.087908
v 13.853292 12.343962 -26.393673
v 13.481986 12.493903 -26.159115
v 13.219730 12.156991 -25.755901
v 13.527378 12.628843 -26.051826
v 13.342507 12.512794 -25.735355
v 13.808523 11.813478 -26.364477
v 13.615036 11.178778 -24.826971
v 13.956820 10.759264 -25.031216
v 14.467352 11.953351 -25.285717
v 14.620803 12.518172 -26.298395
v 14.096934 12.233753 -26.469707
v 14.468457 12.075254 -26.298971
v 13.855810 12.540727 -26.346607
v 13.070412 10.368251 -24.569782
v 14.278172 10.947721 -25.648869
v 14.701412 12.024260 -25.756371
v 14.291066 12.697945 -26.481663
v 13.853323 12.741860 -26.353052
v 13.375103 12.355743 -25.221231
v 14.486520 12.300083 -25.240047
v 14.637192 12.179041 -25.414215
v 14.229082 12.577945 -24.993551
v 14.461758 12.411920 -25.160088
v 14.644360 12.337672 -25.340925
v 14.768732 12.247380 -25.531380
v 14.830633 12.175186 -25.740889
v 14.766340 11.984331 -25.727957
v 13.592032 13.152899 -25.814676
v 13.691600 12.971186 -26.245312
v 13.841101 13.062618 -26.282269
v 13.664434 13.258934 -25.798571
v 13.744744 13.335184 -25.260033
v 14.812025 12.301190 -25.996563
v 14.879377 12.333057 -25.786596
v 14.826240 12.172464 -25.766405
v 14.677858 11.974742 -26.020369
v 14.753855 11.977136 -25.797012
v 14.501254 11.775768 -26.091679
v 14.278986 10.958756 -25.571487
v 13.767183 9.906616 -25.436058
v 13.699001 9.830204 -25.818626
v 14.277563 10.939487 -25.706612
v 14.015777 10.847062 -26.089909
v 13.519839 9.835299 -26.040668
v 13.251228 9.901081 -26.149572
v 13.368899 10.605434 -26.201576
v 14.688179 12.049626 -25.601976
v 14.750835 11.975394 -25.813717
v 19.444059 10.950601 -22.314793
vn -0.9151 -0.0668 0.3976
vn -0.9727 -0.2308 0.0246
vn -0.9278 -0.0824 0.3639
vn -0.5841 0.1903 0.7891
vn -0.3871 0.2760 0.8798
vn 0.0660 0.3942 0.9167
vn 0.4781 0.3829 0.7904
vn 0.6840 0.3911 0.6158
vn 0.9355 0.2725 0.2249
vn 0.9574 0.2323 0.1713
vn 0.9675 0.1054 -0.2300
vn 0.8546 0.0062 -0.5193
vn 0.6333 -0.1252 -0.7637
vn 0.3374 -0.1654 -0.9267
vn 0.0434 -0.3035 -0.9518
vn -0.3597 -0.3158 -0.8780
vn -0.4896 -0.3894 -0.7802
vn -0.8364 -0.3449 -0.4260
vn -0.6307 -0.6328 0.4492
vn -0.6412 -0.7454 0.1824
vn -0.4380 -0.4905 0.7533
vn 0.0202 -0.3450 0.9384
vn 0.4884 -0.3148 0.8139
vn 0.8058 -0.3737 0.4594
vn 0.8453 -0.5200 0.1230
vn 0.6619 -0.7060 -0.2521
vn 0.2334 -0.8708 -0.4327
vn -0.1796 -0.9141 -0.3636
vn -0.4885 -0.8645 -0.1185
vn -0.6412 -0.7454 0.1822
vn -0.9727 -0.2308 0.0244
vn -0.9006 -0.3261 -0.2874
vn -0.3806 -0.4808 -0.7899
vn 0.4273 -0.2762 -0.8609
vn -0.0607 -0.3921 -0.9179
vn -0.4684 -0.3640 -0.8050
vn -0.0293 -0.2861 -0.9578
vn -0.4756 -0.3653 -0.8002
vn -0.8024 -0.2652 -0.5346
vn -0.8574 -0.3287 -0.3959
vn -0.8372 -0.3564 -0.4149
vn 0.9135 0.2605 -0.3124
vn 0.9276 0.3277 -0.1794
vn 0.8303 0.0267 -0.5567
vn 0.9847 0.1591 -0.0712
vn 0.8048 0.0307 -0.5927
vn 0.5560 -0.0927 -0.8260
vn 0.4743 -0.1336 -0.8701
vn 0.7856 0.0147 -0.6186
vn 0.9483 0.0835 -0.3062
vn 0.9564 0.2316 -0.1781
vn 0.9205 0.3036 0.2459
vn 0.9400 0.2984 0.1657
vn 0.8965 0.2803 0.3431
vn 0.6056 0.3598 0.7098
vn -0.1707 0.2469 0.9539
vn -0.6786 0.0802 0.7301
vn -0.3073 0.2111 0.9279
vn -0.7528 0.0629 0.6552
vn -0.9262 0.0267 0.3760
vn -0.7529 0.0628 0.6552
vn -0.9760 -0.2018 0.0822
vn -0.9512 -0.0090 0.3085
vn -0.7182 -0.0579 0.6934
vn -0.2385 0.2075 0.9487
vn 0.4118 0.3567 0.8386
vn 0.3276 0.3800 0.8650
vn 0.8220 0.3848 0.4199
vn 0.6057 0.3598 0.7097
vn 0.8964 0.2803 0.3434
vn -0.9097 -0.2050 0.3613
vn -0.9402 -0.2478 0.2338
vn -0.2036 0.1101 0.9728
vn 0.3707 0.2637 0.8905
vn -0.6335 -0.1366 0.7616
vn -0.8581 -0.3028 0.4146
vn -0.9231 -0.3069 0.2318
vn -0.9718 -0.2151 -0.0960
vn -0.8375 -0.3565 -0.4142
vn -0.8042 -0.2658 -0.5316
vn -0.8588 -0.3297 -0.3921
vn -0.9474 -0.3127 -0.0682
vn -0.8014 0.3492 0.4856
vn -0.9374 0.3477 -0.0194
vn -0.9410 0.2737 -0.1992
vn -0.7819 0.1923 -0.5930
vn 0.2081 -0.1460 0.9672
vn -0.3852 0.0491 0.9215
vn -0.3247 0.1358 0.9360
vn -0.8059 0.3072 0.5061
vn -0.8239 0.2160 0.5240
vn 0.5524 -0.1304 0.8233
vn 0.7507 -0.2899 0.5936
vn 0.5911 -0.0797 0.8026
vn 0.6273 -0.1124 0.7706
vn 0.2931 -0.0903 0.9518
vn 0.2611 -0.0054 0.9653
vn -0.2501 -0.6110 0.7510
vn 0.1192 -0.4711 0.8740
vn 0.4925 -0.4432 0.7490
vn 0.4064 -0.1473 0.9018
vn -0.1161 -0.0955 0.9886
vn -0.5604 -0.3928 0.7292
vn -0.4827 -0.7419 0.4655
vn -0.7938 -0.5352 0.2890
vn -0.4896 -0.8458 0.2120
vn -0.7587 -0.6445 -0.0950
vn -0.3798 -0.9244 -0.0365
vn -0.4878 -0.6788 -0.5489
vn -0.0442 -0.9613 -0.2718
vn 0.0829 -0.6736 -0.7345
vn 0.3827 -0.8946 -0.2309
vn 0.7141 -0.3973 -0.5764
vn 0.7145 -0.6971 0.0592
vn 0.9616 -0.2554 -0.1004
vn 0.7517 -0.5906 0.2935
vn 0.9479 -0.1697 0.2694
vn 0.7807 -0.5756 0.2433
vn 0.5406 -0.7994 -0.2622
vn 0.0829 -0.6737 -0.7344
vn -0.2524 -0.9462 -0.2025
vn -0.4895 -0.8428 0.2238
vn -0.3157 -0.7751 0.5473
vn 0.0651 -0.7025 0.7087
vn 0.5284 -0.6289 0.5703
vn 0.8158 -0.0224 0.5778
vn 0.7067 -0.4955 0.5050
vn 0.9479 -0.1697 0.2696
vn 0.7807 -0.5756 0.2434
vn -0.7474 -0.3206 0.5819
vn 0.1352 -0.9630 -0.2331
vn -0.3220 -0.3756 0.8691
vn -0.2050 -0.8841 -0.4200
vn 0.1379 -0.5385 0.8313
vn -0.6471 -0.7099 -0.2780
vn -0.5353 -0.2949 -0.7915
vn 0.0308 -0.6138 -0.7889
vn 0.5614 -0.7013 -0.4392
vn 0.5012 -0.8295 0.2462
vn -0.8594 -0.4655 0.2116
vn 0.4211 -0.9058 -0.0458
vn -0.7901 -0.4168 0.4494
vn 0.1991 -0.9079 -0.3688
vn -0.5399 -0.4613 0.7041
vn -0.1535 -0.8160 -0.5573
vn -0.1791 -0.5905 0.7869
vn -0.5837 -0.6250 -0.5183
vn 0.1676 -0.7872 0.5935
vn 0.2847 -0.4818 0.8287
vn -0.1806 -0.1561 0.9711
vn -0.6494 -0.1494 0.7456
vn -0.9296 0.0422 0.3662
vn -0.9964 -0.0597 0.0595
vn -0.9404 -0.1128 -0.3207
vn -0.8443 -0.5357 -0.0146
vn -0.9962 -0.0593 0.0631
vn -0.8688 -0.4478 0.2112
vn 0.4880 -0.8360 0.2509
vn 0.4482 -0.7212 0.5282
vn -0.8825 -0.4646 0.0739
vn -0.6070 -0.6729 -0.4227
vn 0.1415 -0.9494 -0.2805
vn 0.6817 -0.7316 -0.0075
vn 0.3280 -0.9276 0.1785
vn 0.6413 -0.6477 0.4114
vn 0.1249 -0.8668 0.4827
vn -0.2617 -0.7505 0.6068
vn -0.6896 -0.5891 0.4211
vn -0.8827 -0.4642 0.0730
vn 0.3408 -0.9369 0.0781
vn 0.3370 -0.8912 0.3037
vn -0.8931 -0.4152 -0.1729
vn -0.9183 -0.3346 0.2117
vn 0.5882 0.0009 0.8087
vn 0.8838 -0.2503 0.3953
vn 0.9253 -0.3655 0.1010
vn -0.5955 0.0998 -0.7972
vn -0.9079 0.3020 -0.2907
vn -0.6797 0.1616 -0.7155
vn -0.9401 0.3368 -0.0533
vn -0.9027 0.3961 0.1682
vn -0.5947 0.3730 0.7122
vn -0.6008 0.4216 0.6792
vn 0.6602 0.2267 -0.7161
vn 0.5837 0.2041 -0.7859
vn 0.6835 0.1408 -0.7163
vn 0.5561 0.1392 -0.8194
vn 0.4655 0.2016 -0.8618
vn 0.4457 0.1618 -0.8804
vn 0.2951 0.1208 -0.9478
vn 0.2849 0.2293 -0.9307
vn 0.0883 0.2096 -0.9738
vn 0.0558 0.0399 -0.9976
vn -0.2511 0.1646 -0.9539
vn -0.2766 -0.0471 -0.9598
vn 0.5738 0.0715 -0.8159
vn 0.7129 0.0566 -0.6990
vn 0.4706 0.0495 -0.8809
vn 0.3065 -0.0310 -0.9514
vn 0.0465 -0.1057 -0.9933
vn -0.4156 -0.1178 -0.9019
vn -0.6729 0.0292 -0.7392
vn -0.6072 0.1635 -0.7775
vn -0.2638 0.2423 -0.9336
vn -0.5995 0.2050 -0.7737
vn 0.0039 0.2660 -0.9640
vn 0.2780 0.2665 -0.9229
vn 0.4631 0.2287 -0.8563
vn 0.5402 0.2269 -0.8103
vn 0.6126 0.2660 -0.7443
vn 0.7486 0.3215 -0.5798
vn 0.7975 0.2302 -0.5577
vn 0.8177 0.1417 -0.5579
vn 0.9599 0.2779 -0.0364
vn 0.9389 0.2424 -0.2442
vn 0.9937 0.1061 -0.0372
vn 0.9514 0.1434 -0.2724
vn 0.8696 0.3574 -0.3406
vn 0.9352 0.3521 -0.0385
vn 0.9307 0.2928 0.2192
vn 0.9450 0.2469 0.2145
vn 0.9789 0.0593 0.1956
vn 0.9974 -0.0600 0.0388
vn 0.9501 0.0364 -0.3099
vn 0.8185 0.0983 -0.5660
vn -0.9555 0.0717 -0.2861
vn -0.9367 0.1062 -0.3336
vn -0.9794 0.0990 -0.1758
vn -0.9419 0.2196 0.2541
vn -0.9889 0.1076 -0.1021
vn -0.8745 0.0910 0.4764
vn -0.1348 0.1395 0.9810
vn 0.4334 -0.0647 0.8989
vn 0.8107 -0.0932 0.5780
vn 0.9806 -0.1550 0.1200
vn 0.9794 -0.1955 -0.0499
vn -0.1645 -0.2056 -0.9647
vn -0.4368 -0.1899 -0.8793
vn -0.8469 -0.0193 -0.5314
vn -0.9790 0.0269 0.2023
vn -0.5446 -0.0101 -0.8386
vn 0.8605 0.1388 0.4902
vn -0.2063 0.1898 0.9599
vn 0.3671 0.2365 0.8996
vn -0.1222 0.2589 0.9581
vn 0.2722 0.2096 0.9391
vn 0.3563 0.0847 0.9305
vn -0.8054 0.1892 -0.5617
vn -0.8390 0.1518 -0.5226
vn -0.8384 0.1322 -0.5288
vn 0.2805 0.3376 -0.8985
vn -0.0039 0.3285 -0.9445
vn -0.2569 0.3067 -0.9165
vn -0.5868 0.2500 -0.7702
vn 0.9231 0.3841 -0.0178
vn 0.8490 0.3868 -0.3600
vn 0.7119 0.3941 -0.5812
vn 0.5364 0.3402 -0.7723
vn 0.6522 0.2890 -0.7008
vn 0.4687 0.3041 -0.8294
vn 0.8745 -0.0065 -0.4850
vn 0.9902 -0.1061 -0.0912
vn 0.9849 -0.0340 -0.1697
vn 0.9845 0.0070 -0.1754
vn 0.9965 -0.0829 -0.0119
vn 0.9659 -0.0961 -0.2406
vn 0.8319 0.0043 -0.5549
vn 0.3697 -0.0116 -0.9291
vn 0.4460 0.0686 -0.8924
vn 0.5811 0.0717 -0.8107
vn 0.5153 0.0502 -0.8556
vn 0.6102 0.0450 -0.7909
vn 0.7196 0.0450 -0.6929
vn 0.7702 0.0592 -0.6351
vn 0.9551 0.1102 -0.2752
vn 0.7206 0.2018 -0.6633
vn 0.6818 0.0905 -0.7259
vn 0.6237 0.1711 -0.7627
vn 0.5420 0.1194 -0.8318
vn -0.1476 -0.0427 -0.9881
vn -0.5646 -0.1082 -0.8183
vn 0.9856 -0.1018 0.1351
vn 0.9441 -0.1969 0.2645
vn 0.9437 -0.1220 0.3076
vn 0.1411 0.0215 0.9898
vn 0.6009 -0.1512 0.7849
vn 0.7350 0.0002 0.6780
vn -0.8782 0.0004 -0.4782
vn -0.7586 -0.0743 -0.6473
vn -0.8879 0.0113 -0.4599
vn 0.9169 0.3334 0.2192
vn 0.9337 -0.0184 0.3575
vn 0.8766 0.1676 0.4511
vn 0.8306 0.2223 0.5106
vn -0.9111 0.1079 -0.3978
vn -0.9376 0.0172 -0.3473
vn 0.4726 0.4147 -0.7776
vn 0.5152 0.4158 -0.7494
vn -0.2838 0.3145 -0.9058
vn -0.0411 0.3276 -0.9439
vn 0.2132 0.3715 -0.9036
vn 0.4573 0.3973 -0.7956
vn 0.8324 0.3463 -0.4327
vn 0.8860 0.1005 0.4527
vn 0.8320 0.1773 0.5257
vn 0.8096 0.1813 0.5583
vn 0.8131 0.2469 0.5272
vn 0.7592 0.2606 0.5964
vn 0.7900 0.3176 0.5244
vn 0.8141 0.3470 0.4657
vn 0.9219 0.3244 0.2116
vn 0.9268 0.3750 0.0186
vn 0.8558 0.4227 -0.2984
vn 0.7020 0.4448 -0.5561
vn -0.9278 -0.1755 -0.3292
vn -0.3323 -0.1900 -0.9238
vn -0.8035 -0.1574 0.5742
vn 0.2885 -0.1046 -0.9518
vn -0.0837 -0.1387 -0.9868
vn -0.3825 -0.0518 -0.9225
vn 0.6435 -0.1470 -0.7512
vn 0.9701 0.0126 -0.2422
vn -0.6676 -0.3481 -0.6581
vn -0.5306 -0.0973 0.8420
vn -0.7106 -0.3250 -0.6241
vn -0.0165 0.1882 0.9820
vn -0.6599 -0.3924 -0.6407
vn -0.0194 0.1807 0.9833
vn -0.6032 -0.3182 -0.7314
vn -0.7644 -0.4117 -0.4961
vn 0.8657 0.0583 0.4972
vn -0.1943 -0.0026 0.9809
vn 0.1080 0.3568 0.9279
vn 0.1955 0.1595 0.9676
vn 0.0295 0.2805 0.9594
vn -0.3084 0.1278 0.9426
vn -0.1731 0.1568 0.9723
vn -0.2162 0.1257 0.9682
vn -0.0625 0.1583 0.9854
vn -0.0384 0.0827 0.9958
vn 0.2021 0.1251 0.9713
vn 0.3695 0.0620 0.9272
vn 0.5218 0.1198 0.8446
vn 0.7915 0.0791 0.6060
vn 0.8002 0.1217 0.5873
vn -0.0290 0.1311 0.9909
vn -0.8870 -0.1580 0.4338
vn -0.6472 0.0094 0.7623
vn -0.2742 0.1048 0.9559
vn -0.2225 0.0666 0.9727
vn -0.0570 0.0646 0.9963
vn 0.2227 -0.0014 0.9749
vn 0.7542 0.3463 0.5579
vn 0.6320 0.2648 0.7283
vn 0.3321 0.2175 0.9178
vn 0.0284 0.1923 0.9809
vn -0.1425 0.1484 0.9786
vn 0.0602 0.2598 0.9638
vn 0.5011 0.3812 0.7769
vn -0.0043 0.1893 0.9819
vn -0.7702 -0.4099 -0.4886
vn 0.5903 0.3535 0.7257
vn 0.3631 0.2809 0.8884
vn 0.1389 0.2308 0.9630
vn -0.0325 0.2392 0.9704
vn 0.8443 -0.5297 -0.0809
vn 0.1654 -0.3623 0.9173
vn 0.8815 -0.3376 -0.3302
vn 0.3774 -0.3661 0.8506
vn 0.6894 0.4554 -0.5634
vn 0.4969 0.5855 -0.6405
vn 0.3026 0.6142 -0.7289
vn 0.3159 0.6346 -0.7053
vn 0.7754 0.6184 -0.1276
vn 0.6527 0.6305 -0.4201
vn 0.6039 0.7436 -0.2869
vn -0.6385 -0.4265 -0.6407
vn -0.7541 0.0283 0.6562
vn -0.5403 0.3603 -0.7604
vn -0.4921 0.3379 -0.8023
vn -0.7920 0.3240 -0.5175
vn -0.5220 0.3376 -0.7833
vn -0.5411 0.2972 -0.7867
vn -0.5285 0.3256 -0.7841
vn -0.5628 0.2773 -0.7787
vn -0.3337 0.3338 -0.8816
vn -0.5010 0.3609 -0.7866
vn -0.4822 0.3302 -0.8115
vn -0.4142 0.2630 -0.8713
vn -0.6526 0.3313 -0.6814
vn -0.6933 0.3171 -0.6472
vn -0.5621 0.2900 -0.7745
vn -0.6444 0.3769 -0.6654
vn -0.7417 0.3536 -0.5699
vn -0.8362 0.2957 -0.4620
vn -0.8499 0.2419 -0.4681
vn -0.8366 0.3002 -0.4583
vn -0.8336 0.2513 -0.4919
vn -0.8694 0.3677 -0.3301
vn -0.8718 0.3499 -0.3429
vn -0.9038 0.4175 -0.0941
vn -0.9258 0.3780 0.0033
vn -0.9091 0.4129 0.0560
vn -0.9361 0.3451 0.0679
vn -0.8680 0.3840 0.3148
vn -0.8725 0.2496 0.4200
vn -0.7760 0.3458 -0.5275
vn -0.7919 0.3404 -0.5070
vn -0.8518 0.3653 -0.3754
vn -0.8728 0.4278 -0.2350
vn -0.8741 0.4799 -0.0759
vn -0.8646 0.4989 0.0601
vn -0.8294 0.4392 0.3452
vn 0.8886 -0.4554 0.0536
vn 0.8184 -0.3510 -0.4551
vn -0.8774 0.3661 -0.3099
vn -0.9056 0.4107 -0.1061
vn -0.8849 0.4634 0.0468
vn -0.8511 0.5206 0.0677
vn -0.8436 0.5092 0.1703
vn 0.2495 -0.2525 0.9349
vn -0.7768 0.3508 -0.5230
vn -0.8871 0.3233 -0.3295
vn -0.9512 0.3074 0.0268
vn -0.9120 0.3623 0.1923
vn -0.8920 0.4215 0.1635
vn -0.8745 0.4631 0.1441
vn 0.2452 -0.0293 0.9690
vn 0.8632 -0.4858 -0.1373
vn 0.8434 -0.4336 -0.3172
vn -0.7483 0.0332 0.6625
vn 0.4019 0.4140 0.8168
vn 0.8363 0.3357 0.4335
vn 0.7709 0.3325 0.5434
vn 0.7795 0.3434 0.5239
vn 0.8198 0.2333 0.5230
vn 0.7871 0.3015 0.5381
vn 0.7393 0.2916 0.6070
vn 0.7540 0.3482 0.5570
vn 0.6773 0.3111 0.6667
vn 0.6320 0.3070 0.7115
vn 0.6608 0.3646 0.6561
vn 0.6227 0.3845 0.6815
vn 0.9106 0.4100 0.0518
vn 0.9182 0.3279 0.2221
vn 0.8851 0.3505 0.3061
vn 0.8504 0.3782 0.3658
vn 0.8950 0.3426 0.2856
vn 0.9335 0.3144 0.1725
vn 0.9267 0.2379 0.2910
vn 0.9152 0.2827 0.2873
vn 0.8962 0.3170 0.3103
vn 0.9056 0.2853 0.3139
vn 0.9496 0.3127 -0.0219
vn 0.9333 0.3446 -0.1005
vn 0.9240 0.3321 -0.1897
vn 0.9131 0.3543 -0.2020
vn 0.8879 0.3639 -0.2816
vn 0.8937 0.3396 -0.2932
vn 0.7320 0.3299 -0.5961
vn 0.6658 0.3645 -0.6510
vn 0.5479 0.3088 -0.7775
vn 0.5616 0.3465 -0.7513
vn 0.6140 0.3289 -0.7175
vn 0.5878 0.3685 -0.7202
vn 0.5226 0.4135 -0.7456
vn 0.7119 0.4419 -0.5458
vn 0.5506 0.3948 -0.7355
vn 0.6243 0.4122 -0.6635
vn 0.8456 0.4185 -0.3314
vn 0.8862 0.4004 -0.2331
vn 0.5470 0.4263 -0.7205
vn 0.5011 0.4196 -0.7568
vn 0.8715 0.4068 -0.2739
vn 0.9170 0.3825 -0.1133
vn 0.8816 0.3740 0.2881
vn -0.0730 0.3233 -0.9435
vn -0.0765 0.3285 -0.9414
vn -0.0805 0.2666 -0.9604
vn -0.0312 0.2793 -0.9597
vn 0.3676 0.3935 -0.8426
vn 0.3843 0.3580 -0.8509
vn 0.2019 0.3909 -0.8980
vn 0.2165 0.3289 -0.9192
vn 0.3927 0.3060 -0.8673
vn 0.2090 0.3107 -0.9272
vn -0.0734 0.3725 -0.9251
vn -0.0571 0.3378 -0.9395
vn -0.1508 0.3604 -0.9205
vn -0.1214 0.3012 -0.9458
vn -0.1270 0.2653 -0.9558
vn 0.3986 0.3994 -0.8256
vn 0.1112 0.3701 -0.9223
vn -0.0602 0.3187 -0.9460
vn 0.3980 0.3227 -0.8588
vn 0.4096 0.3392 -0.8469
vn 0.4277 0.4057 -0.8078
vn 0.4808 0.4253 -0.7668
vn -0.5592 0.7264 0.3995
vn -0.4151 0.7820 0.4649
vn -0.4394 0.7963 0.4157
vn -0.5993 0.7283 0.3322
vn -0.4880 0.6827 0.5438
vn -0.8294 0.5214 0.2007
vn -0.5508 0.7215 0.4197
vn -0.8174 0.5718 0.0704
vn -0.6353 0.7098 0.3042
vn -0.8596 0.5068 0.0653
vn -0.8248 0.5655 -0.0014
vn -0.9136 0.4020 0.0606
vn -0.5595 0.3431 0.7544
vn -0.6506 0.5290 0.5449
vn -0.6620 0.6334 0.4007
vn -0.5875 0.8090 -0.0203
vn -0.4488 0.8843 0.1286
vn -0.3712 0.9122 -0.1736
vn -0.3129 0.7770 -0.5462
vn -0.0504 0.6794 0.7320
vn 0.2028 0.4572 0.8659
vn 0.3860 0.5386 0.7490
vn 0.1532 0.5240 0.8378
vn 0.4542 0.4653 0.7597
vn 0.2265 0.6063 0.7623
vn 0.6203 0.7843 0.0093
vn 0.2943 0.9113 0.2881
vn 0.2846 0.7661 0.5762
vn 0.0132 0.8580 0.5135
vn 0.0513 0.6783 0.7330
vn -0.0287 0.5516 0.8336
vn -0.1512 0.4626 0.8736
vn 0.2281 0.5219 0.8219
vn -0.3068 0.3450 0.8870
vn -0.0059 0.7060 0.7081
vn -0.1639 0.6911 0.7040
vn 0.3057 0.6180 0.7243
vn -0.3216 0.7460 0.5831
vn -0.3813 0.6329 0.6738
vn 0.6719 0.5551 -0.4903
vn 0.8775 0.3367 -0.3414
vn 0.7295 0.3987 -0.5557
vn 0.6230 0.7368 -0.2626
vn 0.4706 0.8771 0.0964
vn 0.6713 0.4151 -0.6140
vn 0.8842 0.3342 -0.3262
vn 0.7542 0.0898 -0.6504
vn 0.9471 0.1296 -0.2937
vn 0.8913 0.2626 -0.3697
vn 0.7991 0.0208 -0.6008
vn 0.9893 -0.0433 -0.1394
vn 0.9249 -0.1870 -0.3311
vn 0.8832 0.0123 -0.4689
vn 0.7476 0.1575 -0.6452
vn 0.5662 0.8115 0.1448
vn 0.2465 0.8911 0.3811
vn 0.6450 0.7040 -0.2972
vn 0.7033 0.3971 -0.5897
vn 0.6006 0.2073 -0.7722
vn 0.2261 -0.1840 -0.9566
vn 0.3205 -0.5176 -0.7934
vn -0.6409 -0.4288 -0.6367
vn -0.6454 -0.4511 -0.6164
vn -0.7520 0.0285 0.6585
vn -0.7297 0.0474 0.6822
vn -0.6668 -0.5004 -0.5523
vn 0.3543 0.4649 0.8114
vn 0.3522 0.4662 0.8115
vn -0.6648 -0.5017 -0.5535
vn -0.7438 0.0439 0.6670
vn -0.6082 -0.5250 -0.5953
vn -0.8432 -0.0299 0.5368
vn -0.5458 -0.5320 -0.6473
vn 0.3591 0.4665 0.8083
vn 0.5406 0.5100 0.6690
vn 0.5010 0.5493 0.6688
vn 0.3489 0.5509 0.7581
vn 0.6814 0.5745 0.4534
vn 0.6829 0.5007 0.5320
vn 0.7060 0.4317 0.5615
vn 0.3476 0.3236 0.8800
vn 0.3019 0.2169 0.9283
vn 0.2880 0.2427 0.9264
vn 0.2775 0.3400 0.8986
vn 0.2071 0.3072 0.9288
vn 0.4063 0.4354 0.8033
vn -0.7271 0.0498 0.6847
vn 0.5478 0.4733 0.6898
vn 0.2492 0.3524 0.9020
vn 0.1908 0.2765 0.9419
vn 0.3106 0.3322 0.8906
vn 0.0060 0.1991 -0.9800
vn 0.0747 0.2855 -0.9555
vn -0.0556 0.4072 -0.9116
vn -0.0341 0.3128 -0.9492
vn 0.2994 0.4230 -0.8552
vn 0.0756 0.5399 -0.8383
vn -0.1076 0.8215 -0.5600
vn 0.5391 0.3659 -0.7586
vn 0.3329 0.0919 -0.9385
vn -0.1668 0.2294 -0.9589
vn -0.4083 0.1559 -0.8994
vn -0.2782 -0.0667 -0.9582
vn -0.0710 0.0885 -0.9935
vn 0.1807 0.1617 -0.9702
vn 0.1640 0.2593 -0.9518
vn -0.2520 0.6820 -0.6866
vn -0.3969 0.9042 -0.1579
vn 0.0457 0.4744 -0.8791
vn 0.1935 0.3109 -0.9306
vn 0.4056 0.2526 -0.8785
vn 0.6631 -0.2100 -0.7185
vn 0.3414 -0.4939 -0.7997
vn -0.8851 0.0155 -0.4651
vn -0.9267 0.0110 -0.3758
vn -0.9866 0.0219 -0.1617
vn -0.8974 0.1108 -0.4270
vn -0.9385 0.1694 -0.3008
vn -0.9242 0.0348 -0.3802
vn -0.9638 0.0925 -0.2501
vn -0.9835 0.1523 0.0982
vn -0.9854 0.0802 0.1505
vn 0.9364 -0.0071 -0.3509
vn 0.1206 0.0597 -0.9909
vn 0.1832 -0.0497 -0.9818
vn -0.1624 -0.1043 -0.9812
vn -0.6030 -0.0910 -0.7925
vn 0.5355 0.1419 -0.8325
vn 0.9424 -0.0024 0.3345
vn 0.9617 0.0037 0.2741
vn 0.7991 0.0317 0.6003
vn 0.9614 -0.0146 0.2747
vn 0.9419 -0.0205 0.3354
vn 0.9627 -0.0188 0.2700
vn 0.9922 -0.0023 0.1246
vn 0.9891 -0.0690 -0.1297
vn 0.9507 -0.1202 0.2859
vn 0.9124 -0.2819 0.2968
vn 0.8332 -0.1188 0.5400
vn 0.5560 -0.1022 0.8248
vn 0.7464 -0.1292 0.6528
vn 0.9804 -0.0173 0.1961
vn 0.9995 -0.0289 0.0135
vn 0.9964 0.0097 0.0839
vn 0.9980 -0.0434 0.0449
vn 0.9551 -0.0317 0.2946
vn 0.8238 0.0032 0.5668
vn 0.7440 0.0011 0.6681
vn 0.9887 -0.1420 -0.0489
vn 0.9930 -0.0534 0.1053
vn -0.8953 0.0327 -0.4442
vn -0.7867 0.3793 0.4871
vn -0.6178 0.3418 0.7082
vn -0.8655 0.1572 0.4755
vn -0.9682 0.2041 0.1445
vn -0.7107 0.1440 0.6886
vn 0.8386 -0.2436 0.4873
vn 0.9740 -0.2104 -0.0840
vn 0.8540 -0.1140 -0.5077
vn -0.6681 0.2934 0.6838
vn -0.8371 0.1234 0.5329
vn -0.8360 0.0503 -0.5464
vn -0.8910 0.0212 -0.4535
vn -0.9594 0.0190 -0.2815
vn -0.9947 0.0176 0.1012
vn -0.9613 0.0998 0.2569
vn -0.9606 0.1091 0.2557
vn -0.9282 0.1334 0.3473
vn -0.9225 0.0967 0.3736
vn -0.8063 0.1082 0.5816
vn -0.7857 0.1410 0.6023
vn -0.8117 0.1776 0.5564
vn -0.8592 0.1681 0.4833
vn -0.8327 0.0356 -0.5526
vn -0.7872 0.0223 -0.6163
vn -0.8012 0.0055 -0.5984
vn -0.6509 -0.0617 -0.7566
vn -0.8380 0.0523 -0.5432
vn -0.5583 0.0057 -0.8296
vn 0.8184 -0.0035 0.5747
vn 0.9069 -0.0237 0.4206
vn 0.6069 0.0501 0.7932
vn 0.4303 0.0666 0.9002
vn 0.2205 0.0460 0.9743
vn 0.6830 0.0213 0.7301
vn 0.1799 0.0512 0.9823
vn 0.3937 0.0638 0.9170
vn 0.0328 0.1088 0.9935
vn -0.5154 0.3838 0.7662
vn -0.4968 0.2716 0.8243
vn -0.4499 0.1684 0.8770
vn -0.3909 0.2750 0.8784
vn -0.2844 0.1394 0.9485
vn -0.2770 0.1740 0.9450
vn -0.1464 0.1162 0.9824
vn -0.0419 0.0865 0.9954
vn -0.0721 0.1280 0.9892
vn -0.3182 0.2084 0.9248
vn 0.1159 0.1462 0.9824
vn 0.2000 -0.2057 -0.9579
vn 0.2865 -0.1978 -0.9374
vn 0.9222 -0.0190 0.3863
vn 0.8394 0.0010 0.5435
vn 0.9781 -0.0270 0.2062
vn 0.7383 -0.2004 -0.6440
vn 0.9988 -0.0214 -0.0450
vn 0.9850 -0.0451 0.1666
vn 0.3852 0.8718 -0.3026
vn 0.9942 0.0167 0.1062
vn 0.7488 0.5650 0.3467
vn 0.9116 0.0129 0.4109
vn 0.9770 -0.0071 0.2133
vn -0.7016 0.1280 0.7010
vn -0.7484 0.1160 0.6530
vn -0.5751 -0.0935 -0.8127
vn -0.8064 0.0139 -0.5912
vn 0.6498 0.3276 -0.6859
vn 0.6262 0.5406 -0.5618
vn -0.9346 0.2960 0.1975
vn -0.3523 0.0530 0.9344
vn -0.9513 0.2027 0.2323
vn 0.0282 0.2701 0.9624
vn -0.8612 0.1797 -0.4754
vn -0.8857 0.2174 -0.4103
vn -0.9839 0.1756 -0.0341
vn -0.8921 0.2175 -0.3960
vn -0.9870 0.1605 0.0012
vn -0.9413 0.2320 -0.2452
vn -0.9688 0.1823 0.1679
vn -0.9692 0.2235 0.1039
vn -0.9151 0.1706 0.3654
vn -0.9266 0.1965 0.3208
vn -0.8847 0.1754 0.4318
vn -0.9092 0.2649 0.3212
vn -0.9521 0.2554 0.1679
vn -0.8226 0.2089 0.5289
vn -0.9100 0.1429 0.3893
vn -0.9600 0.1349 0.2455
vn -0.4976 0.0611 0.8653
vn -0.9536 0.2502 0.1677
vn 0.8443 -0.2486 0.4748
vn 0.9677 -0.2348 0.0921
vn 0.9595 -0.2542 0.1216
vn 0.8443 -0.2486 0.4747
vn -0.3472 -0.0066 0.9378
vn 0.9264 -0.3747 0.0381
vn 0.9619 -0.2239 0.1570
vn 0.7410 0.1141 0.6618
vn 0.5299 0.0563 0.8462
vn 0.8637 -0.0174 0.5037
vn 0.6350 -0.0326 0.7718
vn 0.0249 0.2202 0.9751
vn -0.3220 0.3299 0.8874
vn 0.4777 0.4760 0.7384
vn 0.5684 0.3445 0.7472
vn 0.3337 0.2363 0.9126
vn 0.5706 -0.0025 0.8212
vn 0.4154 0.2148 0.8839
vn 0.4997 0.1230 0.8574
vn 0.4109 0.2541 0.8756
vn 0.5229 0.2758 0.8065
vn 0.3030 0.4876 0.8188
vn 0.4879 0.4346 0.7571
vn -0.1488 0.3203 0.9355
vn 0.2745 0.2841 0.9187
vn 0.1277 0.5508 0.8248
vn 0.0600 0.1255 0.9903
vn 0.4580 0.0656 0.8865
vn -0.6301 0.3740 0.6805
vn -0.5600 0.3860 0.7331
vn -0.5127 0.4948 0.7016
vn -0.8300 0.3128 0.4618
vn -0.6871 0.5456 0.4798
vn -0.5499 0.5286 0.6467
vn -0.4554 0.5828 0.6730
vn -0.8572 0.3476 0.3800
vn -0.8627 0.3980 0.3121
vn -0.7719 0.5867 -0.2449
vn -0.4347 0.5810 -0.6881
vn -0.4775 0.8772 0.0490
vn -0.4374 0.8044 0.4019
vn -0.9617 0.2166 0.1681
vn -0.9805 0.1916 0.0438
vn -0.9958 -0.0747 0.0523
vn -0.8255 0.2944 0.4815
vn -0.8352 0.5145 -0.1944
vn -0.9957 -0.0542 0.0751
vn -0.6445 0.1102 0.7566
vn -0.5133 0.3228 0.7952
vn -0.0400 0.9021 -0.4296
vn -0.7624 0.0728 -0.6430
vn -0.5489 0.1435 -0.8235
vn 0.1396 -0.1308 -0.9815
vn 0.0309 0.8587 0.5116
vn -0.2721 0.7763 0.5687
vn -0.1058 0.5786 0.8087
vn 0.4041 0.4816 0.7777
vn 0.7456 0.5874 0.3145
vn -0.2213 0.5321 0.8172
vn 0.2006 0.4947 0.8456
vn -0.4378 0.4948 0.7507
vn -0.4743 0.5395 0.6956
vn -0.0198 0.3355 0.9418
vn -0.4134 0.3402 0.8446
vn -0.4827 0.4808 0.7320
vn -0.3856 0.4930 0.7799
vn 0.5234 0.0276 0.8516
vn -0.4287 0.3688 0.8248
vn 0.0259 0.8009 0.5982
vn 0.3022 0.8943 0.3300
vn 0.7194 0.5789 0.3838
vn -0.4949 0.8652 0.0802
vn -0.1585 0.9453 -0.2852
vn -0.4033 0.6208 -0.6723
vn -0.9404 0.2300 -0.2504
vn -0.8901 0.2070 -0.4061
vn -0.8035 0.2790 -0.5258
vn -0.8187 0.2037 -0.5369
vn -0.8217 0.2101 -0.5298
vn -0.8039 0.2820 -0.5237
vn 0.9302 -0.3603 0.0704
vn -0.7620 0.2511 -0.5969
vn -0.7977 0.2755 -0.5365
vn -0.8175 0.2032 -0.5388
vn -0.8595 0.1731 -0.4810
vn 0.8388 -0.0366 0.5432
vn -0.8176 0.0826 0.5698
vn -0.7180 -0.4439 0.5361
vn -0.7923 -0.4086 0.4531
vn -0.9535 0.1539 -0.2591
vn -0.9657 0.0380 0.2568
vn -0.9977 0.0645 -0.0194
vn -0.9395 0.0837 0.3323
vn -0.9562 -0.2914 0.0264
vn -0.7929 -0.5629 0.2335
vn -0.7929 -0.4079 0.4528
vn -0.8184 0.0821 0.5687
vn -0.8337 -0.0857 0.5455
vn -0.8117 -0.0992 0.5756
vn -0.7144 -0.0393 0.6986
vn -0.7223 -0.1417 0.6769
vn -0.6924 -0.1889 0.6964
vn -0.6920 -0.1896 0.6966
vn -0.6194 0.1263 -0.7748
vn -0.9443 0.0319 -0.3274
vn -0.5814 0.0282 -0.8131
vn -0.9802 0.0965 0.1726
vn -0.8726 0.0113 0.4884
vn -0.6402 -0.1429 0.7548
vn -0.7059 -0.5321 0.4675
vn -0.7042 -0.3760 0.6023
vn -0.8028 -0.2037 0.5603
vn -0.6931 -0.1079 0.7127
vn -0.7305 0.0563 0.6806
vn -0.7183 -0.4461 0.5339
vn -0.9287 -0.0160 0.3704
vn -0.6119 0.0964 0.7850
vn -0.4795 -0.0225 0.8773
vn -0.0869 -0.0742 0.9934
vn 0.0430 -0.0312 0.9986
vn 0.3551 -0.4136 0.8384
vn -0.5232 -0.6862 0.5053
vn -0.3988 -0.7076 0.5833
vn -0.8822 -0.1165 0.4563
vn -0.6777 0.0102 0.7353
vn -0.4079 -0.9066 0.1083
vn -0.4697 -0.8825 -0.0253
vn 0.4067 0.0127 0.9135
vn 0.6796 0.0889 0.7282
vn 0.1599 -0.1312 -0.9784
vn -0.5107 -0.8587 -0.0419
vn 0.2546 -0.7792 -0.5728
vn 0.1406 -0.1071 -0.9843
vn -0.4503 -0.6704 0.5897
vn -0.7165 -0.4455 0.5368
vn -0.6990 0.0869 0.7098
vn -0.7201 0.0412 0.6926
vn -0.7302 0.0578 0.6808
vn -0.6773 0.0109 0.7356
vn -0.7197 0.0411 0.6930
vn -0.6994 0.0865 0.7095
vn -0.7293 0.0564 0.6818
vn -0.7206 -0.4465 0.5304
vn 0.5641 -0.0854 -0.8213
vn 0.5570 -0.0305 -0.8299
vn 0.4656 0.0119 -0.8849
vn 0.4135 0.0832 -0.9067
vn -0.0677 0.1036 -0.9923
vn -0.0166 0.0585 -0.9981
vn -0.1339 -0.0543 -0.9895
vn -0.2597 -0.0079 -0.9657
vn -0.1872 -0.0103 -0.9823
vn 0.0708 -0.1323 -0.9887
vn 0.2187 0.0178 -0.9756
vn 0.6448 -0.1871 -0.7411
vn 0.4344 -0.3955 -0.8093
vn 0.6565 -0.6399 -0.3994
vn 0.6962 -0.5997 -0.3945
vn 0.9254 -0.3061 -0.2234
vn 0.2063 -0.7809 -0.5896
vn 0.9725 0.0248 -0.2317
vn 0.0885 -0.1135 -0.9896
vn 0.4535 -0.0344 -0.8906
vn 0.6798 -0.2999 -0.6693
vn 0.7379 -0.1884 -0.6481
vn 0.4789 -0.4614 -0.7469
vn -0.7332 0.1551 -0.6621
vn -0.6193 0.1265 -0.7749
vn -0.9534 0.1546 -0.2592
vn -0.7331 0.1547 -0.6623
vn -0.9164 -0.2842 -0.2818
vn -0.9533 0.1548 -0.2593
vn -0.9977 0.0657 -0.0189
vn -0.9164 -0.2840 -0.2821
vn -0.9566 -0.2900 0.0270
vn 0.6640 0.0217 0.7474
vn 0.8205 0.2625 0.5078
vn 0.8843 0.1826 0.4297
vn 0.7443 0.0327 0.6670
vn 0.9663 0.2258 0.1235
vn 0.9391 0.3431 0.0177
vn 0.8776 0.2371 0.4166
vn 0.6761 0.0343 0.7361
vn 0.4174 -0.2171 0.8824
vn 0.4257 -0.0274 0.9044
vn 0.0293 -0.1867 0.9820
vn 0.0037 -0.0464 0.9989
vn -0.4275 -0.1789 0.8861
vn -0.0840 -0.1501 0.9851
vn -0.5593 -0.2835 0.7789
vn -0.4026 -0.2328 0.8853
vn -0.8780 -0.3277 0.3488
vn -0.9007 -0.2557 0.3511
vn -0.9646 -0.2636 -0.0077
vn -0.7853 -0.6189 -0.0176
vn 0.8947 0.3827 -0.2303
vn 0.9276 0.2564 0.2717
vn 0.8267 0.2567 0.5007
vn 0.5532 0.0961 0.8275
vn 0.4084 -0.0063 0.9128
vn 0.2647 -0.0541 0.9628
vn 0.7947 0.1236 0.5943
vn 0.8806 0.1126 0.4603
vn 0.9816 0.1882 0.0322
vn 0.8769 0.2882 0.3847
vn 0.9670 0.2534 0.0253
vn 0.8270 0.1246 -0.5483
vn 0.8207 0.0965 -0.5631
vn 0.6953 0.2668 -0.6674
vn 0.8848 0.2224 -0.4096
vn 0.7214 0.3033 -0.6226
vn 0.2969 0.2129 -0.9309
vn 0.4171 -0.0466 -0.9077
vn 0.3570 -0.0773 -0.9309
vn 0.2073 0.1645 -0.9644
vn -0.0178 0.1269 -0.9918
vn -0.2082 -0.1203 -0.9707
vn -0.6166 -0.0327 -0.7866
vn -0.6344 -0.1790 -0.7520
vn -0.5817 -0.1532 -0.7989
vn -0.2808 -0.1128 -0.9531
vn -0.3174 -0.0140 -0.9482
vn 0.0761 0.0917 -0.9929
vn 0.5303 0.1537 -0.8338
vn -0.0013 0.0516 -0.9987
vn -0.3308 0.0518 -0.9423
vn -0.4006 0.0514 -0.9148
vn -0.4417 -0.0877 -0.8929
vn -0.6539 -0.0541 -0.7547
vn -0.5467 0.0510 -0.8358
vn 0.1635 -0.1013 -0.9813
vn -0.1451 -0.1432 -0.9790
vn 0.4245 0.0774 -0.9021
vn 0.4686 -0.1019 -0.8775
vn 0.7931 0.2173 -0.5690
vn 0.8922 0.1001 -0.4405
vn 0.9572 0.2319 -0.1733
vn 0.9602 0.2551 -0.1138
vn 0.9374 0.2376 0.2547
vn 0.9550 0.1420 -0.2604
vn 0.9100 0.2271 0.3469
vn 0.9103 0.1638 -0.3801
vn 0.9754 0.1728 -0.1368
vn 0.7386 0.1325 -0.6609
vn 0.6718 0.0921 -0.7350
vn 0.5630 -0.1037 -0.8199
vn 0.5537 -0.0210 -0.8324
vn 0.6399 0.0768 -0.7646
vn 0.6301 -0.2458 -0.7366
vn 0.6174 0.1576 0.7707
vn -0.0029 -0.0093 1.0000
vn -0.5964 -0.1442 0.7896
vn -0.7576 -0.3441 0.5547
vn -0.4348 -0.6760 0.5950
vn -0.4128 -0.7081 0.5729
vn -0.2657 -0.4919 0.8291
vn -0.4433 -0.3530 0.8240
vn -0.4961 -0.0054 0.8683
vn -0.4431 -0.2106 0.8714
vn -0.3310 -0.1831 0.9257
vn -0.4159 -0.1947 0.8883
vn -0.3935 -0.0599 0.9174
vn -0.2266 -0.1183 0.9668
vn -0.1345 -0.0055 0.9909
vn -0.3960 -0.2149 0.8927
vn -0.2106 -0.0863 0.9738
vn 0.1037 0.0533 0.9932
vn 0.1702 0.1285 0.9770
vn 0.5259 0.1942 0.8281
vn 0.3096 0.1089 0.9446
vn 0.0012 0.0942 0.9956
vn -0.2443 0.0632 0.9676
vn -0.2889 0.0397 0.9565
vn -0.3729 0.0259 0.9275
vn -0.4126 -0.1148 0.9036
vn -0.5052 0.0199 0.8628
vn -0.5292 -0.0968 0.8430
vn -0.6791 0.0122 0.7339
vn -0.7954 -0.1371 0.5904
vn -0.8802 -0.1251 0.4578
vn -0.7421 -0.2264 0.6309
vn -0.7921 -0.2139 0.5718
vn -0.6851 -0.3882 0.6164
vn -0.6905 -0.3935 0.6069
vn -0.4850 -0.2154 0.8476
vn -0.4298 -0.9029 0.0015
vn 0.1178 -0.1070 -0.9873
vn -0.0806 -0.9131 0.3998
vn -0.9152 -0.2047 -0.3471
vn -0.6761 -0.0727 -0.7332
vn -0.9307 -0.2783 -0.2375
vn -0.7599 -0.2064 -0.6164
vn -0.9131 -0.2577 -0.3160
vn -0.7432 -0.1652 -0.6484
vn -0.9236 -0.3103 -0.2252
vn -0.7855 -0.1284 -0.6053
vn -0.8471 -0.2828 -0.4499
vn -0.9467 -0.3217 -0.0159
vn -0.9095 -0.4156 -0.0080
vn -0.9064 -0.4214 -0.0291
vn -0.9049 -0.4225 0.0508
vn -0.9009 -0.3910 0.1884
vn -0.7638 -0.3989 0.5074
vn -0.7910 -0.3374 0.5104
vn -0.8838 -0.3503 0.3100
vn -0.9273 -0.3744 -0.0001
vn -0.3811 -0.3671 0.8485
vn 0.3841 -0.2352 -0.8928
vn 0.3272 -0.1554 -0.9321
vn 0.1606 -0.5723 -0.8042
vn 0.2113 -0.6165 -0.7585
vn -0.0891 -0.4202 -0.9030
vn 0.3274 -0.7555 -0.5675
vn 0.5296 -0.3932 -0.7516
vn -0.4124 -0.7025 0.5801
vn -0.4629 -0.6698 0.5806
vn -0.6997 0.0852 0.7093
vn -0.7322 0.0366 0.6801
vn -0.4794 -0.6645 0.5732
vn -0.4904 -0.4986 0.7148
vn -0.2093 -0.7349 0.6451
vn -0.2660 -0.3372 0.9031
vn -0.1650 -0.4323 0.8865
vn 0.1377 -0.4533 0.8807
vn 0.4139 -0.2587 0.8728
vn 0.6914 -0.1996 0.6944
vn 0.8991 -0.0341 0.4364
vn 0.2284 -0.1432 0.9630
vn 0.3457 -0.2120 0.9141
vn 0.4663 -0.2137 0.8584
vn 0.4408 -0.1978 0.8755
vn 0.6533 -0.0920 0.7515
vn 0.9000 0.0504 0.4330
vn 0.9079 -0.0141 0.4190
vn 0.6779 -0.0533 0.7332
vn 0.4122 -0.1418 0.9000
vn 0.1335 -0.0955 0.9864
vn -0.1270 -0.0972 0.9871
vn -0.4437 -0.0956 0.8911
vn -0.6346 -0.0375 0.7719
vn -0.8656 -0.1157 0.4873
vn -0.9260 -0.0414 0.3752
vn -0.9932 -0.1089 -0.0407
vn -0.9741 -0.0401 -0.2224
vn -0.7378 -0.1068 -0.6665
vn -0.6888 0.0659 -0.7220
vn -0.3811 -0.0496 -0.9232
vn -0.3871 0.0138 -0.9219
vn 0.3348 0.0815 -0.9388
vn 0.5842 -0.0558 0.8097
vn 0.0555 -0.1093 0.9925
vn -0.6376 -0.1326 0.7589
vn -0.9855 -0.1167 0.1234
vn -0.8353 -0.0692 -0.5455
vn -0.9320 -0.0140 0.3621
vn -0.4908 -0.0094 0.8712
vn 0.0476 -0.0380 0.9981
vn 0.3761 -0.0319 0.9260
vn 0.6585 -0.0000 0.7526
vn -0.9443 0.0335 -0.3274
vn -0.5821 0.0283 -0.8126
vn -0.1877 -0.0108 -0.9822
vn 0.2184 0.0218 -0.9756
vn 0.6420 -0.0123 -0.7666
vn 0.6325 -0.1983 -0.7487
vn 0.9661 -0.0839 -0.2441
vn 0.8915 0.1544 -0.4260
vn 0.0866 -0.1157 -0.9895
vn 0.9674 0.1331 0.2154
vn 0.9743 -0.0807 -0.2104
vn 0.9652 -0.0180 0.2608
vn 0.9718 -0.0339 0.2334
vn 0.9911 -0.0579 -0.1195
vn 0.9933 0.0623 -0.0977
vn 0.2068 -0.1098 -0.9722
vn 0.7005 -0.1428 -0.6992
vn 0.6616 -0.1462 -0.7355
vn 0.7075 0.1315 -0.6944
vn 0.8620 0.0907 -0.4987
vn 0.9851 0.1396 -0.1000
vn 0.9761 0.1402 0.1661
vn 0.7778 0.0983 -0.6207
vn -0.7804 0.0544 -0.6230
vn -0.6024 0.0337 -0.7975
vn -0.1465 0.1640 -0.9755
vn 0.1907 -0.0766 -0.9787
vn 0.2789 0.1312 -0.9513
vn -0.3810 0.1177 -0.9170
vn -0.7178 0.0270 -0.6957
vn -0.9274 -0.1235 -0.3532
vn -0.9907 -0.1260 -0.0518
vn -0.7279 -0.0276 -0.6852
vn -0.9326 -0.1330 -0.3355
vn -0.9511 -0.3087 -0.0111
vn 0.9241 0.0886 0.3718
vn 0.1802 -0.0850 -0.9800
vn 0.8623 -0.0379 0.5050
vn 0.8667 -0.4918 0.0837
vn -0.7575 -0.6417 0.1200
vn -0.5775 -0.7863 -0.2195
vn -0.3733 -0.4503 -0.8111
vn -0.1604 -0.9715 0.1747
vn -0.1886 -0.7381 0.6478
vn -0.0611 -0.4942 0.8672
vn -0.1153 -0.8813 -0.4582
vn 0.1028 -0.7371 -0.6680
vn -0.9191 -0.3873 -0.0728
vn 0.1879 -0.9814 -0.0384
vn 0.7321 -0.6810 0.0163
vn 0.1813 -0.9827 -0.0372
vn -0.9223 -0.3804 -0.0685
vn -0.0574 -0.4931 0.8681
vn 0.8649 -0.4944 0.0871
vn -0.1168 -0.8816 -0.4574
vn -0.0707 -0.4950 0.8660
vn -0.5773 -0.7865 -0.2193
vn -0.0595 -0.4945 0.8672
vn 0.1038 -0.7367 -0.6682
vn 0.1836 -0.9822 -0.0386
vn -0.9206 -0.3838 -0.0724
vn 0.7295 -0.6838 0.0160
vn 0.4935 -0.8375 0.2345
vn 0.1984 -0.9742 0.1080
vn -0.1975 -0.5355 -0.8211
vn -0.6765 -0.6825 0.2766
vn -0.2400 -0.5431 -0.8046
vn 0.1899 -0.9747 0.1183
vn 0.4238 -0.5885 0.6885
vn 0.1934 -0.9747 0.1117
vn -0.6615 -0.6785 0.3194
vn 0.8824 -0.4703 -0.0132
vn 0.1707 -0.9657 -0.1954
vn -0.6941 -0.6777 0.2426
vn 0.6178 -0.2548 0.7439
vn -0.6784 -0.6830 0.2706
vn 0.1883 -0.9630 -0.1925
vn 0.7064 -0.5819 -0.4030
vn 0.7217 -0.6444 0.2527
vn 0.9060 -0.2730 -0.3235
vn -0.2620 -0.8413 0.4729
vn 0.8822 -0.4704 0.0234
vn -0.6752 -0.6764 0.2943
vn 0.6869 -0.5854 -0.4307
vn -0.2121 -0.7326 -0.6468
vn 0.6791 -0.2583 0.6871
vn -0.6147 -0.6790 -0.4015
vn 0.1700 -0.9638 -0.2055
vn 0.6821 -0.2547 0.6855
vn -0.2096 -0.7350 -0.6449
vn -0.3504 -0.4347 -0.8296
vn -0.1076 -0.7392 0.6649
vn 0.8883 -0.4575 0.0395
vn -0.7390 -0.6461 0.1909
vn -0.1571 -0.9716 0.1769
vn -0.3746 -0.4522 -0.8094
vn 0.4940 -0.8372 0.2346
vn -0.9210 -0.3831 -0.0706
vn 0.9210 -0.2710 -0.2800
vn -0.2282 -0.5369 -0.8122
vn -0.2722 -0.8464 0.4577
vn 0.4318 -0.5868 0.6850
vn -0.6124 -0.6771 -0.4081
vn 0.6660 -0.2585 0.6998
vn 0.6975 -0.6504 0.3007
vn 0.9270 -0.2749 -0.2552
vn -0.8961 -0.2141 -0.3888
vn -0.9694 -0.2073 0.1318
vn -0.8834 -0.3339 0.3289
vn -0.6242 -0.0852 0.7766
vn -0.8822 -0.2580 0.3938
vn -0.9357 -0.2884 0.2035
vn -0.8887 -0.0033 -0.4585
vn -0.9878 -0.0064 0.1559
vn -0.6365 0.7113 -0.2981
vn -0.7874 0.6014 0.1351
vn -0.6827 0.0800 0.7263
vn -0.3748 0.5845 0.7196
vn 0.0271 0.2327 0.9722
vn 0.1317 0.6731 0.7278
vn 0.5559 0.5055 0.6599
vn 0.5557 0.1738 0.8130
vn 0.7522 0.6270 0.2028
vn 0.9293 0.3602 0.0809
vn 0.6726 0.7212 -0.1661
vn 0.8319 0.4895 0.2614
vn 0.5857 0.5191 0.6225
vn 0.0743 0.5447 0.8353
vn -0.5630 0.6623 0.4944
vn -0.9418 0.3327 0.0487
vn -0.7178 0.5577 -0.4167
vn -0.6220 -0.7574 -0.1987
vn 0.7810 -0.6121 0.1237
vn -0.2473 -0.8272 0.5045
vn 0.4411 -0.5732 0.6905
vn 0.1968 -0.9735 0.1162
vn 0.8288 0.5531 -0.0849
vn 0.7765 0.4879 -0.3989
vn 0.7342 0.5694 -0.3698
vn 0.3512 0.5560 -0.7533
vn 0.2266 0.5978 -0.7690
vn -0.1312 0.4187 -0.8986
vn -0.1671 0.5503 -0.8181
vn -0.4152 0.1646 -0.8947
vn -0.5550 0.2354 -0.7978
vn -0.2476 -0.0395 -0.9681
vn 0.6572 0.1220 -0.7438
vn 0.9781 0.1734 0.1152
vn 0.8803 -0.4744 0.0051
vn 0.6763 -0.5805 -0.4534
vn 0.1709 -0.9547 -0.2435
vn -0.1108 -0.7253 -0.6795
vn -0.4658 -0.7128 -0.5243
vn -0.6731 0.1029 -0.7324
vn -0.6804 0.3359 -0.6513
vn -0.7331 0.1157 -0.6702
vn -0.7994 -0.1733 -0.5752
vn 0.9840 0.1379 0.1124
vn 0.6562 0.1360 0.7422
vn 0.6514 0.1691 0.7397
vn 0.1237 0.0103 0.9923
vn 0.2100 -0.1643 0.9638
vn -0.4410 -0.2500 0.8620
vn 0.5031 -0.0748 0.8610
vn -0.2133 -0.0384 0.9762
vn 0.0962 0.0411 0.9945
vn -0.1838 -0.2347 0.9545
vn -0.1958 0.1211 0.9731
vn -0.7223 -0.1735 0.6695
vn -0.8208 -0.2213 0.5267
vn -0.6849 -0.2709 0.6764
vn 0.3972 0.4012 -0.8254
vn -0.0976 0.3408 -0.9351
vn 0.3270 -0.0251 -0.9447
vn -0.5131 -0.0436 -0.8572
vn -0.8553 0.4569 -0.2444
vn -0.9819 0.0463 -0.1839
vn -0.5828 0.4791 -0.6563
vn -0.5041 0.1550 -0.8496
vn -0.2714 0.5290 -0.8041
vn -0.7378 -0.1679 0.6538
vn -0.5576 0.0466 0.8288
vn -0.9238 0.1408 0.3560
vn -0.7537 0.5511 0.3581
vn -0.7871 0.5525 0.2742
vn -0.8594 0.4147 -0.2993
vn -0.6357 0.2739 -0.7217
vn -0.3048 0.3251 -0.8952
vn -0.0442 0.2605 -0.9645
vn 0.4657 0.3941 -0.7923
vn -0.7462 -0.6376 0.1912
vn -0.1375 -0.6982 0.7026
vn -0.5734 -0.7940 -0.2019
vn -0.1008 -0.8851 -0.4543
vn 0.0732 -0.7336 -0.6756
vn 0.1779 -0.9789 -0.1002
vn 0.6513 0.4842 -0.5843
vn 0.5224 0.6233 -0.5819
vn 0.9422 0.0645 -0.3288
vn 0.8584 0.0820 -0.5063
vn 0.5088 0.0384 -0.8600
vn 0.8965 0.0381 0.4414
vn 0.9007 0.4234 0.0974
vn 0.5635 0.7573 -0.3301
vn 0.7516 0.4861 -0.4458
vn 0.4858 -0.7954 -0.3624
vn 0.1857 0.9726 -0.1399
vn 0.7218 0.6506 -0.2361
vn 0.3202 -0.9443 -0.0757
vn 0.9974 0.0692 -0.0181
vn 0.9537 0.1180 0.2768
vn 0.9791 0.1825 -0.0894
vn 0.0312 0.0152 -0.9994
vn -0.4934 -0.0826 -0.8659
vn -0.9395 0.0148 -0.3423
vn -0.9534 0.0262 0.3006
vn -0.5869 0.0326 0.8090
vn -0.2121 -0.0448 0.9762
vn -0.1127 0.0630 0.9916
vn 0.1044 -0.0379 0.9938
vn 0.3269 0.0237 0.9447
vn 0.7338 0.0271 0.6789
vn 0.4882 -0.0635 0.8704
vn 0.8367 -0.0300 0.5468
vn 0.1447 -0.1331 0.9805
vn -0.5586 -0.1643 0.8130
vn -0.9657 -0.0180 0.2590
vn -0.9363 -0.0205 -0.3505
vn -0.8883 -0.1398 -0.4375
vn -0.4788 -0.0033 -0.8779
vn -0.9546 -0.2150 0.2062
vn -0.9736 -0.1896 -0.1274
vn -0.7849 0.0649 -0.6162
vn -0.1172 -0.2255 0.9672
vn -0.6118 -0.2713 0.7430
vn -0.9089 -0.1872 0.3726
vn -0.3477 0.7519 0.5602
vn 0.3428 0.4975 0.7968
vn 0.0457 0.6817 0.7302
vn 0.2656 0.8328 0.4857
vn -0.4116 0.0887 0.9070
vn 0.2670 0.4120 0.8712
vn 0.0555 0.0155 0.9983
vn 0.0041 0.0121 0.9999
vn -0.0220 0.1905 0.9814
vn -0.0671 -0.9857 0.1549
vn 0.4331 -0.8400 0.3270
vn 0.5635 0.6167 0.5497
vn 0.3596 0.9147 0.1843
vn 0.5846 0.6232 0.5194
vn -0.1653 -0.3212 0.9325
vn -0.3972 0.2447 0.8845
vn 0.2320 -0.0806 0.9694
vn -0.1618 -0.3198 0.9336
vn -0.5380 -0.3870 0.7488
vn -0.3993 0.2392 0.8850
vn -0.6666 0.1767 0.7242
vn -0.4181 0.1994 0.8862
vn -0.3521 0.4501 0.8207
vn -0.3986 0.2406 0.8850
vn -0.9074 0.3829 0.1730
vn -0.9772 -0.2121 0.0105
vn -0.8712 0.0416 -0.4892
vn -0.8007 0.5490 0.2397
vn -0.8869 0.3578 0.2923
vn -0.9152 0.3591 0.1829
vn -0.9231 0.3338 0.1910
vn -0.8939 0.3269 0.3067
vn -0.8615 0.2103 0.4621
vn -0.7842 0.3471 0.5144
vn -0.9606 0.1151 0.2531
vn -0.9809 0.1774 -0.0796
vn 0.6924 -0.3282 -0.6425
vn 0.5060 -0.4446 -0.7391
vn -0.6201 0.1287 -0.7739
vn -0.9575 0.2511 0.1417
vn -0.3317 -0.1424 0.9326
vn -0.2851 0.4148 -0.8641
vn -0.4691 0.7158 -0.5172
vn -0.7929 0.4999 -0.3484
vn -0.6317 0.6131 0.4743
vn -0.4120 0.9112 -0.0003
vn -0.3166 0.0949 0.9438
vn -0.7216 0.5464 0.4252
vn -0.1788 -0.5639 0.8062
vn -0.8912 0.3291 -0.3123
vn -0.4655 0.6336 -0.6179
vn -0.3033 0.6053 -0.7359
vn -0.2700 0.5964 -0.7559
vn -0.8035 0.3409 -0.4879
vn -0.5911 0.2833 -0.7552
vn -0.7114 0.5505 -0.4369
vn -0.6544 0.5023 -0.5652
vn -0.9045 0.3866 0.1800
vn -0.5413 0.3037 0.7840
vn 0.1792 -0.9301 0.3208
vn 0.3818 -0.4293 0.8185
vn 0.2571 -0.5304 0.8078
vn -0.7967 0.1390 0.5881
vn -0.5213 0.8167 0.2477
vn -0.7130 0.6940 0.0998
vn -0.9142 0.4004 -0.0627
vn -0.4836 0.2872 -0.8268
vn -0.3980 0.1326 -0.9077
vn -0.6786 0.1215 -0.7244
vn -0.8871 0.0220 -0.4611
vn -0.9002 0.3787 0.2149
vn -0.7566 0.5839 0.2943
vn -0.7336 0.5453 0.4057
vn 0.3288 0.2569 0.9088
vn -0.4320 -0.0422 0.9009
vn -0.0275 -0.1722 0.9847
vn -0.6842 -0.0948 -0.7231
vn -0.1521 -0.9641 0.2179
vn -0.8017 0.4197 -0.4256
vn 0.7105 -0.6857 -0.1581
vn 0.0819 -0.0811 0.9933
vn -0.0991 -0.8661 0.4899
vn -0.1388 -0.5437 -0.8277
vn 0.9105 -0.3278 -0.2522
vn 0.1709 -0.1201 0.9779
vn 0.3140 -0.7934 -0.5214
vn -0.9977 -0.0401 0.0551
vn -0.8943 0.1680 0.4148
vn -0.9230 -0.2074 -0.3242
vn -0.9922 -0.1008 0.0734
vn -0.5225 -0.6400 -0.5634
vn -0.8106 -0.5581 0.1772
vn -0.4592 -0.8807 0.1166
vn -0.4186 -0.8034 0.4235
vn 0.2553 -0.2124 0.9432
vn 0.8185 -0.5736 -0.0325
vn 0.7405 -0.6541 0.1541
vn -0.3208 -0.5887 -0.7419
vn -0.3688 -0.3822 0.8473
vn -0.7395 -0.6506 0.1727
vn -0.6713 -0.4966 -0.5502
vn -0.7727 -0.3852 -0.5045
vn -0.9768 0.2139 -0.0078
vn -0.1576 0.4073 0.8996
vn 0.1306 0.6646 0.7357
vn -0.9898 0.1204 -0.0764
vn -0.7671 0.5239 0.3702
vn -0.7432 0.4808 0.4653
vn -0.6276 0.5418 0.5591
vn -0.9965 0.0440 -0.0704
vn -0.8574 -0.1778 0.4829
vn -0.6712 -0.7261 0.1496
vn -0.7581 -0.4473 0.4745
vn -0.8795 -0.2632 0.3965
vn -0.9081 0.1206 0.4009
vn -0.4814 0.4634 0.7440
vn -0.7263 0.4129 0.5496
vn -0.6644 0.3425 0.6643
vn -0.5948 0.4367 0.6749
vn -0.7297 0.2324 0.6430
vn -0.6821 0.1994 0.7036
vn -0.8591 0.0477 0.5096
vn -0.9657 0.2288 0.1228
vn -0.5404 0.3594 0.7608
vn -0.8334 0.3051 0.4608
vn -0.3159 0.3529 0.8807
vn -0.7465 0.2426 0.6196
vn -0.8691 -0.0664 0.4902
vn -0.9360 0.1181 0.3316
vn -0.8156 0.1266 0.5645
vn -0.9746 0.0258 0.2224
vn -0.9667 0.0455 0.2520
vn -0.9821 0.0924 -0.1641
vn -0.9781 -0.1940 0.0748
vn -0.8865 -0.3879 -0.2525
vn -0.7091 -0.5580 -0.4311
vn -0.9163 -0.2843 -0.2820
vn -0.7688 -0.6367 0.0591
vn -0.8094 -0.2552 0.5290
vn -0.7934 0.0049 0.6087
vn -0.9507 0.0846 0.2984
vn -0.8517 0.1674 0.4965
vn -0.0603 0.2277 0.9719
vn -0.7571 0.1888 0.6255
vn 0.1871 0.2168 0.9581
vn -0.2430 -0.1130 0.9634
vn 0.3145 -0.0826 0.9457
vn 0.2868 -0.6620 0.6924
vn -0.2201 0.1094 0.9693
vn -0.4738 0.2470 0.8453
vn -0.4925 0.2659 0.8287
vn -0.5180 0.3241 0.7916
vn -0.4099 0.2150 0.8864
vn -0.9137 0.0805 0.3984
vn -0.9557 -0.0939 0.2788
vn -0.5839 -0.7731 0.2477
vn -0.6838 -0.6594 0.3126
vn -0.8573 -0.1338 0.4971
vn -0.5162 0.0835 0.8524
vn -0.4647 0.1850 0.8659
vn -0.4529 0.1334 0.8815
vn -0.3593 0.1835 0.9150
vn -0.4346 0.3723 0.8201
vn -0.4302 0.4591 0.7773
vn -0.4846 0.3986 0.7786
vn -0.3507 0.2720 0.8961
vn -0.5023 -0.7121 0.4906
vn -0.5937 -0.1177 0.7960
vn -0.4512 0.0819 0.8887
vn -0.2733 0.0810 0.9585
vn -0.2079 -0.0210 0.9779
vn 0.0501 -0.0458 0.9977
vn 0.0973 0.0124 0.9952
vn 0.5134 0.0526 0.8565
vn 0.2534 -0.2057 0.9452
vn 0.5897 -0.3724 0.7166
vn 0.3193 -0.6687 0.6715
vn -0.0233 -0.8074 0.5895
vn -0.2376 -0.1935 0.9519
vn -0.2189 -0.8945 0.3898
vn -0.4679 -0.1748 0.8663
vn -0.2752 0.0109 0.9613
vn 0.1133 -0.4165 0.9021
vn -0.1454 -0.4024 0.9039
vn -0.2440 -0.3529 0.9033
vn -0.1945 -0.7482 0.6343
vn -0.4218 -0.5634 0.7104
vn -0.3908 -0.7460 0.5393
vn -0.4107 -0.7070 0.5758
vn -0.4945 -0.6242 0.6049
vn -0.7416 -0.3853 0.5492
vn -0.8171 -0.3470 0.4604
vn -0.7946 -0.5586 0.2378
vn -0.9565 -0.2906 0.0270
vn 0.4009 -0.2872 0.8699
vn 0.6742 -0.2492 0.6953
vn 0.9040 -0.0524 0.4243
vn -0.0201 0.5013 0.8650
vn -0.3518 0.5059 0.7876
vn -0.3523 0.5367 0.7667
vn 0.8525 -0.3221 0.4117
vn 0.0694 -0.1302 0.9891
vn -0.5231 -0.8499 0.0636
vn -0.9216 -0.3361 -0.1943
vn 0.1968 -0.6184 -0.7608
vn 0.6857 -0.0638 0.7251
vn -0.9175 0.2384 -0.3183
vn -0.3137 0.7357 0.6003
vn 0.5005 0.3876 0.7741
vn 0.3983 0.2025 0.8946
vn 0.7210 0.3086 0.6204
vn 0.5936 0.0546 0.8029
vn 0.2454 -0.0430 0.9685
vn -0.1017 0.2766 0.9556
vn -0.4020 0.2650 0.8764
vn -0.4579 0.1536 0.8757
vn -0.8605 0.1215 0.4948
vn -0.4442 -0.8161 0.3697
vn 0.5229 0.6644 0.5340
vn -0.4788 0.4544 0.7511
vn -0.4522 -0.8914 -0.0295
vn -0.7985 -0.5813 0.1563
vn 0.1303 0.6629 0.7373
vn 0.7795 0.4630 0.4219
vn 0.8670 0.3802 0.3221
vn 0.7393 0.3473 0.5769
vn 0.0115 0.3219 0.9467
vn -0.1791 0.3044 0.9355
vn -0.9198 0.1617 0.3574
vn -0.9815 -0.0348 0.1885
vn 0.6805 0.6783 0.2771
vn -0.9984 -0.0537 0.0199
vn -0.7194 0.5686 0.3991
vn 0.4474 0.8865 -0.1181
vn 0.8385 0.5235 -0.1514
vn 0.6598 0.6549 0.3685
vn 0.6941 0.1379 0.7066
vn -0.0573 0.0807 0.9951
vn -0.9704 0.2294 0.0754
vn -0.8896 -0.2636 0.3729
vn -0.3897 0.6266 0.6749
vn -0.7569 -0.4583 0.4660
vn -0.7260 -0.6692 0.1586
vn -0.6615 -0.5030 0.5563
vn -0.4338 -0.6349 -0.6393
vn -0.9967 0.0399 0.0701
vn -0.0263 -0.1231 0.9921
vn -0.2679 0.1578 0.9504
vn -0.8322 0.5545 -0.0015
vn -0.6352 -0.0476 0.7708
vn 0.5183 -0.7473 0.4159
vn 0.7158 -0.6905 -0.1041
vn 0.0007 -0.1618 -0.9868
vn -0.0386 -0.9257 0.3764
vn -0.8049 0.1165 -0.5818
vn 0.4339 -0.4587 0.7754
vn -0.6246 -0.6883 0.3690
vn 0.1428 -0.4810 0.8650
vn 0.6449 -0.7284 0.2314
vn 0.3905 -0.3852 0.8362
vn 0.8122 -0.4150 0.4101
vn 0.6310 -0.5797 0.5155
vn 0.1685 -0.9562 0.2393
vn -0.1635 -0.5587 0.8131
vn -0.8668 -0.3058 0.3940
vn -0.9733 -0.2291 0.0149
vn -0.8505 0.2532 0.4609
vn -0.9124 0.3652 0.1849
vn -0.5339 -0.3872 0.7517
vn -0.7330 -0.3033 0.6089
vn -0.6639 0.1743 0.7273
vn -0.7608 0.1917 0.6200
vn -0.7307 -0.3040 0.6112
vn -0.8636 -0.3157 0.3930
vn -0.7576 0.1924 0.6237
vn -0.8521 0.2432 0.4635
vn -0.8544 0.2263 0.4678
vn -0.7750 0.3648 0.5161
vn -0.7580 0.1872 0.6248
vn -0.7443 0.2065 0.6351
vn -0.6673 0.2009 0.7172
vn -0.6013 0.4350 0.6702
vn -0.4078 0.2896 0.8659
vn -0.4350 0.2474 0.8658
vn 0.5735 -0.1094 -0.8119
vn 0.9941 -0.1043 -0.0299
vn 0.9981 -0.0491 0.0384
vn -0.1798 -0.3363 -0.9244
vn -0.7382 -0.3552 -0.5735
vn -0.8012 0.0399 -0.5970
vn -0.0707 0.0039 -0.9975
vn -0.8634 0.1022 -0.4941
vn 0.1296 -0.4929 -0.8604
vn -0.9491 0.2306 0.2144
vn -0.2635 -0.9353 -0.2361
vn -0.9524 0.0435 -0.3016
vn -0.9581 -0.0509 -0.2819
vn -0.9101 0.0868 -0.4052
vn -0.9017 -0.2796 -0.3297
vn -0.9617 0.2342 0.1426
vn -0.1443 -0.9165 -0.3730
vn -0.8236 -0.5670 0.0174
vn -0.6990 0.1768 -0.6929
vn -0.9669 0.2155 -0.1364
vn -0.8020 0.5153 0.3020
vn -0.6784 -0.2221 0.7003
vn -0.8879 0.1254 0.4426
vn -0.3718 -0.8991 0.2310
vn 0.5380 -0.8372 0.0982
vn 0.1330 -0.4626 -0.8765
vn -0.1753 -0.5251 -0.8328
vn -0.6608 -0.7482 -0.0606
vn -0.9617 0.2355 -0.1403
vn -0.8840 0.0985 -0.4571
vn -0.8592 0.4496 -0.2444
vn -0.4130 0.6072 0.6788
vn -0.5851 0.5815 0.5653
vn -0.2098 0.3338 -0.9190
vn -0.4899 0.8312 -0.2628
vn -0.3098 0.4921 0.8136
vn -0.4236 0.5037 0.7529
vn -0.9020 -0.0682 0.4263
vn -0.9447 0.2191 0.2441
vn -0.8214 0.5188 -0.2372
vn -0.4609 0.0857 -0.8833
vn -0.0907 -0.0757 -0.9930
vn -0.0469 -0.2990 -0.9531
vn -0.3662 0.3222 -0.8730
vn -0.4051 0.6739 -0.6179
vn -0.1901 0.3718 -0.9086
vn -0.5000 0.8283 -0.2527
vn -0.5911 0.4142 0.6921
vn 0.3535 0.5818 -0.7325
vn 0.0940 0.6822 -0.7251
vn 0.0563 0.5271 -0.8479
vn 0.4228 0.4982 -0.7570
vn 0.0519 0.5816 -0.8118
vn 0.3294 0.7116 -0.6206
vn 0.2839 0.7757 -0.5636
vn 0.2685 0.7566 -0.5962
vn -0.4405 0.6831 -0.5825
vn 0.0514 0.5446 -0.8372
vn -0.5042 0.8261 -0.2517
vn 0.1043 0.6851 -0.7209
vn -0.1735 0.3876 -0.9053
vn -0.5668 0.4872 0.6644
vn -0.4135 0.5492 0.7262
vn -0.5326 0.6183 0.5780
vn -0.4977 0.8290 -0.2550
vn -0.3550 0.4504 0.8192
vn -0.4280 0.1942 0.8827
vn -0.6096 0.3990 0.6849
vn -0.5976 0.4275 0.6784
vn -0.4346 0.1908 0.8802
vn 0.1221 0.6647 -0.7370
vn -0.4484 0.1824 0.8750
vn 0.1193 0.6789 -0.7244
vn -0.5003 0.8267 -0.2574
vn 0.7635 0.2828 0.5806
vn 0.9643 0.0101 -0.2647
vn 0.8721 -0.4216 -0.2486
vn 0.3506 0.5182 0.7801
vn 0.8454 -0.4788 -0.2368
vn 0.8694 0.0346 0.4929
vn 0.7435 0.3515 0.5689
vn 0.8883 0.2666 0.3740
vn -0.6739 0.6647 0.3224
vn 0.8275 0.1936 0.5270
vn 0.8628 0.4637 0.2014
vn 0.8994 0.3939 0.1892
vn -0.7421 0.4250 0.5183
vn 0.5791 -0.0366 0.8145
vn 0.8613 0.4956 -0.1124
vn 0.8905 0.4161 -0.1839
vn 0.7572 0.6476 -0.0850
vn 0.6889 0.7247 -0.0154
vn 0.7272 0.6862 -0.0186
vn 0.5932 0.5514 0.5866
vn 0.4055 0.3921 0.8257
vn -0.0086 0.0914 0.9958
vn 0.3645 -0.8999 0.2393
vn -0.4116 -0.9113 0.0134
vn -0.1781 -0.9643 0.1960
vn -0.5654 -0.1418 0.8125
vn 0.4014 -0.6365 0.6586
vn 0.6936 -0.4282 0.5793
vn -0.1040 0.1937 0.9755
vn 0.6365 -0.1063 0.7639
vn 0.6996 -0.3288 0.6344
vn 0.3023 -0.0037 0.9532
vn 0.4670 0.0787 0.8807
vn 0.9855 0.1676 0.0255
vn -0.7118 -0.0745 0.6985
vn -0.4256 -0.2162 0.8787
vn -0.5292 0.5271 0.6649
vn 0.1560 -0.1120 0.9814
vn -0.8016 0.5921 0.0825
vn -0.8395 0.5408 0.0529
vn -0.7066 0.6026 0.3709
vn -0.7420 0.5132 0.4315
vn -0.5724 0.7771 0.2617
vn -0.4737 0.5807 0.6620
vn -0.2097 0.6537 0.7271
vn 0.9975 0.0343 -0.0612
vn 0.1804 0.5987 0.7803
vn 0.7388 0.0710 0.6702
vn -0.7124 0.3712 0.5956
vn 0.5331 -0.1679 0.8292
vn -0.7450 0.3928 0.5391
vn 0.1101 0.2513 0.9616
vn -0.9348 0.2164 0.2818
vn -0.0302 0.2570 0.9659
vn -0.9192 0.3134 -0.2383
vn -0.9489 0.1388 -0.2833
vn -0.7973 -0.1235 -0.5907
vn -0.7323 0.6672 -0.1363
vn -0.6586 0.2168 -0.7206
vn -0.7884 -0.0456 -0.6135
vn -0.6988 -0.1668 -0.6956
vn -0.0524 -0.2743 -0.9602
vn -0.8782 0.3443 0.3321
vn -0.8042 0.5335 0.2620
vn -0.6813 0.6821 0.2658
vn -0.8855 0.3431 0.3132
vn -0.7835 0.5122 0.3517
vn -0.6527 0.7100 0.2643
vn -0.7766 0.5736 0.2607
vn 0.6924 0.2973 0.6574
vn 0.8909 0.4132 0.1886
vn -0.7623 0.3683 0.5322
vn 0.7201 0.2790 0.6353
vn -0.1689 0.2281 0.9589
vn 0.5711 0.0766 0.8173
vn -0.5033 0.2442 0.8289
vn -0.0306 0.7746 0.6317
vn -0.5369 0.8334 0.1313
vn 0.6717 0.5899 0.4482
vn -0.5353 0.5748 0.6190
vn 0.0192 0.7962 0.6047
vn 0.1286 0.6567 0.7431
vn 0.9100 0.2332 0.3427
vn 0.7745 0.0165 0.6323
vn 0.8803 -0.1186 0.4594
vn 0.9962 -0.0840 -0.0243
vn 0.7817 0.0245 0.6232
vn 0.1156 0.1423 0.9830
vn -0.9137 0.2228 0.3397
vn -0.9771 0.1080 -0.1834
vn -0.9615 -0.0758 -0.2641
vn -0.6599 0.6038 0.4472
vn -0.7520 0.0727 -0.6551
vn -0.2086 0.7015 0.6815
vn -0.3435 0.6203 0.7052
vn 0.7227 -0.0891 0.6854
vn -0.0698 0.4035 0.9123
vn 0.2455 -0.2182 0.9445
vn -0.3646 0.6071 0.7061
vn -0.7386 -0.3633 -0.5678
vn -0.9759 0.0998 -0.1940
vn -0.8027 0.0217 -0.5959
vn 0.3737 0.8733 -0.3124
vn -0.8190 0.0399 -0.5723
vn 0.2218 -0.5191 -0.8255
vn 0.7583 0.5452 0.3574
vn -0.9857 -0.0164 0.1675
vn -0.0651 0.1576 0.9853
vn -0.5778 -0.0640 0.8137
vn -0.2884 0.3269 0.9000
vn -0.5305 0.3169 0.7862
vn -0.2319 -0.2425 0.9420
vn -0.6516 0.1132 0.7501
vn 0.6718 -0.0412 0.7396
vn -0.8352 0.5209 -0.1766
vn 0.8916 0.0423 0.4508
vn -0.0458 0.9033 -0.4267
vn 0.9986 -0.0434 0.0304
vn 0.9959 -0.0905 -0.0030
vn 0.2874 -0.4888 -0.8237
vn -0.7472 0.5626 0.3538
vn 0.1443 0.5423 0.8277
vn 0.9492 0.2380 0.2058
vn 0.9632 -0.0267 0.2673
vn 0.9039 -0.3924 0.1700
vn 0.4292 -0.8706 -0.2403
vn 0.3685 0.2906 0.8830
vn 0.2807 -0.1033 -0.9542
vn -0.1057 0.1460 -0.9836
vn -0.1741 0.1266 -0.9765
vn -0.4874 0.2530 -0.8357
vn -0.6635 0.3973 -0.6340
vn 0.6710 -0.3352 -0.6613
vn 0.3691 -0.0135 -0.9293
vn 0.3604 -0.0182 -0.9326
vn -0.0780 0.1259 -0.9890
vn -0.4616 0.3542 -0.8133
vn 0.9139 -0.4037 -0.0437
vn 0.9134 0.0534 -0.4035
vn 0.7752 -0.0211 -0.6314
vn 0.1937 0.5071 -0.8398
vn -0.0156 0.2283 -0.9735
vn 0.3880 -0.0261 -0.9213
vn -0.4348 0.3510 -0.8293
vn -0.4328 0.4231 -0.7961
vn -0.5651 0.6411 -0.5193
vn 0.6254 -0.2111 -0.7512
vn 0.3661 0.2683 -0.8910
vn 0.1518 0.3770 -0.9137
vn -0.0155 0.6333 -0.7738
vn -0.3139 0.7797 -0.5417
vn -0.5962 0.8026 0.0214
vn -0.7927 0.5785 0.1923
vn -0.6554 0.5924 0.4685
vn -0.6169 0.4792 0.6244
vn -0.6623 0.2460 0.7077
vn -0.8278 0.0725 0.5564
vn -0.8096 0.4379 -0.3909
vn -0.4418 0.3280 -0.8350
vn -0.8932 0.3401 -0.2943
vn -0.9399 0.3046 0.1544
vn -0.7793 0.4481 -0.4381
vn -0.9233 0.3280 -0.1998
vn -0.1940 -0.0826 0.9775
vn -0.6481 0.0926 0.7559
vn -0.1903 -0.0772 0.9787
vn 0.1080 -0.1553 0.9819
vn -0.8431 0.3897 0.3706
vn -0.4554 0.1661 0.8746
vn 0.4623 -0.3517 0.8140
vn 0.6135 -0.3294 0.7177
vn 0.1895 -0.2852 0.9396
vn 0.0709 -0.3160 0.9461
vn -0.4130 -0.0088 0.9107
vn -0.5200 0.0100 0.8541
vn -0.8043 0.3070 0.5088
vn -0.8529 0.3808 0.3572
vn -0.5675 0.1108 0.8159
vn -0.0601 -0.2656 0.9622
vn 0.2776 -0.2173 0.9358
vn 0.6920 -0.3287 0.6427
vn 0.8481 -0.3876 0.3612
vn 0.5783 -0.3542 0.7349
vn 0.7969 -0.3750 0.4737
vn 0.9146 -0.3713 0.1598
vn 0.8492 -0.3876 0.3585
vn 0.8002 -0.3661 0.4749
vn 0.9174 -0.3964 -0.0352
vn 0.9115 -0.3750 0.1689
vn 0.8026 -0.3645 0.4722
vn -0.8270 0.3694 -0.4237
vn -0.6716 0.4028 -0.6219
vn -0.9072 0.4106 -0.0918
vn -0.8696 0.4545 -0.1927
vn -0.9214 0.3236 0.2153
vn -0.9202 0.3294 0.2114
vn -0.9624 0.2662 0.0532
vn -0.9071 0.4080 -0.1029
vn -0.9284 0.3207 0.1877
vn -0.4732 0.3463 -0.8100
vn -0.0924 0.1342 -0.9866
vn -0.6579 0.3895 -0.6445
vn 0.8011 0.3318 0.4981
vn 0.3827 0.3173 0.8677
vn -0.1860 0.0427 0.9816
vn -0.7121 -0.2232 0.6657
vn -0.8634 -0.2875 0.4146
vn -0.9323 -0.2657 0.2454
vn -0.9156 -0.2941 0.2742
vn -0.9527 -0.2756 0.1278
vn -0.7721 -0.1720 0.6117
vn -0.6615 -0.1270 0.7391
vn -0.6194 -0.2570 0.7418
vn -0.5187 -0.2213 0.8258
vn -0.1255 0.1890 0.9739
vn 0.0722 0.1019 0.9922
vn 0.4882 0.3794 0.7860
vn 0.6126 0.3044 0.7294
vn -0.0663 0.0447 0.9968
vn 0.0007 0.1345 0.9909
vn 0.4149 0.4767 0.7750
vn 0.8096 0.4785 0.3398
vn 0.7812 0.3655 0.5061
vn 0.9390 0.3172 0.1331
vn 0.8555 0.4233 0.2982
vn 0.5118 0.3957 0.7626
vn 0.9118 0.2092 -0.3534
vn 0.8929 0.3554 -0.2766
vn 0.5935 0.0373 -0.8040
vn 0.3127 -0.1336 -0.9404
vn 0.7147 0.1530 -0.6825
vn 0.3228 -0.1238 -0.9383
vn 0.1905 0.0284 -0.9813
vn 0.9238 0.2490 -0.2909
vn 0.9130 0.4068 0.0318
vn 0.8358 0.4106 0.3645
vn 0.8442 0.2968 0.4463
vn 0.6870 0.2616 0.6780
vn 0.8710 0.3469 0.3480
vn 0.5450 0.2983 0.7836
vn 0.8691 0.3374 0.3618
vn 0.7916 0.4367 0.4273
vn 0.8321 0.2999 0.4665
vn 0.7622 0.1660 -0.6257
vn 0.2483 0.0888 0.9646
vn -0.1767 0.2390 0.9548
vn 0.0296 0.0608 -0.9977
vn 0.5665 0.4683 -0.6781
vn 0.9128 0.3914 -0.1169
vn 0.7802 0.6156 0.1106
vn 0.3744 0.5724 0.7295
vn -0.1739 0.0673 -0.9825
vn 0.1198 -0.1724 -0.9777
vn 0.4955 0.2070 -0.8436
vn 0.6384 0.3563 -0.6823
vn 0.6595 0.6005 -0.4522
vn 0.6498 0.7555 -0.0842
vn 0.3779 0.7922 0.4793
vn 0.0703 0.5910 0.8036
vn -0.0678 0.4826 0.8732
vn -0.7152 0.0081 -0.6988
vn -0.4291 -0.1066 0.8969
vn 0.9375 0.2432 -0.2487
vn -0.9199 -0.3385 -0.1981
vn 0.0563 -0.1794 -0.9822
vn -0.7115 -0.0865 -0.6973
vn 0.9851 -0.1313 0.1114
vn 0.7849 -0.0268 -0.6190
vn 0.6553 -0.2205 -0.7225
vn -0.7377 0.1947 0.6464
vn -0.1813 0.9404 0.2876
vn -0.8131 0.0714 0.5778
vn 0.9019 0.4022 -0.1577
vn 0.6061 -0.1996 -0.7700
vn 0.9909 -0.1294 0.0362
vn 0.3621 -0.0092 -0.9321
vn 0.7475 -0.0168 -0.6641
vn 0.9966 -0.0817 0.0098
vn 0.9906 -0.1364 0.0140
vn -0.1895 0.9428 0.2744
vn -0.7486 0.2006 0.6319
vn -0.1898 0.9402 0.2827
vn 0.6955 0.5284 -0.4869
vn 0.6768 0.5662 -0.4704
vn 0.6094 0.6947 -0.3823
vn 0.5661 0.7442 -0.3546
vn 0.6734 0.5817 -0.4562
vn 0.6646 0.5879 -0.4611
vn 0.5523 0.7569 -0.3495
vn 0.5985 0.6873 -0.4116
vn 0.6746 0.5662 -0.4736
vn 0.6898 0.5266 -0.4968
vn -0.1882 0.9416 0.2791
vn -0.7887 0.3906 0.4747
vn -0.1008 0.1728 0.9798
vn -0.6911 0.3328 0.6416
vn 0.4264 -0.0324 0.9040
vn -0.3085 0.1668 0.9365
vn -0.7520 0.1822 -0.6335
vn -0.3986 0.1016 -0.9115
vn -0.7473 0.2771 -0.6039
vn -0.9247 0.3629 -0.1152
vn -0.8824 0.3337 -0.3318
vn -0.9321 0.3621 -0.0093
vn -0.0929 -0.1657 -0.9818
vn 0.2133 0.1699 0.9621
vn 0.7917 -0.2016 0.5767
vn 0.7319 -0.0808 0.6767
vn 0.5384 -0.2663 -0.7995
vn 0.0462 -0.0750 -0.9961
vn 0.4714 -0.3427 -0.8126
vn -0.3683 0.0996 -0.9244
vn -0.0516 0.2957 0.9539
vn 0.9098 -0.4077 -0.0780
vn 0.8918 -0.3250 0.3146
vn -0.0031 -0.0401 -0.9992
vn -0.3791 0.0792 -0.9220
vn -0.7095 0.3397 0.6174
vn 0.5354 -0.2853 0.7949
vn 0.6695 -0.3240 0.6684
vn 0.0649 -0.2063 0.9763
vn 0.4600 -0.3713 0.8066
vn 0.6198 -0.3778 0.6878
vn 0.8334 -0.2954 0.4671
vn 0.9122 -0.3827 0.1465
vn 0.9509 -0.3096 0.0037
vn 0.9029 -0.4138 0.1163
vn -0.8654 0.4540 -0.2120
vn -0.6510 0.3841 -0.6547
vn -0.5652 0.3110 -0.7641
vn -0.8452 0.5093 -0.1620
vn -0.7793 0.4645 0.4206
vn 0.8323 -0.3764 -0.4070
vn 0.9052 -0.4003 0.1428
vn 0.9379 -0.3457 -0.0305
vn 0.8071 -0.3727 -0.4579
vn 0.9043 -0.4265 0.0207
vn 0.6503 -0.4435 -0.6168
vn 0.9125 -0.3868 0.1332
vn 0.9124 -0.4000 0.0869
vn 0.8016 -0.4367 -0.4082
vn 0.8883 -0.4434 -0.1198
vn 0.5269 -0.2917 -0.7983
vn 0.4703 -0.3601 -0.8057
vn -0.0142 -0.1639 -0.9864
vn -0.1327 -0.0467 -0.9901
vn 0.7934 -0.3188 0.5185
vn 0.9072 -0.3949 0.1452
vn 0.9108 -0.4129 0.0031
vn -0.9006 -0.3261 -0.2872
vt 0.097975 1.723433
vt 0.052694 1.749783
vt 0.052704 1.724153
vt 0.052715 1.697903
vt 0.113533 1.692933
vt 0.052722 1.680203
vt 0.112717 1.668163
vt 0.052727 1.665553
vt 0.052732 1.654573
vt 0.123366 1.649793
vt 0.052738 1.638703
vt 0.132042 1.635783
vt 0.052743 1.625273
vt 0.097508 1.621303
vt 0.052747 1.616113
vt 0.130600 1.607793
vt 0.052750 1.609403
vt 0.052752 1.603303
vt 0.031697 1.724093
vt 0.031687 1.749673
vt 0.031708 1.697823
vt 0.031715 1.679853
vt 0.031721 1.665333
vt 0.031725 1.654263
vt 0.031731 1.638363
vt 0.031737 1.625233
vt 0.031740 1.616243
vt 0.031743 1.609333
vt 0.031745 1.603103
vt 0.031721 1.594183
vt 0.052756 1.594143
vt 0.136086 1.594233
vt 0.201846 1.604173
vt 0.190699 1.625093
vt 0.219388 1.612723
vt 0.216221 1.602613
vt 0.245215 1.614463
vt 0.236688 1.601983
vt 0.227831 1.594383
vt 0.238402 1.594393
vt 0.215965 1.594383
vt 0.256492 1.644303
vt 0.247881 1.646753
vt 0.239346 1.639313
vt 0.231825 1.645963
vt 0.228810 1.636353
vt 0.246539 1.627963
vt 0.220702 1.625003
vt 0.219377 1.632233
vt 0.192413 1.643763
vt 0.216037 1.645723
vt 0.185345 1.653723
vt 0.223739 1.649183
vt 0.223431 1.658133
vt 0.154827 1.670923
vt 0.153007 1.689483
vt 0.175266 1.711213
vt 0.191179 1.688243
vt 0.197749 1.705113
vt 0.197437 1.725073
vt 0.197901 1.705153
vt 0.215659 1.744513
vt 0.205912 1.725403
vt 0.217255 1.704943
vt 0.217683 1.687933
vt 0.217874 1.675643
vt 0.194077 1.675293
vt 0.209527 1.658013
vt 0.154709 1.670913
vt 0.223290 1.658203
vt 0.220997 1.726493
vt 0.219932 1.738923
vt 0.230596 1.688193
vt 0.230952 1.675103
vt 0.229190 1.705533
vt 0.226492 1.720973
vt 0.228858 1.734033
vt 0.228759 1.743903
vt 0.215785 1.749773
vt 0.228027 1.749753
vt 0.238253 1.749763
vt 0.243073 1.742963
vt 0.217773 1.675563
vt 0.244021 1.659643
vt 0.098291 1.723423
vt 0.215585 1.744523
vt 0.197849 1.705113
vt 0.175579 1.711083
vt 0.023555 1.626613
vt 0.023559 1.616933
vt 0.023562 1.609323
vt 0.011974 1.609293
vt 0.011971 1.617103
vt 0.011967 1.626863
vt 0.023551 1.636983
vt 0.011964 1.636633
vt 0.023545 1.652193
vt 0.011957 1.652263
vt 0.023541 1.663253
vt 0.011953 1.663003
vt 0.023534 1.679843
vt 0.011947 1.679603
vt 0.023527 1.697823
vt 0.011939 1.698153
vt 0.023517 1.724093
vt 0.011929 1.724523
vt 0.023507 1.749673
vt 0.011919 1.749913
vt 0.001009 1.749663
vt 0.001030 1.697463
vt 0.011884 1.679843
vt 0.001044 1.662553
vt 0.001052 1.642503
vt 0.001057 1.630053
vt 0.001062 1.616923
vt 0.001067 1.603093
vt 0.011977 1.603433
vt 0.023565 1.603103
vt 0.023630 1.594183
vt 0.011980 1.594643
vt 0.001139 1.594173
vt 0.023602 1.664953
vt 0.023597 1.679603
vt 0.023590 1.697183
vt 0.013881 1.697183
vt 0.013888 1.679603
vt 0.013895 1.663003
vt 0.023631 1.593673
vt 0.023627 1.602453
vt 0.023621 1.617103
vt 0.023618 1.626873
vt 0.013909 1.626863
vt 0.013913 1.617103
vt 0.013854 1.609323
vt 0.013918 1.603433
vt 0.013922 1.594643
vt 0.013870 1.724523
vt 0.023579 1.724523
vt 0.013860 1.749913
vt 0.023569 1.749923
vt 0.013899 1.652263
vt 0.013905 1.637613
vt 0.023607 1.652263
vt 0.023614 1.636633
vt 0.447978 1.268633
vt 0.447526 1.249603
vt 0.498944 1.269593
vt 0.498470 1.249863
vt 0.448700 1.228953
vt 0.499320 1.229283
vt 0.503916 1.205433
vt 0.451099 1.205033
vt 0.448687 1.180323
vt 0.509425 1.178843
vt 0.449016 1.158163
vt 0.517717 1.152793
vt 0.545562 1.250013
vt 0.546663 1.270633
vt 0.546907 1.229363
vt 0.552371 1.204683
vt 0.560194 1.175113
vt 0.562805 1.147773
vt 0.523906 1.129423
vt 0.450415 1.134823
vt 0.389839 1.160363
vt 0.391812 1.136653
vt 0.386557 1.181503
vt 0.388179 1.204753
vt 0.385584 1.227803
vt 0.384409 1.249243
vt 0.384837 1.269063
vt 0.385087 1.290353
vt 0.448975 1.290563
vt 0.502232 1.291453
vt 0.450968 1.336043
vt 0.449568 1.314363
vt 0.514784 1.339263
vt 0.507934 1.316313
vt 0.386269 1.312323
vt 0.389999 1.333643
vt 0.393334 1.355993
vt 0.451418 1.358693
vt 0.518555 1.362903
vt 0.561626 1.345443
vt 0.559397 1.320233
vt 0.551840 1.293283
vt 0.731959 1.016373
vt 0.727599 1.017813
vt 0.691199 1.015233
vt 0.691355 1.022593
vt 0.599968 1.019033
vt 0.599746 1.015063
vt 0.690420 1.012913
vt 0.599764 1.012773
vt 0.688593 1.009003
vt 0.599799 1.006913
vt 0.684922 1.004113
vt 0.680189 1.484573
vt 0.595090 1.483473
vt 0.682090 1.481733
vt 0.596963 1.479563
vt 0.688667 1.478923
vt 0.688523 1.477553
vt 0.596869 1.477893
vt 0.597144 1.474013
vt 0.687915 1.474473
vt 0.724876 1.471643
vt 0.725261 1.475123
vt 0.395253 1.120213
vt 0.451767 1.117293
vt 0.519233 1.112453
vt 0.319186 1.203073
vt 0.319339 1.182833
vt 0.322789 1.162943
vt 0.327530 1.139483
vt 0.324185 1.331053
vt 0.320690 1.310343
vt 0.320338 1.290093
vt 0.319169 1.269583
vt 0.318521 1.248763
vt 0.318504 1.226473
vt 0.607778 1.332803
vt 0.611327 1.350373
vt 0.608043 1.332793
vt 0.625393 1.340273
vt 0.605322 1.296893
vt 0.605872 1.201273
vt 0.669095 1.202933
vt 0.668726 1.224043
vt 0.601765 1.227293
vt 0.597798 1.250313
vt 0.601529 1.273003
vt 0.668890 1.295713
vt 0.668760 1.325013
vt 0.753504 1.291323
vt 0.668724 1.276613
vt 0.753750 1.250313
vt 0.668506 1.250693
vt 0.609057 1.161673
vt 0.612766 1.142673
vt 0.557298 1.363243
vt 0.554486 1.385393
vt 0.599408 1.381633
vt 0.593950 1.417503
vt 0.555145 1.407663
vt 0.591945 1.408243
vt 0.556125 1.104703
vt 0.559016 1.128623
vt 0.601182 1.108503
vt 0.325604 1.351473
vt 0.517207 1.383883
vt 0.451899 1.380963
vt 0.395427 1.376503
vt 0.520476 1.092143
vt 0.556580 1.089223
vt 0.257881 1.250473
vt 0.260196 1.270663
vt 0.264173 1.164103
vt 0.257931 1.182793
vt 0.256603 1.202583
vt 0.257481 1.224873
vt 0.257912 1.246113
vt 0.459201 1.392953
vt 0.394162 1.386733
vt 0.393189 1.400403
vt 0.319553 1.390353
vt 0.323459 1.378873
vt 0.326508 1.369803
vt 0.265547 1.367103
vt 0.262988 1.348343
vt 0.262764 1.328833
vt 0.260703 1.309993
vt 0.263816 1.289743
vt 0.506520 1.475533
vt 0.447103 1.479343
vt 0.447394 1.470563
vt 0.506331 1.475523
vt 0.506296 1.481383
vt 0.447156 1.470553
vt 0.506169 1.474183
vt 0.382390 1.472413
vt 0.446861 1.470563
vt 0.382408 1.464883
vt 0.317660 1.468403
vt 0.382270 1.464953
vt 0.317165 1.459093
vt 0.451193 1.406073
vt 0.447482 1.469203
vt 0.382297 1.464813
vt 0.447482 1.463593
vt 0.382541 1.456753
vt 0.447146 1.457503
vt 0.385083 1.449223
vt 0.448577 1.445213
vt 0.387084 1.439363
vt 0.451532 1.430823
vt 0.390478 1.424963
vt 0.450803 1.418373
vt 0.392209 1.414473
vt 0.392934 1.400323
vt 0.506054 1.468383
vt 0.447482 1.469333
vt 0.506076 1.474453
vt 0.508059 1.461123
vt 0.512064 1.449713
vt 0.522718 1.435903
vt 0.538808 1.423533
vt 0.257628 1.384433
vt 0.323068 1.405293
vt 0.322188 1.419773
vt 0.322135 1.433613
vt 0.320041 1.440643
vt 0.317600 1.448943
vt 0.317600 1.452363
vt 0.316971 1.459003
vt 0.265636 1.398773
vt 0.266146 1.414773
vt 0.265040 1.428313
vt 0.260857 1.439133
vt 0.071506 1.037143
vt 0.074191 1.046603
vt 0.005723 1.037273
vt 0.004567 1.047353
vt 0.916561 1.250553
vt 0.870489 1.220213
vt 0.915644 1.224473
vt 0.883586 1.195813
vt 0.915328 1.277123
vt 0.870120 1.281733
vt 0.882913 1.308123
vt 0.258479 1.464413
vt 0.256619 1.454853
vt 0.077048 1.128873
vt 0.011064 1.131183
vt 0.006931 1.119983
vt 0.078610 1.143943
vt 0.014657 1.144233
vt 0.142159 1.143173
vt 0.204245 1.142773
vt 0.202437 1.164223
vt 0.142383 1.160853
vt 0.077817 1.159163
vt 0.012280 1.158313
vt 0.203777 1.124163
vt 0.267506 1.123593
vt 0.266261 1.141793
vt 0.142877 1.124083
vt 0.076227 1.121313
vt 0.073252 1.108103
vt 0.002520 1.108503
vt 0.074643 1.093273
vt 0.009970 1.092853
vt 0.074497 1.082373
vt 0.017172 1.081693
vt 0.076121 1.071783
vt 0.019769 1.071273
vt 0.077655 1.063533
vt 0.016098 1.064143
vt 0.080911 1.054523
vt 0.013160 1.054703
vt 0.202753 1.108113
vt 0.140900 1.107953
vt 0.140914 1.093053
vt 0.138462 1.082953
vt 0.136964 1.072263
vt 0.141153 1.062293
vt 0.141656 1.053003
vt 0.140688 1.045773
vt 0.138156 1.035733
vt 0.202830 1.092563
vt 0.200850 1.081273
vt 0.198525 1.070813
vt 0.200483 1.059573
vt 0.202281 1.050813
vt 0.198948 1.043503
vt 0.266814 1.106523
vt 0.265132 1.091483
vt 0.262370 1.078293
vt 0.259622 1.065563
vt 0.259339 1.054703
vt 0.261871 1.047263
vt 0.258608 1.039183
vt 0.247531 1.029263
vt 0.195529 1.033293
vt 0.256422 1.454803
vt 0.257582 1.447533
vt 0.202247 1.365843
vt 0.201272 1.382563
vt 0.139154 1.383143
vt 0.004461 1.371573
vt 0.073770 1.370153
vt 0.004026 1.382693
vt 0.070305 1.383963
vt 0.013003 1.399313
vt 0.075398 1.398413
vt 0.143752 1.397933
vt 0.207126 1.398413
vt 0.200527 1.328693
vt 0.198966 1.347103
vt 0.137851 1.346453
vt 0.141518 1.365333
vt 0.069485 1.346583
vt 0.070779 1.360793
vt 0.002718 1.358773
vt 0.002389 1.346513
vt 0.071651 1.334273
vt 0.008529 1.334213
vt 0.009231 1.321103
vt 0.071417 1.321843
vt 0.011367 1.308013
vt 0.072413 1.308093
vt 0.078638 1.295163
vt 0.018709 1.294623
vt 0.017986 1.282883
vt 0.076176 1.283813
vt 0.015350 1.271103
vt 0.074930 1.270753
vt 0.018160 1.252913
vt 0.078356 1.252253
vt 0.198150 1.270953
vt 0.202057 1.289333
vt 0.136399 1.270803
vt 0.137444 1.285633
vt 0.139182 1.293663
vt 0.138722 1.308473
vt 0.137586 1.251483
vt 0.196177 1.250933
vt 0.200381 1.309203
vt 0.140287 1.324193
vt 0.140386 1.332323
vt 0.071663 1.181573
vt 0.074285 1.194933
vt 0.004810 1.180713
vt 0.009376 1.194043
vt 0.137847 1.222153
vt 0.078083 1.220453
vt 0.139074 1.204283
vt 0.076451 1.205423
vt 0.017345 1.219323
vt 0.015166 1.205753
vt 0.138009 1.197003
vt 0.136341 1.181883
vt 0.142301 1.166683
vt 0.076269 1.167623
vt 0.009691 1.167563
vt 0.195114 1.223433
vt 0.194579 1.201673
vt 0.195085 1.182323
vt 0.017953 1.241513
vt 0.078304 1.242353
vt 0.137563 1.243573
vt 0.196167 1.244663
vt 0.822374 1.061733
vt 0.872814 1.052983
vt 0.865343 1.062713
vt 0.822803 1.061683
vt 0.819141 1.055823
vt 0.781467 1.076543
vt 0.829969 1.074433
vt 0.883774 1.074483
vt 0.833788 1.079283
vt 0.830120 1.074393
vt 0.780490 1.085663
vt 0.755974 1.095753
vt 0.817028 1.095853
vt 0.863281 1.095933
vt 0.924335 1.096033
vt 0.926378 1.066743
vt 0.983757 1.062933
vt 0.983539 1.096133
vt 0.820390 1.429763
vt 0.778673 1.413433
vt 0.826311 1.417163
vt 0.778258 1.413303
vt 0.778732 1.403673
vt 0.980018 1.394953
vt 0.981644 1.429143
vt 0.920814 1.394853
vt 0.922472 1.424153
vt 0.879971 1.416273
vt 0.861610 1.394763
vt 0.813514 1.393703
vt 0.831893 1.412293
vt 0.754304 1.394583
vt 0.879820 1.416363
vt 0.820677 1.429853
vt 0.869752 1.438133
vt 0.816951 1.433743
vt 0.840325 1.313913
vt 0.810664 1.323643
vt 0.834634 1.337343
vt 0.869821 1.331543
vt 0.923528 1.322833
vt 0.823844 1.285573
vt 0.794013 1.323613
vt 0.766326 1.312833
vt 0.724748 1.329823
vt 0.784728 1.329453
vt 0.734320 1.333713
vt 0.696055 1.339233
vt 0.701499 1.340033
vt 0.741766 1.335953
vt 0.782819 1.339223
vt 0.961154 1.360073
vt 0.959201 1.325893
vt 0.871502 1.359863
vt 0.827163 1.349053
vt 0.782778 1.346053
vt 0.717025 1.342543
vt 0.678194 1.351863
vt 0.197443 1.461393
vt 0.256836 1.454753
vt 0.195638 1.450733
vt 0.136418 1.456413
vt 0.136393 1.446613
vt 0.134440 1.446613
vt 0.136393 1.456053
vt 0.074001 1.442383
vt 0.073567 1.452363
vt 0.013021 1.438693
vt 0.012507 1.448413
vt 0.135932 1.446573
vt 0.139462 1.441713
vt 0.079444 1.438373
vt 0.023097 1.435623
vt 0.028562 1.428963
vt 0.091281 1.430873
vt 0.020494 1.424373
vt 0.085422 1.422943
vt 0.009794 1.412943
vt 0.081151 1.410963
vt 0.145682 1.410473
vt 0.147063 1.422943
vt 0.140002 1.433263
vt 0.195175 1.450723
vt 0.197647 1.444473
vt 0.198367 1.435973
vt 0.207306 1.424283
vt 0.206834 1.411093
vt 0.730822 1.159673
vt 0.785665 1.173213
vt 0.794880 1.179083
vt 0.811537 1.178133
vt 0.841081 1.187943
vt 0.870782 1.171383
vt 0.920683 1.180243
vt 0.822404 1.217213
vt 0.767070 1.188803
vt 0.724673 1.164753
vt 0.698246 1.153503
vt 0.704093 1.152223
vt 0.735621 1.156703
vt 0.785723 1.163443
vt 0.835671 1.164493
vt 0.961154 1.143283
vt 0.959201 1.176483
vt 0.870952 1.143063
vt 0.826491 1.152763
vt 0.785770 1.155633
vt 0.718191 1.148033
vt 0.679466 1.139903
vt 0.601047 1.108493
vt 0.597547 1.087773
vt 0.520480 1.092013
vt 0.521053 1.080403
vt 0.556857 1.089203
vt 0.557054 1.080973
vt 0.540927 1.063793
vt 0.595964 1.072913
vt 0.667325 1.331843
vt 0.669544 1.170643
vt 0.667538 1.163673
vt 0.626511 1.153713
vt 0.612612 1.142653
vt 0.753979 1.212223
vt 0.554416 1.397673
vt 0.599687 1.381913
vt 0.591595 1.408273
vt 0.599687 1.381633
vt 0.554486 1.385263
vt 0.613079 1.360143
vt 0.611405 1.350243
vt 0.523980 1.396533
vt 0.519050 1.407853
vt 0.519246 1.407783
vt 0.599408 1.381913
vt 0.611405 1.376603
vt 0.613358 1.360143
vt 0.591874 1.408413
vt 0.555323 1.407723
vt 0.632326 1.347513
vt 0.773634 1.019873
vt 0.730490 1.026773
vt 0.691818 1.029123
vt 0.600251 1.020803
vt 0.509467 1.024783
vt 0.509746 1.019643
vt 0.509078 1.017523
vt 0.509149 1.005803
vt 0.597966 1.003983
vt 0.694553 1.040953
vt 0.599452 1.028213
vt 0.611904 1.112853
vt 0.642185 1.097463
vt 0.702365 1.085173
vt 0.698927 1.067783
vt 0.596996 1.061823
vt 0.524505 1.056883
vt 0.597749 1.051623
vt 0.598850 1.037123
vt 0.514214 1.042853
vt 0.510879 1.030853
vt 0.697702 1.058283
vt 0.612033 1.112763
vt 0.558810 1.128633
vt 0.614719 1.133023
vt 0.562717 1.147673
vt 0.639028 1.394043
vt 0.700412 1.410233
vt 0.700133 1.410233
vt 0.593548 1.417483
vt 0.696794 1.422373
vt 0.726702 1.464273
vt 0.689034 1.467003
vt 0.596675 1.465423
vt 0.692821 1.450053
vt 0.595989 1.452143
vt 0.694890 1.432153
vt 0.595422 1.438773
vt 0.594850 1.427453
vt 0.597433 1.472313
vt 0.506320 1.468353
vt 0.595055 1.489333
vt 0.680166 1.488483
vt 0.639028 1.394183
vt 0.591595 1.408413
vt 0.599567 1.381923
vt 0.672893 1.334233
vt 0.678719 1.338483
vt 0.665126 1.347513
vt 0.653813 1.372153
vt 0.611192 1.376613
vt 0.671007 1.391163
vt 0.638716 1.394023
vt 0.510715 1.030853
vt 0.599582 1.028163
vt 0.633573 1.145443
vt 0.614442 1.133093
vt 0.814804 1.250403
vt 0.870308 1.250483
vt 0.320085 1.043183
vt 0.384894 1.029603
vt 0.385344 1.034743
vt 0.318487 1.034303
vt 0.454673 1.098933
vt 0.455330 1.084523
vt 0.454194 1.076503
vt 0.394554 1.086623
vt 0.393239 1.082593
vt 0.325028 1.089103
vt 0.388939 1.066563
vt 0.322654 1.074053
vt 0.387355 1.051993
vt 0.320103 1.059163
vt 0.386010 1.039603
vt 0.320767 1.049373
vt 0.448900 1.030743
vt 0.449090 1.033873
vt 0.451409 1.047723
vt 0.451781 1.062073
vt 0.448526 1.025373
vt 0.449045 1.030683
vt 0.447989 1.023283
vt 0.448060 1.011573
vt 0.385115 1.018313
vt 0.447971 1.023283
vt 0.311252 1.025603
vt 0.385226 1.018283
vt 0.704261 1.399713
vt 0.713148 1.396963
vt 0.754585 1.394483
vt 0.733763 1.401323
vt 0.738077 1.411923
vt 0.703481 1.399623
vt 0.700970 1.410233
vt 0.733615 1.401163
vt 0.778537 1.413303
vt 0.778537 1.403673
vt 0.737521 1.423483
vt 0.696785 1.422503
vt 0.700025 1.410203
vt 0.738554 1.058143
vt 0.735894 1.043183
vt 0.775021 1.044353
vt 0.739582 1.067113
vt 0.779839 1.065153
vt 0.778950 1.058943
vt 0.794162 1.046503
vt 0.769898 1.025723
vt 0.804481 1.034313
vt 0.904349 1.040333
vt 0.982105 1.032653
vt 0.983905 1.040473
vt 0.911686 1.050113
vt 0.738172 1.080613
vt 0.736219 1.087943
vt 0.706488 1.091463
vt 0.739692 1.067053
vt 0.676450 1.102993
vt 0.706623 1.091423
vt 0.715104 1.092973
vt 0.756376 1.095813
vt 0.652320 1.118203
vt 0.666534 1.144933
vt 0.679818 1.155283
vt 0.673980 1.160403
vt 0.981054 1.450353
vt 0.907556 1.441713
vt 0.879820 1.416233
vt 0.901306 1.449943
vt 0.980192 1.457913
vt 0.773053 1.425143
vt 0.777979 1.413583
vt 0.773006 1.432953
vt 0.790999 1.441513
vt 0.800153 1.456183
vt 0.736317 1.430983
vt 0.772941 1.443703
vt 0.772824 1.463233
vt 0.772916 1.467383
vt 0.731270 1.445873
vt 0.959201 1.304413
vt 0.921865 1.291583
vt 0.959201 1.296603
vt 0.959201 1.198943
vt 0.920501 1.210523
vt 0.959377 1.206673
vt 0.394887 1.086573
vt 0.328481 1.104703
vt 0.396004 1.102333
vt 0.328586 1.104583
vt 0.311008 1.025723
vt 0.330228 1.122263
vt 0.328464 1.104573
vt 0.396127 1.102283
vt 0.454783 1.098913
vt 0.318542 1.248873
vt 0.946814 1.912273
vt 0.970560 1.909803
vt 0.970560 1.912163
vt 0.947082 1.873233
vt 0.891698 1.893123
vt 0.947020 1.891813
vt 0.947020 1.903583
vt 0.970757 1.891733
vt 0.970663 1.903583
vt 0.913421 1.906313
vt 0.885113 1.907833
vt 0.894289 1.916473
vt 0.873660 1.919233
vt 0.863767 1.928563
vt 0.873986 1.928283
vt 0.947106 1.833193
vt 0.853132 1.866373
vt 0.840988 1.843133
vt 0.863309 1.882283
vt 0.864142 1.899953
vt 0.866436 1.914483
vt 0.839283 1.934563
vt 0.850312 1.938683
vt 0.875648 1.936993
vt 0.910361 1.923433
vt 0.946766 1.922023
vt 0.811589 1.889493
vt 0.841326 1.914433
vt 0.818561 1.914123
vt 0.817675 1.935563
vt 0.781089 1.933613
vt 0.789603 1.954263
vt 0.815097 1.943893
vt 0.821629 1.944453
vt 0.904082 1.935933
vt 0.947048 1.932803
vt 0.800779 1.957603
vt 0.785884 1.986483
vt 0.768550 1.946873
vt 0.760946 1.960653
vt 0.773059 1.999183
vt 0.785876 1.999183
vt 0.967339 1.928813
vt 0.970757 1.932503
vt 0.950712 1.928893
vt 0.946940 1.921873
vt 0.950412 1.928813
vt 0.970948 1.765813
vt 0.947145 1.765803
vt 0.970937 1.785343
vt 0.947133 1.785343
vt 0.971017 1.807833
vt 0.947120 1.807803
vt 0.851206 1.809583
vt 0.820529 1.827083
vt 0.795754 1.824363
vt 0.812057 1.813523
vt 0.775549 1.808633
vt 0.782941 1.787033
vt 0.807662 1.788543
vt 0.791499 1.776523
vt 0.800472 1.774183
vt 0.786013 1.763833
vt 0.786021 1.750163
vt 0.769769 1.773203
vt 0.773204 1.750153
vt 0.850659 1.788773
vt 0.817142 1.780543
vt 0.837605 1.774803
vt 0.820802 1.765793
vt 0.970594 1.833053
vt 0.947064 1.833083
vt 0.947343 1.873123
vt 0.970886 1.873233
vt 0.946994 1.873343
vt 0.970920 1.873093
vt 0.970875 1.891783
vt 0.344983 1.851883
vt 0.327562 1.833843
vt 0.351009 1.834393
vt 0.288601 1.832763
vt 0.313139 1.820723
vt 0.355807 1.815003
vt 0.365356 1.837913
vt 0.356883 1.854703
vt 0.335209 1.864773
vt 0.373798 1.866373
vt 0.353069 1.899403
vt 0.380953 1.895723
vt 0.379653 1.917493
vt 0.403641 1.899093
vt 0.402893 1.919953
vt 0.492080 1.913663
vt 0.486357 1.934943
vt 0.563926 1.933583
vt 0.551387 1.946843
vt 0.572440 1.954233
vt 0.376730 1.806633
vt 0.379455 1.836453
vt 0.399819 1.837923
vt 0.386922 1.869403
vt 0.417366 1.871653
vt 0.508469 1.885883
vt 0.547062 1.850443
vt 0.438979 1.841603
vt 0.516311 1.826643
vt 0.415484 1.837183
vt 0.418260 1.816953
vt 0.410607 1.804463
vt 0.417848 1.803613
vt 0.447995 1.802213
vt 0.296238 1.806983
vt 0.359190 1.802673
vt 0.383020 1.781843
vt 0.404556 1.789323
vt 0.414973 1.782213
vt 0.451791 1.782483
vt 0.516064 1.770223
vt 0.411821 1.765913
vt 0.515757 1.750123
vt 0.466319 1.750113
vt 0.394908 1.750103
vt 0.390364 1.767043
vt 0.371400 1.765173
vt 0.358426 1.780953
vt 0.288220 1.790843
vt 0.296024 1.778813
vt 0.356441 1.767823
vt 0.330440 1.768643
vt 0.298604 1.768983
vt 0.345469 1.750093
vt 0.360118 1.750093
vt 0.556041 1.750123
vt 0.552606 1.773173
vt 0.523691 1.792023
vt 0.565778 1.787003
vt 0.558386 1.808603
vt 0.594894 1.813483
vt 0.578591 1.824333
vt 0.603366 1.827053
vt 0.623825 1.843103
vt 0.634043 1.809543
vt 0.729812 1.833173
vt 0.729957 1.807763
vt 0.753761 1.807773
vt 0.753774 1.785313
vt 0.729970 1.785303
vt 0.753785 1.765783
vt 0.729982 1.765773
vt 0.633496 1.788743
vt 0.590499 1.788513
vt 0.635969 1.866343
vt 0.594426 1.889463
vt 0.601397 1.914093
vt 0.600512 1.935523
vt 0.597934 1.943863
vt 0.604466 1.944423
vt 0.618212 1.937463
vt 0.633149 1.938653
vt 0.624163 1.914403
vt 0.649273 1.914453
vt 0.656497 1.919203
vt 0.646604 1.928523
vt 0.677126 1.916443
vt 0.667950 1.907803
vt 0.646979 1.899913
vt 0.656823 1.928253
vt 0.696258 1.906273
vt 0.674535 1.893093
vt 0.646146 1.882253
vt 0.729919 1.873193
vt 0.729908 1.891753
vt 0.729902 1.903473
vt 0.729897 1.912263
vt 0.729895 1.915193
vt 0.729891 1.922023
vt 0.693198 1.923393
vt 0.729886 1.933183
vt 0.686918 1.935903
vt 0.729913 1.939573
vt 0.686976 1.939163
vt 0.686906 1.939993
vt 0.656802 1.939843
vt 0.656539 1.940703
vt 0.633372 1.940623
vt 0.633070 1.941533
vt 0.658485 1.936963
vt 0.568721 1.986453
vt 0.555896 1.999153
vt 0.583616 1.957573
vt 0.543783 1.960623
vt 0.515613 1.999143
vt 0.478579 1.965323
vt 0.466174 1.999133
vt 0.395831 1.977893
vt 0.394763 1.999123
vt 0.360736 1.984903
vt 0.359973 1.999123
vt 0.345325 1.999113
vt 0.344843 1.983713
vt 0.349725 1.967263
vt 0.373814 1.961233
vt 0.349741 1.946823
vt 0.378159 1.947383
vt 0.350570 1.932333
vt 0.376173 1.934653
vt 0.402383 1.938783
vt 0.398690 1.956273
vt 0.349340 1.916443
vt 0.599979 1.780513
vt 0.620442 1.774773
vt 0.583309 1.774153
vt 0.574336 1.776493
vt 0.568850 1.763803
vt 0.568858 1.750123
vt 0.603639 1.765753
vt 0.754014 1.937063
vt 0.754123 1.939613
vt 0.750217 1.942113
vt 0.736545 1.942113
vt 0.753501 1.932213
vt 0.753580 1.930013
vt 0.754123 1.921983
vt 0.754123 1.915143
vt 0.754123 1.912213
vt 0.753705 1.903473
vt 0.753712 1.891753
vt 0.753969 1.873263
vt 0.753763 1.833173
vt 0.037792 1.852593
vt 0.039279 1.899143
vt -0.001736 1.853243
vt 0.037751 1.923883
vt 0.037326 1.961643
vt -0.001736 1.924533
vt 0.037827 1.793993
vt 0.039279 1.817113
vt -0.001736 1.794643
vt -0.002431 1.750043
vt -0.001736 1.779023
vt 0.041497 1.779343
vt 0.037835 1.779343
vt -0.002457 1.793993
vt -0.002505 1.877973
vt 0.041455 1.852593
vt 0.039279 1.793673
vt -0.001736 1.780003
vt 0.039279 1.750703
vt 0.039279 1.766323
vt -0.002713 1.750703
vt -0.002713 1.875703
vt 0.037765 1.899463
vt 0.037326 1.899143
vt 0.037813 1.817433
vt -0.002713 1.793673
vt 0.037326 1.793673
vt 0.037729 1.961963
vt -0.002540 1.936563
vt 0.037852 1.750053
vt 0.037842 1.766653
vt 0.041413 1.923883
vt -0.002713 1.877653
vt 0.037707 1.999073
vt -0.002576 1.999063
vt 0.041391 1.961963
vt 0.220813 1.999103
vt 0.219692 1.965783
vt 0.325440 1.943643
vt 0.224519 1.923903
vt 0.159021 1.944133
vt 0.120181 1.960513
vt 0.092639 1.999083
vt 0.094428 1.959073
vt 0.076160 1.999083
vt 0.076182 1.960993
vt 0.103606 1.924653
vt 0.076203 1.923883
vt 0.101613 1.895983
vt 0.076218 1.898493
vt 0.076245 1.852593
vt 0.121777 1.858263
vt 0.076258 1.830133
vt 0.088098 1.817293
vt 0.076268 1.812553
vt 0.070765 1.830133
vt 0.070751 1.852593
vt 0.070725 1.898493
vt 0.070710 1.923883
vt 0.070688 1.960993
vt 0.070666 1.999083
vt 0.041369 1.999073
vt 0.041427 1.899463
vt 0.070775 1.812553
vt 0.070780 1.803763
vt 0.076273 1.803763
vt 0.070787 1.792043
vt 0.076280 1.792043
vt 0.070796 1.776423
vt 0.076289 1.776423
vt 0.070803 1.764703
vt 0.076296 1.764703
vt 0.162875 1.770553
vt 0.157028 1.793623
vt 0.163290 1.817303
vt 0.041475 1.817433
vt 0.041489 1.793993
vt 0.041505 1.766653
vt 0.041514 1.750053
vt 0.070811 1.750053
vt 0.076304 1.750053
vt 0.092784 1.750063
vt 0.220958 1.750073
vt 0.218078 1.811553
vt 0.255696 1.845983
vt 0.167972 1.846713
vt 0.228049 1.881173
vt 0.319175 1.888553
vt 0.314787 1.917143
vt 0.329321 1.847463
vt 0.224520 1.920973
vt 0.141900 1.891343
vt 0.136630 1.920963
vt 0.123808 1.928773
vt 0.124316 1.931853
vt 0.127324 1.946863
vt 0.136597 1.923863
vt 0.967225 1.512883
vt 0.944770 1.517673
vt 0.946717 1.512543
vt 0.952904 1.514363
vt 0.972222 1.506073
vt 0.990126 1.509653
vt 0.971245 1.510633
vt 0.972074 1.506073
vt 0.971364 1.510513
vt 0.957159 1.504913
vt 0.956982 1.509983
vt 0.778810 1.554313
vt 0.778797 1.561603
vt 0.759283 1.558003
vt 0.759285 1.559463
vt 0.800301 1.559413
vt 0.810070 1.561593
vt 0.793325 1.554273
vt 0.894019 1.535843
vt 0.844228 1.545883
vt 0.858865 1.537353
vt 0.837581 1.541203
vt 0.820014 1.549423
vt 0.813953 1.544743
vt 0.806148 1.550613
vt 0.804193 1.549153
vt 0.799240 1.554963
vt 0.810062 1.555733
vt 0.829986 1.557813
vt 0.849703 1.550653
vt 0.940860 1.510873
vt 0.907669 1.519713
vt 0.907660 1.513123
vt 0.886195 1.527063
vt 0.874473 1.524883
vt 0.835424 1.535193
vt 0.810046 1.544013
vt 0.833469 1.533723
vt 0.870566 1.524153
vt 0.878370 1.518283
vt 0.905703 1.510193
vt 0.940856 1.507953
vt 0.972107 1.508633
vt 0.890107 1.531453
vt 0.907678 1.526303
vt 0.938913 1.515273
vt 0.970161 1.513763
vt 0.992616 1.508973
vt 0.973078 1.504363
vt 0.942803 1.502813
vt 0.903743 1.505073
vt 0.874459 1.514633
vt 0.864687 1.510253
vt 0.862736 1.511713
vt 0.833439 1.511753
vt 0.833441 1.513223
vt 0.858822 1.505863
vt 0.901783 1.499943
vt 0.874464 1.518293
vt 0.870554 1.515363
vt 0.961058 1.708543
vt 0.988496 1.685893
vt 0.977586 1.717173
vt 0.897822 1.673853
vt 0.910594 1.673833
vt 0.913796 1.680503
vt 0.918578 1.674653
vt 0.937748 1.684643
vt 0.936141 1.676303
vt 0.967727 1.675853
vt 0.985234 1.680353
vt 0.948833 1.690843
vt 0.959409 1.699593
vt 0.955263 1.700053
vt 0.957545 1.709733
vt 0.974706 1.719103
vt 0.886643 1.670523
vt 0.888251 1.678873
vt 0.923386 1.688833
vt 0.938485 1.698163
vt 0.947065 1.702853
vt 0.913822 1.699693
vt 0.920199 1.693013
vt 0.880285 1.691393
vt 0.827670 1.695983
vt 0.865912 1.687243
vt 0.881870 1.683053
vt 0.875388 1.675923
vt 0.874910 1.666583
vt 0.884816 1.662253
vt 0.865874 1.659703
vt 0.859498 1.666393
vt 0.838752 1.672263
vt 0.832382 1.683953
vt 0.782085 1.685593
vt 0.820814 1.722093
vt 0.767354 1.721953
vt 0.733210 1.689873
vt 0.706167 1.723103
vt 0.843530 1.663913
vt 0.840342 1.668083
vt 0.804351 1.665173
vt 0.803623 1.667303
vt 0.737941 1.662333
vt 0.738399 1.660093
vt 0.671534 1.662423
vt 0.664020 1.694773
vt 0.647601 1.724953
vt 0.592380 1.715743
vt 0.571955 1.731343
vt 0.537357 1.725483
vt 0.533547 1.739443
vt 0.524355 1.749463
vt 0.517955 1.738623
vt 0.519200 1.723563
vt 0.536012 1.694063
vt 0.599920 1.693993
vt 0.607081 1.662503
vt 0.671146 1.660333
vt 0.737604 1.654353
vt 0.806037 1.656343
vt 0.805082 1.653223
vt 0.843943 1.654043
vt 0.842217 1.651963
vt 0.861067 1.646203
vt 0.853078 1.641203
vt 0.736946 1.649393
vt 0.801761 1.647663
vt 0.782007 1.627643
vt 0.670061 1.656073
vt 0.607199 1.660563
vt 0.540675 1.662593
vt 0.512667 1.696563
vt 0.506931 1.661633
vt 0.539956 1.660803
vt 0.606999 1.656623
vt 0.669077 1.650953
vt 0.733120 1.623493
vt 0.767907 1.591203
vt 0.820637 1.591033
vt 0.827544 1.617123
vt 0.833306 1.632333
vt 0.839314 1.647073
vt 0.506954 1.656833
vt 0.539261 1.656763
vt 0.605857 1.651943
vt 0.663917 1.618773
vt 0.705987 1.590333
vt 0.647416 1.588643
vt 0.592221 1.598003
vt 0.571753 1.582463
vt 0.537171 1.588413
vt 0.533323 1.574463
vt 0.519020 1.590383
vt 0.512559 1.617403
vt 0.535911 1.619833
vt 0.506918 1.652343
vt 0.537705 1.652213
vt 0.599820 1.619733
vt 0.506595 1.602613
vt 0.503418 1.614303
vt 0.501826 1.617643
vt 0.500240 1.625153
vt 0.498672 1.646023
vt 0.498677 1.650193
vt 0.498688 1.657703
vt 0.500295 1.666043
vt 0.501930 1.694413
vt 0.501935 1.697753
vt 0.505147 1.711933
vt 0.508356 1.723613
vt 0.508173 1.589263
vt 0.519331 1.575893
vt 0.522513 1.568383
vt 0.671451 1.553343
vt 0.714103 1.556573
vt 0.671457 1.557953
vt 0.527507 1.549593
vt 0.562160 1.550203
vt 0.524844 1.550913
vt 0.564827 1.551513
vt 0.556837 1.556133
vt 0.618150 1.560653
vt 0.618144 1.556053
vt 0.620804 1.552093
vt 0.626131 1.548793
vt 0.671447 1.550713
vt 0.626123 1.543533
vt 0.671443 1.547423
vt 0.711426 1.548023
vt 0.711432 1.552633
vt 0.740753 1.552593
vt 0.586142 1.544903
vt 0.578150 1.548203
vt 0.570154 1.548213
vt 0.596800 1.541593
vt 0.570142 1.539663
vt 0.580811 1.544913
vt 0.564812 1.540323
vt 0.562138 1.533743
vt 0.596794 1.536993
vt 0.602120 1.533033
vt 0.559465 1.528483
vt 0.543474 1.529823
vt 0.527476 1.526553
vt 0.540810 1.531143
vt 0.556807 1.534413
vt 0.562122 1.522553
vt 0.522146 1.527213
vt 0.522138 1.521293
vt 0.543456 1.516653
vt 0.548785 1.515333
vt 0.524785 1.507463
vt 0.532778 1.504823
vt 0.511456 1.506823
vt 0.511448 1.500903
vt 0.506125 1.506833
vt 0.519465 1.516033
vt 0.514134 1.516033
vt 0.516808 1.521953
vt 0.972792 1.627023
vt 0.967993 1.619513
vt 0.990719 1.611383
vt 0.900957 1.630453
vt 0.924890 1.620413
vt 0.929670 1.613723
vt 0.972651 1.612823
vt 0.970849 1.610063
vt 0.974359 1.605323
vt 0.977553 1.606153
vt 0.977979 1.590903
vt 0.980219 1.592993
vt 0.941609 1.625823
vt 0.961625 1.632873
vt 0.943151 1.635863
vt 0.902561 1.636293
vt 0.931282 1.625403
vt 0.929700 1.633003
vt 0.905759 1.640463
vt 0.885017 1.648833
vt 0.864264 1.649533
vt 0.383909 1.610603
vt 0.381223 1.594373
vt 0.364827 1.594373
vt 0.283119 1.608493
vt 0.273136 1.594403
vt 0.364886 1.594373
vt 0.384006 1.610563
vt 0.457050 1.562573
vt 0.371896 1.562913
vt 0.408160 1.561343
vt 0.290715 1.581213
vt 0.290751 1.573633
vt 0.308992 1.576443
vt 0.365737 1.558543
vt 0.371644 1.562923
vt 0.317445 1.553443
vt 0.353342 1.558713
vt 0.296310 1.565643
vt 0.369115 1.546563
vt 0.364229 1.552373
vt 0.329873 1.550783
vt 0.329628 1.552963
vt 0.363741 1.554913
vt 0.440109 1.560573
vt 0.416035 1.550583
vt 0.405579 1.555763
vt 0.410822 1.550183
vt 0.410845 1.545393
vt 0.410875 1.539003
vt 0.387407 1.538593
vt 0.410937 1.526243
vt 0.416152 1.526243
vt 0.410967 1.519863
vt 0.357639 1.517423
vt 0.345920 1.526213
vt 0.402977 1.554563
vt 0.487189 1.531483
vt 0.442882 1.526263
vt 0.416091 1.539013
vt 0.416060 1.545393
vt 0.466379 1.520693
vt 0.485941 1.519913
vt 0.442268 1.518283
vt 0.411132 1.519743
vt 0.411350 1.507053
vt 0.442322 1.507113
vt 0.411132 1.513343
vt 0.442291 1.513503
vt 0.457969 1.507123
vt 0.465752 1.515513
vt 0.465792 1.507133
vt 0.473611 1.507933
vt 0.486643 1.509543
vt 0.486593 1.519913
vt 0.441948 1.513393
vt 0.441948 1.518443
vt 0.387668 1.538423
vt 0.345676 1.526213
vt 0.411105 1.519863
vt 0.357639 1.517543
vt 0.369276 1.513053
vt 0.371913 1.507073
vt 0.411029 1.507093
vt 0.410998 1.513473
vt 0.369601 1.512913
vt 0.081054 1.525933
vt 0.076013 1.538673
vt 0.051975 1.560323
vt 0.080971 1.538823
vt 0.052204 1.560313
vt 0.049762 1.526003
vt 0.049800 1.518023
vt 0.081054 1.519633
vt 0.026319 1.520403
vt 0.026344 1.515213
vt 0.049823 1.513233
vt 0.081054 1.506833
vt 0.081054 1.513233
vt 0.049854 1.506853
vt 0.034207 1.506843
vt 0.026384 1.506843
vt 0.018557 1.507633
vt 0.005511 1.509223
vt 0.005461 1.519593
vt 0.005401 1.531953
vt 0.033941 1.562293
vt 0.083494 1.561133
vt 0.127860 1.553983
vt 0.161771 1.552013
vt 0.161775 1.551213
vt 0.174806 1.552813
vt 0.130445 1.558773
vt 0.119995 1.562753
vt 0.182516 1.576353
vt 0.200783 1.573573
vt 0.200747 1.581153
vt 0.195950 1.565163
vt 0.140878 1.558373
vt 0.127866 1.552783
vt 0.088742 1.554353
vt 0.122681 1.546393
vt 0.161855 1.534453
vt 0.164442 1.538843
vt 0.135758 1.538423
vt 0.146249 1.526063
vt 0.104465 1.538403
vt 0.161799 1.546023
vt 0.177415 1.552413
vt 0.182619 1.554813
vt 0.174798 1.554413
vt 0.151311 1.557983
vt 0.200835 1.562803
vt 0.205999 1.573583
vt 0.205962 1.581163
vt 0.221719 1.558433
vt 0.232077 1.573593
vt 0.232030 1.583173
vt 0.206105 1.551633
vt 0.245190 1.558043
vt 0.245146 1.567223
vt 0.245090 1.578793
vt 0.245061 1.584773
vt 0.122287 1.512253
vt 0.129448 1.517463
vt 0.081271 1.519583
vt 0.145725 1.525933
vt 0.080946 1.526093
vt 0.049804 1.513123
vt 0.120263 1.506903
vt 0.269962 1.558463
vt 0.290803 1.562863
vt 0.259458 1.573613
vt 0.285536 1.573633
vt 0.309096 1.554893
vt 0.340374 1.558113
vt 0.285769 1.552463
vt 0.314278 1.551623
vt 0.330000 1.546133
vt 0.321170 1.538593
vt 0.246494 1.558043
vt 0.246450 1.567223
vt 0.246394 1.578793
vt 0.246365 1.584773
vt 0.259412 1.583193
vt 0.285499 1.581213
vt 0.316921 1.554503
vt 0.356114 1.538573
vt 0.329406 1.534163
vt 0.322888 1.533763
vt 0.335967 1.525393
vt 0.273021 1.749773
vt 0.364063 1.733303
vt 0.365055 1.749813
vt 0.375021 1.730993
vt 0.381417 1.749813
vt 0.382783 1.742593
vt 0.380206 1.710953
vt 0.359494 1.712673
vt 0.389337 1.701873
vt 0.376975 1.699863
vt 0.416466 1.696943
vt 0.146050 1.526093
vt 0.080963 1.545173
vt 0.075778 1.538783
vt 0.075747 1.545173
vt 0.075722 1.550353
vt 0.086128 1.555553
vt 0.080940 1.549963
vt 0.288509 1.617283
vt 0.353342 1.634393
vt 0.291222 1.631903
vt 0.291428 1.643963
vt 0.349435 1.647573
vt 0.394807 1.614933
vt 0.394748 1.615053
vt 0.403537 1.638783
vt 0.450795 1.606513
vt 0.412605 1.617783
vt 0.462435 1.633373
vt 0.415836 1.628473
vt 0.426101 1.640813
vt 0.446902 1.651663
vt 0.418763 1.594393
vt 0.462447 1.604073
vt 0.474089 1.623003
vt 0.481849 1.641313
vt 0.478378 1.650553
vt 0.467347 1.670343
vt 0.440757 1.674483
vt 0.457115 1.683473
vt 0.438706 1.689003
vt 0.390715 1.691593
vt 0.367962 1.688553
vt 0.408396 1.669593
vt 0.403374 1.638803
vt 0.395725 1.669643
vt 0.398814 1.680383
vt 0.377363 1.655793
vt 0.372427 1.665253
vt 0.356061 1.697173
vt 0.328933 1.689803
vt 0.356174 1.697153
vt 0.327202 1.704153
vt 0.283308 1.675283
vt 0.286269 1.692133
vt 0.240651 1.722203
vt 0.249019 1.725033
vt 0.252105 1.703343
vt 0.263272 1.703523
vt 0.258924 1.688703
vt 0.266463 1.688933
vt 0.256157 1.676323
vt 0.266110 1.675503
vt 0.270332 1.688873
vt 0.267043 1.703073
vt 0.282328 1.704253
vt 0.271456 1.733203
vt 0.272524 1.743173
vt 0.258864 1.724293
vt 0.238273 1.749613
vt 0.243381 1.742853
vt 0.289084 1.652363
vt 0.349370 1.647443
vt 0.284047 1.661223
vt 0.341199 1.660083
vt 0.332736 1.675833
vt 0.371220 1.676533
vt 0.283908 1.661223
vt 0.332573 1.675753
vt 0.403374 1.638643
vt 0.353537 1.634293
vt 0.349240 1.647383
vt 0.244078 1.659603
vt 0.259250 1.724213
vt 0.327293 1.704103
vt 0.328891 1.689823
vt 0.332639 1.675803
vt 0.270046 1.676103
vt 0.263370 1.660093
vt 0.289082 1.652413
vt 0.255241 1.659543
vt 0.291488 1.643973
vt 0.349338 1.647433
vt 0.353422 1.634333
vt 0.288547 1.617153
vt 0.394794 1.614933
vt 0.403489 1.638713
vt 0.372409 1.665263
vt 0.395875 1.669613
vt 0.398850 1.680393
vt 0.395765 1.669623
vt 0.408420 1.669553
vt 0.372287 1.665253
vt 0.415825 1.628473
vt 0.367990 1.688573
vt 0.400856 1.594383
vt 0.403537 1.638563
vt 0.272547 1.743183
vt 0.418524 1.749793
vt 0.403500 1.749823
vt 0.418629 1.594493
vt 0.120294 1.500513
vt 0.081178 1.500493
vt 0.367730 1.688523
vt 0.426323 1.640833
vt 0.412592 1.617933
vt 0.381165 1.594493
vt 0.411132 1.500753
vt 0.371943 1.500683
vt 0.442353 1.500733
vt 0.457999 1.500743
vt 0.465823 1.500753
vt 0.473646 1.500753
vt 0.486685 1.500763
vt 0.005553 1.500443
vt 0.018592 1.500453
vt 0.026415 1.500453
vt 0.034238 1.500463
vt 0.049885 1.500473
vt 0.080837 1.500543
vt 0.154839 1.670893
vt 0.153103 1.689453
vt 0.194102 1.675173
vt 0.175322 1.711223
vt 0.191257 1.688203
vt 0.219292 1.632313
vt 0.197064 1.724963
vt 0.135993 1.749723
vt 0.215758 1.744493
vt 0.215755 1.749753
vt 0.189159 1.594253
vt 0.215859 1.744353
vt 0.215859 1.749773
s 1
usemtl Doug:body_002
f 1/1/1 2/2/2 3/3/3
f 1/1/1 3/3/3 4/4/4
f 1/1/1 4/4/4 5/5/5
f 5/5/5 4/4/4 6/6/6
f 5/5/5 6/6/6 7/7/7
f 7/7/7 6/6/6 8/8/8
f 7/7/7 8/8/8 9/9/9
f 7/7/7 9/9/9 10/10/10
f 10/10/10 9/9/9 11/11/11
f 10/10/10 11/11/11 12/12/12
f 12/12/12 11/11/11 13/13/13
f 12/12/12 13/13/13 14/14/14
f 14/14/14 13/13/13 15/15/15
f 14/14/14 15/15/15 16/16/16
f 16/16/16 15/15/15 17/17/17
f 16/16/16 17/17/17 18/18/18
f 2/2/2 19/19/19 3/3/3
f 2/2/2 20/20/20 19/19/19
f 3/3/3 21/21/21 4/4/4
f 3/3/3 19/19/19 21/21/21
f 4/4/4 21/21/21 22/22/22
f 4/4/4 22/22/22 6/6/6
f 6/6/6 23/23/23 8/8/8
f 6/6/6 22/22/22 23/23/23
f 8/8/8 24/24/24 9/9/9
f 8/8/8 23/23/23 24/24/24
f 9/9/9 25/25/25 11/11/11
f 9/9/9 24/24/24 25/25/25
f 11/11/11 26/26/26 13/13/13
f 11/11/11 25/25/25 26/26/26
f 13/13/13 26/26/26 27/27/27
f 13/13/13 27/27/27 15/15/15
f 15/15/15 28/28/28 17/17/17
f 15/15/15 27/27/27 28/28/28
f 17/17/17 29/29/29 18/18/18
f 17/17/17 28/28/28 29/29/29
f 18/18/18 29/29/29 30/30/30
f 18/18/18 30/30/30 31/31/31
f 18/18/18 32/32/32 16/16/16
f 18/18/18 31/31/31 32/32/32
f 16/16/16 32/32/32 33/33/33
f 16/16/16 33/33/33 34/34/34
f 14/14/14 34/34/34 12/12/12
f 16/16/16 34/34/34 14/14/14
f 34/34/34 33/33/33 35/35/35
f 35/35/35 33/33/33 36/36/36
f 35/35/35 36/36/36 37/37/37
f 37/37/37 36/36/36 38/38/38
f 39/39/39 38/38/38 36/36/36
f 40/40/40 38/38/38 39/39/39
f 41/41/41 33/33/33 32/32/32
f 41/41/41 36/36/36 33/33/33
f 39/39/39 36/36/36 41/41/41
f 42/42/42 43/43/43 44/44/44
f 44/44/44 43/43/43 45/45/45
f 44/44/44 45/45/45 46/46/46
f 44/44/44 46/46/46 47/47/47
f 35/35/35 48/48/48 34/34/34
f 37/37/37 48/48/48 35/35/35
f 47/47/47 46/46/46 48/48/48
f 47/47/47 48/48/48 37/37/37
f 34/34/34 48/48/48 49/49/49
f 46/46/46 49/49/49 48/48/48
f 12/12/12 34/34/34 50/50/50
f 34/34/34 49/49/49 50/50/50
f 12/12/12 50/50/50 10/10/10
f 46/46/46 51/51/51 49/49/49
f 45/45/45 51/51/51 46/46/46
f 50/50/50 49/49/49 51/51/51
f 50/50/50 51/51/51 52/52/52
f 10/10/10 50/50/50 52/52/52
f 52/52/52 51/51/51 53/53/53
f 53/53/53 51/51/51 45/45/45
f 53/53/53 45/45/45 54/54/54
f 10/10/10 55/55/55 7/7/7
f 10/10/10 52/52/52 55/55/55
f 7/7/7 55/55/55 56/56/56
f 7/7/7 56/56/56 5/5/5
f 57/57/57 1/1/1 5/5/5
f 5/5/5 56/56/56 57/57/57
f 57/57/57 56/56/56 58/58/58
f 57/57/57 58/58/58 59/59/59
f 57/57/57 60/60/60 1/1/1
f 61/61/61 60/60/60 57/57/57
f 1/1/1 60/60/60 62/62/62
f 63/63/63 60/60/60 59/59/59
f 62/62/62 60/60/60 63/63/63
f 64/64/64 59/59/59 58/58/58
f 63/63/63 59/59/59 64/64/64
f 64/64/64 58/58/58 65/65/65
f 65/65/65 58/58/58 66/66/66
f 66/66/66 58/58/58 67/67/67
f 56/56/56 67/67/67 58/58/58
f 55/55/55 67/67/67 56/56/56
f 66/66/66 67/67/67 68/68/68
f 68/68/68 52/52/52 53/53/53
f 68/68/68 67/67/67 69/69/69
f 68/68/68 69/69/69 52/52/52
f 68/68/68 53/53/53 70/70/70
f 68/68/68 70/70/70 66/66/66
f 64/64/64 71/71/71 63/63/63
f 63/63/63 72/72/72 62/62/62
f 63/63/63 71/71/71 72/72/72
f 65/65/65 73/73/73 64/64/64
f 66/66/66 73/73/73 65/65/65
f 66/66/66 74/74/74 73/73/73
f 64/64/64 73/73/73 75/75/75
f 71/71/71 76/76/76 72/72/72
f 64/64/64 76/76/76 71/71/71
f 64/64/64 75/75/75 76/76/76
f 72/72/72 76/76/76 77/77/77
f 72/72/72 77/77/77 62/62/62
f 62/62/62 77/77/77 78/78/78
f 62/62/62 78/78/78 79/79/79
f 79/79/79 78/78/78 80/80/80
f 80/80/80 78/78/78 81/81/81
f 81/81/81 78/78/78 82/82/82
f 83/83/83 84/84/84 85/70/85
f 85/70/85 84/84/84 86/45/86
f 87/64/87 88/73/88 89/65/89
f 89/65/89 88/73/88 90/66/90
f 90/66/90 91/74/91 84/84/84
f 90/66/90 88/73/88 91/74/91
f 92/85/92 93/86/93 94/60/94
f 94/60/94 93/86/93 95/63/95
f 94/60/94 95/63/95 96/87/96
f 87/64/87 96/87/96 95/63/95
f 94/60/94 96/87/96 97/88/97
f 98/89/98 26/26/26 25/25/25
f 26/26/26 99/90/99 27/27/27
f 98/89/98 99/90/99 26/26/26
f 27/27/27 99/90/99 100/91/100
f 27/27/27 100/91/100 28/28/28
f 101/92/101 100/91/100 99/90/99
f 101/92/101 99/90/99 102/93/102
f 102/93/102 99/90/99 98/89/98
f 102/93/102 98/89/98 103/94/103
f 98/89/98 25/25/25 104/95/104
f 104/95/104 25/25/25 24/24/24
f 103/94/103 98/89/98 104/95/104
f 103/94/103 104/95/104 105/96/105
f 106/97/106 24/24/24 23/23/23
f 104/95/104 24/24/24 106/97/106
f 105/96/105 104/95/104 106/97/106
f 105/96/105 106/97/106 107/98/107
f 107/98/107 106/97/106 108/99/108
f 108/99/108 23/23/23 22/22/22
f 106/97/106 23/23/23 108/99/108
f 107/98/107 108/99/108 109/100/109
f 110/101/110 22/22/22 21/21/21
f 109/100/109 108/99/108 110/101/110
f 108/99/108 22/22/22 110/101/110
f 109/100/109 110/101/110 111/102/111
f 112/103/112 21/21/21 19/19/19
f 110/101/110 21/21/21 112/103/112
f 111/102/111 110/101/110 112/103/112
f 111/102/111 112/103/112 113/104/113
f 112/103/112 19/19/19 114/105/114
f 114/105/114 19/19/19 20/20/20
f 113/104/113 112/103/112 114/105/114
f 113/104/113 114/105/114 115/106/115
f 114/105/114 116/107/116 115/106/115
f 114/105/114 20/20/20 116/107/116
f 115/106/115 116/107/116 117/108/117
f 115/106/115 117/108/117 118/109/118
f 115/106/115 118/109/118 119/110/119
f 113/104/113 115/106/115 119/110/119
f 113/104/113 119/110/119 120/111/120
f 120/111/120 121/112/121 109/100/109
f 120/111/120 119/110/119 121/112/121
f 109/100/109 121/112/121 107/98/107
f 107/98/107 121/112/121 122/113/122
f 107/98/107 122/113/122 105/96/105
f 105/96/105 123/114/123 103/94/103
f 105/96/105 122/113/122 123/114/123
f 103/94/103 124/115/124 102/93/102
f 102/93/102 124/115/124 101/92/101
f 103/94/103 123/114/123 124/115/124
f 101/92/101 124/115/124 125/116/125
f 101/92/101 125/116/125 126/117/126
f 101/92/101 126/117/126 100/91/100
f 100/91/100 127/118/127 28/28/28
f 100/91/100 126/117/126 127/118/127
f 28/28/28 127/118/127 29/29/29
f 30/30/30 29/29/29 128/119/116
f 128/119/116 29/29/29 127/118/127
f 129/120/128 127/118/127 126/117/126
f 128/119/116 127/118/127 129/120/128
f 129/120/128 126/117/126 125/116/125
f 129/120/128 125/116/125 130/121/129
f 131/23/130 132/122/131 133/22/132
f 133/22/132 132/122/131 134/123/133
f 133/22/132 134/123/133 135/21/134
f 135/21/134 134/123/133 136/124/135
f 136/124/135 134/123/133 137/125/136
f 137/125/136 134/123/133 138/126/137
f 138/126/137 134/123/133 132/122/131
f 138/126/137 132/122/131 139/127/138
f 140/30/139 141/128/140 142/29/141
f 142/29/141 141/128/140 143/129/142
f 142/29/141 143/129/142 144/28/143
f 144/28/143 143/129/142 145/91/144
f 144/28/143 145/91/144 146/27/145
f 146/27/145 145/91/144 147/130/146
f 146/27/145 147/130/146 148/26/147
f 148/26/147 147/130/146 149/131/148
f 149/131/148 147/130/146 150/132/149
f 150/132/149 147/130/146 151/133/150
f 151/133/150 147/130/146 145/91/144
f 151/133/150 145/91/144 152/134/151
f 152/134/151 145/91/144 143/129/142
f 153/135/152 143/129/142 141/128/140
f 152/134/151 143/129/142 153/135/152
f 153/135/152 141/128/140 154/136/153
f 137/125/136 155/137/154 136/124/135
f 136/124/135 155/137/154 156/138/155
f 155/137/154 157/139/156 156/138/155
f 156/138/155 157/139/156 158/140/157
f 156/138/155 158/140/157 159/20/158
f 136/124/135 160/19/159 135/21/134
f 156/138/155 160/19/159 136/124/135
f 156/138/155 159/20/158 160/19/159
f 161/109/160 157/139/156 155/137/154
f 162/110/161 155/137/154 137/125/136
f 162/110/161 137/125/136 138/126/137
f 161/109/160 155/137/154 162/110/161
f 162/110/161 138/126/137 163/112/162
f 163/112/162 138/126/137 139/127/138
f 163/112/162 139/127/138 164/141/163
f 163/112/162 164/141/163 165/113/164
f 165/113/164 164/141/163 166/142/165
f 166/142/165 149/131/148 150/132/149
f 167/114/166 166/142/165 150/132/149
f 165/113/164 166/142/165 167/114/166
f 168/115/167 151/133/150 152/134/151
f 168/115/167 150/132/149 151/133/150
f 167/114/166 150/132/149 168/115/167
f 168/115/167 152/134/151 169/116/168
f 169/116/168 153/135/152 154/136/153
f 169/116/168 152/134/151 153/135/152
f 169/116/168 154/136/153 170/121/169
f 131/23/130 171/143/170 132/122/131
f 132/122/131 171/143/170 139/127/138
f 139/127/138 171/143/170 164/141/163
f 166/142/165 172/144/171 149/131/148
f 164/141/163 172/144/171 166/142/165
f 164/141/163 171/143/170 172/144/171
f 173/25/172 149/131/148 172/144/171
f 148/26/147 149/131/148 173/25/172
f 174/24/173 172/144/171 171/143/170
f 173/25/172 172/144/171 174/24/173
f 174/24/173 171/143/170 131/23/130
f 135/21/134 160/19/159 175/4/174
f 176/3/175 160/19/159 159/20/158
f 175/4/174 160/19/159 176/3/175
f 176/3/175 159/20/158 177/2/176
f 148/26/147 173/25/172 178/13/177
f 174/24/173 179/11/178 173/25/172
f 178/13/177 173/25/172 179/11/178
f 178/13/177 179/11/178 180/12/179
f 180/12/179 179/11/178 181/10/180
f 181/10/180 179/11/178 182/9/181
f 131/23/130 182/9/181 174/24/173
f 174/24/173 182/9/181 179/11/178
f 181/10/180 182/9/181 183/7/182
f 184/8/183 182/9/181 131/23/130
f 183/7/182 182/9/181 184/8/183
f 131/23/130 133/22/132 184/8/183
f 185/145/184 186/146/185 187/147/186
f 187/147/186 186/146/185 188/148/187
f 188/148/187 186/146/185 189/149/188
f 188/148/187 189/149/188 190/150/189
f 190/150/189 189/149/188 191/151/190
f 191/151/190 189/149/188 192/152/191
f 191/151/190 192/152/191 193/153/192
f 191/151/190 193/153/192 194/154/193
f 194/154/193 193/153/192 195/155/194
f 194/154/193 195/155/194 196/156/195
f 197/157/196 187/147/186 188/148/187
f 198/158/197 187/147/186 197/157/196
f 197/157/196 188/148/187 199/159/198
f 199/159/198 190/150/189 191/151/190
f 199/159/198 188/148/187 190/150/189
f 199/159/198 191/151/190 200/160/199
f 200/160/199 191/151/190 194/154/193
f 201/161/200 194/154/193 196/156/195
f 200/160/199 194/154/193 201/161/200
f 201/161/200 196/156/195 202/162/201
f 203/163/202 196/156/195 195/155/194
f 202/162/201 196/156/195 203/163/202
f 203/163/202 195/155/194 204/164/203
f 205/165/204 204/164/203 195/155/194
f 206/166/205 204/164/203 205/165/204
f 207/167/206 195/155/194 193/153/192
f 205/165/204 195/155/194 207/167/206
f 208/168/207 193/153/192 192/152/191
f 207/167/206 193/153/192 208/168/207
f 209/169/208 192/152/191 189/149/188
f 208/168/207 192/152/191 209/169/208
f 210/170/209 189/149/188 186/146/185
f 209/169/208 189/149/188 210/170/209
f 210/170/209 186/146/185 211/171/210
f 211/171/210 186/146/185 185/145/184
f 211/171/210 185/145/184 212/172/211
f 212/172/211 185/145/184 213/173/212
f 213/173/212 185/145/184 187/147/186
f 213/173/212 187/147/186 214/174/213
f 215/175/214 216/176/215 217/177/216
f 218/178/217 213/173/212 214/174/213
f 217/177/216 216/176/215 218/178/217
f 218/178/217 216/176/215 213/173/212
f 212/172/211 213/173/212 219/179/218
f 219/179/218 213/173/212 216/176/215
f 220/180/219 216/176/215 215/175/214
f 219/179/218 216/176/215 220/180/219
f 220/180/219 215/175/214 221/181/220
f 222/182/221 215/175/214 217/177/216
f 221/181/220 215/175/214 222/182/221
f 222/182/221 217/177/216 223/183/222
f 223/183/222 217/177/216 224/184/223
f 225/185/224 218/178/217 214/174/213
f 225/185/224 217/177/216 218/178/217
f 224/184/223 217/177/216 225/185/224
f 225/185/224 214/174/213 226/186/225
f 226/186/225 187/147/186 198/158/197
f 226/186/225 214/174/213 187/147/186
f 227/187/226 228/188/227 229/189/228
f 229/189/228 228/188/227 230/190/229
f 229/189/228 230/190/229 231/191/230
f 229/189/228 231/191/230 232/192/231
f 229/189/228 232/192/231 233/193/232
f 233/193/232 232/192/231 234/194/233
f 233/193/232 234/194/233 235/195/234
f 235/195/234 234/194/233 236/196/235
f 235/195/234 236/196/235 237/197/236
f 238/198/237 239/199/238 240/200/239
f 240/200/239 239/199/238 241/201/240
f 240/200/239 241/201/240 242/202/241
f 242/202/241 241/201/240 243/203/242
f 243/203/242 241/201/240 244/204/243
f 243/203/242 244/204/243 245/205/244
f 243/203/242 245/205/244 246/206/245
f 243/203/242 246/206/245 247/207/246
f 243/203/242 247/207/246 248/208/247
f 249/209/248 250/210/249 206/166/205
f 206/166/205 250/210/249 204/164/203
f 204/164/203 251/211/250 203/163/202
f 204/164/203 250/210/249 251/211/250
f 208/168/207 252/212/251 207/167/206
f 207/167/206 253/213/252 205/165/204
f 207/167/206 252/212/251 253/213/252
f 205/165/204 254/214/253 206/166/205
f 205/165/204 253/213/252 254/214/253
f 206/166/205 254/214/253 255/215/254
f 206/166/205 255/215/254 249/209/248
f 220/180/219 256/216/255 219/179/218
f 219/179/218 257/217/256 212/172/211
f 219/179/218 256/216/255 257/217/256
f 212/172/211 258/218/257 211/171/210
f 212/172/211 257/217/256 258/218/257
f 211/171/210 258/218/257 259/219/258
f 211/171/210 259/219/258 210/170/209
f 210/170/209 260/220/259 209/169/208
f 210/170/209 259/219/258 260/220/259
f 208/168/207 261/221/260 252/212/251
f 209/169/208 260/220/259 261/221/260
f 209/169/208 261/221/260 208/168/207
f 262/222/261 263/223/262 224/184/263
f 224/184/223 225/185/224 264/224/264
f 263/223/265 264/224/264 265/225/266
f 266/226/267 225/185/224 226/186/225
f 266/226/267 226/186/225 198/158/197
f 264/224/264 225/185/224 266/226/267
f 199/159/198 200/160/199 267/227/268
f 268/228/269 269/229/270 267/227/268
f 267/227/268 200/160/199 201/161/200
f 267/227/268 269/229/270 270/230/271
f 267/227/268 270/230/271 199/159/198
f 199/159/198 271/231/272 197/157/196
f 199/159/198 270/230/271 271/231/272
f 197/157/196 271/231/272 198/158/197
f 198/158/197 271/231/272 272/232/273
f 198/158/197 272/232/273 266/226/267
f 266/226/267 272/232/273 273/233/274
f 266/226/267 274/234/275 264/224/264
f 266/226/267 273/233/274 274/234/275
f 274/234/275 273/233/274 275/235/276
f 275/235/276 273/233/274 276/236/277
f 271/231/272 276/236/277 272/232/273
f 272/232/273 276/236/277 273/233/274
f 275/235/276 276/236/277 277/237/278
f 270/230/271 278/238/279 271/231/272
f 269/229/270 278/238/279 270/230/271
f 277/237/278 278/238/279 269/229/270
f 277/237/278 276/236/277 278/238/279
f 271/231/272 278/238/279 276/236/277
f 267/227/268 201/161/200 279/239/280
f 279/239/280 201/161/200 202/162/201
f 279/239/280 202/162/201 280/240/281
f 224/184/223 281/241/282 223/183/222
f 223/183/222 281/241/282 282/242/283
f 281/241/282 283/243/284 282/242/283
f 284/244/285 285/245/286 286/246/287
f 251/211/250 287/247/288 203/163/202
f 203/163/202 288/248/289 202/162/201
f 287/247/288 289/249/290 288/248/289
f 203/163/202 287/247/288 288/248/289
f 290/250/291 220/180/219 221/181/220
f 256/216/255 220/180/219 290/250/291
f 223/183/222 282/242/283 291/251/292
f 223/183/222 292/252/293 222/182/221
f 291/251/292 292/252/293 223/183/222
f 222/182/221 292/252/293 293/253/294
f 222/182/221 293/253/294 221/181/220
f 250/210/249 294/254/295 251/211/250
f 294/254/295 287/247/288 251/211/250
f 287/247/288 294/254/295 295/255/296
f 295/255/296 289/249/290 287/247/288
f 259/219/258 296/256/297 260/220/259
f 259/219/258 297/257/298 296/256/297
f 254/214/253 298/258/299 255/215/254
f 299/259/300 254/214/253 253/213/252
f 298/258/299 254/214/253 299/259/300
f 299/259/300 253/213/252 300/260/301
f 300/260/301 253/213/252 252/212/251
f 301/261/302 252/212/251 261/221/260
f 301/261/302 261/221/260 260/220/259
f 300/260/301 252/212/251 301/261/302
f 301/261/302 260/220/259 302/262/303
f 292/252/293 291/251/292 303/263/304
f 292/252/293 304/264/305 293/253/294
f 303/263/304 304/264/305 292/252/293
f 303/263/304 305/265/306 304/264/305
f 305/265/306 306/266/307 304/264/305
f 304/264/305 306/266/307 307/267/308
f 304/264/305 307/267/308 293/253/294
f 290/250/291 221/181/220 308/268/309
f 293/253/294 307/267/308 308/268/309
f 308/268/309 221/181/220 293/253/294
f 308/268/309 309/269/310 290/250/291
f 290/250/291 310/270/311 256/216/255
f 290/250/291 309/269/310 310/270/311
f 256/216/255 311/271/312 257/217/256
f 256/216/255 310/270/311 311/271/312
f 257/217/256 311/271/312 312/272/313
f 257/217/256 312/272/313 258/218/257
f 258/218/257 312/272/313 313/273/314
f 258/218/257 313/273/314 259/219/258
f 259/219/258 313/273/314 297/257/298
f 314/274/315 315/275/316 316/276/317
f 317/277/318 244/204/243 241/201/240
f 317/277/318 241/201/240 239/199/238
f 317/277/318 239/199/238 318/278/319
f 315/275/320 317/277/318 318/278/319
f 317/277/318 319/279/321 320/280/322
f 320/280/322 244/204/243 317/277/318
f 321/281/323 322/282/324 315/275/325
f 323/283/326 322/282/324 321/281/323
f 324/284/327 325/285/328 321/281/329
f 326/286/330 325/285/328 324/284/327
f 327/287/331 305/265/306 303/263/304
f 328/288/332 329/289/333 330/290/334
f 330/290/334 329/289/333 331/291/335
f 330/290/334 331/291/335 332/292/336
f 332/292/336 331/291/335 333/293/337
f 332/292/336 333/293/337 334/294/338
f 334/294/338 333/293/337 335/295/339
f 334/294/338 335/295/339 336/296/340
f 336/296/340 335/295/339 337/297/341
f 336/296/340 337/297/341 338/298/342
f 338/298/342 339/299/343 327/287/344
f 338/298/342 337/297/341 339/299/343
f 327/287/344 339/299/343 340/300/345
f 341/301/346 342/302/347 330/290/334
f 341/301/346 330/290/334 332/292/336
f 343/303/348 342/302/347 341/301/346
f 244/204/243 341/301/346 245/205/244
f 341/301/346 332/292/336 344/304/349
f 344/304/349 332/292/336 334/294/338
f 344/304/349 334/294/338 345/305/350
f 345/305/350 334/294/338 336/296/340
f 345/305/350 336/296/340 346/306/351
f 346/306/351 336/296/340 338/298/342
f 284/244/285 347/307/352 285/245/286
f 346/306/351 338/298/342 347/307/352
f 348/308/353 308/268/309 307/267/308
f 348/308/353 307/267/308 306/266/307
f 309/269/310 308/268/309 348/308/353
f 349/309/354 305/265/306 339/299/343
f 349/309/354 306/266/307 305/265/306
f 348/308/353 306/266/307 349/309/354
f 349/309/354 339/299/343 350/310/355
f 350/310/355 339/299/343 337/297/341
f 350/310/355 337/297/341 351/311/356
f 351/311/356 337/297/341 335/295/339
f 352/312/357 335/295/339 333/293/337
f 351/311/356 335/295/339 352/312/357
f 352/312/357 333/293/337 353/313/358
f 353/313/358 333/293/337 331/291/335
f 354/314/359 331/291/335 323/283/360
f 353/313/358 331/291/335 354/314/359
f 354/314/359 323/283/360 355/315/361
f 356/316/362 348/308/353 349/309/354
f 357/317/363 349/309/354 350/310/355
f 356/316/362 349/309/354 357/317/363
f 357/317/363 350/310/355 358/318/364
f 358/318/364 350/310/355 351/311/356
f 358/318/364 351/311/356 359/319/365
f 359/319/365 351/311/356 352/312/357
f 353/313/358 359/319/365 352/312/357
f 360/320/366 361/321/367 362/322/368
f 362/322/368 361/321/367 363/323/369
f 364/324/370 365/325/371 366/326/372
f 366/326/372 365/325/371 367/327/373
f 368/328/374 369/329/375 364/324/370
f 370/330/376 369/329/375 368/328/374
f 371/331/377 326/286/330 324/284/327
f 372/332/378 326/286/330 371/331/377
f 373/333/379 374/334/380 375/335/381
f 376/336/382 374/334/380 373/333/379
f 377/337/383 374/334/380 376/336/382
f 376/336/382 373/333/379 378/338/384
f 379/339/385 380/340/386 378/338/384
f 378/338/384 381/341/387 376/336/382
f 378/338/384 380/340/386 381/341/387
f 376/336/382 382/342/388 377/337/383
f 376/336/382 381/341/387 382/342/388
f 377/337/383 382/342/388 383/343/389
f 378/338/384 384/344/390 379/339/385
f 379/339/385 384/344/390 385/345/391
f 379/339/385 386/346/392 380/340/386
f 380/340/386 386/346/392 298/258/299
f 379/339/385 385/345/391 386/346/392
f 255/215/254 298/258/299 386/346/392
f 387/347/393 378/338/384 373/333/379
f 384/344/390 378/338/384 387/347/393
f 388/348/394 373/333/379 375/335/381
f 387/347/393 373/333/379 388/348/394
f 388/348/394 375/335/381 389/349/395
f 389/349/395 375/335/381 390/350/396
f 389/349/395 390/350/396 391/351/397
f 391/351/397 390/350/396 392/352/398
f 391/351/397 392/352/398 393/353/399
f 393/353/399 392/352/398 394/354/400
f 393/353/399 394/354/400 395/355/401
f 395/355/401 394/354/400 396/356/402
f 395/355/401 396/356/402 397/357/403
f 397/357/403 396/356/402 398/358/404
f 397/357/403 398/358/404 399/359/405
f 399/359/405 398/358/404 400/360/406
f 399/359/405 400/360/406 361/321/367
f 361/321/367 400/360/406 363/323/369
f 401/361/407 384/344/390 387/347/393
f 401/361/407 387/347/393 402/362/408
f 402/362/408 387/347/393 388/348/394
f 402/362/408 388/348/394 389/349/395
f 402/362/408 389/349/395 403/363/409
f 403/363/409 389/349/395 391/351/397
f 403/363/409 391/351/397 404/364/410
f 404/364/410 391/351/397 393/353/399
f 405/365/411 393/353/399 395/355/401
f 404/364/410 393/353/399 405/365/411
f 406/366/412 395/355/401 397/357/403
f 405/365/411 395/355/401 406/366/412
f 406/366/412 397/357/403 407/367/413
f 407/367/413 397/357/403 399/359/405
f 408/368/414 399/359/405 361/321/367
f 408/368/414 361/321/367 360/320/366
f 407/367/413 399/359/405 408/368/414
f 408/368/414 360/320/366 409/369/415
f 410/370/416 402/362/408 403/363/409
f 401/361/407 402/362/408 410/370/416
f 411/371/417 403/363/409 404/364/410
f 410/370/416 403/363/409 411/371/417
f 412/372/418 404/364/410 405/365/411
f 411/371/417 404/364/410 412/372/418
f 412/372/418 405/365/411 413/373/419
f 413/373/419 405/365/411 406/366/412
f 413/373/419 406/366/412 414/374/420
f 414/374/420 406/366/412 407/367/413
f 414/374/420 407/367/413 415/375/421
f 415/375/421 407/367/413 408/368/414
f 416/376/422 384/344/390 401/361/407
f 385/345/391 384/344/390 416/376/422
f 416/376/422 401/361/407 417/377/423
f 417/377/423 401/361/407 410/370/416
f 418/378/424 410/370/416 411/371/417
f 417/377/423 410/370/416 418/378/424
f 419/379/425 411/371/417 412/372/418
f 418/378/424 411/371/417 419/379/425
f 420/380/426 412/372/418 413/373/419
f 419/379/425 412/372/418 420/380/426
f 420/380/426 413/373/419 421/381/427
f 421/381/427 413/373/419 414/374/420
f 421/381/427 414/374/420 422/382/428
f 422/382/428 414/374/420 415/375/421
f 422/382/428 415/375/421 423/383/429
f 424/384/430 415/375/421 408/368/414
f 423/383/429 415/375/421 424/384/430
f 424/384/430 408/368/414 409/369/415
f 355/315/361 425/385/431 354/314/359
f 354/314/359 426/386/432 353/313/358
f 354/314/359 425/385/431 426/386/432
f 353/313/358 426/386/432 359/319/365
f 427/387/433 310/270/311 309/269/310
f 428/388/434 309/269/310 348/308/353
f 427/387/433 309/269/310 428/388/434
f 427/387/433 428/388/434 429/389/435
f 430/390/436 431/391/437 432/392/438
f 432/392/438 431/391/437 433/393/439
f 432/392/438 433/393/439 434/394/440
f 435/395/441 433/393/439 429/389/435
f 434/394/440 433/393/439 435/395/441
f 436/396/442 429/389/435 428/388/434
f 435/395/441 429/389/435 436/396/442
f 437/397/443 348/308/353 356/316/362
f 428/388/434 348/308/353 437/397/443
f 436/396/442 428/388/434 437/397/443
f 438/398/444 312/272/313 311/271/312
f 439/399/445 311/271/312 310/270/311
f 439/399/445 310/270/311 427/387/433
f 438/398/444 311/271/312 439/399/445
f 438/398/444 439/399/445 440/400/446
f 427/387/433 441/401/447 439/399/445
f 433/393/439 441/401/447 429/389/435
f 440/400/446 439/399/445 441/401/447
f 429/389/435 441/401/447 427/387/433
f 431/391/437 441/401/447 433/393/439
f 440/400/446 441/401/447 442/402/448
f 442/402/448 441/401/447 443/403/449
f 443/403/449 441/401/447 431/391/437
f 431/391/437 444/404/450 443/403/449
f 431/391/437 430/390/436 444/404/450
f 443/403/449 444/404/450 445/405/451
f 443/403/449 445/405/451 442/402/448
f 442/402/448 445/405/451 446/406/452
f 446/406/452 445/405/451 447/407/453
f 446/406/452 447/407/453 448/408/454
f 446/406/452 448/408/454 449/409/455
f 449/409/455 448/408/454 450/410/456
f 449/409/455 450/410/456 451/411/457
f 451/411/457 450/410/456 452/412/458
f 452/412/458 450/410/456 453/413/459
f 452/412/458 453/413/459 454/414/460
f 452/412/458 454/414/460 455/415/461
f 455/415/461 454/414/460 456/416/462
f 455/415/461 456/416/462 457/417/463
f 457/417/463 456/416/462 458/418/464
f 457/417/463 458/418/464 459/419/465
f 460/420/466 296/256/297 297/257/298
f 460/420/466 297/257/298 461/421/467
f 461/421/467 297/257/298 313/273/314
f 457/417/463 459/419/465 462/422/468
f 460/420/466 461/421/467 462/422/468
f 462/422/468 463/423/469 457/417/463
f 457/417/463 463/423/469 455/415/461
f 462/422/468 461/421/467 463/423/469
f 455/415/461 464/424/470 452/412/458
f 452/412/458 464/424/470 451/411/457
f 461/421/467 464/424/470 463/423/469
f 455/415/461 463/423/469 464/424/470
f 451/411/457 464/424/470 465/425/471
f 465/425/471 464/424/470 461/421/467
f 462/422/468 459/419/465 466/426/472
f 462/422/468 466/426/472 467/427/473
f 460/420/466 467/427/473 296/256/297
f 462/422/468 467/427/473 460/420/466
f 465/425/471 468/428/474 438/398/444
f 468/428/474 312/272/313 438/398/444
f 461/421/467 313/273/314 468/428/474
f 468/428/474 313/273/314 312/272/313
f 461/421/467 468/428/474 465/425/471
f 451/411/457 469/429/475 449/409/455
f 465/425/471 438/398/444 469/429/475
f 465/425/471 469/429/475 451/411/457
f 442/402/448 470/430/476 440/400/446
f 438/398/444 470/430/476 469/429/475
f 449/409/455 469/429/475 470/430/476
f 449/409/455 470/430/476 446/406/452
f 446/406/452 470/430/476 442/402/448
f 440/400/446 470/430/476 438/398/444
f 471/431/477 472/432/478 473/433/479
f 473/433/479 472/432/478 474/434/480
f 475/435/481 476/436/482 477/437/483
f 478/438/484 472/432/478 477/437/483
f 478/438/484 474/434/480 472/432/478
f 477/437/483 476/436/482 478/438/484
f 478/438/484 476/436/482 479/439/485
f 478/438/484 479/439/485 480/440/486
f 478/438/484 480/440/486 474/434/480
f 477/437/483 472/432/478 481/441/487
f 481/441/487 472/432/478 471/431/477
f 481/441/487 471/431/477 482/442/488
f 381/341/387 483/443/489 382/342/388
f 482/442/488 483/443/489 380/340/386
f 482/442/488 471/431/477 483/443/489
f 380/340/386 483/443/489 381/341/387
f 471/431/477 484/444/490 483/443/489
f 382/342/388 484/444/490 383/343/389
f 473/433/479 484/444/490 471/431/477
f 382/342/388 483/443/489 484/444/490
f 485/445/491 484/444/490 473/433/479
f 383/343/389 484/444/490 485/445/491
f 486/446/492 300/260/301 301/261/302
f 487/447/493 481/441/487 482/442/488
f 487/447/493 475/435/481 477/437/483
f 486/446/492 475/435/481 487/447/493
f 487/447/493 477/437/483 481/441/487
f 487/447/493 299/259/300 300/260/301
f 487/447/493 300/260/301 486/446/492
f 488/448/494 299/259/300 487/447/493
f 488/448/494 298/258/299 299/259/300
f 487/447/493 482/442/488 488/448/494
f 488/448/494 482/442/488 380/340/386
f 488/448/494 380/340/386 298/258/299
f 489/449/495 479/439/485 490/450/496
f 490/450/496 479/439/485 476/436/482
f 491/451/497 475/435/481 486/446/492
f 490/450/496 476/436/482 491/451/497
f 491/451/497 476/436/482 475/435/481
f 491/451/497 486/446/492 492/452/498
f 492/452/498 486/446/492 301/261/302
f 492/452/498 301/261/302 302/262/303
f 493/453/499 494/454/500 495/455/501
f 494/454/500 496/456/502 497/457/503
f 498/458/504 493/453/505 499/459/506
f 500/460/507 493/453/499 495/455/501
f 501/461/508 502/462/509 500/460/507
f 500/460/507 502/462/509 493/453/499
f 498/458/504 502/462/509 503/463/510
f 503/463/510 502/462/509 501/461/508
f 503/463/510 501/461/508 504/464/511
f 505/465/512 501/461/508 500/460/507
f 504/464/511 501/461/508 505/465/512
f 505/465/512 500/460/507 506/466/513
f 506/466/513 500/460/507 507/467/514
f 507/467/514 500/460/507 508/468/515
f 507/467/514 508/468/515 509/469/516
f 507/467/514 509/469/516 510/470/517
f 511/471/518 512/472/519 513/473/520
f 514/474/521 515/475/522 513/473/523
f 516/476/524 517/477/525 518/478/526
f 518/478/526 517/477/525 519/479/527
f 518/478/526 519/479/527 520/480/528
f 518/478/526 520/480/528 521/481/529
f 521/481/529 520/480/528 522/482/530
f 513/473/523 523/483/531 520/480/528
f 515/475/522 523/483/531 513/473/523
f 522/482/530 520/480/528 523/483/531
f 524/484/532 523/483/531 515/475/522
f 522/482/530 523/483/531 524/484/532
f 525/485/533 526/486/534 513/473/535
f 527/487/536 526/486/534 525/485/533
f 526/486/534 527/487/536 528/488/537
f 370/330/376 529/489/538 369/329/375
f 530/490/539 529/489/538 531/491/540
f 370/330/376 532/492/541 529/489/538
f 531/491/540 529/489/538 532/492/541
f 533/493/542 532/492/541 370/330/376
f 369/329/375 529/489/538 534/494/543
f 534/494/543 529/489/538 535/495/544
f 530/490/539 535/495/544 529/489/538
f 534/494/543 535/495/544 536/496/545
f 536/496/545 274/234/275 275/235/276
f 536/496/545 275/235/276 534/494/543
f 536/496/545 535/495/544 537/497/546
f 530/490/539 538/498/547 535/495/544
f 537/497/546 535/495/544 538/498/547
f 531/491/540 538/498/547 530/490/539
f 537/497/546 538/498/547 539/499/548
f 537/497/546 539/499/548 540/500/549
f 540/500/549 539/499/548 541/501/550
f 541/501/550 539/499/548 542/502/551
f 543/503/552 539/499/548 538/498/547
f 542/502/551 539/499/548 543/503/552
f 543/503/552 538/498/547 531/491/540
f 533/493/542 544/504/553 532/492/541
f 533/493/542 545/505/554 544/504/553
f 532/492/541 544/504/553 546/506/555
f 532/492/541 546/506/555 531/491/540
f 531/491/540 547/507/556 543/503/552
f 531/491/540 546/506/555 547/507/556
f 543/503/552 547/507/556 548/508/557
f 543/503/552 548/508/557 542/502/551
f 542/502/551 548/508/557 549/509/558
f 542/502/551 549/509/558 541/501/550
f 541/501/550 549/509/558 550/510/559
f 371/331/560 551/511/561 552/512/562
f 552/512/562 551/511/561 553/513/563
f 553/513/563 551/511/561 554/514/564
f 553/513/563 554/514/564 555/515/565
f 556/516/566 557/517/567 558/518/568
f 558/518/568 557/517/567 559/519/569
f 558/518/568 559/519/569 560/520/570
f 560/520/570 559/519/569 561/521/571
f 562/522/572 558/518/568 563/523/573
f 563/523/573 558/518/568 564/524/574
f 564/524/574 558/518/568 560/520/570
f 564/524/574 560/520/570 565/525/575
f 564/524/574 565/525/575 566/526/576
f 564/524/574 566/526/576 567/527/577
f 567/527/577 566/526/576 568/528/578
f 567/527/577 568/528/578 569/529/579
f 435/395/441 570/530/580 434/394/440
f 569/529/579 568/528/578 570/530/580
f 436/396/442 571/531/581 435/395/441
f 569/529/579 570/530/580 571/531/581
f 435/395/441 571/531/581 570/530/580
f 436/396/442 572/532/582 571/531/581
f 437/397/443 572/532/582 436/396/442
f 569/529/579 571/531/581 572/532/582
f 569/529/579 572/532/582 573/533/583
f 564/524/574 574/534/584 563/523/573
f 569/529/579 574/534/584 567/527/577
f 567/527/577 574/534/584 564/524/574
f 569/529/579 573/533/583 574/534/584
f 575/535/585 426/386/432 425/385/431
f 575/535/585 562/522/572 576/536/586
f 576/536/586 426/386/432 575/535/585
f 576/536/586 562/522/572 563/523/573
f 577/537/587 426/386/432 576/536/586
f 577/537/587 359/319/365 426/386/432
f 577/537/587 358/318/364 359/319/365
f 576/536/586 563/523/573 577/537/587
f 577/537/587 563/523/573 574/534/584
f 578/538/588 574/534/584 573/533/583
f 578/538/588 358/318/364 577/537/587
f 577/537/587 574/534/584 578/538/588
f 578/538/588 357/317/363 358/318/364
f 579/539/589 357/317/363 578/538/588
f 578/538/588 573/533/583 579/539/589
f 579/539/589 573/533/583 572/532/582
f 579/539/589 572/532/582 437/397/443
f 437/397/443 356/316/362 579/539/589
f 579/539/589 356/316/362 357/317/363
f 580/540/590 581/541/591 582/542/592
f 582/542/592 581/541/591 583/543/593
f 584/544/594 367/327/373 365/325/371
f 582/542/592 583/543/593 584/544/594
f 585/545/595 367/327/373 584/544/594
f 586/546/596 367/327/373 585/545/595
f 584/544/594 587/547/597 582/542/592
f 584/544/594 365/325/371 587/547/597
f 582/542/592 587/547/597 588/548/598
f 582/542/592 588/548/598 589/549/599
f 582/542/592 589/549/599 580/540/590
f 580/540/590 589/549/599 590/550/600
f 580/540/590 590/550/600 591/551/601
f 580/540/590 591/551/601 592/552/602
f 580/540/590 592/552/602 593/553/603
f 580/540/590 593/553/603 581/541/591
f 581/541/591 593/553/603 594/554/604
f 581/541/591 594/554/604 583/543/593
f 583/543/593 594/554/604 584/544/594
f 584/544/594 594/554/604 585/545/595
f 595/555/605 586/546/596 585/545/595
f 596/556/606 586/546/596 595/555/605
f 597/557/607 585/545/595 594/554/604
f 595/555/605 585/545/595 597/557/607
f 597/557/607 594/554/604 598/558/608
f 598/558/608 594/554/604 593/553/603
f 598/558/608 593/553/603 599/559/609
f 599/559/609 593/553/603 592/552/602
f 600/560/610 592/552/602 591/551/601
f 599/559/609 592/552/602 600/560/610
f 600/560/610 591/551/601 601/561/611
f 602/562/612 295/255/613 603/563/614
f 604/564/615 605/565/616 606/566/617
f 607/567/618 603/563/614 295/255/613
f 606/566/617 605/565/616 607/567/618
f 607/567/618 605/565/616 608/568/619
f 607/567/618 609/569/620 603/563/614
f 607/567/618 608/568/619 609/569/620
f 264/224/264 610/570/621 265/225/266
f 536/496/545 610/570/621 274/234/275
f 264/224/264 274/234/275 610/570/621
f 611/571/622 268/228/269 267/227/268
f 611/571/622 267/227/268 279/239/280
f 612/572/623 588/548/598 611/571/622
f 612/572/623 611/571/622 613/573/624
f 613/573/624 611/571/622 279/239/280
f 613/573/624 279/239/280 614/574/625
f 611/571/622 588/548/598 615/575/626
f 615/575/626 588/548/598 587/547/597
f 615/575/626 269/229/270 268/228/269
f 277/237/278 269/229/270 615/575/626
f 615/575/626 268/228/269 611/571/622
f 616/576/627 617/577/628 618/578/629
f 619/579/630 616/576/631 620/580/632
f 224/184/223 621/581/633 281/241/282
f 622/582/634 621/581/633 224/184/223
f 623/583/635 282/242/283 616/576/636
f 303/263/304 291/251/292 623/583/635
f 303/263/304 623/583/635 327/287/331
f 291/251/292 282/242/283 623/583/635
f 327/287/331 623/583/635 624/584/637
f 624/584/637 616/576/636 285/245/638
f 623/583/635 616/576/636 624/584/637
f 285/245/286 347/307/352 625/585/639
f 625/585/639 338/298/342 327/287/344
f 625/585/639 347/307/352 338/298/342
f 626/586/640 281/241/641 627/587/642
f 627/587/642 281/241/641 628/588/643
f 629/589/644 630/576/645 631/590/646
f 632/591/647 263/223/265 265/225/266
f 621/581/648 263/223/265 632/591/647
f 633/592/649 228/188/227 227/187/226
f 228/188/227 634/593/650 230/190/229
f 230/190/229 634/593/650 635/594/651
f 230/190/229 635/594/651 636/595/652
f 230/190/229 636/595/652 231/191/230
f 231/191/230 637/596/653 232/192/231
f 231/191/230 636/595/652 637/596/653
f 232/192/231 637/596/653 638/597/654
f 232/192/231 638/597/654 234/194/233
f 234/194/233 638/597/654 639/598/655
f 234/194/233 639/598/655 236/196/235
f 236/196/235 639/598/655 640/599/656
f 236/196/235 640/599/656 641/600/657
f 236/196/235 641/600/657 237/197/236
f 635/594/651 634/593/650 642/601/658
f 635/594/651 643/602/659 636/595/652
f 642/601/658 643/602/659 635/594/651
f 644/603/660 289/249/661 645/604/662
f 645/604/662 289/249/661 603/563/614
f 645/604/662 603/563/614 646/605/663
f 646/605/663 603/563/614 609/569/620
f 646/605/663 609/569/620 647/606/664
f 648/607/665 609/569/620 608/568/619
f 647/606/664 609/569/620 648/607/665
f 648/607/665 608/568/619 649/608/666
f 648/607/665 649/608/666 650/609/667
f 651/610/668 643/602/659 642/601/658
f 650/609/667 649/608/666 651/610/668
f 651/610/668 649/608/666 652/611/669
f 651/610/668 653/612/670 643/602/659
f 651/610/668 652/611/669 653/612/670
f 651/610/668 654/613/671 650/609/667
f 650/609/667 654/613/671 648/607/665
f 648/607/665 654/613/671 647/606/664
f 651/610/668 642/601/658 654/613/671
f 655/614/672 288/248/289 289/249/290
f 656/615/673 657/616/674 280/240/675
f 655/614/676 657/616/674 656/615/673
f 656/615/673 280/240/675 658/617/677
f 618/578/678 659/618/679 660/619/680
f 661/620/681 284/244/682 618/578/683
f 662/621/684 661/620/685 663/622/686
f 247/207/246 246/206/245 664/623/687
f 664/623/687 246/206/245 665/624/688
f 665/624/688 246/206/245 666/625/689
f 665/624/688 666/625/689 667/626/690
f 667/626/690 664/623/687 665/624/688
f 344/304/349 668/627/691 666/625/689
f 346/306/351 668/627/691 345/305/350
f 345/305/350 668/627/691 344/304/349
f 667/626/690 666/625/689 668/627/691
f 667/626/690 668/627/691 669/628/692
f 346/306/351 670/629/693 668/627/691
f 669/628/692 668/627/691 670/629/693
f 346/306/351 671/630/694 670/629/693
f 669/628/692 670/629/693 671/630/694
f 663/622/695 671/630/694 284/244/285
f 284/244/285 671/630/694 347/307/352
f 347/307/352 671/630/694 346/306/351
f 669/628/692 671/630/694 663/622/695
f 666/625/689 672/631/696 344/304/349
f 344/304/349 672/631/696 341/301/346
f 246/206/245 672/631/696 666/625/689
f 245/205/244 341/301/346 672/631/696
f 245/205/244 672/631/696 246/206/245
f 673/632/697 244/204/243 320/280/322
f 318/278/319 239/199/238 674/633/698
f 674/633/698 239/199/238 238/198/237
f 674/633/698 238/198/237 675/634/699
f 676/635/700 677/636/701 678/637/702
f 537/497/546 679/638/703 536/496/545
f 536/496/545 679/638/703 610/570/621
f 265/225/266 679/638/703 632/591/647
f 610/570/621 679/638/703 265/225/266
f 537/497/546 680/639/704 679/638/703
f 540/500/549 680/639/704 537/497/546
f 632/591/647 679/638/703 680/639/704
f 541/501/550 681/640/705 540/500/549
f 540/500/549 681/640/705 680/639/704
f 550/510/559 681/640/705 541/501/550
f 632/591/647 681/640/705 621/581/648
f 632/591/647 680/639/704 681/640/705
f 621/581/648 681/640/705 682/641/706
f 682/641/706 681/640/705 550/510/559
f 621/581/648 682/641/706 683/642/707
f 683/642/707 682/641/706 684/643/708
f 683/642/707 685/644/709 678/637/710
f 683/642/707 684/643/708 685/644/709
f 686/645/711 637/596/653 687/646/712
f 687/646/712 637/596/653 636/595/652
f 614/574/625 688/647/713 613/573/624
f 689/648/714 688/647/713 614/574/625
f 690/649/715 534/494/543 275/235/276
f 690/649/715 277/237/278 615/575/626
f 615/575/626 587/547/597 690/649/715
f 690/649/715 275/235/276 277/237/278
f 690/649/715 587/547/597 691/650/716
f 691/650/716 369/329/375 534/494/543
f 691/650/716 365/325/371 364/324/370
f 587/547/597 365/325/371 691/650/716
f 690/649/715 691/650/716 534/494/543
f 691/650/716 364/324/370 369/329/375
f 692/651/717 693/652/718 694/653/719
f 692/651/717 421/381/427 695/654/720
f 693/652/718 692/651/717 695/654/720
f 695/654/720 421/381/427 422/382/428
f 604/564/615 696/655/721 605/565/616
f 605/565/616 696/655/721 697/656/722
f 605/565/616 697/656/722 698/657/723
f 698/657/723 608/568/619 605/565/616
f 698/657/723 697/656/722 699/658/724
f 698/657/723 699/658/724 700/659/725
f 700/659/725 699/658/724 701/660/726
f 700/659/725 701/660/726 702/661/727
f 417/377/423 703/662/728 701/660/726
f 418/378/424 703/662/728 417/377/423
f 702/661/727 701/660/726 703/662/728
f 702/661/727 703/662/728 704/663/729
f 418/378/424 705/664/730 703/662/728
f 419/379/425 705/664/730 418/378/424
f 704/663/729 703/662/728 705/664/730
f 704/663/729 705/664/730 706/665/731
f 421/381/427 707/666/732 420/380/426
f 420/380/426 707/666/732 419/379/425
f 419/379/425 707/666/732 705/664/730
f 692/651/717 707/666/732 421/381/427
f 694/653/719 707/666/732 692/651/717
f 706/665/731 707/666/732 694/653/719
f 706/665/731 705/664/730 707/666/732
f 708/667/733 638/597/654 637/596/653
f 694/653/719 708/667/733 706/665/731
f 708/667/733 637/596/653 686/645/711
f 706/665/731 709/668/734 704/663/729
f 708/667/733 686/645/711 709/668/734
f 652/611/669 709/668/734 653/612/670
f 706/665/731 708/667/733 709/668/734
f 649/608/666 710/669/735 652/611/669
f 652/611/669 710/669/735 709/668/734
f 704/663/729 709/668/734 710/669/735
f 704/663/729 710/669/735 702/661/727
f 698/657/723 711/670/736 608/568/619
f 702/661/727 711/670/736 700/659/725
f 700/659/725 711/670/736 698/657/723
f 649/608/666 711/670/736 710/669/735
f 608/568/619 711/670/736 649/608/666
f 702/661/727 710/669/735 711/670/736
f 712/671/737 694/653/719 693/652/718
f 713/672/738 694/653/719 712/671/737
f 712/671/737 639/598/655 638/597/654
f 712/671/737 638/597/654 708/667/733
f 712/671/737 693/652/718 714/673/739
f 712/671/737 714/673/739 639/598/655
f 640/599/656 639/598/655 715/674/740
f 715/674/740 639/598/655 714/673/739
f 715/674/740 714/673/739 716/675/741
f 717/675/742 693/652/743 718/676/741
f 719/677/744 720/678/745 695/654/720
f 695/654/720 720/678/745 693/652/718
f 684/643/708 721/679/746 685/644/709
f 661/620/747 659/618/748 721/679/749
f 722/680/750 721/679/746 684/643/708
f 723/681/751 515/475/752 722/680/750
f 722/680/750 724/682/753 721/679/746
f 722/680/750 515/475/752 724/682/753
f 725/683/754 726/684/755 724/682/756
f 727/685/757 726/684/755 725/683/754
f 725/683/758 728/686/759 729/687/760
f 729/687/760 728/686/759 730/688/761
f 731/689/762 669/628/692 663/622/695
f 725/683/763 514/474/764 731/689/762
f 731/689/762 732/690/765 725/683/763
f 725/683/763 732/690/765 733/691/766
f 642/601/658 734/692/767 654/613/671
f 642/601/658 735/693/768 734/692/767
f 642/601/658 634/593/650 735/693/768
f 736/694/769 734/692/767 735/693/768
f 654/613/671 737/695/770 647/606/664
f 654/613/671 734/692/767 737/695/770
f 496/456/502 738/696/771 497/457/503
f 737/695/770 738/696/771 498/458/504
f 734/692/767 738/696/771 737/695/770
f 498/458/504 738/696/771 493/453/505
f 734/692/767 739/697/772 738/696/771
f 497/457/503 738/696/771 739/697/772
f 736/694/769 739/697/772 734/692/767
f 740/698/773 739/697/772 736/694/769
f 497/457/503 739/697/772 740/698/773
f 740/698/773 736/694/769 741/699/774
f 741/699/774 634/593/650 228/188/227
f 741/699/774 228/188/227 633/592/649
f 741/699/774 736/694/769 735/693/768
f 741/699/774 735/693/768 634/593/650
f 497/457/503 742/700/775 494/454/500
f 741/699/774 742/700/775 740/698/773
f 740/698/773 742/700/775 497/457/503
f 741/699/774 633/592/649 742/700/775
f 494/454/500 742/700/775 743/701/776
f 744/702/777 745/703/778 743/701/776
f 509/469/516 508/468/515 745/703/778
f 743/701/776 746/704/779 494/454/500
f 494/454/500 746/704/779 495/455/501
f 743/701/776 745/703/778 746/704/779
f 746/704/779 500/460/507 495/455/501
f 745/703/778 508/468/515 746/704/779
f 746/704/779 508/468/515 500/460/507
f 747/705/780 498/458/504 503/463/510
f 737/695/770 498/458/504 747/705/780
f 747/705/780 646/605/663 647/606/664
f 747/705/780 503/463/510 748/706/781
f 747/705/780 748/706/781 749/707/782
f 747/705/780 749/707/782 646/605/663
f 747/705/780 647/606/664 750/708/783
f 645/604/662 751/709/784 644/603/660
f 646/605/663 752/710/785 645/604/662
f 645/604/662 752/710/785 751/709/784
f 753/711/786 752/710/785 748/706/781
f 753/711/786 748/706/781 503/463/510
f 751/709/784 752/710/785 753/711/786
f 753/711/786 503/463/510 754/712/787
f 644/603/660 755/713/788 689/648/714
f 644/603/660 751/709/784 755/713/788
f 756/714/789 591/551/601 590/550/600
f 689/648/714 755/713/788 756/714/789
f 756/714/789 755/713/788 601/561/611
f 756/714/789 601/561/611 591/551/601
f 756/714/789 688/647/713 689/648/714
f 757/715/790 688/647/713 756/714/789
f 756/714/789 590/550/600 757/715/790
f 757/715/790 590/550/600 589/549/599
f 612/572/623 613/573/624 758/716/791
f 757/715/790 589/549/599 758/716/791
f 758/716/791 589/549/599 588/548/598
f 758/716/791 613/573/624 688/647/713
f 758/716/791 688/647/713 757/715/790
f 758/716/791 588/548/598 612/572/623
f 517/477/525 759/717/792 519/479/527
f 519/479/527 759/717/792 760/718/793
f 519/479/527 760/718/793 520/480/528
f 761/719/794 760/718/793 527/487/536
f 762/720/795 760/718/793 759/717/792
f 527/487/536 760/718/793 762/720/795
f 762/720/795 759/717/792 763/721/796
f 764/722/797 526/486/534 528/488/537
f 765/723/798 526/486/534 764/722/797
f 731/689/762 514/474/764 764/722/797
f 764/722/797 528/488/537 766/724/799
f 766/724/799 528/488/537 767/725/800
f 767/725/800 528/488/537 768/726/801
f 768/726/801 528/488/537 527/487/536
f 768/726/801 527/487/536 762/720/795
f 769/727/802 669/628/692 731/689/762
f 731/689/762 764/722/797 769/727/802
f 769/727/802 764/722/797 766/724/799
f 770/728/803 766/724/799 767/725/800
f 769/727/802 766/724/799 770/728/803
f 771/729/804 767/725/800 768/726/801
f 770/728/803 767/725/800 771/729/804
f 247/207/246 664/623/687 771/729/804
f 247/207/246 772/730/805 248/208/247
f 771/729/804 772/730/805 247/207/246
f 771/729/804 768/726/801 772/730/805
f 669/628/692 773/731/806 667/626/690
f 770/728/803 773/731/806 769/727/802
f 771/729/804 773/731/806 770/728/803
f 771/729/804 664/623/687 773/731/806
f 667/626/690 773/731/806 664/623/687
f 769/727/802 773/731/806 669/628/692
f 545/505/554 533/493/542 774/732/807
f 370/330/376 775/733/808 533/493/542
f 774/732/807 533/493/542 775/733/808
f 368/328/374 775/733/808 370/330/376
f 774/732/807 775/733/808 776/734/809
f 776/734/809 775/733/808 368/328/374
f 596/556/606 777/735/810 586/546/596
f 367/327/373 778/736/811 366/326/372
f 586/546/596 777/735/810 778/736/811
f 586/546/596 778/736/811 367/327/373
f 779/737/812 778/736/811 777/735/810
f 366/326/372 778/736/811 779/737/812
f 701/660/813 780/738/814 781/739/815
f 781/739/815 780/738/814 782/740/816
f 696/655/721 782/740/817 697/656/722
f 697/656/722 782/740/817 699/658/724
f 417/377/423 701/660/726 783/741/818
f 417/377/423 783/741/818 416/376/422
f 695/654/720 422/382/428 784/742/819
f 784/742/819 422/382/428 423/383/429
f 255/215/254 386/346/392 785/743/820
f 785/743/820 386/346/392 385/345/391
f 249/209/248 255/215/254 785/743/820
f 785/743/820 385/345/391 786/744/821
f 786/744/821 385/345/391 416/376/422
f 787/745/822 785/743/820 786/744/821
f 249/209/248 785/743/820 787/745/822
f 787/745/822 788/746/823 249/209/248
f 249/209/248 788/746/823 250/210/249
f 250/210/249 788/746/823 294/254/295
f 789/747/824 302/262/303 260/220/259
f 790/748/825 791/749/826 792/750/827
f 793/751/828 794/752/829 795/753/830
f 795/753/830 794/752/829 796/754/831
f 795/753/830 796/754/831 797/755/832
f 797/755/832 796/754/831 798/756/833
f 799/749/834 796/754/831 790/748/835
f 798/756/833 796/754/831 799/749/834
f 800/757/836 796/754/831 794/752/829
f 790/748/835 796/754/831 800/757/836
f 800/757/836 794/752/829 801/758/837
f 800/757/836 801/758/837 802/759/838
f 802/759/838 801/758/837 803/760/839
f 802/759/838 803/760/839 804/761/840
f 802/759/838 804/761/840 805/762/841
f 802/759/838 805/762/841 800/757/836
f 806/763/842 807/764/843 793/751/828
f 806/763/842 808/765/844 807/764/843
f 793/751/828 807/764/843 809/766/845
f 793/751/828 809/766/845 794/752/829
f 794/752/829 810/767/846 801/758/837
f 794/752/829 809/766/845 810/767/846
f 801/758/837 810/767/846 811/768/847
f 801/758/837 811/768/847 803/760/839
f 803/760/839 812/769/848 804/761/840
f 803/760/839 811/768/847 812/769/848
f 804/761/840 812/769/848 813/770/849
f 804/761/840 813/770/849 805/762/841
f 805/762/841 813/770/849 814/771/850
f 805/762/841 815/772/851 800/757/836
f 805/762/841 814/771/850 815/772/851
f 800/757/836 815/772/851 816/773/852
f 800/757/836 816/773/852 790/748/835
f 790/748/835 816/773/852 817/750/853
f 809/766/845 807/764/843 818/774/854
f 809/766/845 818/774/854 810/767/846
f 810/767/846 818/774/854 819/775/855
f 810/767/846 819/775/855 811/768/847
f 819/775/855 818/774/854 820/776/856
f 811/768/847 819/775/855 821/777/857
f 819/775/855 820/776/856 821/777/857
f 821/777/857 820/776/856 822/778/858
f 821/777/857 822/778/858 823/779/859
f 811/768/847 824/780/860 812/769/848
f 811/768/847 821/777/857 824/780/860
f 821/777/857 823/779/859 824/780/860
f 824/780/860 825/781/861 812/769/848
f 812/769/848 825/781/861 813/770/849
f 824/780/860 823/779/859 825/781/861
f 814/771/850 826/782/862 815/772/851
f 815/772/851 826/782/862 827/783/863
f 815/772/851 827/783/863 816/773/852
f 823/779/859 828/784/864 825/781/861
f 829/785/865 828/784/864 823/779/859
f 822/778/858 830/786/866 823/779/859
f 823/779/859 830/786/866 831/787/867
f 823/779/859 832/788/868 829/785/865
f 823/779/859 831/787/867 832/788/868
f 833/785/869 834/789/870 835/788/871
f 836/790/872 817/750/873 837/791/874
f 838/792/875 839/793/876 827/783/877
f 840/794/878 841/790/879 839/793/880
f 839/793/880 841/790/879 817/750/881
f 842/795/882 843/796/883 844/797/884
f 844/797/884 843/796/883 845/798/885
f 844/797/884 845/798/885 846/799/886
f 846/799/886 847/800/887 806/763/842
f 846/799/886 845/798/885 847/800/887
f 806/763/842 847/800/887 848/801/888
f 806/763/842 848/801/888 808/765/844
f 808/765/844 848/801/888 849/802/889
f 808/765/844 849/802/889 850/803/890
f 850/803/890 849/802/889 851/804/891
f 849/802/889 848/801/888 851/804/891
f 850/803/890 851/804/891 852/805/892
f 852/805/892 851/804/891 853/806/893
f 851/804/891 848/801/888 854/807/894
f 853/806/893 851/804/891 854/807/894
f 853/806/893 854/807/894 855/808/895
f 855/808/895 854/807/894 856/809/896
f 855/808/895 856/809/896 857/810/897
f 857/810/897 853/806/893 855/808/895
f 857/810/897 856/809/896 858/811/898
f 859/812/899 853/806/893 857/810/897
f 857/810/897 858/811/898 859/812/899
f 859/812/899 858/811/898 860/813/900
f 861/814/901 845/798/885 843/796/883
f 854/807/894 848/801/888 861/814/901
f 848/801/888 847/800/887 861/814/901
f 861/814/901 847/800/887 845/798/885
f 856/809/896 854/807/894 862/815/902
f 854/807/894 861/814/901 862/815/902
f 861/814/901 843/796/883 863/816/903
f 862/815/902 861/814/901 863/816/903
f 862/815/902 863/816/903 856/809/896
f 856/809/896 863/816/903 864/817/904
f 863/816/903 843/796/883 864/817/904
f 856/809/896 864/817/904 858/811/898
f 865/818/905 846/799/886 806/763/842
f 866/819/906 867/820/907 865/818/908
f 865/818/908 867/820/907 868/821/909
f 869/822/910 795/753/911 870/823/912
f 870/823/912 795/753/911 871/824/913
f 872/825/914 873/826/915 874/827/916
f 875/828/917 876/829/918 873/826/915
f 873/826/915 876/829/918 877/830/919
f 873/826/915 877/830/919 874/827/916
f 874/827/916 878/831/920 872/825/914
f 874/827/916 877/830/919 878/831/920
f 872/825/914 878/831/920 879/832/921
f 872/825/914 879/832/921 880/833/922
f 880/833/922 879/832/921 881/834/923
f 880/833/922 881/834/923 882/835/924
f 882/835/924 881/834/923 883/836/925
f 882/835/924 883/836/925 884/837/926
f 884/837/926 883/836/925 885/838/927
f 884/837/926 885/838/927 886/839/928
f 886/839/928 885/838/927 887/840/929
f 886/839/928 887/840/929 888/841/930
f 888/841/930 887/840/929 889/842/931
f 888/841/930 889/842/931 890/843/932
f 890/843/932 889/842/931 891/844/933
f 877/830/919 892/845/934 878/831/920
f 878/831/920 892/845/934 893/846/935
f 878/831/920 893/846/935 879/832/921
f 879/832/921 893/846/935 894/847/936
f 879/832/921 894/847/936 881/834/923
f 881/834/923 895/848/937 883/836/925
f 881/834/923 894/847/936 895/848/937
f 883/836/925 895/848/937 896/849/938
f 883/836/925 896/849/938 885/838/927
f 885/838/927 897/850/939 887/840/929
f 885/838/927 896/849/938 897/850/939
f 897/850/939 896/849/938 898/851/940
f 898/851/940 896/849/938 899/852/941
f 895/848/937 899/852/941 896/849/938
f 898/851/940 899/852/941 900/853/942
f 895/848/937 901/854/943 899/852/941
f 900/853/942 899/852/941 901/854/943
f 894/847/936 901/854/943 895/848/937
f 902/855/944 894/847/936 893/846/935
f 902/855/944 901/854/943 894/847/936
f 900/853/942 901/854/943 902/855/944
f 902/855/944 893/846/935 892/845/934
f 902/855/944 892/845/934 903/856/945
f 902/855/944 903/856/945 904/857/946
f 902/855/944 904/857/946 905/858/947
f 902/855/944 905/858/947 900/853/942
f 876/829/918 906/859/948 877/830/919
f 877/830/919 907/860/949 892/845/934
f 877/830/919 906/859/948 907/860/949
f 892/845/934 908/861/950 903/856/945
f 892/845/934 907/860/949 908/861/950
f 903/856/945 909/862/951 904/857/946
f 903/856/945 908/861/950 909/862/951
f 904/857/946 910/863/952 905/858/947
f 904/857/946 909/862/951 910/863/952
f 905/858/947 910/863/952 911/864/953
f 905/858/947 911/864/953 912/865/954
f 912/865/954 911/864/953 913/866/955
f 910/863/952 913/866/955 911/864/953
f 909/862/951 913/866/955 910/863/952
f 908/861/950 913/866/955 909/862/951
f 912/865/954 913/866/955 914/867/956
f 914/867/956 913/866/955 915/868/957
f 915/868/957 913/866/955 916/869/958
f 916/869/958 913/866/955 917/870/959
f 908/861/950 917/870/959 913/866/955
f 916/869/958 917/870/959 918/871/960
f 908/861/950 919/872/961 917/870/959
f 918/871/960 917/870/959 919/872/961
f 907/860/949 919/872/961 908/861/950
f 920/873/962 919/872/961 907/860/949
f 921/874/963 919/872/961 920/873/962
f 920/873/962 907/860/949 906/859/948
f 918/871/960 919/872/961 922/875/964
f 922/875/964 916/869/958 918/871/960
f 922/875/964 919/872/961 921/874/963
f 922/875/964 921/874/963 923/876/965
f 923/876/965 921/874/963 924/877/966
f 923/876/965 924/877/966 925/878/967
f 923/876/965 926/879/968 922/875/964
f 923/876/965 925/878/967 926/879/968
f 922/875/964 926/879/968 916/869/958
f 914/867/956 927/880/969 912/865/954
f 912/865/954 927/880/969 928/881/970
f 912/865/954 928/881/970 929/882/971
f 912/865/954 929/882/971 905/858/947
f 929/882/971 928/881/970 930/883/972
f 905/858/947 931/884/973 900/853/942
f 929/882/971 930/883/972 931/884/973
f 905/858/947 929/882/971 931/884/973
f 931/884/973 930/883/972 932/885/974
f 900/853/942 931/884/973 933/886/975
f 931/884/973 932/885/974 933/886/975
f 933/886/975 932/885/974 934/887/976
f 933/886/975 934/887/976 935/888/977
f 900/853/942 933/886/975 935/888/977
f 900/853/942 935/888/977 898/851/940
f 932/885/974 936/889/978 934/887/976
f 935/888/977 934/887/976 936/889/978
f 935/888/977 936/889/978 937/890/979
f 937/890/979 936/889/978 938/891/980
f 937/890/979 938/891/980 939/892/981
f 939/892/981 938/891/980 940/893/982
f 940/893/982 938/891/980 941/894/983
f 940/893/982 941/894/983 942/895/984
f 942/895/984 941/894/983 943/896/985
f 943/896/985 941/894/983 944/897/986
f 941/894/983 938/891/980 944/897/986
f 944/897/986 938/891/980 936/889/978
f 944/897/986 936/889/978 945/898/987
f 945/898/987 936/889/978 932/885/974
f 945/898/987 932/885/974 930/883/972
f 898/851/940 935/888/977 946/899/988
f 898/851/940 946/899/988 897/850/939
f 937/890/979 946/899/988 935/888/977
f 897/850/939 947/900/989 887/840/929
f 897/850/939 946/899/988 947/900/989
f 887/840/929 947/900/989 948/901/990
f 887/840/929 948/901/990 889/842/931
f 889/842/931 948/901/990 949/902/991
f 889/842/931 949/902/991 891/844/933
f 891/844/933 949/902/991 950/903/992
f 891/844/933 950/903/992 951/904/993
f 951/904/993 950/903/992 952/905/994
f 951/904/993 952/905/994 953/906/995
f 947/900/989 954/907/996 948/901/990
f 948/901/990 954/907/996 949/902/991
f 949/902/991 955/908/997 950/903/992
f 950/903/992 955/908/997 952/905/994
f 949/902/991 954/907/996 955/908/997
f 952/905/994 955/908/997 956/909/998
f 952/905/994 957/910/999 953/906/995
f 952/905/994 956/909/998 957/910/999
f 957/910/999 956/909/998 958/911/1000
f 959/912/1001 956/909/998 955/908/997
f 958/911/1000 956/909/998 959/912/1001
f 959/912/1001 955/908/997 960/913/1002
f 960/913/1002 955/908/997 954/907/996
f 960/913/1002 954/907/996 947/900/989
f 953/906/995 957/910/999 961/914/1003
f 961/914/1003 957/910/999 958/911/1000
f 961/914/1003 958/911/1000 962/915/1004
f 962/915/1004 958/911/1000 959/912/1001
f 962/915/1004 959/912/1001 963/916/1005
f 963/916/1005 959/912/1001 960/913/1002
f 964/917/1006 947/900/989 946/899/988
f 963/916/1005 960/913/1002 964/917/1006
f 964/917/1006 960/913/1002 947/900/989
f 965/918/1007 946/899/988 937/890/979
f 964/917/1006 965/918/1007 963/916/1005
f 964/917/1006 946/899/988 965/918/1007
f 963/916/1005 965/918/1007 966/919/1008
f 963/916/1005 966/919/1008 967/920/1009
f 963/916/1005 967/920/1009 962/915/1004
f 962/915/1004 967/920/1009 968/921/1010
f 962/915/1004 968/921/1010 969/922/1011
f 962/915/1004 969/922/1011 970/923/1012
f 962/915/1004 970/923/1012 971/924/1013
f 971/924/1013 961/914/1003 962/915/1004
f 971/924/1013 970/923/1012 972/925/1014
f 971/924/1013 972/925/1014 973/926/1015
f 973/926/1015 972/925/1014 974/927/1016
f 973/926/1015 974/927/1016 975/928/1017
f 975/928/1017 974/927/1016 976/929/1018
f 975/928/1017 976/929/1018 977/930/1019
f 977/930/1019 976/929/1018 978/931/1020
f 979/932/1021 953/906/995 977/930/1019
f 977/930/1019 978/931/1020 979/932/1021
f 951/904/993 953/906/995 979/932/1021
f 979/932/1021 978/931/1020 980/933/1022
f 979/932/1021 980/933/1022 951/904/993
f 971/924/1013 981/934/1023 961/914/1003
f 973/926/1015 981/934/1023 971/924/1013
f 953/906/995 961/914/1003 981/934/1023
f 977/930/1019 953/906/995 981/934/1023
f 975/928/1017 981/934/1023 973/926/1015
f 977/930/1019 981/934/1023 975/928/1017
f 982/935/1024 983/936/1025 891/844/933
f 982/935/1024 891/844/933 984/937/1026
f 984/937/1026 891/844/933 951/904/993
f 985/938/1027 891/844/933 983/936/1025
f 890/843/932 891/844/933 985/938/1027
f 985/938/1027 983/936/1025 986/939/1028
f 987/940/1029 890/843/932 985/938/1027
f 987/940/1029 888/841/930 890/843/932
f 985/938/1027 986/939/1028 987/940/1029
f 987/940/1029 986/939/1028 988/941/1030
f 987/940/1029 988/941/1030 989/942/1031
f 989/942/1031 988/941/1030 990/943/1032
f 989/942/1031 990/943/1032 991/944/1033
f 991/944/1033 990/943/1032 992/945/1034
f 991/944/1033 992/945/1034 993/946/1035
f 991/944/1033 993/946/1035 994/947/1036
f 991/944/1033 994/947/1036 995/948/1037
f 991/944/1033 995/948/1037 996/949/1038
f 996/949/1038 989/942/1031 991/944/1033
f 996/949/1038 995/948/1037 997/950/1039
f 996/949/1038 997/950/1039 998/951/1040
f 998/951/1040 997/950/1039 999/952/1041
f 1000/953/1042 999/952/1041 884/837/926
f 998/951/1040 999/952/1041 1000/953/1042
f 884/837/926 886/839/928 1000/953/1042
f 1000/953/1042 1001/954/1043 998/951/1040
f 1001/954/1043 886/839/928 888/841/930
f 1001/954/1043 888/841/930 987/940/1029
f 1000/953/1042 886/839/928 1001/954/1043
f 998/951/1040 1002/955/1044 996/949/1038
f 996/949/1038 1002/955/1044 989/942/1031
f 1001/954/1043 987/940/1029 1002/955/1044
f 998/951/1040 1001/954/1043 1002/955/1044
f 1002/955/1044 987/940/1029 989/942/1031
f 1003/956/1045 884/837/926 999/952/1041
f 882/835/924 884/837/926 1003/956/1045
f 1004/957/1046 944/897/986 945/898/987
f 1005/958/1047 944/897/986 1004/957/1046
f 943/896/985 944/897/986 1005/958/1047
f 1006/959/1048 1004/957/1046 945/898/987
f 1005/958/1047 1004/957/1046 1006/959/1048
f 1006/959/1048 945/898/987 1007/960/1049
f 1007/960/1049 945/898/987 930/883/972
f 1007/960/1049 1008/961/1050 1006/959/1048
f 1007/960/1049 930/883/972 1008/961/1050
f 1008/961/1050 930/883/972 928/881/970
f 1008/961/1050 928/881/970 1009/962/1051
f 1006/959/1048 1008/961/1050 1009/962/1051
f 1009/962/1051 928/881/970 927/880/969
f 1005/958/1047 1010/963/1052 943/896/985
f 1006/959/1048 1010/963/1052 1005/958/1047
f 1006/959/1048 1009/962/1051 1010/963/1052
f 1011/964/1053 974/927/1016 972/925/1014
f 1011/964/1053 1012/965/1054 974/927/1016
f 974/927/1016 1012/965/1054 1013/966/1055
f 974/927/1016 1013/966/1055 1014/967/1056
f 1011/964/1053 972/925/1014 1015/968/1057
f 1016/969/1058 972/925/1014 970/923/1012
f 1015/968/1057 972/925/1014 1016/969/1058
f 1016/969/1058 970/923/1012 1017/970/1059
f 1017/970/1059 970/923/1012 1018/971/1060
f 1018/971/1060 969/922/1011 968/921/1010
f 1018/971/1060 970/923/1012 969/922/1011
f 1019/972/1061 968/921/1010 967/920/1009
f 1018/971/1060 968/921/1010 1019/972/1061
f 1020/973/1062 967/920/1009 966/919/1008
f 1019/972/1061 967/920/1009 1020/973/1062
f 1021/974/1063 966/919/1008 965/918/1007
f 1020/973/1062 966/919/1008 1021/974/1063
f 1022/975/1064 965/918/1007 937/890/979
f 1021/974/1063 965/918/1007 1022/975/1064
f 1023/976/1065 937/890/979 939/892/981
f 1022/975/1064 937/890/979 1023/976/1065
f 1024/951/1066 1025/950/1067 1026/949/1068
f 1026/949/1068 1025/950/1067 1027/948/1069
f 1026/949/1068 1027/948/1069 1028/944/1070
f 1029/945/1071 1030/943/1072 1028/944/1070
f 1028/944/1070 1030/943/1072 1031/942/1073
f 1028/944/1070 1031/942/1073 1026/949/1068
f 1026/949/1068 1032/955/1074 1024/951/1066
f 1026/949/1068 1031/942/1073 1032/955/1074
f 1024/951/1066 1032/955/1074 1033/954/1075
f 1024/951/1066 1033/954/1075 1034/953/1076
f 1034/953/1076 1033/954/1075 1035/839/1077
f 1034/953/1076 1035/839/1077 1036/837/1078
f 1036/837/1078 1035/839/1077 1037/838/1079
f 1036/837/1078 1037/838/1079 1038/836/1080
f 1038/836/1080 1037/838/1079 1039/849/1081
f 1038/836/1080 1039/849/1081 1040/848/1082
f 1040/848/1082 1039/849/1081 1041/852/1083
f 1040/848/1082 1041/852/1083 1042/854/1084
f 1042/854/1084 1041/852/1083 1043/853/1085
f 1042/854/1084 1043/853/1085 1044/855/1086
f 1044/855/1086 1043/853/1085 1045/858/1087
f 1032/955/1074 1031/942/1073 1046/940/1088
f 1032/955/1074 1046/940/1088 1033/954/1075
f 1033/954/1075 1046/940/1088 1047/841/1089
f 1033/954/1075 1047/841/1089 1035/839/1077
f 1035/839/1077 1048/840/1090 1037/838/1079
f 1035/839/1077 1047/841/1089 1048/840/1090
f 1037/838/1079 1049/850/1091 1039/849/1081
f 1037/838/1079 1048/840/1090 1049/850/1091
f 1041/852/1083 1050/851/1092 1043/853/1085
f 1039/849/1081 1050/851/1092 1041/852/1083
f 1039/849/1081 1049/850/1091 1050/851/1092
f 1049/850/1091 1048/840/1090 1051/900/1093
f 1051/900/1093 1048/840/1090 1052/901/1094
f 1052/901/1094 1048/840/1090 1053/842/1095
f 1053/842/1095 1048/840/1090 1047/841/1089
f 1054/843/1096 1047/841/1089 1046/940/1088
f 1053/842/1095 1047/841/1089 1054/843/1096
f 1054/843/1096 1046/940/1088 1055/938/1097
f 1049/850/1091 1051/900/1093 1056/899/1098
f 1049/850/1091 1056/899/1098 1050/851/1092
f 1050/851/1092 1057/888/1099 1043/853/1085
f 1050/851/1092 1056/899/1098 1057/888/1099
f 1043/853/1085 1057/888/1099 1058/886/1100
f 1043/853/1085 1058/886/1100 1059/884/1101
f 1043/853/1085 1059/884/1101 1045/858/1087
f 1045/858/1087 1059/884/1101 1060/882/1102
f 1060/882/1102 1059/884/1101 1061/883/1103
f 1060/882/1102 1061/883/1103 1062/881/1104
f 1060/882/1102 1063/865/1105 1045/858/1087
f 1060/882/1102 1062/881/1104 1063/865/1105
f 1063/865/1105 1062/881/1104 1064/880/1106
f 1063/865/1105 1064/880/1106 1065/867/1107
f 1063/865/1105 1065/867/1107 1066/866/1108
f 1066/866/1108 1065/867/1107 1067/868/1109
f 1066/866/1108 1067/868/1109 1068/869/1110
f 1066/866/1108 1068/869/1110 1069/870/1111
f 1069/870/1111 1068/869/1110 1070/871/1112
f 1044/855/1086 1045/858/1087 1071/857/1113
f 1071/857/1113 1045/858/1087 1072/863/1114
f 1073/862/1115 1072/863/1114 1066/866/1108
f 1071/857/1113 1072/863/1114 1073/862/1115
f 1073/862/1115 1066/866/1108 1074/861/1116
f 1074/861/1116 1066/866/1108 1069/870/1111
f 1075/872/1117 1069/870/1111 1070/871/1112
f 1074/861/1116 1069/870/1111 1075/872/1117
f 1076/875/1118 1070/871/1112 1068/869/1110
f 1075/872/1117 1070/871/1112 1076/875/1118
f 1076/875/1118 1068/869/1110 1077/879/1119
f 1072/863/1114 1078/864/1120 1066/866/1108
f 1066/866/1108 1078/864/1120 1063/865/1105
f 1045/858/1087 1078/864/1120 1072/863/1114
f 1045/858/1087 1063/865/1105 1078/864/1120
f 1079/847/1121 1042/854/1084 1044/855/1086
f 1040/848/1082 1042/854/1084 1079/847/1121
f 1079/847/1121 1044/855/1086 1080/846/1122
f 1080/846/1122 1044/855/1086 1081/845/1123
f 1073/862/1115 1082/856/1124 1071/857/1113
f 1071/857/1113 1082/856/1124 1044/855/1086
f 1074/861/1116 1082/856/1124 1073/862/1115
f 1081/845/1123 1044/855/1086 1082/856/1124
f 1081/845/1123 1082/856/1124 1074/861/1116
f 1074/861/1116 1075/872/1117 1083/860/1125
f 1074/861/1116 1083/860/1125 1081/845/1123
f 1081/845/1123 1083/860/1125 1084/830/1126
f 1081/845/1123 1085/831/1127 1080/846/1122
f 1081/845/1123 1084/830/1126 1085/831/1127
f 1080/846/1122 1086/832/1128 1079/847/1121
f 1080/846/1122 1085/831/1127 1086/832/1128
f 1040/848/1082 1087/834/1129 1038/836/1080
f 1079/847/1121 1087/834/1129 1040/848/1082
f 1079/847/1121 1086/832/1128 1087/834/1129
f 1084/830/1126 1088/827/1130 1085/831/1127
f 1085/831/1127 1089/825/1131 1086/832/1128
f 1085/831/1127 1088/827/1130 1089/825/1131
f 1086/832/1128 1089/825/1131 1090/833/1132
f 1086/832/1128 1090/833/1132 1087/834/1129
f 1091/939/1133 1055/938/1097 1046/940/1088
f 1092/936/1134 1055/938/1097 1091/939/1133
f 1093/941/1135 1031/942/1073 1030/943/1072
f 1093/941/1135 1046/940/1088 1031/942/1073
f 1091/939/1133 1046/940/1088 1093/941/1135
f 1094/977/1136 1095/978/1137 1096/979/1138
f 1097/980/1139 1098/981/1140 1099/982/1141
f 1100/983/1142 1101/984/1143 1102/985/1144
f 1103/986/1145 1104/987/1146 1105/988/1147
f 1106/989/1148 1103/986/1149 1107/990/1150
f 1108/991/1151 1109/992/1152 1107/990/1153
f 1110/977/1154 1109/992/1152 1108/991/1151
f 1111/989/1155 1112/993/1156 1113/994/1157
f 1114/995/1158 1115/996/1159 1116/997/1160
f 1117/977/1161 1118/998/1162 1119/999/1163
f 1120/1000/1164 1117/977/1165 1121/998/1166
f 1122/1001/1167 1123/977/1168 1124/990/1169
f 1125/989/1170 1126/1002/1171 1127/983/1172
f 1128/1003/1173 1125/989/1174 1129/1002/1175
f 1130/980/1176 1131/1004/1177 1132/1005/1178
f 1133/983/1179 1134/1001/1180 1135/990/1181
f 1136/1006/1182 1137/1007/1183 1138/986/1184
f 1139/1007/1185 1140/989/1186 1141/986/1187
f 1142/991/1188 1143/1008/1189 1144/999/1190
f 1144/999/1190 1143/1008/1189 1145/1009/1191
f 1146/1010/1192 1147/1004/1193 1148/1011/1194
f 1148/1011/1194 1147/1004/1193 1149/1005/1195
f 1150/980/1196 1151/1005/1197 1152/999/1198
f 1152/999/1198 1151/1005/1197 1153/991/1199
f 1154/1012/1200 1155/1011/1201 1156/1004/1202
f 1156/1004/1202 1155/1011/1201 1157/1005/1203
f 1158/1013/1204 994/947/1036 993/946/1035
f 1159/1014/1205 994/947/1036 1158/1013/1204
f 1160/1015/1206 995/948/1037 994/947/1036
f 1160/1015/1206 997/950/1039 995/948/1037
f 1160/1015/1206 994/947/1036 1159/1014/1205
f 999/952/1041 997/950/1039 1160/1015/1206
f 1160/1015/1206 1159/1014/1205 1161/1016/1207
f 1161/1016/1207 1159/1014/1205 1162/1017/1208
f 1162/1017/1208 1159/1014/1205 1158/1013/1204
f 1162/1017/1208 1158/1013/1204 1163/1018/1209
f 1163/1018/1209 1158/1013/1204 1164/1019/1210
f 1163/1018/1209 1164/1019/1210 1165/1020/1211
f 1165/1020/1211 1164/1019/1210 1166/1021/1212
f 1165/1020/1211 1166/1021/1212 1167/1022/1213
f 1165/1020/1211 1167/1022/1213 1168/1023/1214
f 1168/1023/1214 1167/1022/1213 1169/1024/1215
f 1168/1023/1214 1169/1024/1215 1170/1025/1216
f 1170/1025/1216 1169/1024/1215 1171/1026/1217
f 1170/1025/1216 1171/1026/1217 1172/1027/1218
f 1170/1025/1216 1172/1027/1218 1173/1028/1219
f 1173/1028/1219 1172/1027/1218 1174/1029/1220
f 1173/1028/1219 1174/1029/1220 1175/1030/1221
f 1175/1030/1221 1174/1029/1220 1176/1031/1222
f 1172/1027/1218 1177/1032/1223 1174/1029/1220
f 1177/1032/1223 1172/1027/1218 1178/1033/1224
f 1178/1033/1224 1172/1027/1218 1171/1026/1217
f 1178/1033/1224 1171/1026/1217 1179/1034/1225
f 1179/1034/1225 1171/1026/1217 1169/1024/1215
f 1180/1035/1226 1169/1024/1215 1167/1022/1213
f 1179/1034/1225 1169/1024/1215 1180/1035/1226
f 1181/1036/1227 1167/1022/1213 1166/1021/1212
f 1180/1035/1226 1167/1022/1213 1181/1036/1227
f 1181/1036/1227 1166/1021/1212 1182/1037/1228
f 1181/1036/1227 1182/1037/1228 1183/1038/1229
f 1181/1036/1227 1183/1038/1229 1184/1012/1230
f 1180/1035/1226 1185/1008/1231 1179/1034/1225
f 1181/1036/1227 1184/1012/1230 1185/1008/1231
f 1181/1036/1227 1185/1008/1231 1180/1035/1226
f 1179/1034/1225 1185/1008/1231 1186/1039/1232
f 1179/1034/1225 1186/1039/1232 1178/1033/1224
f 1178/1033/1224 1187/992/1233 1177/1032/1223
f 1178/1033/1224 1186/1039/1232 1187/992/1233
f 1174/1029/1220 1188/1040/1234 1176/1031/1222
f 1174/1029/1220 1177/1032/1223 1188/1040/1234
f 1176/1031/1222 1188/1040/1234 1189/1041/1235
f 1190/1042/1236 1175/1030/1221 1176/1031/1222
f 1176/1031/1222 1189/1041/1235 1190/1042/1236
f 1190/1042/1236 1189/1041/1235 1191/1043/1237
f 1190/1042/1236 1191/1043/1237 1192/1044/1238
f 1192/1044/1238 1191/1043/1237 1193/1045/1239
f 1192/1044/1238 1193/1045/1239 1194/1046/1240
f 1194/1046/1240 1193/1045/1239 1195/1047/1241
f 1194/1046/1240 1195/1047/1241 1196/1048/1242
f 1194/1046/1240 1196/1048/1242 1197/1049/1243
f 1194/1046/1240 1197/1049/1243 1192/1044/1238
f 1197/1049/1243 924/877/966 921/874/963
f 1192/1044/1238 1197/1049/1243 1198/1050/1244
f 1192/1044/1238 1198/1050/1244 1190/1042/1236
f 1198/1050/1244 921/874/963 920/873/962
f 1198/1050/1244 920/873/962 906/859/948
f 1197/1049/1243 921/874/963 1198/1050/1244
f 1190/1042/1236 1198/1050/1244 1199/1051/1245
f 1190/1042/1236 1199/1051/1245 1175/1030/1221
f 1199/1051/1245 1173/1028/1219 1175/1030/1221
f 1188/1040/1234 1200/1052/1246 1189/1041/1235
f 1177/1032/1223 1187/992/1233 1200/1052/1246
f 1177/1032/1223 1200/1052/1246 1188/1040/1234
f 1189/1041/1235 1201/1053/1247 1191/1043/1237
f 1189/1041/1235 1200/1052/1246 1201/1053/1247
f 1191/1043/1237 1202/988/1248 1193/1045/1239
f 1191/1043/1237 1201/1053/1247 1202/988/1248
f 1193/1045/1239 1202/988/1248 1203/1054/1249
f 1193/1045/1239 1203/1054/1249 1195/1047/1241
f 1195/1047/1241 1203/1054/1249 1204/1055/1250
f 1195/1047/1241 1204/1055/1250 1205/1056/1251
f 1195/1047/1241 1205/1056/1251 1196/1048/1242
f 1196/1048/1242 1205/1056/1251 1206/1057/1252
f 1196/1048/1242 1207/1058/1253 1197/1049/1243
f 1196/1048/1242 1206/1057/1252 1207/1058/1253
f 1197/1049/1243 1207/1058/1253 1208/1059/1254
f 1197/1049/1243 1208/1059/1254 924/877/966
f 924/877/966 1208/1059/1254 925/878/967
f 1198/1050/1244 1209/1060/1255 1199/1051/1245
f 1209/1060/1255 876/829/918 875/828/917
f 1209/1060/1255 906/859/948 876/829/918
f 1198/1050/1244 906/859/948 1209/1060/1255
f 1209/1060/1255 875/828/917 1210/1061/1256
f 1211/1062/1257 1173/1028/1219 1199/1051/1245
f 1209/1060/1255 1210/1061/1256 1211/1062/1257
f 1199/1051/1245 1209/1060/1255 1211/1062/1257
f 1211/1062/1257 1210/1061/1256 1212/1063/1258
f 1210/1061/1256 1213/1064/1259 1212/1063/1258
f 875/828/917 1213/1064/1259 1210/1061/1256
f 1213/1064/1259 882/835/924 1003/956/1045
f 1213/1064/1259 880/833/922 882/835/924
f 1214/1065/1260 999/952/1041 1160/1015/1206
f 1214/1065/1260 1003/956/1045 999/952/1041
f 1213/1064/1259 1003/956/1045 1214/1065/1260
f 1212/1063/1258 1213/1064/1259 1214/1065/1260
f 1214/1065/1260 1160/1015/1206 1161/1016/1207
f 1215/1066/1261 880/833/922 1213/1064/1259
f 1215/1066/1261 872/825/914 880/833/922
f 1215/1066/1261 873/826/915 872/825/914
f 1213/1064/1259 875/828/917 1215/1066/1261
f 1215/1066/1261 875/828/917 873/826/915
f 1214/1065/1260 1216/1067/1262 1212/1063/1258
f 1214/1065/1260 1161/1016/1207 1216/1067/1262
f 1211/1062/1257 1217/1068/1263 1173/1028/1219
f 1212/1063/1258 1216/1067/1262 1217/1068/1263
f 1212/1063/1258 1217/1068/1263 1211/1062/1257
f 1216/1067/1262 1218/1069/1264 1217/1068/1263
f 1161/1016/1207 1218/1069/1264 1216/1067/1262
f 1217/1068/1263 1218/1069/1264 1173/1028/1219
f 1170/1025/1216 1219/1070/1265 1168/1023/1214
f 1173/1028/1219 1218/1069/1264 1219/1070/1265
f 1173/1028/1219 1219/1070/1265 1170/1025/1216
f 1219/1070/1265 1218/1069/1264 1220/1071/1266
f 1168/1023/1214 1220/1071/1266 1165/1020/1211
f 1168/1023/1214 1219/1070/1265 1220/1071/1266
f 1165/1020/1211 1221/1072/1267 1163/1018/1209
f 1163/1018/1209 1221/1072/1267 1162/1017/1208
f 1165/1020/1211 1220/1071/1266 1221/1072/1267
f 1162/1017/1208 1222/1073/1268 1161/1016/1207
f 1161/1016/1207 1222/1073/1268 1218/1069/1264
f 1220/1071/1266 1218/1069/1264 1222/1073/1268
f 1220/1071/1266 1222/1073/1268 1221/1072/1267
f 1162/1017/1208 1221/1072/1267 1222/1073/1268
f 1223/1044/1269 1224/1042/1270 1225/1050/1271
f 1225/1050/1271 1224/1042/1270 1226/1051/1272
f 1227/1027/1273 1228/1028/1274 1229/1029/1275
f 1224/1042/1270 1230/1030/1276 1226/1051/1272
f 1226/1051/1272 1230/1030/1276 1228/1028/1274
f 1229/1029/1275 1228/1028/1274 1230/1030/1276
f 1231/1031/1277 1230/1030/1276 1224/1042/1270
f 1229/1029/1275 1230/1030/1276 1231/1031/1277
f 1232/1069/1278 1228/1028/1274 1233/1070/1279
f 1234/1025/1280 1228/1028/1274 1227/1027/1273
f 1233/1070/1279 1228/1028/1274 1234/1025/1280
f 1234/1025/1280 1227/1027/1273 1235/1026/1281
f 1235/1026/1281 1227/1027/1273 1236/1034/1282
f 1237/1033/1283 1227/1027/1273 1229/1029/1275
f 1236/1034/1282 1227/1027/1273 1237/1033/1283
f 1238/1032/1284 1229/1029/1275 1231/1031/1277
f 1237/1033/1283 1229/1029/1275 1238/1032/1284
f 1239/1040/1285 1231/1031/1277 1224/1042/1270
f 1238/1032/1284 1231/1031/1277 1239/1040/1285
f 1239/1040/1285 1224/1042/1270 1240/1041/1286
f 1240/1041/1286 1224/1042/1270 1223/1044/1269
f 1240/1041/1286 1223/1044/1269 1241/1043/1287
f 1242/1039/1288 1236/1034/1282 1237/1033/1283
f 1242/1039/1288 1143/1008/1289 1236/1034/1282
f 1242/1039/1288 1237/1033/1283 1243/992/1290
f 1243/992/1290 1237/1033/1283 1238/1032/1284
f 1243/992/1290 1238/1032/1284 1244/1052/1291
f 1244/1052/1291 1238/1032/1284 1239/1040/1285
f 1244/1052/1291 1239/1040/1285 1240/1041/1286
f 1244/1052/1291 1240/1041/1286 1245/1053/1292
f 1245/1053/1292 1240/1041/1286 1241/1043/1287
f 1245/1053/1292 1241/1043/1287 1246/988/1293
f 1246/988/1293 1241/1043/1287 1247/1045/1294
f 1247/1045/1294 1241/1043/1287 1248/1046/1295
f 1248/1046/1295 1241/1043/1287 1223/1044/1269
f 1249/1049/1296 1223/1044/1269 1225/1050/1271
f 1248/1046/1295 1223/1044/1269 1249/1049/1296
f 1249/1049/1296 1225/1050/1271 1250/874/1297
f 1076/875/1118 1250/874/1297 1075/872/1117
f 1250/874/1297 1225/1050/1271 1251/873/1298
f 1250/874/1297 1251/873/1298 1075/872/1117
f 1075/872/1117 1251/873/1298 1083/860/1125
f 1252/1059/1299 1253/1058/1300 1249/1049/1296
f 1249/1049/1296 1253/1058/1300 1254/1048/1301
f 1248/1046/1295 1254/1048/1301 1247/1045/1294
f 1249/1049/1296 1254/1048/1301 1248/1046/1295
f 1247/1045/1294 1254/1048/1301 1255/1047/1302
f 1247/1045/1294 1256/1054/1303 1246/988/1293
f 1247/1045/1294 1255/1047/1302 1256/1054/1303
f 1254/1048/1301 1257/1057/1304 1255/1047/1302
f 1253/1058/1300 1257/1057/1304 1254/1048/1301
f 1255/1047/1302 1257/1057/1304 1258/1056/1305
f 1255/1047/1302 1258/1056/1305 1259/1055/1306
f 1255/1047/1302 1259/1055/1306 1256/1054/1303
f 1260/877/1307 1249/1049/1296 1250/874/1297
f 1261/878/1308 1252/1059/1299 1260/877/1307
f 1260/877/1307 1252/1059/1299 1249/1049/1296
f 1261/878/1308 1262/876/1309 1077/879/1119
f 1077/879/1119 1262/876/1309 1076/875/1118
f 1260/877/1307 1250/874/1297 1262/876/1309
f 1260/877/1307 1262/876/1309 1261/878/1308
f 1076/875/1118 1262/876/1309 1250/874/1297
f 1263/859/1310 1084/830/1126 1083/860/1125
f 1263/859/1310 1251/873/1298 1225/1050/1271
f 1083/860/1125 1251/873/1298 1263/859/1310
f 1263/859/1310 1225/1050/1271 1264/1060/1311
f 1264/1060/1311 1225/1050/1271 1226/1051/1272
f 1264/1060/1311 1226/1051/1272 1265/1062/1312
f 1265/1062/1312 1226/1051/1272 1228/1028/1274
f 1266/1068/1313 1228/1028/1274 1232/1069/1278
f 1265/1062/1312 1228/1028/1274 1266/1068/1313
f 1266/1068/1313 1232/1069/1278 1267/1067/1314
f 1267/1067/1314 1232/1069/1278 1268/1073/1315
f 1233/1070/1279 1268/1073/1315 1232/1069/1278
f 1267/1067/1314 1268/1073/1315 1269/1016/1316
f 1269/1016/1316 1268/1073/1315 1270/1017/1317
f 1269/1016/1316 1270/1017/1317 1271/1014/1318
f 1271/1014/1318 1270/1017/1317 1272/1013/1319
f 1271/1014/1318 1272/1013/1319 1273/947/1320
f 1028/944/1070 1027/948/1069 1273/947/1320
f 1273/947/1320 1274/946/1321 1028/944/1070
f 1273/947/1320 1272/1013/1319 1274/946/1321
f 1028/944/1070 1274/946/1321 1029/945/1071
f 1273/947/1320 1275/1015/1322 1271/1014/1318
f 1273/947/1320 1027/948/1069 1275/1015/1322
f 1271/1014/1318 1275/1015/1322 1269/1016/1316
f 1027/948/1069 1025/950/1067 1275/1015/1322
f 1269/1016/1316 1275/1015/1322 1276/1065/1323
f 1269/1016/1316 1276/1065/1323 1267/1067/1314
f 1267/1067/1314 1277/1063/1324 1266/1068/1313
f 1267/1067/1314 1276/1065/1323 1277/1063/1324
f 1266/1068/1313 1277/1063/1324 1265/1062/1312
f 1265/1062/1312 1277/1063/1324 1278/1061/1325
f 1265/1062/1312 1278/1061/1325 1264/1060/1311
f 1264/1060/1311 1278/1061/1325 1279/828/1326
f 1264/1060/1311 1279/828/1326 1280/829/1327
f 1264/1060/1311 1280/829/1327 1263/859/1310
f 1263/859/1310 1280/829/1327 1084/830/1126
f 1276/1065/1323 1281/1064/1328 1277/1063/1324
f 1277/1063/1324 1281/1064/1328 1278/1061/1325
f 1278/1061/1325 1281/1064/1328 1279/828/1326
f 1282/1066/1329 1090/833/1132 1089/825/1131
f 1279/828/1326 1281/1064/1328 1282/1066/1329
f 1282/1066/1329 1281/1064/1328 1090/833/1132
f 1283/826/1330 1089/825/1131 1088/827/1130
f 1283/826/1330 1279/828/1326 1282/1066/1329
f 1283/826/1330 1088/827/1130 1084/830/1126
f 1283/826/1330 1280/829/1327 1279/828/1326
f 1283/826/1330 1084/830/1126 1280/829/1327
f 1282/1066/1329 1089/825/1131 1283/826/1330
f 1284/952/1331 1024/951/1066 1034/953/1076
f 1275/1015/1322 1025/950/1067 1284/952/1331
f 1284/952/1331 1025/950/1067 1024/951/1066
f 1284/952/1331 1034/953/1076 1036/837/1078
f 1284/952/1331 1276/1065/1323 1275/1015/1322
f 1285/956/1332 1276/1065/1323 1284/952/1331
f 1285/956/1332 1281/1064/1328 1276/1065/1323
f 1284/952/1331 1036/837/1078 1285/956/1332
f 1286/835/1333 1087/834/1129 1090/833/1132
f 1286/835/1333 1281/1064/1328 1285/956/1332
f 1286/835/1333 1090/833/1132 1281/1064/1328
f 1285/956/1332 1036/837/1078 1286/835/1333
f 1286/835/1333 1036/837/1078 1038/836/1080
f 1286/835/1333 1038/836/1080 1087/834/1129
f 1287/1035/1334 1235/1026/1281 1236/1034/1282
f 1236/1034/1282 1143/1008/1289 1287/1035/1334
f 1287/1035/1334 1143/1008/1289 1288/1036/1335
f 1289/1024/1336 1235/1026/1281 1287/1035/1334
f 1287/1035/1334 1288/1036/1335 1289/1024/1336
f 1289/1024/1336 1288/1036/1335 1290/1022/1337
f 1291/1023/1338 1235/1026/1281 1289/1024/1336
f 1289/1024/1336 1290/1022/1337 1291/1023/1338
f 1291/1023/1338 1234/1025/1280 1235/1026/1281
f 1291/1023/1338 1233/1070/1279 1234/1025/1280
f 1291/1023/1338 1290/1022/1337 1292/1020/1339
f 1293/1018/1340 1272/1013/1319 1270/1017/1317
f 1292/1020/1339 1272/1013/1319 1293/1018/1340
f 1293/1018/1340 1270/1017/1317 1294/1072/1341
f 1294/1072/1341 1270/1017/1317 1268/1073/1315
f 1293/1018/1340 1294/1072/1341 1292/1020/1339
f 1294/1072/1341 1268/1073/1315 1295/1071/1342
f 1295/1071/1342 1268/1073/1315 1233/1070/1279
f 1292/1020/1339 1295/1071/1342 1291/1023/1338
f 1292/1020/1339 1294/1072/1341 1295/1071/1342
f 1291/1023/1338 1295/1071/1342 1233/1070/1279
f 1288/1036/1335 1143/1008/1289 1296/1012/1343
f 1288/1036/1335 1296/1012/1343 1297/1038/1344
f 1288/1036/1335 1298/1037/1345 1290/1022/1337
f 1288/1036/1335 1297/1038/1344 1298/1037/1345
f 1290/1022/1337 1298/1037/1345 1299/1021/1346
f 1290/1022/1337 1299/1021/1346 1300/1019/1347
f 1290/1022/1337 1300/1019/1347 1292/1020/1339
f 1292/1020/1339 1300/1019/1347 1272/1013/1319
f 1301/1074/1348 1302/1075/1349 1303/1076/1350
f 1301/1074/1351 1304/1077/1352 1305/1076/1353
f 1305/1076/1353 1304/1077/1352 1306/1075/1354
f 1307/1078/1355 1308/1079/1356 1309/1080/1357
f 1310/1074/1358 1311/1075/1359 1312/1076/1360
f 1313/1079/1361 1314/1080/1362 1315/1078/1363
f 1316/1081/1364 1317/1082/1365 1318/1083/1366
f 1318/1083/1366 1317/1082/1365 1319/1084/1367
f 1320/1085/1368 1321/1086/1369 1322/1087/1370
f 1322/1087/1370 1321/1086/1369 1323/1088/1371
f 1324/1089/1372 1321/1086/1369 1320/1085/1368
f 1325/1090/1373 1321/1086/1369 1324/1089/1372
f 1324/1089/1372 1320/1085/1368 1326/1091/1374
f 1327/1092/1375 1328/1093/1376 1329/1094/1377
f 1329/1094/1377 1328/1093/1376 1330/1095/1378
f 1330/1095/1378 1328/1093/1376 1331/1096/1379
f 1330/1095/1378 1331/1096/1379 1332/1097/1380
f 1332/1097/1380 1331/1096/1379 1333/1098/1381
f 1332/1097/1380 1333/1098/1381 1334/1099/1382
f 1334/1099/1382 1333/1098/1381 1326/1091/1374
f 1326/1091/1374 1335/1100/1383 1324/1089/1372
f 1326/1091/1374 1333/1098/1381 1335/1100/1383
f 1331/1096/1379 1336/1101/1384 1333/1098/1381
f 1324/1089/1372 1335/1100/1383 1336/1101/1384
f 1324/1089/1372 1336/1101/1384 1325/1090/1373
f 1333/1098/1381 1336/1101/1384 1335/1100/1383
f 1337/1102/1385 1331/1096/1379 1328/1093/1376
f 1337/1102/1385 1336/1101/1384 1331/1096/1379
f 1325/1090/1373 1336/1101/1384 1337/1102/1385
f 1337/1102/1385 1328/1093/1376 1338/1103/1386
f 1338/1103/1386 1328/1093/1376 1327/1092/1375
f 1339/1104/1387 1340/1105/1388 1341/1106/1389
f 1341/1106/1389 1340/1105/1388 1342/1107/1390
f 1341/1106/1389 1342/1107/1390 1343/1108/1391
f 1343/1108/1391 1342/1107/1390 1329/1094/1377
f 1344/1109/1392 1330/1095/1378 1332/1097/1380
f 1344/1109/1392 1329/1094/1377 1330/1095/1378
f 1343/1108/1391 1329/1094/1377 1344/1109/1392
f 1334/1099/1382 1345/1110/1393 1332/1097/1380
f 1332/1097/1380 1345/1110/1393 1346/1111/1394
f 1332/1097/1380 1346/1111/1394 1344/1109/1392
f 1344/1109/1392 1346/1111/1394 1347/1112/1395
f 1344/1109/1392 1347/1112/1395 1343/1108/1391
f 1343/1108/1391 1348/1113/1396 1341/1106/1389
f 1343/1108/1391 1347/1112/1395 1348/1113/1396
f 1341/1106/1389 1349/1114/1397 1339/1104/1387
f 1341/1106/1389 1348/1113/1396 1349/1114/1397
f 1339/1104/1387 1349/1114/1397 1350/1115/1398
f 1339/1104/1387 1350/1115/1398 1351/1116/1399
f 1352/1117/1400 1342/1107/1390 1340/1105/1388
f 1327/1092/1375 1329/1094/1377 1352/1117/1400
f 1329/1094/1377 1342/1107/1390 1352/1117/1400
f 1353/1118/1401 1352/1117/1400 1340/1105/1388
f 1327/1092/1375 1352/1117/1400 1353/1118/1401
f 1354/1119/1402 1340/1105/1388 1339/1104/1387
f 1353/1118/1401 1340/1105/1388 1354/1119/1402
f 1354/1119/1402 1339/1104/1387 1355/1120/1403
f 1355/1120/1403 1339/1104/1387 1351/1116/1399
f 1355/1120/1403 1351/1116/1399 1356/1121/1404
f 1357/1122/1405 1351/1116/1399 1350/1115/1398
f 1356/1121/1404 1351/1116/1399 1357/1122/1405
f 1357/1122/1405 1350/1115/1398 1358/1123/1406
f 1358/1123/1406 1350/1115/1398 1349/1114/1397
f 1358/1123/1406 1349/1114/1397 1359/1124/1407
f 1360/1125/1408 1349/1114/1397 1348/1113/1396
f 1359/1124/1407 1349/1114/1397 1360/1125/1408
f 1359/1124/1407 1360/1125/1408 1361/1126/1409
f 1361/1126/1409 1360/1125/1408 1362/1127/1410
f 1361/1126/1409 1362/1127/1410 1363/1128/1411
f 1363/1128/1411 1362/1127/1410 1364/1129/1412
f 1363/1128/1411 1365/1130/1413 1361/1126/1409
f 1361/1126/1409 1366/1131/1414 1359/1124/1407
f 1361/1126/1409 1365/1130/1413 1366/1131/1414
f 1359/1124/1407 1366/1131/1414 1358/1123/1406
f 1347/1112/1395 1367/1132/1415 1348/1113/1396
f 1348/1113/1396 1368/1133/1416 1360/1125/1408
f 1348/1113/1396 1367/1132/1415 1368/1133/1416
f 1360/1125/1408 1368/1133/1416 1362/1127/1410
f 1369/1134/1417 1370/1135/1418 1371/1136/1419
f 1372/1137/1420 1373/1138/1421 1374/1139/1422
f 1374/1139/1422 1373/1138/1421 1375/1140/1423
f 1374/1139/1422 1375/1140/1423 1376/1141/1424
f 1376/1141/1424 1375/1140/1423 1377/1142/1425
f 1376/1141/1424 1377/1142/1425 1378/1143/1426
f 1376/1141/1424 1378/1143/1426 1379/1144/1427
f 1380/1145/1428 1379/1144/1427 1370/1135/1418
f 1376/1141/1424 1379/1144/1427 1380/1145/1428
f 1381/1146/1429 1370/1135/1418 1369/1134/1417
f 1380/1145/1428 1370/1135/1418 1381/1146/1429
f 1381/1146/1429 1369/1134/1417 1382/1147/1430
f 1383/1148/1431 1369/1134/1417 1371/1136/1419
f 1382/1147/1430 1369/1134/1417 1383/1148/1431
f 1383/1148/1431 1371/1136/1419 1384/1149/1432
f 1385/1150/1433 1372/1137/1420 1386/1151/1434
f 1386/1151/1434 1372/1137/1420 1374/1139/1422
f 1387/1152/1435 1374/1139/1422 1376/1141/1424
f 1386/1151/1434 1374/1139/1422 1387/1152/1435
f 1388/1153/1436 1376/1141/1424 1380/1145/1428
f 1387/1152/1435 1376/1141/1424 1388/1153/1436
f 1388/1153/1436 1380/1145/1428 1389/1154/1437
f 1388/1153/1436 1389/1154/1437 1390/1155/1438
f 1387/1152/1435 1388/1153/1436 1391/1156/1439
f 1392/1157/1440 1388/1153/1436 1390/1155/1438
f 1391/1156/1439 1388/1153/1436 1392/1157/1440
f 1392/1157/1440 1390/1155/1438 1393/1158/1441
f 1392/1157/1440 1393/1158/1441 1394/1159/1442
f 1387/1152/1435 1395/1160/1443 1386/1151/1434
f 1387/1152/1435 1391/1156/1439 1395/1160/1443
f 1392/1157/1440 1394/1159/1442 1395/1160/1443
f 1391/1156/1439 1392/1157/1440 1395/1160/1443
f 1395/1160/1443 1394/1159/1442 1396/1161/1444
f 1386/1151/1434 1396/1161/1444 1385/1150/1433
f 1386/1151/1434 1395/1160/1443 1396/1161/1444
f 1385/1150/1433 1396/1161/1444 1397/1162/1445
f 1385/1150/1433 1397/1162/1445 1398/1163/1446
f 1398/1163/1446 1397/1162/1445 1399/1164/1447
f 1399/1164/1447 1397/1162/1445 1400/1165/1448
f 1400/1165/1448 1397/1162/1445 1396/1161/1444
f 1400/1165/1448 1396/1161/1444 1401/1166/1449
f 1401/1166/1449 1396/1161/1444 1394/1159/1442
f 1401/1166/1449 1394/1159/1442 1402/1167/1450
f 1402/1167/1450 1394/1159/1442 1393/1158/1441
f 1402/1167/1450 1393/1158/1441 1403/1168/1451
f 1403/1168/1451 1401/1166/1449 1402/1167/1450
f 1403/1168/1451 1393/1158/1441 1404/1169/1452
f 1403/1168/1451 1404/1169/1452 1405/1170/1453
f 1403/1168/1451 1405/1170/1453 1406/1171/1454
f 1406/1171/1454 1405/1170/1453 1407/1172/1455
f 1399/1164/1447 1400/1165/1448 1408/1173/1456
f 1408/1173/1456 1400/1165/1448 1409/1174/1457
f 1400/1165/1448 1401/1166/1449 1409/1174/1457
f 1408/1173/1456 1409/1174/1457 1410/1175/1458
f 1410/1175/1458 1409/1174/1457 1401/1166/1449
f 1411/1176/1459 1401/1166/1449 1403/1168/1451
f 1410/1175/1458 1401/1166/1449 1411/1176/1459
f 1411/1176/1459 1412/1177/1460 1410/1175/1458
f 1412/1177/1460 1403/1168/1451 1406/1171/1454
f 1411/1176/1459 1403/1168/1451 1412/1177/1460
f 1413/1178/1461 1412/1177/1460 1414/1179/1462
f 1414/1179/1462 1412/1177/1460 1406/1171/1454
f 1415/1180/1463 1406/1171/1454 1407/1172/1455
f 1414/1179/1462 1406/1171/1454 1415/1180/1463
f 1415/1180/1463 1407/1172/1455 1416/1181/1464
f 1415/1180/1463 1416/1181/1464 1417/1182/1465
f 1417/1182/1465 1416/1181/1464 1418/1183/1466
f 1417/1182/1465 1418/1183/1466 1419/1184/1467
f 1419/1184/1467 1418/1183/1466 1420/1185/1468
f 1421/1186/1469 1422/1187/1470 1420/1185/1468
f 1420/1185/1468 1422/1187/1470 1423/1188/1471
f 1420/1185/1468 1423/1188/1471 1419/1184/1467
f 1419/1184/1467 1424/1189/1472 1417/1182/1465
f 1419/1184/1467 1423/1188/1471 1424/1189/1472
f 1417/1182/1465 1424/1189/1472 1425/1190/1473
f 1417/1182/1465 1425/1190/1473 1415/1180/1463
f 1415/1180/1463 1425/1190/1473 1426/1191/1474
f 1415/1180/1463 1426/1191/1474 1414/1179/1462
f 1414/1179/1462 1427/1192/1475 1413/1178/1461
f 1414/1179/1462 1426/1191/1474 1427/1192/1475
f 1413/1178/1461 1427/1192/1475 1428/1193/1476
f 1413/1178/1461 1428/1193/1476 1429/1194/1477
f 1429/1194/1477 1428/1193/1476 1430/1195/1478
f 1429/1194/1477 1430/1195/1478 1431/1196/1479
f 1431/1196/1479 1430/1195/1478 1432/1197/1480
f 1431/1196/1479 1432/1197/1480 1433/1198/1481
f 1433/1198/1481 1432/1197/1480 1434/1199/1482
f 1435/1200/1483 1430/1195/1478 1428/1193/1476
f 1435/1200/1483 1436/1201/1484 1430/1195/1478
f 1437/1202/1485 1436/1201/1484 1435/1200/1483
f 1435/1200/1483 1428/1193/1476 1438/1203/1486
f 1438/1203/1486 1428/1193/1476 1427/1192/1475
f 1438/1203/1486 1427/1192/1475 1439/1204/1487
f 1439/1204/1487 1427/1192/1475 1426/1191/1474
f 1440/1205/1488 1425/1190/1473 1424/1189/1472
f 1439/1204/1487 1426/1191/1474 1440/1205/1488
f 1440/1205/1488 1426/1191/1474 1425/1190/1473
f 1423/1188/1471 1441/1206/1489 1424/1189/1472
f 1424/1189/1472 1442/1207/1490 1440/1205/1488
f 1424/1189/1472 1441/1206/1489 1442/1207/1490
f 1440/1205/1488 1443/1208/1491 1439/1204/1487
f 1440/1205/1488 1442/1207/1490 1443/1208/1491
f 1439/1204/1487 1443/1208/1491 1444/1209/1492
f 1439/1204/1487 1444/1209/1492 1438/1203/1486
f 1438/1203/1486 1444/1209/1492 1445/1210/1493
f 1438/1203/1486 1445/1210/1493 1435/1200/1483
f 1435/1200/1483 1445/1210/1493 1446/1211/1494
f 1435/1200/1483 1446/1211/1494 1437/1202/1485
f 1437/1202/1485 1446/1211/1494 1447/1212/1495
f 1437/1202/1485 1447/1212/1495 1448/1213/1496
f 1437/1202/1485 1448/1213/1496 1449/1214/1497
f 1437/1202/1485 1449/1214/1497 1450/1215/1498
f 1437/1202/1485 1450/1215/1498 1436/1201/1484
f 1432/1197/1480 1451/1216/1499 1434/1199/1482
f 1430/1195/1478 1451/1216/1499 1432/1197/1480
f 1434/1199/1482 1451/1216/1499 1450/1215/1498
f 1436/1201/1484 1451/1216/1499 1430/1195/1478
f 1436/1201/1484 1450/1215/1498 1451/1216/1499
f 1442/1207/1490 1452/1217/1500 1443/1208/1491
f 1443/1208/1491 1453/1218/1501 1444/1209/1492
f 1443/1208/1491 1452/1217/1500 1453/1218/1501
f 1444/1209/1492 1454/1219/1502 1445/1210/1493
f 1444/1209/1492 1453/1218/1501 1454/1219/1502
f 1445/1210/1493 1455/1220/1503 1446/1211/1494
f 1445/1210/1493 1454/1219/1502 1455/1220/1503
f 1446/1211/1494 1456/1221/1504 1447/1212/1495
f 1446/1211/1494 1455/1220/1503 1456/1221/1504
f 1456/1221/1504 1455/1220/1503 1457/1222/1505
f 1457/1222/1505 1455/1220/1503 1458/1223/1506
f 1457/1222/1505 1458/1223/1506 1459/1224/1507
f 1459/1224/1507 1458/1223/1506 1460/1225/1508
f 1459/1224/1507 1460/1225/1508 1461/1226/1509
f 1461/1226/1509 1460/1225/1508 1462/1227/1510
f 1462/1227/1510 1460/1225/1508 1463/1228/1511
f 1458/1223/1506 1464/1229/1512 1460/1225/1508
f 1463/1228/1511 1460/1225/1508 1464/1229/1512
f 1463/1228/1511 1464/1229/1512 1465/1230/1513
f 1452/1217/1500 1466/1231/1514 1453/1218/1501
f 1465/1230/1513 1466/1231/1514 1452/1217/1500
f 1453/1218/1501 1466/1231/1514 1454/1219/1502
f 1465/1230/1513 1464/1229/1512 1466/1231/1514
f 1458/1223/1506 1467/1232/1515 1464/1229/1512
f 1454/1219/1502 1467/1232/1515 1455/1220/1503
f 1467/1232/1515 1466/1231/1514 1464/1229/1512
f 1455/1220/1503 1467/1232/1515 1458/1223/1506
f 1454/1219/1502 1466/1231/1514 1467/1232/1515
f 1468/1233/1516 1462/1227/1510 1463/1228/1511
f 1468/1233/1516 1463/1228/1511 1469/1234/1517
f 1469/1234/1517 1463/1228/1511 1470/1235/1518
f 1471/1236/1519 1463/1228/1511 1465/1230/1513
f 1470/1235/1518 1463/1228/1511 1471/1236/1519
f 1471/1236/1519 1465/1230/1513 1472/1237/1520
f 1472/1237/1520 1465/1230/1513 1473/1238/1521
f 1474/1239/1522 1465/1230/1513 1452/1217/1500
f 1473/1238/1521 1465/1230/1513 1474/1239/1522
f 1475/1240/1523 1452/1217/1500 1442/1207/1490
f 1474/1239/1522 1452/1217/1500 1475/1240/1523
f 1475/1240/1523 1442/1207/1490 1476/1241/1524
f 1476/1241/1524 1442/1207/1490 1441/1206/1489
f 1476/1241/1524 1441/1206/1489 1477/1242/1525
f 1477/1242/1525 1441/1206/1489 1478/1243/1526
f 1478/1243/1526 1441/1206/1489 1423/1188/1471
f 1479/1244/1527 1423/1188/1471 1422/1187/1470
f 1478/1243/1526 1423/1188/1471 1479/1244/1527
f 1468/1233/1516 1480/1245/1528 1462/1227/1510
f 1462/1227/1510 1480/1245/1528 1481/1246/1529
f 1462/1227/1510 1481/1246/1529 1461/1226/1509
f 1461/1226/1509 1481/1246/1529 1482/1247/1530
f 1483/1248/1531 1484/1249/1532 1485/1250/1533
f 1486/1251/1534 1487/1252/1535 1488/1253/1536
f 1488/1253/1536 1487/1252/1535 1489/1254/1537
f 1488/1253/1536 1489/1254/1537 1490/1255/1538
f 1490/1255/1538 1489/1254/1537 1491/1256/1539
f 1491/1256/1539 1489/1254/1537 1492/1257/1540
f 1491/1256/1539 1492/1257/1540 1485/1250/1533
f 1485/1250/1533 1493/1258/1541 1483/1248/1531
f 1485/1250/1533 1492/1257/1540 1493/1258/1541
f 1483/1248/1531 1493/1258/1541 1494/1259/1542
f 1483/1248/1531 1494/1259/1542 1495/1260/1543
f 1495/1260/1543 1494/1259/1542 1496/1261/1544
f 1495/1260/1543 1496/1261/1544 1497/1262/1545
f 1495/1260/1543 1497/1262/1545 1498/1263/1546
f 1495/1260/1543 1498/1263/1546 1483/1248/1531
f 1483/1248/1531 1498/1263/1546 1499/1264/1547
f 1483/1248/1531 1499/1264/1547 1484/1249/1532
f 1500/1265/1548 1499/1264/1547 1498/1263/1546
f 1484/1249/1532 1499/1264/1547 1500/1265/1548
f 1494/1259/1542 1493/1258/1541 1501/1266/1549
f 1492/1257/1540 1502/1267/1550 1493/1258/1541
f 1489/1254/1537 1502/1267/1550 1492/1257/1540
f 1501/1266/1549 1493/1258/1541 1502/1267/1550
f 1487/1252/1535 1502/1267/1550 1489/1254/1537
f 1503/1268/1551 1502/1267/1550 1487/1252/1535
f 1501/1266/1549 1502/1267/1550 1503/1268/1551
f 1496/1261/1544 1494/1259/1542 1504/1269/1552
f 1504/1269/1552 1494/1259/1542 1501/1266/1549
f 1504/1269/1552 1501/1266/1549 1505/1270/1553
f 1503/1268/1551 1506/1271/1554 1501/1266/1549
f 1501/1266/1549 1506/1271/1554 1507/1272/1555
f 1501/1266/1549 1507/1272/1555 1505/1270/1553
f 1505/1270/1553 1507/1272/1555 1508/1273/1556
f 1505/1270/1553 1508/1273/1556 1504/1269/1552
f 1504/1269/1552 1509/1274/1557 1496/1261/1544
f 1504/1269/1552 1508/1273/1556 1509/1274/1557
f 1496/1261/1544 1509/1274/1557 1510/1275/1558
f 1510/1275/1558 1509/1274/1557 1508/1273/1556
f 1510/1275/1558 1508/1273/1556 1511/1276/1559
f 1511/1276/1559 1508/1273/1556 1512/1277/1560
f 1511/1276/1559 1512/1277/1560 1513/1278/1561
f 1514/1279/1562 1512/1277/1560 1508/1273/1556
f 1513/1278/1561 1512/1277/1560 1514/1279/1562
f 1514/1279/1562 1508/1273/1556 1515/1280/1563
f 1515/1280/1563 1508/1273/1556 1507/1272/1555
f 1513/1278/1561 1516/1281/1564 1511/1276/1559
f 1511/1276/1559 1516/1281/1564 1510/1275/1558
f 1514/1279/1562 1517/1282/1565 1513/1278/1561
f 1513/1278/1561 1518/1283/1566 1516/1281/1564
f 1513/1278/1561 1517/1282/1565 1518/1283/1566
f 1516/1281/1564 1518/1283/1566 1519/1284/1567
f 1516/1281/1564 1519/1284/1567 1520/1285/1568
f 1520/1285/1568 1519/1284/1567 1521/1286/1569
f 1520/1285/1568 1521/1286/1569 1522/1287/1570
f 1522/1287/1570 1521/1286/1569 1523/1288/1571
f 1522/1287/1570 1523/1288/1571 1524/1289/1572
f 1524/1289/1572 1523/1288/1571 1525/1290/1573
f 1526/1291/1574 1521/1286/1569 1519/1284/1567
f 1526/1291/1574 1519/1284/1567 1518/1283/1566
f 1523/1288/1571 1521/1286/1569 1526/1291/1574
f 1525/1290/1573 1523/1288/1571 1526/1291/1574
f 1525/1290/1573 1526/1291/1574 1527/1292/1575
f 1527/1292/1575 1526/1291/1574 1518/1283/1566
f 1528/1293/1576 1518/1283/1566 1517/1282/1565
f 1527/1292/1575 1518/1283/1566 1528/1293/1576
f 1529/1294/1577 1530/1295/1578 1531/1296/1579
f 1433/1198/1481 1434/1199/1482 1532/1297/1580
f 1532/1297/1580 1434/1199/1482 1450/1215/1498
f 1532/1297/1580 1450/1215/1498 1533/1298/1581
f 1533/1298/1581 1450/1215/1498 1449/1214/1497
f 1533/1298/1581 1449/1214/1497 1534/1299/1582
f 1535/1300/1583 1531/1296/1579 1530/1295/1578
f 1533/1298/1581 1534/1299/1582 1535/1300/1583
f 1535/1300/1583 1534/1299/1582 1536/1301/1584
f 1535/1300/1583 1536/1301/1584 1537/1302/1585
f 1538/1303/1586 1531/1296/1579 1535/1300/1583
f 1535/1300/1583 1537/1302/1585 1538/1303/1586
f 1538/1303/1586 1537/1302/1585 1539/1304/1587
f 1538/1303/1586 1540/1305/1588 1531/1296/1579
f 1538/1303/1586 1539/1304/1587 1540/1305/1588
f 1535/1300/1583 1530/1295/1578 1541/1306/1589
f 1541/1306/1589 1530/1295/1578 1529/1294/1577
f 1541/1306/1589 1529/1294/1577 1542/1307/1590
f 1541/1306/1589 1542/1307/1590 1543/1308/1591
f 1433/1198/1481 1532/1297/1580 1544/1309/1592
f 1533/1298/1581 1545/1310/1593 1532/1297/1580
f 1541/1306/1589 1545/1310/1593 1535/1300/1583
f 1535/1300/1583 1545/1310/1593 1533/1298/1581
f 1544/1309/1592 1532/1297/1580 1545/1310/1593
f 1541/1306/1589 1543/1308/1591 1546/1311/1594
f 1544/1309/1592 1545/1310/1593 1546/1311/1594
f 1546/1311/1594 1545/1310/1593 1541/1306/1589
f 1546/1311/1594 1547/1312/1595 1544/1309/1592
f 1546/1311/1594 1543/1308/1591 1547/1312/1595
f 1544/1309/1592 1547/1312/1595 1548/1313/1596
f 1544/1309/1592 1548/1313/1596 1433/1198/1481
f 1433/1198/1481 1548/1313/1596 1549/1314/1597
f 1433/1198/1481 1549/1314/1597 1431/1196/1479
f 1550/1074/1598 1551/1077/1599 1552/1076/1600
f 1552/1076/1600 1551/1077/1599 1553/1075/1601
f 1554/1074/1602 1555/1077/1603 1556/1076/1604
f 1556/1076/1604 1555/1077/1603 1557/1075/1605
f 1558/1074/1606 1559/1077/1607 1560/1076/1608
f 1560/1076/1608 1559/1077/1607 1561/1075/1609
f 1562/1084/1610 1563/1083/1611 1564/1082/1612
f 1564/1082/1612 1563/1083/1611 1565/1081/1613
f 1564/1082/1612 1565/1081/1613 1566/1084/1614
f 1566/1084/1614 1565/1081/1613 1567/1083/1615
f 1566/1084/1614 1567/1083/1615 1568/1082/1616
f 1568/1082/1616 1567/1083/1615 1569/1081/1617
f 1570/1315/1618 1571/1316/1619 1572/1317/1620
f 1573/1318/1621 37/37/37 38/38/38
f 1573/1318/1621 38/38/38 1574/1319/1622
f 1574/1319/1622 38/38/38 40/40/40
f 1575/1320/1623 1573/1318/1621 1574/1319/1622
f 1573/1318/1621 1575/1320/1623 1576/1321/1624
f 1577/1316/1625 1576/1321/1624 1575/1320/1623
f 1578/1322/1626 1579/1323/1627 1580/1324/1628
f 1581/1325/1629 1582/1326/1630 1583/1327/1631
f 1583/1327/1631 1582/1326/1630 1584/1328/1632
f 1583/1327/1631 1584/1328/1632 1585/1329/1633
f 1585/1329/1633 1584/1328/1632 1580/1324/1634
f 1580/1324/1634 1584/1328/1632 1586/1330/1635
f 1587/1331/1636 1584/1328/1632 1582/1326/1630
f 1586/1330/1635 1584/1328/1632 1587/1331/1636
f 1587/1331/1636 1582/1326/1630 1588/1332/1637
f 1589/1333/1638 1590/1334/1639 1591/1335/1640
f 1591/1335/1640 1590/1334/1639 1592/1336/1641
f 1591/1335/1640 1592/1336/1641 1586/1330/1635
f 1586/1330/1635 1592/1336/1641 1580/1324/1634
f 1590/1334/1639 1593/1337/1642 1592/1336/1641
f 1580/1324/1634 1592/1336/1641 1593/1337/1642
f 1580/1324/1634 1593/1337/1642 1594/1338/1643
f 1594/1338/1643 1593/1337/1642 1595/1339/1644
f 1595/1339/1644 1593/1337/1642 1596/1340/1645
f 1590/1334/1639 1596/1340/1645 1593/1337/1642
f 1589/1333/1638 1597/1341/1646 1590/1334/1639
f 1595/1339/1644 1596/1340/1645 1597/1341/1646
f 1598/1342/1647 1597/1341/1646 1589/1333/1638
f 1595/1339/1644 1597/1341/1646 1598/1342/1647
f 1598/1342/1647 1589/1333/1638 1599/1343/1648
f 1599/1343/1648 1589/1333/1638 1600/1344/1649
f 1599/1343/1648 1600/1344/1649 1601/1345/1650
f 1599/1343/1648 1601/1345/1650 1602/1346/1651
f 1602/1346/1651 1601/1345/1650 1603/1347/1652
f 1603/1347/1652 1601/1345/1650 1604/1348/1653
f 1604/1348/1653 1601/1345/1650 1605/1349/1654
f 1590/1334/1639 1597/1341/1646 1606/1350/1655
f 1606/1350/1655 1597/1341/1646 1596/1340/1645
f 1606/1350/1655 1596/1340/1645 1590/1334/1639
f 1607/1322/1656 1594/1338/1643 1608/1351/1657
f 1609/1352/1658 1594/1338/1643 1602/1346/1651
f 1608/1351/1657 1594/1338/1643 1609/1352/1658
f 1602/1346/1651 1610/1353/1659 1599/1343/1648
f 1599/1343/1648 1610/1353/1659 1598/1342/1647
f 1602/1346/1651 1594/1338/1643 1610/1353/1659
f 1594/1338/1643 1611/1354/1660 1610/1353/1659
f 1595/1339/1644 1611/1354/1660 1594/1338/1643
f 1598/1342/1647 1611/1354/1660 1595/1339/1644
f 1598/1342/1647 1610/1353/1659 1611/1354/1660
f 1612/1355/1661 1608/1351/1657 1609/1352/1658
f 1613/1356/1662 1608/1351/1657 1612/1355/1661
f 1612/1355/1661 1609/1352/1658 1614/1357/1663
f 1614/1357/1663 1609/1352/1658 1602/1346/1651
f 1614/1357/1663 1602/1346/1651 1615/1358/1664
f 1616/1359/1665 1617/1360/1666 1618/1361/1667
f 1618/1361/1667 1617/1360/1666 1619/1362/1668
f 1619/1362/1668 1617/1360/1666 1620/1363/1669
f 1619/1362/1668 1620/1363/1669 1621/1364/1670
f 1621/1364/1670 1612/1355/1661 1614/1357/1663
f 1621/1364/1670 1614/1357/1663 1619/1362/1668
f 1621/1364/1670 1620/1363/1669 1622/1365/1671
f 1621/1364/1670 1622/1365/1671 1623/1366/1672
f 1621/1364/1670 1623/1366/1672 1624/1367/1673
f 1621/1364/1670 1624/1367/1673 1625/1368/1674
f 1621/1364/1670 1625/1368/1674 1612/1355/1661
f 1626/1369/1675 1615/1358/1676 1618/1361/1677
f 1627/1370/1678 1615/1358/1676 1626/1369/1675
f 1628/1371/1679 1629/1372/1680 1601/1345/1681
f 1630/1373/1682 1631/1374/1683 1632/1375/1684
f 1633/1376/1685 1634/1377/1686 1632/1375/1687
f 1632/1375/1687 1634/1377/1686 1635/1378/1688
f 1636/1379/1689 1635/1378/1690 1603/1347/1691
f 1637/1380/1692 1638/1381/1693 1639/1382/1694
f 1638/1381/1693 1637/1380/1692 1640/1383/1695
f 1641/1384/1696 1642/1385/1697 1637/1380/1698
f 1637/1380/1698 1642/1385/1697 1643/1386/1699
f 1637/1380/1698 1643/1386/1699 1644/1387/1700
f 1642/1385/1697 1645/1388/1701 1643/1386/1699
f 1643/1386/1699 1645/1388/1701 1646/1389/1702
f 1643/1386/1699 1646/1389/1702 1647/1390/1703
f 1648/1391/1704 1649/1392/1705 1650/1393/1706
f 1650/1393/1706 1649/1392/1705 1647/1390/1703
f 1650/1393/1706 1647/1390/1703 1651/1394/1707
f 1651/1394/1707 1647/1390/1703 1646/1389/1702
f 1651/1394/1707 1646/1389/1702 1652/1395/1708
f 1652/1395/1708 1646/1389/1702 1653/1396/1709
f 1653/1396/1709 1646/1389/1702 1654/1397/1710
f 1655/1398/1711 1646/1389/1702 1645/1388/1701
f 1654/1397/1710 1646/1389/1702 1655/1398/1711
f 1655/1398/1711 1645/1388/1701 1656/1399/1712
f 1656/1399/1712 1642/1385/1697 1641/1384/1696
f 1656/1399/1712 1645/1388/1701 1642/1385/1697
f 1656/1399/1712 1641/1384/1696 1657/1400/1713
f 1657/1400/1713 1641/1384/1696 1658/1401/1714
f 1658/1401/1714 1641/1384/1696 1659/1402/1715
f 1658/1401/1714 1659/1402/1715 1660/1403/1716
f 1660/1403/1716 1659/1402/1715 1661/1404/1717
f 1660/1403/1716 1662/1405/1718 1658/1401/1714
f 1660/1403/1716 1661/1404/1717 1662/1405/1718
f 1658/1401/1714 1662/1405/1718 1663/1406/1719
f 1658/1401/1714 1663/1406/1719 1664/1407/1720
f 1664/1407/1720 1663/1406/1719 1665/1408/1721
f 1665/1408/1721 1663/1406/1719 1666/1409/1722
f 1665/1408/1721 1666/1409/1722 1667/1410/1723
f 1668/1411/1724 1666/1409/1722 1669/1412/1725
f 1669/1412/1725 1666/1409/1722 1663/1406/1719
f 1669/1412/1725 1663/1406/1719 1662/1405/1718
f 1659/1402/1715 1670/1413/1726 1661/1404/1717
f 1671/1414/1727 1670/1413/1726 1659/1402/1715
f 1661/1404/1717 1670/1413/1726 1672/1415/1728
f 1671/1414/1727 1672/1415/1728 1670/1413/1726
f 1673/1416/1729 1674/1417/1730 1675/1418/1731
f 1673/1416/1729 1675/1418/1731 1676/1419/1732
f 1637/1380/1692 1677/1420/1733 1640/1383/1695
f 1676/1419/1732 1675/1418/1731 1677/1420/1733
f 1640/1383/1695 1677/1420/1733 1672/1415/1728
f 1677/1420/1733 1675/1418/1731 1672/1415/1728
f 1672/1415/1728 1678/1421/1734 1661/1404/1717
f 1672/1415/1728 1675/1418/1731 1678/1421/1734
f 1675/1418/1731 1674/1417/1730 1678/1421/1734
f 1661/1404/1717 1679/1422/1735 1662/1405/1718
f 1661/1404/1717 1678/1421/1734 1679/1422/1735
f 1662/1405/1718 1679/1422/1735 1680/1423/1736
f 1662/1405/1718 1680/1423/1736 1681/1424/1737
f 1681/1424/1737 1680/1423/1736 1682/1425/1738
f 1681/1424/1737 1682/1425/1738 1683/1412/1739
f 1682/1425/1738 1680/1423/1736 1684/1426/1740
f 1683/1412/1739 1682/1425/1738 1684/1426/1740
f 1683/1412/1739 1684/1426/1740 1685/1411/1741
f 1685/1411/1741 1684/1426/1740 1686/1427/1742
f 1685/1411/1741 1686/1427/1742 1687/1409/1743
f 1687/1409/1743 1686/1427/1742 1688/1428/1744
f 1687/1409/1743 1688/1428/1744 1689/1410/1745
f 1684/1426/1740 1680/1423/1736 1690/1429/1746
f 1684/1426/1740 1691/1430/1747 1686/1427/1742
f 1686/1427/1742 1691/1430/1747 1688/1428/1744
f 1684/1426/1740 1690/1429/1746 1691/1430/1747
f 1688/1428/1744 1691/1430/1747 1692/1431/1748
f 1678/1421/1734 1693/1432/1749 1679/1422/1735
f 1680/1423/1736 1693/1432/1749 1690/1429/1746
f 1679/1422/1735 1693/1432/1749 1680/1423/1736
f 1678/1421/1734 1674/1417/1730 1693/1432/1749
f 1690/1429/1746 1693/1432/1749 1694/1433/1750
f 1694/1433/1750 1693/1432/1749 1674/1417/1730
f 1694/1433/1750 1695/1434/1751 1690/1429/1746
f 1690/1429/1746 1695/1434/1751 1691/1430/1747
f 1691/1430/1747 1696/1435/1752 1692/1431/1748
f 1691/1430/1747 1695/1434/1751 1696/1435/1752
f 1692/1431/1748 1696/1435/1752 1697/1436/1753
f 1698/1437/1754 1649/1392/1705 1648/1391/1704
f 1699/1438/1755 1700/1439/1756 1698/1437/1757
f 1644/1387/1700 1649/1392/1705 1698/1437/1754
f 1701/1440/1758 1644/1387/1759 1699/1438/1760
f 1702/1441/1761 1644/1387/1759 1701/1440/1758
f 1644/1387/1700 1703/1442/1762 1649/1392/1705
f 1643/1386/1699 1703/1442/1762 1644/1387/1700
f 1698/1437/1754 1648/1391/1704 1704/1443/1763
f 1705/1444/1764 1706/1445/1765 1707/1446/1766
f 1707/1446/1766 1706/1445/1765 1708/1447/1767
f 1709/1448/1768 1706/1445/1765 1705/1444/1764
f 1710/1449/1769 1706/1445/1765 1709/1448/1768
f 1709/1448/1768 1705/1444/1764 1711/1450/1770
f 1709/1448/1768 1711/1450/1770 1712/1451/1771
f 1586/1330/1635 1712/1451/1771 1591/1335/1640
f 1586/1330/1635 1709/1448/1768 1712/1451/1771
f 1591/1335/1640 1713/1452/1772 1589/1333/1638
f 1712/1451/1771 1711/1450/1770 1713/1452/1772
f 1591/1335/1640 1712/1451/1771 1713/1452/1772
f 1713/1452/1772 1711/1450/1770 1714/1453/1773
f 1715/1454/1774 1711/1450/1770 1705/1444/1764
f 1714/1453/1773 1711/1450/1770 1715/1454/1774
f 1716/1455/1775 1705/1444/1764 1707/1446/1766
f 1715/1454/1774 1705/1444/1764 1716/1455/1775
f 1716/1455/1775 1707/1446/1766 1717/1456/1776
f 1718/1457/1777 1717/1456/1776 1719/1458/1778
f 1719/1458/1778 1717/1456/1776 1707/1446/1766
f 1719/1458/1778 1707/1446/1766 1720/1459/1779
f 1720/1459/1779 1707/1446/1766 1708/1447/1767
f 1720/1459/1779 1708/1447/1767 1721/1325/1780
f 1721/1325/1780 1708/1447/1767 1722/1326/1781
f 1722/1326/1781 1708/1447/1767 1723/1332/1782
f 1723/1332/1782 1708/1447/1767 1706/1445/1765
f 1724/1331/1783 1706/1445/1765 1710/1449/1769
f 1723/1332/1782 1706/1445/1765 1724/1331/1783
f 1724/1331/1783 1710/1449/1769 1725/1460/1784
f 1725/1460/1784 1710/1449/1769 1709/1448/1768
f 1725/1460/1784 1709/1448/1768 1586/1330/1635
f 1726/1461/1785 1600/1344/1649 1589/1333/1638
f 1589/1333/1638 1713/1452/1772 1726/1461/1785
f 1726/1461/1785 1629/1372/1786 1600/1344/1649
f 1727/1462/1787 1629/1372/1786 1726/1461/1785
f 1727/1462/1787 1713/1452/1772 1714/1453/1773
f 1726/1461/1785 1713/1452/1772 1727/1462/1787
f 1727/1462/1787 1714/1453/1773 1728/1463/1788
f 1727/1462/1787 1728/1463/1788 1729/1464/1789
f 1727/1462/1787 1729/1464/1789 1730/1372/1790
f 1731/1465/1791 1732/1466/1792 1733/1467/1793
f 1733/1467/1793 1732/1466/1792 1734/1468/1794
f 1733/1467/1793 1734/1468/1794 1735/1469/1795
f 1735/1469/1795 1734/1468/1794 1736/1470/1796
f 1734/1468/1794 1732/1466/1792 1737/1471/1797
f 1737/1471/1797 1732/1466/1792 1738/1472/1798
f 1737/1471/1797 1738/1472/1798 1739/1473/1799
f 1739/1473/1799 1738/1472/1798 1740/1474/1800
f 1739/1473/1799 1740/1474/1800 1741/1475/1801
f 1742/1475/1802 1743/1474/1803 1744/1473/1804
f 1744/1473/1804 1743/1474/1803 1745/1472/1805
f 1744/1473/1804 1745/1472/1805 1746/1471/1806
f 1746/1471/1806 1745/1472/1805 1747/1466/1807
f 1746/1471/1806 1747/1466/1807 1748/1468/1808
f 1748/1468/1808 1747/1466/1807 1749/1467/1809
f 1748/1468/1808 1749/1467/1809 1750/1469/1810
f 1748/1468/1808 1750/1469/1810 1751/1470/1811
f 1752/1476/1812 1677/1420/1733 1637/1380/1692
f 1640/1383/1695 1672/1415/1728 1753/1477/1813
f 1640/1383/1695 1753/1477/1813 1754/1478/1814
f 1754/1478/1814 1755/1479/1815 1641/1384/1696
f 1754/1478/1814 1753/1477/1813 1755/1479/1815
f 1641/1384/1696 1755/1479/1815 1756/1480/1816
f 1659/1402/1715 1757/1481/1817 1671/1414/1727
f 1641/1384/1696 1756/1480/1816 1757/1481/1817
f 1641/1384/1696 1757/1481/1817 1659/1402/1715
f 1671/1414/1727 1757/1481/1817 1756/1480/1816
f 1758/1482/1818 1755/1479/1815 1753/1477/1813
f 1758/1482/1818 1753/1477/1813 1672/1415/1728
f 1671/1414/1727 1756/1480/1816 1758/1482/1818
f 1758/1482/1818 1756/1480/1816 1755/1479/1815
f 1758/1482/1818 1672/1415/1728 1671/1414/1727
f 1570/1315/1618 1759/1483/1819 1760/1484/1820
f 1760/1484/1820 1759/1483/1819 1761/1485/1821
f 1761/1485/1821 1762/1486/1822 1760/1484/1820
f 1760/1484/1820 1762/1486/1822 1763/1487/1823
f 1764/1318/1824 1759/1483/1819 1570/1315/1618
f 1572/1317/1620 1764/1318/1824 1570/1315/1618
f 1570/1315/1618 1765/1488/1825 1571/1316/1619
f 1570/1315/1618 1760/1484/1820 1765/1488/1825
f 1766/1489/1826 1760/1484/1827 1767/1490/1828
f 1768/1319/1829 1764/1318/1824 1572/1317/1620
f 1769/1491/1830 1770/1492/1831 1771/1493/1832
f 1772/1494/1833 1770/1492/1831 1765/1488/1834
f 1772/1494/1833 1765/1488/1834 1767/1490/1835
f 1771/1493/1832 1770/1492/1831 1772/1494/1833
f 1772/1494/1833 1773/1495/1836 1771/1493/1832
f 1772/1494/1833 1767/1490/1835 1773/1495/1836
f 1771/1493/1832 1773/1495/1836 1774/1496/1837
f 1775/1497/1838 1770/1492/1831 1769/1491/1830
f 1775/1497/1838 1769/1491/1830 1776/1498/1839
f 1776/1498/1839 1769/1491/1830 1771/1493/1832
f 1776/1498/1839 1771/1493/1832 1777/1499/1840
f 1777/1499/1840 1771/1493/1832 1778/1500/1841
f 1779/1501/1842 1771/1493/1832 1774/1496/1837
f 1778/1500/1841 1771/1493/1832 1779/1501/1842
f 1779/1501/1842 1774/1496/1837 1780/1502/1843
f 1780/1502/1843 1774/1496/1837 1781/1503/1844
f 1780/1502/1843 1781/1503/1844 1782/1504/1845
f 1782/1504/1845 1781/1503/1844 1783/1505/1846
f 1783/1505/1846 1784/1506/1847 1742/1475/1802
f 1783/1505/1846 1781/1503/1844 1784/1506/1847
f 1742/1475/1802 1784/1506/1847 1743/1474/1803
f 1743/1474/1803 1784/1506/1847 1785/1507/1848
f 1781/1503/1844 1774/1496/1837 1786/1508/1849
f 1786/1508/1849 1774/1496/1837 1773/1495/1836
f 1786/1508/1849 1773/1495/1836 1787/1509/1850
f 1786/1508/1849 1787/1509/1850 1788/1510/1851
f 1786/1508/1849 1788/1510/1851 1789/1511/1852
f 1786/1508/1849 1789/1511/1852 1781/1503/1844
f 1789/1511/1852 1785/1507/1848 1784/1506/1847
f 1781/1503/1844 1789/1511/1852 1784/1506/1847
f 1788/1510/1851 1790/1512/1853 1791/1513/1854
f 1743/1474/1803 1785/1507/1848 1792/1514/1855
f 1785/1507/1848 1793/1515/1856 1792/1514/1855
f 1743/1474/1803 1794/1516/1857 1745/1472/1805
f 1795/1517/1858 1745/1472/1805 1792/1514/1855
f 1793/1515/1856 1795/1517/1858 1792/1514/1855
f 1796/1518/1859 1797/1519/1860 1793/1515/1856
f 1793/1515/1856 1797/1519/1860 1795/1517/1858
f 1798/1520/1861 1799/1521/1862 1800/1522/1863
f 1800/1522/1863 1799/1521/1862 1801/1523/1864
f 88/73/88 1802/1524/1865 91/74/91
f 1800/1522/1863 1801/1523/1864 1802/1524/1865
f 1802/1524/1865 1801/1523/1864 1803/1525/1866
f 91/74/91 1804/1526/1867 84/84/84
f 91/74/91 1802/1524/1865 1804/1526/1867
f 1802/1524/1865 1803/1525/1866 1804/1526/1867
f 1804/1526/1867 1803/1525/1866 1805/1527/1868
f 84/84/84 1804/1526/1867 1805/1527/1868
f 1805/1527/1868 1803/1525/1866 1806/1528/1869
f 1803/1525/1866 1801/1523/1864 1807/1529/1870
f 1806/1528/1869 1807/1529/1870 1797/1519/1860
f 1806/1528/1869 1803/1525/1866 1807/1529/1870
f 1797/1519/1860 1808/1530/1871 1795/1517/1858
f 1797/1519/1860 1807/1529/1870 1808/1530/1871
f 1795/1517/1858 1809/1531/1872 1745/1472/1805
f 1745/1472/1805 1809/1531/1872 1747/1466/1807
f 1795/1517/1858 1808/1530/1871 1809/1531/1872
f 1747/1466/1807 1809/1531/1872 1810/1532/1873
f 1807/1529/1870 1811/1533/1874 1808/1530/1871
f 1807/1529/1870 1801/1523/1864 1811/1533/1874
f 1808/1530/1871 1811/1533/1874 1809/1531/1872
f 1799/1521/1862 1811/1533/1874 1801/1523/1864
f 1812/82/1875 1811/1533/1874 1799/1521/1862
f 1809/1531/1872 1811/1533/1874 1812/82/1875
f 1813/1534/1876 1810/1532/1877 1812/82/1878
f 1814/1465/1879 1747/1466/1807 1810/1532/1873
f 1749/1467/1809 1747/1466/1807 1814/1465/1879
f 1814/1465/1879 1810/1532/1873 1815/81/1880
f 1816/1535/1881 1810/1532/1873 1809/1531/1872
f 1817/1536/1882 1818/1537/1883 1762/1486/1822
f 1817/1536/1882 1819/1538/1884 1818/1537/1883
f 1790/1512/1853 1820/1539/1885 1791/1513/1854
f 1818/1537/1883 1819/1538/1884 1820/1539/1885
f 1818/1537/1883 1820/1539/1885 1790/1512/1853
f 1821/1540/1886 1819/1538/1884 1796/1518/1859
f 1791/1513/1854 1820/1539/1885 1821/1540/1887
f 1796/1518/1859 1793/1515/1856 1821/1540/1886
f 1822/1541/1888 1789/1511/1852 1788/1510/1851
f 1822/1541/1888 1788/1510/1851 1791/1513/1854
f 1822/1541/1888 1785/1507/1848 1789/1511/1852
f 1791/1513/1854 1821/1540/1887 1822/1541/1888
f 1823/1542/1889 1821/1540/1887 1820/1539/1885
f 1824/1543/1890 1785/1507/1848 1822/1541/1888
f 1825/1544/1891 1790/1512/1853 1788/1510/1851
f 1826/1545/1892 1827/1546/1893 1825/1544/1891
f 1825/1544/1891 1827/1546/1893 1790/1512/1853
f 66/66/66 1828/1547/1894 74/74/74
f 1828/1547/1894 66/66/66 70/70/70
f 45/45/45 1828/1547/1894 54/54/54
f 74/74/74 1828/1547/1894 1829/1526/1895
f 74/74/74 1829/1526/1895 1830/1524/1896
f 73/73/73 1830/1524/1896 75/75/75
f 74/74/74 1830/1524/1896 73/73/73
f 75/75/75 1830/1524/1896 1831/1522/1897
f 75/75/75 1831/1522/1897 76/76/76
f 76/76/76 1831/1522/1897 1832/1520/1898
f 76/76/76 1832/1520/1898 77/77/77
f 77/77/77 1832/1520/1898 1833/1521/1899
f 77/77/77 1833/1521/1899 78/78/78
f 1832/1520/1898 1831/1522/1897 1833/1521/1899
f 78/78/78 1833/1521/1899 82/82/82
f 82/82/82 1833/1521/1899 1834/1548/1900
f 1835/1531/1901 1738/1472/1798 1732/1466/1792
f 82/82/82 1834/1548/1900 1835/1531/1901
f 1835/1531/1901 1834/1548/1900 1836/1530/1902
f 1835/1531/1901 1836/1530/1902 1837/1549/1903
f 1835/1531/1901 1837/1549/1903 1738/1472/1798
f 1833/1521/1899 1838/1523/1904 1834/1548/1900
f 1831/1522/1897 1830/1524/1896 1838/1523/1904
f 1833/1521/1899 1831/1522/1897 1838/1523/1904
f 1834/1548/1900 1839/1529/1905 1836/1530/1902
f 1834/1548/1900 1838/1523/1904 1839/1529/1905
f 1836/1530/1902 1840/1519/1906 1837/1549/1903
f 1836/1530/1902 1839/1529/1905 1840/1519/1906
f 1837/1549/1903 1840/1519/1906 1841/1550/1907
f 1841/1550/1907 1840/1519/1906 1842/1518/1908
f 1841/1550/1907 1842/1518/1908 1843/1551/1909
f 1830/1524/1896 1829/1526/1895 1844/1525/1910
f 1838/1523/1904 1844/1525/1910 1839/1529/1905
f 1838/1523/1904 1830/1524/1896 1844/1525/1910
f 1839/1529/1905 1845/1528/1911 1840/1519/1906
f 1839/1529/1905 1844/1525/1910 1845/1528/1911
f 1840/1519/1906 1845/1528/1911 1846/1552/1912
f 1840/1519/1906 1846/1552/1912 1842/1518/1908
f 1842/1518/1908 1846/1552/1912 1847/1553/1913
f 42/42/42 1847/1553/1913 43/43/43
f 1842/1518/1908 1847/1553/1913 1848/1538/1914
f 1848/1538/1914 1843/1551/1909 1842/1518/1908
f 1848/1538/1914 1847/1553/1913 1849/1554/1915
f 1849/1554/1915 1847/1553/1913 42/42/42
f 43/43/43 1850/1555/1916 45/45/45
f 43/43/43 1847/1553/1913 1850/1555/1916
f 45/45/45 1850/1555/1916 1828/1547/1894
f 1844/1525/1910 1851/1527/1917 1845/1528/1911
f 1828/1547/1894 1851/1527/1917 1829/1526/1895
f 1844/1525/1910 1829/1526/1895 1851/1527/1917
f 1850/1555/1916 1851/1527/1917 1828/1547/1894
f 1847/1553/1913 1851/1527/1917 1850/1555/1916
f 1846/1552/1912 1851/1527/1917 1847/1553/1913
f 1845/1528/1911 1851/1527/1917 1846/1552/1912
f 1852/1556/1918 1849/1554/1915 42/42/42
f 1853/1557/1919 1849/1554/1915 1852/1556/1918
f 1854/1485/1920 1853/1557/1919 1852/1556/1918
f 1854/1485/1920 44/44/44 47/47/47
f 1854/1485/1920 42/42/42 44/44/44
f 1852/1556/1918 42/42/42 1854/1485/1920
f 1573/1318/1621 1576/1321/1624 1855/1483/1921
f 1855/1483/1921 37/37/37 1573/1318/1621
f 1855/1483/1921 47/47/47 37/37/37
f 1854/1485/1920 47/47/47 1855/1483/1921
f 1854/1485/1920 1856/1558/1922 1853/1557/1919
f 1857/1559/1923 1856/1558/1922 1854/1485/1920
f 1856/1558/1922 1857/1559/1923 1576/1321/1624
f 1576/1321/1624 1577/1316/1625 1858/1560/1924
f 1856/1558/1922 1576/1321/1624 1858/1560/1924
f 1858/1560/1924 1859/1561/1925 1856/1558/1922
f 1856/1558/1922 1859/1561/1925 1860/1512/1926
f 1856/1558/1922 1860/1512/1926 1853/1557/1919
f 1843/1551/1909 1848/1538/1914 1861/1539/1927
f 1861/1539/1927 1849/1554/1915 1853/1557/1919
f 1853/1557/1919 1860/1512/1926 1861/1539/1927
f 1848/1538/1914 1849/1554/1915 1861/1539/1927
f 1861/1539/1927 1860/1512/1926 1862/1562/1928
f 1861/1539/1927 1862/1562/1928 1843/1551/1909
f 1843/1551/1909 1862/1562/1928 1863/1541/1929
f 1863/1541/1929 1862/1562/1928 1864/1563/1930
f 1863/1541/1929 1864/1563/1930 1865/1564/1931
f 1860/1512/1926 1859/1561/1925 1866/1565/1932
f 1865/1564/1931 1866/1565/1932 1867/1566/1933
f 1868/1567/1934 1860/1512/1926 1866/1565/1932
f 1869/1568/1935 1859/1561/1925 1858/1560/1924
f 1870/1569/1936 1843/1551/1909 1863/1541/1929
f 1870/1569/1936 1841/1550/1907 1843/1551/1909
f 1865/1564/1931 1870/1569/1936 1863/1541/1929
f 1740/1474/1800 1870/1569/1936 1871/1506/1937
f 1870/1569/1936 1865/1564/1931 1871/1506/1937
f 1871/1506/1937 1741/1475/1801 1740/1474/1800
f 1858/1560/1924 1872/1492/1938 1869/1568/1935
f 1869/1568/1935 1872/1492/1938 1873/1493/1939
f 1869/1568/1935 1873/1493/1939 1874/1495/1940
f 1874/1495/1940 1875/1496/1941 1867/1566/1933
f 1874/1495/1940 1873/1493/1939 1875/1496/1941
f 1867/1566/1933 1875/1496/1941 1876/1503/1942
f 1865/1564/1931 1876/1503/1942 1871/1506/1937
f 1867/1566/1933 1876/1503/1942 1865/1564/1931
f 1877/1491/1943 1872/1492/1938 1878/1497/1944
f 1878/1497/1944 1879/1498/1945 1877/1491/1943
f 1877/1491/1943 1879/1498/1945 1873/1493/1939
f 1872/1492/1938 1877/1491/1943 1873/1493/1939
f 1873/1493/1939 1879/1498/1945 1880/1499/1946
f 1873/1493/1939 1880/1499/1946 1881/1500/1947
f 1873/1493/1939 1882/1501/1948 1875/1496/1941
f 1873/1493/1939 1881/1500/1947 1882/1501/1948
f 1875/1496/1941 1883/1502/1949 1876/1503/1942
f 1875/1496/1941 1882/1501/1948 1883/1502/1949
f 1876/1503/1942 1883/1502/1949 1884/1504/1950
f 1876/1503/1942 1884/1504/1950 1885/1505/1951
f 1871/1506/1937 1885/1505/1951 1741/1475/1801
f 1876/1503/1942 1885/1505/1951 1871/1506/1937
f 1886/1570/1952 1858/1560/1924 1577/1316/1625
f 1872/1492/1938 1858/1560/1924 1886/1570/1952
f 1872/1492/1938 1886/1570/1952 1878/1497/1944
f 1887/1514/1953 1841/1550/1907 1870/1569/1936
f 1738/1472/1798 1837/1549/1903 1887/1514/1953
f 1887/1514/1953 1837/1549/1903 1841/1550/1907
f 1870/1569/1936 1740/1474/1800 1887/1514/1953
f 1887/1514/1953 1740/1474/1800 1738/1472/1798
f 1888/1571/1954 1869/1568/1935 1874/1495/1940
f 1889/1572/1955 81/81/81 82/82/82
f 81/81/81 1889/1572/1955 1731/1465/1791
f 1731/1465/1791 1889/1572/1955 1732/1466/1792
f 1835/1531/1901 1889/1572/1955 82/82/82
f 1732/1466/1792 1889/1572/1955 1835/1531/1901
f 1890/1573/1956 1891/1574/1957 1736/1470/1796
f 1891/1574/1957 1735/1469/1795 1736/1470/1796
f 1892/1570/1958 1770/1492/1959 1893/1575/1960
f 1648/1391/1704 1894/1576/1961 1704/1443/1763
f 1895/1577/1962 1894/1576/1961 1648/1391/1704
f 1821/1540/1886 1793/1515/1856 1896/1578/1963
f 1866/1565/1932 1897/1579/1964 1867/1566/1933
f 1859/1561/1925 1897/1579/1964 1866/1565/1932
f 1898/1573/1965 1751/1470/1811 1899/1574/1966
f 1899/1574/1966 1751/1470/1811 1750/1469/1810
f 1765/1488/1967 1900/1580/1968 1901/1581/1969
f 1901/1581/1969 1900/1580/1968 1892/1570/1970
f 1902/1582/1971 1634/1377/1686 1903/1583/1972
f 1903/1583/1972 1634/1377/1686 1633/1376/1685
f 1902/1582/1973 1904/1584/1974 1616/1359/1665
f 1616/1359/1665 1904/1584/1974 1617/1360/1666
f 1617/1360/1666 1905/1585/1975 1620/1363/1669
f 1617/1360/1666 1904/1584/1974 1905/1585/1975
f 1622/1365/1671 1906/1586/1976 1623/1366/1672
f 1620/1363/1669 1906/1586/1976 1622/1365/1671
f 1620/1363/1669 1905/1585/1975 1906/1586/1976
f 1623/1366/1672 1906/1586/1976 1907/1587/1977
f 1623/1366/1672 1908/1588/1978 1624/1367/1673
f 1623/1366/1672 1907/1587/1977 1908/1588/1978
f 1654/1397/1710 1909/1589/1979 1653/1396/1709
f 1653/1396/1709 1909/1589/1979 1910/1590/1980
f 1652/1395/1708 1911/1591/1981 1651/1394/1707
f 1653/1396/1709 1911/1591/1981 1652/1395/1708
f 1653/1396/1709 1910/1590/1980 1911/1591/1981
f 1651/1394/1707 1911/1591/1981 1912/1592/1982
f 1651/1394/1707 1912/1592/1982 1650/1393/1706
f 1650/1393/1706 1913/1593/1983 1648/1391/1704
f 1650/1393/1706 1912/1592/1982 1913/1593/1983
f 1648/1391/1704 1913/1593/1983 1914/1594/1984
f 1915/1595/1985 181/10/180 183/7/182
f 1916/1596/1986 1917/1597/1987 1915/1595/1985
f 1915/1595/1985 183/7/182 1916/1596/1986
f 1918/1598/1988 96/87/96 1916/1596/1986
f 90/66/90 1919/1599/1989 89/65/89
f 1916/1596/1986 96/87/96 1919/1599/1989
f 87/64/87 1919/1599/1989 96/87/96
f 89/65/89 1919/1599/1989 87/64/87
f 1916/1596/1986 1919/1599/1989 1917/1597/1987
f 1920/50/1990 180/12/179 181/10/180
f 1921/1600/1991 1920/50/1990 1922/51/1992
f 1920/50/1990 181/10/180 1923/52/1993
f 1923/52/1993 181/10/180 1915/1595/1985
f 1922/51/1992 1920/50/1990 1923/52/1993
f 86/45/86 1922/51/1992 1924/53/1994
f 86/45/86 1924/53/1994 85/70/85
f 1922/51/1992 1923/52/1993 1924/53/1994
f 1924/53/1994 1923/52/1993 1925/68/1995
f 85/70/85 1924/53/1994 1925/68/1995
f 1925/68/1995 1923/52/1993 1915/1595/1985
f 1925/68/1995 1915/1595/1985 1917/1597/1987
f 85/70/85 1925/68/1995 90/66/90
f 1920/50/1990 1926/34/1996 180/12/179
f 1921/1600/1991 1926/34/1996 1920/50/1990
f 1916/1596/1986 1927/5/1997 1918/1598/1988
f 1916/1596/1986 183/7/182 1927/5/1997
f 1928/1/1998 176/3/175 177/2/176
f 1928/1/1998 175/4/174 176/3/175
f 1918/1598/1988 1927/5/1997 1928/1/1998
f 1927/5/1997 175/4/174 1928/1/1998
f 1918/1598/1988 1928/1/1998 1929/1601/1999
f 1930/37/2000 1759/1483/1819 1764/1318/1824
f 1931/48/2001 1926/34/1996 1921/1600/1991
f 1930/37/2000 1932/35/2002 1931/48/2001
f 1931/48/2001 1932/35/2002 1926/34/1996
f 1931/48/2001 1921/1600/1991 1933/46/2003
f 86/45/86 1933/46/2003 1922/51/1992
f 1933/46/2003 1921/1600/1991 1922/51/1992
f 1927/5/1997 1934/6/2004 175/4/174
f 183/7/182 1934/6/2004 1927/5/1997
f 135/21/134 1934/6/2004 133/22/132
f 175/4/174 1934/6/2004 135/21/134
f 184/8/183 133/22/132 1934/6/2004
f 184/8/183 1934/6/2004 183/7/182
f 1928/1/1998 177/2/176 1935/1602/2005
f 1928/1/1998 1935/1602/2005 1936/1603/2006
f 1937/47/2007 1931/48/2001 1933/46/2003
f 1937/47/2007 1761/1485/1821 1759/1483/1819
f 1937/47/2007 1759/1483/1819 1930/37/2000
f 1930/37/2000 1931/48/2001 1937/47/2007
f 1937/47/2007 1933/46/2003 1938/44/2008
f 1938/44/2008 1933/46/2003 86/45/86
f 1938/44/2008 1761/1485/1821 1937/47/2007
f 90/66/90 1925/68/1995 1939/67/2009
f 90/66/90 1939/67/2009 1919/1599/1989
f 87/64/87 95/63/95 1940/71/2010
f 1940/71/2010 95/63/95 1941/72/2011
f 1941/72/2011 95/63/95 93/86/93
f 1802/1524/1865 1942/75/2012 1800/1522/1863
f 88/73/88 1942/75/2012 1802/1524/1865
f 87/64/87 1942/75/2012 88/73/88
f 1800/1522/1863 1943/76/2013 1798/1520/1861
f 87/64/87 1943/76/2013 1942/75/2012
f 1800/1522/1863 1942/75/2012 1943/76/2013
f 1940/71/2010 1943/76/2013 87/64/87
f 1941/72/2011 1943/76/2013 1940/71/2010
f 1798/1520/1861 1944/77/2014 1799/1521/1862
f 1941/72/2011 1944/77/2014 1943/76/2013
f 93/86/93 1944/77/2014 1941/72/2011
f 1798/1520/1861 1943/76/2013 1944/77/2014
f 1812/82/1875 1945/78/2015 1815/81/2016
f 1799/1521/1862 1944/77/2014 1945/78/2015
f 1799/1521/1862 1945/78/2015 1812/82/1875
f 93/86/93 1945/78/2015 1944/77/2014
f 1815/81/2016 1945/78/2015 1946/80/2017
f 1946/80/2017 1945/78/2015 1947/1604/2018
f 1947/1604/2018 1945/78/2015 93/86/93
f 84/84/84 1948/1555/2019 86/45/86
f 84/84/84 1805/1527/1868 1948/1555/2019
f 86/45/86 1948/1555/2019 1949/43/2020
f 86/45/86 1949/43/2020 1938/44/2008
f 1950/42/2021 1817/1536/1882 1762/1486/1822
f 1950/42/2021 1761/1485/1821 1938/44/2008
f 1938/44/2008 1949/43/2020 1950/42/2021
f 1950/42/2021 1762/1486/1822 1761/1485/1821
f 1796/1518/1859 1819/1538/1884 1951/1553/2022
f 1951/1553/2022 1819/1538/1884 1817/1536/1882
f 1951/1553/2022 1817/1536/1882 1950/42/2021
f 1951/1553/2022 1948/1555/2019 1805/1527/1868
f 1951/1553/2022 1949/43/2020 1948/1555/2019
f 1950/42/2021 1949/43/2020 1951/1553/2022
f 1952/1552/2023 1797/1519/1860 1796/1518/1859
f 1952/1552/2023 1806/1528/1869 1797/1519/1860
f 1952/1552/2023 1805/1527/1868 1806/1528/1869
f 1951/1553/2022 1805/1527/1868 1952/1552/2023
f 1952/1552/2023 1796/1518/1859 1951/1553/2022
f 1953/38/2024 1764/1318/1824 1768/1319/1829
f 1930/37/2000 1764/1318/1824 1953/38/2024
f 1953/38/2024 1768/1319/1829 1954/40/2025
f 1953/38/2024 1954/40/2025 1955/39/2026
f 1956/36/2027 1930/37/2000 1953/38/2024
f 1956/36/2027 1932/35/2002 1930/37/2000
f 1953/38/2024 1955/39/2026 1956/36/2027
f 1956/36/2027 1955/39/2026 1957/41/2028
f 1956/36/2027 1957/41/2028 1958/33/2029
f 1958/33/2029 1932/35/2002 1956/36/2027
f 1958/33/2029 1926/34/1996 1932/35/2002
f 1958/33/2029 1957/41/2028 1959/1605/2030
f 140/30/139 142/29/141 1960/31/2031
f 1960/31/2031 142/29/141 1961/18/2032
f 142/29/141 144/28/143 1961/18/2032
f 1960/31/2031 1961/18/2032 1962/32/2033
f 1962/32/2033 1961/18/2032 1963/16/2034
f 1958/33/2029 1963/16/2034 1926/34/1996
f 1962/32/2033 1963/16/2034 1958/33/2029
f 1961/18/2032 1964/17/2035 1963/16/2034
f 146/27/145 1964/17/2035 144/28/143
f 1961/18/2032 144/28/143 1964/17/2035
f 1965/15/2036 1964/17/2035 146/27/145
f 1963/16/2034 1964/17/2035 1965/15/2036
f 146/27/145 148/26/147 1965/15/2036
f 1965/15/2036 148/26/147 178/13/177
f 1965/15/2036 1966/14/2037 1963/16/2034
f 1963/16/2034 1966/14/2037 1926/34/1996
f 1926/34/1996 1966/14/2037 180/12/179
f 180/12/179 1966/14/2037 178/13/177
f 1965/15/2036 178/13/177 1966/14/2037
f 1967/1606/2038 1935/1602/2039 1968/1607/2040
f 62/62/62 1969/1602/2041 1/1/1
f 1/1/1 1969/1602/2041 2/2/2
f 79/79/79 1969/1602/2041 62/62/62
