# Blender 5.1.1
# www.blender.org
mtllib Heather_VEST.mtl
o Heather_VEST
v -11.635513 10.779953 14.921350
v -11.592346 10.918880 15.215457
v -11.477522 10.970793 14.873926
v -11.346159 11.073433 15.101113
v -11.220939 11.020165 14.802340
v -11.132428 11.079496 15.026537
v -11.473255 10.930904 14.845762
v -11.612113 10.747557 14.902312
v -10.689502 10.734042 14.999442
v -10.609526 10.478338 14.934996
v -10.849373 10.748127 14.714937
v -10.861984 10.977397 15.028015
v -10.771946 10.528297 14.725561
v -10.799026 10.520271 14.720015
v -10.998074 10.933184 14.734674
v -10.866582 10.731435 14.706945
v -10.668321 10.547963 15.051975
v -10.753512 10.715229 15.105188
v -10.930593 10.925058 15.100547
v -11.014569 10.905832 14.729229
v -11.052692 11.001839 14.983191
v -11.219444 10.983965 14.780274
v -11.204453 11.018804 15.007768
v -11.487017 10.866640 15.085090
v -11.357597 10.974861 15.022481
v -11.221951 10.984104 14.780057
v -10.977412 10.567617 17.295427
v -10.967683 10.727037 17.112450
v -10.811823 10.739516 17.306019
v -10.677549 10.875755 17.057695
v -10.562593 10.792979 17.233725
v -10.815039 10.826206 17.117823
v -10.265691 10.154957 16.857418
v -10.311131 10.020294 16.652950
v -10.358194 9.957732 16.806282
v -10.293092 10.456130 16.628672
v -10.259511 10.308144 16.605947
v -10.229394 10.364788 16.949816
v -10.382044 10.634811 16.668615
v -10.258465 10.566657 17.044527
v -10.372980 10.723339 17.140867
v -11.221128 11.019703 14.798475
v -10.551432 10.831203 17.210476
v -10.781850 10.930789 17.030312
v -10.558847 10.933060 16.963249
v -10.809998 10.784282 17.284195
v -11.057087 10.790538 17.046921
v -10.992646 10.605482 17.293251
v -10.351828 10.751334 17.129519
v -10.245504 10.637400 16.702627
v -10.374852 10.854458 16.811232
v -10.205896 10.368824 16.929483
v -10.241371 10.585454 17.029633
v -10.172725 10.368291 16.666283
v -10.244119 10.148241 16.838182
v -10.553530 10.832581 17.208754
v -10.567254 10.934283 16.965004
v -10.562231 10.793833 17.231224
v -11.132123 11.079776 15.023252
v -10.257758 10.179927 16.631248
v -10.501785 10.816328 16.800394
v -10.534712 10.863105 16.978920
v -10.178391 10.142183 16.712389
v -10.351095 9.941591 16.781898
v -11.642337 9.653096 16.371428
v -11.746276 9.671578 16.112206
v -11.787397 9.103759 16.087852
v -11.187211 10.056485 17.108503
v -11.345558 10.229759 16.901770
v -11.336544 9.919810 16.893726
v -11.457589 10.009458 16.707453
v -11.479650 10.414999 16.572775
v -11.527293 9.619936 16.649633
v -11.548234 10.709782 16.163403
v -11.637062 10.794367 15.718679
v -11.708653 10.461809 15.724775
v -11.613642 10.451091 16.166487
v -11.363148 10.723317 16.626776
v -11.264911 10.516108 16.979397
v -11.404764 11.074653 15.564412
v -11.393634 11.055200 15.829947
v -11.350065 10.960936 16.141634
v -11.199822 10.984080 16.459335
v -11.079382 11.016642 16.670527
v -10.501668 10.217415 14.854385
v -10.631855 10.263693 14.845463
v -10.481132 9.974803 14.850271
v -10.682931 9.912556 14.828955
v -10.806262 10.069322 14.824214
v -10.978221 9.857018 14.907237
v -11.048632 9.484143 14.941307
v -10.763160 9.573695 14.885473
v -10.582486 9.615797 14.874178
v -11.727976 10.076420 15.853613
v -11.739947 10.073226 15.504829
v -11.784495 9.685780 15.517050
v -11.696306 10.067254 16.134956
v -11.795123 9.688913 15.837223
v -11.602561 10.046651 16.389872
v -10.556232 9.747563 16.775715
v -10.243900 9.793511 16.697777
v -10.085057 9.896399 16.594170
v -10.078391 10.105360 16.613106
v -10.097427 10.357618 16.477547
v -9.872405 10.070425 16.425573
v -9.827059 9.883420 16.365458
v -9.817194 9.896191 16.078463
v -9.938230 9.890941 16.605310
v -9.982221 10.068656 16.600237
v -9.984587 10.132346 16.452776
v -10.060053 10.348713 16.216160
v -9.950370 10.106324 16.199608
v -10.003331 10.074580 15.908881
v -10.085835 10.323443 15.881970
v -9.841219 10.049891 16.137478
v -9.851227 9.878915 15.894189
v -9.916124 10.042724 15.914751
v -9.983352 9.805453 15.901957
v -9.990148 9.669349 15.746561
v -10.040680 9.999210 15.779072
v -10.069312 9.989315 15.549247
v -10.000637 9.676679 15.517282
v -10.079236 9.439284 15.752755
v -10.082787 9.443789 15.505103
v -10.112431 10.333585 15.659204
v -10.135250 10.334044 15.653420
v -9.976139 10.527069 15.844500
v -10.097386 9.994151 15.549355
v -10.047151 9.682763 15.534215
v -10.114127 9.447669 15.524145
v -10.120900 10.330419 15.653926
v -10.058929 10.555744 15.560046
v -10.064102 10.564344 15.563303
v -10.227467 10.662180 15.393881
v -10.220562 10.674257 15.363729
v -10.474226 10.855590 15.268896
v -10.387411 10.639847 15.254298
v -10.559477 10.697086 15.135465
v -10.325602 10.397899 15.223680
v -10.469186 10.440886 15.056801
v -10.216473 10.357195 15.445788
v -10.096272 10.080011 15.438793
v -10.098642 9.997376 15.554345
v -10.066416 9.719007 15.438118
v -10.050320 9.690188 15.539677
v -10.155511 9.476223 15.446492
v -10.105274 9.465500 15.537220
v -10.182132 10.149245 15.228031
v -10.066813 10.069101 15.370799
v -10.117200 9.819960 15.251216
v -10.279273 9.946630 14.976982
v -10.303703 10.194813 15.031713
v -10.398214 10.188457 14.832505
v -10.384314 10.027470 14.781254
v -10.402264 9.997050 14.802448
v -10.075007 9.942446 14.903597
v -9.947209 9.909814 15.241344
v -10.005094 9.907880 15.407072
v -9.982890 9.697021 15.277430
v -10.122196 9.735102 14.901423
v -10.435942 9.632914 14.788054
v -9.994329 10.528333 15.846675
v -9.832533 10.601452 16.048782
v -9.835806 10.589136 16.048985
v -11.726395 10.622091 15.311406
v -11.734087 10.315373 15.341451
v -11.719843 10.002451 15.269571
v -9.881861 9.993192 16.041702
v -9.970759 9.912313 16.583778
v -10.314999 10.902224 16.614727
v -10.242867 10.856888 16.372063
v -10.274973 10.771551 16.210524
v -10.200390 10.817825 16.182423
v -10.208408 10.683795 16.071432
v -10.084281 10.689843 16.013084
v -9.995622 10.713851 16.136623
v -10.158689 10.556902 15.921095
v -10.074567 10.568551 15.875049
v -9.975481 10.651374 16.009026
v -10.154583 10.578861 16.215881
v -10.186771 10.610019 16.489227
v -9.890703 9.772615 15.982887
v -9.898224 9.720629 16.319490
v -9.902639 9.489560 16.212126
v -9.959570 9.446407 15.908727
v -10.028754 9.531218 16.572464
v -10.173542 9.516884 16.572340
v -10.221785 7.493731 15.491582
v -10.229511 7.484606 15.580607
v -10.240289 7.750432 15.496489
v -11.120590 8.351409 14.772661
v -11.047337 8.395424 14.658608
v -11.102980 8.080405 14.739475
v -10.345409 7.859077 14.982914
v -10.399290 8.276213 14.984301
v -10.447903 8.097369 15.092539
v -10.402927 7.735527 15.127182
v -10.577633 7.742044 14.919783
v -10.631630 7.875709 14.745602
v -10.812085 7.759113 14.775757
v -11.001604 7.875644 14.654372
v -11.073036 7.780381 14.741874
v -10.996743 8.094591 14.629194
v -10.646842 8.090435 14.723924
v -10.488472 7.751716 16.741770
v -10.324865 7.772624 16.493618
v -10.244053 7.854478 16.665302
v -10.225813 8.248477 16.657156
v -10.494546 8.273607 16.875725
v -10.535527 7.827228 16.917145
v -10.586596 8.048104 16.821184
v -10.664688 7.741199 16.913382
v -10.121519 7.865370 16.274389
v -10.216913 7.743290 16.215464
v -10.195028 8.084606 16.227222
v -10.103092 8.287033 16.289137
v -10.200586 8.474779 16.205450
v -10.244052 8.410488 15.479094
v -10.292824 8.409436 15.545093
v -10.294400 8.722588 15.494441
v -11.069575 9.810256 16.960346
v -11.224538 9.546067 16.829956
v -10.872617 9.466606 16.849016
v -10.806421 9.690085 16.873304
v -10.784009 9.734537 16.863508
v -11.016927 9.823923 16.968744
v -11.139684 10.051551 17.115700
v -11.107719 10.353456 17.222448
v -11.138728 10.376340 17.211405
v -11.721564 10.525271 15.011383
v -11.201530 11.183440 15.283216
v -10.985591 11.142797 15.194976
v -11.351930 11.114214 15.392396
v -10.962804 11.028258 16.825960
v -10.724510 11.041487 16.843805
v -10.573710 11.016943 16.770601
v -11.689158 10.505991 14.979543
v -11.703116 10.184081 15.044668
v -11.660774 10.177933 15.012965
v -11.513937 9.909943 15.042190
v -11.474855 9.927208 15.003059
v -11.234950 9.796373 14.950980
v -11.209538 9.838102 14.940950
v -10.956491 9.900403 14.876433
v -10.818385 10.094496 14.808535
v -10.666364 9.309527 14.906482
v -10.857038 9.240516 14.932044
v -11.135602 9.179273 14.936766
v -10.927591 9.010468 14.907785
v -10.265594 9.246790 15.458468
v -10.239706 9.229857 15.539946
v -10.292277 8.976704 15.517145
v -10.296504 8.403317 15.545094
v -10.402637 8.708806 15.264936
v -10.297575 8.707152 15.494441
v -10.232331 8.064953 15.482789
v -10.345122 8.042877 15.282308
v -10.245607 7.746900 15.496490
v -10.351658 7.724984 15.275467
v -10.361037 7.497334 15.284170
v -10.230309 7.484197 15.580608
v -10.518519 7.502049 14.995782
v -10.693887 7.514406 14.822124
v -10.892725 7.533780 14.745977
v -11.265524 7.530132 14.750433
v -11.503375 7.759773 14.876652
v -11.531512 7.534011 14.855156
v -11.783423 7.778061 15.080170
v -11.849394 7.547708 15.107493
v -11.951144 7.789022 15.354412
v -12.013165 7.569460 15.346750
v -11.956218 7.792349 15.725205
v -12.013976 7.563179 15.734839
v -11.898928 7.796122 16.108440
v -11.788079 8.082372 16.514500
v -11.762327 7.779498 16.468618
v -11.943954 8.099329 16.121813
v -11.992666 8.087660 15.716894
v -12.026631 8.092705 15.369576
v -11.780020 8.051011 15.026461
v -11.412109 8.036131 14.784861
v -11.455324 8.379488 14.842096
v -11.037784 8.783139 14.862609
v -11.090939 8.591296 14.820765
v -11.415631 8.791282 14.913923
v -11.420886 9.164136 15.012218
v -11.700074 8.806815 15.157571
v -11.654167 9.251326 15.254600
v -11.768377 8.403879 15.083687
v -11.859801 8.844575 15.449342
v -11.797426 9.287134 15.539495
v -11.998596 8.364797 15.389519
v -12.028924 8.519800 15.730074
v -11.803272 9.277841 15.817806
v -11.848110 8.929221 15.772809
v -11.896892 8.777362 16.108969
v -11.917514 8.344614 16.102348
v -11.748387 8.493219 16.459526
v -11.670135 9.290542 16.347319
v -11.740639 8.952596 16.404825
v -11.558436 8.791009 16.654459
v -11.578229 9.231243 16.613338
v -11.565238 8.406165 16.773182
v -11.573965 8.061008 16.874699
v -11.292809 8.384817 16.904282
v -11.191343 8.029657 17.000559
v -11.265720 8.741251 16.816647
v -11.280238 9.180336 16.765678
v -10.913290 8.324042 16.958473
v -10.898519 8.004292 17.034008
v -10.960547 9.128759 16.845587
v -10.905944 8.722360 16.875650
v -10.688940 9.108676 16.731544
v -10.606474 9.437077 16.769587
v -10.536180 9.780567 16.797318
v -10.421899 9.177980 16.680132
v -10.565007 9.010411 16.685600
v -10.356639 9.434127 16.624702
v -10.301581 9.217216 16.537798
v -10.584594 11.018080 16.775322
v -10.051987 9.455674 15.880187
v -10.160481 9.215169 15.874951
v -10.187099 9.218734 15.758074
v -10.207248 9.223839 15.513351
v -10.239569 8.982522 15.760391
v -10.247620 8.877345 16.053087
v -10.198673 8.861369 16.281363
v -10.173597 8.686782 16.089005
v -10.207109 8.692140 16.207922
v -10.196307 8.452900 15.754443
v -10.265118 8.715045 15.761236
v -10.274602 8.436511 16.044338
v -10.267050 8.967421 15.510929
v -10.267697 8.703054 15.498089
v -10.229631 8.393472 15.481695
v -10.242196 9.235534 15.539946
v -10.298891 8.986491 15.515407
v -10.231624 8.065644 15.482788
v -10.204603 8.059534 15.478996
v -10.195633 7.745819 15.490743
v -10.187695 7.498335 15.499504
v -10.239205 7.518133 16.062256
v -10.307009 7.537807 16.408550
v -10.220337 7.755834 16.007866
v -10.190214 8.066209 16.039234
v -10.204151 8.061967 15.755254
v -10.223591 7.507477 15.731312
v -10.229631 7.747092 15.742021
v -10.569821 8.473715 16.784946
v -10.573133 8.681391 16.750837
v -10.579769 8.247783 16.788055
v -11.093272 7.687684 17.019291
v -11.346547 7.708761 16.947987
v -11.588742 7.755242 16.785952
v -11.958623 7.560507 16.125439
v -11.831169 7.543274 16.498367
v -11.652333 7.495916 16.832516
v -11.446767 7.426282 16.967131
v -11.140933 7.423529 17.043133
v -10.902303 7.473671 17.007229
v -10.610714 7.546959 16.829197
v -10.446768 7.552503 16.657299
v -10.358285 7.596220 16.024071
v -10.433713 7.611504 16.374449
v -10.336779 7.585989 15.755667
v -10.346869 7.574495 15.600800
v -10.555791 7.600981 16.636030
v -10.705935 7.589568 16.817169
v -10.944056 7.529998 16.934641
v -11.147808 7.480710 16.967319
v -11.408037 7.502669 16.893744
v -11.587263 7.557741 16.753782
v -11.749919 7.606807 16.471153
v -11.880296 7.612712 16.104401
v -11.944236 7.626008 15.718134
v -11.921888 7.613332 15.384296
v -11.784211 7.605192 15.154207
v -11.492831 7.591968 14.924963
v -11.216781 7.598152 14.818806
v -10.917813 7.589480 14.788136
v -10.723307 7.570187 14.878178
v -10.554883 7.575053 15.066686
v -10.406765 7.573000 15.364041
v -10.313177 7.567631 15.594365
v -10.754437 11.025887 15.198495
v -10.980620 11.141126 15.194798
v -10.530313 9.349790 14.802103
v -10.498536 9.276282 14.999247
v -10.389573 9.280518 14.904206
v -10.363018 9.254617 15.170927
v -10.239924 9.244652 15.114001
v -10.138781 9.261928 15.337486
v -10.045553 9.460679 15.318597
v -10.150287 9.483978 15.036499
v -11.620693 9.601045 15.182555
v -11.312806 9.509733 14.999137
v -10.780873 10.293786 14.757387
v -10.701752 10.110908 14.914330
v -10.779042 9.988799 14.955478
v -10.642229 10.262836 14.946612
v -10.626141 10.391479 15.009434
v -10.923227 9.896191 15.005567
v -11.181195 9.808970 15.067123
v -11.469507 9.871989 15.183823
v -11.615620 10.177182 15.265504
v -11.629613 10.519176 15.282655
v -11.556787 10.738648 15.173093
v -10.015707 9.254093 15.911489
v -9.994165 9.205754 16.172441
v -10.015881 9.237522 16.387383
v -10.114506 9.246746 16.542738
v -10.194465 9.199402 16.325268
v -10.163388 9.179754 16.132355
v -10.420447 9.886094 16.653168
v -10.580463 9.798656 16.681698
v -10.835024 9.730062 16.749243
v -11.118260 9.808494 16.812996
v -11.243293 10.102181 16.892042
v -11.227598 10.427111 16.956421
v -11.087032 10.617889 17.049356
v -10.439209 8.477397 16.917564
v -10.485981 8.489101 16.884108
v -11.028152 8.619891 14.690231
v -10.700931 8.585727 14.789594
v -10.668655 8.293193 14.752965
v -10.442656 8.563517 15.006365
v -10.477982 8.496711 15.142323
v -10.135088 8.517000 16.296759
v -10.085841 8.449476 16.277657
v -10.154078 8.465151 16.683695
v -10.200112 8.510786 16.662991
v -10.752272 10.291818 14.766567
v -10.723182 8.756868 14.934184
v -10.424945 9.015155 15.168389
v -10.680627 9.014722 14.992860
v -10.454955 8.717493 15.149903
v -10.421855 8.458177 15.315916
v -10.383196 8.898028 16.509260
v -10.256940 9.035805 16.534260
v -10.242253 9.027111 16.302130
v -10.454479 8.630289 16.879356
v -10.185122 8.643907 16.648079
v -10.068613 8.605464 16.269772
v -10.317876 8.708721 16.532930
v -10.424212 8.531626 15.021277
v -10.398158 8.693995 15.014815
v -10.693947 8.573022 14.759520
v -10.677035 8.745550 14.783690
v -11.054784 8.596064 14.653467
v -11.015910 8.746087 14.728412
v -10.654061 11.088192 15.541655
v -10.522526 11.036360 15.570104
v -10.553890 10.867542 15.583529
v -10.419390 10.810491 15.728561
v -10.666542 10.961716 15.538244
v -10.789371 11.049597 15.538708
v -10.686838 10.917451 15.478286
v -10.631824 10.781139 15.434652
v -10.464788 10.741806 15.641270
v -10.416103 10.717461 15.769734
v -10.360662 10.827435 15.926802
v -10.354371 10.717410 15.892509
v -10.313166 10.710843 16.155607
v -10.345634 10.843999 16.125233
v -10.365541 10.896549 16.030579
v -10.403142 10.971399 16.120872
v -10.342531 11.021738 15.980748
v -10.474787 11.052361 16.211576
v -10.438244 10.960580 16.336308
v -10.375999 11.088112 16.076075
v -10.335152 10.999437 15.827015
v -10.394077 11.002157 15.662167
v -10.732419 11.123588 16.419386
v -10.596223 11.140045 16.299339
v -10.726878 11.194545 16.346321
v -10.566707 11.263454 16.273298
v -10.565340 11.068435 16.386467
v -10.474685 11.052539 16.211601
v -10.453524 11.184110 16.181843
v -11.060971 11.214817 16.233959
v -10.964965 11.396464 16.188910
v -11.180123 11.246664 16.058626
v -11.124812 11.270910 15.877046
v -11.198480 11.214023 15.827350
v -11.067897 11.390132 15.881494
v -11.045575 11.401951 16.048023
v -11.047018 11.227687 15.725187
v -10.346022 10.499283 15.760882
v -10.241056 10.413300 16.176067
v -10.318027 10.652308 16.279058
v -10.363867 10.833234 16.328197
v -10.904652 11.194065 16.374092
v -10.964546 11.396364 16.189804
v -11.060334 11.214667 16.235250
v -10.830644 11.361296 16.279619
v -10.678934 11.315367 16.309504
v -10.418706 10.957963 16.317650
v -10.199986 10.301848 15.989905
v -10.267736 10.328589 15.738133
v -10.233166 10.033985 15.715205
v -10.356750 10.338554 15.495410
v -10.539116 10.481850 15.357355
v -10.696098 10.737137 15.355136
v -10.814327 10.932232 15.377708
v -10.944964 11.065405 15.471492
v -10.917894 11.140371 15.591447
v -11.097733 11.174215 15.625418
v -10.380093 11.319844 16.132944
v -10.423931 11.272061 16.121363
v -10.477147 11.390760 16.206280
v -11.025090 11.541447 15.881923
v -10.983523 11.564857 16.049309
v -10.904393 11.553349 16.172411
v -11.024053 11.350574 15.756407
v -10.926029 11.275082 15.619665
v -10.804850 11.171122 15.546464
v -10.599166 11.217924 15.494433
v -10.457283 11.149884 15.514437
v -10.342835 11.118125 15.602777
v -10.978852 11.477007 15.715516
v -10.895074 11.406467 15.601981
v -10.772187 11.321473 15.515980
v -10.267065 11.154244 15.887102
v -10.310970 11.233804 16.031975
v -10.454304 11.184211 16.182655
v -10.383755 11.309711 16.156252
v -10.382943 11.320182 16.136822
v -10.314596 11.248238 16.011061
v -10.286942 11.169383 15.861997
v -10.273994 11.114686 15.731503
v -10.281651 11.131645 15.713490
v -10.355963 11.138025 15.604515
v -10.466692 11.167115 15.525860
v -10.605788 11.233945 15.507620
v -10.767715 11.333895 15.523249
v -10.882925 11.415314 15.610692
v -10.949681 11.479511 15.719522
v -11.000862 11.540622 15.868939
v -10.966279 11.569474 16.016064
v -10.876044 11.559611 16.145603
v -10.381392 11.309424 16.153269
v -10.481462 11.384750 16.239395
v -10.613496 11.467945 16.264919
v -10.622882 11.465726 16.302326
v -10.749317 11.528808 16.236334
v -10.780485 11.526681 16.259653
v -10.876077 11.559619 16.145529
v -10.904401 11.553351 16.172396
v -10.366554 11.180903 15.993863
v -10.425916 11.272300 16.123964
v -10.335737 11.117208 15.873675
v -10.357339 11.084180 15.761196
v -10.409370 11.094433 15.641720
v -10.524659 11.116031 15.572543
v -10.638853 11.174671 15.541277
v -10.761379 11.255395 15.574295
v -10.885403 11.358684 15.647259
v -10.157341 6.382433 14.900051
v -10.230737 6.402396 14.831591
v -10.145538 6.409204 14.864837
v -10.243752 6.373710 14.871232
v -10.225897 6.284222 15.191101
v -10.149430 6.309134 15.190685
v -10.162498 6.293665 15.218284
v -10.211067 6.302769 15.156686
v -10.147137 6.347050 15.180567
v -10.131391 6.477760 14.703526
v -10.058728 6.524549 14.753846
v -10.056567 6.493301 14.752613
v -10.015541 7.104620 15.141062
v -10.061228 6.999941 15.037400
v -10.087036 7.044398 15.032420
v -10.089890 7.131545 15.150723
v -10.154671 7.058633 15.059219
v -10.175648 7.013836 15.080943
v -10.168138 7.044729 15.029886
v -10.100999 7.031075 15.004196
v -10.203414 6.996495 14.962185
v -10.137538 6.981230 14.934112
v -10.104360 6.940610 14.969505
v -10.213066 6.966597 15.006962
v -10.173456 6.523856 14.779210
v -10.118092 6.513146 14.845609
v -10.137394 6.548837 14.809684
v -10.098604 6.561944 14.771206
v -10.185133 6.477223 14.876874
v -10.288868 6.464418 14.854026
v -10.248741 6.473797 14.908451
v -10.301492 6.435978 14.895266
v -9.551472 6.718709 13.982565
v -9.605833 6.787621 13.945253
v -9.579914 6.813659 13.971883
v -9.594377 6.708635 13.961210
v -9.568054 6.646565 13.987911
v -9.644310 6.695390 13.994775
v -9.569107 6.274192 13.640971
v -9.604618 6.192682 13.721044
v -9.603422 6.287859 13.694872
v -9.622556 6.217645 13.776923
v -9.601401 6.280425 13.765452
v -9.580634 6.227556 13.805404
v -9.538943 6.304960 13.742393
v -9.532722 6.208170 13.775579
v -9.643627 6.692392 14.050715
v -9.633293 6.783117 14.070471
v -9.680763 6.778181 14.032577
v -9.704452 6.226763 13.711725
v -9.660595 6.271239 13.602062
v -9.660540 6.296493 13.626640
v -9.704438 6.259915 13.569000
v -9.747362 6.201430 13.644472
v -9.727136 6.271680 13.566811
v -9.697697 6.278042 13.551213
v -9.791745 6.218252 13.671472
v -9.760332 6.292803 13.601710
v -9.748130 6.319352 13.653257
v -9.684496 6.314092 13.651861
v -9.737484 6.330786 13.637077
v -9.833425 6.372766 13.536820
v -9.832047 6.389497 13.525116
v -9.851210 6.356851 13.507412
v -9.856104 6.277806 13.533945
v -9.854563 6.287200 13.572664
v -9.844297 6.348311 13.470826
v -9.838749 6.343962 13.559183
v -9.823760 6.291828 13.589054
v -9.795129 6.368105 13.535294
v -9.787739 6.290613 13.564671
v -9.769403 6.361955 13.509752
v -9.780322 6.337992 13.480602
v -9.777272 6.353343 13.470442
v -9.769403 6.361955 13.509752
v -9.807798 6.345926 13.454615
v -9.850179 6.446764 13.442990
v -9.811676 6.438111 13.423111
v -9.863018 6.458359 13.485925
v -9.794912 6.462400 13.516404
v -9.840390 6.462217 13.521326
v -9.772612 6.464114 13.488112
v -9.707739 6.394438 13.492047
v -9.735476 6.388295 13.544105
v -9.653835 6.289253 13.585904
v -9.635829 6.403145 13.570662
v -9.721305 6.391413 13.596873
v -9.735476 6.388295 13.544105
v -9.673883 6.407799 13.605799
v -9.635829 6.403145 13.570662
v -9.660540 6.296493 13.626640
v -9.760332 6.292803 13.601710
v -9.974973 7.045963 15.167222
v -10.123442 7.135115 15.243525
v -10.175648 7.013835 15.080943
v -10.129064 7.071153 15.257677
v -10.123442 7.135115 15.243525
v -10.050971 7.001469 15.240580
v -10.157365 6.974483 15.093010
v -10.110971 6.966574 15.091175
v -10.013248 6.997112 15.176474
v -10.074847 6.961811 15.057900
v -9.974973 7.045963 15.167221
v -10.061228 6.999941 15.037400
v -10.195867 6.338997 15.246135
v -10.257659 6.300717 15.206794
v -10.174767 6.307466 15.251156
v -10.274717 6.334649 15.194328
v -10.226864 6.366530 15.210209
v -10.264231 6.350547 15.164666
v -10.173857 6.368462 15.194188
v -10.147137 6.347050 15.180567
v -10.229525 6.333774 15.144285
v -10.178344 6.929437 15.030661
v -10.104360 6.940610 14.969505
v -10.122002 6.917008 15.008626
v -10.157515 6.892355 14.950233
v -10.119811 6.953009 15.070989
v -10.213066 6.966597 15.006962
v -10.203522 6.429524 14.940880
v -10.271694 6.379522 14.891858
v -10.254136 6.431239 14.818352
v -10.145606 6.446810 14.856117
v -10.159117 6.383101 14.928103
v -10.320891 6.379134 14.819314
v -10.310177 6.363692 14.855959
v -10.296208 6.410215 14.801191
v -10.254346 6.431294 14.818237
v -10.145606 6.446810 14.856117
v -10.271678 6.379518 14.891868
v -10.257678 6.300723 15.206782
v -10.278099 6.274260 15.165683
v -10.229515 6.333771 15.144291
v -10.261303 6.294213 15.127061
v -10.283803 6.268084 15.131800
v -10.287098 6.311957 15.132001
v -10.298965 6.293729 15.163241
v -10.277880 6.274202 15.165814
v -10.283527 6.268011 15.131962
v -10.261107 6.294161 15.127178
v -10.066643 6.464087 14.793137
v -10.076758 6.470454 14.822286
v -10.124612 6.427638 14.750447
v -10.114828 6.452841 14.715289
v -10.098604 6.561945 14.771206
v -10.166065 6.500234 14.711745
v -10.171867 6.445812 14.676432
v -10.183047 6.406643 14.695954
v -10.175659 6.399689 14.738566
v -10.230143 6.924499 14.909503
v -10.182104 6.913825 14.891923
v -10.208136 6.903657 14.968829
v -10.231441 6.945001 14.966883
v -10.237043 6.962463 14.903515
v -10.208156 6.954150 14.869854
v -10.159346 6.948163 14.875850
v -10.127080 6.921299 14.924866
v -10.127080 6.921299 14.924866
v -10.159346 6.948163 14.875851
v -10.231441 6.945001 14.966883
v -10.237043 6.962463 14.903515
v -10.208156 6.954150 14.869854
v -10.166065 6.500233 14.711745
v -10.199194 6.486600 14.748688
v -10.201869 6.457581 14.695818
v -10.170420 6.445430 14.677283
v -10.181581 6.406258 14.696818
v -10.209893 6.426494 14.737455
v -10.174423 6.399363 14.739309
v -10.186878 6.449495 14.780327
v -10.076758 6.470454 14.822286
v -10.159117 6.383101 14.928103
v -10.319474 6.430266 14.827559
v -10.329487 6.405142 14.860824
v -10.309946 6.363631 14.856079
v -10.320539 6.379041 14.819492
v -10.295894 6.410132 14.801354
v -9.401848 6.204244 13.810539
v -9.392467 6.262065 13.811832
v -9.442266 6.248875 13.808663
v -9.441518 6.195264 13.777203
v -9.450899 6.303279 13.806345
v -9.462193 6.243434 13.761824
v -9.423451 6.196605 13.736634
v -9.392838 6.179410 13.762211
v -9.369070 6.205246 13.790618
v -9.604618 6.192682 13.721044
v -9.571894 6.195429 13.708385
v -9.598125 6.144631 13.747174
v -9.569107 6.274192 13.640971
v -9.573870 6.134138 13.778715
v -9.531052 6.206341 13.736219
v -9.545227 6.262842 13.650435
v -9.543744 6.162338 13.792797
v -9.532723 6.208170 13.775579
v -9.508758 6.273513 13.675941
v -9.500355 6.296585 13.705730
v -9.785972 6.150954 13.708492
v -9.760071 6.138876 13.733949
v -9.790992 6.176638 13.734886
v -9.791745 6.218252 13.671472
v -9.760587 6.183720 13.754963
v -9.792261 6.239227 13.702991
v -9.731102 6.163373 13.742561
v -9.704452 6.226763 13.711725
v -9.747566 6.250171 13.730169
v -9.835310 6.230111 13.543839
v -9.844671 6.231221 13.570955
v -9.811193 6.208223 13.556147
v -9.811703 6.237595 13.588785
v -9.793425 6.237389 13.562845
v -9.680763 6.778181 14.032577
v -9.643627 6.692392 14.050715
v -9.622291 6.649888 14.062214
v -9.611928 6.634253 14.018646
v -9.575471 6.611763 14.069556
v -9.572742 6.632656 14.103368
v -9.529434 6.628335 14.092771
v -9.533878 6.623465 14.040398
v -9.506456 6.653820 14.057212
v -9.528820 6.673385 14.000027
v -9.598223 6.144631 13.746947
v -9.611843 6.165287 13.785681
v -9.573958 6.134149 13.778452
v -9.578039 6.174757 13.810274
v -9.543828 6.162350 13.792522
v -9.500355 6.296585 13.705730
v -9.506456 6.653820 14.057212
v -9.540243 6.714133 14.044588
v -9.529434 6.628335 14.092771
v -9.528820 6.673385 14.000027
v -9.600492 6.700145 14.083439
v -9.572742 6.632656 14.103368
v -9.622290 6.649888 14.062214
v -9.574598 6.799536 14.030318
v -9.551472 6.718709 13.982565
v -9.579914 6.813659 13.971883
v -9.392709 6.179410 13.762572
v -9.367575 6.258466 13.746802
v -9.368953 6.205240 13.791002
v -9.402771 6.249953 13.721210
v -9.423451 6.196605 13.736634
v -9.366617 6.261934 13.778700
v -9.392467 6.262065 13.811832
v -9.788322 6.284120 13.527170
v -9.787739 6.290613 13.564671
v -9.793425 6.237389 13.562845
v -9.811193 6.208223 13.556147
v -9.835310 6.230111 13.543839
v -9.825585 6.277152 13.509539
v -9.856104 6.277806 13.533945
v -9.704406 6.209198 13.673351
v -9.760071 6.138876 13.733949
v -9.731102 6.163373 13.742561
v -9.785972 6.150954 13.708492
v -9.432314 6.337465 13.694604
v -9.473582 6.354605 13.739936
v -9.454121 6.354082 13.790468
v -9.399952 6.368751 13.791653
v -9.758145 6.298202 13.679624
v -9.810905 6.331378 13.466740
v -9.399952 6.368751 13.791653
v -9.432314 6.337465 13.694604
v -9.402944 6.326194 13.695546
v -9.363062 6.335499 13.725883
v -9.364193 6.357038 13.748562
v -9.776118 6.443301 13.440539
v -9.772612 6.464113 13.488112
v -9.670780 6.378496 13.492534
v -9.631445 6.386527 13.522932
v -9.879586 6.727830 13.398346
v -9.851224 6.879992 13.443605
v -9.794593 6.744735 13.429323
v -9.948792 6.524606 15.345155
v -9.908227 6.509817 15.297943
v -9.899213 6.562967 15.395757
v -9.971078 6.473541 15.422135
v -9.939049 6.526376 15.470214
v -9.526358 6.409742 13.573975
v -9.491934 6.418617 13.608732
v -9.500231 6.303881 13.658562
v -9.500057 6.439081 13.659228
v -9.489864 6.450018 13.594071
v -9.530416 6.440647 13.559214
v -9.566724 6.411907 13.577093
v -9.613563 6.571826 13.555651
v -9.684499 6.939441 14.037969
v -9.727678 6.987977 14.031192
v -9.650144 6.812360 14.060520
v -9.634429 6.957358 13.977427
v -9.679083 7.004851 14.000707
v -9.375902 6.490733 13.729226
v -9.368748 6.468415 13.694190
v -9.363237 6.360994 13.716516
v -9.402950 6.350513 13.685034
v -9.409660 6.453807 13.654322
v -9.373783 6.501797 13.684288
v -9.415545 6.487855 13.650475
v -9.796076 6.919653 13.975845
v -9.681490 6.765488 13.989436
v -9.739680 6.906393 13.887305
v -9.653587 6.784946 13.957031
v -9.665846 6.897210 13.886922
v -9.634537 6.949372 13.902001
v -9.845348 6.481449 13.523576
v -9.815690 6.466559 13.415386
v -9.778854 6.473961 13.433698
v -9.682415 7.098085 13.926838
v -9.730227 7.078825 13.997620
v -9.650412 7.023654 13.931348
v -9.778997 6.962293 14.022802
v -9.819284 7.047357 14.030966
v -9.642895 7.032088 13.856773
v -9.634537 6.949372 13.902001
v -9.994740 7.307039 13.967901
v -9.897083 7.259894 13.968032
v -9.916025 7.382821 13.937931
v -9.851025 7.301998 13.898842
v -9.919532 7.421778 13.826017
v -9.852116 7.327232 13.779890
v -9.968269 7.413167 13.723893
v -9.978030 7.303735 13.621830
v -10.069270 7.380177 13.613508
v -10.043406 7.312475 13.566545
v -10.156853 7.344198 13.611340
v -10.064415 7.217757 13.553832
v -10.067053 7.114970 13.545223
v -10.122941 7.210706 13.588757
v -10.162133 7.174498 13.637082
v -10.098886 7.273315 13.556999
v -10.011726 7.243395 13.553637
v -9.774796 7.223727 13.928759
v -9.680326 7.112548 13.815487
v -9.837176 7.172615 14.004160
v -9.636807 6.916274 13.860188
v -9.618240 6.965637 13.827921
v -9.589900 6.850201 13.819654
v -9.516270 6.770333 13.775810
v -9.603352 7.011408 13.786394
v -9.759156 6.534045 13.512129
v -9.743047 6.539712 13.571246
v -9.803993 6.636804 13.551715
v -9.807467 6.633972 13.517345
v -9.750670 6.636917 13.601469
v -9.687412 6.547578 13.591127
v -9.819381 7.047368 14.031067
v -9.897807 7.003256 13.974146
v -9.908081 7.100541 14.017569
v -9.837325 7.172634 14.004314
v -9.897069 7.259827 13.968047
v -9.944513 7.172971 14.011189
v -9.994885 7.306487 13.968323
v -10.069533 7.254111 13.957502
v -9.991949 7.091051 13.953836
v -10.079486 7.142529 13.882412
v -10.156095 7.246011 13.874795
v -10.155516 7.140529 13.714573
v -10.220814 7.252764 13.763255
v -9.589900 6.850201 13.819654
v -9.556302 6.746412 13.787281
v -9.516270 6.770333 13.775810
v -9.489553 6.656111 13.763196
v -9.543601 6.619200 13.707964
v -9.592279 6.716524 13.723729
v -9.581772 6.702691 13.689043
v -9.592436 6.692347 13.676634
v -9.548353 6.704133 13.634197
v -9.654585 6.834835 13.803406
v -9.571885 6.726959 13.765910
v -9.665947 6.716220 13.718314
v -9.629464 6.665074 13.669947
v -9.656586 6.645893 13.640927
v -9.757954 6.687749 13.642299
v -9.687876 6.640907 13.610481
v -9.854692 6.701762 13.582343
v -9.868244 6.631064 13.518835
v -9.968168 6.764291 13.572980
v -9.919346 6.636187 13.491071
v -9.871004 6.526947 13.430893
v -9.914811 6.631330 13.449896
v -10.126883 7.037470 13.716104
v -10.140265 7.061354 13.614521
v -10.033317 7.054941 13.833109
v -10.212509 7.288189 13.674965
v -9.983074 6.762094 13.490164
v -9.926897 6.715564 13.419930
v -9.892687 6.641885 13.408925
v -9.860630 6.652256 13.399080
v -9.783190 6.668448 13.451725
v -9.629694 6.420068 13.508759
v -9.658621 6.687320 13.519466
v -9.671436 6.675061 13.459345
v -9.671659 6.409505 13.476201
v -9.650167 6.554753 13.564791
v -9.684531 6.758969 13.455179
v -9.721880 6.660572 13.435736
v -9.730297 6.533801 13.463749
v -9.491981 6.833590 13.664524
v -9.475371 6.781089 13.737220
v -9.450805 6.679361 13.749454
v -9.432922 6.683699 13.710371
v -9.468860 6.768079 13.673347
v -9.492107 6.747823 13.624448
v -9.514421 6.709846 13.620887
v -9.458901 6.466011 13.672325
v -9.543601 6.619200 13.707964
v -9.581772 6.702691 13.689043
v -9.548353 6.704133 13.634197
v -9.529248 6.748712 13.599972
v -9.554597 6.852300 13.617474
v -9.598877 6.692722 13.512548
v -9.615288 6.768694 13.498687
v -9.541580 6.711014 13.550491
v -9.543718 6.709796 13.599650
v -9.531753 6.613263 13.635548
v -9.885096 6.538402 15.253654
v -10.044009 6.360672 15.134052
v -10.033313 6.392487 15.091543
v -9.906792 6.589756 15.224881
v -10.058867 6.353928 15.299873
v -10.044405 6.373287 15.265762
v -10.001127 6.472004 15.440120
v -10.066210 6.406097 15.364781
v -9.985711 6.531133 15.495295
v -10.044105 6.492443 15.437699
v -10.057151 7.031547 15.742615
v -10.031181 6.906875 15.741980
v -9.996748 7.001844 15.794559
v -10.072821 7.133582 15.819015
v -9.998032 7.097214 15.865658
v -9.895587 7.097115 15.876592
v -10.033553 6.611661 15.533625
v -10.068727 6.524598 15.427328
v -10.132982 6.395979 15.307463
v -10.119577 6.459621 15.303833
v -10.073807 6.671840 15.489839
v -10.058859 6.542148 15.372484
v -10.021344 6.545259 15.324647
v -10.038296 6.571509 15.309560
v -10.049343 6.637600 15.366711
v -10.037382 6.672914 15.258196
v -10.037236 6.608234 15.246543
v -9.992426 6.680412 15.132702
v -10.037117 6.607621 15.086471
v -10.001480 6.645463 15.158043
v -10.028591 6.567504 15.121917
v -10.012381 6.633848 15.046508
v -9.958822 6.705728 15.111555
v -9.944416 6.622602 15.044241
v -9.902325 6.685922 15.097044
v -9.955236 6.722254 15.102277
v -9.974316 6.756110 15.103194
v -9.991268 6.677205 15.028102
v -9.981897 6.793863 15.074492
v -10.004128 6.723097 14.999838
v -9.974817 6.823228 15.061665
v -9.972399 6.744140 14.978071
v -9.991813 6.893799 15.174101
v -9.955467 6.918903 15.120699
v -9.969810 6.992932 15.171331
v -9.931437 6.833591 15.043631
v -9.928796 6.752346 14.961670
v -10.100271 7.215251 15.723038
v -10.110855 7.154769 15.616222
v -10.089316 7.289876 15.629770
v -10.132301 7.170386 15.498509
v -10.090687 7.275053 15.471536
v -10.021881 7.342525 15.595475
v -9.989725 7.309600 15.489978
v -10.116937 7.225274 15.409576
v -10.027706 7.269927 15.387844
v -10.102939 7.200076 15.309592
v -10.139687 7.126011 15.376978
v -10.046496 6.964981 15.297362
v -9.989725 7.309600 15.489977
v -9.917680 7.256044 15.388661
v -10.027706 7.269927 15.387844
v -9.898143 7.294276 15.499829
v -9.916180 7.383118 15.586035
v -10.021881 7.342525 15.595475
v -9.969810 6.992932 15.171331
v -9.912114 7.006188 15.189847
v -9.955467 6.918903 15.120699
v -9.931437 6.833591 15.043631
v -9.853010 7.010191 15.213433
v -9.906377 7.072995 15.227022
v -9.857538 7.100385 15.308411
v -9.934052 7.167932 15.260045
v -10.014782 7.202192 15.263185
v -10.102939 7.200076 15.309592
v -9.814048 7.228830 15.558973
v -9.796648 7.011547 15.383529
v -9.819465 7.000874 15.738956
v -9.791718 6.899301 15.533538
v -9.807676 7.094327 15.711877
v -9.809516 7.058986 15.790945
v -9.857815 7.020271 15.820591
v -9.924760 6.996174 15.798706
v -9.917330 6.900578 15.732345
v -9.864429 6.980982 15.771256
v -9.823104 7.133786 15.827347
v -9.807485 7.246429 15.724297
v -9.832637 7.330515 15.652080
v -10.069185 6.517905 15.210708
v -10.046301 6.471848 15.244593
v -10.004130 6.619501 15.193403
v -10.043703 6.538862 15.160699
v -9.960103 7.119041 15.200377
v -10.084439 7.161043 15.209253
v -10.028681 7.153318 15.188659
v -9.944768 6.582464 14.848540
v -9.956469 6.547400 14.889956
v -9.974425 6.525992 14.869118
v -10.006783 6.545732 14.907547
v -10.046768 6.474032 14.807599
v -9.966467 6.565751 14.826313
v -9.979042 6.606058 14.827991
v -10.036791 6.504919 14.767294
v -10.078867 6.404644 15.235168
v -10.064070 6.356329 15.247808
v -10.077109 6.339178 15.281452
v -10.132385 6.439464 15.288135
v -10.110001 6.421882 15.241064
v -10.138943 6.424326 15.276759
v -9.967085 6.534206 15.124674
v -10.098574 6.484050 15.017899
v -10.042394 6.436703 15.009870
v -10.037824 6.515907 14.934803
v -10.079244 6.535350 14.954671
v -10.089181 6.531532 15.008526
v -10.116703 6.515075 14.986225
v -9.986817 6.478387 14.956659
v -10.018429 6.434316 14.977181
v -10.014390 6.466149 14.939205
v -9.994633 6.445889 14.999433
v -10.042394 6.436703 15.009870
v -9.967085 6.534206 15.124674
v -10.124644 6.391354 14.914720
v -10.113233 6.418927 14.877590
v -10.037824 6.515907 14.934803
v -9.944416 6.622602 15.044241
v -10.083364 6.423635 15.065120
v -10.061602 6.378397 15.073104
v -10.166677 6.352396 15.025309
v -10.177530 6.318590 15.069950
v -10.070635 6.350024 15.113731
v -10.000830 6.438698 15.239831
v -10.082764 6.359832 15.150916
v -10.133009 6.313020 15.198682
v -10.145333 6.295607 15.226662
v -10.106390 6.358014 15.308825
v -10.176537 6.374626 15.237284
v -10.342913 6.393744 15.072194
v -10.234589 6.362185 15.108316
v -10.276787 6.420732 15.078363
v -10.209933 6.415370 15.035154
v -10.327413 6.422161 15.029613
v -10.221937 6.414400 15.090919
v -10.244574 6.417979 15.088853
v -10.194281 6.371576 15.226889
v -10.114928 6.558350 14.825360
v -10.191697 6.480417 14.932498
v -10.212268 6.478371 14.924229
v -10.206424 6.323787 15.085853
v -10.201188 6.317634 15.061440
v -10.189272 6.350367 15.017507
v -9.642687 6.761835 13.960700
v -9.589109 6.828785 14.020302
v -9.759156 6.534045 13.512129
v -9.725649 6.423071 13.589857
v -9.650168 6.554753 13.564791
v -9.778997 6.962293 14.022802
v -9.636807 6.916274 13.860188
v -9.784794 6.906891 13.836994
v -9.850075 6.509502 13.523949
v -9.786017 6.551280 13.493027
v -9.658111 6.654990 13.562799
v -9.613563 6.571826 13.555651
v -9.925171 6.824357 13.423207
v -9.596624 6.986931 13.672389
v -9.688389 6.940740 13.535145
v -9.563979 6.787780 13.537231
v -9.658111 6.654990 13.562799
v -10.003260 6.527215 15.143734
v -9.950522 6.597094 15.193732
v -10.040740 6.469856 15.281363
v -10.078867 6.404644 15.235168
v -10.123755 6.450334 15.084461
v -10.155004 6.430760 15.119698
v -10.135562 6.448330 15.139514
v -10.133360 6.391039 15.150599
v -10.083364 6.423635 15.065120
v -10.190845 6.385953 15.017959
v -10.003260 6.527215 15.143735
v -10.190845 6.385953 15.017959
v -10.235652 6.362465 15.107669
v -10.133361 6.391039 15.150599
v -10.304487 6.393972 14.991714
v -10.335695 6.356777 15.075105
v -10.303234 6.327230 15.042319
v -9.419620 6.497704 13.765277
v -9.458901 6.466011 13.672325
v -9.483599 6.475433 13.709528
v -9.453632 6.379951 13.777636
v -9.475657 6.501809 13.757159
v -9.469079 6.471969 13.759003
v -9.419619 6.497704 13.765277
v -9.525669 6.632922 13.759479
v -9.450804 6.679361 13.749454
v -9.832984 7.100567 13.547542
v -9.709660 7.113707 13.688240
v -9.783190 6.668448 13.451725
v -9.977173 6.992783 13.782580
v -9.921195 6.977979 13.886432
v -9.531753 6.613263 13.635548
v -9.572308 6.584336 13.682940
v -9.620068 6.568793 13.663637
v -9.645506 6.560004 13.616606
v -9.852304 6.906751 13.726094
v -9.965037 6.881305 13.641618
v -10.101648 6.960039 13.665585
v -10.088913 6.968234 13.563379
v -10.019578 7.002004 13.494553
v -9.786017 6.551280 13.493027
v -9.942298 7.034463 13.479719
v -9.950522 6.597094 15.193732
v -9.791284 6.780689 15.351180
v -9.812920 6.779789 15.171871
v -9.794292 6.913033 15.242270
v -9.806499 6.677081 15.183411
v -9.823741 6.634744 15.232308
v -9.871546 6.681834 15.076973
v -9.902325 6.685922 15.097044
v -9.845858 6.694371 15.113820
v -9.839540 6.712145 15.073509
v -9.991268 6.677205 15.028102
v -9.878708 6.815561 15.029887
v -9.844024 6.761681 15.044017
v -9.892655 6.728621 14.964191
v -9.928796 6.752346 14.961670
v -9.815395 6.801480 15.094287
v -9.864380 6.667707 15.494270
v -9.842212 6.594860 15.301874
v -9.925692 6.611265 15.539092
v -9.851323 6.800720 15.621076
v -10.046301 6.471848 15.244593
v -9.923063 6.785187 15.664399
v -10.040740 6.469856 15.281363
v -10.022690 6.806778 15.679585
v -10.104162 7.059105 15.564728
v -10.097692 6.961435 15.679621
v -10.096339 6.871832 15.646002
v -10.047637 6.803607 15.510270
v -10.076530 6.981539 15.512439
v -10.019217 6.884849 15.395878
v -10.013783 6.749634 15.165394
v -10.114597 7.045635 15.419672
v -9.948792 6.524606 15.345155
v -10.021972 6.634827 14.852563
v -10.038049 6.577686 14.917172
v -10.061180 6.610443 14.884496
v -10.047192 6.630193 14.903294
v -10.021972 6.634827 14.852562
v -10.006783 6.545732 14.907547
v -10.335266 6.356664 15.075327
v -10.386335 6.391519 15.002464
v -10.373094 6.369231 14.974659
v -10.398154 6.344721 14.991358
v -10.395667 6.371361 15.032243
v -10.391212 6.334600 15.027597
v -10.391655 6.334717 15.027388
v -10.398580 6.344833 14.991159
v -10.291355 6.354472 14.999220
v -10.373428 6.369319 14.974500
v -10.304619 6.394006 14.991645
v -9.593122 6.310681 13.740792
v -9.587957 6.327099 13.726764
v -9.603908 6.417708 13.640505
v -9.587392 6.416223 13.685402
v -9.589168 6.452700 13.671827
v -9.539392 6.438223 13.689695
v -9.500057 6.439081 13.659227
v -9.875790 6.665191 15.108601
v -9.844492 6.632341 15.127192
v -9.865125 6.590751 15.181069
v -9.955236 6.722253 15.102277
v -9.538063 6.293569 13.631493
v -9.566724 6.411907 13.577093
v -10.220250 11.915033 15.130300
v -10.217690 11.897154 15.137556
v -10.233365 11.915030 15.133496
v -10.218639 11.943397 15.124420
v -10.233704 11.947088 15.128915
v -10.252250 11.929681 15.134927
v -10.250615 11.950710 15.130343
v -10.208947 11.971185 15.126016
v -10.219739 11.977236 15.130920
v -9.786078 11.862494 15.557996
v -9.790332 11.864164 15.573253
v -9.800633 11.834093 15.567279
v -10.195030 11.894832 15.136758
v -10.209371 11.891185 15.139177
v -10.184696 11.880332 15.150723
v -10.168156 11.891949 15.146160
v -10.168130 11.874285 15.165753
v -10.157627 11.887087 15.157715
v -10.164810 11.894998 15.144569
v -10.154844 11.890253 15.155540
v -10.149057 11.900439 15.151685
v -10.160991 11.911333 15.137135
v -10.139840 11.926428 15.146912
v -10.161948 11.930845 15.130938
v -10.174065 11.918884 15.129093
v -10.172712 11.933145 15.126554
v -10.178880 11.918036 15.128643
v -10.175694 11.902986 15.135827
v -10.199555 11.915916 15.126641
v -10.171302 11.904883 15.135571
v -10.153059 11.874371 15.181752
v -10.146291 11.887868 15.168534
v -10.144064 11.891125 15.165794
v -10.133677 11.906175 15.163741
v -10.123633 11.923635 15.168815
v -10.126027 11.943365 15.161166
v -10.117976 11.938300 15.177104
v -10.121855 11.951557 15.169750
v -10.119637 11.952114 15.171755
v -10.117016 11.939255 15.181812
v -10.114367 11.946289 15.199956
v -10.115670 11.923403 15.204886
v -10.113843 11.949653 15.209996
v -10.120178 11.976171 15.203029
v -10.133405 11.895036 15.177799
v -10.136546 11.883864 15.195265
v -10.132683 11.897614 15.173773
v -10.123830 11.909451 15.179207
v -10.118848 11.923038 15.180385
v -10.118183 11.923090 15.185049
v -10.123740 11.901721 15.202912
v -10.116185 11.923924 15.216127
v -10.123606 11.907665 15.183940
v -10.121152 11.894831 15.228287
v -10.110465 11.915606 15.230208
v -10.110230 11.895826 15.248471
v -10.124666 11.896151 15.219940
v -10.136706 11.885100 15.218087
v -10.113580 11.887564 15.251946
v -10.136851 11.878872 15.222728
v -10.197743 11.938761 15.122252
v -10.177970 11.934302 15.125150
v -10.189574 11.960360 15.124418
v -10.172314 11.949627 15.126600
v -10.167736 11.947638 15.127533
v -10.160389 11.958797 15.131743
v -10.152375 11.948278 15.134249
v -10.150467 11.965687 15.140899
v -10.137070 11.954098 15.147568
v -10.138279 11.966191 15.149903
v -10.128850 11.961540 15.160286
v -10.139348 11.971384 15.151505
v -10.129499 11.965697 15.162567
v -10.200822 11.979687 15.130919
v -10.187681 11.987169 15.133628
v -10.176586 11.978127 15.130995
v -10.163378 11.962427 15.131927
v -10.151914 11.969874 15.139736
v -10.143966 11.990411 15.159418
v -10.130186 11.982061 15.175001
v -10.130989 11.987370 15.179398
v -10.146034 11.994657 15.160897
v -10.163802 11.991842 15.144840
v -10.161318 11.987859 15.143269
v -10.119636 11.967522 15.189129
v -9.785579 11.904971 15.523401
v -9.782180 11.884162 15.532896
v -9.785844 11.877319 15.514716
v -9.782666 11.891457 15.553232
v -9.786718 11.896249 15.564821
v -9.786107 11.902120 15.546439
v -9.799712 11.845041 15.588506
v -9.791381 11.864820 15.590597
v -9.783982 11.861376 15.537095
v -9.786868 11.861138 15.517800
v -9.786806 11.876366 15.510142
v -9.789269 11.889346 15.504681
v -9.793360 11.881091 15.495054
v -9.792448 11.839772 15.534903
v -9.793178 11.845882 15.515931
v -9.788273 11.861223 15.512609
v -9.793029 11.861819 15.501536
v -9.809016 11.864513 15.479605
v -9.805338 11.892002 15.481217
v -9.819921 11.886067 15.469114
v -9.830158 11.868710 15.464120
v -9.828282 11.849006 15.471378
v -9.842494 11.856795 15.462435
v -9.839287 11.842686 15.469542
v -9.847582 11.856009 15.461668
v -9.843967 11.840856 15.469344
v -9.864215 11.832916 15.468733
v -9.796352 11.835749 15.555303
v -9.806288 11.822122 15.526623
v -9.802993 11.833255 15.510230
v -9.793423 11.847666 15.511500
v -9.802546 11.844255 15.497495
v -9.818243 11.838513 15.484770
v -9.833151 11.832909 15.479304
v -9.836709 11.829911 15.480455
v -9.852951 11.818273 15.483154
v -9.826921 11.825194 15.490380
v -9.837850 11.812515 15.496908
v -9.814434 11.825764 15.501557
v -9.802338 11.835841 15.506474
v -9.812812 11.829118 15.498701
v -9.823921 11.828300 15.488931
v -9.822495 11.812641 15.513788
v -9.807513 11.820434 15.548796
v -9.809935 11.816477 15.539622
v -9.875803 11.829813 15.469915
v -9.857541 11.810323 15.483130
v -9.878526 11.821570 15.470944
v -9.840573 11.806382 15.497759
v -9.825251 11.805175 15.514752
v -9.894321 11.875171 15.446748
v -9.888307 11.851939 15.456676
v -9.896681 11.852895 15.453135
v -9.885571 11.881031 15.451175
v -9.878357 11.909356 15.457396
v -9.916235 11.859535 15.442831
v -9.920380 11.851424 15.445498
v -9.894133 11.833477 15.465804
v -9.818429 11.907525 15.475250
v -9.844381 11.916011 15.465432
v -9.828184 11.925542 15.478200
v -9.829131 11.897743 15.463760
v -9.858237 11.898365 15.457020
v -9.827212 11.896401 15.466150
v -9.835999 11.885524 15.460737
v -9.840500 11.887512 15.459705
v -9.841414 11.871119 15.459455
v -9.846099 11.872182 15.458549
v -9.878870 11.879541 15.453802
v -9.868326 11.903731 15.455927
v -9.866718 11.876829 15.454683
v -9.868483 11.853971 15.459078
v -9.880890 11.853349 15.459090
v -9.816602 11.903085 15.474395
v -9.806874 11.909204 15.485663
v -9.811562 11.928209 15.493026
v -9.797421 11.923307 15.511971
v -9.796129 11.919524 15.509797
v -9.831799 11.931386 15.479501
v -9.812611 11.932285 15.494966
v -9.805949 11.903977 15.484169
v -9.795727 11.903261 15.497665
v -9.797233 11.899569 15.496053
v -9.789222 11.892406 15.507831
v -10.115300 11.953685 15.220048
v -10.140400 11.879294 15.204898
v -10.125786 11.899146 15.213834
v -10.114270 11.923812 15.222112
v -10.142826 11.870989 15.206304
v -10.155820 11.866095 15.184349
v -10.170666 11.868105 15.167095
v -10.187426 11.872907 15.151849
v -10.212897 11.884746 15.141107
v -10.221439 11.891651 15.138585
v -9.787294 11.912277 15.534856
v -9.888544 11.838682 15.466641
v -9.813257 11.809998 15.541739
v -9.809751 11.814647 15.551326
v -9.857058 11.926949 15.466631
v -10.350386 11.627748 16.217020
v -10.388358 11.535291 16.175310
v -10.224230 11.714808 16.174374
v -10.500668 11.892078 16.392302
v -10.529274 11.592663 16.259985
v -10.287073 11.906689 16.356676
v -10.111727 11.952115 16.236240
v -10.924721 11.735061 15.646340
v -11.049150 11.994556 15.847505
v -11.009807 12.041725 15.638736
v -10.975343 11.676013 15.816624
v -10.696995 11.635056 16.232935
v -10.710476 11.913340 16.353359
v -10.877180 11.929274 16.219622
v -10.865312 11.834593 15.537349
v -10.900898 11.631070 15.665493
v -10.881166 12.095877 15.471890
v -10.577151 11.513682 16.260551
v -10.450686 11.446712 16.180553
v -10.942831 11.680991 15.988719
v -11.009850 11.969269 16.056124
v -11.049228 11.994566 15.847611
v -10.854425 11.675966 16.148962
v -10.726697 11.562549 16.235487
v -10.609799 11.467026 16.264046
v -10.473875 11.390296 16.204060
v -10.747319 11.528441 16.237396
v -10.875158 11.559394 16.147684
v -10.863859 11.599204 16.143936
v -10.958386 11.605842 16.005117
v -10.990820 11.590995 15.848800
v -10.922517 11.534913 15.710178
v -11.003006 11.540537 15.871850
v -10.955980 11.480436 15.722800
v -10.966828 11.569471 16.018784
v -11.009189 11.969147 16.056807
v -10.942866 11.680993 15.988825
v -11.049250 11.994569 15.847640
vn -0.7696 0.2414 -0.5911
vn -0.7804 0.6230 -0.0531
vn -0.5340 0.6744 -0.5100
vn -0.3669 0.9072 -0.2057
vn -0.1294 0.7669 -0.6286
vn 0.1554 0.9015 -0.4040
vn 0.0304 -0.4612 -0.8868
vn 0.6191 -0.4465 -0.6460
vn 0.7266 0.4738 -0.4977
vn 0.6843 0.3106 -0.6597
vn 0.5909 0.3385 -0.7323
vn 0.5612 0.7100 -0.4255
vn 0.4930 0.0042 -0.8700
vn -0.7234 -0.2652 -0.6375
vn 0.2516 0.6013 -0.7584
vn -0.7088 -0.4498 -0.5434
vn -0.8717 -0.3690 0.3226
vn -0.7993 -0.5652 0.2040
vn -0.7146 -0.6733 0.1898
vn -0.5679 -0.4509 -0.6887
vn -0.3483 -0.9107 0.2222
vn -0.1629 -0.7516 -0.6392
vn 0.0970 -0.9846 0.1452
vn 0.7260 -0.6679 -0.1638
vn 0.3751 -0.9269 0.0113
vn -0.1963 -0.7432 -0.6396
vn 0.1063 -0.9848 0.1376
vn 0.5709 -0.5400 0.6185
vn 0.6371 -0.6385 -0.4319
vn 0.3473 -0.7851 0.5128
vn -0.1300 -0.9080 -0.3984
vn 0.3557 0.0470 0.9334
vn 0.3423 -0.8520 -0.3962
vn -0.8169 -0.0823 0.5709
vn -0.8836 0.4676 -0.0257
vn -0.5528 0.5626 0.6147
vn -0.9347 -0.3444 0.0882
vn -0.9981 -0.0378 0.0481
vn -0.4765 -0.5631 0.6752
vn -0.8577 -0.4930 0.1460
vn 0.1398 -0.4319 0.8910
vn -0.2712 -0.8287 0.4895
vn -0.1158 0.7413 -0.6611
vn 0.2578 0.7740 0.5783
vn -0.0960 0.8580 0.5046
vn 0.3889 0.8245 0.4110
vn -0.2187 0.5800 0.7847
vn -0.6170 0.5927 0.5177
vn -0.4211 0.1719 0.8906
vn 0.7052 0.4038 0.5827
vn 0.9300 0.3267 0.1682
vn 0.6835 0.6822 0.2595
vn 0.9035 -0.1078 0.4148
vn 0.8432 0.1121 0.5258
vn 0.9326 0.1459 0.3302
vn 0.7474 -0.3303 0.5764
vn 0.3082 0.7006 0.6436
vn 0.3832 0.8345 0.3961
vn 0.2097 -0.7825 0.5862
vn -0.1413 -0.9204 -0.3647
vn 0.1491 0.9098 -0.3874
vn -0.9875 0.1565 -0.0165
vn -0.7407 -0.6647 0.0978
vn -0.5290 -0.8279 -0.1863
vn 0.7335 -0.1271 0.6677
vn 0.5870 -0.4026 0.7024
vn -0.9167 0.0655 0.3941
vn -0.9636 0.0694 0.2582
vn -0.9677 0.1250 0.2187
vn -0.4414 -0.3840 0.8110
vn -0.8598 0.0370 0.5093
vn -0.6732 -0.2026 0.7111
vn -0.8830 0.0623 0.4651
vn -0.9053 0.1830 0.3833
vn -0.7768 -0.0130 0.6296
vn -0.8815 0.3755 0.2864
vn -0.8536 0.4951 0.1623
vn -0.9818 0.1336 0.1350
vn -0.9481 0.1842 0.2590
vn -0.7756 0.5153 0.3645
vn -0.8269 0.2639 0.4966
vn -0.7111 0.7008 0.0564
vn -0.7575 0.6243 0.1908
vn -0.7411 0.6109 0.2784
vn -0.7086 0.6376 0.3021
vn -0.6728 0.6346 0.3802
vn 0.1952 0.4346 -0.8792
vn 0.2799 0.0692 -0.9575
vn -0.2088 -0.1137 -0.9713
vn -0.0454 -0.1037 -0.9936
vn 0.2283 -0.3152 -0.9212
vn -0.1460 -0.2473 -0.9579
vn -0.1643 -0.0406 -0.9856
vn -0.0626 -0.1065 -0.9923
vn -0.2924 0.0006 -0.9563
vn -0.9869 0.1378 0.0835
vn -0.9978 0.0635 -0.0175
vn -0.9834 0.0605 -0.1713
vn -0.9624 0.1505 0.2261
vn -0.9944 0.0854 0.0630
vn -0.9205 0.1102 0.3749
vn 0.4058 -0.3625 0.8390
vn 0.4490 -0.2320 0.8629
vn 0.3294 -0.2011 0.9225
vn 0.6842 0.2374 0.6896
vn 0.9033 0.3435 0.2571
vn 0.8160 0.5337 0.2220
vn 0.4698 -0.8712 0.1426
vn 0.9322 -0.3573 0.0571
vn 0.2542 -0.8943 0.3684
vn 0.4117 0.4473 0.7940
vn 0.7064 0.6631 0.2474
vn 0.9262 0.3768 -0.0148
vn 0.6715 0.7370 -0.0770
vn 0.7957 0.4684 -0.3840
vn 0.9557 0.2507 -0.1542
vn 0.7666 0.6297 -0.1260
vn 0.7760 -0.3110 -0.5487
vn 0.4514 0.4467 -0.7725
vn 0.8014 -0.1342 -0.5829
vn 0.9965 -0.0780 -0.0310
vn 0.9482 0.1890 -0.2554
vn 0.7428 0.2167 -0.6335
vn 0.2604 0.0845 -0.9618
vn 0.9216 -0.3862 -0.0386
vn 0.4241 -0.1444 -0.8940
vn 0.9161 -0.0679 -0.3951
vn 0.8009 0.1663 -0.5752
vn 0.3465 -0.9105 0.2255
vn 0.7193 0.2057 -0.6635
vn 0.4277 -0.0362 -0.9032
vn 0.2175 -0.1187 -0.9688
vn 0.8629 0.1411 -0.4852
vn 0.7318 -0.6679 -0.1355
vn 0.6670 0.1228 0.7348
vn 0.5560 -0.3360 -0.7602
vn -0.3172 -0.8555 -0.4094
vn 0.4245 0.0727 -0.9025
vn 0.6403 0.3087 -0.7034
vn 0.6224 0.4079 -0.6680
vn 0.8167 0.3039 -0.4906
vn 0.6929 0.4278 -0.5804
vn 0.8998 0.1759 -0.3994
vn 0.9191 0.3796 0.1058
vn 0.7810 0.2102 -0.5881
vn 0.9260 -0.0919 0.3661
vn 0.5377 -0.0894 -0.8384
vn 0.9248 -0.3503 0.1487
vn 0.3132 -0.1369 -0.9398
vn 0.8220 0.4264 -0.3775
vn 0.8473 0.4514 -0.2799
vn 0.4400 0.8404 -0.3164
vn 0.8727 0.3354 -0.3548
vn 0.7337 0.5285 -0.4270
vn 0.5786 0.5124 -0.6345
vn 0.2361 -0.2200 -0.9465
vn 0.1672 0.1393 -0.9760
vn 0.3632 0.9108 -0.1960
vn 0.8066 0.5720 -0.1493
vn 0.8721 0.3056 0.3822
vn 0.9727 -0.2292 0.0372
vn 0.6942 -0.2167 -0.6864
vn -0.0284 -0.0766 -0.9967
vn -0.0426 -0.8187 0.5727
vn 0.6829 -0.5369 -0.4954
vn 0.0848 -0.9944 0.0626
vn -0.9769 0.2136 0.0065
vn -0.9997 0.0020 -0.0242
vn -0.9419 -0.1103 -0.3174
vn 0.0708 -0.9973 0.0171
vn 0.7525 -0.6586 0.0003
vn 0.8955 0.3452 0.2809
vn 0.5058 -0.8010 0.3202
vn 0.9589 -0.1223 0.2561
vn 0.3082 -0.7615 0.5703
vn 0.8045 -0.2450 0.5410
vn 0.0447 -0.7855 0.6172
vn -0.3693 -0.8500 0.3756
vn 0.9516 -0.0917 0.2932
vn 0.0889 -0.7318 0.6757
vn -0.3373 -0.7919 0.5090
vn 0.9025 0.4289 0.0389
vn 0.9228 0.3576 0.1436
vn 0.9421 0.0012 -0.3355
vn 0.9812 -0.0577 0.1840
vn 0.9698 -0.2118 0.1212
vn 0.6636 -0.1185 -0.7387
vn 0.5821 -0.1619 0.7969
vn 0.2278 -0.1815 0.9566
vn -0.3641 -0.5993 -0.7130
vn -0.1367 -0.9889 0.0582
vn 0.4577 -0.0642 -0.8868
vn -0.5730 0.1457 -0.8065
vn -0.3223 0.1070 -0.9406
vn -0.5830 -0.0163 -0.8123
vn 0.8998 -0.2506 -0.3572
vn 0.9706 0.1353 -0.1992
vn 0.9947 0.1024 -0.0058
vn 0.9370 -0.1285 -0.3249
vn 0.6006 -0.3679 -0.7099
vn 0.4086 -0.4118 -0.8146
vn 0.2899 -0.3160 -0.9034
vn -0.1361 -0.3053 -0.9425
vn -0.2051 -0.1226 -0.9710
vn -0.1591 0.0190 -0.9871
vn 0.4701 0.0339 -0.8820
vn 0.6585 -0.5080 0.5552
vn 0.7733 -0.5158 0.3688
vn 0.7089 -0.4609 0.5339
vn 0.8236 -0.0580 0.5643
vn -0.2131 0.0328 0.9765
vn 0.1891 -0.2918 0.9376
vn -0.1388 0.1894 0.9720
vn 0.4174 -0.1116 0.9019
vn 0.9346 -0.3350 -0.1198
vn 0.9775 -0.2092 0.0278
vn 0.8369 -0.0220 -0.5470
vn 0.9572 0.0244 -0.2884
vn 0.8017 -0.0623 -0.5945
vn -0.2669 0.0052 -0.9637
vn 0.5393 0.0277 -0.8416
vn 0.3546 0.0336 -0.9344
vn -0.0375 -0.4304 0.9018
vn -0.3196 -0.1913 0.9280
vn 0.1619 -0.1715 0.9718
vn 0.3273 -0.0652 0.9427
vn 0.2116 0.4132 0.8857
vn 0.7746 0.1580 0.6123
vn 0.9428 -0.1963 0.2695
vn 0.3866 -0.4759 0.7900
vn -0.7232 0.0984 0.6836
vn -0.9572 0.0911 -0.2746
vn -0.2233 0.9242 -0.3098
vn 0.1986 0.8472 -0.4927
vn -0.5680 0.8186 -0.0851
vn -0.3644 0.7729 0.5194
vn 0.1419 0.8759 0.4611
vn 0.4142 0.8477 0.3314
vn 0.0632 -0.1025 -0.9927
vn -0.8178 -0.2211 -0.5314
vn 0.3618 -0.0309 -0.9317
vn -0.5839 -0.3321 -0.7408
vn 0.2331 0.5191 -0.8223
vn -0.3385 -0.2011 -0.9192
vn -0.0934 0.6759 -0.7310
vn 0.1274 0.5384 -0.8330
vn -0.2870 -0.2351 -0.9287
vn -0.1151 -0.2528 -0.9607
vn 0.0038 -0.0620 -0.9981
vn -0.1330 0.0901 -0.9870
vn 0.1633 0.1135 -0.9800
vn 0.7939 -0.5814 -0.1779
vn 0.0954 0.0137 -0.9953
vn 0.6335 -0.0283 -0.7732
vn 0.5374 0.0289 -0.8428
vn 0.9025 -0.0817 -0.4230
vn 0.3107 0.0182 -0.9503
vn 0.1155 0.0128 -0.9932
vn 0.8829 0.0964 -0.4596
vn 0.4689 -0.0618 -0.8811
vn 0.9164 -0.0057 -0.4003
vn 0.2985 -0.9446 -0.1363
vn -0.3423 -0.9384 0.0462
vn 0.2671 -0.9389 -0.2169
vn 0.1838 -0.9209 -0.3436
vn 0.1281 -0.9263 -0.3544
vn -0.0830 -0.8871 -0.4541
vn -0.4535 0.0007 -0.8912
vn -0.2657 -0.8667 -0.4221
vn -0.7309 -0.0058 -0.6825
vn -0.4501 -0.8339 -0.3194
vn -0.9622 0.0264 -0.2712
vn -0.5909 -0.7999 -0.1049
vn -0.9959 0.0629 0.0656
vn -0.5504 -0.8341 0.0352
vn -0.9655 0.0532 0.2550
vn -0.8984 0.0108 0.4391
vn -0.9096 0.1159 0.3990
vn -0.9739 -0.0393 0.2235
vn -0.9942 -0.0596 0.0901
vn -0.9449 -0.0691 -0.3200
vn -0.6864 0.0196 -0.7270
vn -0.3226 -0.0003 -0.9465
vn -0.4312 0.1736 -0.8854
vn -0.1962 0.3735 -0.9066
vn -0.5708 0.1409 -0.8089
vn -0.4284 0.2068 -0.8796
vn -0.4385 0.1119 -0.8917
vn -0.7513 0.2123 -0.6249
vn -0.7714 0.1294 -0.6230
vn -0.7344 0.2075 -0.6463
vn -0.9305 0.2586 -0.2594
vn -0.9537 0.0841 -0.2887
vn -0.9317 0.1487 -0.3315
vn -0.9848 0.1685 0.0427
vn -0.9944 0.0856 0.0628
vn -0.9591 0.2826 0.0176
vn -0.9465 0.2039 0.2502
vn -0.9496 0.0626 0.3071
vn -0.8673 0.1033 0.4869
vn -0.9274 0.1884 0.3231
vn -0.8695 0.1389 0.4740
vn -0.6509 0.1154 0.7504
vn -0.7520 0.0963 0.6521
vn -0.6520 0.2213 0.7252
vn -0.5793 0.0533 0.8134
vn -0.2463 0.2333 0.9407
vn -0.1967 0.1032 0.9750
vn -0.3147 0.1716 0.9335
vn -0.4035 0.0118 0.9149
vn 0.1825 0.1858 0.9655
vn 0.2827 0.0955 0.9545
vn -0.0049 0.0134 0.9999
vn 0.1554 0.1665 0.9737
vn 0.3346 -0.0290 0.9419
vn 0.3612 -0.1063 0.9264
vn -0.1123 0.7622 0.6375
vn 0.4855 -0.1537 0.8606
vn 0.5441 0.0145 0.8389
vn 0.4759 -0.1562 0.8655
vn 0.6690 -0.3527 0.6543
vn 0.4314 0.8374 0.3357
vn 0.7800 -0.2301 -0.5820
vn 0.7556 -0.4346 -0.4901
vn 0.9275 -0.3378 -0.1600
vn 0.7707 -0.3371 -0.5408
vn 0.9779 -0.1898 -0.0872
vn 0.9950 0.0482 -0.0880
vn 0.9731 -0.0501 0.2248
vn 0.9996 -0.0183 0.0198
vn 0.9968 0.0723 0.0353
vn 0.9992 0.0333 -0.0214
vn 0.9879 0.1079 -0.1118
vn 0.9973 -0.0661 -0.0311
vn 0.5778 -0.0165 -0.8160
vn 0.5980 0.0917 -0.7963
vn 0.7460 0.1236 -0.6544
vn 0.0271 0.0042 -0.9996
vn 0.6431 -0.0029 -0.7658
vn 0.0929 0.0116 -0.9956
vn 0.7745 -0.0130 -0.6324
vn 0.7101 -0.0039 -0.7041
vn 0.5492 -0.5839 -0.5978
vn 0.4367 -0.8987 0.0411
vn 0.3817 -0.8893 0.2520
vn 0.9977 -0.0683 0.0010
vn 0.9944 0.0335 -0.1004
vn 0.9996 -0.0128 0.0271
vn 0.7585 -0.6287 0.1717
vn 0.9990 -0.0204 0.0399
vn -0.1025 0.2786 0.9549
vn 0.1152 0.4403 0.8904
vn -0.0418 0.1364 0.9898
vn -0.0371 0.0545 0.9978
vn -0.4131 0.0772 0.9074
vn -0.7824 0.0758 0.6182
vn -0.5625 -0.8110 0.1606
vn -0.5768 -0.7965 0.1815
vn -0.4647 -0.8065 0.3655
vn -0.2705 -0.8843 0.3806
vn -0.1845 -0.9788 0.0888
vn 0.1645 -0.8909 0.4233
vn 0.2719 -0.9051 0.3267
vn 0.3388 -0.8872 0.3134
vn -0.5402 -0.8395 -0.0577
vn -0.4153 -0.8906 -0.1852
vn -0.5891 -0.8062 0.0547
vn -0.5921 -0.7921 0.1483
vn -0.3480 -0.8773 -0.3305
vn -0.2114 -0.7966 -0.5664
vn 0.0538 -0.7963 -0.6025
vn 0.1416 -0.7763 -0.6142
vn 0.1686 -0.7779 -0.6054
vn 0.3586 -0.8299 -0.4274
vn 0.5142 -0.8102 -0.2814
vn 0.5706 -0.8093 -0.1392
vn 0.5825 -0.8123 -0.0283
vn 0.4090 -0.8832 0.2294
vn 0.3959 -0.8098 0.4329
vn 0.2641 -0.7964 0.5441
vn 0.1080 -0.6975 0.7084
vn -0.2062 -0.6855 0.6982
vn -0.4536 -0.7359 0.5028
vn -0.6027 -0.7031 0.3774
vn -0.6576 -0.6975 0.2846
vn -0.6733 -0.7006 0.2365
vn 0.5190 0.6160 -0.5926
vn 0.2119 0.8452 -0.4906
vn -0.1424 -0.6292 -0.7641
vn 0.2993 -0.7331 -0.6107
vn 0.3003 -0.7757 -0.5551
vn 0.3636 -0.8866 -0.2859
vn 0.4568 -0.8495 -0.2638
vn 0.7238 -0.6166 0.3096
vn 0.9292 -0.3432 0.1368
vn 0.7483 -0.3615 -0.5562
vn -0.7272 -0.0518 -0.6845
vn -0.3014 0.0118 -0.9534
vn -0.9970 0.0743 0.0210
vn -0.5946 0.3561 0.7209
vn -0.6091 0.6010 0.5175
vn -0.8066 0.0067 0.5911
vn -0.8541 -0.1694 0.4918
vn -0.3216 0.9309 0.1731
vn 0.1425 0.9620 0.2331
vn 0.7125 0.6956 0.0922
vn 0.9641 0.1975 -0.1775
vn 0.9537 -0.2337 -0.1893
vn 0.8540 -0.4840 -0.1908
vn 0.6573 -0.6329 -0.4091
vn 0.5514 -0.8340 0.0200
vn 0.5362 -0.7983 0.2743
vn 0.5113 -0.3933 0.7641
vn 0.5116 -0.8192 0.2592
vn 0.7317 -0.6816 0.0068
vn -0.6467 0.7569 -0.0940
vn -0.4696 0.8723 0.1363
vn -0.0386 0.9988 0.0305
vn 0.4411 0.8365 -0.3250
vn 0.8412 0.3604 -0.4031
vn 0.8970 -0.0948 -0.4317
vn 0.7897 -0.4193 -0.4477
vn -0.5155 -0.5959 0.6158
vn 0.6390 -0.2822 0.7156
vn -0.4735 -0.8756 0.0957
vn 0.0016 -0.7885 -0.6150
vn 0.4651 0.1655 -0.8696
vn 0.7562 -0.3270 -0.5668
vn 0.9849 -0.1734 0.0030
vn -0.1067 -0.9933 -0.0444
vn 0.6263 -0.7698 0.1236
vn 0.1853 -0.8325 0.5221
vn 0.4598 -0.8843 0.0811
vn 0.4960 -0.1361 -0.8576
vn 0.3023 0.7089 -0.6372
vn 0.8205 -0.1599 -0.5488
vn 0.4080 -0.0996 -0.9076
vn 0.9257 0.2101 -0.3147
vn 0.9140 0.0145 -0.4053
vn 0.7090 -0.1895 0.6793
vn 0.8414 -0.1237 0.5260
vn 0.9925 -0.0077 0.1218
vn 0.2468 0.5269 0.8133
vn 0.6704 0.6425 0.3712
vn 0.8132 0.4558 -0.3619
vn 0.6274 0.6737 0.3905
vn 0.2340 -0.9680 0.0903
vn 0.8687 0.2776 -0.4102
vn 0.2549 -0.8735 -0.4147
vn 0.3216 0.7380 -0.5932
vn -0.0985 -0.4863 -0.8682
vn -0.4135 0.7961 -0.4419
vn 0.0604 -0.1298 -0.9897
vn 0.3221 -0.3740 -0.8697
vn 0.6410 0.1788 -0.7465
vn 0.8761 -0.1041 -0.4707
vn 0.4133 0.3191 -0.8529
vn 0.1620 0.3971 -0.9034
vn 0.5444 0.5510 -0.6325
vn 0.6802 0.3835 -0.6247
vn 0.8522 0.2061 -0.4809
vn 0.9153 0.0723 -0.3962
vn 0.9931 0.0552 -0.1033
vn 0.9506 0.1283 -0.2828
vn 0.9776 0.2107 0.0032
vn 0.9381 0.3451 0.0308
vn 0.9839 0.1202 0.1326
vn 0.9218 0.2338 0.3092
vn 0.9592 -0.1505 0.2395
vn 0.8010 0.3953 0.4496
vn 0.8269 0.5330 0.1794
vn 0.8503 -0.1055 0.5157
vn 0.9260 -0.3617 -0.1077
vn 0.6901 -0.4811 -0.5406
vn 0.3082 0.7151 0.6274
vn 0.5782 0.3996 0.7113
vn 0.3088 0.3698 0.8763
vn 0.4609 0.0307 0.8869
vn 0.5670 0.7309 0.3797
vn 0.7814 0.3295 0.5300
vn 0.6633 -0.1172 0.7391
vn -0.6210 0.4824 0.6177
vn -0.6339 0.4178 0.6509
vn -0.7575 0.6347 0.1527
vn -0.7288 0.5928 -0.3426
vn -0.4132 0.8640 -0.2876
vn -0.8927 0.4165 -0.1721
vn -0.8530 0.4542 0.2572
vn -0.5259 0.6206 -0.5816
vn 0.8817 0.3701 -0.2926
vn 0.9515 0.2993 -0.0716
vn 0.9629 0.2273 0.1458
vn 0.9491 0.2879 0.1280
vn -0.1466 0.5296 0.8355
vn -0.6177 0.4432 0.6496
vn -0.6142 0.4795 0.6268
vn -0.2517 0.3302 0.9097
vn 0.1761 0.1557 0.9720
vn 0.7999 0.5859 0.1302
vn 0.9161 0.3513 -0.1932
vn 0.9198 0.2859 -0.2688
vn 0.9475 0.1338 -0.2906
vn 0.8522 0.3923 -0.3462
vn 0.7649 0.3839 -0.5173
vn 0.5887 0.4131 -0.6948
vn 0.5293 0.6232 -0.5757
vn 0.3115 0.7538 -0.5786
vn -0.1955 0.5512 -0.8111
vn -0.0404 0.8824 -0.4688
vn 0.2252 0.8694 -0.4397
vn -0.3951 0.5455 -0.7391
vn 0.6097 0.7520 0.2504
vn -0.6890 0.6836 -0.2408
vn -0.5952 0.7729 0.2199
vn -0.3096 0.8467 0.4328
vn -0.8248 0.2352 -0.5142
vn -0.6270 0.1048 -0.7719
vn -0.2988 -0.0440 -0.9533
vn 0.1351 0.1602 -0.9778
vn 0.4154 0.2342 -0.8790
vn 0.7323 -0.1392 -0.6666
vn -0.4468 0.6928 -0.5660
vn -0.4468 0.4471 -0.7749
vn -0.1725 0.2685 -0.9477
vn 0.9931 0.0253 0.1147
vn 0.9117 0.1172 0.3939
vn 0.6827 -0.0543 0.7287
vn 0.8282 0.2546 0.4992
vn 0.4205 0.8422 -0.3375
vn 0.3934 0.8620 -0.3196
vn -0.0347 0.9300 -0.3660
vn 0.9596 -0.0899 -0.2667
vn 0.3302 0.9148 -0.2326
vn 0.2065 0.9740 -0.0937
vn 0.2587 0.9623 0.0844
vn 0.5019 0.8607 0.0855
vn 0.3675 0.8335 -0.4126
vn 0.5150 0.8554 -0.0552
vn -0.0459 0.9253 -0.3765
vn -0.2026 0.9561 -0.2118
vn -0.6162 0.7611 0.2025
vn -0.4467 0.7077 0.5473
vn 0.8315 0.3088 0.4618
vn 0.6159 0.3342 0.7135
vn 0.4958 0.8499 0.1784
vn 0.2540 0.5958 0.7619
vn -0.0119 0.6900 0.7237
vn -0.1648 0.7059 0.6888
vn -0.4461 0.7078 0.5477
vn -0.3231 0.8328 0.4496
vn -0.5958 0.5870 -0.5482
vn -0.3821 0.5347 -0.7537
vn -0.7338 0.6273 -0.2609
vn -0.5984 0.8012 -0.0011
vn -0.3544 0.8427 0.4053
vn -0.1141 0.7360 0.6673
vn 0.2082 0.4478 0.8696
vn 0.5645 0.4045 0.7195
vn 0.7949 0.3049 0.5246
vn 0.2957 -0.8976 -0.3270
vn 0.3313 -0.5918 -0.7349
vn 0.3915 -0.4585 -0.7978
vn 0.1575 -0.9757 -0.1523
vn 0.1299 -0.9859 0.1052
vn 0.4140 -0.6896 -0.5941
vn 0.1864 -0.9796 -0.0757
vn 0.4945 -0.4952 -0.7143
vn 0.4268 0.1516 -0.8916
vn 0.3830 0.3008 -0.8734
vn 0.4516 0.2749 -0.8488
vn 0.6606 -0.2756 -0.6983
vn 0.5277 0.5236 -0.6689
vn 0.8375 0.0523 -0.5440
vn 0.2971 0.7504 -0.5905
vn -0.1768 0.8433 -0.5075
vn -0.5542 0.7909 -0.2595
vn -0.9507 0.0946 0.2954
vn -0.5338 0.8211 -0.2021
vn 0.4249 0.6418 -0.6385
vn -0.4893 0.8349 -0.2520
vn 0.5167 0.6204 -0.5900
vn 0.8804 -0.3162 -0.3535
vn -0.9246 0.1626 0.3445
vn -0.7773 0.5973 0.1977
vn -0.5866 -0.1137 0.8019
vn -0.6332 0.7023 0.3253
vn -0.1795 0.8242 -0.5371
vn -0.0427 0.9081 -0.4165
vn -0.3741 0.8960 -0.2392
vn -0.3963 0.7880 0.4712
vn -0.7164 0.2981 0.6308
vn 0.7855 0.1169 -0.6077
vn 0.2909 -0.1891 -0.9379
vn 0.9286 0.2742 -0.2500
vn -0.0285 -0.3133 -0.9492
vn 0.1004 -0.6170 -0.7806
vn -0.7556 -0.5012 -0.4218
vn -0.3549 -0.4845 -0.7996
vn -0.7896 -0.3308 -0.5168
vn -0.9827 0.0655 -0.1732
vn -0.9169 0.0862 0.3896
vn -0.5871 0.5441 0.5994
vn 0.0104 0.3342 0.9424
vn 0.3457 0.4492 0.8239
vn 0.8529 0.0051 0.5220
vn -0.8089 -0.2559 0.5293
vn -0.1135 0.2000 0.9732
vn -0.7866 -0.3425 0.5137
vn 0.8122 0.0068 0.5834
vn 0.8551 -0.5156 -0.0536
vn 0.9214 -0.0434 0.3861
vn 0.2678 -0.7706 -0.5784
vn -0.0794 -0.7603 -0.6447
vn -0.5226 -0.4777 -0.7062
vn 0.1804 -0.6093 -0.7722
vn -0.8958 -0.2008 -0.3965
vn -0.9454 0.2175 -0.2426
vn -0.4844 0.8000 0.3540
vn 0.4004 0.5194 0.7549
vn -0.5925 0.6266 0.5062
vn -0.4612 0.5653 0.6839
vn -0.4689 0.2229 0.8547
vn -0.9667 0.1561 0.2028
vn -0.9096 -0.2659 -0.3194
vn -0.8184 0.0630 0.5712
vn -0.7361 -0.3390 -0.5858
vn -0.4670 0.5131 0.7201
vn 0.0751 0.2810 0.9568
vn 0.3344 0.4108 0.8482
vn 0.8487 0.0613 0.5253
vn 0.9793 -0.0315 0.2000
vn 0.6994 -0.5131 -0.4976
vn 0.6967 -0.3806 -0.6081
vn 0.9795 -0.0318 0.1990
vn -0.0676 -0.4561 -0.8874
vn -0.6805 -0.2732 -0.6799
vn 0.0958 -0.2982 -0.9497
vn -0.9509 -0.1860 0.2475
vn 0.4215 0.0759 0.9037
vn -0.4184 -0.1062 0.9021
vn 0.9673 0.0836 0.2394
vn -0.5860 -0.3205 -0.7443
vn -0.9987 0.0504 0.0010
vn 0.8754 -0.4388 -0.2025
vn 0.9190 0.0495 0.3912
vn -0.7096 0.3110 0.6323
vn -0.9987 0.0506 0.0016
vn 0.1548 0.2906 0.9442
vn 0.9184 0.0498 0.3925
vn 0.9211 -0.0427 0.3869
vn -0.9455 0.2180 -0.2420
vn 0.6272 -0.0278 -0.7783
vn -0.8662 0.4916 -0.0898
vn -0.9507 0.0944 0.2954
vn -0.9505 -0.2787 0.1376
vn -0.8662 0.4916 -0.0897
vn -0.5244 -0.8489 -0.0659
vn -0.4857 -0.7060 0.5155
vn 0.0589 -0.9340 0.3524
vn 0.2065 -0.9570 -0.2039
vn 0.6210 -0.7822 0.0498
vn 0.6272 -0.0279 -0.7784
vn 0.8375 0.0522 -0.5439
vn -0.5879 0.2241 0.7773
vn -0.4802 -0.4465 0.7550
vn -0.2631 -0.6770 0.6873
vn -0.7805 0.4120 0.4702
vn -0.4159 0.8537 0.3133
vn -0.3754 0.8696 -0.3206
vn -0.0816 0.9002 -0.4277
vn 0.4272 0.1504 -0.8915
vn 0.2092 0.4374 -0.8746
vn -0.4637 -0.6787 0.5695
vn 0.3742 -0.8895 0.2622
vn 0.1785 -0.9832 -0.0377
vn 0.0788 -0.8438 0.5308
vn -0.4255 -0.1081 0.8985
vn -0.3302 -0.6262 0.7063
vn 0.1822 0.3967 -0.8997
vn 0.3802 0.1941 -0.9043
vn 0.0043 -0.9179 0.3968
vn -0.4425 -0.6366 -0.6316
vn -0.3972 -0.8818 0.2544
vn -0.0400 0.0536 -0.9978
vn 0.1827 0.3978 -0.8991
vn 0.3800 0.1957 -0.9041
vn -0.3306 -0.6257 0.7065
vn -0.4808 -0.4452 0.7554
vn -0.3465 -0.8278 0.4412
vn 0.2087 0.4391 -0.8738
vn 0.2458 -0.0680 -0.9669
vn -0.1866 -0.8419 -0.5064
vn -0.6138 0.4281 -0.6633
vn -0.9318 -0.2223 0.2870
vn -0.3483 -0.8266 0.4421
vn -0.1847 -0.8429 -0.5053
vn 0.2466 -0.0705 -0.9666
vn 0.5681 -0.8125 -0.1311
vn 0.1173 -0.8291 0.5467
vn 0.5299 -0.8451 -0.0713
vn 0.6441 -0.4729 -0.6012
vn -0.3021 0.7138 -0.6318
vn 0.1045 0.0824 -0.9911
vn -0.0899 -0.8041 -0.5876
vn -0.0839 -0.9397 0.3317
vn -0.6949 -0.6549 -0.2971
vn 0.0509 -0.7627 -0.6448
vn -0.5653 -0.7861 0.2501
vn -0.9500 -0.0840 0.3008
vn -0.9165 0.3163 -0.2449
vn -0.2825 0.3373 -0.8980
vn 0.5257 -0.0041 -0.8507
vn 0.7664 -0.4057 -0.4980
vn 0.7664 -0.4058 -0.4979
vn 0.5258 -0.0043 -0.8506
vn -0.9500 -0.0840 0.3007
vn -0.9165 0.3162 -0.2449
vn -0.2825 0.3370 -0.8981
vn -0.3173 0.7052 -0.6340
vn -0.9116 0.4070 0.0582
vn -0.7922 0.1949 -0.5783
vn 0.0997 0.0774 -0.9920
vn -0.0883 -0.8046 -0.5872
vn -0.9222 -0.3627 0.1341
vn -0.0832 -0.9386 0.3347
vn -0.6417 -0.2818 0.7133
vn 0.1174 -0.8277 0.5487
vn 0.0031 -0.9173 0.3983
vn -0.7147 0.5620 -0.4163
vn -0.9216 -0.1246 0.3676
vn -0.3968 -0.8820 0.2540
vn -0.4397 -0.6382 -0.6319
vn -0.0373 0.0489 -0.9981
vn 0.0236 -0.5439 0.8388
vn 0.3664 0.0677 0.9280
vn -0.5581 -0.1818 0.8096
vn -0.6571 -0.7141 0.2414
vn -0.5896 0.0801 0.8037
vn -0.9620 -0.2528 -0.1037
vn -0.3505 -0.5742 -0.7399
vn 0.3993 -0.8725 -0.2817
vn 0.8716 -0.3066 0.3825
vn -0.7881 -0.3332 -0.5176
vn 0.1822 -0.6743 -0.7156
vn -0.4665 -0.7429 -0.4800
vn -0.3533 -0.4851 -0.7999
vn 0.2381 -0.9690 0.0660
vn 0.7707 -0.5490 -0.3234
vn 0.4055 -0.6154 -0.6759
vn 0.7941 -0.4075 0.4509
vn 0.8536 0.0064 0.5208
vn 0.8607 -0.4474 -0.2432
vn 0.9642 -0.0319 0.2631
vn -0.7021 -0.6492 -0.2924
vn 0.0600 -0.9690 0.2396
vn -0.8752 -0.1760 0.4507
vn -0.8965 -0.1998 -0.3954
vn -0.1006 0.0745 0.9921
vn -0.8475 0.3836 0.3669
vn 0.7217 -0.4135 0.5551
vn 0.8115 0.0079 0.5844
vn 0.0094 0.5304 0.8477
vn -0.5901 -0.5971 -0.5434
vn -0.7801 -0.5545 0.2898
vn 0.2756 -0.9201 -0.2784
vn 0.2023 -0.3145 0.9274
vn 0.9287 -0.3221 0.1839
vn -0.7861 -0.3422 0.5147
vn -0.8084 -0.2553 0.5304
vn -0.7960 -0.4620 0.3911
vn -0.5566 -0.7705 -0.3107
vn -0.1796 -0.9811 0.0721
vn -0.3135 -0.3883 0.8666
vn 0.5880 -0.2953 0.7531
vn 0.5296 -0.7888 -0.3120
vn 0.9974 -0.0703 0.0163
vn 0.8347 -0.0719 -0.5460
vn -0.4683 -0.7416 -0.4804
vn -0.8371 -0.4443 0.3192
vn 0.2379 -0.9690 0.0661
vn -0.0543 -0.1714 0.9837
vn 0.7933 -0.4094 0.4505
vn 0.9640 -0.0314 0.2641
vn 0.9974 -0.0699 0.0164
vn 0.8009 0.4806 0.3571
vn 0.5879 -0.2948 0.7533
vn 0.8340 -0.0727 -0.5470
vn -0.0428 0.2170 0.9752
vn -0.3140 -0.3887 0.8662
vn -0.7962 -0.4624 0.3903
vn 0.7912 0.4220 0.4427
vn 0.7845 0.1162 -0.6091
vn 0.9285 0.2738 -0.2510
vn 0.4006 -0.8724 -0.2800
vn 0.8456 -0.2326 -0.4805
vn 0.8723 -0.3041 0.3829
vn 0.3351 -0.3363 -0.8801
vn -0.3506 -0.5757 -0.7387
vn 0.9445 0.0569 0.3235
vn 0.3666 0.0712 0.9277
vn 0.8513 -0.3808 -0.3609
vn 0.8495 0.0606 0.5241
vn 0.9287 -0.3219 0.1839
vn 0.2757 -0.9200 -0.2786
vn -0.5891 -0.5970 -0.5446
vn -0.0445 -0.5886 -0.8072
vn -0.9089 -0.2665 -0.3208
vn 0.6961 -0.6886 -0.2032
vn 0.0602 -0.9690 0.2395
vn 0.7218 -0.4136 0.5549
vn -0.7013 -0.6498 -0.2932
vn -0.4077 -0.2928 -0.8649
vn -0.9967 -0.0680 -0.0433
vn -0.6066 0.2849 0.7422
vn 0.3623 0.2588 0.8954
vn -0.5133 0.7184 0.4695
vn 0.1351 -0.6274 -0.7669
vn 0.3636 0.2587 0.8949
vn -0.4063 -0.2929 -0.8655
vn 0.4073 -0.3168 -0.8566
vn 0.9413 -0.1240 -0.3140
vn 0.9630 0.0873 0.2550
vn 0.8216 -0.1144 -0.5584
vn 0.9676 0.0835 0.2382
vn 0.3198 -0.4652 -0.8254
vn 0.8564 -0.3453 -0.3838
vn -0.0731 0.0843 -0.9938
vn 0.2323 0.3021 -0.9245
vn 0.2359 0.0235 -0.9715
vn 0.6325 -0.7685 -0.0969
vn 0.5588 -0.7743 0.2969
vn 0.7259 -0.6585 0.1986
vn 0.6354 -0.7362 0.2327
vn 0.5982 -0.6404 0.4817
vn 0.4527 -0.3943 -0.7998
vn 0.9663 -0.1499 -0.2095
vn 0.7967 -0.3828 -0.4678
vn 0.8364 0.1773 0.5186
vn 0.9697 0.0035 -0.2444
vn 0.2088 -0.2224 -0.9523
vn -0.4796 -0.3533 -0.8032
vn -0.6516 -0.3147 -0.6902
vn 0.4584 0.3448 0.8191
vn 0.1353 0.2161 0.9670
vn -0.0760 0.1364 0.9877
vn 0.8692 0.3847 0.3107
vn 0.6344 0.4173 0.6507
vn 0.8775 0.2172 0.4276
vn 0.9370 -0.0075 -0.3493
vn 0.8685 -0.1380 -0.4761
vn 0.2405 -0.2806 -0.9292
vn 0.3067 -0.1634 -0.9377
vn 0.8869 0.1711 -0.4292
vn 0.1681 -0.0784 -0.9826
vn -0.6672 -0.6735 0.3183
vn -0.7252 -0.5560 -0.4062
vn -0.2766 -0.9266 -0.2547
vn -0.2850 -0.4833 -0.8278
vn 0.2532 -0.6533 -0.7135
vn 0.9959 0.0004 -0.0904
vn -0.4171 -0.1479 0.8967
vn -0.0168 -0.1962 -0.9804
vn 0.7739 0.0140 -0.6332
vn 0.8154 0.4781 0.3264
vn 0.4649 0.4054 0.7871
vn 0.9125 0.3391 0.2289
vn -0.4748 -0.2212 0.8519
vn -0.1730 -0.0930 0.9805
vn 0.9182 0.3241 0.2279
vn 0.9959 -0.0000 -0.0902
vn 0.0063 0.2830 0.9591
vn 0.3251 0.4402 0.8369
vn 0.6207 0.4100 0.6683
vn 0.7268 0.5804 0.3673
vn 0.7940 0.6071 -0.0312
vn 0.7433 0.6361 -0.2069
vn 0.6174 0.5712 -0.5409
vn 0.5619 0.5533 -0.6150
vn 0.3228 0.5997 -0.7322
vn 0.1795 0.4840 -0.8565
vn -0.5580 0.1682 -0.8126
vn -0.2768 -0.0098 -0.9609
vn -0.5266 0.0767 -0.8467
vn -0.6491 -0.0849 -0.7560
vn -0.8618 -0.1907 -0.4701
vn -0.3052 0.0893 -0.9481
vn 0.1455 0.2942 -0.9446
vn 0.6374 0.6252 0.4503
vn 0.8067 0.5909 0.0103
vn 0.2137 0.3543 0.9104
vn 0.6013 -0.6148 0.5103
vn 0.8559 0.1026 0.5069
vn 0.3279 -0.1893 0.9255
vn 0.5389 0.0825 0.8383
vn 0.8527 0.4213 0.3087
vn -0.9405 -0.3124 -0.1340
vn -0.6865 -0.2337 0.6886
vn -0.5887 -0.6365 0.4983
vn 0.0882 -0.5072 0.8573
vn -0.3581 -0.4163 0.8358
vn 0.0214 -0.0662 0.9976
vn -0.1706 -0.0933 0.9809
vn -0.5249 -0.6351 0.5667
vn -0.3105 -0.1510 0.9385
vn 0.2159 0.3537 0.9101
vn 0.3277 0.4365 0.8379
vn -0.1963 0.1093 0.9744
vn 0.0067 0.2735 0.9618
vn -0.5576 -0.2157 0.8016
vn -0.6412 -0.4595 0.6146
vn -0.7203 -0.4653 0.5144
vn -0.7092 -0.5175 0.4788
vn -0.8986 -0.3964 0.1879
vn -0.8777 -0.4791 0.0113
vn 0.3279 -0.1895 0.9255
vn -0.0721 -0.2982 0.9518
vn 0.5383 0.0818 0.8388
vn 0.1245 -0.0433 0.9913
vn -0.9008 -0.4335 -0.0240
vn -0.3334 -0.8688 0.3662
vn -0.1441 -0.9895 0.0137
vn 0.3920 -0.4962 0.7746
vn 0.7808 -0.6105 0.1329
vn -0.2598 -0.6404 0.7228
vn -0.5203 -0.5914 0.6161
vn -0.2004 -0.7154 0.6694
vn -0.2531 -0.3310 0.9091
vn -0.5332 -0.5274 0.6615
vn -0.3939 -0.6377 0.6620
vn -0.2819 -0.6308 0.7229
vn -0.4095 -0.5533 0.7253
vn -0.2973 -0.5336 0.7918
vn -0.5310 -0.5794 0.6183
vn -0.8581 -0.3978 0.3246
vn -0.7605 -0.2947 -0.5786
vn -0.8799 -0.3429 -0.3288
vn -0.7672 -0.5059 0.3944
vn -0.9396 -0.2149 -0.2663
vn -0.5991 -0.6824 0.4188
vn -0.8501 -0.2167 -0.4801
vn -0.8931 -0.3717 -0.2533
vn -0.6695 -0.1191 -0.7332
vn -0.5375 -0.1923 -0.8211
vn 0.1504 -0.0697 -0.9862
vn 0.4177 -0.2351 -0.8777
vn 0.9389 -0.0694 -0.3371
vn 0.8414 -0.1988 -0.5026
vn 0.7442 0.0361 -0.6670
vn 0.1811 -0.2511 -0.9509
vn 0.8700 0.0662 0.4886
vn 0.4916 0.1181 -0.8628
vn 0.0546 -0.1105 -0.9924
vn -0.5204 -0.2610 -0.8131
vn 0.8484 0.4258 -0.3145
vn 0.8667 0.3365 0.3682
vn 0.6377 0.1905 0.7463
vn 0.9312 0.3232 0.1684
vn 0.9182 0.3219 -0.2307
vn 0.6282 0.1396 -0.7654
vn -0.1814 -0.5032 -0.8449
vn -0.5918 -0.2671 -0.7606
vn -0.9008 -0.4335 -0.0250
vn -0.1433 -0.9896 0.0138
vn 0.7814 -0.6098 0.1323
vn 0.8226 -0.1309 -0.5534
vn 0.6856 0.3951 -0.6114
vn 0.0175 -0.2955 -0.9552
vn 0.4508 0.0145 -0.8925
vn 0.8266 0.0086 -0.5628
vn 0.9940 -0.0252 0.1063
vn 0.8621 0.1917 0.4690
vn 0.8449 -0.4181 -0.3336
vn 0.5308 -0.8392 0.1182
vn 0.7035 -0.2527 -0.6642
vn 0.6723 -0.4649 -0.5761
vn 0.4649 -0.8276 0.3145
vn 0.8314 -0.4069 -0.3785
vn 0.0720 -0.7315 0.6780
vn -0.2580 -0.6415 0.7224
vn -0.0140 -0.6231 0.7820
vn -0.5016 -0.5049 0.7025
vn -0.8631 -0.1977 0.4646
vn -0.5036 -0.3648 0.7831
vn -0.3401 -0.5160 0.7862
vn -0.7994 -0.4161 0.4334
vn -0.3685 -0.5588 0.7430
vn 0.2257 -0.4912 0.8413
vn -0.5687 -0.4738 0.6724
vn -0.9089 -0.0855 0.4081
vn -0.8007 0.0088 0.5990
vn -0.7946 0.5950 -0.1208
vn -0.9988 0.0010 -0.0493
vn -0.9423 0.1649 -0.2914
vn -0.7437 0.2432 -0.6227
vn -0.9921 -0.1246 0.0167
vn -0.9782 0.1003 -0.1818
vn -0.9783 -0.0039 -0.2072
vn -0.9367 0.2762 -0.2151
vn -0.8694 0.3972 -0.2939
vn -0.8993 0.4014 0.1737
vn -0.9965 0.0694 -0.0473
vn -0.8521 -0.0826 0.5169
vn -0.4804 0.7491 -0.4562
vn -0.5164 0.1990 -0.8329
vn 0.3215 0.4973 -0.8058
vn 0.0255 -0.3104 -0.9503
vn -0.6476 -0.7024 -0.2955
vn -0.8960 -0.3787 -0.2320
vn -0.7455 -0.3585 0.5619
vn -0.9978 -0.0079 -0.0661
vn -0.9502 0.3115 -0.0122
vn -0.7777 0.4506 -0.4384
vn -0.5465 0.6675 -0.5058
vn -0.9393 0.0407 -0.3408
vn -0.4702 0.5249 -0.7095
vn -0.3021 -0.0611 -0.9513
vn -0.1429 0.6649 -0.7331
vn 0.0285 0.6811 -0.7316
vn -0.9904 -0.0895 0.1055
vn -0.9843 -0.0067 0.1762
vn -0.9267 0.3747 0.0293
vn -0.9927 0.0803 0.0902
vn -0.6342 0.7496 -0.1896
vn -0.4241 0.8634 -0.2731
vn -0.0652 0.9049 -0.4206
vn -0.8216 0.5405 -0.1813
vn -0.2216 0.8908 -0.3966
vn -0.7339 0.6183 -0.2811
vn -0.9955 -0.0718 -0.0618
vn -0.8540 -0.5042 -0.1283
vn -0.0650 0.9049 -0.4206
vn 0.4476 0.7742 -0.4475
vn -0.2214 0.8909 -0.3967
vn 0.5314 0.7027 -0.4732
vn 0.2003 0.8005 -0.5649
vn -0.4240 0.8634 -0.2733
vn -0.3020 -0.0610 -0.9513
vn 0.2481 0.4584 -0.8534
vn -0.4701 0.5249 -0.7096
vn -0.1427 0.6649 -0.7331
vn 0.5403 0.5459 -0.6404
vn 0.5725 0.4225 -0.7027
vn 0.7850 0.4576 -0.4176
vn 0.5405 0.5975 -0.5923
vn 0.0244 0.8566 -0.5154
vn -0.7338 0.6184 -0.2812
vn 0.9093 0.3425 -0.2364
vn 0.9767 0.1822 -0.1137
vn 0.8126 -0.4373 0.3853
vn 0.9820 -0.1341 0.1330
vn 0.9987 0.0071 0.0499
vn 0.8713 -0.2214 0.4380
vn 0.4330 -0.6099 0.6637
vn 0.0170 -0.6279 0.7781
vn 0.2430 -0.5519 0.7977
vn 0.4017 -0.6838 0.6092
vn 0.9373 -0.0433 0.3457
vn 0.9971 0.0758 0.0111
vn 0.8264 0.4607 -0.3237
vn -0.9370 0.2952 0.1868
vn -0.6361 -0.3496 0.6879
vn -0.9461 0.0460 -0.3205
vn -0.6167 0.6533 -0.4393
vn 0.5779 0.4341 -0.6911
vn -0.3714 0.8251 -0.4257
vn 0.2080 0.7739 -0.5982
vn 0.8627 -0.1479 -0.4836
vn 0.6385 -0.7390 0.2147
vn 0.6443 -0.7633 0.0476
vn -0.0377 -0.7434 0.6677
vn 0.5354 -0.8432 0.0486
vn 0.7441 -0.2172 -0.6317
vn 0.3718 0.4852 -0.7914
vn 0.7073 -0.4017 -0.5817
vn 0.4620 0.2609 -0.8477
vn 0.7426 -0.4442 -0.5012
vn 0.4546 -0.8748 0.1672
vn -0.8577 0.5091 -0.0725
vn -0.2548 0.7022 -0.6649
vn -0.8410 0.5377 -0.0596
vn -0.1409 -0.7301 0.6687
vn -0.6395 -0.0915 0.7633
vn 0.0043 -0.8308 0.5565
vn 0.2710 0.5197 -0.8102
vn -0.3897 0.8753 -0.2863
vn -0.8269 0.5127 0.2310
vn -0.6422 0.6629 0.3848
vn 0.7066 -0.1353 -0.6946
vn 0.5173 -0.8262 -0.2233
vn 0.5983 -0.2199 -0.7705
vn 0.5638 -0.8188 0.1081
vn 0.0044 -0.8309 0.5565
vn -0.1405 -0.7302 0.6687
vn 0.3669 -0.9268 -0.0798
vn 0.5243 -0.5729 -0.6300
vn 0.2713 0.5195 -0.8103
vn 0.3218 0.4970 -0.8058
vn 0.3236 0.3424 -0.8821
vn 0.5298 -0.4850 -0.6957
vn 0.3798 -0.4224 -0.8230
vn 0.2300 -0.9672 -0.1080
vn 0.4165 -0.8991 -0.1348
vn 0.0387 -0.7737 0.6324
vn -0.0731 -0.7699 0.6339
vn 0.5510 -0.6733 -0.4930
vn 0.2343 -0.9495 0.2089
vn -0.1394 -0.6946 0.7057
vn -0.6482 0.7470 0.1478
vn -0.4951 0.5001 0.7104
vn -0.2746 -0.0429 0.9606
vn -0.1763 0.8225 0.5408
vn 0.0720 0.9136 -0.4001
vn -0.2083 0.9712 -0.1157
vn -0.2850 0.7826 0.5535
vn -0.0248 0.8028 0.5957
vn -0.3389 0.8696 0.3590
vn -0.7196 0.6250 0.3025
vn -0.5279 0.7289 0.4359
vn -0.3092 0.7913 0.5275
vn -0.1432 -0.8516 0.5042
vn 0.0714 -0.9460 -0.3163
vn 0.2330 -0.3815 -0.8945
vn -0.4163 -0.3319 -0.8465
vn 0.6808 0.4531 0.5755
vn -0.9403 -0.3123 -0.1349
vn -0.7147 0.0156 0.6992
vn 0.8691 0.0660 0.4902
vn -0.4724 -0.2211 0.8532
vn 0.6011 -0.6152 0.5101
vn -0.4029 -0.8915 0.2069
vn -0.3382 -0.0722 0.9383
vn 0.8652 0.0955 0.4923
vn 0.2835 -0.6341 -0.7194
vn -0.6527 -0.3150 -0.6890
vn -0.2366 0.1739 -0.9559
vn 0.7085 0.5804 -0.4016
vn 0.5137 0.4467 -0.7325
vn 0.7458 0.2986 -0.5955
vn 0.2824 -0.6336 -0.7203
vn 0.2447 0.4218 -0.8731
vn 0.2388 -0.9462 -0.2183
vn 0.2593 0.4432 -0.8581
vn 0.4618 0.2610 -0.8477
vn -0.3134 0.8742 -0.3708
vn -0.6176 0.6375 0.4606
vn -0.8193 0.4791 0.3149
vn -0.5496 0.0033 0.8354
vn 0.3235 0.3425 -0.8821
vn 0.2748 0.2721 -0.9222
vn 0.2449 0.4217 -0.8730
vn 0.2720 0.2663 -0.9247
vn -0.2741 -0.0373 0.9610
vn -0.5503 0.0027 0.8350
vn 0.1202 0.4400 -0.8899
vn -0.3922 -0.4483 0.8032
vn -0.0855 -0.9963 -0.0038
vn 0.1299 0.1325 0.9826
vn -0.5930 -0.2671 -0.7596
vn -0.9748 -0.2128 0.0666
vn -0.6406 0.1719 0.7484
vn -0.5965 -0.1873 0.7805
vn -0.6697 -0.0317 0.7420
vn 0.1290 0.1322 0.9828
vn -0.5207 -0.3123 0.7946
vn 0.6365 0.1900 0.7475
vn 0.4537 0.5098 -0.7309
vn 0.6593 0.6312 -0.4086
vn 0.4183 -0.2353 -0.8773
vn -0.4432 -0.7894 0.4248
vn -0.5525 -0.7789 0.2969
vn 0.8614 0.1917 0.4703
vn 0.1188 0.0698 0.9905
vn -0.6463 -0.1427 0.7496
vn -0.9159 -0.3153 0.2486
vn -0.4476 -0.6622 0.6010
vn -0.3067 -0.6133 0.7279
vn -0.7348 -0.5934 0.3285
vn -0.8309 -0.1899 -0.5230
vn -0.5787 0.0636 -0.8130
vn 0.8654 0.0956 0.4919
vn -0.0433 0.3091 -0.9501
vn 0.2388 -0.9462 -0.2184
vn 0.9826 -0.1779 0.0541
vn 0.9803 -0.1240 -0.1535
vn 0.9715 0.1554 -0.1789
vn 0.9517 -0.1788 -0.2497
vn 0.8007 -0.5988 -0.0152
vn 0.1177 -0.9569 0.2654
vn 0.0255 -0.3105 -0.9502
vn 0.7343 -0.4473 -0.5106
vn 0.8964 -0.4155 -0.1543
vn -0.7454 -0.3585 0.5620
vn 0.4676 0.5280 -0.7089
vn 0.8462 0.1002 -0.5233
vn 0.6162 0.3812 -0.6892
vn 0.0288 0.6810 -0.7317
vn 0.9141 0.1124 -0.3896
vn 0.8538 -0.4263 0.2989
vn 0.8623 -0.5062 -0.0159
vn 0.5320 -0.5560 0.6386
vn 0.7142 -0.4481 0.5376
vn -0.6359 -0.3498 0.6880
vn 0.1855 -0.5465 0.8166
vn 0.2594 0.4432 -0.8581
vn -0.2709 -0.5342 0.8008
vn -0.9763 -0.2127 0.0396
vn -0.9598 -0.1047 0.2603
vn -0.9505 -0.2194 0.2199
vn -0.9544 0.0621 -0.2920
vn -0.9501 -0.2802 -0.1373
vn -0.9867 -0.0659 -0.1488
vn -0.9138 -0.0481 -0.4032
vn -0.9303 -0.3668 0.0067
vn 0.6326 -0.7684 -0.0969
vn -0.4367 0.7877 -0.4346
vn -0.7201 -0.1394 0.6797
vn -0.8462 0.4744 0.2428
vn -0.9145 0.3908 0.1048
vn -0.4369 0.7876 -0.4345
vn -0.0378 -0.7434 0.6678
vn -0.3912 -0.4510 0.8022
vn -0.6127 0.7400 -0.2774
vn -0.1456 0.1132 -0.9828
vn -0.6451 -0.5260 -0.5542
vn -0.8734 0.1558 0.4613
vn -0.5914 -0.6936 0.4113
vn -0.5938 -0.6911 0.4120
vn -0.6492 -0.5212 -0.5540
vn 0.1375 -0.6095 -0.7808
vn -0.1475 0.1190 -0.9819
vn 0.1221 0.4401 -0.8896
vn -0.5815 0.6150 0.5326
vn -0.6350 0.4096 0.6550
vn -0.9950 -0.0981 0.0192
vn -0.6616 0.2770 0.6968
vn -0.6477 0.0015 0.7619
vn 0.0385 0.2842 0.9580
vn 0.8355 0.1775 0.5200
vn 0.4967 0.0982 -0.8624
vn 0.8184 -0.3590 -0.4487
vn 0.4141 -0.8795 0.2346
vn -0.6475 -0.7024 -0.2956
vn 0.2454 -0.4895 -0.8368
vn -0.4812 -0.3532 -0.8023
vn -0.1657 -0.3248 -0.9311
vn -0.0434 -0.3103 -0.9496
vn -0.1877 -0.2148 -0.9585
vn -0.2005 -0.0801 -0.9764
vn -0.2112 -0.0059 -0.9774
vn -0.1548 -0.1714 -0.9730
vn -0.0957 -0.0526 -0.9940
vn -0.1046 0.3068 -0.9460
vn -0.1496 0.2895 -0.9454
vn 0.9412 -0.2766 0.1941
vn 0.9557 -0.2175 0.1985
vn 0.8902 -0.4244 0.1655
vn 0.0455 -0.5030 -0.8631
vn 0.1015 -0.3976 -0.9119
vn 0.3492 -0.5088 -0.7869
vn 0.2658 -0.6440 -0.7174
vn 0.5235 -0.5669 -0.6361
vn 0.4281 -0.7196 -0.5467
vn 0.3780 -0.5865 -0.7164
vn 0.4885 -0.6645 -0.5655
vn 0.5815 -0.4646 -0.6679
vn 0.4635 -0.3500 -0.8140
vn 0.6723 -0.2016 -0.7123
vn 0.4366 -0.1599 -0.8853
vn 0.2471 -0.2981 -0.9220
vn 0.2626 -0.1400 -0.9547
vn 0.1365 -0.2703 -0.9531
vn 0.1616 -0.4683 -0.8687
vn -0.0110 -0.3099 -0.9507
vn 0.2517 -0.4804 -0.8402
vn 0.6752 -0.6097 -0.4151
vn 0.5537 -0.7190 -0.4202
vn 0.6180 -0.6299 -0.4705
vn 0.7332 -0.4082 -0.5438
vn 0.8497 -0.2094 -0.4839
vn 0.8354 -0.0095 -0.5495
vn 0.9092 -0.0734 -0.4099
vn 0.8225 0.0497 -0.5665
vn 0.9085 0.0765 -0.4107
vn 0.9868 -0.0408 -0.1569
vn 0.9909 0.0793 -0.1086
vn 0.9840 -0.1733 -0.0404
vn 0.9985 0.0494 0.0216
vn 0.9591 0.2626 -0.1053
vn 0.7052 -0.6464 -0.2913
vn 0.7624 -0.6334 -0.1322
vn 0.7624 -0.5464 -0.3467
vn 0.8788 -0.3721 -0.2988
vn 0.9507 -0.1938 -0.2420
vn 0.9602 -0.2494 -0.1261
vn 0.9057 -0.4226 -0.0337
vn 0.9793 -0.1977 -0.0434
vn 0.8704 -0.4609 -0.1732
vn 0.7523 -0.4922 -0.4378
vn 0.8422 -0.2570 -0.4740
vn 0.8011 -0.4341 -0.4121
vn 0.8064 -0.4838 -0.3401
vn 0.7965 -0.5426 -0.2667
vn 0.7499 -0.5258 -0.4015
vn 0.8486 -0.3886 -0.3589
vn 0.0205 -0.0591 -0.9980
vn 0.1779 -0.0558 -0.9825
vn 0.1243 0.1328 -0.9833
vn 0.2267 0.1443 -0.9632
vn 0.3205 0.0204 -0.9470
vn 0.3888 0.2371 -0.8903
vn 0.5381 0.0529 -0.8412
vn 0.5613 0.1784 -0.8082
vn 0.7041 0.1059 -0.7022
vn 0.6783 0.2162 -0.7023
vn 0.8211 0.2429 -0.5165
vn 0.7242 0.3833 -0.5732
vn 0.8299 0.3058 -0.4667
vn -0.1296 0.5842 -0.8012
vn 0.1059 0.5266 -0.8435
vn 0.2419 0.3254 -0.9141
vn 0.3971 0.2486 -0.8835
vn 0.5617 0.2642 -0.7841
vn 0.6561 0.4807 -0.5818
vn 0.8256 0.3891 -0.4086
vn 0.8305 0.4422 -0.3388
vn 0.6543 0.5127 -0.5559
vn 0.4462 0.5250 -0.7248
vn 0.4185 0.4684 -0.7781
vn 0.9199 0.3094 -0.2411
vn 0.9593 0.2088 -0.1899
vn 0.9946 -0.0130 -0.1032
vn 0.9779 0.0311 -0.2067
vn 0.9796 0.1256 0.1568
vn 0.9769 0.0965 0.1909
vn 0.8635 0.4380 0.2498
vn 0.9233 -0.3696 0.1045
vn 0.9666 -0.2473 0.0679
vn 0.9728 -0.2300 -0.0279
vn 0.9628 -0.1914 -0.1907
vn 0.9455 -0.0706 -0.3179
vn 0.9266 0.1646 -0.3380
vn 0.8430 0.0061 -0.5379
vn 0.8788 -0.4743 -0.0533
vn 0.8898 -0.4112 -0.1982
vn 0.9186 -0.2554 -0.3016
vn 0.8459 -0.2326 -0.4800
vn 0.6708 -0.2066 -0.7123
vn 0.7223 0.1044 -0.6837
vn 0.5527 0.0307 -0.8328
vn 0.4500 -0.1556 -0.8793
vn 0.4633 -0.3768 -0.8021
vn 0.2687 -0.2819 -0.9210
vn 0.2866 -0.4558 -0.8427
vn 0.1722 -0.3403 -0.9244
vn 0.2446 -0.5337 -0.8095
vn 0.1226 -0.4782 -0.8697
vn 0.8441 -0.5230 0.1185
vn 0.7517 -0.6441 -0.1416
vn 0.7742 -0.5779 -0.2583
vn 0.8523 -0.4110 -0.3235
vn 0.7398 -0.4055 -0.5369
vn 0.5706 -0.4727 -0.6715
vn 0.3724 -0.5683 -0.7337
vn 0.3225 -0.6379 -0.6994
vn 0.3529 -0.4922 -0.7958
vn 0.4291 -0.6791 -0.5955
vn 0.5411 -0.5406 -0.6442
vn 0.6018 -0.6860 -0.4091
vn 0.7447 -0.5570 -0.3677
vn 0.6080 -0.6065 -0.5124
vn 0.4531 -0.6329 -0.6278
vn 0.6887 -0.5733 -0.4439
vn 0.8627 -0.5056 -0.0064
vn 0.8203 -0.5456 -0.1714
vn 0.1630 -0.3637 -0.9172
vn 0.5124 -0.2872 -0.8093
vn 0.3189 -0.2351 -0.9182
vn 0.6454 -0.3549 -0.6763
vn 0.8017 -0.4078 -0.4370
vn 0.3363 -0.0776 -0.9385
vn 0.2834 -0.3827 -0.8793
vn 0.3480 -0.4243 -0.8360
vn 0.4003 -0.0842 -0.9125
vn 0.1518 0.2114 -0.9655
vn 0.2186 -0.1458 -0.9649
vn 0.2972 -0.4652 -0.8338
vn 0.3051 -0.3006 -0.9036
vn 0.5480 0.3221 -0.7720
vn 0.3378 0.3844 -0.8591
vn 0.5050 0.4246 -0.7514
vn 0.4567 0.1178 -0.8818
vn 0.2052 0.1855 -0.9610
vn 0.5956 0.0565 -0.8013
vn 0.4282 -0.0253 -0.9033
vn 0.2078 0.0454 -0.9771
vn 0.2501 -0.0958 -0.9635
vn 0.1612 -0.1337 -0.9778
vn 0.1225 -0.0558 -0.9909
vn 0.0905 0.1861 -0.9783
vn 0.1270 -0.0384 -0.9912
vn 0.0818 -0.2635 -0.9612
vn 0.1741 -0.3016 -0.9374
vn 0.5844 0.2522 -0.7713
vn 0.6508 0.3766 -0.6593
vn 0.6861 0.4389 -0.5802
vn 0.8034 0.4635 -0.3737
vn 0.8601 0.3826 -0.3375
vn 0.4502 0.4762 -0.7554
vn 0.6530 0.4581 -0.6031
vn 0.7460 0.1910 -0.6379
vn 0.8238 0.2082 -0.5273
vn 0.8328 0.1334 -0.5373
vn 0.9165 0.1757 -0.3594
vn 0.9905 0.0660 -0.1205
vn 0.8424 -0.5101 -0.1737
vn 0.8815 -0.4495 -0.1448
vn 0.8990 -0.1725 -0.4025
vn 0.8800 -0.3408 -0.3307
vn 0.7254 -0.4118 -0.5516
vn 0.5983 -0.3750 -0.7081
vn 0.3695 -0.3281 -0.8694
vn 0.0899 -0.3025 -0.9489
vn 0.0571 -0.2214 -0.9735
vn 0.9119 0.4102 -0.0081
vn 0.2053 -0.4410 -0.8737
vn 0.8741 -0.4630 -0.1469
vn 0.9133 -0.3954 -0.0974
vn 0.2116 0.3643 -0.9069
vn 0.3844 -0.4813 0.7878
vn 0.4356 -0.3836 0.8143
vn 0.5707 -0.4811 0.6654
vn 0.0052 -0.4250 0.9052
vn 0.1335 -0.3046 0.9431
vn 0.4475 -0.4747 0.7579
vn 0.5816 -0.4520 0.6763
vn -0.8591 -0.2494 -0.4470
vn -0.9691 -0.2460 -0.0179
vn -0.8282 -0.2367 -0.5079
vn -0.9816 -0.0964 -0.1649
vn -0.3383 -0.1503 0.9289
vn -0.4175 -0.3778 0.8264
vn -0.7170 -0.2929 0.6325
vn -0.7365 -0.2370 -0.6336
vn -0.8655 -0.1422 -0.4803
vn -0.7418 -0.2050 -0.6385
vn 0.1149 -0.0398 0.9926
vn 0.4502 -0.1067 0.8865
vn -0.9368 -0.0965 0.3364
vn -0.8867 -0.2903 0.3599
vn -0.9692 -0.2458 -0.0172
vn -0.7037 0.0133 0.7104
vn -0.3779 0.1698 0.9102
vn 0.2763 0.0316 0.9605
vn 0.5899 0.7861 0.1845
vn -0.0019 0.6984 0.7157
vn -0.4210 0.7056 0.5700
vn -0.6837 0.1473 0.7147
vn -0.8681 0.2580 0.4240
vn -0.9821 0.1618 -0.0964
vn -0.8852 0.1400 -0.4436
vn -0.9355 0.2532 -0.2463
vn -0.0686 0.9236 -0.3773
vn -0.6191 0.7562 0.2118
vn -0.7170 -0.2928 0.6326
vn -0.8866 -0.2892 0.3610
vn -0.9366 -0.0959 0.3371
vn -0.9692 -0.2458 -0.0170
vt 0.290397 1.926862
vt 0.327574 1.937179
vt 0.288330 1.960584
vt 0.324463 1.973036
vt 0.286377 1.985242
vt 0.320068 1.999646
vt 0.283148 1.959666
vt 0.284074 1.925889
vt 0.155762 1.931044
vt 0.155469 1.894519
vt 0.208848 1.926051
vt 0.167831 1.971122
vt 0.203672 1.889625
vt 0.208883 1.888440
vt 0.214355 1.958142
vt 0.216136 1.918989
vt 0.244218 1.894436
vt 0.244019 1.915065
vt 0.249978 1.923798
vt 0.222168 1.954970
vt 0.257242 1.938639
vt 0.230225 1.983777
vt 0.262025 1.957828
vt 0.272646 1.925029
vt 0.269159 1.940967
vt 0.278163 1.984699
vt 0.652259 1.920539
vt 0.659555 1.912271
vt 0.659068 1.955072
vt 0.677713 1.941616
vt 0.671038 1.985313
vt 0.664905 1.934158
vt 0.733873 1.853031
vt 0.711604 1.855612
vt 0.730460 1.820714
vt 0.701059 1.895572
vt 0.704831 1.886685
vt 0.728814 1.888439
vt 0.694125 1.911626
vt 0.722589 1.923847
vt 0.714677 1.953937
vt 0.220215 1.985974
vt 0.665458 1.987266
vt 0.619141 1.973593
vt 0.630859 2.002053
vt 0.653739 1.957689
vt 0.607513 1.938536
vt 0.646909 1.921512
vt 0.720514 1.956531
vt 0.775895 1.931239
vt 0.770448 1.966907
vt 0.733873 1.889217
vt 0.728814 1.925793
vt 0.774728 1.888439
vt 0.738153 1.852642
vt 0.715061 1.990396
vt 0.760851 1.999728
vt 0.708147 1.991450
vt 0.184814 1.999159
vt 0.706579 1.868082
vt 0.691331 1.921512
vt 0.684198 1.933833
vt 0.756176 1.851319
vt 0.733816 1.818525
vt 0.502268 1.747799
vt 0.459379 1.747799
vt 0.457605 1.671136
vt 0.635722 1.828129
vt 0.591217 1.839736
vt 0.605567 1.795056
vt 0.561966 1.804936
vt 0.516579 1.857471
vt 0.558328 1.749188
vt 0.457714 1.899593
vt 0.404635 1.907573
vt 0.404695 1.857354
vt 0.458462 1.857619
vt 0.518349 1.905060
vt 0.596326 1.886493
vt 0.400358 1.952647
vt 0.430656 1.947921
vt 0.456278 1.941508
vt 0.509673 1.949624
vt 0.551743 1.961713
vt 0.153125 1.856629
vt 0.178733 1.853099
vt 0.148006 1.817867
vt 0.175970 1.801786
vt 0.199502 1.818525
vt 0.220204 1.786849
vt 0.213221 1.737036
vt 0.169780 1.756141
vt 0.146846 1.766578
vt 0.419940 1.802420
vt 0.361905 1.804936
vt 0.362516 1.748318
vt 0.459595 1.802420
vt 0.418325 1.747799
vt 0.499944 1.802420
vt 0.711856 1.786849
vt 0.758728 1.801786
vt 0.789844 1.819910
vt 0.788672 1.857801
vt 0.810136 1.893108
vt 0.823755 1.851864
vt 0.829834 1.832411
vt 0.868896 1.833875
vt 0.805176 1.828504
vt 0.797607 1.848523
vt 0.813672 1.862879
vt 0.855469 1.896864
vt 0.851953 1.867567
vt 0.901172 1.860536
vt 0.920573 1.897189
vt 0.861108 1.855365
vt 0.895264 1.835828
vt 0.895738 1.853420
vt 0.907959 1.824354
vt 0.927083 1.807670
vt 0.928060 1.851617
vt 0.971680 1.852593
vt 0.972377 1.808415
vt 0.928135 1.768541
vt 0.972461 1.768933
vt 0.971680 1.896864
vt 0.975586 1.896538
vt 0.969076 1.954481
vt 0.975260 1.852593
vt 0.976888 1.807346
vt 0.976563 1.769260
vt 0.017139 1.895782
vt 0.016929 1.927115
vt 0.009702 1.928059
vt 0.055469 1.933582
vt 0.054828 1.945867
vt 0.090625 1.952723
vt 0.086719 1.926161
vt 0.123828 1.930067
vt 0.085938 1.896082
vt 0.123047 1.896473
vt 0.046453 1.895612
vt 0.041406 1.863269
vt 0.018359 1.852332
vt 0.035156 1.807801
vt 0.016088 1.807576
vt 0.033203 1.769129
vt 0.017493 1.768521
vt 0.079297 1.866394
vt 0.049412 1.857571
vt 0.067057 1.834798
vt 0.111111 1.835231
vt 0.117578 1.863661
vt 0.142359 1.851932
vt 0.138281 1.832802
vt 0.136719 1.829286
vt 0.097656 1.832411
vt 0.054475 1.833679
vt 0.039447 1.835515
vt 0.048847 1.803523
vt 0.097364 1.799447
vt 0.132543 1.773939
vt 0.965402 1.954063
vt 0.963216 2.002983
vt 0.957682 2.001681
vt 0.333401 1.888798
vt 0.334857 1.842461
vt 0.325389 1.795443
vt 0.876709 1.831433
vt 0.806641 1.826796
vt 0.800020 1.975208
vt 0.827730 1.984199
vt 0.855859 1.962879
vt 0.864453 1.977723
vt 0.880469 1.958582
vt 0.904688 1.964441
vt 0.904297 1.995497
vt 0.913737 1.933648
vt 0.938802 1.946017
vt 0.933268 1.979545
vt 0.855078 1.932801
vt 0.808191 1.931629
vt 0.891797 1.810144
vt 0.839398 1.804672
vt 0.857355 1.773542
vt 0.901150 1.768619
vt 0.801191 1.772749
vt 0.789514 1.766578
vt 0.972656 1.480115
vt 0.978906 1.476941
vt 0.971881 1.499265
vt 0.183677 1.573489
vt 0.173181 1.578673
vt 0.186849 1.536512
vt 0.086931 1.509932
vt 0.086282 1.574998
vt 0.077852 1.545642
vt 0.077009 1.499252
vt 0.112481 1.497783
vt 0.131461 1.510796
vt 0.155282 1.497783
vt 0.175343 1.509715
vt 0.185547 1.499728
vt 0.174478 1.545167
vt 0.132715 1.540973
vt 0.781250 1.502332
vt 0.817187 1.503114
vt 0.802673 1.509239
vt 0.800084 1.570844
vt 0.762666 1.577994
vt 0.759609 1.511290
vt 0.746616 1.536790
vt 0.743359 1.504677
vt 0.848889 1.511537
vt 0.864844 1.503114
vt 0.866016 1.546863
vt 0.848546 1.574937
vt 0.867578 1.607019
vt 0.971484 1.593543
vt 0.974494 1.594291
vt 0.972982 1.642957
vt 0.638641 1.792138
vt 0.621253 1.745849
vt 0.674149 1.742899
vt 0.672778 1.775096
vt 0.672565 1.780739
vt 0.647395 1.798459
vt 0.641073 1.830560
vt 0.643504 1.874820
vt 0.638154 1.875306
vt 0.296720 1.879684
vt 0.356706 1.989649
vt 0.349609 2.003308
vt 0.371272 1.967843
vt 0.574466 1.970569
vt 0.586119 1.992375
vt 0.599609 2.000867
vt 0.290883 1.877738
vt 0.299638 1.829588
vt 0.291856 1.830074
vt 0.291370 1.792138
vt 0.285533 1.797487
vt 0.256909 1.775096
vt 0.256989 1.780740
vt 0.221494 1.791012
vt 0.202564 1.820714
vt 0.144354 1.723689
vt 0.166055 1.710258
vt 0.209354 1.695448
vt 0.166903 1.677293
vt 0.034287 1.730070
vt 0.017969 1.729676
vt 0.019141 1.686316
vt 0.015933 1.593503
vt 0.056938 1.642334
vt 0.021484 1.641786
vt 0.018750 1.540613
vt 0.052560 1.538249
vt 0.018359 1.498816
vt 0.056062 1.497783
vt 0.060014 1.474988
vt 0.016158 1.476054
vt 0.099787 1.475699
vt 0.138455 1.475856
vt 0.171224 1.476073
vt 0.209201 1.474988
vt 0.245164 1.502841
vt 0.252539 1.475871
vt 0.289583 1.504607
vt 0.294728 1.477747
vt 0.344384 1.505176
vt 0.339489 1.476586
vt 0.400431 1.506535
vt 0.397195 1.477119
vt 0.459481 1.507037
vt 0.523635 1.539100
vt 0.518548 1.506535
vt 0.460499 1.541480
vt 0.398380 1.538250
vt 0.344384 1.538249
vt 0.285371 1.535655
vt 0.232843 1.533710
vt 0.237382 1.577160
vt 0.183594 1.647255
vt 0.183594 1.610313
vt 0.238160 1.639026
vt 0.254184 1.686206
vt 0.295958 1.633205
vt 0.307854 1.693955
vt 0.292640 1.578164
vt 0.351198 1.637178
vt 0.361076 1.695001
vt 0.349920 1.572983
vt 0.395367 1.592260
vt 0.413464 1.694708
vt 0.402053 1.649181
vt 0.458704 1.628804
vt 0.457461 1.573930
vt 0.519546 1.592802
vt 0.504005 1.700127
vt 0.509713 1.653624
vt 0.571654 1.634395
vt 0.558405 1.695970
vt 0.583300 1.583077
vt 0.591462 1.539222
vt 0.631719 1.585989
vt 0.657609 1.535007
vt 0.631719 1.629678
vt 0.616754 1.695834
vt 0.694574 1.580078
vt 0.699437 1.536304
vt 0.675453 1.694434
vt 0.694574 1.635525
vt 0.726147 1.698380
vt 0.719349 1.745263
vt 0.710413 1.791012
vt 0.767680 1.715372
vt 0.757478 1.688702
vt 0.767933 1.750174
vt 0.793804 1.723689
vt 0.790039 2.000867
vt 0.911830 1.768236
vt 0.910379 1.729468
vt 0.929036 1.729221
vt 0.971680 1.730523
vt 0.927083 1.691135
vt 0.883287 1.674434
vt 0.847266 1.673816
vt 0.881641 1.643349
vt 0.863281 1.648426
vt 0.927873 1.602408
vt 0.927409 1.644911
vt 0.886205 1.603423
vt 0.971354 1.686577
vt 0.970378 1.642957
vt 0.968945 1.593348
vt 0.974935 1.729872
vt 0.974609 1.686251
vt 0.969525 1.540523
vt 0.967214 1.540273
vt 0.967509 1.499581
vt 0.966797 1.478406
vt 0.880999 1.477220
vt 0.830357 1.477220
vt 0.889772 1.499988
vt 0.885881 1.542790
vt 0.927666 1.540523
vt 0.927409 1.478570
vt 0.927083 1.498426
vt 0.748561 1.602451
vt 0.750781 1.646082
vt 0.749777 1.570593
vt 0.677713 1.506473
vt 0.624918 1.503886
vt 0.574926 1.506149
vt 0.460227 1.477829
vt 0.524735 1.478931
vt 0.579190 1.479275
vt 0.619014 1.479275
vt 0.669503 1.476802
vt 0.716378 1.476104
vt 0.765765 1.475686
vt 0.795340 1.476383
vt 0.879325 1.474151
vt 0.829381 1.474151
vt 0.932813 1.475379
vt 0.971484 1.474207
vt 0.795480 1.474151
vt 0.766044 1.473733
vt 0.718890 1.474012
vt 0.667411 1.474012
vt 0.619420 1.475267
vt 0.578683 1.475547
vt 0.523717 1.474430
vt 0.463728 1.474430
vt 0.402065 1.473594
vt 0.343040 1.473923
vt 0.297991 1.474710
vt 0.257254 1.473872
vt 0.212457 1.473469
vt 0.175564 1.473903
vt 0.141710 1.474120
vt 0.102805 1.474456
vt 0.065874 1.473923
vt 0.019709 1.474101
vt 0.132031 1.976942
vt 0.149902 2.004285
vt 0.133882 1.732799
vt 0.112366 1.725106
vt 0.109758 1.731632
vt 0.077875 1.726578
vt 0.074739 1.732410
vt 0.042098 1.736668
vt 0.042575 1.768030
vt 0.081082 1.764466
vt 0.306145 1.741517
vt 0.255159 1.734672
vt 0.202022 1.853037
vt 0.230711 1.841469
vt 0.226540 1.823256
vt 0.234882 1.860611
vt 0.242629 1.873621
vt 0.234882 1.808576
vt 0.266034 1.815203
vt 0.273374 1.818887
vt 0.278238 1.846124
vt 0.269969 1.873362
vt 0.263646 1.902543
vt 0.901703 1.738585
vt 0.864976 1.731916
vt 0.834796 1.735362
vt 0.805836 1.731925
vt 0.834345 1.725260
vt 0.869740 1.722826
vt 0.705486 1.842529
vt 0.698465 1.824886
vt 0.680307 1.819699
vt 0.666688 1.824238
vt 0.658258 1.841747
vt 0.651773 1.871415
vt 0.661014 1.891843
vt 0.761914 1.607801
vt 0.763672 1.613465
vt 0.171456 1.611009
vt 0.132487 1.612846
vt 0.129602 1.573268
vt 0.087240 1.612195
vt 0.073893 1.604545
vt 0.847852 1.611512
vt 0.847461 1.607997
vt 0.803516 1.608191
vt 0.805339 1.613877
vt 0.197638 1.852822
vt 0.130534 1.649794
vt 0.080060 1.689327
vt 0.127109 1.683191
vt 0.075846 1.645887
vt 0.051782 1.599338
vt 0.794442 1.675731
vt 0.802224 1.696483
vt 0.838995 1.697652
vt 0.760324 1.630960
vt 0.803319 1.635938
vt 0.849467 1.631015
vt 0.801953 1.649598
vt 0.083333 1.612575
vt 0.083472 1.635308
vt 0.132595 1.613010
vt 0.132109 1.638550
vt 0.172743 1.612141
vt 0.174154 1.637749
vt 0.730469 1.364637
vt 0.696289 1.358777
vt 0.710286 1.329155
vt 0.651367 1.323622
vt 0.740560 1.348036
vt 0.765625 1.358191
vt 0.761719 1.326551
vt 0.753255 1.275118
vt 0.690430 1.278699
vt 0.653320 1.278699
vt 0.598307 1.327202
vt 0.616211 1.278699
vt 0.557292 1.278374
vt 0.552734 1.324598
vt 0.569010 1.344780
vt 0.549386 1.355289
vt 0.578962 1.369240
vt 0.513114 1.377611
vt 0.514648 1.349012
vt 0.548549 1.379007
vt 0.614258 1.358777
vt 0.653320 1.356824
vt 0.897461 1.249402
vt 0.932422 1.273816
vt 0.895312 1.276552
vt 0.929036 1.292046
vt 0.934570 1.247449
vt 0.984375 1.258583
vt 0.984766 1.275770
vt 0.981445 1.360730
vt 0.981445 1.425183
vt 0.927083 1.373426
vt 0.884766 1.397514
vt 0.879883 1.366590
vt 0.887370 1.420952
vt 0.928711 1.425183
vt 0.843359 1.393348
vt 0.653320 1.210340
vt 0.547852 1.196669
vt 0.530273 1.253308
vt 0.522461 1.306044
vt 0.854492 1.245496
vt 0.807617 1.304090
vt 0.805664 1.239637
vt 0.856445 1.304090
vt 0.893880 1.299859
vt 0.987305 1.225965
vt 0.596680 1.155652
vt 0.653320 1.159558
vt 0.653320 1.097058
vt 0.713867 1.157605
vt 0.758789 1.198621
vt 0.776367 1.265027
vt 0.791992 1.317762
vt 0.797852 1.345105
vt 0.800391 1.376552
vt 0.838867 1.366590
vt 0.985937 1.307411
vt 0.985547 1.316394
vt 0.941016 1.317567
vt 0.885742 1.438855
vt 0.930664 1.446669
vt 0.981445 1.448622
vt 0.847168 1.410047
vt 0.802734 1.394911
vt 0.763672 1.376941
vt 0.723633 1.382215
vt 0.690430 1.378308
vt 0.655273 1.378308
vt 0.842773 1.429090
vt 0.801758 1.415419
vt 0.760742 1.397840
vt 0.586914 1.386122
vt 0.551758 1.401747
vt 0.508929 1.397142
vt 0.517578 1.411930
vt 0.522135 1.420626
vt 0.553385 1.410536
vt 0.590820 1.395887
vt 0.618164 1.378308
vt 0.619792 1.388400
vt 0.654297 1.387098
vt 0.688477 1.388074
vt 0.719076 1.391980
vt 0.757813 1.406303
vt 0.799805 1.419324
vt 0.842122 1.437553
vt 0.885742 1.448622
vt 0.930664 1.456433
vt 0.981445 1.458387
vt 0.986328 1.294519
vt 0.938477 1.309949
vt 0.895703 1.330066
vt 0.893555 1.321669
vt 0.854492 1.337294
vt 0.854492 1.329480
vt 0.809570 1.337294
vt 0.807617 1.329480
vt 0.555664 1.417372
vt 0.522461 1.425183
vt 0.594727 1.407605
vt 0.627930 1.397840
vt 0.655273 1.397840
vt 0.684570 1.397840
vt 0.715820 1.407605
vt 0.752930 1.417372
vt 0.797852 1.432997
vt 0.166513 1.070151
vt 0.153722 1.033951
vt 0.152084 1.069521
vt 0.168285 1.033881
vt 0.251706 1.105021
vt 0.236724 1.132050
vt 0.251061 1.131971
vt 0.238099 1.105661
vt 0.227887 1.137381
vt 0.097586 1.043550
vt 0.095379 1.081741
vt 0.101756 1.075051
vt 0.055544 1.294171
vt 0.064739 1.224591
vt 0.050618 1.225411
vt 0.037575 1.291441
vt 0.027706 1.227021
vt 0.016812 1.224591
vt 0.026724 1.215741
vt 0.050945 1.217030
vt 0.029343 1.178981
vt 0.050454 1.176561
vt 0.064087 1.182561
vt 0.018768 1.185131
vt 0.405777 1.055701
vt 0.390364 1.074731
vt 0.405777 1.072561
vt 0.419551 1.074191
vt 0.372697 1.067631
vt 0.371694 1.040351
vt 0.363079 1.062441
vt 0.356400 1.040191
vt 0.441785 1.203498
vt 0.448632 1.236705
vt 0.436895 1.231892
vt 0.458413 1.206225
vt 0.460043 1.191146
vt 0.477975 1.210717
vt 0.332890 1.067304
vt 0.337476 1.038336
vt 0.344307 1.066812
vt 0.352325 1.040172
vt 0.359004 1.062420
vt 0.367619 1.040331
vt 0.368622 1.067606
vt 0.373218 1.036725
vt 0.012211 1.182726
vt 0.022649 1.213763
vt 0.010258 1.221300
vt 0.185714 1.051060
vt 0.192538 1.085541
vt 0.181884 1.091396
vt 0.209759 1.085776
vt 0.213600 1.050673
vt 0.216743 1.091300
vt 0.210029 1.091322
vt 0.222241 1.053381
vt 0.221849 1.092848
vt 0.308877 1.089830
vt 0.321805 1.082704
vt 0.308582 1.093434
vt 0.275313 1.127206
vt 0.275313 1.134796
vt 0.266702 1.129141
vt 0.262170 1.095359
vt 0.268601 1.093658
vt 0.254056 1.134368
vt 0.275464 1.119914
vt 0.281507 1.093382
vt 0.283924 1.127206
vt 0.287922 1.092184
vt 0.289966 1.126313
vt 0.232649 1.130072
vt 0.233145 1.135731
vt 0.223812 1.135410
vt 0.246593 1.135797
vt 0.254056 1.168299
vt 0.245807 1.166364
vt 0.267760 1.168833
vt 0.287118 1.163858
vt 0.277579 1.163305
vt 0.291606 1.164135
vt 0.217528 1.146631
vt 0.221849 1.146631
vt 0.192874 1.092011
vt 0.179822 1.144696
vt 0.309912 1.129192
vt 0.290998 1.130232
vt 0.322598 1.132016
vt 0.331912 1.130508
vt 0.330934 1.080457
vt 0.292308 1.081866
vt 0.070583 1.294571
vt 0.013357 1.310580
vt 0.492670 1.246081
vt 0.456927 1.302761
vt 0.484060 1.314090
vt 0.437384 1.289021
vt 0.480094 1.242181
vt 0.465748 1.240251
vt 0.433634 1.264641
vt 0.452707 1.236731
vt 0.433390 1.258381
vt 0.440970 1.231911
vt 0.270777 1.129161
vt 0.266245 1.095381
vt 0.261404 1.136691
vt 0.272676 1.093681
vt 0.279539 1.119930
vt 0.285582 1.093401
vt 0.287999 1.127231
vt 0.294041 1.126331
vt 0.291997 1.092201
vt 0.482050 1.210741
vt 0.445860 1.203521
vt 0.462488 1.206251
vt 0.464118 1.191171
vt 0.468357 1.231590
vt 0.495464 1.215001
vt 0.348382 1.066831
vt 0.341551 1.038361
vt 0.377293 1.036751
vt 0.378619 1.068911
vt 0.175322 1.075801
vt 0.160920 1.001961
vt 0.173685 1.010181
vt 0.148271 1.011711
vt 0.145855 1.033121
vt 0.142537 1.075621
vt 0.175649 1.034361
vt 0.257751 1.107251
vt 0.252894 1.087411
vt 0.230805 1.105771
vt 0.236590 1.089121
vt 0.244245 1.081431
vt 0.284763 1.072911
vt 0.273806 1.072811
vt 0.269832 1.072441
vt 0.277726 1.063831
vt 0.289229 1.071841
vt 0.117563 1.076241
vt 0.129529 1.083201
vt 0.120132 1.044561
vt 0.106322 1.043631
vt 0.084330 1.085151
vt 0.087767 1.044521
vt 0.101626 1.017541
vt 0.114570 1.009251
vt 0.127339 1.022660
vt 0.481724 1.177051
vt 0.462814 1.176411
vt 0.482376 1.192131
vt 0.497186 1.199251
vt 0.495713 1.180391
vt 0.479442 1.161651
vt 0.457353 1.165021
vt 0.451729 1.182821
vt 0.061805 1.163631
vt 0.052418 1.151411
vt 0.020996 1.167371
vt 0.027204 1.152811
vt 0.041091 1.147301
vt 0.419467 1.039131
vt 0.405449 1.038291
vt 0.413623 1.022321
vt 0.417903 1.020411
vt 0.404158 1.012891
vt 0.395633 1.022001
vt 0.388932 1.023141
vt 0.391020 1.038561
vt 0.380853 1.074461
vt 0.336965 1.067321
vt 0.369241 1.024751
vt 0.356084 1.025331
vt 0.346068 1.019721
vt 0.359815 1.011401
vt 0.373955 1.021271
vt 0.409613 1.020076
vt 0.415491 1.037739
vt 0.401391 1.036859
vt 0.391518 1.019741
vt 0.401721 1.055146
vt 0.386878 1.037145
vt 0.384777 1.020938
vt 0.400093 1.010170
vt 0.413918 1.018067
vt 0.171574 1.032390
vt 0.164210 1.031907
vt 0.171391 1.009386
vt 0.171247 1.073823
vt 0.156845 0.999985
vt 0.149647 1.031973
vt 0.162438 1.068176
vt 0.144196 1.009739
vt 0.141780 1.031141
vt 0.148009 1.067548
vt 0.138462 1.073650
vt 0.296890 1.034145
vt 0.310190 1.021270
vt 0.306488 1.037795
vt 0.293617 1.056716
vt 0.317715 1.037774
vt 0.304291 1.061807
vt 0.324057 1.035112
vt 0.328978 1.059603
vt 0.320016 1.062319
vt 0.265757 1.072420
vt 0.269731 1.072789
vt 0.273651 1.063809
vt 0.280688 1.072893
vt 0.285154 1.071825
vt 0.488595 1.246055
vt 0.491389 1.214980
vt 0.493111 1.199235
vt 0.478301 1.192109
vt 0.477649 1.177029
vt 0.491638 1.180372
vt 0.475367 1.161629
vt 0.458739 1.176388
vt 0.453278 1.164998
vt 0.447654 1.182804
vt 0.341993 1.019699
vt 0.352009 1.025310
vt 0.355740 1.011381
vt 0.365166 1.024730
vt 0.369880 1.021248
vt 0.374544 1.068888
vt 0.051274 1.150987
vt 0.050786 1.180284
vt 0.038090 1.142687
vt 0.061039 1.163194
vt 0.025395 1.179308
vt 0.023129 1.150834
vt 0.015141 1.165636
vt 0.047368 1.214464
vt 0.061528 1.182726
vt 0.060664 1.222615
vt 0.110495 1.007277
vt 0.102247 1.041659
vt 0.097551 1.015564
vt 0.116057 1.042591
vt 0.123264 1.020688
vt 0.093511 1.041580
vt 0.083692 1.042546
vt 0.234024 1.103682
vt 0.226730 1.103798
vt 0.232515 1.087144
vt 0.240170 1.079456
vt 0.248819 1.085431
vt 0.247631 1.103047
vt 0.253676 1.105271
vt 0.195926 1.048738
vt 0.208500 1.017198
vt 0.192896 1.022924
vt 0.219438 1.024230
vt 0.376652 1.074863
vt 0.386218 1.075149
vt 0.401721 1.072863
vt 0.415575 1.074577
vt 0.308437 1.081741
vt 0.246986 1.129993
vt 0.080255 1.083175
vt 0.125454 1.081229
vt 0.113488 1.074263
vt 0.097681 1.073078
vt 0.091304 1.079766
vt 0.234024 1.165977
vt 0.223581 1.170132
vt 0.209253 1.141133
vt 0.193320 1.139528
vt 0.247234 1.254996
vt 0.218888 1.304065
vt 0.220314 1.251986
vt 0.225472 1.226111
vt 0.213941 1.217811
vt 0.223806 1.250621
vt 0.238331 1.227171
vt 0.250173 1.253061
vt 0.161755 1.135894
vt 0.142971 1.135179
vt 0.147526 1.078351
vt 0.132731 1.141287
vt 0.143101 1.146703
vt 0.161755 1.147985
vt 0.171574 1.141697
vt 0.171083 1.176521
vt 0.046379 1.290665
vt 0.027367 1.310850
vt 0.024418 1.226671
vt 0.056198 1.293083
vt 0.046342 1.315575
vt 0.084674 1.146050
vt 0.094924 1.138828
vt 0.097541 1.082316
vt 0.113798 1.083290
vt 0.118550 1.137828
vt 0.095371 1.151382
vt 0.118550 1.150403
vt 0.452852 1.302738
vt 0.476019 1.242159
vt 0.433309 1.289001
vt 0.461673 1.240234
vt 0.429559 1.264618
vt 0.429315 1.258361
vt 0.278140 1.168280
vt 0.246986 1.174490
vt 0.233239 1.174876
vt 0.067875 1.356505
vt 0.044438 1.347121
vt 0.058162 1.316299
vt 0.009282 1.307237
vt 0.009770 1.343858
vt 0.068963 1.319684
vt 0.066508 1.292598
vt 0.015107 1.450604
vt 0.021000 1.427354
vt 0.056652 1.461677
vt 0.073084 1.436469
vt 0.101079 1.465929
vt 0.124516 1.439073
vt 0.157719 1.465440
vt 0.184086 1.439073
vt 0.219243 1.465929
vt 0.217804 1.446413
vt 0.253126 1.465597
vt 0.239099 1.428005
vt 0.262147 1.410285
vt 0.260813 1.434064
vt 0.293787 1.422797
vt 0.238676 1.441061
vt 0.213058 1.426703
vt 0.064946 1.404893
vt 0.088058 1.360884
vt 0.013676 1.395128
vt 0.069454 1.280991
vt 0.076328 1.291632
vt 0.072401 1.255983
vt 0.075335 1.225504
vt 0.086147 1.312429
vt 0.295254 1.170989
vt 0.310983 1.169349
vt 0.303122 1.210150
vt 0.293813 1.201298
vt 0.324289 1.199458
vt 0.327025 1.167983
vt 0.468266 1.350329
vt 0.420740 1.344672
vt 0.440922 1.373318
vt 0.471521 1.386990
vt 0.468266 1.416938
vt 0.439620 1.405870
vt 0.455896 1.444281
vt 0.417485 1.436469
vt 0.407068 1.386339
vt 0.371217 1.404688
vt 0.366704 1.433865
vt 0.319829 1.416287
vt 0.323202 1.440400
vt 0.424424 1.244646
vt 0.408530 1.220342
vt 0.425647 1.213605
vt 0.412768 1.175746
vt 0.378535 1.178313
vt 0.380165 1.216011
vt 0.379044 1.200685
vt 0.372014 1.201092
vt 0.376589 1.200685
vt 0.401031 1.260447
vt 0.395163 1.221305
vt 0.365982 1.221305
vt 0.363240 1.200080
vt 0.348866 1.198205
vt 0.335824 1.214888
vt 0.336476 1.197884
vt 0.307459 1.233994
vt 0.283143 1.214389
vt 0.293136 1.263943
vt 0.271033 1.218581
vt 0.255739 1.203951
vt 0.256194 1.231139
vt 0.323735 1.384386
vt 0.293136 1.393500
vt 0.369308 1.377875
vt 0.294438 1.448188
vt 0.276209 1.267849
vt 0.256581 1.254252
vt 0.250137 1.226498
vt 0.234256 1.225193
vt 0.221397 1.224136
vt 0.191998 1.151661
vt 0.179429 1.214246
vt 0.192936 1.215893
vt 0.210100 1.152924
vt 0.175743 1.175205
vt 0.189962 1.246673
vt 0.209866 1.215834
vt 0.215171 1.185710
vt 0.104312 1.248586
vt 0.087129 1.224887
vt 0.075009 1.186683
vt 0.087620 1.190547
vt 0.101858 1.220534
vt 0.121496 1.218599
vt 0.126897 1.207475
vt 0.129842 1.144116
vt 0.131315 1.181841
vt 0.131806 1.201188
vt 0.132297 1.209410
vt 0.132788 1.222952
vt 0.126406 1.258259
vt 0.166174 1.212312
vt 0.167155 1.242298
vt 0.145062 1.214246
vt 0.136716 1.210377
vt 0.134261 1.182808
vt 0.197011 1.217871
vt 0.214175 1.154901
vt 0.196073 1.153630
vt 0.183504 1.216221
vt 0.251061 1.176461
vt 0.237314 1.176851
vt 0.254212 1.228471
vt 0.259814 1.205921
vt 0.263031 1.256801
vt 0.263031 1.233041
vt 0.316742 1.420860
vt 0.290375 1.394170
vt 0.291351 1.426071
vt 0.317746 1.444910
vt 0.293843 1.453601
vt 0.259450 1.461881
vt 0.274424 1.267541
vt 0.273773 1.219041
vt 0.270193 1.168261
vt 0.283898 1.176591
vt 0.290049 1.265271
vt 0.287218 1.214411
vt 0.297888 1.201321
vt 0.307197 1.210171
vt 0.308600 1.230951
vt 0.339899 1.214911
vt 0.328364 1.199481
vt 0.367315 1.200101
vt 0.361111 1.169630
vt 0.352941 1.198221
vt 0.345306 1.169161
vt 0.375931 1.171701
vt 0.376089 1.201111
vt 0.380092 1.175801
vt 0.380664 1.200711
vt 0.383119 1.200711
vt 0.384240 1.216031
vt 0.382610 1.178331
vt 0.399238 1.221331
vt 0.404291 1.178491
vt 0.412605 1.220361
vt 0.416843 1.175771
vt 0.405106 1.260471
vt 0.428499 1.244671
vt 0.428010 1.252851
vt 0.429722 1.213631
vt 0.427929 1.175771
vt 0.362966 1.436161
vt 0.373708 1.408821
vt 0.400075 1.436161
vt 0.409060 1.388701
vt 0.441742 1.407840
vt 0.470388 1.448081
vt 0.478591 1.416441
vt 0.444021 1.374641
vt 0.480935 1.391831
vt 0.481325 1.346521
vt 0.421560 1.344171
vt 0.409841 1.298470
vt 0.031586 1.428030
vt 0.066742 1.402641
vt 0.022471 1.395471
vt 0.077810 1.440401
vt 0.057627 1.462531
vt 0.031586 1.459931
vt 0.073529 1.282961
vt 0.080403 1.293611
vt 0.076476 1.257961
vt 0.079410 1.227481
vt 0.090222 1.314401
vt 0.073038 1.321660
vt 0.092133 1.363571
vt 0.071950 1.359021
vt 0.048513 1.349251
vt 0.015961 1.345991
vt 0.130300 1.443330
vt 0.125987 1.370081
vt 0.219086 1.428030
vt 0.183930 1.374641
vt 0.190440 1.443651
vt 0.221770 1.449501
vt 0.242723 1.443771
vt 0.264947 1.436271
vt 0.262706 1.409800
vt 0.242723 1.426120
vt 0.223806 1.464971
vt 0.145681 1.465950
vt 0.104177 1.465461
vt 0.315058 1.169371
vt 0.299329 1.171010
vt 0.340551 1.197901
vt 0.331100 1.168001
vt 0.062237 1.318271
vt 0.031442 1.312821
vt 0.050417 1.317551
vt 0.099446 1.153361
vt 0.122625 1.152381
vt 0.122625 1.139801
vt 0.133917 1.146090
vt 0.117873 1.085261
vt 0.098999 1.140801
vt 0.088749 1.148021
vt 0.101616 1.084290
vt 0.227656 1.172111
vt 0.238099 1.167951
vt 0.249882 1.168341
vt 0.282215 1.168301
vt 0.291193 1.163881
vt 0.281654 1.163331
vt 0.340078 1.169751
vt 0.348496 1.126191
vt 0.340569 1.124771
vt 0.379601 1.128641
vt 0.373387 1.128211
vt 0.360688 1.137411
vt 0.361335 1.127641
vt 0.147176 1.148681
vt 0.165830 1.137871
vt 0.147046 1.137150
vt 0.165830 1.149961
vt 0.175649 1.143671
vt 0.175158 1.178491
vt 0.166465 1.080800
vt 0.151601 1.080321
vt 0.136806 1.143261
vt 0.138336 1.184781
vt 0.183897 1.146671
vt 0.197395 1.141501
vt 0.196949 1.093991
vt 0.214104 1.093301
vt 0.213328 1.143110
vt 0.219246 1.187681
vt 0.221603 1.148601
vt 0.237220 1.137701
vt 0.250668 1.137771
vt 0.260752 1.169241
vt 0.279388 1.134821
vt 0.308366 1.061831
vt 0.296383 1.081891
vt 0.312512 1.081761
vt 0.325880 1.082721
vt 0.324091 1.062341
vt 0.312657 1.093451
vt 0.312952 1.089851
vt 0.279388 1.127231
vt 0.406105 1.081261
vt 0.361109 1.079831
vt 0.361914 1.073501
vt 0.220818 1.093271
vt 0.213834 1.087751
vt 0.196613 1.087511
vt 0.464282 1.231570
vt 0.047368 1.227647
vt 0.219885 1.186484
vt 0.309934 1.141408
vt 0.333794 1.167555
vt 0.476508 1.314186
vt 0.423935 1.252827
vt 0.399075 1.296380
vt 0.279823 1.176571
vt 0.292242 1.182854
vt 0.335267 1.175293
vt 0.336003 1.169731
vt 0.248132 1.292364
vt 0.113150 1.310977
vt 0.161264 1.307593
vt 0.148008 1.244233
vt 0.173047 1.196351
vt 0.337869 1.167581
vt 0.339342 1.175311
vt 0.296317 1.182871
vt 0.295681 1.164151
vt 0.326673 1.132041
vt 0.313987 1.129211
vt 0.314009 1.141431
vt 0.295073 1.130251
vt 0.335987 1.130531
vt 0.335009 1.080481
vt 0.179818 1.177180
vt 0.185959 1.093371
vt 0.225924 1.094820
vt 0.225924 1.148601
vt 0.333053 1.059621
vt 0.226316 1.055351
vt 0.217675 1.052651
vt 0.076819 1.150403
vt 0.377557 1.135321
vt 0.386523 1.136123
vt 0.402051 1.082006
vt 0.401357 1.146550
vt 0.401357 1.138208
vt 0.417822 1.138770
vt 0.400216 1.178473
vt 0.423854 1.175746
vt 0.179855 1.366808
vt 0.125167 1.366156
vt 0.293441 1.187627
vt 0.362797 1.347927
vt 0.389490 1.344021
vt 0.376017 1.175777
vt 0.371856 1.171681
vt 0.357036 1.169611
vt 0.341231 1.169136
vt 0.354334 1.299750
vt 0.321782 1.303006
vt 0.312667 1.353787
vt 0.286625 1.358344
vt 0.257980 1.364854
vt 0.220224 1.203105
vt 0.222823 1.365505
vt 0.177122 1.198321
vt 0.165339 1.309571
vt 0.130481 1.260231
vt 0.117225 1.312951
vt 0.152083 1.246211
vt 0.171230 1.244271
vt 0.130972 1.209451
vt 0.136372 1.211381
vt 0.136863 1.224930
vt 0.125571 1.220571
vt 0.135390 1.183811
vt 0.091204 1.226860
vt 0.105933 1.222511
vt 0.091695 1.192521
vt 0.079084 1.188661
vt 0.108387 1.250560
vt 0.222963 1.306040
vt 0.194509 1.245251
vt 0.250661 1.293590
vt 0.225271 1.368291
vt 0.223960 1.188461
vt 0.257009 1.364870
vt 0.224299 1.205080
vt 0.280935 1.358360
vt 0.369254 1.380100
vt 0.315379 1.388671
vt 0.302419 1.355761
vt 0.312575 1.300811
vt 0.361501 1.350711
vt 0.357497 1.299641
vt 0.370057 1.221331
vt 0.389821 1.349741
vt 0.297516 1.187651
vt 0.080894 1.152381
vt 0.390598 1.136141
vt 0.405432 1.138231
vt 0.405432 1.146571
vt 0.421897 1.138791
vt 0.381632 1.135341
vt 0.297692 1.056741
vt 0.321790 1.037791
vt 0.328132 1.035131
vt 0.314265 1.021291
vt 0.310563 1.037821
vt 0.300965 1.034171
vt 0.222829 1.025521
vt 0.211599 1.020151
vt 0.200001 1.050711
vt 0.196971 1.024901
vt 0.189789 1.053030
vt 0.357839 1.073478
vt 0.357034 1.079811
vt 0.344421 1.126174
vt 0.357260 1.127622
vt 0.356613 1.137388
vt 0.369312 1.128193
vt 0.375526 1.128620
vt 0.140791 1.212351
vt 0.149137 1.216221
vt 0.170249 1.214291
vt 0.135881 1.203160
vt 0.162390 1.078825
vt 0.336494 1.124751
vt 0.810368 1.062057
vt 0.822188 1.040162
vt 0.802628 1.058139
vt 0.802628 1.097104
vt 0.793698 1.097104
vt 0.790008 1.070223
vt 0.786718 1.096884
vt 0.808348 1.132819
vt 0.803028 1.137648
vt 0.802622 1.097100
vt 0.793692 1.097100
vt 0.802632 1.058135
vt 0.840138 1.043928
vt 0.831438 1.035647
vt 0.863568 1.027626
vt 0.871138 1.046953
vt 0.891168 1.024836
vt 0.891078 1.042820
vt 0.872948 1.051514
vt 0.891078 1.047756
vt 0.891078 1.062567
vt 0.867628 1.072685
vt 0.891018 1.097097
vt 0.857878 1.097104
vt 0.847358 1.078222
vt 0.843698 1.097104
vt 0.843008 1.076331
vt 0.854278 1.058721
vt 0.824778 1.068322
vt 0.857608 1.062212
vt 0.918758 1.027626
vt 0.911058 1.046953
vt 0.909238 1.051514
vt 0.914568 1.072685
vt 0.924268 1.097104
vt 0.914438 1.121526
vt 0.934868 1.115989
vt 0.924488 1.131997
vt 0.927848 1.133388
vt 0.939268 1.117878
vt 0.957908 1.125884
vt 0.963508 1.097104
vt 0.965968 1.129353
vt 0.951238 1.159814
vt 0.928028 1.058721
vt 0.942288 1.043928
vt 0.924658 1.062212
vt 0.934958 1.078222
vt 0.938548 1.097104
vt 0.943308 1.097104
vt 0.958028 1.068322
vt 0.972268 1.097104
vt 0.939358 1.076331
vt 0.981658 1.060673
vt 0.987518 1.096318
vt 0.996788 1.094853
vt 0.974138 1.061387
vt 0.963618 1.045056
vt 0.993378 1.062138
vt 0.968958 1.036259
vt 0.819068 1.097104
vt 0.838988 1.097104
vt 0.824328 1.125884
vt 0.842828 1.117878
vt 0.847198 1.115989
vt 0.857348 1.131997
vt 0.867458 1.121526
vt 0.872648 1.142694
vt 0.890868 1.131639
vt 0.890798 1.146451
vt 0.909008 1.142694
vt 0.890768 1.151389
vt 0.910808 1.147256
vt 0.818958 1.146123
vt 0.831588 1.158706
vt 0.839708 1.150283
vt 0.853988 1.135488
vt 0.870808 1.147256
vt 0.890648 1.173536
vt 0.918428 1.166583
vt 0.920338 1.171414
vt 0.890518 1.176771
vt 0.861618 1.169962
vt 0.862988 1.166583
vt 0.942068 1.150283
vt 0.839702 1.150279
vt 0.824322 1.125880
vt 0.842832 1.117874
vt 0.808342 1.132815
vt 0.803032 1.137644
vt 0.818952 1.146119
vt 0.790002 1.070219
vt 0.786712 1.096880
vt 0.819062 1.097100
vt 0.838992 1.097100
vt 0.847192 1.115985
vt 0.857342 1.131993
vt 0.867452 1.121522
vt 0.824782 1.068318
vt 0.843002 1.076327
vt 0.843702 1.097100
vt 0.857872 1.097100
vt 0.891022 1.097093
vt 0.890872 1.131635
vt 0.914432 1.121522
vt 0.924262 1.097100
vt 0.914562 1.072681
vt 0.934952 1.078218
vt 0.924652 1.062208
vt 0.939362 1.076327
vt 0.928022 1.058717
vt 0.942292 1.043924
vt 0.810372 1.062053
vt 0.840132 1.043924
vt 0.854272 1.058717
vt 0.847352 1.078218
vt 0.867632 1.072681
vt 0.891072 1.062563
vt 0.909242 1.051510
vt 0.911062 1.046949
vt 0.918752 1.027622
vt 0.891072 1.042816
vt 0.891172 1.024832
vt 0.871132 1.046949
vt 0.857602 1.062208
vt 0.872942 1.051510
vt 0.891072 1.047752
vt 0.863572 1.027622
vt 0.822192 1.040158
vt 0.831432 1.035643
vt 0.948632 1.037353
vt 0.919152 1.017418
vt 0.948912 1.025983
vt 0.891352 1.016800
vt 0.863502 1.019567
vt 0.987512 1.096314
vt 0.974132 1.061383
vt 0.981652 1.060669
vt 0.980762 1.097100
vt 0.974042 1.132815
vt 0.996792 1.094849
vt 0.993372 1.062134
vt 0.968952 1.036255
vt 0.910802 1.147252
vt 0.942062 1.150279
vt 0.918432 1.166579
vt 0.927842 1.133384
vt 0.957902 1.125880
vt 0.924492 1.131993
vt 0.934862 1.115985
vt 0.939262 1.117874
vt 0.938542 1.097100
vt 0.943312 1.097100
vt 0.972272 1.097100
vt 0.965962 1.129349
vt 0.963502 1.097100
vt 0.958022 1.068318
vt 0.966112 1.064852
vt 0.909002 1.142690
vt 0.890762 1.151385
vt 0.890642 1.173532
vt 0.861612 1.169958
vt 0.862982 1.166579
vt 0.920342 1.171410
vt 0.890512 1.176767
vt 0.890792 1.146447
vt 0.870812 1.147252
vt 0.872652 1.142690
vt 0.853982 1.135484
vt 0.974048 1.132819
vt 0.948638 1.037357
vt 0.966118 1.064856
vt 0.980768 1.097104
vt 0.948908 1.025987
vt 0.919158 1.017422
vt 0.891358 1.016804
vt 0.863498 1.019571
vt 0.831538 1.027473
vt 0.821648 1.032515
vt 0.831582 1.158702
vt 0.963612 1.045052
vt 0.831532 1.027469
vt 0.821642 1.032511
vt 0.951242 1.159810
vt 0.746965 1.047771
vt 0.745815 1.027443
vt 0.769851 1.052881
vt 0.714068 1.088659
vt 0.717461 1.025792
vt 0.746822 1.088530
vt 0.771281 1.089680
vt 0.539568 1.046493
vt 0.571751 1.088530
vt 0.538710 1.089680
vt 0.572740 1.025792
vt 0.687719 1.025621
vt 0.682458 1.089680
vt 0.642981 1.086998
vt 0.518113 1.056076
vt 0.544762 1.023822
vt 0.514252 1.090830
vt 0.717031 1.020025
vt 0.742777 1.019204
vt 0.602482 1.025621
vt 0.603504 1.088147
vt 0.645101 1.027229
vt 0.686687 1.020847
vt 0.714095 1.007447
vt 0.739635 1.007362
vt 0.685075 1.007079
vt 0.645926 1.005960
vt 0.645004 1.021120
vt 0.603627 1.020025
vt 0.572977 1.021120
vt 0.545392 1.019204
vt 0.574777 1.007075
vt 0.546804 1.006344
vt 0.607143 1.007075
s 1
usemtl VEST
f 1/1/1 2/2/2 3/3/3
f 4/4/4 3/3/3 2/2/2
f 5/5/5 3/3/3 4/4/4
f 6/6/6 5/5/5 4/4/4
f 1/1/1 3/3/3 7/7/7
f 8/8/8 1/1/1 7/7/7
f 9/9/9 10/10/10 11/11/11
f 11/11/11 12/12/12 9/9/9
f 11/11/11 10/10/10 13/13/13
f 13/13/13 14/14/14 11/11/11
f 15/15/15 12/12/12 11/11/11
f 11/11/11 16/16/16 15/15/15
f 14/14/14 16/16/16 11/11/11
f 16/16/16 14/14/14 17/17/17
f 18/18/18 16/16/16 17/17/17
f 19/19/19 16/16/16 18/18/18
f 20/20/20 16/16/16 19/19/19
f 16/16/16 20/20/20 15/15/15
f 21/21/21 20/20/20 19/19/19
f 22/22/22 20/20/20 21/21/21
f 23/23/23 22/22/22 21/21/21
f 7/7/7 24/24/24 8/8/8
f 25/25/25 24/24/24 7/7/7
f 3/3/3 26/26/26 7/7/7
f 5/5/5 26/26/26 3/3/3
f 23/23/27 25/25/25 26/26/26
f 26/26/26 25/25/25 7/7/7
f 27/27/28 28/28/29 29/29/30
f 29/29/30 30/30/31 31/31/32
f 28/28/29 32/32/33 29/29/30
f 32/32/33 30/30/31 29/29/30
f 33/33/34 34/34/35 35/35/36
f 36/36/37 37/37/38 38/38/39
f 38/38/39 37/37/38 33/33/34
f 39/39/40 36/36/37 38/38/39
f 40/40/41 39/39/40 38/38/39
f 41/41/42 39/39/40 40/40/41
f 15/15/15 20/20/20 42/42/43
f 42/42/43 20/20/20 22/22/22
f 31/31/32 43/43/44 29/29/30
f 44/44/45 43/43/44 45/45/46
f 43/43/44 46/46/47 29/29/30
f 29/29/30 46/46/47 27/27/28
f 46/46/47 43/43/44 44/44/45
f 47/47/48 46/46/47 44/44/45
f 48/48/49 46/46/47 47/47/48
f 27/27/28 46/46/47 48/48/49
f 49/49/50 50/50/51 51/51/52
f 38/38/39 52/52/53 40/40/41
f 53/53/54 50/50/51 49/49/50
f 52/52/53 50/50/51 53/53/54
f 52/52/53 53/53/54 40/40/41
f 40/40/41 53/53/54 41/41/42
f 53/53/54 49/49/50 41/41/42
f 54/54/55 50/50/51 52/52/53
f 33/33/34 55/55/56 38/38/39
f 55/55/56 52/52/53 38/38/39
f 55/55/56 54/54/55 52/52/53
f 49/49/50 51/51/52 56/56/57
f 56/56/57 51/51/52 57/57/58
f 41/41/42 49/49/50 58/58/59
f 58/58/59 49/49/50 56/56/57
f 58/58/59 30/30/60 41/41/42
f 59/59/61 12/12/12 15/15/15
f 42/42/43 59/59/61 15/15/15
f 37/37/38 60/60/62 33/33/34
f 60/60/62 34/34/35 33/33/34
f 61/61/63 39/39/40 41/41/42
f 30/30/60 62/62/64 41/41/42
f 62/62/64 61/61/63 41/41/42
f 63/63/65 54/54/55 55/55/56
f 64/64/66 55/55/56 33/33/34
f 35/35/36 64/64/66 33/33/34
f 64/64/66 63/63/65 55/55/56
f 65/65/67 66/66/68 67/67/69
f 68/68/70 69/69/71 70/70/72
f 70/70/72 69/69/71 71/71/73
f 71/71/73 69/69/71 72/72/74
f 71/71/73 73/73/75 70/70/72
f 73/73/75 71/71/73 65/65/67
f 74/74/76 75/75/77 76/76/78
f 72/72/74 74/74/76 77/77/79
f 77/77/79 74/74/76 76/76/78
f 78/78/80 74/74/76 72/72/74
f 47/47/48 78/78/80 79/79/81
f 79/79/81 78/78/80 72/72/74
f 72/72/74 69/69/71 79/79/81
f 75/75/77 80/80/82 2/2/2
f 81/81/83 80/80/82 75/75/77
f 74/74/76 82/82/84 75/75/77
f 78/78/80 82/82/84 74/74/76
f 82/82/84 81/81/83 75/75/77
f 83/83/85 82/82/84 78/78/80
f 84/84/86 83/83/85 78/78/80
f 47/47/48 84/84/86 78/78/80
f 85/85/87 86/86/88 10/10/10
f 87/87/89 86/86/88 85/85/87
f 88/88/90 86/86/88 87/87/89
f 89/89/91 86/86/88 88/88/90
f 90/90/92 89/89/91 88/88/90
f 91/91/93 90/90/92 88/88/90
f 92/92/94 91/91/93 88/88/90
f 87/87/89 92/92/94 88/88/90
f 93/93/95 92/92/94 87/87/89
f 77/77/79 76/76/78 94/94/96
f 76/76/78 95/95/97 94/94/96
f 95/95/97 96/96/98 94/94/96
f 94/94/96 97/97/99 77/77/79
f 98/98/100 97/97/99 94/94/96
f 66/66/68 97/97/99 98/98/100
f 94/94/96 96/96/98 98/98/100
f 65/65/67 71/71/73 99/99/101
f 97/97/99 66/66/68 99/99/101
f 71/71/73 72/72/74 99/99/101
f 77/77/79 97/97/99 99/99/101
f 99/99/101 66/66/68 65/65/67
f 72/72/74 77/77/79 99/99/101
f 64/64/66 35/35/36 100/100/102
f 63/63/65 64/64/66 101/101/103
f 64/64/66 100/100/102 101/101/103
f 63/63/65 101/101/103 102/102/104
f 103/103/105 63/63/65 102/102/104
f 54/54/55 63/63/65 103/103/105
f 104/104/106 54/54/55 103/103/105
f 105/105/107 106/106/108 107/107/109
f 108/108/110 106/106/108 105/105/107
f 109/109/111 108/108/110 105/105/107
f 103/103/105 102/102/104 109/109/111
f 102/102/104 108/108/110 109/109/111
f 104/104/106 103/103/105 110/110/112
f 109/109/111 105/105/107 110/110/112
f 110/110/112 103/103/105 109/109/111
f 111/111/113 104/104/106 110/110/112
f 105/105/107 112/112/114 110/110/112
f 112/112/114 111/111/113 110/110/112
f 112/112/114 113/113/115 111/111/113
f 111/111/113 113/113/115 114/114/116
f 107/107/109 115/115/117 105/105/107
f 105/105/107 115/115/117 112/112/114
f 115/115/117 113/113/115 112/112/114
f 116/116/118 115/115/117 107/107/109
f 117/117/119 115/115/117 116/116/118
f 115/115/117 117/117/119 113/113/115
f 118/118/120 117/117/119 116/116/118
f 113/113/115 117/117/119 118/118/120
f 113/113/115 118/118/120 119/119/121
f 114/114/116 113/113/115 120/120/122
f 120/120/122 113/113/115 119/119/121
f 121/121/123 114/114/116 120/120/122
f 119/119/121 121/121/123 120/120/122
f 122/122/124 121/121/123 119/119/121
f 119/119/121 118/118/120 123/123/125
f 123/123/125 124/124/126 119/119/121
f 124/124/126 122/122/124 119/119/121
f 125/125/127 114/114/116 121/121/123
f 125/125/127 126/126/128 127/127/129
f 128/128/130 126/126/128 125/125/127
f 121/121/123 128/128/130 125/125/127
f 129/129/131 128/128/130 121/121/123
f 122/122/124 129/129/131 121/121/123
f 124/124/126 130/130/132 122/122/124
f 130/130/132 129/129/131 122/122/124
f 131/131/133 132/132/134 133/133/135
f 134/134/136 132/132/134 131/131/133
f 135/135/137 132/132/134 134/134/136
f 136/136/138 135/135/137 134/134/136
f 137/137/139 136/136/138 134/134/136
f 138/138/140 136/136/138 137/137/139
f 138/138/140 10/10/10 9/9/9
f 134/134/136 139/139/141 137/137/139
f 139/139/141 140/140/142 137/137/139
f 137/137/139 140/140/142 138/138/140
f 140/140/142 85/85/87 10/10/10
f 140/140/142 10/10/10 138/138/140
f 131/131/133 141/141/143 134/134/136
f 141/141/143 139/139/141 134/134/136
f 142/142/144 141/141/143 131/131/133
f 141/141/143 142/142/144 139/139/141
f 143/143/145 142/142/144 131/131/133
f 144/144/146 142/142/144 143/143/145
f 145/145/147 144/144/146 143/143/145
f 146/146/148 144/144/146 145/145/147
f 147/147/149 146/146/148 145/145/147
f 139/139/141 148/148/150 140/140/142
f 142/142/144 148/148/150 139/139/141
f 149/149/151 148/148/150 142/142/144
f 150/150/152 148/148/150 149/149/151
f 151/151/153 148/148/150 150/150/152
f 152/152/154 85/85/87 140/140/142
f 148/148/150 152/152/154 140/140/142
f 152/152/154 148/148/150 151/151/153
f 85/85/87 152/152/154 153/153/155
f 153/153/155 152/152/154 151/151/153
f 154/154/156 85/85/87 153/153/155
f 87/87/89 85/85/87 154/154/156
f 153/153/155 151/151/153 154/154/156
f 151/151/153 155/155/157 154/154/156
f 155/155/157 87/87/89 154/154/156
f 151/151/153 156/156/158 155/155/157
f 150/150/152 156/156/158 151/151/153
f 157/157/159 156/156/158 150/150/152
f 144/144/146 158/158/160 142/142/144
f 158/158/160 157/157/159 150/150/152
f 149/149/151 158/158/160 150/150/152
f 142/142/144 158/158/160 149/149/151
f 159/159/161 158/158/160 144/144/146
f 157/157/159 158/158/160 159/159/161
f 156/156/158 157/157/159 160/160/162
f 155/155/157 156/156/158 160/160/162
f 160/160/162 157/157/159 159/159/161
f 93/93/95 87/87/89 161/161/163
f 87/87/89 155/155/157 161/161/163
f 161/161/163 155/155/157 160/160/162
f 125/125/127 127/127/129 162/162/164
f 127/127/129 163/163/165 162/162/164
f 162/162/164 163/163/165 164/164/166
f 76/76/78 75/75/77 165/165/167
f 75/75/77 2/2/2 165/165/167
f 165/165/167 166/166/168 76/76/78
f 76/76/78 166/166/168 95/95/97
f 166/166/168 167/167/169 95/95/97
f 95/95/97 167/167/169 96/96/98
f 107/107/109 168/168/170 116/116/118
f 106/106/108 168/168/170 107/107/109
f 108/108/110 168/168/170 106/106/108
f 116/116/118 168/168/170 118/118/120
f 102/102/104 169/169/171 108/108/110
f 169/169/171 168/168/170 108/108/110
f 51/51/52 50/50/51 170/170/172
f 57/57/58 51/51/52 170/170/172
f 171/171/173 170/170/172 172/172/174
f 173/173/175 171/171/173 172/172/174
f 174/174/176 173/173/175 172/172/174
f 175/175/177 173/173/175 174/174/176
f 176/176/178 173/173/175 175/175/177
f 174/174/176 177/177/179 175/175/177
f 114/114/116 177/177/179 111/111/113
f 177/177/179 114/114/116 125/125/127
f 177/177/179 178/178/180 175/175/177
f 178/178/180 177/177/179 125/125/127
f 162/162/164 178/178/180 125/125/127
f 176/176/178 179/179/181 164/164/166
f 164/164/166 179/179/181 162/162/164
f 175/175/177 179/179/181 176/176/178
f 178/178/180 179/179/181 175/175/177
f 179/179/181 178/178/180 162/162/164
f 177/177/179 180/180/182 111/111/113
f 111/111/113 180/180/182 104/104/106
f 180/180/182 177/177/179 174/174/176
f 172/172/174 180/180/182 174/174/176
f 104/104/106 180/180/182 181/181/183
f 170/170/172 50/50/51 181/181/183
f 50/50/51 54/54/55 181/181/183
f 181/181/183 54/54/55 104/104/106
f 172/172/174 170/170/172 181/181/183
f 181/181/183 180/180/182 172/172/174
f 168/168/170 182/182/184 118/118/120
f 183/183/185 182/182/184 168/168/170
f 169/169/171 183/183/185 168/168/170
f 184/184/186 182/182/184 183/183/185
f 182/182/184 185/185/187 118/118/120
f 185/185/187 182/182/184 184/184/186
f 102/102/104 186/186/188 169/169/171
f 183/183/185 186/186/188 184/184/186
f 186/186/188 183/183/185 169/169/171
f 187/187/189 186/186/188 102/102/104
f 102/102/104 101/101/103 187/187/189
f 188/188/190 189/189/191 190/190/192
f 191/191/193 192/192/194 193/193/195
f 194/194/196 195/195/197 196/196/198
f 197/197/199 194/194/196 196/196/198
f 198/198/200 194/194/196 197/197/199
f 199/199/201 194/194/196 198/198/200
f 200/200/202 199/199/201 198/198/200
f 201/201/203 199/199/201 200/200/202
f 193/193/195 201/201/203 202/202/204
f 202/202/204 201/201/203 200/200/202
f 203/203/205 201/201/203 193/193/195
f 192/192/194 203/203/205 193/193/195
f 199/199/201 204/204/206 194/194/196
f 194/194/196 204/204/206 195/195/197
f 201/201/203 204/204/206 199/199/201
f 203/203/205 204/204/206 201/201/203
f 205/205/207 206/206/208 207/207/209
f 208/208/210 209/209/211 207/207/209
f 207/207/209 210/210/212 205/205/207
f 209/209/211 210/210/212 207/207/209
f 210/210/212 209/209/211 211/211/213
f 205/205/207 210/210/212 212/212/214
f 212/212/214 210/210/212 211/211/213
f 206/206/208 213/213/215 207/207/209
f 213/213/215 208/208/210 207/207/209
f 214/214/216 213/213/215 206/206/208
f 215/215/217 213/213/215 214/214/216
f 216/216/218 213/213/215 215/215/217
f 213/213/215 216/216/218 208/208/210
f 217/217/219 216/216/218 215/215/217
f 218/218/220 219/219/221 220/220/222
f 68/68/70 70/70/72 221/221/223
f 222/222/224 70/70/72 73/73/75
f 221/221/223 70/70/72 222/222/224
f 221/221/223 222/222/224 223/223/225
f 224/224/226 221/221/223 223/223/225
f 225/225/227 224/224/226 100/100/102
f 225/225/227 221/221/223 224/224/226
f 68/68/70 221/221/223 226/226/228
f 226/226/228 221/221/223 225/225/227
f 227/227/229 68/68/70 226/226/228
f 27/27/28 48/48/49 228/228/230
f 228/228/230 68/68/70 227/227/229
f 69/69/71 68/68/70 229/229/231
f 229/229/231 68/68/70 228/228/230
f 79/79/81 69/69/71 229/229/231
f 48/48/49 47/47/48 229/229/231
f 229/229/231 47/47/48 79/79/81
f 228/228/230 48/48/49 229/229/231
f 230/230/232 2/2/2 1/1/1
f 165/165/167 2/2/2 230/230/232
f 230/230/232 166/166/168 165/165/167
f 4/4/4 231/231/233 6/6/6
f 231/231/233 232/232/234 6/6/6
f 80/80/82 233/233/235 2/2/2
f 2/2/2 233/233/235 4/4/4
f 233/233/235 231/231/233 4/4/4
f 234/234/236 84/84/86 47/47/48
f 44/44/45 234/234/236 47/47/48
f 45/45/46 235/235/237 44/44/45
f 235/235/237 234/234/236 44/44/45
f 236/236/238 235/235/237 45/45/46
f 230/230/232 1/1/1 237/237/239
f 237/237/239 1/1/1 8/8/8
f 238/238/240 166/166/168 230/230/232
f 167/167/169 166/166/168 238/238/240
f 238/238/240 230/230/232 237/237/239
f 239/239/241 238/238/240 237/237/239
f 240/240/242 238/238/240 239/239/241
f 240/240/242 167/167/169 238/238/240
f 241/241/243 240/240/242 239/239/241
f 242/242/244 240/240/242 241/241/243
f 243/243/245 242/242/244 241/241/243
f 90/90/92 242/242/244 243/243/245
f 244/244/246 90/90/92 243/243/245
f 89/89/91 90/90/92 244/244/246
f 245/245/247 89/89/91 244/244/246
f 246/246/248 92/92/94 93/93/95
f 246/246/248 93/93/95 161/161/163
f 247/247/249 92/92/94 246/246/248
f 91/91/93 92/92/94 247/247/249
f 248/248/250 91/91/93 247/247/249
f 249/249/251 248/248/250 247/247/249
f 250/250/252 146/146/148 147/147/149
f 251/251/253 250/250/252 147/147/149
f 252/252/254 250/250/252 251/251/253
f 253/253/255 254/254/256 255/255/257
f 255/255/257 254/254/256 252/252/254
f 256/256/258 257/257/259 253/253/255
f 258/258/260 257/257/259 256/256/258
f 197/197/199 196/196/198 259/259/261
f 196/196/198 257/257/259 259/259/261
f 259/259/261 257/257/259 258/258/260
f 259/259/261 258/258/260 260/260/262
f 197/197/199 259/259/261 260/260/262
f 260/260/262 258/258/260 261/261/263
f 198/198/200 197/197/199 262/262/264
f 262/262/264 197/197/199 260/260/262
f 263/263/265 198/198/200 262/262/264
f 200/200/202 198/198/200 263/263/265
f 264/264/266 200/200/202 263/263/265
f 202/202/204 200/200/202 264/264/266
f 265/265/267 202/202/204 264/264/266
f 266/266/268 202/202/204 265/265/267
f 267/267/269 266/266/268 265/265/267
f 268/268/270 266/266/268 267/267/269
f 269/269/271 268/268/270 267/267/269
f 270/270/272 268/268/270 269/269/271
f 271/271/273 270/270/272 269/269/271
f 272/272/274 270/270/272 271/271/273
f 273/273/275 272/272/274 271/271/273
f 273/273/275 274/274/276 272/272/274
f 275/275/277 274/274/276 276/276/278
f 277/277/279 274/274/276 275/275/277
f 272/272/274 274/274/276 277/277/279
f 278/278/280 272/272/274 277/277/279
f 270/270/272 272/272/274 278/278/280
f 268/268/270 270/270/272 279/279/281
f 279/279/281 270/270/272 278/278/280
f 280/280/282 268/268/270 279/279/281
f 266/266/268 268/268/270 280/280/282
f 281/281/283 266/266/268 280/280/282
f 193/193/195 202/202/204 281/281/283
f 191/191/193 193/193/195 281/281/283
f 202/202/204 266/266/268 281/281/283
f 282/282/284 191/191/193 281/281/283
f 281/281/283 280/280/282 282/282/284
f 283/283/285 248/248/250 249/249/251
f 284/284/286 191/191/193 282/282/284
f 285/285/287 284/284/286 282/282/284
f 283/283/285 284/284/286 285/285/287
f 283/283/285 286/286/288 248/248/250
f 286/286/288 283/283/285 285/285/287
f 282/282/284 287/287/289 285/285/287
f 285/285/287 288/288/290 286/286/288
f 287/287/289 288/288/290 285/285/287
f 289/289/291 287/287/289 282/282/284
f 280/280/282 289/289/291 282/282/284
f 289/289/291 290/290/292 287/287/289
f 290/290/292 291/291/293 287/287/289
f 287/287/289 291/291/293 288/288/290
f 96/96/98 291/291/293 98/98/100
f 280/280/282 292/292/294 289/289/291
f 292/292/294 290/290/292 289/289/291
f 278/278/280 292/292/294 279/279/281
f 279/279/281 292/292/294 280/280/282
f 293/293/295 292/292/294 278/278/280
f 290/290/292 292/292/294 293/293/295
f 98/98/100 291/291/293 294/294/296
f 67/67/69 66/66/68 294/294/296
f 291/291/293 290/290/292 294/294/296
f 294/294/296 66/66/68 98/98/100
f 294/294/296 290/290/292 295/295/297
f 295/295/297 67/67/69 294/294/296
f 295/295/297 290/290/292 293/293/295
f 296/296/298 67/67/69 295/295/297
f 293/293/295 296/296/298 295/295/297
f 297/297/299 296/296/298 293/293/295
f 277/277/279 297/297/299 278/278/280
f 275/275/277 297/297/299 277/277/279
f 278/278/280 297/297/299 293/293/295
f 298/298/300 297/297/299 275/275/277
f 296/296/298 297/297/299 298/298/300
f 65/65/67 67/67/69 299/299/301
f 299/299/301 73/73/75 65/65/67
f 67/67/69 296/296/298 299/299/301
f 299/299/301 296/296/298 300/300/302
f 300/300/302 296/296/298 298/298/300
f 298/298/300 301/301/303 300/300/302
f 302/302/304 73/73/75 299/299/301
f 300/300/302 302/302/304 299/299/301
f 301/301/303 302/302/304 300/300/302
f 303/303/305 301/301/303 298/298/300
f 275/275/277 303/303/305 298/298/300
f 304/304/306 303/303/305 275/275/277
f 305/305/307 303/303/305 304/304/306
f 306/306/308 305/305/307 304/304/306
f 301/301/303 303/303/305 307/307/309
f 307/307/309 303/303/305 305/305/307
f 222/222/224 73/73/75 308/308/310
f 302/302/304 301/301/303 308/308/310
f 73/73/75 302/302/304 308/308/310
f 308/308/310 301/301/303 307/307/309
f 305/305/307 306/306/308 309/309/311
f 309/309/311 306/306/308 310/310/312
f 212/212/214 211/211/213 310/310/312
f 311/311/313 222/222/224 308/308/310
f 223/223/225 222/222/224 311/311/313
f 307/307/309 311/311/313 308/308/310
f 307/307/309 305/305/307 312/312/314
f 311/311/313 307/307/309 312/312/314
f 312/312/314 305/305/307 309/309/311
f 223/223/225 311/311/313 313/313/315
f 313/313/315 311/311/313 312/312/314
f 314/314/316 223/223/225 313/313/315
f 100/100/102 224/224/226 314/314/316
f 224/224/226 223/223/225 314/314/316
f 315/315/317 225/225/227 100/100/102
f 35/35/36 315/315/317 100/100/102
f 314/314/316 313/313/315 316/316/318
f 313/313/315 317/317/319 316/316/318
f 318/318/320 314/314/316 316/316/318
f 100/100/102 314/314/316 318/318/320
f 101/101/103 100/100/102 318/318/320
f 101/101/103 318/318/320 187/187/189
f 187/187/189 318/318/320 319/319/321
f 318/318/320 316/316/318 319/319/321
f 320/320/322 57/57/58 170/170/172
f 118/118/120 321/321/323 123/123/125
f 118/118/120 185/185/187 321/321/323
f 321/321/323 185/185/187 322/322/324
f 123/123/125 321/321/323 323/323/325
f 321/321/323 322/322/324 323/323/325
f 323/323/325 324/324/326 123/123/125
f 324/324/326 124/124/126 123/123/125
f 323/323/325 322/322/324 325/325/327
f 325/325/327 324/324/326 323/323/325
f 326/326/328 327/327/329 328/328/330
f 327/327/329 329/329/331 328/328/330
f 330/330/332 331/331/333 328/328/330
f 328/328/330 331/331/333 326/326/328
f 326/326/328 331/331/333 325/325/327
f 328/328/330 329/329/331 332/332/334
f 332/332/334 330/330/332 328/328/330
f 329/329/331 217/217/219 332/332/334
f 331/331/333 333/333/335 325/325/327
f 325/325/327 333/333/335 324/324/326
f 334/334/336 333/333/335 331/331/333
f 218/218/220 220/220/222 335/335/337
f 335/335/337 220/220/222 334/334/336
f 335/335/337 334/334/336 331/331/333
f 330/330/332 335/335/337 331/331/333
f 336/336/338 130/130/132 124/124/126
f 324/324/326 336/336/338 124/124/126
f 333/333/335 336/336/338 324/324/326
f 334/334/336 337/337/339 333/333/335
f 220/220/222 337/337/339 334/334/336
f 337/337/339 336/336/338 333/333/335
f 338/338/340 219/219/221 218/218/220
f 339/339/341 335/335/337 330/330/332
f 338/338/340 218/218/220 339/339/341
f 339/339/341 218/218/220 335/335/337
f 340/340/342 190/190/192 338/338/340
f 340/340/342 338/338/340 339/339/341
f 341/341/343 190/190/192 340/340/342
f 188/188/190 190/190/192 341/341/343
f 188/188/190 341/341/343 189/189/191
f 342/342/344 214/214/216 343/343/345
f 214/214/216 206/206/208 343/343/345
f 344/344/346 214/214/216 342/342/344
f 332/332/334 217/217/219 345/345/347
f 217/217/219 215/215/217 345/345/347
f 214/214/216 344/344/346 345/345/347
f 215/215/217 214/214/216 345/345/347
f 345/345/347 344/344/346 346/346/348
f 346/346/348 339/339/341 330/330/332
f 332/332/334 346/346/348 330/330/332
f 345/345/347 346/346/348 332/332/334
f 189/189/191 341/341/343 347/347/349
f 341/341/343 340/340/342 347/347/349
f 347/347/349 344/344/346 342/342/344
f 344/344/346 348/348/350 346/346/348
f 348/348/350 344/344/346 347/347/349
f 340/340/342 348/348/350 347/347/349
f 346/346/348 348/348/350 339/339/341
f 339/339/341 348/348/350 340/340/342
f 309/309/311 349/349/351 312/312/314
f 313/313/315 350/350/352 317/317/319
f 312/312/314 350/350/352 313/313/315
f 349/349/351 350/350/352 312/312/314
f 351/351/353 349/349/351 309/309/311
f 211/211/213 209/209/211 351/351/353
f 211/211/213 351/351/353 310/310/312
f 351/351/353 209/209/211 349/349/351
f 310/310/312 351/351/353 309/309/311
f 306/306/308 352/352/354 310/310/312
f 352/352/354 212/212/214 310/310/312
f 304/304/306 353/353/355 306/306/308
f 353/353/355 352/352/354 306/306/308
f 354/354/356 353/353/355 304/304/306
f 276/276/278 354/354/356 275/275/277
f 275/275/277 354/354/356 304/304/306
f 276/276/278 274/274/276 355/355/357
f 355/355/357 274/274/276 273/273/275
f 354/354/356 276/276/278 356/356/358
f 356/356/358 276/276/278 355/355/357
f 357/357/359 354/354/356 356/356/358
f 353/353/355 354/354/356 357/357/359
f 358/358/360 353/353/355 357/357/359
f 352/352/354 353/353/355 358/358/360
f 359/359/361 352/352/354 358/358/360
f 360/360/362 352/352/354 359/359/361
f 212/212/214 352/352/354 360/360/362
f 361/361/363 212/212/214 360/360/362
f 205/205/207 212/212/214 361/361/363
f 206/206/208 205/205/207 362/362/364
f 343/343/345 206/206/208 362/362/364
f 362/362/364 205/205/207 361/361/363
f 342/342/344 343/343/345 363/363/365
f 362/362/364 364/364/366 343/343/345
f 363/363/365 343/343/345 364/364/366
f 189/189/191 347/347/349 365/365/367
f 365/365/367 342/342/344 363/363/365
f 347/347/349 342/342/344 365/365/367
f 366/366/368 189/189/191 365/365/367
f 367/367/369 364/364/366 362/362/364
f 361/361/363 367/367/369 362/362/364
f 368/368/370 367/367/369 361/361/363
f 360/360/362 368/368/370 361/361/363
f 359/359/361 369/369/371 360/360/362
f 369/369/371 368/368/370 360/360/362
f 358/358/360 370/370/372 359/359/361
f 370/370/372 369/369/371 359/359/361
f 371/371/373 370/370/372 358/358/360
f 357/357/359 371/371/373 358/358/360
f 356/356/358 372/372/374 357/357/359
f 372/372/374 371/371/373 357/357/359
f 355/355/357 373/373/375 356/356/358
f 373/373/375 372/372/374 356/356/358
f 273/273/275 374/374/376 355/355/357
f 374/374/376 373/373/375 355/355/357
f 271/271/273 375/375/377 273/273/275
f 375/375/377 374/374/376 273/273/275
f 269/269/271 376/376/378 271/271/273
f 376/376/378 375/375/377 271/271/273
f 377/377/379 376/376/378 269/269/271
f 267/267/269 377/377/379 269/269/271
f 265/265/267 378/378/380 267/267/269
f 378/378/380 377/377/379 267/267/269
f 264/264/266 379/379/381 265/265/267
f 379/379/381 378/378/380 265/265/267
f 380/380/382 379/379/381 264/264/266
f 263/263/265 380/380/382 264/264/266
f 262/262/264 381/381/383 263/263/265
f 381/381/383 380/380/382 263/263/265
f 260/260/262 382/382/384 262/262/264
f 382/382/384 381/381/383 262/262/264
f 383/383/385 382/382/384 260/260/262
f 261/261/263 384/384/386 260/260/262
f 384/384/386 383/383/385 260/260/262
f 59/59/61 385/385/387 12/12/12
f 12/12/12 385/385/387 9/9/9
f 385/385/387 136/136/138 138/138/140
f 9/9/9 385/385/387 138/138/140
f 386/386/388 385/385/387 59/59/61
f 387/387/389 246/246/248 161/161/163
f 388/388/390 246/246/248 387/387/389
f 387/387/389 161/161/163 389/389/391
f 389/389/391 388/388/390 387/387/389
f 390/390/392 388/388/390 389/389/391
f 250/250/252 390/390/392 391/391/393
f 391/391/393 390/390/392 389/389/391
f 146/146/148 250/250/252 392/392/394
f 392/392/394 250/250/252 391/391/393
f 393/393/395 146/146/148 392/392/394
f 144/144/146 146/146/148 393/393/395
f 391/391/393 393/393/395 392/392/394
f 159/159/161 144/144/146 393/393/395
f 161/161/163 160/160/162 394/394/396
f 160/160/162 159/159/161 394/394/396
f 389/389/391 161/161/163 394/394/396
f 389/389/391 394/394/396 391/391/393
f 394/394/396 393/393/395 391/391/393
f 394/394/396 159/159/161 393/393/395
f 96/96/98 395/395/397 291/291/293
f 242/242/244 395/395/397 240/240/242
f 395/395/397 167/167/169 240/240/242
f 395/395/397 288/288/290 291/291/293
f 167/167/169 395/395/397 96/96/98
f 286/286/288 288/288/290 395/395/397
f 286/286/288 396/396/398 248/248/250
f 248/248/250 396/396/398 91/91/93
f 90/90/92 396/396/398 242/242/244
f 396/396/398 286/286/288 395/395/397
f 91/91/93 396/396/398 90/90/92
f 396/396/398 395/395/397 242/242/244
f 14/14/14 13/13/13 397/397/399
f 398/398/400 397/397/399 399/399/401
f 244/244/246 399/399/401 245/245/247
f 399/399/401 397/397/399 245/245/247
f 400/400/402 397/397/399 398/398/400
f 17/17/17 14/14/14 401/401/403
f 401/401/403 397/397/399 400/400/402
f 14/14/14 397/397/399 401/401/403
f 243/243/245 402/402/404 244/244/246
f 402/402/404 399/399/401 244/244/246
f 403/403/405 402/402/404 243/243/245
f 241/241/243 403/403/405 243/243/245
f 404/404/406 403/403/405 241/241/243
f 239/239/241 404/404/406 241/241/243
f 405/405/407 404/404/406 239/239/241
f 237/237/239 405/405/407 239/239/241
f 8/8/8 406/406/408 237/237/239
f 406/406/408 405/405/407 237/237/239
f 407/407/409 406/406/408 8/8/8
f 24/24/24 407/407/409 8/8/8
f 408/408/410 185/185/187 184/184/186
f 185/185/187 408/408/410 322/322/324
f 409/409/411 408/408/410 184/184/186
f 410/410/412 409/409/411 184/184/186
f 410/410/412 411/411/413 319/319/321
f 411/411/413 410/410/412 184/184/186
f 186/186/188 411/411/413 184/184/186
f 411/411/413 186/186/188 187/187/189
f 319/319/321 411/411/413 187/187/189
f 412/412/414 410/410/412 319/319/321
f 409/409/411 410/410/412 412/412/414
f 408/408/410 409/409/411 413/413/415
f 413/413/415 409/409/411 412/412/414
f 322/322/324 408/408/410 413/413/415
f 322/322/324 413/413/415 325/325/327
f 325/325/327 413/413/415 326/326/328
f 414/414/416 35/35/36 34/34/35
f 315/315/317 35/35/36 415/415/417
f 415/415/417 35/35/36 414/414/416
f 416/416/418 315/315/317 415/415/417
f 225/225/227 315/315/317 416/416/418
f 226/226/228 225/225/227 417/417/419
f 417/417/419 225/225/227 416/416/418
f 227/227/229 226/226/228 418/418/420
f 418/418/420 226/226/228 417/417/419
f 228/228/230 227/227/229 419/419/421
f 419/419/421 227/227/229 418/418/420
f 420/420/422 228/228/230 419/419/421
f 27/27/28 228/228/230 420/420/422
f 28/28/29 27/27/28 420/420/422
f 421/421/423 350/350/352 349/349/351
f 209/209/211 208/208/210 422/422/424
f 349/349/351 209/209/211 422/422/424
f 421/421/423 349/349/351 422/422/424
f 192/192/194 191/191/193 423/423/425
f 423/423/425 191/191/193 284/284/286
f 424/424/426 192/192/194 423/423/425
f 425/425/427 192/192/194 424/424/426
f 195/195/197 204/204/206 425/425/427
f 425/425/427 203/203/205 192/192/194
f 204/204/206 203/203/205 425/425/427
f 426/426/428 425/425/427 424/424/426
f 195/195/197 425/425/427 426/426/428
f 427/427/429 195/195/197 426/426/428
f 196/196/198 195/195/197 427/427/429
f 428/428/430 216/216/218 217/217/219
f 429/429/431 428/428/430 217/217/219
f 430/430/432 428/428/430 429/429/431
f 421/421/423 431/431/433 430/430/432
f 208/208/210 216/216/218 431/431/433
f 422/422/424 431/431/433 421/421/423
f 431/431/433 216/216/218 428/428/430
f 431/431/433 428/428/430 430/430/432
f 208/208/210 431/431/433 422/422/424
f 397/397/399 432/432/434 245/245/247
f 13/13/13 432/432/434 397/397/399
f 86/86/88 89/89/91 432/432/434
f 10/10/10 86/86/88 432/432/434
f 13/13/13 10/10/10 432/432/434
f 432/432/434 89/89/91 245/245/247
f 433/433/435 283/283/285 249/249/251
f 434/434/436 250/250/252 252/252/254
f 390/390/392 250/250/252 434/434/436
f 388/388/390 390/390/392 434/434/436
f 252/252/254 254/254/256 434/434/436
f 249/249/251 247/247/249 435/435/437
f 247/247/249 246/246/248 435/435/437
f 246/246/248 388/388/390 435/435/437
f 435/435/437 388/388/390 434/434/436
f 435/435/437 433/433/435 249/249/251
f 434/434/436 436/436/438 435/435/437
f 436/436/438 433/433/435 435/435/437
f 254/254/256 436/436/438 434/434/436
f 196/196/198 427/427/429 437/437/439
f 257/257/259 196/196/198 437/437/439
f 253/253/255 257/257/259 437/437/439
f 427/427/429 436/436/438 437/437/439
f 437/437/439 254/254/256 253/253/255
f 436/436/438 254/254/256 437/437/439
f 316/316/318 317/317/319 438/438/440
f 438/438/440 329/329/331 327/327/329
f 439/439/441 438/438/440 327/327/329
f 316/316/318 438/438/440 439/439/441
f 319/319/321 316/316/318 439/439/441
f 319/319/321 439/439/441 440/440/442
f 439/439/441 327/327/329 440/440/442
f 326/326/328 413/413/415 440/440/442
f 413/413/415 412/412/414 440/440/442
f 412/412/414 319/319/321 440/440/442
f 440/440/442 327/327/329 326/326/328
f 430/430/432 441/441/443 421/421/423
f 441/441/443 350/350/352 421/421/423
f 429/429/431 442/442/444 430/430/432
f 442/442/444 441/441/443 430/430/432
f 441/441/443 442/442/444 350/350/352
f 217/217/219 443/443/445 429/429/431
f 443/443/445 442/442/444 429/429/431
f 329/329/331 443/443/445 217/217/219
f 438/438/440 444/444/446 329/329/331
f 444/444/446 443/443/445 329/329/331
f 442/442/444 443/443/445 444/444/446
f 317/317/319 444/444/446 438/438/440
f 350/350/352 442/442/444 444/444/446
f 350/350/352 444/444/446 317/317/319
f 445/445/447 436/436/438 427/427/429
f 427/427/429 426/426/428 445/445/447
f 426/426/428 424/424/426 445/445/447
f 446/446/448 436/436/438 445/445/447
f 445/445/447 424/424/426 447/447/449
f 424/424/426 423/423/425 447/447/449
f 447/447/449 446/446/448 445/445/447
f 448/448/450 446/446/448 447/447/449
f 446/446/448 448/448/450 436/436/438
f 436/436/438 448/448/450 433/433/435
f 447/447/449 423/423/425 449/449/451
f 449/449/451 448/448/450 447/447/449
f 449/449/451 423/423/425 284/284/286
f 283/283/285 450/450/452 284/284/286
f 433/433/435 450/450/452 283/283/285
f 450/450/452 448/448/450 449/449/451
f 448/448/450 450/450/452 433/433/435
f 284/284/286 450/450/452 449/449/451
f 451/451/453 452/452/454 453/453/455
f 453/453/455 452/452/454 454/454/456
f 455/455/457 451/451/453 453/453/455
f 456/456/458 451/451/453 455/455/457
f 453/453/455 457/457/459 455/455/457
f 457/457/459 456/456/458 455/455/457
f 458/458/460 457/457/459 453/453/455
f 459/459/461 458/458/460 453/453/455
f 454/454/456 459/459/461 453/453/455
f 460/460/462 459/459/461 454/454/456
f 461/461/463 462/462/464 454/454/456
f 454/454/456 462/462/464 460/460/462
f 463/463/465 462/462/464 461/461/463
f 464/464/466 463/463/465 461/461/463
f 465/465/467 464/464/466 461/461/463
f 466/466/468 464/464/466 465/465/467
f 467/467/469 465/465/467 461/461/463
f 467/467/469 466/466/468 465/465/467
f 468/468/470 469/469/471 466/466/468
f 466/466/468 469/469/471 464/464/466
f 470/470/472 468/468/470 466/466/468
f 470/470/472 466/466/468 467/467/469
f 471/471/473 467/467/469 461/461/463
f 454/454/456 471/471/473 461/461/463
f 454/454/456 452/452/454 472/472/474
f 472/472/474 471/471/473 454/454/456
f 473/473/475 474/474/476 475/475/477
f 474/474/476 476/476/478 475/475/477
f 477/477/479 474/474/476 473/473/475
f 474/474/476 477/477/479 478/478/480
f 476/476/478 474/474/476 479/479/481
f 479/479/481 474/474/476 478/478/480
f 480/480/482 481/481/483 482/482/484
f 482/482/484 483/483/485 484/484/486
f 485/485/487 483/483/485 482/482/484
f 486/486/488 485/485/487 482/482/484
f 482/482/484 481/481/483 486/486/488
f 483/483/485 487/487/489 484/484/486
f 488/488/490 459/459/461 460/460/462
f 462/462/464 488/488/490 460/460/462
f 463/463/465 489/489/491 462/462/464
f 489/489/491 488/488/490 462/462/464
f 490/490/492 489/489/491 463/463/465
f 469/469/471 491/491/493 464/464/466
f 464/464/466 491/491/493 463/463/465
f 491/491/493 490/490/492 463/463/465
f 473/473/475 475/475/477 492/492/494
f 492/492/494 493/493/495 494/494/496
f 495/495/497 493/493/495 492/492/494
f 475/475/477 476/476/478 496/496/498
f 496/496/498 495/495/497 492/492/494
f 475/475/477 496/496/498 492/492/494
f 478/478/480 477/477/479 497/497/499
f 498/498/500 488/488/490 489/489/491
f 499/499/501 488/488/490 498/498/500
f 500/500/502 499/499/501 498/498/500
f 501/501/503 499/499/501 500/500/502
f 488/488/490 499/499/501 501/501/503
f 458/458/460 459/459/461 502/502/504
f 459/459/461 488/488/490 502/502/504
f 502/502/504 488/488/490 501/501/503
f 457/457/459 458/458/460 503/503/505
f 503/503/505 458/458/460 502/502/504
f 504/504/506 457/457/459 503/503/505
f 456/456/458 457/457/459 505/505/507
f 505/505/507 457/457/459 504/504/506
f 506/506/508 456/456/458 505/505/507
f 484/484/486 487/487/489 507/507/509
f 487/487/489 506/506/508 507/507/509
f 507/507/509 506/506/508 505/505/507
f 508/508/510 509/509/511 510/510/512
f 511/511/513 485/485/487 486/486/488
f 481/481/483 512/512/514 486/486/488
f 512/512/514 511/511/513 486/486/488
f 513/513/515 512/512/514 481/481/483
f 487/487/489 483/483/485 514/514/516
f 483/483/485 485/485/487 514/514/516
f 514/514/516 485/485/487 511/511/513
f 506/506/508 487/487/489 515/515/517
f 515/515/517 487/487/489 514/514/516
f 516/516/518 506/506/508 515/515/517
f 451/451/453 456/456/458 516/516/518
f 456/456/458 506/506/508 516/516/518
f 452/452/454 451/451/453 517/517/519
f 517/517/519 451/451/453 516/516/518
f 518/518/520 452/452/454 517/517/519
f 519/519/521 452/452/454 518/518/520
f 472/472/474 452/452/454 519/519/521
f 520/520/522 514/514/516 511/511/513
f 515/515/517 514/514/516 521/521/523
f 521/521/523 514/514/516 520/520/522
f 517/517/519 516/516/518 522/522/524
f 522/522/524 515/515/517 521/521/523
f 516/516/518 515/515/517 522/522/524
f 523/523/525 470/470/472 467/467/469
f 523/523/525 467/467/469 471/471/473
f 524/524/526 470/470/472 523/523/525
f 525/525/527 468/468/470 470/470/472
f 524/524/526 525/525/527 470/470/472
f 526/526/528 525/525/527 524/524/526
f 527/527/529 526/526/528 524/524/526
f 523/523/525 528/528/530 524/524/526
f 528/528/530 527/527/529 524/524/526
f 529/529/531 528/528/530 523/523/525
f 530/530/532 523/523/525 471/471/473
f 472/472/474 530/530/532 471/471/473
f 530/530/532 529/529/531 523/523/525
f 519/519/521 530/530/532 472/472/474
f 531/531/533 529/529/531 530/530/532
f 519/519/521 531/531/533 530/530/532
f 518/518/520 532/532/534 519/519/521
f 532/532/534 531/531/533 519/519/521
f 517/517/519 533/533/535 518/518/520
f 533/533/535 532/532/534 518/518/520
f 534/534/536 533/533/535 517/517/519
f 522/522/524 534/534/536 517/517/519
f 521/521/523 535/535/537 522/522/524
f 535/535/537 534/534/536 522/522/524
f 536/536/538 535/535/537 521/521/523
f 520/520/522 536/536/538 521/521/523
f 537/537/539 536/536/538 520/520/522
f 511/511/513 537/537/539 520/520/522
f 538/538/540 537/537/539 511/511/513
f 512/512/514 538/538/540 511/511/513
f 539/539/541 538/538/540 512/512/514
f 513/513/515 539/539/541 512/512/514
f 540/540/542 539/539/541 513/513/515
f 510/510/512 541/541/543 508/508/510
f 542/542/544 476/476/478 479/479/481
f 542/542/544 541/541/543 510/510/512
f 476/476/478 542/542/544 496/496/498
f 541/541/543 542/542/544 479/479/481
f 543/543/545 542/542/544 510/510/512
f 544/544/546 542/542/544 543/543/545
f 542/542/544 544/544/546 496/496/498
f 496/496/498 544/544/546 495/495/497
f 545/545/547 544/544/546 543/543/545
f 544/544/546 546/546/548 495/495/497
f 546/546/548 544/544/546 545/545/547
f 495/495/497 546/546/548 493/493/495
f 547/547/549 546/546/548 545/545/547
f 548/548/550 546/546/548 547/547/549
f 493/493/495 546/546/548 548/548/550
f 529/529/531 549/549/551 528/528/530
f 528/528/530 549/549/551 527/527/529
f 527/527/529 549/549/551 550/550/552
f 551/551/553 549/549/551 529/529/531
f 531/531/533 552/552/554 529/529/531
f 552/552/554 551/551/553 529/529/531
f 532/532/534 553/553/555 531/531/533
f 553/553/555 552/552/554 531/531/533
f 533/533/535 554/554/556 532/532/534
f 554/554/556 553/553/555 532/532/534
f 555/555/557 554/554/556 533/533/535
f 534/534/536 555/555/557 533/533/535
f 535/535/537 556/556/558 534/534/536
f 536/536/538 556/556/558 535/535/537
f 556/556/558 555/555/557 534/534/536
f 537/537/539 557/557/559 536/536/538
f 557/557/559 556/556/558 536/536/538
f 558/558/560 559/559/561 560/560/562
f 561/561/563 559/559/561 558/558/560
f 562/562/564 563/563/565 564/564/566
f 565/565/567 563/563/565 562/562/564
f 565/565/567 566/566/568 563/563/565
f 567/567/569 568/568/570 569/569/571
f 570/570/572 571/571/573 572/572/574
f 573/573/575 570/570/572 572/572/574
f 574/574/576 573/573/575 572/572/574
f 575/575/577 574/574/576 576/576/578
f 576/576/578 574/574/576 572/572/574
f 577/577/579 576/576/578 572/572/574
f 572/572/574 571/571/573 577/577/579
f 578/578/580 576/576/578 577/577/579
f 579/579/581 578/578/580 577/577/579
f 571/571/573 580/580/582 577/577/579
f 577/577/579 580/580/582 579/579/581
f 578/578/580 581/581/583 576/576/578
f 581/581/583 575/575/577 576/576/578
f 582/582/584 583/583/585 584/584/586
f 585/585/587 582/582/584 584/584/586
f 586/586/588 587/587/589 588/588/590
f 587/587/589 589/589/591 588/588/590
f 590/590/592 591/591/593 592/592/594
f 593/593/595 591/591/593 590/590/592
f 594/594/596 595/595/597 593/593/595
f 594/594/596 593/593/595 590/590/592
f 596/596/598 597/597/599 598/598/600
f 597/597/599 599/599/601 598/598/600
f 598/598/600 599/599/601 600/600/602
f 599/599/601 601/601/603 600/600/602
f 600/600/602 601/601/603 602/602/604
f 601/601/603 603/603/605 602/602/604
f 604/604/606 605/605/607 606/606/608
f 607/607/609 608/608/610 609/609/611
f 610/610/612 611/611/613 612/612/614
f 613/613/615 610/610/612 612/612/614
f 611/611/613 614/614/616 612/612/614
f 612/612/614 614/614/616 615/615/617
f 616/616/618 617/617/619 618/618/620
f 619/619/621 620/620/622 621/621/623
f 622/622/624 623/623/625 621/621/623
f 624/624/626 622/622/624 621/621/623
f 621/621/623 625/625/627 619/619/621
f 623/623/625 626/626/628 625/625/627
f 621/621/623 623/623/625 625/625/627
f 625/625/627 626/626/628 627/627/629
f 627/627/629 620/620/622 619/619/621
f 625/625/627 627/627/629 619/619/621
f 626/626/628 628/628/630 627/627/629
f 627/627/629 628/628/630 629/629/631
f 630/630/632 631/631/633 632/632/634
f 633/633/635 624/624/626 634/634/636
f 631/631/633 633/633/635 635/635/637
f 635/635/637 633/633/635 634/634/636
f 624/624/626 621/621/623 636/636/638
f 634/634/636 624/624/626 636/636/638
f 621/621/623 620/620/622 636/636/638
f 627/627/629 629/629/631 637/637/639
f 620/620/622 627/627/629 637/637/639
f 636/636/638 620/620/622 638/638/640
f 638/638/640 620/620/622 637/637/639
f 637/637/639 629/629/631 639/639/641
f 613/613/615 612/612/614 640/640/642
f 612/612/614 615/615/617 640/640/642
f 615/615/617 641/641/643 640/640/642
f 642/642/644 610/610/612 613/613/615
f 609/609/611 608/608/610 642/642/644
f 608/608/610 610/610/612 642/642/644
f 642/642/644 643/643/645 609/609/611
f 618/618/620 644/644/646 645/645/647
f 617/617/619 646/646/648 618/618/620
f 646/646/648 644/644/646 618/618/620
f 646/646/648 617/617/619 647/647/649
f 647/647/649 617/617/619 648/648/650
f 645/645/647 649/649/651 618/618/620
f 618/618/620 649/649/651 616/616/618
f 570/570/572 650/650/652 571/571/573
f 573/573/575 574/574/576 651/651/653
f 651/651/653 574/574/576 575/575/577
f 652/652/654 653/653/655 654/654/656
f 655/655/657 653/653/655 656/656/658
f 656/656/658 653/653/655 652/652/654
f 657/657/659 655/655/657 656/656/658
f 658/658/660 655/655/657 657/657/659
f 659/659/661 658/658/660 657/657/659
f 660/660/662 658/658/660 659/659/661
f 661/661/663 660/660/662 659/659/661
f 662/662/664 663/663/665 664/664/666
f 564/564/566 664/664/666 562/562/564
f 665/665/667 663/663/665 662/662/664
f 666/666/668 665/665/667 662/662/664
f 667/667/669 665/665/667 666/666/668
f 668/668/670 667/667/669 666/666/668
f 669/669/671 670/670/672 668/668/670
f 670/670/672 667/667/669 668/668/670
f 652/652/654 671/671/673 656/656/658
f 659/659/661 672/672/582 661/661/663
f 673/673/674 672/672/582 659/659/661
f 673/673/674 674/674/675 672/672/582
f 671/671/673 674/674/675 673/673/674
f 675/675/676 673/673/674 659/659/661
f 675/675/676 671/671/673 673/673/674
f 657/657/659 675/675/676 659/659/661
f 656/656/658 675/675/676 657/657/659
f 671/671/673 675/675/676 656/656/658
f 676/676/583 671/671/673 652/652/654
f 588/588/590 589/589/591 677/677/677
f 589/589/591 678/678/678 677/677/677
f 679/679/679 587/587/589 586/586/588
f 680/680/680 679/679/679 586/586/588
f 561/561/563 558/558/560 681/681/681
f 559/559/561 561/561/563 682/682/682
f 682/682/682 561/561/563 683/683/683
f 684/684/684 559/559/561 682/682/682
f 560/560/562 559/559/561 685/685/685
f 685/685/685 559/559/561 684/684/684
f 686/686/686 560/560/562 685/685/685
f 687/687/687 561/561/563 681/681/681
f 683/683/683 561/561/563 687/687/687
f 664/664/666 688/688/688 562/562/564
f 562/562/564 688/688/688 689/689/689
f 690/690/690 566/566/568 565/565/567
f 691/691/691 690/690/690 565/565/567
f 689/689/689 692/692/692 562/562/564
f 692/692/692 691/691/691 565/565/567
f 562/562/564 692/692/692 565/565/567
f 693/693/693 667/667/669 670/670/672
f 665/665/667 667/667/669 693/693/693
f 663/663/665 665/665/667 694/694/694
f 694/694/694 665/665/667 693/693/693
f 695/695/695 663/663/665 694/694/694
f 693/693/693 696/696/696 694/694/694
f 696/696/696 695/695/695 694/694/694
f 697/697/697 696/696/696 693/693/693
f 670/670/672 697/697/697 693/693/693
f 698/698/698 699/699/699 700/700/700
f 569/569/571 698/698/698 701/701/701
f 567/567/569 569/569/571 701/701/701
f 701/701/701 698/698/698 700/700/700
f 702/702/587 568/568/570 567/567/569
f 567/567/569 703/703/702 702/702/587
f 701/701/701 704/704/703 567/567/569
f 704/704/703 703/703/702 567/567/569
f 705/705/704 704/704/703 701/701/701
f 700/700/700 705/705/704 701/701/701
f 706/706/705 705/705/704 700/700/700
f 699/699/699 706/706/705 700/700/700
f 674/674/675 707/707/706 708/708/707
f 709/709/708 707/707/706 674/674/675
f 671/671/673 709/709/708 674/674/675
f 710/710/709 671/671/673 676/676/583
f 709/709/708 671/671/673 710/710/709
f 707/707/706 709/709/708 710/710/709
f 711/711/710 707/707/706 710/710/709
f 712/712/711 707/707/706 711/711/710
f 708/708/707 707/707/706 712/712/711
f 713/713/712 708/708/707 712/712/711
f 674/674/675 708/708/707 714/714/713
f 672/672/582 674/674/675 714/714/713
f 714/714/713 708/708/707 713/713/712
f 580/580/582 715/715/714 579/579/581
f 579/579/581 715/715/714 716/716/715
f 717/717/716 581/581/583 578/578/580
f 718/718/717 717/717/716 578/578/580
f 719/719/718 718/718/717 578/578/580
f 716/716/715 719/719/718 579/579/581
f 579/579/581 719/719/718 578/578/580
f 720/720/719 582/582/584 585/585/587
f 721/721/720 582/582/584 720/720/719
f 722/722/721 721/721/720 720/720/719
f 723/723/722 722/722/721 720/720/719
f 724/724/723 722/722/721 723/723/722
f 725/725/724 722/722/721 724/724/723
f 722/722/721 725/725/724 721/721/720
f 726/726/725 725/725/724 724/724/723
f 582/582/584 727/727/726 583/583/585
f 721/721/720 727/727/726 582/582/584
f 725/725/724 727/727/726 721/721/720
f 727/727/726 725/725/724 726/726/725
f 728/728/727 727/727/726 726/726/725
f 583/583/585 727/727/726 728/728/727
f 677/677/677 678/678/678 729/729/728
f 730/730/729 587/587/589 679/679/679
f 589/589/591 587/587/589 730/730/729
f 731/731/730 589/589/591 730/730/729
f 678/678/678 589/589/591 731/731/730
f 732/732/731 678/678/678 731/731/730
f 730/730/729 733/733/732 731/731/730
f 733/733/732 732/732/731 731/731/730
f 679/679/679 734/734/733 730/730/729
f 734/734/733 733/733/732 730/730/729
f 735/735/734 736/736/735 737/737/736
f 738/738/737 735/735/734 737/737/736
f 736/736/735 739/739/738 737/737/736
f 737/737/736 740/740/739 738/738/737
f 739/739/738 740/740/739 737/737/736
f 740/740/739 741/741/740 738/738/737
f 741/741/740 742/742/741 738/738/737
f 742/742/741 735/735/734 738/738/737
f 743/743/742 735/735/734 742/742/741
f 735/735/734 743/743/742 736/736/735
f 744/744/743 745/745/744 746/746/745
f 747/747/746 745/745/744 744/744/743
f 746/746/745 745/745/744 748/748/747
f 745/745/744 749/749/748 748/748/747
f 750/750/749 745/745/744 747/747/746
f 749/749/748 745/745/744 750/750/749
f 748/748/747 749/749/748 751/751/750
f 751/751/750 749/749/748 752/752/751
f 753/753/752 749/749/748 750/750/749
f 749/749/748 753/753/752 752/752/751
f 752/752/751 753/753/752 754/754/753
f 755/755/754 756/756/755 757/757/756
f 758/758/757 755/755/754 757/757/756
f 757/757/756 756/756/755 759/759/758
f 760/760/759 758/758/757 757/757/756
f 759/759/758 760/760/759 757/757/756
f 760/760/759 649/649/651 758/758/757
f 756/756/755 761/761/760 759/759/758
f 648/648/650 617/617/619 762/762/761
f 759/759/758 761/761/760 762/762/761
f 762/762/761 617/617/619 763/763/762
f 763/763/762 760/760/759 759/759/758
f 762/762/761 763/763/762 759/759/758
f 622/622/624 764/764/763 765/765/764
f 623/623/625 622/622/624 765/765/764
f 764/764/763 766/766/765 765/765/764
f 767/767/766 623/623/625 765/765/764
f 628/628/630 626/626/628 767/767/766
f 626/626/628 623/623/625 767/767/766
f 765/765/764 766/766/765 767/767/766
f 766/766/765 768/768/767 767/767/766
f 767/767/766 768/768/767 628/628/630
f 769/769/768 595/595/597 770/770/769
f 770/770/769 595/595/597 771/771/770
f 595/595/597 772/772/771 771/771/770
f 772/772/771 595/595/597 594/594/596
f 773/773/772 772/772/771 594/594/596
f 772/772/771 773/773/772 771/771/770
f 771/771/770 773/773/772 774/774/773
f 774/774/773 773/773/772 775/775/774
f 773/773/772 776/776/775 775/775/774
f 776/776/775 773/773/772 594/594/596
f 775/775/774 776/776/775 777/777/776
f 778/778/777 594/594/596 590/590/592
f 776/776/775 594/594/596 778/778/777
f 777/777/776 776/776/775 778/778/777
f 597/597/599 779/779/778 780/780/779
f 599/599/601 597/597/599 780/780/779
f 779/779/778 781/781/780 780/780/779
f 603/603/605 601/601/603 782/782/781
f 782/782/781 599/599/601 780/780/779
f 601/601/603 599/599/601 782/782/781
f 780/780/779 781/781/780 782/782/781
f 782/782/781 783/783/782 603/603/605
f 781/781/780 783/783/782 782/782/781
f 602/602/604 603/603/605 784/784/783
f 785/785/784 786/786/785 787/787/786
f 788/788/787 786/786/785 785/785/784
f 786/786/785 789/789/788 787/787/786
f 789/789/788 605/605/607 604/604/606
f 787/787/786 789/789/788 790/790/789
f 790/790/789 789/789/788 791/791/790
f 791/791/790 789/789/788 604/604/606
f 792/792/791 789/789/788 786/786/785
f 605/605/607 789/789/788 792/792/791
f 792/792/791 786/786/785 793/793/792
f 793/793/792 786/786/785 788/788/787
f 794/794/793 792/792/791 793/793/792
f 795/795/794 796/796/795 797/797/796
f 798/798/797 796/796/795 795/795/794
f 799/799/798 798/798/797 795/795/794
f 796/796/795 800/800/799 797/797/796
f 797/797/796 800/800/799 801/801/800
f 802/802/801 632/632/634 803/803/802
f 803/803/802 804/804/803 802/802/801
f 630/630/632 632/632/634 802/802/801
f 804/804/803 805/805/804 802/802/801
f 805/805/804 806/806/805 807/807/806
f 802/802/801 805/805/804 807/807/806
f 807/807/806 630/630/632 802/802/801
f 808/808/807 624/624/626 807/807/806
f 807/807/806 806/806/805 808/808/807
f 610/610/612 608/608/610 809/809/808
f 611/611/613 610/610/612 809/809/808
f 809/809/808 810/810/809 611/611/613
f 809/809/808 608/608/610 607/607/609
f 607/607/609 811/811/810 809/809/808
f 811/811/810 810/810/809 809/809/808
f 611/611/613 812/812/811 614/614/616
f 810/810/809 812/812/811 611/611/613
f 741/741/740 740/740/739 813/813/812
f 813/813/812 740/740/739 814/814/813
f 740/740/739 739/739/738 814/814/813
f 739/739/738 815/815/814 814/814/813
f 815/815/814 739/739/738 816/816/815
f 816/816/815 739/739/738 736/736/735
f 649/649/651 817/817/816 616/616/618
f 817/817/816 617/617/619 616/616/618
f 617/617/619 817/817/816 763/763/762
f 763/763/762 817/817/816 760/760/759
f 817/817/816 649/649/651 760/760/759
f 624/624/626 818/818/817 807/807/806
f 818/818/817 630/630/632 807/807/806
f 624/624/626 633/633/635 818/818/817
f 633/633/635 631/631/633 818/818/817
f 818/818/817 631/631/633 630/630/632
f 801/801/800 800/800/799 819/819/818
f 820/820/819 798/798/797 799/799/798
f 798/798/797 821/821/820 796/796/795
f 821/821/820 798/798/797 820/820/819
f 821/821/820 822/822/821 796/796/795
f 796/796/795 822/822/821 800/800/799
f 800/800/799 822/822/821 823/823/822
f 819/819/818 800/800/799 823/823/822
f 824/824/823 631/631/633 635/635/637
f 632/632/634 631/631/633 824/824/823
f 825/825/824 632/632/634 824/824/823
f 640/640/642 826/826/825 613/613/615
f 826/826/825 827/827/826 613/613/615
f 827/827/826 643/643/645 642/642/644
f 613/613/615 827/827/826 642/642/644
f 828/828/827 829/829/828 830/830/829
f 831/831/830 832/832/831 833/833/832
f 834/834/833 831/831/830 833/833/832
f 835/835/834 834/834/833 833/833/832
f 836/836/835 837/837/836 838/838/837
f 753/753/752 838/838/837 754/754/753
f 838/838/837 837/837/836 754/754/753
f 750/750/749 838/838/837 753/753/752
f 754/754/753 837/837/836 839/839/838
f 836/836/835 840/840/839 837/837/836
f 837/837/836 840/840/839 839/839/838
f 840/840/839 836/836/835 841/841/840
f 841/841/840 836/836/835 842/842/841
f 843/843/842 841/841/840 842/842/841
f 844/844/843 845/845/844 846/846/845
f 606/606/608 605/605/607 846/846/845
f 844/844/843 847/847/846 848/848/847
f 845/845/844 844/844/843 848/848/847
f 819/819/818 823/823/822 849/849/848
f 849/849/848 823/823/822 850/850/849
f 823/823/822 851/851/850 850/850/849
f 822/822/821 821/821/820 851/851/850
f 823/823/822 822/822/821 851/851/850
f 852/852/851 821/821/820 820/820/819
f 851/851/850 821/821/820 852/852/851
f 851/851/850 852/852/851 850/850/849
f 852/852/851 853/853/852 850/850/849
f 850/850/849 853/853/852 854/854/853
f 850/850/849 854/854/853 849/849/848
f 854/854/853 853/853/852 855/855/854
f 769/769/768 856/856/855 857/857/856
f 857/857/856 595/595/597 769/769/768
f 856/856/855 858/858/857 857/857/856
f 857/857/856 858/858/857 859/859/858
f 858/858/857 860/860/859 859/859/858
f 859/859/858 860/860/859 591/591/593
f 591/591/593 861/861/860 592/592/594
f 860/860/859 861/861/860 591/591/593
f 638/638/640 862/862/861 636/636/638
f 637/637/639 862/862/861 638/638/640
f 635/635/637 863/863/862 824/824/823
f 634/634/636 863/863/862 635/635/637
f 863/863/862 864/864/863 824/824/823
f 824/824/823 864/864/863 825/825/824
f 865/865/864 866/866/865 848/848/847
f 848/848/847 866/866/865 845/845/844
f 848/848/847 847/847/846 867/867/866
f 867/867/866 865/865/864 848/848/847
f 846/846/845 868/868/867 606/606/608
f 845/845/844 868/868/867 846/846/845
f 866/866/865 869/869/868 845/845/844
f 869/869/868 868/868/867 845/845/844
f 870/870/869 865/865/864 867/867/866
f 867/867/866 847/847/846 871/871/870
f 871/871/870 847/847/846 794/794/793
f 871/871/870 870/870/869 867/867/866
f 872/872/871 873/873/872 874/874/873
f 873/873/872 875/875/874 874/874/873
f 874/874/873 875/875/874 876/876/875
f 875/875/874 877/877/876 876/876/875
f 876/876/875 877/877/876 878/878/877
f 877/877/876 879/879/878 878/878/877
f 878/878/877 879/879/878 880/880/879
f 879/879/878 881/881/880 880/880/879
f 880/880/879 881/881/880 882/882/881
f 883/883/882 884/884/883 885/885/884
f 884/884/883 886/886/885 885/885/884
f 885/885/884 886/886/885 882/882/881
f 885/885/884 887/887/886 883/883/882
f 882/882/881 887/887/886 885/885/884
f 881/881/880 887/887/886 882/882/881
f 881/881/880 879/879/878 888/888/887
f 888/888/887 884/884/883 883/883/882
f 887/887/886 888/888/887 883/883/882
f 887/887/886 881/881/880 888/888/887
f 865/865/864 889/889/888 866/866/865
f 877/877/876 875/875/874 889/889/888
f 875/875/874 873/873/872 889/889/888
f 870/870/869 890/890/889 865/865/864
f 890/890/889 889/889/888 865/865/864
f 890/890/889 877/877/876 889/889/888
f 866/866/865 891/891/890 869/869/868
f 889/889/888 891/891/890 866/866/865
f 889/889/888 873/873/872 891/891/890
f 892/892/891 893/893/892 871/871/870
f 892/892/891 894/894/893 893/893/892
f 893/893/892 870/870/869 871/871/870
f 894/894/893 895/895/894 893/893/892
f 895/895/894 896/896/895 893/893/892
f 896/896/895 890/890/889 870/870/869
f 893/893/892 896/896/895 870/870/869
f 897/897/896 898/898/897 899/899/898
f 900/900/899 897/897/896 899/899/898
f 899/899/898 898/898/897 901/901/900
f 898/898/897 902/902/901 901/901/900
f 856/856/855 903/903/902 904/904/903
f 904/904/903 903/903/902 905/905/904
f 903/903/902 906/906/905 905/905/904
f 906/906/905 907/907/906 908/908/907
f 905/905/904 906/906/905 908/908/907
f 907/907/906 909/909/908 908/908/907
f 909/909/908 910/910/909 908/908/907
f 908/908/907 910/910/909 911/911/910
f 908/908/907 911/911/910 905/905/904
f 905/905/904 911/911/910 904/904/903
f 911/911/910 910/910/909 912/912/911
f 910/910/909 913/913/912 912/912/911
f 912/912/911 913/913/912 914/914/913
f 915/915/914 886/886/885 914/914/913
f 914/914/913 913/913/912 915/915/914
f 916/916/915 917/917/916 918/918/917
f 917/917/916 919/919/918 918/918/917
f 920/920/919 921/921/920 922/922/921
f 921/921/920 923/923/922 922/922/921
f 922/922/921 923/923/922 924/924/923
f 925/925/924 917/917/916 916/916/915
f 926/926/925 921/921/920 920/920/919
f 917/917/916 925/925/924 926/926/925
f 925/925/924 927/927/926 926/926/925
f 921/921/920 927/927/926 923/923/922
f 926/926/925 927/927/926 921/921/920
f 923/923/922 927/927/926 928/928/927
f 928/928/927 927/927/926 929/929/928
f 927/927/926 930/930/929 929/929/928
f 901/901/900 930/930/929 899/899/898
f 929/929/928 930/930/929 931/931/930
f 931/931/930 930/930/929 901/901/900
f 901/901/900 902/902/901 931/931/930
f 930/930/929 932/932/931 899/899/898
f 932/932/931 933/933/932 899/899/898
f 899/899/898 933/933/932 900/900/899
f 932/932/931 934/934/933 933/933/932
f 933/933/932 934/934/933 935/935/934
f 936/936/935 863/863/862 634/634/636
f 636/636/638 936/936/935 634/634/636
f 636/636/638 935/935/934 936/936/935
f 936/936/935 935/935/934 937/937/936
f 914/914/913 938/938/937 912/912/911
f 939/939/938 938/938/937 914/914/913
f 886/886/885 884/884/883 939/939/938
f 914/914/913 886/886/885 939/939/938
f 912/912/911 940/940/939 911/911/910
f 938/938/937 940/940/939 912/912/911
f 882/882/881 886/886/885 941/941/940
f 941/941/940 886/886/885 915/915/914
f 937/937/936 935/935/934 942/942/941
f 935/935/934 934/934/933 942/942/941
f 942/942/941 943/943/942 937/937/936
f 943/943/942 944/944/943 937/937/936
f 937/937/936 944/944/943 936/936/935
f 943/943/942 828/828/827 944/944/943
f 936/936/935 945/945/944 863/863/862
f 944/944/943 945/945/944 936/936/935
f 863/863/862 945/945/944 864/864/863
f 944/944/943 828/828/827 945/945/944
f 828/828/827 830/830/829 945/945/944
f 945/945/944 946/946/945 864/864/863
f 945/945/944 830/830/829 946/946/945
f 864/864/863 946/946/945 825/825/824
f 827/827/826 826/826/825 947/947/946
f 643/643/645 827/827/826 947/947/946
f 948/948/947 947/947/946 949/949/948
f 947/947/946 950/950/949 949/949/948
f 950/950/949 826/826/825 640/640/642
f 947/947/946 826/826/825 950/950/949
f 948/948/947 951/951/950 947/947/946
f 951/951/950 643/643/645 947/947/946
f 952/952/951 948/948/947 949/949/948
f 830/830/829 829/829/828 952/952/951
f 953/953/952 952/952/951 949/949/948
f 830/830/829 952/952/951 953/953/952
f 949/949/948 950/950/949 953/953/952
f 946/946/945 830/830/829 953/953/952
f 950/950/949 954/954/953 953/953/952
f 954/954/953 950/950/949 640/640/642
f 953/953/952 954/954/953 946/946/945
f 955/955/954 896/896/895 956/956/955
f 896/896/895 895/895/894 956/956/955
f 895/895/894 957/957/956 956/956/955
f 854/854/853 958/958/957 849/849/848
f 958/958/957 957/957/956 849/849/848
f 956/956/955 957/957/956 958/958/957
f 956/956/955 958/958/957 959/959/958
f 955/955/954 956/956/955 959/959/958
f 958/958/957 854/854/853 959/959/958
f 959/959/958 854/854/853 960/960/959
f 854/854/853 855/855/854 960/960/959
f 960/960/959 955/955/954 959/959/958
f 960/960/959 855/855/854 961/961/960
f 962/962/961 852/852/851 820/820/819
f 853/853/852 852/852/851 962/962/961
f 855/855/854 853/853/852 962/962/961
f 855/855/854 962/962/961 961/961/960
f 962/962/961 963/963/962 961/961/960
f 963/963/962 964/964/963 961/961/960
f 964/964/963 965/965/964 961/961/960
f 961/961/960 966/966/965 960/960/959
f 965/965/964 966/966/965 961/961/960
f 966/966/965 967/967/966 960/960/959
f 967/967/966 955/955/954 960/960/959
f 843/843/842 968/968/967 841/841/840
f 969/969/968 968/968/967 948/948/947
f 952/952/951 969/969/968 948/948/947
f 841/841/840 970/970/969 840/840/839
f 968/968/967 969/969/968 970/970/969
f 968/968/967 970/970/969 841/841/840
f 971/971/970 970/970/969 966/966/965
f 970/970/969 971/971/970 840/840/839
f 965/965/964 971/971/970 966/966/965
f 839/839/838 840/840/839 972/972/971
f 972/972/971 971/971/970 965/965/964
f 840/840/839 971/971/970 972/972/971
f 973/973/972 832/832/831 974/974/973
f 975/975/974 973/973/972 974/974/973
f 976/976/975 973/973/972 975/975/974
f 977/977/976 978/978/977 834/834/833
f 834/834/833 978/978/977 831/831/830
f 979/979/978 834/834/833 835/835/834
f 979/979/978 980/980/979 834/834/833
f 980/980/979 977/977/976 834/834/833
f 981/981/980 979/979/978 835/835/834
f 982/982/981 980/980/979 979/979/978
f 981/981/980 982/982/981 979/979/978
f 983/983/982 984/984/983 985/985/984
f 986/986/985 983/983/982 985/985/984
f 987/987/986 986/986/985 985/985/984
f 988/988/987 987/987/986 985/985/984
f 989/989/988 982/982/981 981/981/980
f 980/980/979 982/982/981 990/990/989
f 982/982/981 989/989/988 990/990/989
f 662/662/664 664/664/666 991/991/990
f 991/991/990 980/980/979 990/990/989
f 992/992/991 991/991/990 990/990/989
f 990/990/989 989/989/988 993/993/992
f 993/993/992 994/994/993 990/990/989
f 994/994/993 992/992/991 990/990/989
f 995/995/994 992/992/991 994/994/993
f 996/996/995 995/995/994 994/994/993
f 997/997/996 996/996/995 994/994/993
f 997/997/996 994/994/993 993/993/992
f 998/998/997 996/996/995 997/997/996
f 998/998/997 999/999/998 996/996/995
f 1000/1000/999 1001/1001/1000 1002/1002/1001
f 1001/1001/1000 1003/1003/1002 1002/1002/1001
f 1004/1004/1003 1001/1001/1000 1000/1000/999
f 1005/1005/1004 1004/1004/1003 1000/1000/999
f 1006/1006/1005 1004/1004/1003 1005/1005/1004
f 1007/1007/1006 1006/1006/1005 1005/1005/1004
f 1008/1008/1007 1007/1007/1006 1005/1005/1004
f 1009/1009/1008 1008/1008/1007 1005/1005/1004
f 1010/1010/1009 1008/1008/1007 1009/1009/1008
f 1011/1011/1010 1010/1010/1009 1009/1009/1008
f 1012/1012/1011 1010/1010/1009 1011/1011/1010
f 1013/1013/1012 1012/1012/1011 1011/1011/1010
f 1014/1014/1013 1012/1012/1011 1013/1013/1012
f 1013/1013/1012 1015/1015/1014 1016/1016/1015
f 1013/1013/1012 1011/1011/1010 1015/1015/1014
f 1016/1016/1015 1015/1015/1014 1017/1017/1016
f 655/655/657 658/658/660 1017/1017/1016
f 1017/1017/1016 658/658/660 660/660/662
f 1015/1015/1014 655/655/657 1017/1017/1016
f 1014/1014/1013 1013/1013/1012 1018/1018/1017
f 1018/1018/1017 1013/1013/1012 1016/1016/1015
f 1019/1019/1018 1014/1014/1013 1018/1018/1017
f 1020/1020/1019 983/983/982 986/986/985
f 1021/1021/1020 983/983/982 1020/1020/1019
f 1022/1022/1021 1021/1021/1020 1020/1020/1019
f 1023/1023/1022 1021/1021/1020 1022/1022/1021
f 1024/1024/1023 1023/1023/1022 1022/1022/1021
f 1025/1025/1024 1024/1024/1023 1022/1022/1021
f 1026/1026/1025 1024/1024/1023 1025/1025/1024
f 1024/1024/1023 1027/1027/1026 1023/1023/1022
f 1027/1027/1026 1024/1024/1023 1028/1028/1027
f 1028/1028/1027 1024/1024/1023 1026/1026/1025
f 654/654/656 653/653/655 1029/1029/1028
f 1029/1029/1028 1027/1027/1026 1028/1028/1027
f 1023/1023/1022 1027/1027/1026 1030/1030/1029
f 1030/1030/1029 1027/1027/1026 1029/1029/1028
f 653/653/655 1030/1030/1029 1029/1029/1028
f 1031/1031/1030 655/655/657 1015/1015/1014
f 1031/1031/1030 1030/1030/1029 653/653/655
f 653/653/655 655/655/657 1031/1031/1030
f 1032/1032/1031 1033/1033/1032 1034/1034/1033
f 1035/1035/1034 1033/1033/1032 1032/1032/1031
f 1036/1036/1035 1035/1035/1034 1032/1032/1031
f 1037/1037/1036 1036/1036/1035 1032/1032/1031
f 1038/1038/1037 650/650/652 1039/1039/1038
f 1039/1039/1038 1040/1040/1039 1038/1038/1037
f 1041/1041/1040 1040/1040/1039 1039/1039/1038
f 1042/1042/1041 1041/1041/1040 1039/1039/1038
f 1043/1043/1042 1042/1042/1041 1039/1039/1038
f 1039/1039/1038 650/650/652 1043/1043/1042
f 1044/1044/1043 1042/1042/1041 1043/1043/1042
f 1045/1045/1044 1044/1044/1043 1043/1043/1042
f 1033/1033/1032 1044/1044/1043 1045/1045/1044
f 1046/1046/1045 1033/1033/1032 1045/1045/1044
f 1034/1034/1033 1033/1033/1032 1046/1046/1045
f 1047/1047/1046 1034/1034/1033 1046/1046/1045
f 1048/1048/1047 1033/1033/1032 1035/1035/1034
f 1044/1044/1043 1033/1033/1032 1048/1048/1047
f 1049/1049/1048 1044/1044/1043 1048/1048/1047
f 1050/1050/1049 1051/1051/1050 1052/1052/1051
f 1051/1051/1050 1049/1049/1048 1052/1052/1051
f 1052/1052/1051 1049/1049/1048 1048/1048/1047
f 1053/1053/1052 1050/1050/1049 1052/1052/1051
f 1053/1053/1052 988/988/987 1054/1054/1053
f 1054/1054/1053 1050/1050/1049 1053/1053/1052
f 988/988/987 1055/1055/1054 1054/1054/1053
f 985/985/984 1055/1055/1054 988/988/987
f 1056/1056/1055 1055/1055/1054 985/985/984
f 985/985/984 984/984/983 1056/1056/1055
f 1054/1054/1053 1057/1057/1056 1050/1050/1049
f 1057/1057/1056 1055/1055/1054 1056/1056/1055
f 1050/1050/1049 1057/1057/1056 1056/1056/1055
f 1055/1055/1054 1057/1057/1056 1054/1054/1053
f 1052/1052/1051 1058/1058/1057 1053/1053/1052
f 1058/1058/1057 988/988/987 1053/1053/1052
f 1059/1059/1058 1058/1058/1057 1052/1052/1051
f 1048/1048/1047 1059/1059/1058 1052/1052/1051
f 1060/1060/1059 1059/1059/1058 1048/1048/1047
f 1060/1060/1059 1035/1035/1034 1036/1036/1035
f 1035/1035/1034 1060/1060/1059 1048/1048/1047
f 999/999/998 1061/1061/1060 996/996/995
f 1061/1061/1060 1062/1062/1061 996/996/995
f 996/996/995 1062/1062/1061 995/995/994
f 1002/1002/1001 1063/1063/1062 998/998/997
f 1002/1002/1001 1003/1003/1002 1063/1063/1062
f 1063/1063/1062 999/999/998 998/998/997
f 1063/1063/1062 1064/1064/1063 999/999/998
f 1064/1064/1063 1061/1061/1060 999/999/998
f 1043/1043/1042 1065/1065/1064 1045/1045/1044
f 650/650/652 1065/1065/1064 1043/1043/1042
f 1065/1065/1064 650/650/652 570/570/572
f 1046/1046/1045 1066/1066/1065 1047/1047/1046
f 1066/1066/1065 573/573/575 651/651/653
f 1047/1047/1046 1066/1066/1065 651/651/653
f 1067/1067/1066 1066/1066/1065 1046/1046/1045
f 1065/1065/1064 1067/1067/1066 1045/1045/1044
f 1065/1065/1064 570/570/572 1067/1067/1066
f 1067/1067/1066 573/573/575 1066/1066/1065
f 570/570/572 573/573/575 1067/1067/1066
f 1045/1045/1044 1067/1067/1066 1046/1046/1045
f 1068/1068/1067 1069/1069/1068 1070/1070/1069
f 1070/1070/1069 1069/1069/1068 1071/1071/1070
f 1072/1072/1071 1071/1071/1070 699/699/699
f 1072/1072/1071 699/699/699 698/698/698
f 1070/1070/1069 1071/1071/1070 1072/1072/1071
f 1068/1068/1067 1070/1070/1069 1073/1073/1072
f 1073/1073/1072 1070/1070/1069 1072/1072/1071
f 1073/1073/1072 568/568/570 1074/1074/1073
f 568/568/570 702/702/587 1074/1074/1073
f 1074/1074/1073 1068/1068/1067 1073/1073/1072
f 1075/1075/1074 568/568/570 1073/1073/1072
f 569/569/571 1075/1075/1074 698/698/698
f 1075/1075/1074 1072/1072/1071 698/698/698
f 568/568/570 1075/1075/1074 569/569/571
f 1072/1072/1071 1075/1075/1074 1073/1073/1072
f 978/978/977 1076/1076/1075 831/831/830
f 978/978/977 977/977/976 1077/1077/1076
f 1076/1076/1075 978/978/977 1077/1077/1076
f 1077/1077/1076 566/566/568 1076/1076/1075
f 1077/1077/1076 977/977/976 1078/1078/1077
f 991/991/990 992/992/991 1079/1079/1078
f 669/669/671 668/668/670 1080/1080/1079
f 992/992/991 995/995/994 1080/1080/1079
f 1079/1079/1078 992/992/991 1080/1080/1079
f 1081/1081/1080 991/991/990 1079/1079/1078
f 1080/1080/1079 1081/1081/1080 1079/1079/1078
f 1003/1003/1002 1082/1082/1081 1063/1063/1062
f 1003/1003/1002 1083/1083/1082 1082/1082/1081
f 1084/1084/1083 1083/1083/1082 677/677/677
f 1082/1082/1081 1083/1083/1082 1084/1084/1083
f 729/729/728 1084/1084/1083 677/677/677
f 586/586/588 1085/1085/1084 680/680/680
f 1086/1086/1085 1004/1004/1003 1085/1085/1084
f 1086/1086/1085 1085/1085/1084 586/586/588
f 1085/1085/1084 1004/1004/1003 1006/1006/1005
f 1083/1083/1082 1087/1087/1086 1088/1088/1087
f 1087/1087/1086 1004/1004/1003 1086/1086/1085
f 1003/1003/1002 1087/1087/1086 1083/1083/1082
f 1088/1088/1087 1087/1087/1086 1086/1086/1085
f 1001/1001/1000 1087/1087/1086 1003/1003/1002
f 1004/1004/1003 1087/1087/1086 1001/1001/1000
f 1089/1089/1088 1090/1090/1089 1091/1091/1090
f 1092/1092/1091 1090/1090/1089 1089/1089/1088
f 1093/1093/1092 1090/1090/1089 1092/1092/1091
f 1094/1094/1093 1093/1093/1092 1092/1092/1091
f 681/681/681 558/558/560 1095/1095/1094
f 1090/1090/1089 1093/1093/1092 1095/1095/1094
f 1095/1095/1094 1093/1093/1092 681/681/681
f 1095/1095/1094 558/558/560 1096/1096/1095
f 558/558/560 560/560/562 1096/1096/1095
f 1091/1091/1090 1090/1090/1089 1096/1096/1095
f 1096/1096/1095 560/560/562 686/686/686
f 1096/1096/1095 1090/1090/1089 1095/1095/1094
f 686/686/686 1091/1091/1090 1096/1096/1095
f 1097/1097/1096 1091/1091/1090 686/686/686
f 1089/1089/1088 1091/1091/1090 1097/1097/1096
f 1098/1098/1097 1089/1089/1088 1097/1097/1096
f 1099/1099/1098 975/975/974 1100/1100/1099
f 1100/1100/1099 1101/1101/1100 1099/1099/1098
f 1102/1102/1101 1101/1101/1100 1100/1100/1099
f 1103/1103/1102 1102/1102/1101 1100/1100/1099
f 974/974/973 1103/1103/1102 975/975/974
f 975/975/974 1103/1103/1102 1100/1100/1099
f 974/974/973 832/832/831 1104/1104/1103
f 832/832/831 831/831/830 1104/1104/1103
f 1105/1105/1104 1103/1103/1102 974/974/973
f 1103/1103/1102 1105/1105/1104 1102/1102/1101
f 1104/1104/1103 1105/1105/1104 974/974/973
f 563/563/565 1106/1106/1105 564/564/566
f 566/566/568 1106/1106/1105 563/563/565
f 1078/1078/1077 1106/1106/1105 1077/1077/1076
f 1106/1106/1105 566/566/568 1077/1077/1076
f 1106/1106/1105 1107/1107/1106 564/564/566
f 1107/1107/1106 664/664/666 564/564/566
f 1107/1107/1106 1106/1106/1105 1078/1078/1077
f 1108/1108/1107 1107/1107/1106 1078/1078/1077
f 991/991/990 664/664/666 1108/1108/1107
f 664/664/666 1107/1107/1106 1108/1108/1107
f 1078/1078/1077 977/977/976 1108/1108/1107
f 1108/1108/1107 980/980/979 991/991/990
f 977/977/976 980/980/979 1108/1108/1107
f 1081/1081/1080 1109/1109/1108 991/991/990
f 1109/1109/1108 662/662/664 991/991/990
f 668/668/670 1109/1109/1108 1080/1080/1079
f 1080/1080/1079 1109/1109/1108 1081/1081/1080
f 1110/1110/1109 1111/1111/1110 1112/1112/1111
f 1113/1113/1112 1114/1114/1113 1112/1112/1111
f 1112/1112/1111 1114/1114/1113 1110/1110/1109
f 1111/1111/1110 1115/1115/1114 1116/1116/1115
f 1116/1116/1115 1113/1113/1112 1112/1112/1111
f 1112/1112/1111 1111/1111/1110 1116/1116/1115
f 1115/1115/1114 1113/1113/1112 1116/1116/1115
f 668/668/670 666/666/668 1117/1117/1116
f 666/666/668 662/662/664 1117/1117/1116
f 1109/1109/1108 668/668/670 1117/1117/1116
f 1117/1117/1116 662/662/664 1109/1109/1108
f 584/584/586 583/583/585 1118/1118/1117
f 1118/1118/1117 585/585/587 584/584/586
f 1088/1088/1087 1086/1086/1085 1119/1119/1118
f 1119/1119/1118 1086/1086/1085 586/586/588
f 1083/1083/1082 1088/1088/1087 1119/1119/1118
f 677/677/677 1083/1083/1082 1119/1119/1118
f 586/586/588 588/588/590 1120/1120/1119
f 677/677/677 1119/1119/1118 1120/1120/1119
f 1120/1120/1119 1119/1119/1118 586/586/588
f 588/588/590 677/677/677 1120/1120/1119
f 1102/1102/1101 1105/1105/1104 1121/1121/1120
f 1121/1121/1120 1122/1122/1121 1102/1102/1101
f 1102/1102/1101 1122/1122/1121 1101/1101/1100
f 1122/1122/1121 1123/1123/1122 1101/1101/1100
f 595/595/597 1124/1124/1123 593/593/595
f 591/591/593 1124/1124/1123 859/859/858
f 593/593/595 1124/1124/1123 591/591/593
f 1124/1124/1123 595/595/597 857/857/856
f 859/859/858 1124/1124/1123 857/857/856
f 844/844/843 1125/1125/1124 847/847/846
f 846/846/845 1125/1125/1124 844/844/843
f 605/605/607 1125/1125/1124 846/846/845
f 1125/1125/1124 792/792/791 794/794/793
f 847/847/846 1125/1125/1124 794/794/793
f 1125/1125/1124 605/605/607 792/792/791
f 641/641/643 1126/1126/1125 640/640/642
f 1126/1126/1125 954/954/953 640/640/642
f 946/946/945 954/954/953 1126/1126/1125
f 644/644/646 646/646/648 1127/1127/1126
f 645/645/647 1127/1127/1126 897/897/896
f 897/897/896 1127/1127/1126 898/898/897
f 644/644/646 1127/1127/1126 645/645/647
f 1127/1127/1126 646/646/648 902/902/901
f 898/898/897 1127/1127/1126 902/902/901
f 902/902/901 646/646/648 1128/1128/1127
f 1128/1128/1127 646/646/648 647/647/649
f 902/902/901 1128/1128/1127 931/931/930
f 903/903/902 856/856/855 1129/1129/1128
f 1129/1129/1128 856/856/855 769/769/768
f 860/860/859 1130/1130/1129 861/861/860
f 858/858/857 1130/1130/1129 860/860/859
f 1130/1130/1129 925/925/924 916/916/915
f 925/925/924 1130/1130/1129 858/858/857
f 856/856/855 1131/1131/1130 858/858/857
f 1131/1131/1130 925/925/924 858/858/857
f 1131/1131/1130 856/856/855 904/904/903
f 1132/1132/1131 637/637/639 900/900/899
f 900/900/899 933/933/932 1132/1132/1131
f 1132/1132/1131 935/935/934 636/636/638
f 862/862/861 637/637/639 1132/1132/1131
f 636/636/638 862/862/861 1132/1132/1131
f 933/933/932 935/935/934 1132/1132/1131
f 1133/1133/1132 637/637/639 639/639/641
f 900/900/899 637/637/639 1133/1133/1132
f 931/931/930 1128/1128/1127 1134/1134/1133
f 1135/1135/1134 931/931/930 1134/1134/1133
f 1136/1136/1135 828/828/827 943/943/942
f 1136/1136/1135 829/829/828 828/828/827
f 890/890/889 896/896/895 1137/1137/1136
f 967/967/966 1137/1137/1136 955/955/954
f 1137/1137/1136 896/896/895 955/955/954
f 1138/1138/1137 969/969/968 952/952/951
f 1138/1138/1137 1137/1137/1136 967/967/966
f 952/952/951 829/829/828 1138/1138/1137
f 1139/1139/1138 969/969/968 1138/1138/1137
f 1139/1139/1138 1138/1138/1137 967/967/966
f 970/970/969 1139/1139/1138 966/966/965
f 966/966/965 1139/1139/1138 967/967/966
f 970/970/969 969/969/968 1139/1139/1138
f 948/948/947 968/968/967 1140/1140/1139
f 1140/1140/1139 968/968/967 843/843/842
f 1140/1140/1139 951/951/950 948/948/947
f 1141/1141/1140 1064/1064/1063 1063/1063/1062
f 1063/1063/1062 1082/1082/1081 1142/1142/1141
f 1142/1142/1141 1141/1141/1140 1063/1063/1062
f 995/995/994 1143/1143/1142 1080/1080/1079
f 1144/1144/1143 669/669/671 1080/1080/1079
f 1080/1080/1079 1143/1143/1142 1144/1144/1143
f 1113/1113/1112 1115/1115/1114 1145/1145/1144
f 1141/1141/1140 1145/1145/1144 1064/1064/1063
f 1115/1115/1114 1146/1146/1145 1145/1145/1144
f 1145/1145/1144 1147/1147/1146 1064/1064/1063
f 1145/1145/1144 1146/1146/1145 1147/1147/1146
f 1064/1064/1063 1147/1147/1146 1061/1061/1060
f 1061/1061/1060 1147/1147/1146 1062/1062/1061
f 1062/1062/1061 1147/1147/1146 1148/1148/1147
f 1148/1148/1147 1115/1115/1114 1111/1111/1110
f 1147/1147/1146 1146/1146/1145 1148/1148/1147
f 1146/1146/1145 1115/1115/1114 1148/1148/1147
f 1113/1113/1112 1145/1145/1144 1149/1149/1148
f 1149/1149/1148 1145/1145/1144 1141/1141/1140
f 1150/1150/1149 1113/1113/1112 1149/1149/1148
f 1151/1151/1150 975/975/974 1099/1099/1098
f 976/976/975 975/975/974 1151/1151/1150
f 1099/1099/1098 1101/1101/1100 1152/1152/1151
f 1101/1101/1100 1123/1123/1122 1152/1152/1151
f 1121/1121/1120 1105/1105/1104 1153/1153/1152
f 1153/1153/1152 1105/1105/1104 1154/1154/1153
f 1114/1114/1113 1113/1113/1112 1155/1155/1154
f 1155/1155/1154 1113/1113/1112 1150/1150/1149
f 1156/1156/1155 1121/1121/1120 1153/1153/1152
f 1157/1157/1156 1122/1122/1121 1121/1121/1120
f 1157/1157/1156 1121/1121/1120 1156/1156/1155
f 1158/1158/1157 819/819/818 849/849/848
f 957/957/956 1158/1158/1157 849/849/848
f 813/813/812 814/814/813 1159/1159/1158
f 1159/1159/1158 1160/1160/1159 920/920/919
f 814/814/813 1160/1160/1159 1159/1159/1158
f 814/814/813 815/815/814 1161/1161/1160
f 1161/1161/1160 815/815/814 816/816/815
f 814/814/813 1161/1161/1160 1160/1160/1159
f 1160/1160/1159 1162/1162/1161 920/920/919
f 1161/1161/1160 1163/1163/1162 1160/1160/1159
f 1160/1160/1159 1163/1163/1162 1162/1162/1161
f 1162/1162/1161 1163/1163/1162 1164/1164/1163
f 1162/1162/1161 1164/1164/1163 919/919/918
f 1163/1163/1162 1161/1161/1160 1164/1164/1163
f 1164/1164/1163 1161/1161/1160 816/816/815
f 1165/1165/1164 1162/1162/1161 919/919/918
f 920/920/919 1162/1162/1161 1165/1165/1164
f 1165/1165/1164 926/926/925 920/920/919
f 917/917/916 926/926/925 1165/1165/1164
f 919/919/918 917/917/916 1165/1165/1164
f 918/918/917 919/919/918 1166/1166/1165
f 919/919/918 1164/1164/1163 1166/1166/1165
f 888/888/887 879/879/878 1167/1167/1166
f 1138/1138/1137 1167/1167/1166 1137/1137/1136
f 829/829/828 1167/1167/1166 1138/1138/1137
f 1167/1167/1166 1168/1168/1167 1137/1137/1136
f 1168/1168/1167 877/877/876 890/890/889
f 879/879/878 877/877/876 1168/1168/1167
f 1167/1167/1166 879/879/878 1168/1168/1167
f 1168/1168/1167 890/890/889 1137/1137/1136
f 1133/1133/1132 1169/1169/1168 900/900/899
f 1169/1169/1168 897/897/896 900/900/899
f 940/940/939 938/938/937 1170/1170/1169
f 1170/1170/1169 1131/1131/1130 1171/1171/1170
f 940/940/939 1170/1170/1169 1171/1171/1170
f 1171/1171/1170 1131/1131/1130 904/904/903
f 911/911/910 940/940/939 1171/1171/1170
f 904/904/903 911/911/910 1171/1171/1170
f 924/924/923 923/923/922 1172/1172/1171
f 923/923/922 928/928/927 1173/1173/1172
f 1172/1172/1171 923/923/922 1173/1173/1172
f 928/928/927 929/929/928 1174/1174/1173
f 1173/1173/1172 928/928/927 1174/1174/1173
f 1175/1175/1174 931/931/930 1135/1135/1134
f 929/929/928 931/931/930 1175/1175/1174
f 1174/1174/1173 929/929/928 1175/1175/1174
f 925/925/924 1131/1131/1130 1176/1176/1175
f 927/927/926 925/925/924 1176/1176/1175
f 1131/1131/1130 1170/1170/1169 1176/1176/1175
f 930/930/929 927/927/926 1176/1176/1175
f 1176/1176/1175 932/932/931 930/930/929
f 1170/1170/1169 1177/1177/1176 1176/1176/1175
f 1177/1177/1176 934/934/933 932/932/931
f 1177/1177/1176 932/932/931 1176/1176/1175
f 1178/1178/1177 934/934/933 1177/1177/1176
f 1170/1170/1169 1178/1178/1177 1177/1177/1176
f 938/938/937 1178/1178/1177 1170/1170/1169
f 934/934/933 1178/1178/1177 942/942/941
f 1178/1178/1177 938/938/937 939/939/938
f 939/939/938 884/884/883 1179/1179/1178
f 942/942/941 1178/1178/1177 1179/1179/1178
f 1179/1179/1178 1178/1178/1177 939/939/938
f 1179/1179/1178 1180/1180/1179 942/942/941
f 884/884/883 1180/1180/1179 1179/1179/1178
f 1180/1180/1179 1136/1136/1135 943/943/942
f 1180/1180/1179 943/943/942 942/942/941
f 825/825/824 946/946/945 1181/1181/1180
f 1182/1182/1181 1136/1136/1135 1180/1180/1179
f 884/884/883 1182/1182/1181 1180/1180/1179
f 884/884/883 888/888/887 1182/1182/1181
f 888/888/887 1167/1167/1166 1182/1182/1181
f 1167/1167/1166 829/829/828 1182/1182/1181
f 1182/1182/1181 829/829/828 1136/1136/1135
f 1183/1183/1182 976/976/975 1151/1151/1150
f 1184/1184/1183 1185/1185/1184 1186/1186/1185
f 1051/1051/1050 1186/1186/1185 1049/1049/1048
f 1184/1184/1183 1186/1186/1185 1051/1051/1050
f 1044/1044/1043 1186/1186/1185 1042/1042/1041
f 1049/1049/1048 1186/1186/1185 1044/1044/1043
f 1187/1187/1186 1185/1185/1184 1184/1184/1183
f 1188/1188/1187 1187/1187/1186 1184/1184/1183
f 1069/1069/1068 1189/1189/1188 1071/1071/1070
f 1190/1190/1189 1189/1189/1188 1191/1191/1190
f 1191/1191/1190 1185/1185/1184 1187/1187/1186
f 1189/1189/1188 1192/1192/1191 1191/1191/1190
f 1068/1068/1067 1192/1192/1191 1069/1069/1068
f 1192/1192/1191 1189/1189/1188 1069/1069/1068
f 1191/1191/1190 1192/1192/1191 1185/1185/1184
f 1071/1071/1070 1189/1189/1188 1193/1193/1192
f 1042/1042/1041 1194/1194/1193 1041/1041/1040
f 1195/1195/1194 1192/1192/1191 1068/1068/1067
f 1196/1196/1195 1068/1068/1067 1074/1074/1073
f 1196/1196/1195 1195/1195/1194 1068/1068/1067
f 1194/1194/1193 1195/1195/1194 1196/1196/1195
f 1197/1197/1196 1196/1196/1195 1074/1074/1073
f 1194/1194/1193 1196/1196/1195 1197/1197/1196
f 1041/1041/1040 1194/1194/1193 1197/1197/1196
f 1198/1198/1197 1194/1194/1193 1042/1042/1041
f 1198/1198/1197 1195/1195/1194 1194/1194/1193
f 1186/1186/1185 1198/1198/1197 1042/1042/1041
f 1186/1186/1185 1185/1185/1184 1198/1198/1197
f 1185/1185/1184 1192/1192/1191 1198/1198/1197
f 1192/1192/1191 1195/1195/1194 1198/1198/1197
f 835/835/834 833/833/832 1199/1199/1198
f 1199/1199/1198 1184/1184/1183 1051/1051/1050
f 1184/1184/1183 1200/1200/1199 1188/1188/1187
f 1200/1200/1199 976/976/975 1188/1188/1187
f 833/833/832 832/832/831 1200/1200/1199
f 1200/1200/1199 973/973/972 976/976/975
f 1200/1200/1199 1184/1184/1183 1199/1199/1198
f 833/833/832 1200/1200/1199 1199/1199/1198
f 832/832/831 973/973/972 1200/1200/1199
f 1201/1201/1200 835/835/834 1199/1199/1198
f 1201/1201/1200 981/981/980 835/835/834
f 1202/1202/1201 1201/1201/1200 1199/1199/1198
f 1051/1051/1050 1202/1202/1201 1199/1199/1198
f 1050/1050/1049 1202/1202/1201 1051/1051/1050
f 1056/1056/1055 1202/1202/1201 1050/1050/1049
f 1104/1104/1103 831/831/830 1203/1203/1202
f 1203/1203/1202 1105/1105/1104 1104/1104/1103
f 1154/1154/1153 1105/1105/1104 1203/1203/1202
f 1056/1056/1055 1204/1204/1203 1202/1202/1201
f 1202/1202/1201 1204/1204/1203 1201/1201/1200
f 1204/1204/1203 989/989/988 981/981/980
f 1204/1204/1203 981/981/980 1201/1201/1200
f 831/831/830 1076/1076/1075 1205/1205/1204
f 1206/1206/1205 989/989/988 1204/1204/1203
f 1056/1056/1055 1206/1206/1205 1204/1204/1203
f 984/984/983 1206/1206/1205 1056/1056/1055
f 1207/1207/1206 1021/1021/1020 1023/1023/1022
f 983/983/982 1021/1021/1020 1208/1208/1207
f 1208/1208/1207 1021/1021/1020 1207/1207/1206
f 984/984/983 983/983/982 1208/1208/1207
f 993/993/992 989/989/988 1209/1209/1208
f 1206/1206/1205 984/984/983 1209/1209/1208
f 1209/1209/1208 984/984/983 1208/1208/1207
f 989/989/988 1206/1206/1205 1209/1209/1208
f 1209/1209/1208 1210/1210/1209 993/993/992
f 1210/1210/1209 997/997/996 993/993/992
f 1208/1208/1207 1211/1211/1210 1209/1209/1208
f 1211/1211/1210 1210/1210/1209 1209/1209/1208
f 1207/1207/1206 1211/1211/1210 1208/1208/1207
f 997/997/996 1210/1210/1209 1212/1212/1211
f 1212/1212/1211 998/998/997 997/997/996
f 1210/1210/1209 1211/1211/1210 1212/1212/1211
f 1031/1031/1030 1015/1015/1014 1212/1212/1211
f 1211/1211/1210 1031/1031/1030 1212/1212/1211
f 1009/1009/1008 1005/1005/1004 1213/1213/1212
f 1011/1011/1010 1009/1009/1008 1213/1213/1212
f 1015/1015/1014 1011/1011/1010 1213/1213/1212
f 1213/1213/1212 998/998/997 1212/1212/1211
f 1005/1005/1004 1000/1000/999 1213/1213/1212
f 1000/1000/999 1002/1002/1001 1213/1213/1212
f 1213/1213/1212 1002/1002/1001 998/998/997
f 1015/1015/1014 1213/1213/1212 1212/1212/1211
f 1214/1214/1213 1030/1030/1029 1031/1031/1030
f 1023/1023/1022 1214/1214/1213 1207/1207/1206
f 1030/1030/1029 1214/1214/1213 1023/1023/1022
f 1211/1211/1210 1214/1214/1213 1031/1031/1030
f 1207/1207/1206 1214/1214/1213 1211/1211/1210
f 995/995/994 1215/1215/1214 1143/1143/1142
f 1062/1062/1061 1215/1215/1214 995/995/994
f 1216/1216/1215 1197/1197/1196 1074/1074/1073
f 702/702/587 1216/1216/1215 1074/1074/1073
f 1217/1217/1216 1118/1118/1117 583/583/585
f 1218/1218/1217 1118/1118/1117 1217/1217/1216
f 1219/1219/1218 1218/1218/1217 1217/1217/1216
f 1219/1219/1218 1217/1217/1216 1010/1010/1009
f 1012/1012/1011 1219/1219/1218 1010/1010/1009
f 1014/1014/1013 1219/1219/1218 1012/1012/1011
f 585/585/587 1118/1118/1117 1220/1220/1219
f 1220/1220/1219 1218/1218/1217 1219/1219/1218
f 1118/1118/1117 1218/1218/1217 1220/1220/1219
f 1220/1220/1219 1219/1219/1218 1014/1014/1013
f 1019/1019/1018 1220/1220/1219 1014/1014/1013
f 1217/1217/1216 583/583/585 1221/1221/1220
f 1010/1010/1009 1217/1217/1216 1221/1221/1220
f 1221/1221/1220 583/583/585 728/728/727
f 1222/1222/1221 1111/1111/1110 1110/1110/1109
f 1223/1223/1222 1114/1114/1113 1155/1155/1154
f 1114/1114/1113 1223/1223/1222 1110/1110/1109
f 1224/1224/1223 1223/1223/1222 1155/1155/1154
f 1225/1225/1224 1223/1223/1222 1224/1224/1223
f 1110/1110/1109 1226/1226/1225 1222/1222/1221
f 1226/1226/1225 1223/1223/1222 1225/1225/1224
f 1223/1223/1222 1226/1226/1225 1110/1110/1109
f 1222/1222/1221 1226/1226/1225 1227/1227/1226
f 1227/1227/1226 1226/1226/1225 1225/1225/1224
f 1228/1228/1227 1157/1157/1156 1156/1156/1155
f 1229/1229/1228 1157/1157/1156 1228/1228/1227
f 1230/1230/1229 1122/1122/1121 1157/1157/1156
f 1230/1230/1229 1157/1157/1156 1229/1229/1228
f 1123/1123/1122 1122/1122/1121 1230/1230/1229
f 1231/1231/1230 1230/1230/1229 1229/1229/1228
f 1152/1152/1151 1123/1123/1122 1232/1232/1231
f 1123/1123/1122 1230/1230/1229 1232/1232/1231
f 1232/1232/1231 1230/1230/1229 1231/1231/1230
f 600/600/602 602/602/604 1233/1233/1232
f 598/598/600 600/600/602 1233/1233/1232
f 1234/1234/1233 598/598/600 1233/1233/1232
f 1233/1233/1232 602/602/604 1234/1234/1233
f 1175/1175/1174 1135/1135/1134 1235/1235/1234
f 598/598/600 1234/1234/1233 1235/1235/1234
f 1234/1234/1233 1236/1236/1235 1235/1235/1234
f 1237/1237/1236 1175/1175/1174 1235/1235/1234
f 1173/1173/1172 1174/1174/1173 1237/1237/1236
f 1235/1235/1234 1236/1236/1235 1237/1237/1236
f 1174/1174/1173 1175/1175/1174 1237/1237/1236
f 1236/1236/1235 1234/1234/1233 1238/1238/1237
f 1234/1234/1233 602/602/604 1238/1238/1237
f 1237/1237/1236 1238/1238/1237 1173/1173/1172
f 1236/1236/1235 1238/1238/1237 1237/1237/1236
f 1173/1173/1172 1239/1239/1238 1172/1172/1171
f 1238/1238/1237 602/602/604 1239/1239/1238
f 1238/1238/1237 1239/1239/1238 1173/1173/1172
f 1239/1239/1238 602/602/604 784/784/783
f 1190/1190/1189 1191/1191/1190 1240/1240/1239
f 1089/1089/1088 1098/1098/1097 1240/1240/1239
f 1098/1098/1097 1190/1190/1189 1240/1240/1239
f 1241/1241/1240 1187/1187/1186 1188/1188/1187
f 1241/1241/1240 1191/1191/1190 1187/1187/1186
f 1240/1240/1239 1191/1191/1190 1241/1241/1240
f 1092/1092/1091 1089/1089/1088 1241/1241/1240
f 1241/1241/1240 1089/1089/1088 1240/1240/1239
f 1183/1183/1182 1094/1094/1093 1242/1242/1241
f 1242/1242/1241 1241/1241/1240 1188/1188/1187
f 1188/1188/1187 976/976/975 1242/1242/1241
f 976/976/975 1183/1183/1182 1242/1242/1241
f 1242/1242/1241 1092/1092/1091 1241/1241/1240
f 1094/1094/1093 1092/1092/1091 1242/1242/1241
f 1193/1193/1192 1189/1189/1188 1243/1243/1242
f 1243/1243/1242 1189/1189/1188 1190/1190/1189
f 1244/1244/1243 838/838/837 750/750/749
f 750/750/749 747/747/746 1244/1244/1243
f 1244/1244/1243 836/836/835 838/838/837
f 842/842/841 836/836/835 1244/1244/1243
f 747/747/746 842/842/841 1244/1244/1243
f 1245/1245/1244 598/598/600 1235/1235/1234
f 1235/1235/1234 1135/1135/1134 1245/1245/1244
f 596/596/598 598/598/600 1245/1245/1244
f 1246/1246/1245 1247/1247/1246 1248/1248/1247
f 1249/1249/1248 1246/1246/1245 1248/1248/1247
f 1249/1249/1248 1248/1248/1247 1250/1250/1249
f 1248/1248/1247 1251/1251/1250 1250/1250/1249
f 1251/1251/1250 1252/1252/1251 1250/1250/1249
f 1253/1253/1252 1249/1249/1248 1250/1250/1249
f 1250/1250/1249 1252/1252/1251 1254/1254/1253
f 1254/1254/1253 1253/1253/1252 1250/1250/1249
f 1255/1255/1254 1256/1256/1255 1257/1257/1256
f 1258/1258/1257 1259/1259/1258 1247/1247/1246
f 1260/1260/1259 1259/1259/1258 1258/1258/1257
f 1246/1246/1245 1258/1258/1257 1247/1247/1246
f 1261/1261/1260 1260/1260/1259 1258/1258/1257
f 1262/1262/1261 1260/1260/1259 1261/1261/1260
f 1263/1263/1262 1262/1262/1261 1261/1261/1260
f 1264/1264/1263 1263/1263/1262 1261/1261/1260
f 1265/1265/1264 1263/1263/1262 1264/1264/1263
f 1266/1266/1265 1265/1265/1264 1264/1264/1263
f 1267/1267/1266 1266/1266/1265 1264/1264/1263
f 1268/1268/1267 1266/1266/1265 1267/1267/1266
f 1269/1269/1268 1268/1268/1267 1267/1267/1266
f 1270/1270/1269 1269/1269/1268 1267/1267/1266
f 1271/1271/1270 1269/1269/1268 1270/1270/1269
f 1272/1272/1271 1271/1271/1270 1270/1270/1269
f 1273/1273/1272 1272/1272/1271 1270/1270/1269
f 1273/1273/1272 1261/1261/1260 1258/1258/1257
f 1258/1258/1257 1274/1274/1273 1273/1273/1272
f 1246/1246/1245 1274/1274/1273 1258/1258/1257
f 1274/1274/1273 1272/1272/1271 1273/1273/1272
f 1274/1274/1273 1246/1246/1245 1249/1249/1248
f 1267/1267/1266 1275/1275/1274 1270/1270/1269
f 1275/1275/1274 1261/1261/1260 1273/1273/1272
f 1261/1261/1260 1275/1275/1274 1264/1264/1263
f 1270/1270/1269 1275/1275/1274 1273/1273/1272
f 1264/1264/1263 1275/1275/1274 1267/1267/1266
f 1263/1263/1262 1276/1276/1275 1262/1262/1261
f 1277/1277/1276 1276/1276/1275 1263/1263/1262
f 1265/1265/1264 1277/1277/1276 1263/1263/1262
f 1266/1266/1265 1278/1278/1277 1265/1265/1264
f 1278/1278/1277 1277/1277/1276 1265/1265/1264
f 1268/1268/1267 1279/1279/1278 1266/1266/1265
f 1279/1279/1278 1278/1278/1277 1266/1266/1265
f 1280/1280/1279 1279/1279/1278 1268/1268/1267
f 1281/1281/1280 1280/1280/1279 1268/1268/1267
f 1282/1282/1281 1280/1280/1279 1281/1281/1280
f 1283/1283/1282 1282/1282/1281 1281/1281/1280
f 1284/1284/1283 1282/1282/1281 1283/1283/1282
f 1285/1285/1284 1282/1282/1281 1284/1284/1283
f 1286/1286/1285 1285/1285/1284 1284/1284/1283
f 1287/1287/1286 1285/1285/1284 1286/1286/1285
f 1288/1288/1287 1287/1287/1286 1286/1286/1285
f 1289/1289/1288 1288/1288/1287 1286/1286/1285
f 1278/1278/1277 1290/1290/1289 1277/1277/1276
f 1277/1277/1276 1290/1290/1289 1276/1276/1275
f 1290/1290/1289 1291/1291/1290 1276/1276/1275
f 1279/1279/1278 1292/1292/1291 1278/1278/1277
f 1292/1292/1291 1290/1290/1289 1278/1278/1277
f 1280/1280/1279 1293/1293/1292 1279/1279/1278
f 1293/1293/1292 1292/1292/1291 1279/1279/1278
f 1294/1294/1293 1293/1293/1292 1280/1280/1279
f 1285/1285/1284 1294/1294/1293 1282/1282/1281
f 1282/1282/1281 1294/1294/1293 1280/1280/1279
f 1287/1287/1286 1295/1295/1294 1285/1285/1284
f 1294/1294/1293 1295/1295/1294 1293/1293/1292
f 1295/1295/1294 1294/1294/1293 1285/1285/1284
f 1296/1296/1295 1295/1295/1294 1287/1287/1286
f 1297/1297/1296 1296/1296/1295 1287/1287/1286
f 1288/1288/1287 1297/1297/1296 1287/1287/1286
f 1296/1296/1295 1298/1298/1297 1295/1295/1294
f 1295/1295/1294 1298/1298/1297 1293/1293/1292
f 1298/1298/1297 1296/1296/1295 1291/1291/1290
f 1290/1290/1289 1298/1298/1297 1291/1291/1290
f 1292/1292/1291 1298/1298/1297 1290/1290/1289
f 1293/1293/1292 1298/1298/1297 1292/1292/1291
f 1299/1299/1298 1300/1300/1299 1301/1301/1300
f 1302/1302/1301 1300/1300/1299 1299/1299/1298
f 1303/1303/1302 1302/1302/1301 1299/1299/1298
f 1301/1301/1300 1304/1304/1303 1299/1299/1298
f 1304/1304/1303 1305/1305/1304 1299/1299/1298
f 1299/1299/1298 1305/1305/1304 1303/1303/1302
f 1306/1306/1305 1274/1274/1273 1249/1249/1248
f 1272/1272/1271 1274/1274/1273 1306/1306/1305
f 1306/1306/1305 1249/1249/1248 1253/1253/1252
f 1307/1307/1306 1272/1272/1271 1306/1306/1305
f 1272/1272/1271 1307/1307/1306 1271/1271/1270
f 1307/1307/1306 1306/1306/1305 1308/1308/1307
f 1308/1308/1307 1306/1306/1305 1253/1253/1252
f 1309/1309/1308 1307/1307/1306 1308/1308/1307
f 1271/1271/1270 1310/1310/1309 1269/1269/1268
f 1307/1307/1306 1310/1310/1309 1271/1271/1270
f 1310/1310/1309 1307/1307/1306 1309/1309/1308
f 1311/1311/1310 1310/1310/1309 1309/1309/1308
f 1312/1312/1311 1310/1310/1309 1311/1311/1310
f 1310/1310/1309 1312/1312/1311 1269/1269/1268
f 1269/1269/1268 1312/1312/1311 1268/1268/1267
f 1313/1313/1312 1312/1312/1311 1311/1311/1310
f 1314/1314/1313 1312/1312/1311 1313/1313/1312
f 1312/1312/1311 1314/1314/1313 1268/1268/1267
f 1268/1268/1267 1314/1314/1313 1281/1281/1280
f 1315/1315/1314 1314/1314/1313 1313/1313/1312
f 1316/1316/1315 1314/1314/1313 1315/1315/1314
f 1281/1281/1280 1316/1316/1315 1283/1283/1282
f 1314/1314/1313 1316/1316/1315 1281/1281/1280
f 1317/1317/1316 1316/1316/1315 1315/1315/1314
f 1283/1283/1282 1318/1318/1317 1284/1284/1283
f 1316/1316/1315 1318/1318/1317 1283/1283/1282
f 1318/1318/1317 1316/1316/1315 1317/1317/1316
f 1319/1319/1318 1253/1253/1252 1254/1254/1253
f 1320/1320/1319 1253/1253/1252 1319/1319/1318
f 1308/1308/1307 1253/1253/1252 1321/1321/1320
f 1321/1321/1320 1253/1253/1252 1320/1320/1319
f 1309/1309/1308 1308/1308/1307 1321/1321/1320
f 1322/1322/1321 1309/1309/1308 1321/1321/1320
f 1311/1311/1310 1309/1309/1308 1322/1322/1321
f 1313/1313/1312 1311/1311/1310 1322/1322/1321
f 1323/1323/1322 1313/1313/1312 1322/1322/1321
f 1317/1317/1316 1315/1315/1314 1323/1323/1322
f 1315/1315/1314 1313/1313/1312 1323/1323/1322
f 1324/1324/1323 1317/1317/1316 1323/1323/1322
f 1325/1325/1324 1318/1318/1317 1317/1317/1316
f 1325/1325/1324 1317/1317/1316 1324/1324/1323
f 1326/1326/1325 1325/1325/1324 1324/1324/1323
f 1327/1327/1326 1326/1326/1325 1324/1324/1323
f 1328/1328/1327 1327/1327/1326 1324/1324/1323
f 1329/1329/1328 1320/1320/1319 1328/1328/1327
f 1324/1324/1323 1323/1323/1322 1329/1329/1328
f 1323/1323/1322 1322/1322/1321 1329/1329/1328
f 1321/1321/1320 1320/1320/1319 1329/1329/1328
f 1322/1322/1321 1321/1321/1320 1329/1329/1328
f 1329/1329/1328 1328/1328/1327 1324/1324/1323
f 1286/1286/1285 1330/1330/1329 1289/1289/1288
f 1284/1284/1283 1330/1330/1329 1286/1286/1285
f 1326/1326/1325 1330/1330/1329 1325/1325/1324
f 1318/1318/1317 1330/1330/1329 1284/1284/1283
f 1330/1330/1329 1318/1318/1317 1325/1325/1324
f 1289/1289/1288 1330/1330/1329 1326/1326/1325
f 1331/1331/1330 1332/1332/1331 1333/1333/1332
f 1334/1334/1333 1332/1332/1331 1331/1331/1330
f 1334/1334/1333 1256/1256/1255 1255/1255/1254
f 1256/1256/1255 1334/1334/1333 1335/1335/1334
f 1335/1335/1334 1334/1334/1333 1336/1336/1335
f 1257/1257/1256 1256/1256/1255 1337/1337/1336
f 1338/1338/1337 1256/1256/1255 1335/1335/1334
f 1337/1337/1336 1256/1256/1255 1338/1338/1337
f 1332/1332/1331 1334/1334/1333 1339/1339/1338
f 1339/1339/1338 1334/1334/1333 1255/1255/1254
f 1333/1333/1332 1332/1332/1331 1340/1340/1339
f 1340/1340/1339 1332/1332/1331 1339/1339/1338
f 1341/1341/1340 1333/1333/1332 1340/1340/1339
f 1342/1342/1341 1333/1333/1332 1341/1341/1340
f 1343/1343/1342 1342/1342/1341 1341/1341/1340
f 1339/1339/1338 1255/1255/1254 1344/1344/1343
f 1340/1340/1339 1339/1339/1338 1345/1345/1344
f 1345/1345/1344 1339/1339/1338 1344/1344/1343
f 1341/1341/1340 1340/1340/1339 1346/1346/1345
f 1346/1346/1345 1340/1340/1339 1345/1345/1344
f 1347/1347/1346 1341/1341/1340 1346/1346/1345
f 1343/1343/1342 1341/1341/1340 1347/1347/1346
f 1348/1348/1347 1343/1343/1342 1347/1347/1346
f 1349/1349/1348 1343/1343/1342 1348/1348/1347
f 1350/1350/1349 1349/1349/1348 1348/1348/1347
f 1351/1351/1350 1350/1350/1349 1348/1348/1347
f 1352/1352/1351 1351/1351/1350 1348/1348/1347
f 1353/1353/1352 1351/1351/1350 1352/1352/1351
f 1354/1354/1353 1353/1353/1352 1352/1352/1351
f 1355/1355/1354 1353/1353/1352 1354/1354/1353
f 1356/1356/1355 1355/1355/1354 1354/1354/1353
f 1357/1357/1356 1355/1355/1354 1356/1356/1355
f 1255/1255/1254 1257/1257/1256 1358/1358/1357
f 1344/1344/1343 1255/1255/1254 1358/1358/1357
f 1344/1344/1343 1358/1358/1357 1359/1359/1358
f 1345/1345/1344 1344/1344/1343 1360/1360/1359
f 1360/1360/1359 1344/1344/1343 1359/1359/1358
f 1347/1347/1346 1346/1346/1345 1361/1361/1360
f 1346/1346/1345 1345/1345/1344 1361/1361/1360
f 1361/1361/1360 1345/1345/1344 1360/1360/1359
f 1362/1362/1361 1347/1347/1346 1361/1361/1360
f 1348/1348/1347 1347/1347/1346 1362/1362/1361
f 1352/1352/1351 1348/1348/1347 1363/1363/1362
f 1363/1363/1362 1348/1348/1347 1362/1362/1361
f 1364/1364/1363 1352/1352/1351 1363/1363/1362
f 1356/1356/1355 1354/1354/1353 1364/1364/1363
f 1354/1354/1353 1352/1352/1351 1364/1364/1363
f 1365/1365/1364 1356/1356/1355 1364/1364/1363
f 1366/1366/1365 1357/1357/1356 1356/1356/1355
f 1366/1366/1365 1356/1356/1355 1365/1365/1364
f 1367/1367/1366 1366/1366/1365 1365/1365/1364
f 1368/1368/1367 1366/1366/1365 1367/1367/1366
f 1369/1369/1368 1368/1368/1367 1367/1367/1366
f 1369/1369/1368 1360/1360/1359 1359/1359/1358
f 1370/1370/1369 1360/1360/1359 1369/1369/1368
f 1361/1361/1360 1360/1360/1359 1370/1370/1369
f 1362/1362/1361 1361/1361/1360 1370/1370/1369
f 1371/1371/1370 1362/1362/1361 1370/1370/1369
f 1367/1367/1366 1371/1371/1370 1369/1369/1368
f 1369/1369/1368 1371/1371/1370 1370/1370/1369
f 1362/1362/1361 1371/1371/1370 1363/1363/1362
f 1365/1365/1364 1372/1372/1371 1367/1367/1366
f 1364/1364/1363 1372/1372/1371 1365/1365/1364
f 1372/1372/1371 1371/1371/1370 1367/1367/1366
f 1363/1363/1362 1372/1372/1371 1364/1364/1363
f 1371/1371/1370 1372/1372/1371 1363/1363/1362
f 1373/1373/1372 1368/1368/1367 1369/1369/1368
f 1359/1359/1358 1373/1373/1372 1369/1369/1368
f 1359/1359/1358 1358/1358/1357 1374/1374/1373
f 1358/1358/1357 1257/1257/1256 1374/1374/1373
f 1375/1375/1374 1373/1373/1372 1359/1359/1358
f 1374/1374/1373 1375/1375/1374 1359/1359/1358
f 1376/1376/1375 1357/1357/1356 1366/1366/1365
f 1368/1368/1367 1377/1377/1376 1366/1366/1365
f 1366/1366/1365 1378/1378/1377 1376/1376/1375
f 1377/1377/1376 1378/1378/1377 1366/1366/1365
f 1373/1373/1372 1379/1379/1378 1368/1368/1367
f 1379/1379/1378 1377/1377/1376 1368/1368/1367
f 1380/1380/1379 1379/1379/1378 1373/1373/1372
f 1375/1375/1374 1380/1380/1379 1373/1373/1372
f 1381/1381/1380 1382/1382/1381 1383/1383/1382
f 1384/1384/1383 1382/1382/1381 1381/1381/1380
f 1385/1385/1384 1384/1384/1383 1381/1381/1380
f 1386/1386/1385 1385/1385/1384 1381/1381/1380
f 1383/1383/1382 1386/1386/1385 1381/1381/1380
f 1387/1387/1386 1386/1386/1385 1383/1383/1382
f 1388/1388/1387 1387/1387/1386 1383/1383/1382
f 1378/1378/1377 1388/1388/1387 1376/1376/1375
f 1389/1389/1388 1390/1390/1389 1391/1391/1390
f 1392/1392/1391 1390/1390/1389 1389/1389/1388
f 1392/1392/1391 1393/1393/1392 1390/1390/1389
f 1394/1394/1393 1392/1392/1391 1389/1389/1388
f 1395/1395/1394 1392/1392/1391 1394/1394/1393
f 1394/1394/1393 1350/1350/1349 1395/1395/1394
f 1350/1350/1349 1351/1351/1350 1395/1395/1394
f 1396/1396/1395 1393/1393/1392 1392/1392/1391
f 1396/1396/1395 1392/1392/1391 1395/1395/1394
f 1351/1351/1350 1353/1353/1352 1397/1397/1396
f 1397/1397/1396 1396/1396/1395 1395/1395/1394
f 1395/1395/1394 1351/1351/1350 1397/1397/1396
f 1397/1397/1396 1353/1353/1352 1398/1398/1397
f 1353/1353/1352 1355/1355/1354 1398/1398/1397
f 1398/1398/1397 1396/1396/1395 1397/1397/1396
f 1385/1385/1384 1399/1399/1398 1384/1384/1383
f 1400/1400/1399 1399/1399/1398 1385/1385/1384
f 1401/1401/1400 1396/1396/1395 1398/1398/1397
f 1401/1401/1400 1393/1393/1392 1396/1396/1395
f 1400/1400/1399 1393/1393/1392 1401/1401/1400
f 1399/1399/1398 1400/1400/1399 1401/1401/1400
f 1402/1402/1401 1399/1399/1398 1401/1401/1400
f 1398/1398/1397 1355/1355/1354 1402/1402/1401
f 1402/1402/1401 1401/1401/1400 1398/1398/1397
f 1355/1355/1354 1357/1357/1356 1402/1402/1401
f 1399/1399/1398 1403/1403/1402 1384/1384/1383
f 1357/1357/1356 1376/1376/1375 1403/1403/1402
f 1403/1403/1402 1376/1376/1375 1382/1382/1381
f 1403/1403/1402 1399/1399/1398 1402/1402/1401
f 1402/1402/1401 1357/1357/1356 1403/1403/1402
f 1384/1384/1383 1403/1403/1402 1382/1382/1381
f 1389/1389/1388 1404/1404/1403 1394/1394/1393
f 1404/1404/1403 1350/1350/1349 1394/1394/1393
f 1404/1404/1403 1349/1349/1348 1350/1350/1349
f 1391/1391/1390 1405/1405/1404 1389/1389/1388
f 1405/1405/1404 1404/1404/1403 1389/1389/1388
f 1406/1406/1405 1405/1405/1404 1391/1391/1390
f 1407/1407/1406 1408/1408/1407 1406/1406/1405
f 1391/1391/1390 1390/1390/1389 1409/1409/1408
f 1409/1409/1408 1406/1406/1405 1391/1391/1390
f 1410/1410/1409 1407/1407/1406 1406/1406/1405
f 1410/1410/1409 1406/1406/1405 1409/1409/1408
f 1411/1411/1410 1349/1349/1348 1404/1404/1403
f 1405/1405/1404 1411/1411/1410 1404/1404/1403
f 1412/1412/1411 1411/1411/1410 1405/1405/1404
f 1406/1406/1405 1412/1412/1411 1405/1405/1404
f 1408/1408/1407 1412/1412/1411 1406/1406/1405
f 1412/1412/1411 1413/1413/1412 1411/1411/1410
f 1349/1349/1348 1413/1413/1412 1343/1343/1342
f 1343/1343/1342 1413/1413/1412 1342/1342/1341
f 1411/1411/1410 1413/1413/1412 1349/1349/1348
f 1331/1331/1330 1414/1414/1413 1408/1408/1407
f 1333/1333/1332 1414/1414/1413 1331/1331/1330
f 1413/1413/1412 1414/1414/1413 1342/1342/1341
f 1408/1408/1407 1414/1414/1413 1412/1412/1411
f 1414/1414/1413 1413/1413/1412 1412/1412/1411
f 1342/1342/1341 1414/1414/1413 1333/1333/1332
f 1415/1415/1414 1297/1297/1296 1288/1288/1287
f 1415/1415/1414 1288/1288/1287 1289/1289/1288
f 1416/1416/1415 1302/1302/1301 1303/1303/1302
f 1276/1276/1275 1291/1291/1290 1416/1416/1415
f 1305/1305/1304 1416/1416/1415 1303/1303/1302
f 1291/1291/1290 1417/1417/1416 1416/1416/1415
f 1417/1417/1416 1302/1302/1301 1416/1416/1415
f 1296/1296/1295 1297/1297/1296 1417/1417/1416
f 1291/1291/1290 1296/1296/1295 1417/1417/1416
f 1297/1297/1296 1415/1415/1414 1418/1418/1417
f 1300/1300/1299 1302/1302/1301 1418/1418/1417
f 1415/1415/1414 1300/1300/1299 1418/1418/1417
f 1418/1418/1417 1302/1302/1301 1417/1417/1416
f 1417/1417/1416 1297/1297/1296 1418/1418/1417
f 1276/1276/1275 1416/1416/1415 1419/1419/1418
f 1419/1419/1418 1416/1416/1415 1305/1305/1304
f 1262/1262/1261 1276/1276/1275 1420/1420/1419
f 1420/1420/1419 1276/1276/1275 1419/1419/1418
f 1421/1421/1420 1262/1262/1261 1420/1420/1419
f 1260/1260/1259 1262/1262/1261 1421/1421/1420
f 1259/1259/1258 1260/1260/1259 1422/1422/1421
f 1422/1422/1421 1260/1260/1259 1421/1421/1420
f 1247/1247/1246 1259/1259/1258 1423/1423/1422
f 1423/1423/1422 1259/1259/1258 1422/1422/1421
f 1424/1424/1423 1247/1247/1246 1423/1423/1422
f 1248/1248/1247 1247/1247/1246 1424/1424/1423
f 1334/1334/1333 1331/1331/1330 1425/1425/1424
f 1425/1425/1424 1408/1408/1407 1407/1407/1406
f 1336/1336/1335 1334/1334/1333 1425/1425/1424
f 1331/1331/1330 1408/1408/1407 1425/1425/1424
f 1426/1426/1425 1382/1382/1381 1376/1376/1375
f 1376/1376/1375 1388/1388/1387 1426/1426/1425
f 1388/1388/1387 1383/1383/1382 1426/1426/1425
f 1383/1383/1382 1382/1382/1381 1426/1426/1425
f 1374/1374/1373 1427/1427/1426 1375/1375/1374
f 1427/1427/1426 1380/1380/1379 1375/1375/1374
f 1428/1428/1427 1427/1427/1426 1374/1374/1373
f 1257/1257/1256 1428/1428/1427 1374/1374/1373
f 1429/1429/1428 1400/1400/1399 1385/1385/1384
f 1409/1409/1408 1390/1390/1389 1429/1429/1428
f 1390/1390/1389 1393/1393/1392 1429/1429/1428
f 1393/1393/1392 1400/1400/1399 1429/1429/1428
f 1430/1430/1429 1431/1431/1430 1432/1432/1431
f 1433/1433/1432 1434/1434/1433 1430/1430/1429
f 1430/1430/1429 1434/1434/1433 1431/1431/1430
f 1432/1432/1431 1435/1435/1434 1430/1430/1429
f 1435/1435/1434 1433/1433/1432 1430/1430/1429
f 1436/1436/1435 1435/1435/1434 1432/1432/1431
f 1437/1437/1436 1438/1438/1437 1439/1439/1438
f 1440/1440/1439 1438/1438/1437 1437/1437/1436
f 1433/1433/1432 1441/1441/1440 1434/1434/1433
f 1442/1442/1441 1441/1441/1440 1433/1433/1432
f 1443/1443/1442 1441/1441/1440 1442/1442/1441
f 1439/1439/1438 1444/1444/1443 1437/1437/1436
f 1444/1444/1443 1445/1445/1444 1437/1437/1436
f 1437/1437/1436 1445/1445/1444 1440/1440/1439
f 1446/1446/1445 1444/1444/1443 1439/1439/1438
f 1434/1434/1433 1441/1441/1440 1447/1447/1446
f 1434/1434/1433 1447/1447/1446 1431/1431/1430
f 1431/1431/1430 1447/1447/1446 1448/1448/1447
f 1449/1449/1448 1438/1438/1437 1440/1440/1439
f 1443/1443/1442 1450/1450/1449 1449/1449/1448
f 1450/1450/1449 1451/1438/1450 1449/1449/1448
f 1441/1441/1440 1443/1443/1442 1452/1451/1451
f 1452/1451/1451 1443/1443/1442 1449/1449/1448
f 1453/1452/1452 1441/1441/1440 1452/1451/1451
f 1447/1447/1446 1441/1441/1440 1453/1452/1452
f 1447/1447/1446 1454/1453/1453 1448/1448/1447
f 1454/1453/1453 1455/1454/1454 1448/1448/1447
f 1453/1452/1452 1456/1455/1455 1447/1447/1446
f 1456/1455/1455 1454/1453/1453 1447/1447/1446
f 1457/1456/1456 1456/1455/1455 1453/1452/1452
f 1458/1457/1457 1457/1456/1456 1453/1452/1452
f 1452/1451/1451 1458/1457/1457 1453/1452/1452
f 1459/1458/1458 1458/1457/1457 1452/1451/1451
f 1458/1457/1457 1459/1458/1458 1457/1456/1456
f 1449/1449/1448 1459/1458/1458 1452/1451/1451
f 1445/1445/1444 1460/1459/1459 1440/1440/1439
f 1440/1440/1439 1460/1459/1459 1449/1449/1448
f 1460/1459/1459 1459/1458/1458 1449/1449/1448
f 1460/1459/1459 1445/1445/1444 1461/1460/1460
f 1460/1459/1459 1461/1460/1460 1462/1461/1461
f 1462/1461/1461 1461/1460/1460 1463/1462/1462
f 1457/1456/1456 1459/1458/1458 1464/1463/1463
f 1459/1458/1458 1460/1459/1459 1464/1463/1463
f 1464/1463/1463 1460/1459/1459 1462/1461/1461
f 1443/1443/1464 1465/1450/1465 1466/1449/1466
f 1465/1450/1465 1467/1438/1467 1466/1449/1466
