# Blender 5.1.1
# www.blender.org
mtllib Heather_SKIRT.mtl
o Heather_SKIRT
v -9.145106 1.555207 16.281673
v -9.129524 1.699668 16.287766
v -9.391308 1.565679 16.344130
v -9.739691 1.577810 16.193052
v -9.809873 1.913407 16.060509
v -9.709596 1.575356 15.979283
v -9.744916 1.903879 16.301748
v -9.594821 1.573669 16.350784
v -9.558146 1.892733 16.376350
v -9.251345 1.861853 16.353571
v -8.751658 1.688512 16.330540
v -8.745865 1.540281 16.324574
v -8.457927 1.668891 16.279827
v -8.198777 1.517063 16.115038
v -8.188251 1.650354 16.136234
v -7.956619 1.506242 15.881462
v -7.947231 1.657554 15.894176
v -7.956531 1.504671 15.625592
v -7.947354 1.663065 15.626579
v -8.127647 1.509740 15.452311
v -8.116182 1.663923 15.440839
v -8.516141 1.525280 15.463600
v -8.501628 1.668857 15.460139
v -8.905514 1.541111 15.569578
v -9.411692 1.856069 15.781787
v -9.119878 1.773966 15.694028
v -9.266768 1.700877 15.757980
v -9.277264 1.556532 15.781011
v -9.513166 1.566621 15.866295
v -9.696333 1.889323 15.919624
v -9.709575 1.575348 15.979278
v -9.809862 1.913398 16.060505
v -11.255337 0.256223 15.709295
v -11.240066 0.401022 15.725828
v -11.502330 0.256534 15.754215
v -10.428300 0.400855 15.598478
v -10.095419 0.256408 15.415261
v -10.085485 0.410999 15.421449
v -10.437241 0.256802 15.600887
v -10.798688 0.397322 15.697365
v -11.382972 0.550313 15.780101
v -11.699340 0.571500 15.804391
v -11.729090 0.256821 15.755341
v -11.869098 0.590130 15.739948
v -10.034515 0.256699 15.179411
v -10.032970 0.415318 15.176037
v -10.163237 0.256401 14.958273
v -10.167134 0.407866 14.944561
v -10.490180 0.256116 14.878147
v -10.496699 0.389564 14.856293
v -10.802477 0.396583 14.867884
v -11.068892 0.256590 14.972171
v -11.082401 0.404438 14.971877
v -11.387706 0.401259 15.198852
v -11.532027 0.558117 15.205292
v -11.637169 0.256819 15.279875
v -11.809625 0.576925 15.340154
v -11.816596 0.256868 15.376480
v -11.933872 0.581366 15.498626
v -11.862624 0.256550 15.585686
v -11.869108 0.590138 15.739951
v -11.729115 0.256829 15.755348
v -11.392727 0.256352 15.210042
v -12.056250 3.063950 15.672630
v -11.943508 3.442328 15.723790
v -12.079233 3.434175 15.471205
v -12.126761 3.051267 15.346497
v -12.079264 3.423327 15.226406
v -12.120400 2.483864 15.403566
v -12.000469 2.496323 15.706563
v -11.941339 1.364276 15.492126
v -11.869340 1.373188 15.732338
v -11.856834 1.140433 15.720944
v -11.892436 0.814402 15.739356
v -11.933899 0.581386 15.498633
v -11.869133 0.590157 15.739958
v -11.955074 0.810850 15.489571
v -11.820836 1.345871 15.282986
v -11.914766 1.139515 15.499362
v -11.989026 2.487491 15.125883
v -11.990544 3.000243 15.079911
v -11.963772 3.181843 15.046755
v -11.907839 3.415511 15.001269
v -11.603436 3.406322 14.888947
v -11.688202 3.173702 14.922488
v -11.336233 3.404442 14.905549
v -11.347798 3.179750 14.911252
v -11.110757 3.408191 15.075984
v -11.402261 2.481540 14.960958
v -11.148707 3.003332 15.093046
v -11.146765 2.477883 15.136309
v -11.369681 2.986858 14.912914
v -11.642280 2.984933 14.915585
v -11.722326 2.487428 14.989998
v -11.400720 1.345292 15.134287
v -11.099400 1.567729 15.185389
v -11.032664 2.486248 15.423269
v -10.997159 3.421381 15.347191
v -11.139470 3.185126 15.087252
v -11.010533 1.580316 15.472132
v -11.176047 2.499414 15.698781
v -11.086518 3.437156 15.622831
v -11.456101 2.506150 15.851867
v -11.319613 3.446402 15.805499
v -11.667228 3.447679 15.871622
v -11.753740 2.499849 15.886023
v -11.800204 3.045733 15.876816
v -12.000417 2.496335 15.706548
v -12.056237 3.063957 15.672626
v -11.943515 3.442342 15.723792
v -11.198143 1.338848 15.759096
v -11.650013 1.359607 15.889188
v -11.869322 1.373201 15.732333
v -11.856833 1.140440 15.720943
v -11.648377 1.101568 15.865706
v -11.696471 0.771662 15.850844
v -11.892438 0.814406 15.739356
v -11.869130 0.590155 15.739957
v -11.699372 0.571516 15.804400
v -11.383018 0.550308 15.780114
v -11.356305 0.746558 15.812277
v -11.311657 1.048672 15.817951
v -9.145108 1.555207 16.281675
v -9.594791 1.573659 16.350775
v -9.739651 1.577791 16.193041
v -9.391300 1.565678 16.344128
v -8.745863 1.540281 16.324574
v -8.516141 1.525279 15.463600
v -8.198777 1.517063 16.115038
v -9.129519 1.699670 16.287764
v -9.266769 1.700877 15.757980
v -9.277267 1.556531 15.781012
v -9.513162 1.566621 15.866293
v -9.709560 1.575343 15.979273
v -7.956531 1.504672 15.625592
v -8.127647 1.509740 15.452311
v -7.956619 1.506242 15.881462
v -9.214488 3.804589 16.617737
v -9.495533 3.819768 16.630974
v -9.503907 2.663599 16.424763
v -8.936811 3.780059 16.484526
v -9.071757 2.642606 16.343214
v -9.091167 4.297493 16.638672
v -9.433728 4.335526 16.663914
v -9.644123 4.392167 16.494122
v -9.525076 4.754419 16.570732
v -9.621837 4.762181 16.354136
v -8.818477 2.863334 16.144075
v -8.797676 3.776722 16.203299
v -8.828552 3.799294 15.895096
v -8.748151 4.314004 16.236107
v -8.724216 4.746636 15.936318
v -8.716209 4.515765 16.232504
v -8.676715 4.747890 16.226107
v -8.782458 4.740513 16.486113
v -8.804878 4.510393 16.488806
v -8.993955 4.742469 16.632689
v -9.092040 4.508220 16.647802
v -9.285569 4.752494 16.683313
v -9.372097 4.519557 16.674997
v -8.860907 4.287652 16.505226
v -9.520361 4.339810 16.710529
v -9.126815 4.313375 16.683416
v -8.829046 4.307569 16.515263
v -8.802052 4.476848 16.507959
v -9.098411 4.479933 16.679859
v -9.476599 4.509073 16.707729
v -11.204060 0.642260 15.025345
v -11.082399 0.404440 14.971877
v -11.532022 0.558117 15.205291
v -10.184494 0.623285 15.382200
v -10.466166 0.734840 15.478800
v -10.411710 0.548657 15.599928
v -10.104839 0.539483 15.428617
v -10.063051 0.538893 15.177256
v -10.032970 0.415318 15.176037
v -10.167134 0.407866 14.944561
v -10.199696 0.527677 14.961210
v -10.496699 0.389564 14.856293
v -10.501328 0.531590 14.868372
v -10.927743 0.566639 14.913460
v -10.281953 0.617779 15.005033
v -10.633247 0.719665 14.988544
v -10.085485 0.410999 15.421449
v -10.428300 0.400855 15.598478
v -10.749030 0.576941 15.711523
v -10.725078 0.736172 15.672606
v -10.798688 0.397322 15.697365
v -11.539192 0.797348 15.163927
v -11.169580 0.852211 15.050483
v -11.298334 1.078921 15.107834
v -11.000290 1.101125 15.163279
v -11.072651 1.396218 15.197930
v -11.496152 1.072553 15.163139
v -11.400748 1.345321 15.134295
v -9.251345 1.861853 16.353571
v -8.874394 1.931370 16.343708
v -9.227489 2.100622 16.391184
v -8.751658 1.688512 16.330540
v -8.582440 1.844069 16.302132
v -8.457927 1.668891 16.279827
v -9.179247 2.374002 16.368225
v -8.980352 2.372273 16.316578
v -9.071774 2.642624 16.343218
v -8.818386 2.682122 16.122948
v -8.192823 1.792608 16.127079
v -8.188251 1.650354 16.136234
v -8.359860 1.987019 16.088104
v -8.612491 2.072116 16.218449
v -8.556153 2.187881 16.022570
v -8.995357 2.197194 15.618494
v -9.349790 2.351912 15.709580
v -9.210986 2.636893 15.701309
v -8.461266 2.002421 15.580194
v -8.642652 2.198777 15.690690
v -8.782222 2.015925 15.542747
v -8.068656 1.872374 15.898057
v -8.173761 1.879208 15.522966
v -8.482302 1.815952 15.449471
v -8.828634 1.858220 15.522300
v -8.131518 1.793121 15.443429
v -8.501628 1.668857 15.460139
v -7.969163 1.787672 15.639739
v -7.979077 1.778701 15.895266
v -7.947231 1.657554 15.894176
v -7.947353 1.663066 15.626579
v -8.116182 1.663923 15.440839
v -11.352601 3.002384 14.890135
v -11.340767 3.161034 14.888246
v -11.699166 2.997775 14.896088
v -11.690017 3.157535 14.890970
v -12.069452 3.010243 15.076292
v -12.043589 3.179697 15.061441
v -11.729068 0.256814 15.755335
v -11.255344 0.256221 15.709297
v -11.502326 0.256534 15.754214
v -11.862581 0.256532 15.585673
v -11.392730 0.256351 15.210043
v -11.637167 0.256819 15.279874
v -11.816572 0.256861 15.376473
v -10.034515 0.256699 15.179411
v -10.490180 0.256116 14.878147
v -10.163237 0.256401 14.958273
v -11.068892 0.256591 14.972170
v -10.095420 0.256408 15.415261
v -10.437241 0.256802 15.600887
v -10.827408 0.256754 15.705103
v -11.240062 0.401023 15.725827
v -11.387701 0.401261 15.198851
v -9.749787 2.133850 16.318558
v -9.809902 1.913432 16.060518
v -9.744943 1.903901 16.301756
v -9.821043 2.138356 16.071104
v -9.768401 2.462575 16.066750
v -9.707151 2.460904 16.287430
v -9.709016 2.690317 16.303736
v -9.762303 2.701827 16.058908
v -9.733780 3.824500 16.454149
v -9.777469 3.837922 16.130997
v -9.732575 4.405381 16.173998
v -9.621662 4.772859 16.065708
v -9.491867 2.437912 16.409039
v -9.514621 2.118681 16.426334
v -9.558174 1.892748 16.376360
v -9.251389 1.861850 16.353584
v -9.227508 2.100619 16.391190
v -9.179249 2.373997 16.368225
v -11.600876 2.636520 15.465792
v -12.079221 3.434154 15.471201
v -11.943499 3.442317 15.723788
v -12.079251 3.423304 15.226402
v -11.907833 3.415502 15.001267
v -11.603431 3.406320 14.888945
v -11.336226 3.404446 14.905547
v -11.110750 3.408200 15.075982
v -10.997140 3.421390 15.347185
v -11.086491 3.437158 15.622824
v -11.319591 3.446400 15.805492
v -11.667195 3.447666 15.871613
v -9.181965 4.042090 16.113911
v -9.598535 4.774047 16.061342
v -9.564676 4.763384 16.343346
v -9.477835 4.789848 15.802936
v -9.182289 4.798192 15.692570
v -8.906118 4.797304 15.736555
v -8.696044 4.792678 15.930999
v -8.655239 4.781568 16.222052
v -8.755519 4.772174 16.481028
v -8.956591 4.769550 16.625635
v -9.234110 4.768588 16.673599
v -9.453136 4.760933 16.557152
v -11.809651 0.576936 15.340161
v -11.805544 0.804009 15.278042
v -11.532068 0.558111 15.205304
v -11.539218 0.797341 15.163935
v -11.789060 1.123997 15.285766
v -9.346127 2.354318 15.708889
v -9.646823 2.685745 15.812175
v -9.187594 2.653690 15.696889
v -9.662589 2.417881 15.837121
v -9.397214 2.051601 15.739137
v -9.709438 2.089831 15.876550
v -9.411734 1.856066 15.781799
v -9.696361 1.889337 15.919632
v -9.809889 1.913420 16.060514
v -9.821038 2.138349 16.071102
v -9.768401 2.462568 16.066750
v -9.768460 2.699074 16.060072
v -9.786496 3.835412 16.132704
v -8.874614 2.885771 15.849413
v -9.075462 3.827779 15.726068
v -9.381756 3.843769 15.732095
v -9.655263 3.839514 15.852006
v -9.655760 4.383331 15.876693
v -9.765471 4.401174 16.180208
v -9.682745 4.769720 16.077238
v -9.536267 4.775971 15.813969
v -9.212282 4.778164 15.698234
v -8.933119 4.765258 15.741655
v -8.871373 1.680400 15.560812
v -10.827408 0.256753 15.705103
v -11.083766 0.480220 15.708282
v -8.905514 1.541110 15.569579
v -10.802477 0.396583 14.867884
v -10.920123 0.793966 15.003903
v -10.777333 0.913246 15.146463
v -10.867043 1.130140 15.492413
v -10.685669 0.923207 15.476984
v -11.032703 0.683523 15.741752
v -10.953977 0.908491 15.716589
v -11.356269 0.746565 15.812266
v -11.311649 1.048687 15.817948
v -11.198191 1.338889 15.759109
v -11.083764 0.480221 15.708281
v -11.382966 0.550313 15.780099
v -10.977372 1.384918 15.484614
v -11.010607 1.580390 15.472152
v -11.099465 1.567801 15.185406
v -8.849104 2.140205 16.303108
v -8.828602 2.854411 16.145994
v -8.895437 2.867458 15.853351
v -8.749905 2.384110 16.118706
v -8.799049 2.412493 15.766989
v -8.880557 2.671075 15.827310
v -9.084715 1.975660 15.637949
v -9.119878 1.773966 15.694028
v -8.871374 1.680400 15.560812
v -9.397182 2.051607 15.739128
v -9.411689 1.856069 15.781786
v -11.496156 1.072543 15.163140
v -10.048758 12.713930 15.307281
v -9.988138 12.648758 15.247486
v -9.998919 12.595716 15.190369
v -10.037453 12.359154 16.350706
v -10.015114 12.177273 16.370157
v -9.966597 12.357134 16.295835
v -10.370380 12.462345 16.463745
v -10.541574 12.211593 16.505396
v -10.300281 12.404583 16.485813
v -10.861724 12.513790 15.371262
v -11.011086 12.414879 15.405537
v -10.900449 12.555221 15.365130
v -11.002124 12.431237 15.452459
v -10.887235 12.563473 15.406779
v -9.719585 12.538239 15.769156
v -9.677511 12.534759 15.704668
v -9.770485 12.622745 15.530991
v -9.723983 12.435785 15.941074
v -9.719655 12.538289 15.768019
v -9.760907 12.605725 15.497454
v -9.836531 12.648078 15.415026
v -9.690270 12.494422 15.619117
v -9.653745 12.382208 15.839973
v -9.683872 12.191071 15.983349
v -9.754676 12.258204 16.069563
v -9.713696 12.012809 16.057684
v -9.806627 12.082393 16.150326
v -9.659366 12.353642 15.720512
v -9.673407 12.167957 15.824156
v -10.114923 12.470447 15.113497
v -10.153435 12.607319 15.114080
v -10.176489 12.426595 15.106872
v -10.276187 12.503952 15.077078
v -10.254799 12.614599 15.119142
v -10.100981 12.698611 15.211290
v -10.329109 12.303543 15.115820
v -10.259909 12.378230 15.099389
v -10.507258 12.362410 15.075839
v -10.329145 12.303550 15.115799
v -10.447485 12.127577 15.132729
v -10.623570 12.173777 15.091722
v -10.628679 12.386092 15.171781
v -10.470181 12.531715 15.148847
v -10.405552 12.520484 15.089999
v -10.358672 12.619337 15.160432
v -11.140524 12.350808 15.662851
v -11.043051 12.551141 15.628913
v -11.048318 12.482062 15.920570
v -10.981584 12.599581 16.048433
v -11.000759 12.585624 15.865495
v -11.118109 12.342340 15.972103
v -11.034688 12.501200 15.796000
v -11.094391 12.341314 15.805455
v -10.984396 12.373267 15.415687
v -11.046231 12.283972 15.514677
v -10.776617 12.461432 15.224858
v -10.855971 12.243713 15.225894
v -10.898390 12.373799 15.361484
v -10.984468 12.373278 15.415713
v -10.993157 12.261678 15.393141
v -10.709224 12.182622 15.184937
v -9.925776 12.434185 15.083485
v -9.945754 12.564164 15.198411
v -9.894562 12.462782 15.180038
v -9.979926 12.558325 15.139807
v -10.079771 12.399935 15.089307
v -10.114494 12.470363 15.113854
v -9.998664 12.595665 15.190637
v -9.988017 12.648733 15.247623
v -9.898372 12.643579 15.251066
v -10.048409 12.713861 15.307650
v -9.900935 12.667509 15.338037
v -9.807771 12.569282 15.337807
v -9.787968 12.510166 15.241977
v -9.847816 12.354987 15.175882
v -11.079192 12.350900 15.841111
v -11.056340 12.327220 15.607745
v -11.062346 11.819120 15.921201
v -11.015268 11.818239 16.135281
v -11.002542 12.353686 16.119749
v -10.901668 11.801851 16.284014
v -10.868627 12.331067 16.284945
v -10.757998 11.754593 16.375183
v -10.699780 12.318767 16.417168
v -10.589229 11.721814 16.369621
v -10.757936 11.754581 16.375219
v -10.480799 12.259062 16.479513
v -10.212129 12.176206 16.422577
v -10.341539 11.663985 16.281391
v -10.195740 11.792775 16.233803
v -9.977180 12.141081 16.309114
v -11.056561 12.551872 15.855456
v -11.156752 12.356688 15.975286
v -11.129410 12.346801 15.878878
v -9.908741 12.355092 16.302647
v -9.954381 12.142343 16.324644
v -9.906390 12.323072 16.252409
v -9.969475 12.157851 16.399389
v -9.908669 12.355083 16.302555
v -10.605556 12.226904 15.173034
v -10.888943 11.888704 15.411546
v -10.786401 12.274638 15.331320
v -10.690271 11.838131 15.307227
v -9.886990 12.732621 15.355232
v -9.886784 12.732576 15.355543
v -9.762735 12.668933 15.558901
v -9.590393 12.173615 15.646278
v -9.606772 11.995735 15.736887
v -9.720289 11.982500 15.873828
v -9.613321 12.320622 15.573126
v -9.655556 12.466759 15.504068
v -9.719420 12.558257 15.427749
v -9.706168 12.392407 15.396756
v -10.439381 12.473929 16.472311
v -10.724106 12.293315 16.515917
v -10.601337 12.529752 16.449318
v -10.857853 12.323133 16.351824
v -10.711625 12.554771 16.307478
v -10.172494 12.383530 16.455826
v -10.223161 12.159287 16.519987
v -10.132437 12.349474 16.417770
v -10.809244 12.594170 16.294470
v -10.953376 12.349658 16.330126
v -10.862899 12.582422 16.170124
v -11.018364 12.329371 16.175007
v -10.929140 12.295516 15.414491
v -10.903584 11.897785 15.533818
v -10.195359 12.115958 16.488411
v -10.349369 11.905831 16.497641
v -10.142226 11.886200 16.471001
v -9.945114 11.920657 16.220263
v -9.918766 12.046636 16.306465
v -10.038067 11.872446 16.372602
v -10.039175 12.068453 16.411669
v -10.037592 11.872383 16.372143
v -9.810425 12.307574 16.188866
v -9.754515 12.258195 16.069063
v -9.775749 12.074716 16.013260
v -9.882765 11.841343 16.067392
v -9.869884 11.828732 15.914926
v -9.755593 12.026955 15.874050
v -10.037456 12.359155 16.350708
v -9.963083 12.452879 16.248135
v -10.131936 12.349402 16.417452
v -10.395792 12.013098 16.590456
v -10.313258 12.163080 16.529356
v -10.289512 11.961175 16.530394
v -10.143965 12.483400 16.408241
v -10.132516 12.349485 16.417822
v -9.762051 11.859187 16.110981
v -9.698394 12.101678 16.019728
v -9.746877 11.834257 15.939569
v -9.720301 11.982498 15.873940
v -9.668755 12.256313 15.764547
v -9.674652 12.423809 15.668925
v -9.801663 12.631487 15.463548
v -9.719614 12.538260 15.768693
v -10.073283 12.725639 15.324879
v -9.920496 12.513718 15.189472
v -9.787750 12.510119 15.242327
v -9.691236 12.333441 15.266279
v -9.676017 12.289059 15.441373
v -9.687236 12.512928 15.465325
v -9.602425 12.246976 15.609503
v -9.662982 12.132792 15.532121
v -9.606777 11.995749 15.736528
v -9.661879 11.941152 15.615613
v -9.662844 12.132749 15.532722
v -9.660169 11.782425 15.786482
v -9.754769 11.819757 15.914598
v -10.214666 11.607953 16.142082
v -10.860111 12.329187 16.272011
v -11.016151 11.776353 15.713619
v -10.896908 11.749994 15.541326
v -10.192087 12.476227 16.395430
v -10.820732 12.131641 16.518976
v -10.604866 12.092932 16.515615
v -10.404485 12.467860 16.467716
v -10.566539 12.626605 16.402031
v -10.785016 12.438374 16.329109
v -10.820964 12.131686 16.518785
v -10.922551 12.150247 16.388063
v -11.037534 12.186539 16.355156
v -11.185243 12.179440 16.004572
v -11.041690 12.339046 16.147453
v -11.075693 12.157410 16.167738
v -10.907971 12.447191 16.301691
v -10.848565 12.634167 16.139877
v -10.717067 12.737894 16.236168
v -10.953604 12.658172 15.841594
v -11.201585 12.130464 15.702839
v -11.175575 12.150960 15.823856
v -10.992865 12.620558 15.617571
v -10.831079 12.638601 15.412161
v -11.092036 12.072848 15.596523
v -10.913118 12.077822 15.350163
v -11.039436 12.091022 15.427622
v -10.896441 12.311794 15.357903
v -10.984167 12.373233 15.415604
v -10.730180 12.525710 15.225107
v -10.593182 12.458580 15.177165
v -10.876583 12.064280 15.232138
v -11.022781 12.611982 15.826246
v -11.156617 12.356680 15.974911
v -10.896482 11.841149 15.413399
v -10.786211 12.274608 15.331313
v -10.697286 11.790432 15.309359
v -10.921250 11.676942 15.426506
v -10.734159 11.649372 15.333482
v -10.843427 12.639317 15.368611
v -9.969687 12.157880 16.399591
v -10.204329 12.610974 15.116480
v -10.405841 12.520535 15.089879
v -10.414690 12.575100 15.154754
v -10.276114 12.503938 15.077120
v -10.225810 12.381351 15.094612
v -10.073397 12.725662 15.324762
v -9.998663 12.595665 15.190637
v -10.565446 12.268100 15.083500
v -10.766151 11.988217 15.210899
v -10.673512 11.970694 15.113065
v -10.365073 12.358422 15.020706
v -10.257719 12.377821 15.100791
v -10.273999 12.503549 15.078347
v -9.883159 12.278808 15.070176
v -9.953135 12.496111 15.110782
v -10.114660 12.470395 15.113716
v -9.998856 12.595704 15.190434
v -10.746092 12.672372 15.366667
v -10.785892 12.724641 15.371590
v -10.640045 12.865541 15.427078
v -10.495176 12.923335 15.461505
v -10.627088 12.793897 15.422378
v -10.484180 12.867609 15.461699
v -10.357881 12.932612 15.499416
v -10.339148 12.862588 15.488202
v -10.229114 12.843596 15.515530
v -10.270396 12.880544 15.597904
v -10.375579 12.915435 15.555340
v -10.495203 12.903738 15.534559
v -10.632036 12.861385 15.484673
v -10.773384 12.713474 15.418063
v -10.632118 12.861399 15.484674
v -9.810825 12.307613 16.189650
v -9.896639 12.530457 16.147993
v -9.775938 12.483162 16.054846
v -9.751062 12.619391 15.879188
v -9.776527 12.712713 15.709275
v -9.762748 12.668936 15.558864
v -9.846221 12.773900 15.571288
v -9.947281 12.810242 15.463810
v -10.052192 12.790741 15.387501
v -10.121175 12.831433 15.464664
v -10.100013 12.737277 15.342083
v -10.175922 12.817012 15.432626
v -10.229419 12.843655 15.515272
v -10.177824 12.895254 15.618912
v -10.270792 12.880619 15.597581
v -9.886989 12.634921 16.038778
v -9.882032 12.756062 15.842254
v -9.928168 12.812508 15.706679
v -10.016714 12.837598 15.570890
v -9.959188 12.548574 16.200033
v -9.902617 12.558569 16.201040
v -9.896331 12.686655 16.073952
v -9.906144 12.787745 15.901319
v -9.959738 12.847249 15.759442
v -10.084943 12.886511 15.701687
v -10.161377 12.899103 15.759175
v -10.003408 12.849886 15.810638
v -10.078650 12.871882 15.902480
v -9.961724 12.783750 15.926694
v -10.040125 12.812164 16.029547
v -9.952443 12.684875 16.070948
v -10.271614 12.897912 15.741586
v -10.179289 12.877902 15.904884
v -10.114622 12.800409 16.076841
v -10.023249 12.713961 16.164000
v -10.047588 12.552829 16.298298
v -10.098618 12.556106 16.310541
v -10.048021 12.552884 16.298748
v -10.096952 12.705709 16.179024
v -10.117028 12.583085 16.360863
v -10.167390 12.582120 16.350080
v -10.217640 12.371703 16.440517
v -10.167899 12.728729 16.216011
v -10.102455 12.748087 16.228756
v -10.135026 12.861141 16.090853
v -10.206934 12.928002 15.929534
v -10.319865 12.911872 15.793529
v -10.246212 12.878635 15.975546
v -10.185182 12.828356 16.108944
v -10.534006 12.723333 16.354712
v -10.605793 12.712974 16.257139
v -10.545567 12.812076 16.175154
v -10.387149 12.686571 16.402716
v -10.299110 12.656286 16.397457
v -10.349693 12.792971 16.307142
v -10.210692 12.764250 16.267784
v -10.321464 12.904242 16.150454
v -10.211077 12.764303 16.268064
v -10.302191 12.936064 15.974413
v -10.217299 12.870965 16.131226
v -10.390451 12.958922 15.935589
v -10.454939 12.923512 15.885246
v -10.513676 12.902170 15.962402
v -10.449121 12.932550 16.096489
v -10.505258 12.842207 16.256485
v -10.505336 12.842220 16.256453
v -10.262197 12.630916 16.367117
v -10.168266 12.728776 16.216406
v -10.468955 12.813889 15.327630
v -10.746406 12.672423 15.366693
v -10.684275 12.590022 15.225384
v -10.573142 12.711305 15.254064
v -10.398799 12.785855 15.328604
v -10.336007 12.767919 15.232732
v -10.235008 12.835870 15.314610
v -10.169656 12.715529 15.280884
v -10.335638 12.767851 15.232910
v -10.234828 12.835835 15.314729
v -10.100074 12.737289 15.342024
v -10.474209 12.674840 15.226698
v -10.474697 12.674925 15.226546
v -10.557823 12.529786 15.182143
v -10.175633 12.816956 15.432883
v -10.229056 12.843585 15.515578
v -10.175921 12.817012 15.432627
v -10.434396 12.662109 15.165009
v -10.250046 12.680479 15.206092
v -10.335396 12.767808 15.233027
v -10.433551 12.661960 15.165315
v -10.473278 12.674677 15.226987
v -10.620685 12.946958 15.905930
v -10.454736 12.923476 15.885315
v -10.680159 12.842761 16.042150
v -10.764301 12.743052 16.108614
v -10.898287 12.753806 15.976629
v -10.789373 12.868066 15.928963
v -10.803978 12.829737 15.804753
v -10.656504 12.902785 15.825804
v -10.533989 12.933103 15.854002
v -10.407896 12.982672 15.796218
v -10.319755 12.911850 15.793639
v -10.408086 12.982707 15.796127
v -10.454867 12.923499 15.885270
v -10.271398 12.897868 15.741827
v -10.352566 12.960372 15.668461
v -10.352509 12.960361 15.668494
v -10.463027 12.974052 15.607096
v -10.905221 12.730998 15.816594
v -10.680823 12.936305 15.634198
v -10.526266 12.989539 15.749219
v -10.662807 12.919203 15.757103
v -10.813874 12.817403 15.727582
v -10.808309 12.825463 15.587596
v -10.924359 12.695044 15.741446
v -10.942134 12.689882 15.605877
v -10.212194 12.607294 16.380455
v -10.616392 12.854260 16.148197
v -10.699078 12.744715 16.247917
v -10.955436 12.745214 15.764050
v -10.832901 12.869842 15.758859
v -10.675611 12.936102 15.785030
v -10.210139 12.697609 15.243576
v -10.830833 12.829589 15.950871
v -10.677632 12.831861 16.047226
v -10.635648 12.937286 15.910817
v -10.454951 12.923514 15.885242
v -10.819345 12.833297 15.812473
v -10.646815 12.920926 15.822124
v -10.454693 12.923470 15.885329
v -10.407856 12.982665 15.796238
v -10.435077 12.909321 15.544664
v -10.270240 12.880512 15.598031
v -10.745184 12.880396 15.610490
v -10.914554 12.708158 15.752977
v -10.526434 12.989567 15.749214
v -10.777541 12.877396 15.730877
v -10.788659 12.846018 15.767000
v -10.627022 12.793885 15.422380
v -10.640058 12.865542 15.427078
v -10.425916 12.928103 15.480062
v -10.639585 12.865465 15.427078
v -10.411292 12.865677 15.475489
v -10.229002 12.843575 15.515624
v -10.434096 12.799469 15.328236
v -10.474327 12.674860 15.226661
v -10.474776 12.674939 15.226521
v -10.434484 12.662125 15.164978
v -10.234586 12.835791 15.314889
v -10.236925 12.618877 16.373468
v -10.167920 12.728732 16.216034
v -10.575856 12.762106 16.216314
v -10.594963 12.873346 16.114428
v -10.505135 12.842185 16.256535
v -10.343071 12.671862 16.399605
v -10.215113 12.853181 16.042265
v -10.217294 12.870964 16.131216
v -10.346205 12.947024 15.955474
v -10.097979 12.630779 16.244255
v -10.117371 12.804653 16.163805
v -10.114575 12.800406 16.076714
v -10.169296 12.896937 15.688810
v -10.059639 12.841474 15.965339
v -10.270755 12.880612 15.597610
v -10.229342 12.843640 15.515337
v -10.086315 12.810622 15.425292
v -9.981463 12.823865 15.516273
v -9.811935 12.742753 15.638829
v -9.763790 12.551550 15.966856
v -9.891459 12.581997 16.093435
v -9.906677 12.323105 16.252838
v -9.894105 12.771969 15.870856
v -9.943859 12.830314 15.732543
v -10.043686 12.868343 15.755774
v -9.957283 12.733917 15.998662
v -9.899664 12.622869 16.137445
v -10.861403 12.833534 15.777466
v -9.879392 12.117197 16.284391
v -9.957603 11.975568 16.327904
v -10.038295 11.872476 16.372824
v -10.013517 11.841244 16.223606
v -9.872975 11.906216 16.211544
v -9.747422 11.834584 15.940560
v -10.766410 11.988095 15.210919
v -11.064776 12.347846 16.120737
v -11.075694 12.157411 16.167707
v -10.895365 12.250003 15.353712
v -10.913022 12.077894 15.349886
v -10.909600 11.750745 15.430414
v -10.720004 11.719207 15.332251
v -10.820972 12.131688 16.518778
v -10.922558 12.150249 16.388054
v -10.313399 12.163102 16.529390
v -10.289557 11.961183 16.530409
v -10.225739 12.381339 15.094661
v -10.312894 12.163023 16.529270
v -10.384737 11.924931 16.490440
v -11.692108 5.956145 14.956059
v -11.490389 5.769215 14.774185
v -11.412855 5.923541 14.781289
v -11.746488 5.788595 14.924382
v -11.927167 5.787517 15.133574
v -11.838597 5.977504 15.154469
v -11.982983 5.780964 15.440987
v -11.874853 6.000612 15.391384
v -11.931480 5.786465 15.698306
v -11.821097 6.019978 15.620623
v -11.546331 6.169186 15.872194
v -11.214156 6.630903 15.927937
v -11.518033 5.763097 16.232794
v -11.296263 6.152851 16.114193
v -11.160060 5.747077 16.382343
v -11.074711 5.964013 16.400797
v -10.820789 5.772295 16.577627
v -10.842995 5.968208 16.592833
v -10.559304 5.906539 16.803360
v -10.657265 6.057343 16.771908
v -10.390177 6.123043 16.910784
v -10.511666 6.234601 16.884872
v -10.345218 6.505989 16.926304
v -10.251114 6.362847 16.941675
v -10.232006 6.752337 16.829422
v -10.108200 6.651706 16.856276
v -11.794733 5.778046 15.891703
v -10.426773 6.617958 15.865829
v -10.378008 6.834095 16.077030
v -10.121939 6.623823 16.092720
v -11.005130 6.693062 15.864480
v -10.915401 6.558144 15.736802
v -10.864252 6.561959 15.935074
v -10.049093 6.764919 16.364450
v -10.319181 6.910131 16.409248
v -10.326494 6.878457 16.704374
v -10.039695 6.761618 16.681721
v -10.111000 6.605597 16.905537
v -10.053197 6.796925 16.664783
v -10.071496 6.796733 16.359127
v -10.153760 6.639574 16.084631
v -10.280453 6.329247 15.854709
v -10.630120 6.573064 16.000767
v -10.748274 6.377249 15.568981
v -10.929502 6.609842 15.739462
v -10.884054 6.631174 15.938810
v -10.178960 6.876439 16.658512
v -10.196362 6.887378 16.436371
v -10.299632 6.764134 16.155460
v -10.442715 5.993334 15.552755
v -10.543825 5.828899 15.317621
v -10.650864 5.992467 15.308821
v -10.741836 5.910282 15.026114
v -10.236524 6.378567 15.844182
v -10.658579 5.760421 15.052814
v -10.496046 5.830069 15.286055
v -10.880877 5.897078 14.839720
v -10.857386 5.753899 14.800100
v -11.102439 5.910082 14.750240
v -11.122321 5.756415 14.704933
v -11.412863 5.923539 14.781291
v -11.490405 5.769211 14.774190
v -11.120969 5.747753 14.653562
v -11.500570 5.763213 14.728882
v -10.613396 5.751571 15.026875
v -10.820396 5.747377 14.766784
v -11.062961 7.502225 16.957567
v -10.982530 7.249342 17.012472
v -10.838762 7.591900 16.842863
v -10.565643 6.891426 16.943180
v -10.708598 6.804369 17.053448
v -10.511241 7.629814 16.390387
v -10.542207 7.431343 16.035009
v -10.408119 7.612282 16.035089
v -10.624987 7.496707 16.422234
v -10.654689 7.616394 16.655806
v -10.680600 7.474844 16.664732
v -10.777339 7.387905 16.873739
v -11.008371 6.205478 14.649655
v -10.756072 6.182394 14.776451
v -10.979682 6.552067 14.654667
v -10.732127 6.550242 14.778660
v -11.221442 6.260558 14.652968
v -11.215671 6.555108 14.650439
v -11.204615 7.262286 14.742622
v -10.903519 7.305687 14.740062
v -10.689795 7.351236 14.863402
v -10.913747 7.589854 14.788149
v -10.559352 7.367749 15.056468
v -10.718849 7.571215 14.878187
v -10.570289 7.580540 15.071154
v -10.475549 7.355799 15.407369
v -10.457869 7.383365 15.709019
v -10.456985 7.586928 15.375255
v -10.368731 7.599736 15.763676
v -10.378368 7.587615 15.608613
v -11.528361 6.545899 14.749515
v -11.522894 6.300140 14.744100
v -11.522907 6.842094 14.784284
v -11.519637 7.222754 14.846177
v -10.384697 6.076043 15.537643
v -10.470404 6.980011 16.720900
v -10.471149 7.034297 16.424154
v -10.482056 6.895386 16.050730
v -10.487999 6.768335 15.863815
v -10.503522 6.688311 15.725343
v -10.475200 6.370155 15.567336
v -10.580995 6.184493 15.020351
v -10.561146 6.557583 15.025970
v -10.488673 6.259934 15.344032
v -10.479081 6.567034 15.385016
v -10.477808 6.600141 15.576540
v -11.213673 7.597700 14.818818
v -11.490951 7.591248 14.924976
v -10.550874 6.691821 17.023207
v -10.415929 6.778322 16.928591
v -11.962311 6.204597 15.991567
v -12.037307 6.248150 15.778037
v -11.979880 5.775870 15.690837
v -11.781108 5.782196 14.890597
v -11.522884 6.300145 14.744097
v -11.500541 5.763218 14.728873
v -11.810050 6.287867 14.923856
v -12.008435 6.276083 15.140740
v -11.956111 5.781244 15.103316
v -12.017398 5.772987 15.419987
v -12.071462 6.269362 15.447241
v -11.875149 5.770322 15.909482
v -10.964836 5.752814 16.637068
v -11.324810 5.737377 16.435392
v -10.652959 5.876396 16.860165
v -10.448646 6.076403 16.965996
v -10.274723 6.327049 16.993050
v -12.035684 6.492140 15.154919
v -12.059947 6.770795 15.204754
v -12.109210 6.985373 15.513250
v -12.050665 7.085256 15.277034
v -12.109176 6.564913 15.463121
v -11.528360 6.545901 14.749514
v -11.822422 6.519904 14.942940
v -11.837785 6.800841 14.981513
v -11.840396 7.172498 15.060828
v -11.996939 7.380618 15.325269
v -11.522310 6.841914 14.784284
v -12.078744 6.553005 15.827232
v -12.096164 6.932329 15.861067
v -12.062310 7.314353 15.575168
v -11.969350 6.509041 16.130304
v -12.050657 7.279679 15.854426
v -11.905519 7.255772 16.407356
v -11.763591 7.577900 16.473734
v -11.882531 7.607300 16.104822
v -11.792170 7.226180 16.657871
v -11.769702 6.836826 16.729368
v -11.935236 6.882756 16.422607
v -11.858994 6.479541 16.435480
v -11.623459 7.494569 16.760828
v -11.636880 6.885828 16.911015
v -11.659364 7.207279 16.850328
v -11.472928 7.425787 16.906252
v -11.530992 6.584149 16.963524
v -11.424176 6.988647 17.006618
v -11.639107 6.402799 16.752949
v -11.685472 6.146762 16.436562
v -11.421101 6.100920 16.714567
v -11.173235 7.103736 17.055958
v -11.240187 7.427801 16.985113
v -11.290614 6.649281 17.056900
v -11.047441 6.812905 17.093109
v -11.364331 6.317893 16.972595
v -11.131252 6.426582 17.058605
v -10.907931 6.624851 17.102188
v -10.742273 6.511695 17.074253
v -11.154273 6.127820 16.936481
v -10.934217 6.280658 17.035522
v -11.648438 5.757192 16.260010
v -11.518414 7.222340 14.846175
v -11.853508 6.181814 16.242872
v -11.490087 7.590928 14.924970
v -11.782564 7.604128 15.154212
v -11.920845 7.612516 15.384300
v -11.944282 7.623266 15.718301
v -11.959419 7.256752 16.125965
v -11.985296 6.895210 16.133398
v -10.183202 7.723913 13.717226
v -10.031833 7.699501 13.880136
v -10.079599 7.729749 13.778030
v -10.312220 7.581974 13.623970
v -10.243081 7.659074 13.631481
v -10.027105 7.663486 14.005638
v -10.100066 7.581190 14.079778
v -10.402994 7.499714 13.682256
v -10.226934 7.494396 14.097060
v -10.338937 7.443283 14.031096
v -10.429712 7.415590 13.915413
v -10.456995 7.430596 13.789599
v -10.032331 7.496922 13.651145
v -10.241178 7.434159 13.593161
v -10.134092 7.489295 13.584755
v -9.949403 7.568590 13.855346
v -9.971764 7.551934 13.727566
v -10.321037 7.362529 13.660932
v -10.349193 7.299837 13.785784
v -10.263460 7.313661 13.956646
v -10.152313 7.364144 14.039989
v -10.040906 7.439449 14.042572
v -9.960300 7.516778 13.992630
v -10.240835 7.434159 13.592783
v -10.312600 7.581873 13.624436
v -10.212800 7.560295 13.583860
v -10.403328 7.499454 13.682747
v -10.320807 7.362679 13.660606
v -10.457150 7.430291 13.789913
v -10.349090 7.300151 13.785522
v -10.429761 7.415403 13.915555
v -10.263430 7.314093 13.956408
v -10.338959 7.443172 14.031172
v -10.133819 7.489217 13.584490
v -10.178566 7.591671 13.561460
v -10.206099 7.681698 13.601375
v -10.158033 7.743974 13.673262
v -9.982115 7.676398 13.727705
v -10.060787 7.744310 13.730986
v -10.243294 7.659047 13.631728
v -10.183315 7.723892 13.717362
v -10.079936 7.729708 13.778420
v -9.992037 7.653552 13.779977
v -10.032261 7.699386 13.880661
v -9.949248 7.568589 13.855177
v -10.027431 7.663259 14.006104
v -9.960131 7.516892 13.992390
v -10.100233 7.580907 14.080095
v -10.040799 7.439701 14.042335
v -10.226996 7.494146 14.097246
v -10.152274 7.364506 14.039774
v -10.338979 7.443067 14.031243
v -10.263431 7.314071 13.956420
v -9.971753 7.551931 13.727556
v -9.959888 7.584584 13.682309
v -10.019491 7.533434 13.615032
v -10.032339 7.496926 13.651153
v -10.106130 7.527563 13.559721
v -10.121404 7.211645 15.924252
v -10.151417 7.165217 15.684882
v -10.109843 7.069850 15.797195
v -10.160497 7.311291 15.791727
v -10.210269 7.448133 16.068632
v -10.137566 7.378529 16.163490
v -10.202428 7.536668 15.969547
v -10.026020 7.176715 15.986874
v -10.017527 7.035026 15.859813
v -9.910245 7.191459 16.003536
v -9.885848 7.054630 15.882925
v -9.810987 7.244592 15.950398
v -9.775374 7.113592 15.822112
v -9.772312 7.360309 15.826338
v -9.752418 7.224956 15.704350
v -9.803247 7.457330 15.726768
v -9.779768 7.324700 15.597210
v -9.917751 7.507163 15.655124
v -9.906001 7.380807 15.520832
v -10.036222 7.457836 15.643667
v -10.036106 7.351183 15.525969
v -10.126607 7.406787 15.699382
v -10.142536 7.269886 15.583872
v -10.160497 7.311291 15.791727
v -10.151417 7.165217 15.684881
v -10.143843 7.631864 15.873489
v -10.202428 7.536668 15.969547
v -10.023553 7.691720 15.842464
v -9.895715 7.702255 15.850434
v -9.802273 7.649124 15.921552
v -9.765346 7.576217 16.023283
v -9.795678 7.474366 16.128445
v -9.871900 7.404784 16.199684
v -10.025081 7.372679 16.203861
v -10.226610 7.232421 13.643670
v -10.318855 7.367648 13.689859
v -10.156739 7.320899 13.569994
v -10.325535 7.317993 13.797630
v -10.235149 7.180853 13.747757
v -10.239472 7.314405 13.944321
v -10.166551 7.170318 13.883877
v -10.481066 7.513584 13.946608
v -10.393344 7.540244 14.042974
v -10.515198 7.539742 13.815583
v -10.478652 7.609609 13.726034
v -10.260940 7.444563 13.622424
v -10.380157 7.708745 13.656141
v -10.156262 7.511130 13.620775
v -10.274028 7.767524 13.687049
v -10.029355 7.562279 13.728252
v -10.166929 7.812332 13.781252
v -10.106507 7.802647 13.897392
v -9.965506 7.574529 13.855635
v -10.104906 7.763150 14.020680
v -9.975246 7.520875 13.988759
v -10.176731 7.687313 14.094323
v -10.039706 7.419188 14.031400
v -10.277760 7.597360 14.113535
v -9.946486 7.175140 15.681417
v -10.151417 7.165217 15.684882
v -10.142536 7.269886 15.583873
v -10.109843 7.069850 15.797195
v -10.017527 7.035026 15.859813
v -9.885848 7.054630 15.882925
v -9.775374 7.113592 15.822112
v -9.752418 7.224956 15.704350
v -9.779768 7.324700 15.597210
v -9.906001 7.380807 15.520832
v -10.036106 7.351183 15.525970
v -10.031701 7.272670 13.771898
v -10.070590 7.190889 13.992112
v -10.165474 7.166903 13.884306
v -9.949681 7.269470 14.009347
v -9.860861 7.352788 13.956062
v -9.846260 7.416809 13.812756
v -9.921295 7.415817 13.684279
v -10.037309 7.387032 13.573029
v -10.159883 7.322522 13.572687
v -10.228056 7.232192 13.645370
v -10.235295 7.179037 13.748775
v -9.964256 7.570811 16.046082
v -9.871900 7.404784 16.199682
v -9.795678 7.474366 16.128445
v -10.025081 7.372679 16.203861
v -10.137566 7.378529 16.163490
v -10.210269 7.448133 16.068632
v -10.202428 7.536668 15.969547
v -10.143843 7.631864 15.873488
v -10.023553 7.691720 15.842464
v -9.895715 7.702255 15.850434
v -9.802273 7.649124 15.921552
v -9.765346 7.576217 16.023283
v -10.305367 7.719270 13.886865
v -10.271867 7.768106 13.684395
v -10.378471 7.709446 13.653954
v -10.165017 7.812838 13.778907
v -10.103683 7.803793 13.893741
v -10.102214 7.765258 14.016720
v -10.174987 7.689939 14.091161
v -10.276958 7.599544 14.111619
v -10.393158 7.540858 14.042480
v -10.480705 7.514632 13.945716
v -10.514478 7.540973 13.814208
v -10.477519 7.610675 13.724283
v -10.033125 7.383698 13.569999
v -9.917341 7.412450 13.681519
v -9.843185 7.414341 13.810537
v -9.859644 7.352639 13.954793
v -9.949945 7.271264 14.008789
v -10.071812 7.193968 13.992001
v -10.141010 7.360840 14.027547
v -10.166338 7.169644 13.883962
v -10.239513 7.314019 13.944548
v -10.393625 7.539319 14.043722
v -10.078887 10.219240 14.890726
v -9.953433 10.196872 15.126771
v -10.129588 10.091847 14.843707
v -10.006220 10.263362 15.008055
v -10.079730 10.219978 14.890428
v -9.952265 10.058937 15.178411
v -10.128458 9.953844 14.895327
v -10.003085 9.930467 15.131790
v -10.075552 9.887387 15.015259
v -10.040663 9.663486 15.217130
v -10.027728 9.924880 15.147241
v -9.976911 10.046850 15.193104
v -10.106355 9.900117 15.032907
v -10.251049 9.710670 14.882815
v -10.153217 9.972056 14.915873
v -10.152972 10.110785 14.864849
v -10.225520 9.676906 15.238415
v -10.212111 10.066222 15.111317
v -10.347705 9.716055 14.992115
v -10.146480 10.099132 14.863182
v -10.244111 9.706655 14.884501
v -10.244538 10.081830 14.968789
v -10.147717 9.965858 14.914387
v -10.069427 9.894825 15.018989
v -10.095924 9.899074 15.033458
v -10.121917 9.961229 14.898817
v -10.122787 10.096912 14.847054
v -10.073528 10.217843 14.893046
v -10.181911 10.220695 15.034015
v -10.126109 10.204528 15.140774
v -10.093146 10.269483 15.061124
v -9.951077 10.181066 15.126509
v -10.003102 10.257665 15.009098
v -10.051367 9.641526 15.211679
v -9.978078 10.042855 15.191896
v -10.118344 10.042823 15.214424
v -9.953008 10.043642 15.176686
v -10.031566 9.923855 15.144547
v -10.004126 9.921629 15.130757
v -10.102528 9.886047 15.029262
v -10.074610 9.882647 15.015580
v -10.205563 11.609831 15.499439
v -10.284530 11.330657 15.530231
v -10.347003 11.697820 15.344484
v -10.135354 11.323255 15.681823
v -10.041739 11.640476 15.659058
v -10.001017 11.324096 15.525485
v -9.922674 11.528973 15.478568
v -9.954468 11.425813 15.513983
v -9.982102 11.531703 15.270093
v -10.175179 11.576483 15.215219
v -10.427711 11.378203 15.379068
v -10.226437 11.477085 15.227882
v -10.252138 11.371471 15.259453
v -10.039952 11.353580 15.308966
v -10.170671 11.444366 15.242616
v -10.178615 11.444877 15.237754
v -9.954405 11.402552 15.477410
v -9.955156 11.403646 15.474473
v -9.954009 11.401015 15.481212
v -10.185153 11.444736 15.233194
v -10.169607 11.439450 15.243074
v -10.177542 11.443365 15.238443
v -9.952716 11.400788 15.482097
v -9.954117 11.398633 15.477404
v -10.239868 11.482650 15.281932
v -10.140943 11.449470 15.267627
v -10.214796 11.478567 15.313101
v -10.146792 11.449974 15.245886
v -10.298260 11.588996 15.423608
v -10.336493 11.532823 15.408772
v -10.135363 11.509620 15.307235
v -10.132230 11.453862 15.247149
v -10.111856 11.516994 15.230586
v -10.173926 11.528318 15.251026
v -10.285398 11.543073 15.285192
v -10.377133 11.579769 15.351250
v -10.371987 11.539468 15.372499
v -10.115196 11.435996 15.246744
v -10.054367 11.512982 15.225037
v -10.087593 11.440135 15.249044
v -10.213030 11.590495 15.503529
v -10.052981 11.490778 15.342374
v -10.081809 11.430684 15.250103
v -10.001347 11.410594 15.281778
v -9.972235 11.498120 15.268596
v -9.931438 11.489670 15.357306
v -9.972268 11.409909 15.367951
v -9.970558 11.417966 15.375318
v -10.022323 11.488272 15.426620
v -10.140813 11.559468 15.584193
v -10.043357 11.446367 15.489808
v -10.139715 11.495976 15.607828
v -10.102178 11.488890 15.647222
v -10.011068 11.439628 15.519386
v -10.073533 11.522839 15.661100
v -10.007982 11.490967 15.571241
v -9.965452 11.489023 15.470057
v -9.967863 11.416150 15.436546
v -9.938379 11.484145 15.416479
v -9.966297 11.422430 15.425373
v -9.969641 11.408380 15.403720
v -9.990721 11.421101 15.426865
v -10.032778 11.449522 15.559504
v -10.102592 11.487832 15.650909
v -10.138487 11.494499 15.615891
v -10.070624 11.458591 15.539381
v -9.983188 11.419193 15.448609
v -10.020428 11.427985 15.448993
v -10.057696 11.388938 15.468625
v -10.084548 11.406953 15.510355
v -9.987400 11.413884 15.416356
v -9.976988 11.410466 15.416997
v -9.984206 11.374138 15.419737
v -9.990165 11.383577 15.452858
v -10.037777 11.416453 15.568869
v -10.115688 11.457325 15.690720
v -9.974801 11.414007 15.387969
v -9.988899 11.367442 15.379733
v -10.042770 11.367050 15.429941
v -10.072671 11.370552 15.356106
v -10.142366 11.417229 15.426802
v -10.221911 11.432889 15.363545
v -10.140344 11.385582 15.323280
v -10.179328 11.411950 15.337555
v -10.111700 11.437529 15.279625
v -10.148509 11.452270 15.309904
v -10.247026 11.491844 15.352989
v -9.981555 11.405490 15.378070
v -9.981862 11.412780 15.367496
v -10.013003 11.417202 15.311374
v -10.064236 11.428445 15.276975
v -10.073425 11.423024 15.275869
v -10.080790 11.434220 15.270301
v -10.111812 11.436115 15.268649
v -10.150768 11.450900 15.268398
v -10.276418 11.495350 15.305932
v -10.336684 11.531703 15.412299
v -10.375695 11.539047 15.372474
v -10.295010 11.464797 15.302519
v -10.424044 11.515106 15.378009
v -10.023021 11.371751 15.314791
v -10.082785 11.385303 15.276359
v -10.122918 11.400451 15.268616
v -10.167151 11.416975 15.264854
v -10.202901 11.360147 15.282105
v -10.323721 11.396603 15.314738
v -10.022333 11.326135 15.472229
v -10.062016 11.347395 15.586596
v -10.010519 11.319087 15.428166
v -10.017762 11.316066 15.392975
v -10.047798 11.320145 15.328805
v -10.109845 11.333513 15.292938
v -10.149225 11.345291 15.279554
v -10.022128 11.425641 15.321505
v -10.020645 11.409902 15.321877
v -9.996198 11.411635 15.364244
v -10.020044 11.420349 15.415716
v -10.084587 11.442105 15.372930
v -10.044796 11.450064 15.488277
v -10.176122 11.471371 15.451087
v -10.155781 11.447920 15.321139
v -10.061920 11.424149 15.291751
v -10.335548 11.531476 15.413465
v -10.248159 11.492075 15.351697
v -10.265110 11.519723 15.538544
v -10.138451 11.494490 15.615993
v -10.072233 11.458990 15.535440
v -10.084462 11.406932 15.510544
v -10.008771 11.392049 15.366323
v -10.031522 11.396226 15.330963
v -10.066050 11.402947 15.303107
v -10.222794 11.433071 15.362457
vn 0.5270 -0.8402 0.1278
vn 0.2126 -0.4198 0.8824
vn 0.1403 -0.3287 0.9340
vn -0.5158 -0.8437 0.1487
vn -0.9797 -0.1148 -0.1641
vn -0.7235 -0.4686 -0.5069
vn -0.6932 -0.1103 0.7122
vn -0.3098 -0.6360 0.7068
vn -0.1231 -0.1095 0.9863
vn 0.0710 -0.1832 0.9805
vn 0.0494 -0.0927 0.9945
vn -0.0889 -0.8156 0.5718
vn 0.3426 -0.0608 0.9375
vn 0.2844 -0.8003 0.5278
vn 0.6138 -0.0620 0.7870
vn 0.7697 -0.4364 0.4660
vn 0.9255 0.0516 0.3752
vn 0.6258 -0.7624 -0.1647
vn 0.9298 0.0761 -0.3601
vn 0.4601 -0.4057 -0.7897
vn 0.3898 0.0222 -0.9206
vn -0.0992 -0.8085 -0.5801
vn -0.1614 -0.0365 -0.9862
vn -0.4105 -0.4013 -0.8188
vn -0.3683 -0.1629 -0.9153
vn -0.4209 -0.0758 -0.9039
vn 0.0297 -0.5873 -0.8088
vn 0.0767 -0.7468 -0.6607
vn -0.3562 -0.6251 -0.6946
vn -0.6037 -0.1484 -0.7832
vn -0.9797 -0.1148 -0.1642
vn 0.3272 -0.9223 0.2057
vn 0.4022 -0.5082 0.7615
vn 0.1046 -0.3684 0.9238
vn 0.3891 -0.0451 0.9201
vn 0.5422 -0.6135 0.5741
vn 0.8431 0.0025 0.5377
vn 0.2758 -0.5597 0.7814
vn 0.1690 -0.0370 0.9849
vn 0.1393 -0.1766 0.9744
vn -0.1223 -0.1659 0.9785
vn -0.2971 -0.6812 0.6691
vn -0.7057 -0.1614 0.6899
vn 0.6717 -0.7408 -0.0100
vn 0.9817 0.0948 -0.1651
vn 0.6552 -0.3740 -0.6564
vn 0.5935 0.0821 -0.8006
vn 0.0660 -0.5884 -0.8059
vn 0.1078 0.0511 -0.9929
vn -0.1896 -0.0745 -0.9790
vn -0.2513 -0.9037 -0.3466
vn -0.4536 -0.0980 -0.8858
vn -0.2442 -0.4176 -0.8752
vn -0.4246 -0.1875 -0.8858
vn -0.3050 -0.5159 -0.8005
vn -0.5980 -0.1213 -0.7923
vn -0.7065 -0.4504 -0.5459
vn -0.9713 -0.1382 -0.1935
vn -0.4890 -0.8642 0.1185
vn -0.7059 -0.1614 0.6896
vn -0.2970 -0.6812 0.6691
vn 0.5270 -0.7016 -0.4796
vn -0.8703 0.0444 0.4905
vn -0.4285 0.7550 0.4964
vn -0.6601 0.7424 0.1148
vn -0.9871 0.0107 -0.1596
vn -0.7575 0.4811 -0.4413
vn -0.9918 -0.1077 -0.0687
vn -0.8001 -0.0683 0.5959
vn -0.9915 -0.1235 0.0416
vn -0.7708 -0.0720 0.6330
vn -0.8478 0.0025 0.5304
vn -0.8018 0.0053 0.5975
vn -0.7059 -0.1614 0.6897
vn -0.9951 0.0371 -0.0911
vn -0.6941 -0.1616 -0.7015
vn -0.9592 -0.0125 -0.2825
vn -0.7549 -0.1164 -0.6454
vn -0.7532 -0.3914 -0.5286
vn -0.7933 0.4268 -0.4342
vn -0.1481 0.9576 -0.2470
vn -0.2724 0.5687 -0.7761
vn -0.1325 0.5371 -0.8331
vn 0.0622 0.5834 -0.8098
vn 0.3169 0.4504 -0.8347
vn 0.5632 0.5515 -0.6153
vn 0.2771 -0.1080 -0.9548
vn 0.7738 -0.1974 -0.6018
vn 0.7811 -0.0207 -0.6240
vn 0.2828 -0.5587 -0.7797
vn -0.1299 -0.5643 -0.8153
vn -0.3108 -0.1395 -0.9402
vn -0.1005 -0.0542 -0.9935
vn 0.7199 -0.0073 -0.6941
vn 0.9952 -0.0018 -0.0977
vn 0.9529 0.2646 -0.1482
vn 0.7733 0.0597 -0.6313
vn 0.9860 0.0930 0.1385
vn 0.7868 0.0104 0.6171
vn 0.4720 0.6086 0.6378
vn 0.3305 0.0051 0.9438
vn 0.1156 0.9728 0.2010
vn 0.0312 0.4444 0.8953
vn -0.2735 -0.0184 0.9617
vn -0.4774 0.0433 0.8776
vn -0.8000 -0.0683 0.5962
vn -0.8702 0.0443 0.4906
vn -0.4286 0.7550 0.4963
vn 0.5697 0.1354 0.8106
vn -0.1483 -0.0321 0.9884
vn -0.7707 -0.0719 0.6332
vn -0.8476 0.0026 0.5306
vn -0.2228 -0.0225 0.9746
vn -0.1905 -0.1193 0.9744
vn -0.8017 0.0053 0.5977
vn -0.1223 -0.1660 0.9785
vn 0.1392 -0.1766 0.9744
vn 0.1652 -0.0801 0.9830
vn 0.2194 -0.0045 0.9756
vn 0.5270 -0.8402 0.1277
vn -0.3098 -0.6359 0.7069
vn -0.5158 -0.8437 0.1488
vn 0.1403 -0.3290 0.9338
vn -0.0889 -0.8155 0.5719
vn -0.0992 -0.8084 -0.5802
vn 0.2845 -0.8002 0.5280
vn 0.2128 -0.4198 0.8823
vn 0.0296 -0.5872 -0.8089
vn 0.0763 -0.7467 -0.6608
vn -0.3562 -0.6250 -0.6946
vn 0.6261 -0.7622 -0.1647
vn 0.4601 -0.4060 -0.7896
vn 0.7696 -0.4367 0.4659
vn 0.1995 -0.1423 0.9695
vn -0.3909 -0.0782 0.9171
vn -0.1132 -0.1415 0.9834
vn 0.5985 -0.1526 0.7864
vn 0.4051 -0.0385 0.9135
vn 0.2237 -0.6185 0.7533
vn -0.7578 -0.2653 0.5961
vn -0.8068 0.1040 0.5816
vn -0.4579 0.5516 0.6972
vn -0.5777 0.7963 0.1795
vn 0.9624 -0.0455 0.2677
vn 0.9718 -0.0855 0.2198
vn 0.9223 -0.0563 -0.3825
vn 0.9615 -0.2486 0.1168
vn 0.9057 0.2254 -0.3589
vn 0.9887 -0.0106 0.1497
vn 0.4006 0.9146 0.0559
vn 0.7443 0.5743 0.3408
vn 0.7323 -0.0084 0.6809
vn 0.3846 0.5871 0.7123
vn 0.3135 0.2858 0.9056
vn 0.0496 0.6644 0.7458
vn -0.2162 0.4767 0.8521
vn 0.6545 -0.5134 0.5550
vn -0.2692 -0.9218 0.2789
vn 0.2151 -0.5222 0.8253
vn 0.6375 -0.4452 0.6288
vn 0.7842 0.2250 0.5782
vn 0.3136 0.4138 0.8547
vn -0.4353 0.8281 0.3531
vn -0.3892 0.0280 -0.9207
vn -0.4535 -0.0979 -0.8858
vn 0.4937 0.8304 0.2582
vn 0.5422 0.8134 0.2107
vn 0.4330 0.3390 0.8352
vn 0.7611 0.3357 0.5549
vn 0.7908 0.5657 -0.2338
vn 0.9817 0.0949 -0.1651
vn 0.5935 0.0823 -0.8006
vn 0.4692 0.4116 -0.7813
vn 0.1078 0.0513 -0.9928
vn 0.1280 0.4015 -0.9069
vn -0.1632 0.2251 -0.9606
vn 0.3676 0.8391 -0.4009
vn 0.2396 0.7072 -0.6651
vn 0.1911 -0.0099 0.9815
vn 0.4244 0.3852 0.8195
vn -0.3583 0.0053 -0.9336
vn -0.1612 0.2626 -0.9514
vn -0.0616 0.1269 -0.9900
vn 0.3939 0.4539 -0.7993
vn 0.6930 0.1949 -0.6940
vn -0.3248 0.0309 -0.9453
vn -0.1004 -0.0541 -0.9935
vn 0.1274 0.0304 0.9914
vn 0.1631 0.0003 0.9866
vn 0.0495 -0.0927 0.9945
vn 0.3327 0.2338 0.9136
vn 0.3427 -0.0604 0.9375
vn 0.1810 0.0338 0.9829
vn 0.4491 0.1161 0.8859
vn 0.4103 -0.0391 0.9111
vn 0.9549 0.1599 0.2504
vn 0.5879 0.3285 0.7392
vn 0.6138 -0.0619 0.7870
vn 0.5686 0.6890 0.4495
vn 0.5268 0.4716 0.7072
vn 0.7246 0.6827 0.0945
vn -0.1156 0.1610 -0.9802
vn -0.3008 0.0002 -0.9537
vn 0.0902 0.1250 -0.9880
vn 0.3939 0.7954 -0.4607
vn 0.5047 0.6642 -0.5514
vn -0.0302 0.3799 -0.9245
vn 0.5515 0.8195 0.1557
vn 0.3289 0.8148 -0.4775
vn -0.0325 0.3337 -0.9421
vn -0.3285 -0.0041 -0.9445
vn 0.3035 0.3348 -0.8921
vn 0.7929 0.5126 -0.3295
vn 0.8701 0.4052 0.2806
vn 0.9255 0.0518 0.3752
vn 0.9298 0.0763 -0.3601
vn 0.3468 -0.5319 -0.7725
vn 0.2528 0.3392 -0.9061
vn -0.1497 -0.5858 -0.7965
vn -0.2115 0.4884 -0.8466
vn -0.7412 -0.6713 -0.0048
vn -0.2340 0.9315 -0.2783
vn -0.2970 -0.6811 0.6692
vn 0.1045 -0.3686 0.9237
vn -0.4891 -0.8641 0.1186
vn 0.5273 -0.7015 -0.4793
vn -0.3048 -0.5159 -0.8006
vn -0.7064 -0.4507 -0.5458
vn 0.6718 -0.7407 -0.0100
vn 0.6552 -0.3743 -0.6563
vn -0.2513 -0.9037 -0.3465
vn 0.5423 -0.6134 0.5741
vn 0.0171 -0.5111 0.8593
vn 0.4022 -0.5082 0.7616
vn -0.2441 -0.4177 -0.8752
vn -0.8056 0.0558 0.5898
vn -0.6932 -0.1103 0.7123
vn -0.9796 0.0600 -0.1920
vn -0.9970 0.0652 -0.0411
vn -0.7377 0.0236 0.6748
vn -0.8150 -0.0683 0.5755
vn -0.9982 -0.0010 -0.0598
vn -0.9093 0.0072 0.4161
vn -0.9705 0.0430 -0.2371
vn -0.9875 0.1564 -0.0199
vn -0.5364 0.8108 -0.2342
vn -0.1651 0.0293 0.9858
vn -0.1164 -0.0614 0.9913
vn 0.1630 0.0003 0.9866
vn 0.0470 0.9985 -0.0288
vn -0.6602 0.7422 0.1149
vn -0.4286 0.7549 0.4964
vn -0.7575 0.4810 -0.4413
vn -0.1481 0.9577 -0.2467
vn -0.2723 0.5686 -0.7762
vn 0.0624 0.5834 -0.8098
vn 0.5631 0.5515 -0.6154
vn 0.9528 0.2648 -0.1484
vn 0.4721 0.6086 0.6378
vn 0.1157 0.9728 0.2009
vn 0.0311 0.4446 0.8952
vn 0.0139 0.9999 0.0055
vn -0.6717 0.7276 -0.1394
vn -0.6566 0.7137 0.2441
vn -0.4887 0.4185 -0.7655
vn -0.0299 0.9695 -0.2432
vn 0.0765 0.6178 -0.7826
vn 0.8829 0.3169 -0.3466
vn 0.3226 0.9439 0.0707
vn 0.7181 0.6165 0.3230
vn 0.3737 0.5834 0.7211
vn -0.0072 0.6283 0.7779
vn -0.5102 0.4608 0.7262
vn -0.5980 -0.1214 -0.7923
vn -0.6695 -0.0646 -0.7400
vn -0.5618 0.0004 -0.8273
vn -0.2994 0.0027 -0.9541
vn -0.6602 0.0084 -0.7511
vn 0.0906 0.1223 -0.9884
vn -0.6836 0.0202 -0.7296
vn -0.3532 -0.0728 -0.9327
vn -0.6588 -0.0994 -0.7458
vn -0.3684 -0.1629 -0.9153
vn -0.9795 0.0600 -0.1922
vn -0.9969 0.0663 -0.0427
vn -0.9966 -0.0152 -0.0806
vn -0.9715 0.0135 -0.2366
vn 0.8031 0.0456 -0.5941
vn 0.3891 -0.0123 -0.9211
vn -0.1845 0.0066 -0.9828
vn -0.6607 0.0265 -0.7502
vn -0.8664 0.0878 -0.4916
vn -0.9935 0.1093 0.0319
vn -0.6095 0.7704 -0.1871
vn -0.4354 0.4588 -0.7745
vn 0.0035 0.9727 -0.2322
vn 0.1137 0.5965 -0.7945
vn -0.3719 -0.0388 -0.9275
vn 0.0936 -0.0854 0.9919
vn -0.4104 -0.4014 -0.8188
vn -0.1896 -0.0743 -0.9790
vn 0.0821 0.4865 -0.8698
vn 0.5530 0.7095 -0.4368
vn 0.8204 0.5372 0.1959
vn 0.6883 0.6873 0.2319
vn 0.1709 -0.0480 0.9841
vn 0.3868 0.1635 0.9076
vn 0.1653 -0.0801 0.9830
vn 0.5698 0.1356 0.8105
vn 0.0936 -0.0856 0.9919
vn 0.9381 0.2881 0.1921
vn 0.9860 0.0932 0.1384
vn 0.7199 -0.0071 -0.6940
vn 0.3489 0.2559 0.9015
vn 0.9703 -0.0431 0.2382
vn 0.7856 0.0582 -0.6160
vn 0.7594 0.4284 0.4897
vn 0.6310 0.5089 -0.5856
vn 0.7250 0.2555 -0.6397
vn -0.3488 -0.0414 -0.9363
vn -0.4209 -0.0760 -0.9039
vn -0.3542 -0.0732 -0.9323
vn 0.1771 0.7798 -0.6004
vn 0.1824 0.6445 -0.7425
vn 0.3590 0.6253 -0.6929
vn 0.6072 0.1831 0.7731
vn 0.3654 0.2726 0.8900
vn 0.2603 0.3774 0.8887
vn 0.1944 0.2194 0.9561
vn 0.0106 0.1152 0.9933
vn 0.2192 0.2801 0.9346
vn -0.4219 0.1141 -0.8994
vn -0.5338 0.2014 -0.8213
vn -0.5994 0.4008 -0.6929
vn -0.8348 0.4571 -0.3069
vn -0.7821 0.6005 -0.1663
vn 0.8992 0.4288 0.0875
vn 0.8667 0.4981 0.0268
vn 0.8573 0.4821 -0.1808
vn 0.8823 0.2797 0.3787
vn 0.8665 0.4984 0.0282
vn 0.8961 0.4339 0.0933
vn 0.7494 0.6605 -0.0464
vn 0.7630 0.4822 -0.4306
vn 0.9379 0.3439 -0.0463
vn 0.9904 0.0624 0.1231
vn 0.9906 0.0602 0.1232
vn 0.9307 0.0677 0.3594
vn 0.8823 0.2807 0.3779
vn 0.8603 0.0859 0.5025
vn 0.9400 -0.0915 0.3288
vn 0.8074 -0.1587 0.5683
vn 0.9655 0.2047 0.1611
vn 0.9693 -0.0419 0.2423
vn 0.0541 0.3152 -0.9475
vn 0.2168 0.3181 -0.9229
vn 0.3593 0.6260 -0.6921
vn 0.2139 0.0334 -0.9763
vn 0.0159 0.0596 -0.9981
vn -0.0760 0.6769 -0.7321
vn 0.1910 0.8247 -0.5323
vn 0.1168 -0.2067 -0.9714
vn 0.0166 0.0584 -0.9982
vn -0.5352 -0.2141 -0.8171
vn -0.1979 0.1069 -0.9744
vn 0.1167 -0.2068 -0.9714
vn 0.1758 -0.1809 -0.9676
vn -0.4405 0.0763 -0.8945
vn -0.4571 0.2457 -0.8548
vn -0.3850 0.3618 -0.8490
vn -0.2900 0.4607 -0.8388
vn -0.1565 0.5528 -0.8185
vn -0.9325 0.2942 -0.2096
vn -0.8606 0.5004 -0.0946
vn -0.7192 0.5738 0.3918
vn -0.7641 0.5202 0.3815
vn -0.7302 0.5716 0.3743
vn -0.7189 0.5742 0.3917
vn -0.9050 0.4020 0.1391
vn -0.7635 0.5203 0.3825
vn -0.9029 0.3777 -0.2053
vn -0.9299 0.3624 0.0629
vn -0.9026 0.3779 -0.2059
vn -0.5760 0.1082 -0.8102
vn -0.5312 0.1981 -0.8237
vn -0.4229 0.1143 -0.8990
vn -0.5771 0.1075 -0.8095
vn -0.8885 0.0769 -0.4523
vn -0.8350 0.4566 -0.3070
vn -0.5299 0.2671 -0.8049
vn -0.6793 0.1205 -0.7239
vn -0.6967 0.1732 -0.6962
vn -0.4203 0.1133 -0.9003
vn -0.5755 0.1059 -0.8109
vn -0.5736 0.1138 -0.8112
vn -0.5737 0.1136 -0.8112
vn -0.4641 0.1124 -0.8786
vn 0.5269 0.4052 -0.7471
vn 0.5153 0.5737 -0.6367
vn 0.6348 0.3548 -0.6864
vn 0.1729 0.6148 -0.7695
vn -0.0477 0.2511 -0.9668
vn 0.0548 0.3141 -0.9478
vn 0.3596 0.6247 -0.6931
vn 0.1823 0.6440 -0.7430
vn 0.3475 0.6614 -0.6647
vn 0.3474 0.6623 -0.6639
vn 0.1826 0.6462 -0.7410
vn 0.1796 0.7801 -0.5993
vn 0.6022 0.5390 -0.5889
vn 0.7370 0.5522 -0.3896
vn 0.3481 0.6610 -0.6648
vn 0.6003 0.5405 -0.5895
vn 0.6025 0.5422 -0.5856
vn 0.7378 0.5522 -0.3883
vn 0.6241 0.4018 -0.6701
vn 0.5836 0.2834 -0.7609
vn -0.9914 -0.0046 0.1308
vn -0.9220 -0.1376 -0.3619
vn -0.9984 -0.0517 -0.0247
vn -0.9287 0.0233 0.3701
vn -0.8280 0.0476 0.5588
vn -0.6759 0.0503 0.7353
vn -0.6452 0.0282 0.7635
vn -0.8280 0.0475 0.5587
vn -0.6757 0.0503 0.7354
vn -0.4808 0.0072 0.8768
vn -0.4127 -0.0494 0.9095
vn 0.0260 -0.1921 0.9810
vn -0.4125 -0.0495 0.9096
vn -0.4805 0.0073 0.8769
vn -0.0869 -0.1827 0.9793
vn 0.3282 -0.3283 0.8857
vn 0.4725 -0.3631 0.8030
vn 0.5009 -0.3888 0.7732
vn 0.3488 -0.4019 0.8466
vn -0.8290 0.5340 0.1660
vn -0.7791 0.5656 0.2704
vn -0.8750 0.2680 -0.4032
vn 0.5722 0.3047 0.7614
vn 0.7307 0.0912 0.6766
vn 0.9151 0.1083 0.3883
vn 0.0270 0.4019 0.9153
vn 0.0266 0.4015 0.9155
vn 0.5719 0.3038 0.7620
vn -0.5792 -0.0776 -0.8115
vn -0.5458 -0.0729 -0.8347
vn -0.6554 0.0205 -0.7550
vn -0.4793 -0.1013 -0.8718
vn 0.5616 0.5786 -0.5915
vn 0.5621 0.5794 -0.5902
vn 0.9105 0.3262 -0.2541
vn 0.9990 0.0334 0.0313
vn 0.9881 -0.0855 0.1282
vn 0.9468 -0.0789 0.3120
vn 0.9770 0.0872 -0.1943
vn 0.9321 0.3371 -0.1322
vn 0.7644 0.5196 -0.3816
vn 0.8908 0.2526 -0.3777
vn 0.0465 0.2571 0.9653
vn -0.3040 0.3250 0.8955
vn -0.4643 0.4996 0.7313
vn -0.4693 0.3879 0.7933
vn -0.2540 0.3804 0.8892
vn 0.1115 0.3538 0.9286
vn 0.4857 0.0605 0.8720
vn 0.6354 0.1822 0.7504
vn -0.4757 0.4781 0.7383
vn -0.6302 0.4126 0.6578
vn -0.7168 0.5263 0.4573
vn -0.7847 0.3596 0.5050
vn -0.8324 -0.2076 -0.5138
vn -0.8142 -0.1493 -0.5610
vn 0.4878 0.0612 0.8708
vn 0.1231 -0.0467 0.9913
vn 0.4291 -0.0525 0.9018
vn 0.4896 0.0604 0.8699
vn 0.7654 -0.4991 0.4063
vn 0.8098 -0.1588 0.5648
vn 0.7745 -0.1432 0.6162
vn 0.7513 -0.3451 0.5626
vn 0.6044 0.0296 0.7962
vn 0.3637 0.2731 0.8906
vn 0.7516 -0.3449 0.5623
vn 0.7302 0.0905 0.6772
vn 0.6044 0.0296 0.7961
vn 0.7295 0.0917 0.6779
vn 0.7372 0.1973 0.6463
vn 0.7377 0.1963 0.6460
vn 0.8824 0.2798 0.3782
vn 0.8607 0.0857 0.5019
vn 0.9904 0.0623 0.1232
vn 0.8621 0.0856 0.4994
vn 0.8942 -0.3990 0.2033
vn 0.8097 -0.1586 0.5650
vn 0.8247 -0.4379 0.3580
vn 0.7656 -0.4988 0.4063
vn 0.8881 -0.4171 0.1931
vn 0.8565 -0.4373 0.2741
vn 0.6071 0.1830 0.7732
vn 0.6067 0.1830 0.7735
vn 0.3597 0.2721 0.8925
vn 0.3330 0.4566 0.8250
vn 0.6368 0.1817 0.7493
vn 0.3631 0.0847 0.9279
vn 0.4890 0.0604 0.8702
vn 0.1222 0.2183 0.9682
vn 0.5161 -0.1072 0.8498
vn 0.3341 0.3983 0.8543
vn 0.6361 0.1820 0.7499
vn 0.8670 -0.0875 0.4905
vn 0.8079 -0.1583 0.5676
vn 0.8662 -0.0868 0.4920
vn 0.9436 -0.0498 0.3273
vn 0.9765 -0.2073 0.0583
vn 0.9472 -0.0784 0.3108
vn 0.9833 0.0077 0.1820
vn 0.9663 0.2571 0.0133
vn 0.8667 0.4980 0.0268
vn 0.5605 0.5799 -0.5913
vn 0.9103 0.3271 -0.2539
vn 0.8462 0.4440 -0.2946
vn 0.6013 0.5408 -0.5882
vn 0.7370 0.5521 -0.3899
vn 0.8984 0.4301 0.0889
vn 0.2375 0.7768 -0.5832
vn 0.5619 0.5783 -0.5915
vn 0.6021 0.5389 -0.5891
vn 0.1825 0.6456 -0.7416
vn 0.3475 0.6622 -0.6639
vn 0.5461 0.4464 -0.7089
vn 0.1828 0.6446 -0.7423
vn 0.8906 0.2525 -0.3784
vn 0.6252 0.4015 -0.6692
vn 0.5840 0.2836 -0.7606
vn 0.8711 0.3351 -0.3590
vn 0.9291 0.0338 -0.3683
vn 0.9291 0.0328 -0.3683
vn 0.9286 0.0335 -0.3695
vn 0.8908 0.2517 -0.3783
vn 0.8897 0.3781 -0.2558
vn 0.9947 0.0927 0.0450
vn 0.8893 -0.1848 -0.4183
vn 0.8889 -0.1853 -0.4189
vn 0.9883 -0.0856 0.1262
vn 0.9214 -0.2223 -0.3187
vn 0.8888 -0.1855 -0.4191
vn 0.9884 -0.0864 0.1252
vn 0.9255 -0.1335 0.3545
vn 0.9458 -0.0763 0.3157
vn 0.8014 -0.0204 0.5977
vn 0.5878 -0.4071 0.6991
vn -0.6421 0.0494 0.7651
vn -0.6758 0.0502 0.7354
vn -0.8783 -0.1183 -0.4632
vn -0.8252 -0.0658 -0.5610
vn 0.2911 0.4044 0.8670
vn 0.2191 0.2801 0.9346
vn 0.0113 0.1152 0.9933
vn -0.3038 0.3263 0.8951
vn -0.4940 0.3207 0.8082
vn -0.0191 0.0128 0.9997
vn 0.0636 0.2693 0.9610
vn -0.3042 0.3252 0.8954
vn 0.0106 0.1151 0.9933
vn -0.4137 0.5135 0.7518
vn -0.4217 0.4215 0.8028
vn -0.4940 0.3203 0.8083
vn -0.4597 0.3632 0.8104
vn -0.4836 0.3894 0.7839
vn -0.8990 0.3436 0.2714
vn -0.7942 0.3590 0.4903
vn -0.9052 0.4016 0.1393
vn -0.8992 0.3432 0.2715
vn -0.7643 0.5198 0.3816
vn -0.8517 0.3001 0.4296
vn -0.6660 0.4426 0.6005
vn -0.6820 0.5898 0.4324
vn -0.4051 0.6309 0.6617
vn -0.7283 0.5830 0.3600
vn -0.7228 0.5727 0.3867
vn -0.9502 0.2908 -0.1117
vn -0.9195 0.3930 0.0092
vn -0.8074 0.5564 -0.1960
vn -0.9326 0.2937 -0.2096
vn -0.9030 0.3775 -0.2053
vn -0.8354 0.4563 -0.3064
vn -0.7398 0.6520 -0.1663
vn -0.8476 0.0445 -0.5288
vn -0.6882 0.0578 -0.7232
vn -0.8333 0.0786 -0.5472
vn -0.7202 0.1705 -0.6724
vn -0.5754 0.1060 -0.8110
vn -0.4187 0.1120 -0.9012
vn -0.6789 0.1220 -0.7240
vn -0.4826 0.3636 -0.7968
vn -0.4627 0.1113 -0.8795
vn -0.4434 0.3299 -0.8334
vn -0.8701 0.0795 -0.4863
vn -0.8750 0.2686 -0.4028
vn -0.8404 0.5418 0.0092
vn -0.7793 0.5654 0.2703
vn -0.5788 -0.0786 -0.8116
vn -0.5404 -0.0479 -0.8400
vn -0.6558 0.0205 -0.7547
vn -0.4685 -0.0670 -0.8809
vn -0.4562 -0.0181 -0.8897
vn -0.4491 -0.0353 -0.8928
vn -0.6253 0.5185 -0.5832
vn -0.4229 0.1149 -0.8989
vn -0.5339 0.2003 -0.8215
vn 0.0239 0.4012 0.9157
vn 0.5756 0.3017 0.7601
vn 0.0545 0.3148 -0.9476
vn 0.0543 0.4933 -0.8682
vn 0.3595 0.6258 -0.6922
vn 0.2140 0.0333 -0.9763
vn 0.1912 0.8250 -0.5318
vn -0.2910 0.4605 -0.8386
vn -0.1861 0.5349 -0.8242
vn 0.0166 0.0579 -0.9982
vn 0.0744 -0.1111 -0.9910
vn 0.2362 0.7775 -0.5829
vn 0.1781 0.6438 -0.7442
vn 0.3586 0.6250 -0.6934
vn 0.1758 -0.1809 -0.9677
vn -0.2780 0.0442 -0.9596
vn -0.8702 0.0802 -0.4861
vn -0.6791 0.1225 -0.7238
vn -0.5561 0.0739 -0.8278
vn -0.2932 -0.0097 -0.9560
vn -0.2943 -0.0075 -0.9557
vn -0.6041 0.0636 0.7944
vn -0.5348 -0.2169 -0.8166
vn 0.0183 0.0564 -0.9982
vn 0.6123 0.3107 -0.7270
vn 0.6127 0.3101 -0.7269
vn -0.0482 0.2496 -0.9672
vn 0.3090 0.4752 -0.8238
vn 0.0545 0.3130 -0.9482
vn 0.3596 0.6249 -0.6930
vn -0.2474 0.3506 -0.9032
vn -0.6877 0.6283 -0.3637
vn -0.4166 0.7450 -0.5210
vn -0.4193 0.7440 -0.5202
vn -0.0746 0.8842 -0.4611
vn -0.1797 0.5770 -0.7967
vn -0.4112 0.7457 -0.5242
vn 0.1065 0.4943 -0.8628
vn 0.3182 0.7621 -0.5638
vn 0.0782 0.8142 -0.5753
vn 0.1916 0.9060 -0.3775
vn 0.2286 0.9619 -0.1502
vn 0.1350 0.9826 -0.1274
vn -0.1207 0.9560 -0.2673
vn -0.4056 0.8870 -0.2208
vn -0.7034 0.6975 -0.1365
vn -0.4045 0.8867 -0.2238
vn -0.4029 0.8874 -0.2238
vn 0.7365 0.1954 0.6476
vn 0.8347 0.2787 0.4750
vn 0.9137 0.1095 0.3913
vn 0.8113 0.3286 0.4835
vn 0.8615 0.0848 0.5006
vn 0.8297 0.4691 0.3025
vn 0.8972 0.4318 0.0923
vn 0.7703 0.6325 0.0808
vn 0.9107 0.3254 -0.2545
vn 0.6142 0.7804 -0.1171
vn 0.2886 0.9278 -0.2365
vn 0.0091 0.8080 -0.5891
vn 0.0315 0.9109 -0.4114
vn 0.1750 0.7933 -0.5831
vn 0.2553 0.9060 -0.3376
vn 0.1924 0.9057 -0.3778
vn 0.0619 0.9693 -0.2378
vn 0.2280 0.9619 -0.1511
vn 0.8749 0.3531 0.3314
vn 0.7868 0.5839 0.1999
vn 0.5652 0.8249 -0.0050
vn 0.3142 0.9320 -0.1808
vn 0.3522 0.5026 0.7895
vn 0.7418 0.3898 0.5457
vn 0.6234 0.6305 0.4625
vn 0.5993 0.7685 0.2242
vn 0.4229 0.9026 0.0810
vn 0.2544 0.9667 -0.0261
vn 0.0819 0.9959 0.0382
vn 0.3577 0.9169 0.1772
vn 0.2826 0.9277 0.2440
vn 0.4157 0.8240 0.3849
vn 0.4164 0.8178 0.3973
vn 0.2824 0.7210 0.6328
vn 0.3144 0.9491 -0.0216
vn 0.4804 0.8755 0.0522
vn 0.5576 0.7533 0.3487
vn 0.4957 0.6417 0.5852
vn 0.4410 0.4452 0.7793
vn 0.4407 0.4444 0.7799
vn 0.4407 0.4445 0.7798
vn 0.4956 0.6421 0.5849
vn 0.7863 0.2988 0.5407
vn 0.4393 0.4452 0.7803
vn 0.5593 0.7526 0.3475
vn 0.5972 0.5667 0.5676
vn 0.4950 0.6422 0.5853
vn 0.4273 0.4412 0.7892
vn 0.1203 0.5154 0.8485
vn 0.2025 0.3331 0.9209
vn 0.3751 0.6229 0.6865
vn 0.6420 0.5689 0.5141
vn 0.5959 0.7681 0.2345
vn 0.4819 0.8747 0.0517
vn 0.3148 0.9489 -0.0220
vn 0.0569 0.9720 0.2280
vn 0.4818 0.8748 0.0514
vn 0.0563 0.9718 0.2291
vn 0.1712 0.9827 0.0712
vn 0.3258 0.9373 0.1234
vn 0.1714 0.9826 0.0712
vn 0.0574 0.8524 0.5197
vn -0.4599 0.5634 0.6864
vn -0.3201 0.6049 0.7291
vn -0.4885 0.7654 0.4190
vn 0.0160 0.5247 0.8511
vn 0.3949 0.3503 0.8493
vn 0.1508 0.7014 0.6966
vn 0.5767 0.4980 0.6477
vn 0.2177 0.9124 0.3466
vn 0.1507 0.7015 0.6965
vn 0.5765 0.4967 0.6488
vn 0.4684 0.8835 -0.0041
vn 0.6850 0.7144 0.1428
vn -0.0772 0.9961 -0.0417
vn -0.0612 0.9818 0.1798
vn -0.2094 0.9453 0.2502
vn -0.3711 0.9054 0.2061
vn -0.3717 0.9054 0.2054
vn -0.4231 0.7057 0.5682
vn -0.4222 0.7063 0.5682
vn 0.4466 0.3781 0.8109
vn 0.3745 0.6241 0.6857
vn -0.0270 0.8211 -0.5701
vn -0.2485 0.3514 -0.9027
vn -0.2471 0.3499 -0.9036
vn -0.2471 0.3501 -0.9035
vn -0.3855 0.4768 -0.7900
vn -0.2286 0.6215 -0.7493
vn -0.0414 0.7710 -0.6355
vn -0.0717 0.7419 -0.6666
vn 0.2971 0.8402 -0.4537
vn 0.2175 0.7708 -0.5988
vn -0.0714 0.7419 -0.6667
vn 0.2985 0.8394 -0.4542
vn 0.1694 0.7926 -0.5857
vn -0.3164 0.5588 -0.7666
vn -0.3151 0.5595 -0.7666
vn -0.3412 0.2951 -0.8924
vn 0.2558 0.9060 -0.3373
vn 0.1927 0.9059 -0.3771
vn 0.2559 0.9062 -0.3367
vn 0.2991 0.8398 -0.4530
vn -0.1603 0.3928 -0.9055
vn 0.1529 0.6204 -0.7692
vn -0.0724 0.7420 -0.6665
vn -0.1630 0.3927 -0.9051
vn -0.3175 0.5592 -0.7658
vn -0.1507 0.9856 0.0774
vn -0.0610 0.9817 0.1806
vn -0.3708 0.8137 0.4476
vn -0.5988 0.6626 0.4499
vn -0.7042 0.6702 0.2345
vn -0.5304 0.8236 0.2008
vn -0.5850 0.7981 0.1440
vn -0.3811 0.8650 0.3263
vn -0.1158 0.9746 0.1916
vn 0.1606 0.8997 0.4060
vn 0.1727 0.9823 0.0727
vn 0.1624 0.8997 0.4052
vn -0.0598 0.9816 0.1814
vn 0.3161 0.9485 -0.0211
vn 0.2289 0.9618 -0.1505
vn 0.3856 0.8820 -0.2710
vn 0.3854 0.8817 -0.2721
vn 0.0020 0.8807 -0.4736
vn -0.6569 0.6274 0.4182
vn -0.4568 0.8650 -0.2074
vn 0.0009 0.8811 -0.4729
vn -0.2337 0.9657 0.1136
vn -0.3552 0.9333 -0.0531
vn -0.5329 0.6761 -0.5088
vn -0.6725 0.6919 -0.2627
vn -0.7852 0.5508 -0.2830
vn -0.7595 0.5840 -0.2863
vn 0.4273 0.4541 0.7818
vn -0.1905 0.8457 0.4985
vn -0.3825 0.6105 0.6935
vn -0.7974 0.5505 -0.2472
vn -0.5527 0.7873 0.2735
vn -0.2545 0.9557 -0.1476
vn 0.1256 0.6415 -0.7568
vn -0.6242 0.7386 0.2547
vn -0.4371 0.7956 0.4195
vn -0.2367 0.9539 0.1847
vn -0.0612 0.9818 0.1800
vn -0.5790 0.7870 0.2130
vn -0.3198 0.9310 0.1760
vn -0.0613 0.9817 0.1805
vn 0.1607 0.8997 0.4059
vn -0.2330 0.9658 0.1137
vn 0.0022 0.8806 -0.4738
vn 0.3854 0.8817 -0.2723
vn 0.1238 0.9465 -0.2981
vn -0.4033 0.8868 -0.2255
vn 0.2281 0.9619 -0.1509
vn 0.0014 0.8810 -0.4730
vn -0.5480 0.7834 -0.2931
vn -0.7688 0.5563 -0.3154
vn -0.2321 0.9662 0.1125
vn 0.0020 0.8812 -0.4727
vn -0.6005 0.7879 0.1368
vn -0.5520 0.7985 -0.2402
vn -0.1800 0.5776 -0.7962
vn -0.2288 0.6216 -0.7492
vn -0.1800 0.5772 -0.7966
vn -0.2482 0.3506 -0.9031
vn -0.4139 0.7442 -0.5243
vn 0.1107 0.8486 -0.5173
vn -0.4130 0.7431 -0.5266
vn 0.0028 0.7771 -0.6293
vn 0.2973 0.8400 -0.4538
vn -0.0716 0.7421 -0.6665
vn 0.1916 0.9060 -0.3774
vn -0.1979 0.8100 -0.5521
vn -0.3164 0.5592 -0.7663
vn -0.3152 0.5591 -0.7668
vn -0.0712 0.7421 -0.6665
vn -0.1611 0.3923 -0.9056
vn 0.2989 0.8397 -0.4535
vn 0.2560 0.9060 -0.3370
vn 0.5163 0.3433 0.7846
vn 0.3763 0.6231 0.6857
vn 0.5767 0.4977 0.6478
vn -0.4206 0.7008 0.5762
vn -0.3718 0.9053 0.2055
vn -0.1165 0.8894 0.4421
vn -0.4229 0.7056 0.5685
vn 0.1486 0.4831 0.8628
vn 0.1505 0.7011 0.6970
vn 0.2179 0.9296 0.2972
vn 0.0563 0.9717 0.2293
vn 0.1713 0.9826 0.0713
vn 0.6847 0.7147 0.1428
vn 0.2592 0.9656 -0.0194
vn 0.2179 0.9126 0.3461
vn 0.4414 0.4444 0.7796
vn 0.4951 0.6425 0.5849
vn 0.5629 0.4953 0.6617
vn 0.5170 0.7192 0.4642
vn 0.4819 0.8747 0.0515
vn 0.5595 0.7526 0.3473
vn 0.3145 0.9490 -0.0216
vn 0.4808 0.8753 0.0521
vn 0.1246 0.9867 -0.1047
vn 0.5583 0.7530 0.3482
vn 0.3723 0.8874 0.2718
vn 0.2279 0.9619 -0.1512
vn 0.1923 0.9057 -0.3778
vn 0.0827 0.8995 -0.4290
vn 0.2555 0.9060 -0.3375
vn 0.3326 0.9234 -0.1917
vn 0.7180 0.6958 0.0158
vn 0.9109 0.3256 -0.2534
vn 0.8972 0.4320 0.0915
vn 0.8615 0.0844 0.5006
vn 0.8815 0.2806 0.3798
vn 0.8413 0.3965 0.3675
vn 0.7369 0.1951 0.6472
vn 0.8305 0.3374 0.4432
vn 0.9146 0.1083 0.3896
vn 0.6344 0.7102 0.3052
vn 0.4648 0.8846 0.0384
vn 0.3646 0.9230 0.1228
vn 0.4655 0.7614 0.4512
vn 0.7075 0.4739 0.5243
vn -0.6171 0.7857 -0.0435
vn 0.8622 0.0857 0.4993
vn 0.7371 0.1973 0.6464
vn 0.7444 0.0010 0.6677
vn 0.8099 -0.1592 0.5646
vn 0.7294 0.0922 0.6778
vn 0.6044 0.0298 0.7962
vn 0.7578 -0.3228 0.5670
vn 0.7513 -0.3451 0.5625
vn 0.7654 -0.4988 0.4066
vn 0.7508 -0.3442 0.5638
vn 0.7017 -0.5875 0.4030
vn 0.6725 0.0039 0.7400
vn 0.8677 -0.0853 0.4896
vn 0.8110 -0.1570 0.5636
vn 0.9760 -0.2098 0.0574
vn -0.5563 0.0727 -0.8278
vn -0.9051 0.4016 0.1394
vn -0.7692 0.3382 0.5422
vn -0.8990 0.3434 0.2718
vn -0.8518 0.3000 0.4294
vn -0.7920 0.0669 -0.6069
vn -0.8704 0.0801 -0.4859
vn -0.6874 0.0585 -0.7239
vn -0.4710 -0.0587 -0.8802
vn -0.4677 -0.0685 -0.8812
vn -0.4942 0.3204 0.8081
vn -0.4596 0.3631 0.8105
vn 0.3630 0.0848 0.9279
vn 0.1223 0.2181 0.9682
vn 0.0767 -0.1106 -0.9909
vn 0.1222 0.2187 0.9681
vn 0.2194 0.2803 0.9345
vn -0.0081 -0.1586 0.9873
vn 0.6036 -0.3384 0.7219
vn 0.2252 -0.7517 0.6198
vn 0.2536 -0.2407 0.9369
vn 0.3062 -0.8510 0.4267
vn 0.5284 -0.7974 0.2914
vn 0.8535 -0.4188 0.3101
vn 0.6133 -0.7898 0.0126
vn 0.8909 -0.4528 -0.0369
vn 0.5303 -0.8158 -0.2307
vn 0.8045 -0.4913 -0.3339
vn 0.7027 -0.4428 -0.5568
vn 0.5977 -0.4435 -0.6679
vn 0.2982 -0.8384 -0.4563
vn 0.3162 -0.3646 -0.8759
vn 0.3567 -0.7783 -0.5167
vn 0.5692 -0.1188 -0.8136
vn 0.5959 -0.6368 -0.4893
vn 0.5862 0.1424 -0.7976
vn 0.7798 -0.5152 -0.3555
vn 0.4651 0.1641 -0.8699
vn 0.7692 -0.3390 -0.5417
vn 0.3121 0.1211 -0.9423
vn 0.0110 -0.0877 -0.9961
vn 0.6231 -0.4587 -0.6335
vn -0.2864 -0.4507 -0.8455
vn -0.3395 -0.6032 -0.7217
vn 0.3896 -0.8591 -0.3320
vn 0.7267 0.4280 -0.5374
vn 0.5364 0.6985 -0.4738
vn 0.7663 -0.1641 0.6212
vn -0.7191 -0.6660 0.1983
vn -0.7103 -0.6760 0.1960
vn -0.7121 -0.6739 0.1968
vn -0.8203 0.5407 0.1863
vn 0.5462 0.8331 -0.0866
vn 0.4878 0.8382 0.2438
vn -0.7459 0.5997 -0.2898
vn 0.9430 0.0496 0.3291
vn -0.7568 -0.6152 -0.2212
vn -0.6416 -0.6991 0.3156
vn -0.3801 -0.5602 0.7360
vn 0.3316 -0.7573 0.5627
vn -0.2854 -0.7578 0.5867
vn -0.5202 -0.6356 0.5705
vn -0.4376 -0.8146 0.3807
vn -0.2673 -0.9499 0.1623
vn -0.4993 -0.7780 -0.3813
vn -0.4919 -0.8507 0.1852
vn -0.2343 -0.7046 0.6698
vn 0.2613 -0.7724 0.5789
vn -0.4344 -0.7451 0.5061
vn -0.7700 -0.4801 0.4203
vn -0.8002 -0.3962 0.4502
vn 0.9315 -0.0859 -0.3534
vn -0.4091 -0.8098 0.4205
vn 0.5941 -0.8036 0.0349
vn -0.6480 -0.3123 0.6947
vn -0.3817 -0.6790 0.6271
vn -0.2138 -0.2814 0.9355
vn -0.0406 -0.7319 0.6803
vn 0.2540 -0.2405 0.9368
vn 0.2254 -0.7518 0.6197
vn 0.0172 -0.7877 -0.6158
vn -0.2459 -0.7584 -0.6036
vn 0.5495 -0.8094 -0.2069
vn 0.3786 -0.7982 -0.4686
vn 0.1783 0.2551 0.9503
vn 0.2440 0.2485 0.9374
vn 0.6244 0.2362 0.7446
vn 0.5100 0.4360 0.7415
vn 0.2391 0.1840 0.9534
vn 0.7593 -0.5968 0.2594
vn 0.9423 -0.2556 0.2160
vn 0.8112 -0.5404 0.2235
vn 0.9545 -0.1517 0.2567
vn 0.8924 -0.2213 0.3932
vn 0.8437 0.1990 0.4986
vn 0.5992 0.3288 0.7300
vn 0.2494 -0.0315 -0.9679
vn 0.6100 -0.0520 -0.7907
vn 0.1978 0.0377 -0.9795
vn 0.6827 0.0087 -0.7307
vn -0.1562 -0.0014 -0.9877
vn -0.1747 0.0735 -0.9819
vn -0.1559 0.1606 -0.9746
vn 0.2776 0.1171 -0.9535
vn 0.6297 0.1035 -0.7699
vn 0.1981 0.1721 -0.9650
vn 0.9036 0.0496 -0.4255
vn 0.6864 0.1183 -0.7175
vn 0.9145 0.0117 -0.4045
vn 0.9919 -0.0211 -0.1255
vn 0.9757 -0.2117 0.0573
vn 0.9530 -0.1856 -0.2393
vn 0.9153 -0.3958 0.0743
vn 0.8887 -0.4279 -0.1644
vn -0.4257 0.0475 -0.9036
vn -0.4306 0.0133 -0.9024
vn -0.4286 0.1230 -0.8951
vn -0.4495 0.1847 -0.8740
vn 0.9663 -0.0348 -0.2552
vn 0.7326 0.5826 0.3519
vn 0.8434 0.5343 -0.0566
vn 0.8683 0.4228 -0.2596
vn 0.9728 0.1883 -0.1352
vn 0.9927 0.0977 -0.0715
vn 0.9634 0.1741 -0.2038
vn 0.8800 -0.0494 -0.4725
vn 0.9259 -0.0148 -0.3775
vn 0.9658 0.0581 -0.2527
vn 0.9922 -0.0039 -0.1247
vn 0.9988 -0.0028 0.0480
vn -0.2605 0.2152 -0.9412
vn -0.5067 0.2292 -0.8311
vn 0.3051 0.2196 0.9267
vn 0.4392 0.6024 0.6665
vn -0.9072 -0.2260 0.3550
vn -0.9706 -0.1571 0.1822
vn -0.8175 -0.5449 0.1865
vn -0.4977 -0.6425 -0.5827
vn -0.4308 0.0133 -0.9024
vn -0.2459 -0.7586 -0.6034
vn -0.6374 0.0079 -0.7705
vn -0.8923 -0.0645 -0.4468
vn -0.3707 -0.9052 -0.2081
vn -0.5735 -0.8170 -0.0599
vn -0.9916 -0.1184 -0.0520
vn -0.3284 -0.9306 0.1615
vn -0.0237 -0.9358 0.3516
vn -0.2204 -0.9217 0.3191
vn 0.2721 -0.7768 0.5679
vn 0.4988 -0.5296 0.6861
vn 0.6884 -0.3173 0.6522
vn -0.8607 -0.0261 -0.5084
vn -0.8855 0.0744 -0.4587
vn -0.9934 0.0793 -0.0825
vn -0.8874 0.1780 -0.4252
vn -0.9958 -0.0710 -0.0582
vn -0.4259 0.0479 -0.9035
vn -0.6143 0.0627 -0.7866
vn -0.6321 0.1105 -0.7670
vn -0.6699 0.2034 -0.7141
vn -0.8817 0.2707 -0.3865
vn -0.4288 0.1238 -0.8949
vn -0.9774 -0.1019 0.1850
vn -0.9772 0.0397 0.2084
vn -0.9670 0.2514 -0.0406
vn -0.9390 -0.1342 0.3167
vn -0.9519 0.2077 0.2254
vn -0.9410 0.1882 0.2812
vn -0.8625 0.3145 0.3966
vn -0.9281 0.2803 0.2453
vn -0.8534 0.1815 0.4886
vn -0.8302 -0.0828 0.5512
vn -0.9409 -0.0226 0.3380
vn -0.8620 -0.2549 0.4382
vn -0.7568 0.3122 0.5743
vn -0.6382 -0.0001 0.7699
vn -0.6692 0.1592 0.7258
vn -0.4764 0.2411 0.8455
vn -0.5743 -0.1695 0.8009
vn -0.3574 0.0926 0.9293
vn -0.7353 -0.3846 0.5580
vn -0.6947 -0.4370 0.5714
vn -0.5488 -0.5967 0.5855
vn -0.0857 0.1488 0.9851
vn -0.1643 0.1995 0.9660
vn -0.2437 -0.0600 0.9680
vn -0.0310 0.0655 0.9974
vn -0.4398 -0.4094 0.7993
vn -0.1470 -0.2180 0.9648
vn 0.0177 -0.0508 0.9986
vn 0.1266 -0.0783 0.9889
vn -0.2827 -0.5529 0.7838
vn -0.0505 -0.3196 0.9462
vn -0.5337 -0.7062 0.4652
vn -0.4497 0.1848 -0.8738
vn -0.8405 -0.3226 0.4353
vn -0.5068 0.2286 -0.8312
vn -0.7160 0.2910 -0.6345
vn -0.8936 0.3771 -0.2433
vn -0.9332 0.3554 0.0540
vn -0.9548 0.1496 0.2569
vn -0.9612 0.0442 0.2722
vn -0.5169 0.8059 0.2886
vn 0.2017 0.9093 0.3639
vn 0.3127 0.8961 0.3151
vn -0.7576 0.6174 -0.2118
vn -0.6840 0.5918 -0.4266
vn 0.3541 0.7950 0.4926
vn -0.0757 0.5806 0.8107
vn -0.7773 0.5989 -0.1928
vn -0.2585 0.2004 0.9450
vn -0.6324 -0.0319 0.7740
vn -0.8910 -0.1324 0.4343
vn -0.9354 -0.2561 -0.2438
vn 0.5286 -0.7937 -0.3011
vn -0.0639 -0.5718 -0.8179
vn 0.0311 -0.4971 -0.8671
vn 0.8527 -0.5104 -0.1115
vn 0.9353 -0.3404 -0.0966
vn -0.2301 -0.7362 -0.6364
vn -0.2364 -0.9621 -0.1358
vn -0.0614 -0.9495 0.3077
vn 0.2043 -0.8201 0.5345
vn 0.5699 -0.5559 0.6052
vn 0.8479 -0.0624 0.5264
vn -0.0630 -0.5738 -0.8166
vn -0.7577 0.6171 -0.2122
vn -0.4040 0.0453 -0.9136
vn -0.7779 0.5983 -0.1921
vn -0.2300 -0.7369 -0.6357
vn -0.9354 -0.2568 -0.2430
vn -0.2374 -0.9620 -0.1346
vn -0.8906 -0.1328 0.4350
vn -0.0628 -0.9489 0.3093
vn -0.6318 -0.0319 0.7744
vn 0.0350 -0.4990 -0.8659
vn 0.0925 0.2528 -0.9631
vn -0.4520 0.4686 -0.7590
vn -0.0387 0.8716 -0.4887
vn 0.7000 0.6266 -0.3426
vn 0.2062 0.9754 0.0777
vn -0.6846 0.5909 -0.4269
vn -0.5175 0.8051 0.2898
vn 0.3129 0.8959 0.3155
vn 0.8904 0.4347 0.1350
vn 0.2020 0.9092 0.3641
vn 0.8519 -0.5117 -0.1119
vn 0.3537 0.7948 0.4931
vn 0.8476 -0.0624 0.5269
vn -0.0763 0.5800 0.8110
vn 0.5690 -0.5555 0.6063
vn -0.2586 0.1995 0.9452
vn 0.2028 -0.8197 0.5357
vn -0.6324 -0.0328 0.7740
vn -0.0632 -0.9492 0.3084
vn 0.9350 -0.3413 -0.0965
vn 0.9890 0.0149 -0.1475
vn 0.7042 -0.0767 -0.7059
vn 0.5282 -0.7943 -0.3000
vn 0.3016 -0.3855 -0.8720
vn -0.8503 -0.4405 0.2881
vn -0.7984 -0.5129 -0.3152
vn -0.5717 -0.8202 0.0218
vn -0.9923 -0.0177 -0.1230
vn -0.9073 0.1307 0.3997
vn -0.6003 -0.1630 0.7830
vn -0.8265 0.5193 0.2172
vn -0.3531 -0.6852 0.6370
vn -0.0935 -0.9622 0.2558
vn 0.2286 -0.6678 0.7084
vn 0.4137 -0.8732 0.2577
vn 0.7965 -0.3734 0.4755
vn 0.8208 -0.5709 -0.0194
vn 0.9968 -0.0016 0.0805
vn 0.9056 -0.2568 -0.3374
vn 0.8955 0.3437 -0.2829
vn 0.7134 0.0394 -0.6996
vn 0.3692 0.6714 -0.6426
vn 0.1322 0.2241 -0.9656
vn -0.3336 0.6670 -0.6662
vn -0.3749 0.1554 -0.9139
vn -0.7655 0.4339 -0.4751
vn -0.7429 -0.1734 -0.6465
vn -0.9922 -0.0176 -0.1231
vn -0.7984 -0.5129 -0.3154
vn -0.7722 0.6320 -0.0650
vn -0.8266 0.5192 0.2171
vn -0.3864 0.8851 -0.2592
vn 0.1076 0.9633 -0.2460
vn 0.6267 0.7777 -0.0481
vn 0.8346 0.4717 0.2846
vn 0.7844 0.1834 0.5925
vn 0.4222 -0.1001 0.9010
vn -0.1232 -0.2337 0.9645
vn -0.3831 -0.7149 -0.5849
vn -0.7090 -0.3604 -0.6061
vn -0.1354 -0.4296 -0.8928
vn -0.7859 -0.6182 -0.0157
vn -0.4122 -0.9094 -0.0566
vn -0.5672 -0.6118 0.5514
vn -0.2592 -0.8955 0.3618
vn -0.8635 -0.1799 0.4712
vn -0.6085 -0.0766 0.7899
vn -0.9940 -0.0775 -0.0770
vn -0.8483 0.1883 -0.4949
vn -0.3626 0.0051 -0.9319
vn -0.4548 0.5338 -0.7129
vn 0.2123 0.3970 -0.8929
vn 0.0273 0.7890 -0.6137
vn 0.6229 0.5418 -0.5643
vn 0.1469 0.9551 -0.2572
vn 0.4392 0.8981 -0.0227
vn 0.8355 0.5488 0.0284
vn 0.4029 0.7651 0.5022
vn 0.6515 0.2565 0.7139
vn 0.0925 0.4358 0.8953
vn 0.2289 -0.0956 0.9687
vn -0.2698 0.1440 0.9521
vn 0.1402 -0.7254 -0.6739
vn -0.7985 -0.5129 -0.3152
vn -0.7430 -0.1735 -0.6465
vn -0.5717 -0.8202 0.0219
vn -0.0934 -0.9622 0.2559
vn 0.4137 -0.8731 0.2578
vn 0.8208 -0.5708 -0.0193
vn 0.9057 -0.2568 -0.3374
vn 0.1322 0.2242 -0.9655
vn -0.3750 0.1554 -0.9139
vn 0.5231 -0.7834 -0.3356
vn 0.1419 -0.7436 0.6534
vn -0.2399 -0.9090 0.3408
vn 0.5761 -0.4498 0.6825
vn 0.9508 -0.1013 0.2927
vn 0.9448 0.1116 -0.3080
vn 0.7211 0.1338 -0.6797
vn 0.3015 -0.0735 -0.9506
vn -0.1354 -0.4147 -0.8998
vn -0.3744 -0.7121 -0.5939
vn -0.3950 -0.9159 -0.0715
vn -0.1275 0.7504 0.6486
vn 0.7845 0.1834 0.5924
vn -0.9073 0.1306 0.3996
vn -0.8267 0.5192 0.2170
vn -0.7722 0.6320 -0.0651
vn -0.3865 0.8851 -0.2593
vn 0.1077 0.9632 -0.2463
vn 0.6268 0.7777 -0.0483
vn -0.5490 0.7814 0.2966
vn 0.0248 0.7904 -0.6121
vn -0.4555 0.5338 -0.7124
vn 0.1432 0.9555 -0.2580
vn 0.4341 0.9005 -0.0274
vn 0.4032 0.7669 0.4992
vn 0.0973 0.4396 0.8929
vn -0.2648 0.1488 0.9528
vn -0.6107 -0.0790 0.7879
vn -0.8649 -0.1808 0.4682
vn -0.9939 -0.0770 -0.0794
vn -0.8476 0.1892 -0.4957
vn 0.3076 -0.1009 -0.9461
vn 0.7288 0.1030 -0.6770
vn 0.9493 0.0846 -0.3029
vn 0.9470 -0.1133 0.3007
vn 0.5635 -0.4449 0.6961
vn 0.1233 -0.7314 0.6708
vn -0.2604 -0.4251 0.8669
vn -0.2626 -0.8968 0.3560
vn -0.5717 -0.6135 0.5448
vn -0.6138 -0.0819 0.7852
vn -0.0680 0.6521 -0.7550
vn 0.7686 0.4691 0.4349
vn 0.2896 -0.1648 -0.9428
vn 0.5589 0.7991 -0.2214
vn 0.7708 0.4645 0.4361
vn -0.0671 0.6569 -0.7510
vn 0.9302 -0.2659 0.2530
vn 0.4899 -0.4805 -0.7274
vn 0.6100 -0.7747 0.1667
vn 0.0567 -0.9620 -0.2671
vn 0.9600 -0.1883 -0.2072
vn 0.6856 -0.6791 0.2622
vn 0.4910 0.0580 0.8692
vn 0.4909 -0.8009 -0.3429
vn 0.5894 -0.1707 -0.7896
vn -0.0301 -0.6246 -0.7803
vn -0.4606 0.1703 -0.8711
vn -0.3657 0.1418 0.9199
vn -0.8318 0.2856 0.4759
vn -0.9594 0.2323 -0.1601
vn -0.5105 0.1601 -0.8448
vn 0.5898 -0.1651 -0.7905
vn -0.8711 0.4063 -0.2760
vn -0.0368 -0.6547 -0.7550
vn 0.0699 -0.9576 -0.2793
vn 0.5333 -0.7929 -0.2948
vn 0.4811 -0.4864 -0.7293
vn 0.2144 -0.1389 -0.9668
vn -0.0964 0.6700 -0.7361
vn -0.7508 0.6577 0.0604
vn -0.3894 0.5883 0.7087
vn -0.1105 0.9753 0.1913
vn 0.7734 0.4393 0.4570
vn 0.5631 0.8053 -0.1854
vn 0.9711 -0.2074 -0.1182
vn 0.5094 -0.0234 0.8602
vn -0.2115 0.3070 0.9279
vn 0.9439 -0.2632 0.1995
vn 0.7322 -0.6446 0.2202
vn 0.6413 -0.7575 0.1222
vn 0.5638 -0.7715 -0.2948
vn 0.0952 -0.9472 -0.3061
vn 0.1516 -0.9373 -0.3138
vn 0.5293 0.7543 -0.3885
vn 0.7669 -0.6355 0.0897
vn -0.0229 0.3454 -0.9382
vn -0.5197 -0.4399 -0.7324
vn -0.6499 0.7478 -0.1361
vn -0.9254 -0.3783 0.0213
vn -0.8916 0.1967 -0.4079
vn -0.2593 -0.9629 0.0754
vn -0.2231 -0.3779 0.8986
vn 0.8504 0.2963 0.4347
vn 0.3689 0.0580 0.9277
vn 0.1006 0.6418 0.7603
vn 0.0360 0.9892 0.1422
vn -0.5080 0.1582 0.8467
vn -0.5499 0.1623 0.8193
vn -0.9883 0.1406 0.0584
vn -0.9195 0.2278 0.3203
vn -0.8742 -0.1735 -0.4535
vn -0.2706 0.3048 0.9132
vn -0.2424 0.4953 0.8342
vn -0.3011 0.5424 0.7843
vn -0.5645 -0.1064 -0.8186
vn -0.8445 0.5355 0.0063
vn -0.5083 -0.6985 -0.5036
vn 0.2133 -0.9291 0.3020
vn 0.0009 -0.8546 0.5193
vn -0.1570 -0.6302 -0.7604
vn 0.1684 -0.7166 0.6769
vn 0.0458 -0.8432 0.5357
vn -0.0188 -0.7757 0.6308
vn 0.0855 -0.9225 -0.3764
vn -0.1079 -0.1846 -0.9769
vn -0.3373 -0.1043 -0.9356
vn -0.4910 -0.3281 -0.8070
vn -0.6300 -0.4277 -0.6482
vn -0.4722 -0.8660 -0.1645
vn -0.2438 -0.7622 -0.5997
vn 0.0855 -0.2857 -0.9545
vn -0.4139 -0.9094 -0.0416
vn -0.3609 -0.9139 0.1861
vn -0.5722 -0.7104 0.4099
vn -0.5349 -0.7741 -0.3384
vn 0.3494 -0.8107 -0.4698
vn 0.6585 -0.3215 -0.6805
vn 0.8923 -0.4377 -0.1103
vn 0.1514 -0.9033 0.4014
vn -0.1849 -0.9457 0.2674
vn -0.7398 -0.6474 -0.1833
vn -0.7646 -0.5500 -0.3359
vn -0.6597 -0.7144 -0.2332
vn -0.6771 -0.6875 -0.2624
vn -0.0696 -0.9437 0.3235
vn 0.3006 -0.8503 0.4319
vn 0.4850 -0.6438 0.5918
vn 0.6991 -0.5257 0.4846
vn 0.8437 -0.3020 0.4438
vn 0.6303 -0.7673 0.1181
vn 0.9185 -0.3709 0.1370
vn 0.3794 -0.8507 -0.3637
vn 0.4488 -0.8823 0.1417
vn -0.3431 -0.8144 -0.4680
vn -0.7696 -0.6034 -0.2091
vn -0.7892 -0.5150 -0.3344
vn -0.3815 -0.9200 0.0902
vn -0.2066 -0.9556 0.2103
vn -0.8201 -0.5675 -0.0731
vn 0.1292 -0.8714 0.4733
vn 0.6184 -0.4871 0.6167
vn -0.9618 -0.2667 -0.0614
vn 0.3238 -0.8623 0.3893
vn -0.7727 -0.6340 -0.0329
vn -0.9466 0.3104 -0.0875
vn -0.9053 0.2435 -0.3481
vn -0.8862 0.0643 -0.4589
vn -0.8524 -0.2402 -0.4645
vn -0.7044 -0.6378 0.3116
vn -0.8966 0.3568 0.2623
vn 0.3618 -0.9195 0.1537
vn -0.0684 -0.9913 -0.1128
vn -0.3904 -0.8970 0.2073
vn -0.2276 -0.6551 0.7204
vn -0.2468 -0.8095 -0.5327
vn -0.5875 -0.3309 -0.7385
vn -0.4597 -0.7146 -0.5272
vn -0.5254 -0.7754 -0.3502
vn -0.4580 -0.8834 -0.0993
vn -0.6876 -0.7142 0.1305
vn -0.7254 -0.6873 -0.0388
vn -0.4755 -0.8262 0.3021
vn -0.1144 -0.7906 0.6015
vn -0.2142 -0.7269 0.6525
vn -0.4844 -0.6999 0.5249
vn -0.2230 -0.7579 0.6131
vn -0.2054 -0.6785 0.7053
vn -0.0264 -0.7513 0.6595
vn -0.3687 -0.9246 0.0957
vn 0.1883 -0.6647 0.7230
vn 0.3091 -0.1843 0.9330
vn 0.3164 -0.4453 0.8376
vn -0.6771 0.3043 0.6700
vn -0.3041 0.2467 0.9201
vn -0.0905 0.1330 0.9870
vn 0.1243 0.0052 0.9922
vn 0.2270 0.1231 0.9661
vn 0.2760 0.0557 0.9595
vn -0.8734 0.3171 -0.3697
vn -0.9064 0.2266 -0.3566
vn -0.9025 0.4147 -0.1160
vn -0.8471 0.4936 0.1970
vn -0.6012 0.4886 0.6323
vn -0.2199 0.3632 0.9054
vn -0.0390 0.2389 0.9703
vn -0.4732 -0.7934 0.3829
vn -0.6435 0.4270 0.6353
vn -0.9836 0.1789 0.0219
vn -0.7810 -0.5745 -0.2447
vn -0.2546 -0.9606 0.1115
vn -0.7112 -0.6796 -0.1797
vn -0.2759 -0.9493 0.1506
vn -0.1365 -0.7820 0.6081
vn -0.0835 0.0270 0.9961
vn -0.3683 -0.9249 0.0942
vn -0.4496 -0.8797 -0.1548
vn -0.3433 -0.9251 0.1622
vn -0.3887 -0.9176 0.0839
vn -0.2496 -0.9303 0.2689
vn -0.9238 -0.3810 -0.0377
vn -0.7753 0.6199 0.1209
vn -0.4594 0.7153 0.5266
vn -0.1581 0.5827 0.7972
vn -0.1968 -0.6102 0.7674
vt 0.492188 1.417686
vt 0.476563 1.417361
vt 0.490234 1.400759
vt 0.490885 1.354535
vt 0.455063 1.339499
vt 0.488281 1.335004
vt 0.454427 1.364626
vt 0.490885 1.380251
vt 0.455078 1.385134
vt 0.454427 1.409548
vt 0.471354 1.437868
vt 0.493490 1.438519
vt 0.472656 1.453819
vt 0.492188 1.472048
vt 0.470703 1.471071
vt 0.492188 1.483767
vt 0.472656 1.484092
vt 0.492188 1.498741
vt 0.473307 1.498415
vt 0.492188 1.514040
vt 0.473307 1.514691
vt 0.490885 1.526736
vt 0.472005 1.526084
vt 0.491536 1.539431
vt 0.455078 1.580121
vt 0.467448 1.556358
vt 0.475911 1.570355
vt 0.492188 1.571006
vt 0.494141 1.589236
vt 0.454427 1.602582
vt 0.496094 1.611045
vt 0.453776 1.621137
vt 0.472005 1.539756
vt 0.028564 1.596885
vt 0.022135 1.624392
vt 0.048047 1.624522
vt 0.065104 1.596940
vt 0.088108 1.624500
vt 0.065430 1.555381
vt 0.027832 1.554649
vt 0.062012 1.491417
vt 0.025716 1.491579
vt 0.024414 1.473106
vt 0.021973 1.448204
vt 0.061523 1.428917
vt 0.020996 1.429893
vt 0.060059 1.447959
vt 0.109375 1.491417
vt 0.060547 1.471397
vt 0.108398 1.554893
vt 0.110243 1.593576
vt 0.110677 1.606163
vt 0.116319 1.624500
vt 0.160156 1.624500
vt 0.150174 1.606271
vt 0.190972 1.624500
vt 0.187500 1.606271
vt 0.220486 1.624500
vt 0.180664 1.554405
vt 0.221680 1.593467
vt 0.221680 1.554893
vt 0.184896 1.592491
vt 0.148003 1.592382
vt 0.137695 1.555381
vt 0.166016 1.487022
vt 0.218262 1.499961
vt 0.266602 1.554893
vt 0.265191 1.624500
vt 0.223090 1.605946
vt 0.268066 1.500938
vt 0.308594 1.554893
vt 0.304253 1.624500
vt 0.351563 1.555381
vt 0.339627 1.624392
vt 0.381944 1.624500
vt 0.389648 1.554893
vt 0.395833 1.595746
vt 0.437174 1.554893
vt 0.441685 1.596257
vt 0.431641 1.624578
vt 0.307129 1.487754
vt 0.370117 1.491172
vt 0.431641 1.494249
vt 0.430621 1.472158
vt 0.374609 1.469444
vt 0.376953 1.446592
vt 0.430621 1.449080
vt 0.431641 1.430870
vt 0.377501 1.430915
vt 0.327637 1.430381
vt 0.325195 1.445274
vt 0.317871 1.466758
vt 0.059425 1.353502
vt 0.065183 1.329413
vt 0.086876 1.324181
vt 0.059884 1.339963
vt 0.042932 1.373421
vt 0.130520 1.397111
vt 0.043261 1.404411
vt 0.057762 1.355793
vt 0.120758 1.356477
vt 0.118511 1.353641
vt 0.116121 1.340356
vt 0.109577 1.328668
vt 0.088241 1.423629
vt 0.116655 1.417257
vt 0.060557 1.420087
vt 0.111545 1.595420
vt 0.149957 1.594010
vt 0.185764 1.594986
vt 0.185113 1.604209
vt 0.149523 1.604535
vt 0.112630 1.604644
vt 0.206513 1.372589
vt 0.202300 1.357521
vt 0.178610 1.386886
vt 0.314959 1.340497
vt 0.319194 1.358838
vt 0.338113 1.339382
vt 0.321858 1.333864
vt 0.296396 1.331857
vt 0.296319 1.324190
vt 0.266778 1.324658
vt 0.270160 1.332973
vt 0.239895 1.328650
vt 0.247809 1.338860
vt 0.227241 1.354253
vt 0.272333 1.339682
vt 0.256883 1.358183
vt 0.323937 1.324933
vt 0.343720 1.326426
vt 0.359726 1.354581
vt 0.346354 1.368370
vt 0.371220 1.343772
vt 0.193363 1.397486
vt 0.224821 1.381765
vt 0.226031 1.398796
vt 0.258093 1.392245
vt 0.262933 1.408949
vt 0.208487 1.407311
vt 0.231475 1.418447
vt 0.222401 1.339187
vt 0.239335 1.371298
vt 0.267773 1.375542
vt 0.352539 1.385785
vt 0.369466 1.408246
vt 0.340972 1.418774
vt 0.313144 1.376524
vt 0.130457 1.375653
vt 0.108887 1.469444
vt 0.105469 1.447715
vt 0.103027 1.428672
vt 0.149414 1.429405
vt 0.149414 1.447959
vt 0.155273 1.467002
vt 0.245244 1.454880
vt 0.233889 1.432396
vt 0.259991 1.435500
vt 0.210147 1.435462
vt 0.194579 1.446179
vt 0.191851 1.461460
vt 0.199965 1.473474
vt 0.220498 1.480225
vt 0.249208 1.482027
vt 0.273259 1.476037
vt 0.283350 1.463149
vt 0.280950 1.446487
vt 0.311942 1.393830
vt 0.370615 1.376524
vt 0.391788 1.396503
vt 0.386949 1.365061
vt 0.407517 1.385367
vt 0.306641 1.410525
vt 0.305990 1.427777
vt 0.262328 1.427290
vt 0.052734 2.780552
vt 0.021484 2.780692
vt 0.013202 2.764114
vt 0.601571 2.694416
vt 0.611706 2.671375
vt 0.618369 2.693934
vt 0.516597 2.694772
vt 0.496102 2.663297
vt 0.532212 2.690591
vt 0.197365 2.692739
vt 0.222238 2.676758
vt 0.205859 2.697266
vt 0.228271 2.678589
vt 0.216309 2.698975
vt 0.733613 2.726892
vt 0.753365 2.726388
vt 0.784735 2.746123
vt 0.700697 2.712453
vt 0.795558 2.744287
vt 0.807655 2.755918
vt 0.774001 2.722876
vt 0.732738 2.707126
vt 0.715883 2.683018
vt 0.686986 2.689175
vt 0.705910 2.661445
vt 0.677802 2.665751
vt 0.761987 2.705053
vt 0.750104 2.680944
vt 0.004179 2.742481
vt 0.036104 2.740836
vt 0.008562 2.721823
vt 0.040659 2.715263
vt 0.054322 2.735590
vt 0.043912 2.764114
vt 0.042166 2.683990
vt 0.030701 2.699904
vt 0.082787 2.687886
vt 0.057751 2.660010
vt 0.100996 2.661655
vt 0.119874 2.685182
vt 0.095963 2.711001
vt 0.073841 2.711984
vt 0.083763 2.728705
vt 0.270310 2.664439
vt 0.264160 2.686768
vt 0.320801 2.682129
vt 0.345095 2.696498
vt 0.316406 2.694824
vt 0.325195 2.662598
vt 0.295635 2.684314
vt 0.299099 2.664115
vt 0.214518 2.674859
vt 0.226089 2.659873
vt 0.158403 2.688851
vt 0.159702 2.661630
vt 0.193306 2.675646
vt 0.205806 2.658633
vt 0.124023 2.659037
vt 0.954849 2.734217
vt 0.924653 2.756577
vt 0.924653 2.736648
vt 0.952901 2.757549
vt 0.986220 2.735894
vt 0.983594 2.759180
vt 0.928516 2.770898
vt 0.887500 2.779102
vt 0.879847 2.763382
vt 0.832812 2.799023
vt 0.835041 2.770673
vt 0.844262 2.745358
vt 0.881795 2.739078
vt 0.920757 2.713316
vt 0.493822 2.704084
vt 0.564985 2.703105
vt 0.489193 2.644076
vt 0.416713 2.639160
vt 0.426072 2.704599
vt 0.360263 2.638983
vt 0.363266 2.702024
vt 0.305420 2.638184
vt 0.300956 2.709234
vt 0.243113 2.636153
vt 0.247547 2.704084
vt 0.186720 2.706917
vt 0.184617 2.639090
vt 0.127401 2.669899
vt 0.117195 2.713960
vt 0.305421 2.686631
vt 0.326497 2.663900
vt 0.302822 2.663834
vt 0.625046 2.695174
vt 0.627053 2.668569
vt 0.632746 2.691737
vt 0.619490 2.669884
vt 0.830127 2.708525
vt 0.738525 2.664673
vt 0.739628 2.708782
vt 0.815186 2.664062
vt 0.806063 2.777497
vt 0.775185 2.749490
vt 0.786339 2.683860
vt 0.773593 2.664092
vt 0.742089 2.659640
vt 0.793482 2.702137
vt 0.805170 2.720769
vt 0.817204 2.740001
vt 0.839637 2.716902
vt 0.503811 2.693935
vt 0.458449 2.665928
vt 0.465848 2.697231
vt 0.412490 2.665768
vt 0.423643 2.697197
vt 0.562035 2.690325
vt 0.557367 2.665164
vt 0.574157 2.690297
vt 0.401894 2.696926
vt 0.393530 2.666039
vt 0.376953 2.696615
vt 0.367839 2.664225
vt 0.635342 2.703894
vt 0.631301 2.667004
vt 0.567017 2.661011
vt 0.553476 2.629744
vt 0.593718 2.631895
vt 0.660826 2.644085
vt 0.636660 2.659038
vt 0.619945 2.634249
vt 0.606036 2.657745
vt 0.651846 2.692854
vt 0.700066 2.638253
vt 0.736219 2.638859
vt 0.621759 2.705383
vt 0.533893 2.639298
vt 0.540020 2.663297
vt 0.552668 2.639106
vt 0.566427 2.702308
vt 0.697775 2.642237
vt 0.710896 2.672231
vt 0.736338 2.642268
vt 0.756836 2.691406
vt 0.767994 2.713964
vt 0.798901 2.750562
vt 0.732910 2.728271
vt 0.809570 2.803223
vt 0.924653 2.746612
vt 0.876149 2.709444
vt 0.836857 2.704561
vt 0.811187 2.730385
vt 0.789910 2.692998
vt 0.826275 2.678805
vt 0.808799 2.656846
vt 0.769845 2.638299
vt 0.737831 2.639433
vt 0.129720 2.639201
vt 0.554688 2.631836
vt 0.621528 2.637153
vt 0.556405 2.703129
vt 0.448669 2.643646
vt 0.487184 2.644294
vt 0.510204 2.694353
vt 0.465116 2.709525
vt 0.418066 2.681483
vt 0.413084 2.642252
vt 0.389836 2.641280
vt 0.325557 2.638489
vt 0.361328 2.664225
vt 0.362685 2.640319
vt 0.394531 2.673503
vt 0.408854 2.715820
vt 0.311768 2.704956
vt 0.274347 2.634854
vt 0.302060 2.638461
vt 0.260596 2.696606
vt 0.215381 2.709741
vt 0.239898 2.632628
vt 0.182683 2.637794
vt 0.209807 2.636153
vt 0.190790 2.667625
vt 0.155932 2.699053
vt 0.119520 2.695389
vt 0.154182 2.637003
vt 0.738932 2.642090
vt 0.801683 2.643930
vt 0.204688 2.708398
vt 0.045213 2.738213
vt 0.089863 2.719853
vt 0.012835 2.707310
vt 0.062061 2.781812
vt 0.091892 2.674771
vt 0.131748 2.633953
vt 0.097915 2.634281
vt 0.060889 2.694713
vt 0.951172 2.709961
vt 0.953875 2.745883
vt 0.193793 2.717853
vt 0.203516 2.719531
vt 0.207031 2.743164
vt 0.197739 2.764182
vt 0.192969 2.738086
vt 0.185006 2.759285
vt 0.185324 2.779334
vt 0.168537 2.773671
vt 0.154849 2.786738
vt 0.199649 2.794237
vt 0.200604 2.782548
vt 0.209199 2.766019
vt 0.218262 2.744141
vt 0.214453 2.720508
vt 0.642074 2.716693
vt 0.670222 2.715236
vt 0.699377 2.733009
vt 0.733007 2.747195
vt 0.754812 2.763264
vt 0.764999 2.782548
vt 0.770728 2.795403
vt 0.727436 2.800301
vt 0.786328 2.807422
vt 0.730859 2.809375
vt 0.689453 2.809766
vt 0.663134 2.796628
vt 0.628516 2.808789
vt 0.656184 2.732169
vt 0.683041 2.746288
vt 0.712793 2.764488
vt 0.725526 2.784384
vt 0.625150 2.716833
vt 0.632574 2.714290
vt 0.644034 2.733880
vt 0.664163 2.748555
vt 0.679050 2.763264
vt 0.665044 2.781936
vt 0.627481 2.780252
vt 0.652947 2.760816
vt 0.620478 2.762652
vt 0.647218 2.749490
vt 0.616987 2.746878
vt 0.636394 2.736634
vt 0.581005 2.788976
vt 0.586099 2.773365
vt 0.593738 2.746429
vt 0.609875 2.734209
vt 0.594931 2.713228
vt 0.583120 2.714886
vt 0.593865 2.732990
vt 0.570819 2.714290
vt 0.559966 2.715767
vt 0.552844 2.690491
vt 0.558075 2.734361
vt 0.576549 2.732655
vt 0.578459 2.750715
vt 0.571456 2.777650
vt 0.487793 2.791331
vt 0.548536 2.769692
vt 0.560155 2.749261
vt 0.464384 2.721820
vt 0.432565 2.719415
vt 0.431710 2.735716
vt 0.503334 2.721713
vt 0.527821 2.720345
vt 0.504288 2.735716
vt 0.542948 2.735098
vt 0.503334 2.750638
vt 0.500469 2.770381
vt 0.545353 2.749490
vt 0.451287 2.771758
vt 0.421071 2.780151
vt 0.390875 2.754875
vt 0.451764 2.752245
vt 0.457981 2.737247
vt 0.534164 2.719607
vt 0.155804 2.750102
vt 0.153461 2.709255
vt 0.152625 2.728356
vt 0.139569 2.752245
vt 0.103280 2.753622
vt 0.106145 2.766937
vt 0.069287 2.763786
vt 0.071388 2.783072
vt 0.121675 2.725511
vt 0.119166 2.705597
vt 0.112298 2.785746
vt 0.101330 2.729935
vt 0.071889 2.749032
vt 0.343852 2.753852
vt 0.348504 2.773589
vt 0.372339 2.736696
vt 0.375685 2.720228
vt 0.339193 2.719238
vt 0.340169 2.735189
vt 0.310059 2.732178
vt 0.319336 2.749512
vt 0.330078 2.766113
vt 0.296032 2.788212
vt 0.293105 2.799762
vt 0.248353 2.800512
vt 0.243578 2.788057
vt 0.240713 2.773365
vt 0.307129 2.715088
vt 0.258594 2.750195
vt 0.294081 2.773212
vt 0.296387 2.752197
vt 0.284581 2.730356
vt 0.253516 2.728125
vt 0.284668 2.710449
vt 0.257031 2.706445
vt 0.543436 2.718623
vt 0.408790 2.736175
vt 0.410259 2.720228
vt 0.295410 2.713867
vt 0.295898 2.732178
vt 0.308105 2.751221
vt 0.070588 2.756409
vt 0.339681 2.727214
vt 0.374012 2.728462
vt 0.352539 2.759521
vt 0.415039 2.775635
vt 0.311328 2.732617
vt 0.317969 2.756250
vt 0.204902 2.774283
vt 0.256055 2.739160
vt 0.286133 2.711914
vt 0.291406 2.739648
vt 0.296875 2.733984
vt 0.191532 2.771758
vt 0.176772 2.766478
vt 0.147687 2.751174
vt 0.538800 2.719115
vt 0.432137 2.727566
vt 0.408854 2.743490
vt 0.515577 2.721029
vt 0.554345 2.759476
vt 0.475878 2.771069
vt 0.588493 2.723938
vt 0.577504 2.741685
vt 0.645307 2.788440
vt 0.618733 2.754765
vt 0.749082 2.797852
vt 0.745262 2.783466
vt 0.743909 2.755229
vt 0.684800 2.724122
vt 0.649129 2.724431
vt 0.673602 2.747422
vt 0.695922 2.763876
vt 0.658996 2.771376
vt 0.641806 2.743062
vt 0.638304 2.724085
vt 0.301953 2.727734
vt 0.640881 2.668760
vt 0.632439 2.649317
vt 0.655198 2.635291
vt 0.666670 2.645150
vt 0.354818 2.664225
vt 0.188274 2.659605
vt 0.013916 2.707764
vt 0.533736 2.637327
vt 0.057972 1.842441
vt 0.015200 1.861392
vt 0.006381 1.840119
vt 0.059570 1.862359
vt 0.105224 1.862205
vt 0.100191 1.843504
vt 0.151696 1.861626
vt 0.141108 1.845977
vt 0.192200 1.863256
vt 0.179152 1.847730
vt 0.214608 1.843112
vt 0.252178 1.841095
vt 0.276836 1.863403
vt 0.293421 1.843112
vt 0.310209 1.863500
vt 0.326576 1.847730
vt 0.354240 1.862797
vt 0.364998 1.845977
vt 0.401531 1.862923
vt 0.406254 1.843504
vt 0.446956 1.863030
vt 0.448632 1.842260
vt 0.501677 1.839938
vt 0.498661 1.861650
vt 0.545839 1.838698
vt 0.541746 1.860651
vt 0.227039 1.862329
vt 0.709913 1.894649
vt 0.683124 1.894655
vt 0.675178 1.861392
vt 0.740153 1.820970
vt 0.717969 1.827982
vt 0.764309 1.827713
vt 0.636528 1.860923
vt 0.635713 1.895196
vt 0.593313 1.895820
vt 0.587612 1.862022
vt 0.541016 1.862580
vt 0.587968 1.860015
vt 0.637916 1.859166
vt 0.675351 1.858969
vt 0.710505 1.859681
vt 0.703179 1.834455
vt 0.778113 1.834185
vt 0.582218 1.837071
vt 0.615422 1.837082
vt 0.663292 1.839280
vt 0.763240 1.858816
vt 0.795083 1.858799
vt 0.809114 1.839280
vt 0.856416 1.837082
vt 0.710379 1.861324
vt 0.833905 1.859109
vt 0.790458 1.861603
vt 0.889311 1.837071
vt 0.881635 1.859050
vt 0.930964 1.838977
vt 0.927623 1.860455
vt 0.970517 1.839938
vt 0.978503 1.860923
vt 0.927134 1.862797
vt 0.981928 1.864671
vt 0.832589 1.861882
vt 0.881146 1.861860
vt 0.524120 1.993922
vt 0.524493 1.967253
vt 0.565589 1.991845
vt 0.558740 1.920802
vt 0.525705 1.922377
vt 0.637507 1.990439
vt 0.689366 1.974748
vt 0.688387 1.989737
vt 0.637017 1.975216
vt 0.596524 1.991501
vt 0.596695 1.974159
vt 0.562186 1.970923
vt 0.911968 1.896054
vt 0.874296 1.895586
vt 0.908543 1.919943
vt 0.871361 1.920646
vt 0.942789 1.900036
vt 0.943768 1.920178
vt 0.946703 1.969361
vt 0.902672 1.971703
vt 0.868915 1.974513
vt 0.901204 1.991142
vt 0.828308 1.975684
vt 0.866469 1.991376
vt 0.828308 1.990439
vt 0.777917 1.973577
vt 0.735843 1.974279
vt 0.780853 1.990439
vt 0.727237 1.990557
vt 0.747745 1.990341
vt 0.988777 1.920178
vt 0.986820 1.904017
vt 0.991908 1.940287
vt 0.993181 1.967019
vt 0.760794 1.861626
vt 0.593313 1.920490
vt 0.636920 1.920194
vt 0.687669 1.918058
vt 0.712635 1.916715
vt 0.736332 1.915728
vt 0.757369 1.893712
vt 0.831244 1.894883
vt 0.830755 1.919709
vt 0.786234 1.894181
vt 0.777917 1.918538
vt 0.757369 1.916430
vt 0.948171 1.992079
vt 0.993670 1.993250
vt 0.524820 1.902066
vt 0.556783 1.897382
vt 0.234377 1.897928
vt 0.201172 1.898480
vt 0.194260 1.865607
vt 0.061677 1.865373
vt 0.018799 1.901695
vt 0.013672 1.864830
vt 0.067059 1.901207
vt 0.109948 1.899567
vt 0.105229 1.864258
vt 0.153653 1.865607
vt 0.157567 1.899567
vt 0.229167 1.866091
vt 0.352772 1.865607
vt 0.310209 1.866310
vt 0.401507 1.864812
vt 0.446821 1.864495
vt 0.498884 1.863975
vt 0.113536 1.915493
vt 0.119407 1.934464
vt 0.162358 1.948998
vt 0.124813 1.956409
vt 0.159348 1.920732
vt 0.021729 1.919883
vt 0.069505 1.917601
vt 0.071462 1.936104
vt 0.079290 1.962101
vt 0.131149 1.975919
vt 0.024658 1.940025
vt 0.210421 1.920319
vt 0.212298 1.945255
vt 0.171680 1.971940
vt 0.252819 1.918214
vt 0.213691 1.969371
vt 0.292073 1.969371
vt 0.312500 1.993858
vt 0.251953 1.993207
vt 0.334347 1.971940
vt 0.344781 1.949219
vt 0.293486 1.945255
vt 0.295354 1.920319
vt 0.367839 1.994183
vt 0.381545 1.956409
vt 0.377723 1.976387
vt 0.421872 1.993920
vt 0.388730 1.935300
vt 0.427136 1.962101
vt 0.346783 1.920732
vt 0.299445 1.898631
vt 0.349347 1.899567
vt 0.475896 1.963584
vt 0.472635 1.993953
vt 0.435178 1.937316
vt 0.480462 1.939226
vt 0.394662 1.915157
vt 0.440375 1.917510
vt 0.484376 1.919553
vt 0.486985 1.902690
vt 0.397474 1.900343
vt 0.441813 1.901207
vt 0.275391 1.866207
vt 0.027832 1.966514
vt 0.270833 1.897667
vt 0.031688 1.993730
vt 0.084682 1.993920
vt 0.136080 1.993857
vt 0.194010 1.993858
vt 0.252809 1.968038
vt 0.252839 1.943207
vt 0.177858 1.234627
vt 0.168540 1.217514
vt 0.174634 1.224513
vt 0.164535 1.248405
vt 0.172051 1.242520
vt 0.163048 1.213129
vt 0.154633 1.216656
vt 0.156821 1.253887
vt 0.147750 1.226277
vt 0.145468 1.237454
vt 0.145574 1.248459
vt 0.149193 1.254747
vt 0.168346 1.061935
vt 0.167617 1.093139
vt 0.173333 1.079174
vt 0.177373 1.038995
vt 0.176237 1.049291
vt 0.156237 1.100334
vt 0.142788 1.097415
vt 0.139405 1.076498
vt 0.143058 1.056665
vt 0.152953 1.041407
vt 0.165592 1.033057
vt 0.135547 1.216905
vt 0.055859 1.216124
vt 0.096680 1.200889
vt 0.063672 1.238975
vt 0.124349 1.248415
vt 0.063672 1.266319
vt 0.125000 1.278624
vt 0.061719 1.292295
vt 0.126709 1.314415
vt 0.062988 1.314415
vt 0.157227 1.193077
vt 0.094727 1.193077
vt 0.047363 1.183555
vt 0.030859 1.161045
vt 0.096191 1.132530
vt 0.051270 1.139854
vt 0.030762 1.191612
vt 0.009766 1.160362
vt 0.039063 1.128868
vt 0.095052 1.124066
vt 0.056641 1.107335
vt 0.128516 1.104991
vt 0.063151 1.083376
vt 0.123698 1.074913
vt 0.062500 1.057009
vt 0.125781 1.051084
vt 0.062500 1.029340
vt 0.126953 1.027061
vt 0.062500 1.004600
vt 0.127734 1.003819
vt 0.155859 1.131163
vt 0.145508 1.140586
vt 0.158984 1.162022
vt 0.178711 1.162559
vt 0.142578 1.183799
vt 0.551650 1.594509
vt 0.517020 1.566821
vt 0.551758 1.566937
vt 0.516406 1.593077
vt 0.526811 1.624096
vt 0.555220 1.624362
vt 0.503196 1.624273
vt 0.584909 1.594509
vt 0.582868 1.566542
vt 0.617022 1.595137
vt 0.619420 1.566124
vt 0.653809 1.593711
vt 0.654018 1.566124
vt 0.688128 1.593253
vt 0.688639 1.566205
vt 0.722535 1.593253
vt 0.722982 1.566124
vt 0.756941 1.593253
vt 0.756022 1.566205
vt 0.789054 1.593253
vt 0.788249 1.566205
vt 0.826172 1.594304
vt 0.826451 1.566124
vt 0.865513 1.594862
vt 0.865234 1.566390
vt 0.820668 1.625516
vt 0.852958 1.625694
vt 0.786577 1.625072
vt 0.752663 1.624895
vt 0.718928 1.624629
vt 0.688672 1.624717
vt 0.658594 1.624131
vt 0.621094 1.624522
vt 0.587180 1.624273
vt 0.586775 1.505019
vt 0.588816 1.532986
vt 0.623326 1.504600
vt 0.555556 1.532986
vt 0.555664 1.505414
vt 0.520312 1.531553
vt 0.520926 1.505298
vt 0.530717 1.562572
vt 0.507102 1.562750
vt 0.559126 1.562839
vt 0.591087 1.562750
vt 0.620928 1.533614
vt 0.625000 1.562999
vt 0.657715 1.532188
vt 0.662500 1.562608
vt 0.692035 1.531730
vt 0.692578 1.563194
vt 0.722834 1.563105
vt 0.726441 1.531730
vt 0.756570 1.563371
vt 0.760847 1.531730
vt 0.790483 1.563549
vt 0.792960 1.531730
vt 0.824574 1.563993
vt 0.941653 1.607230
vt 0.916016 1.591406
vt 0.956163 1.590538
vt 0.898655 1.596940
vt 0.886068 1.605837
vt 0.896267 1.617122
vt 0.916667 1.623415
vt 0.960286 1.623307
vt 0.982096 1.615928
vt 0.993164 1.603558
vt 0.979492 1.593630
vt 0.941653 1.606253
vt 0.938585 1.623849
vt 0.657924 1.504600
vt 0.692546 1.504681
vt 0.726888 1.504600
vt 0.759928 1.504681
vt 0.792155 1.504681
vt 0.830357 1.504600
vt 0.830078 1.532781
vt 0.869141 1.504866
vt 0.869420 1.533339
vt 0.856864 1.564170
vt 0.293245 1.196426
vt 0.206543 1.196437
vt 0.311081 1.174709
vt 0.249845 1.205414
vt 0.293142 1.196422
vt 0.188615 1.174715
vt 0.293142 1.153009
vt 0.206549 1.153009
vt 0.249845 1.144017
vt 0.444129 1.205771
vt 0.460711 1.229937
vt 0.444129 1.241557
vt 0.498168 1.224702
vt 0.551262 1.205771
vt 0.535625 1.229937
vt 0.551262 1.241557
vt 0.189974 1.313519
vt 0.311673 1.283186
vt 0.435874 1.313321
vt 0.362917 1.215515
vt 0.435972 1.215589
vt 0.362917 1.255259
vt 0.403381 1.214478
vt 0.435692 1.205211
vt 0.435874 1.214478
vt 0.403176 1.205211
vt 0.361369 1.205211
vt 0.336594 1.205211
vt 0.331949 1.254523
vt 0.291690 1.254523
vt 0.311819 1.239803
vt 0.287045 1.205211
vt 0.311819 1.205211
vt 0.190028 1.215250
vt 0.262270 1.215515
vt 0.262270 1.255259
vt 0.263819 1.205211
vt 0.221806 1.214478
vt 0.222011 1.205211
vt 0.190028 1.214561
vt 0.189495 1.205211
vt 0.925503 1.358757
vt 0.925503 1.351656
vt 0.935527 1.360208
vt 0.915553 1.352138
vt 0.915479 1.360208
vt 0.917322 1.352995
vt 0.916966 1.358332
vt 0.917228 1.355663
vt 0.925503 1.358276
vt 0.934040 1.358332
vt 0.935453 1.352136
vt 0.933780 1.355663
vt 0.933684 1.352995
vt 0.925503 1.353684
vt 0.932337 1.354953
vt 0.932582 1.354984
vt 0.918426 1.354984
vt 0.918670 1.354953
vt 0.918357 1.354958
vt 0.932651 1.354958
vt 0.932277 1.354899
vt 0.932563 1.354935
vt 0.918445 1.354935
vt 0.918731 1.354899
vt 0.735914 1.446848
vt 0.656142 1.424721
vt 0.735914 1.424530
vt 0.650312 1.446798
vt 0.902357 1.405538
vt 0.902357 1.425278
vt 0.602099 1.406008
vt 0.640399 1.446798
vt 0.649712 1.492959
vt 0.684694 1.490139
vt 0.789638 1.471339
vt 0.908187 1.471339
vt 0.902357 1.446898
vt 0.613821 1.439899
vt 0.601127 1.492959
vt 0.598805 1.441738
vt 0.902357 1.381097
vt 0.502013 1.381097
vt 0.594722 1.439899
vt 0.502013 1.439848
vt 0.503956 1.492959
vt 0.789638 1.446898
vt 0.789638 1.424338
vt 0.682189 1.446798
vt 0.682189 1.424721
vt 0.683722 1.412274
vt 0.648270 1.434380
vt 0.645355 1.448177
vt 0.647769 1.474159
vt 0.682750 1.471339
vt 0.599183 1.474159
vt 0.502013 1.474159
vt 0.682750 1.499539
vt 0.789638 1.499539
vt 0.655542 1.499539
vt 0.599183 1.499539
vt 0.502631 1.499667
vt 0.997584 1.396138
vt 0.997584 1.387677
vt 0.964546 1.392378
vt 0.946567 1.410238
vt 0.997584 1.414938
vt 0.932131 1.434277
vt 0.997584 1.454419
vt 0.939349 1.422257
vt 0.915961 1.486379
vt 0.915961 1.454419
vt 0.997584 1.500479
vt 0.915961 1.427158
vt 0.964546 1.381097
vt 0.997584 1.381097
s 1
usemtl SKIRT
f 1/1/1 2/2/2 3/3/3
f 4/4/4 5/5/5 6/6/6
f 7/7/7 5/5/5 4/4/4
f 8/8/8 7/7/7 4/4/4
f 9/9/9 7/7/7 8/8/8
f 3/3/3 9/9/9 8/8/8
f 10/10/10 9/9/9 3/3/3
f 2/2/2 10/10/10 3/3/3
f 11/11/11 10/10/10 2/2/2
f 12/12/12 11/11/11 2/2/2
f 13/13/13 11/11/11 12/12/12
f 14/14/14 13/13/13 12/12/12
f 15/15/15 13/13/13 14/14/14
f 16/16/16 15/15/15 14/14/14
f 17/17/17 15/15/15 16/16/16
f 18/18/18 17/17/17 16/16/16
f 19/19/19 17/17/17 18/18/18
f 20/20/20 19/19/19 18/18/18
f 21/21/21 19/19/19 20/20/20
f 22/22/22 21/21/21 20/20/20
f 23/23/23 21/21/21 22/22/22
f 24/24/24 23/23/23 22/22/22
f 25/25/25 26/26/26 27/27/27
f 27/27/27 26/26/26 24/24/24
f 28/28/28 25/25/25 27/27/27
f 29/29/29 25/25/25 28/28/28
f 30/30/30 25/25/25 29/29/29
f 31/31/6 30/30/30 29/29/29
f 32/32/31 30/30/30 31/31/6
f 33/28/32 34/27/33 35/29/34
f 36/23/35 37/20/36 38/21/37
f 39/22/38 37/20/36 36/23/35
f 40/33/39 39/22/38 36/23/35
f 35/29/34 34/27/33 41/25/40
f 42/30/41 35/29/34 41/25/40
f 43/31/42 35/29/34 42/30/41
f 44/32/43 43/31/42 42/30/41
f 45/18/44 38/21/37 37/20/36
f 46/19/45 38/21/37 45/18/44
f 47/16/46 46/19/45 45/18/44
f 48/17/47 46/19/45 47/16/46
f 49/14/48 48/17/47 47/16/46
f 50/15/49 48/17/47 49/14/48
f 51/13/50 50/15/49 49/14/48
f 52/12/51 51/13/50 49/14/48
f 53/11/52 51/13/50 52/12/51
f 54/2/53 53/11/52 52/12/51
f 55/10/54 53/11/52 54/2/53
f 56/3/55 55/10/54 54/2/53
f 57/9/56 55/10/54 56/3/55
f 58/8/57 57/9/56 56/3/55
f 59/7/58 57/9/56 58/8/57
f 60/4/59 59/7/58 58/8/57
f 61/5/60 59/7/58 60/4/59
f 62/6/61 61/5/60 60/4/59
f 63/1/62 56/3/55 54/2/53
f 64/34/63 65/35/64 66/36/65
f 64/34/63 66/36/65 67/37/66
f 67/37/66 66/36/65 68/38/67
f 69/39/68 64/34/63 67/37/66
f 70/40/69 64/34/63 69/39/68
f 71/41/70 70/40/69 69/39/68
f 72/42/71 70/40/69 71/41/70
f 73/43/72 72/42/71 71/41/70
f 74/44/73 75/45/58 76/46/74
f 77/47/75 75/45/58 74/44/73
f 73/43/72 77/47/75 74/44/73
f 69/39/68 78/48/76 71/41/70
f 78/48/76 79/49/77 71/41/70
f 79/49/77 77/47/75 73/43/72
f 71/41/70 79/49/77 73/43/72
f 67/37/66 80/50/78 69/39/68
f 80/50/78 78/48/76 69/39/68
f 68/38/67 81/51/79 67/37/66
f 81/51/79 80/50/78 67/37/66
f 82/52/80 81/51/79 68/38/67
f 83/53/81 82/52/80 68/38/67
f 84/54/82 82/52/80 83/53/81
f 85/55/83 82/52/80 84/54/82
f 86/56/84 85/55/83 84/54/82
f 87/57/85 85/55/83 86/56/84
f 88/58/86 87/57/85 86/56/84
f 89/59/87 90/60/88 91/61/89
f 92/62/90 90/60/88 89/59/87
f 93/63/91 92/62/90 89/59/87
f 78/48/76 80/50/78 94/64/92
f 94/64/92 93/63/91 89/59/87
f 81/51/79 93/63/91 94/64/92
f 80/50/78 81/51/79 94/64/92
f 89/59/87 95/65/93 94/64/92
f 95/65/93 78/48/76 94/64/92
f 96/66/94 95/65/93 89/59/87
f 91/61/89 96/66/94 89/59/87
f 97/67/95 96/66/94 91/61/89
f 90/60/88 97/67/95 91/61/89
f 98/68/96 97/67/95 90/60/88
f 88/58/86 98/68/96 99/69/97
f 87/57/85 88/58/86 99/69/97
f 99/69/97 98/68/96 90/60/88
f 97/67/95 100/70/98 96/66/94
f 98/68/96 101/71/99 97/67/95
f 101/71/99 100/70/98 97/67/95
f 102/72/100 101/71/99 98/68/96
f 103/73/101 101/71/99 102/72/100
f 104/74/102 103/73/101 102/72/100
f 105/75/103 103/73/101 104/74/102
f 106/76/104 103/73/101 105/75/103
f 107/77/105 106/76/104 105/75/103
f 108/78/106 106/76/104 107/77/105
f 109/79/107 108/78/106 107/77/105
f 110/80/108 109/79/107 107/77/105
f 105/75/103 110/80/108 107/77/105
f 101/71/99 111/81/109 100/70/98
f 103/73/101 111/81/109 101/71/99
f 106/76/104 112/82/110 103/73/101
f 112/82/110 111/81/109 103/73/101
f 113/83/111 112/82/110 106/76/104
f 108/78/106 113/83/111 106/76/104
f 114/84/112 112/82/110 113/83/111
f 115/85/113 112/82/110 114/84/112
f 116/86/114 115/85/113 117/87/115
f 117/87/115 115/85/113 114/84/112
f 118/88/43 116/86/114 117/87/115
f 119/89/116 116/86/114 118/88/43
f 120/90/117 116/86/114 119/89/116
f 115/85/113 116/86/114 121/91/118
f 121/91/118 116/86/114 120/90/117
f 112/82/110 115/85/113 122/92/119
f 122/92/119 115/85/113 121/91/118
f 111/81/109 112/82/110 122/92/119
f 123/93/120 124/94/121 125/95/122
f 126/96/123 124/94/121 123/93/120
f 127/97/124 128/98/125 129/99/126
f 130/100/127 131/101/128 127/97/124
f 123/93/120 131/101/128 130/100/127
f 132/102/129 131/101/128 123/93/120
f 125/95/122 132/102/129 123/93/120
f 133/103/130 132/102/129 125/95/122
f 134/104/6 133/103/130 125/95/122
f 129/99/126 128/98/125 135/105/131
f 135/105/131 128/98/125 136/106/132
f 137/107/133 129/99/126 135/105/131
f 138/64/134 139/50/135 140/48/136
f 138/64/134 140/48/136 141/59/137
f 141/59/137 140/48/136 142/65/138
f 143/63/139 138/64/134 141/59/137
f 144/51/140 138/64/134 143/63/139
f 139/50/135 138/64/134 144/51/140
f 145/37/141 139/50/135 144/51/140
f 146/38/142 145/37/141 144/51/140
f 147/36/143 145/37/141 146/38/142
f 148/66/144 141/59/137 142/65/138
f 149/61/145 141/59/137 148/66/144
f 150/67/146 149/61/145 148/66/144
f 151/60/147 149/61/145 150/67/146
f 152/68/148 151/60/147 150/67/146
f 153/69/149 151/60/147 152/68/148
f 154/58/150 153/69/149 152/68/148
f 155/56/151 153/69/149 154/58/150
f 156/57/152 153/69/149 155/56/151
f 157/54/153 156/57/152 155/56/151
f 158/55/154 156/57/152 157/54/153
f 159/53/155 158/55/154 157/54/153
f 160/52/156 158/55/154 159/53/155
f 144/51/140 160/52/156 146/38/142
f 146/38/142 160/52/156 159/53/155
f 161/62/157 143/63/139 141/59/137
f 151/60/147 161/62/157 149/61/145
f 149/61/145 161/62/157 141/59/137
f 143/63/139 162/108/158 144/51/140
f 161/62/157 163/109/159 143/63/139
f 163/109/159 162/108/158 143/63/139
f 164/110/160 163/109/159 161/62/157
f 151/60/147 164/110/160 161/62/157
f 158/55/154 165/111/161 156/57/152
f 153/69/149 165/111/161 151/60/147
f 156/57/152 165/111/161 153/69/149
f 165/111/161 164/110/160 151/60/147
f 165/111/161 166/112/162 164/110/160
f 164/110/160 166/112/162 163/109/159
f 166/112/162 165/111/161 158/55/154
f 160/52/156 166/112/162 158/55/154
f 162/108/158 167/113/163 144/51/140
f 167/113/163 166/112/162 160/52/156
f 166/112/162 167/113/163 163/109/159
f 144/51/140 167/113/163 160/52/156
f 163/109/159 167/113/163 162/108/158
f 168/114/164 169/115/165 170/116/54
f 171/117/166 172/118/167 173/119/168
f 174/120/169 171/117/166 173/119/168
f 175/121/170 171/117/166 174/120/169
f 176/122/171 175/121/170 174/120/169
f 177/123/172 175/121/170 176/122/171
f 178/124/173 175/121/170 177/123/172
f 179/125/174 178/124/173 177/123/172
f 179/125/174 180/126/175 178/124/173
f 181/127/176 180/126/175 179/125/174
f 181/127/176 169/115/165 168/114/164
f 172/118/167 171/117/166 182/128/177
f 178/124/173 180/126/175 182/128/177
f 171/117/166 175/121/170 182/128/177
f 182/128/177 175/121/170 178/124/173
f 183/129/178 172/118/167 182/128/177
f 180/126/175 183/129/178 182/128/177
f 183/129/178 180/126/175 181/127/176
f 174/120/169 184/130/37 176/122/171
f 185/131/35 184/130/37 174/120/169
f 173/119/168 185/131/35 174/120/169
f 186/132/179 185/131/35 173/119/168
f 173/119/168 172/118/167 187/133/180
f 187/133/180 186/132/179 173/119/168
f 186/132/179 188/134/39 185/131/35
f 189/135/181 168/114/164 170/116/54
f 190/136/182 168/114/164 189/135/181
f 190/136/182 181/127/176 168/114/164
f 191/137/183 190/136/182 189/135/181
f 192/138/184 190/136/182 191/137/183
f 193/139/185 192/138/184 191/137/183
f 189/135/181 194/140/186 191/137/183
f 191/137/183 195/141/187 193/139/185
f 194/140/186 195/141/187 191/137/183
f 196/116/10 197/114/188 198/135/189
f 199/115/190 197/114/188 196/116/10
f 197/114/188 199/115/190 200/127/191
f 200/127/191 199/115/190 201/142/192
f 202/140/193 198/135/189 203/137/194
f 204/141/195 202/140/193 203/137/194
f 205/139/196 204/141/195 203/137/194
f 200/127/191 201/142/192 206/126/197
f 206/126/197 201/142/192 207/125/198
f 208/129/199 200/127/191 206/126/197
f 209/143/200 200/127/191 208/129/199
f 210/144/201 209/143/200 208/129/199
f 211/145/202 212/146/203 213/147/204
f 214/118/205 210/144/201 208/129/199
f 215/148/206 210/144/201 214/118/205
f 216/133/207 215/148/206 214/118/205
f 217/128/208 208/129/199 206/126/197
f 214/118/205 208/129/199 217/128/208
f 218/117/209 214/118/205 217/128/208
f 216/133/207 214/118/205 219/119/210
f 219/119/210 214/118/205 218/117/209
f 220/132/211 216/133/207 219/119/210
f 218/117/209 221/120/212 219/119/210
f 221/120/212 222/131/23 219/119/210
f 219/119/210 222/131/23 220/132/211
f 223/121/213 221/120/212 218/117/209
f 217/128/208 223/121/213 218/117/209
f 224/124/214 223/121/213 217/128/208
f 206/126/197 224/124/214 217/128/208
f 207/125/198 225/123/215 206/126/197
f 225/123/215 224/124/214 206/126/197
f 223/121/213 224/124/214 226/122/216
f 226/122/216 224/124/214 225/123/215
f 227/130/21 223/121/213 226/122/216
f 222/131/23 221/120/212 227/130/21
f 221/120/212 223/121/213 227/130/21
f 90/60/88 228/110/217 99/69/97
f 93/63/91 228/110/217 92/62/90
f 92/62/90 228/110/217 90/60/88
f 99/69/97 229/111/218 87/57/85
f 228/110/217 229/111/218 99/69/97
f 230/109/219 229/111/218 228/110/217
f 230/109/219 228/110/217 93/63/91
f 81/51/79 230/109/219 93/63/91
f 231/112/220 229/111/218 230/109/219
f 87/57/85 231/112/220 85/55/83
f 229/111/218 231/112/220 87/57/85
f 232/108/221 230/109/219 81/51/79
f 231/112/220 230/109/219 232/108/221
f 82/52/80 232/108/221 81/51/79
f 85/55/83 233/113/222 82/52/80
f 231/112/220 233/113/222 85/55/83
f 233/113/222 232/108/221 82/52/80
f 233/113/222 231/112/220 232/108/221
f 234/104/223 235/102/32 236/103/224
f 237/95/225 235/102/32 234/104/223
f 238/93/226 235/102/32 237/95/225
f 239/96/227 238/93/226 237/95/225
f 240/94/228 239/96/227 237/95/225
f 241/105/229 242/99/48 243/107/230
f 244/97/231 242/99/48 241/105/229
f 245/106/232 244/97/231 241/105/229
f 246/98/38 244/97/231 245/106/232
f 247/149/233 244/97/231 246/98/38
f 235/102/32 238/93/226 248/101/234
f 248/101/234 244/97/231 247/149/233
f 238/93/226 249/100/235 248/101/234
f 249/100/235 244/97/231 248/101/234
f 250/47/236 251/46/5 252/45/237
f 253/44/238 251/46/5 250/47/236
f 254/43/239 253/44/238 250/47/236
f 255/49/240 254/43/239 250/47/236
f 256/41/241 254/43/239 255/49/240
f 140/48/136 139/50/135 256/41/241
f 255/49/240 140/48/136 256/41/241
f 257/42/242 254/43/239 256/41/241
f 256/41/241 139/50/135 258/39/243
f 258/39/243 257/42/242 256/41/241
f 139/50/135 145/37/141 258/39/243
f 259/40/244 257/42/242 258/39/243
f 145/37/141 147/36/143 260/34/245
f 260/34/245 259/40/244 258/39/243
f 258/39/243 145/37/141 260/34/245
f 260/34/245 147/36/143 261/35/246
f 262/150/247 140/48/136 255/49/240
f 140/48/136 262/150/247 142/65/138
f 250/47/236 262/150/247 255/49/240
f 252/45/237 263/151/248 250/47/236
f 263/151/248 262/150/247 250/47/236
f 264/152/9 263/151/248 252/45/237
f 265/153/10 263/151/248 264/152/9
f 266/154/249 263/151/248 265/153/10
f 262/150/247 263/151/248 267/155/193
f 267/155/193 263/151/248 266/154/249
f 142/65/138 262/150/247 267/155/193
f 268/156/250 269/157/251 270/158/252
f 271/159/253 269/157/251 268/156/250
f 272/160/254 271/159/253 268/156/250
f 273/161/255 272/160/254 268/156/250
f 274/162/256 273/161/255 268/156/250
f 275/163/257 274/162/256 268/156/250
f 276/164/258 275/163/257 268/156/250
f 277/165/259 276/164/258 268/156/250
f 278/166/260 277/165/259 268/156/250
f 279/167/261 278/166/260 268/156/250
f 270/158/252 279/167/261 268/156/250
f 280/156/262 281/158/263 282/157/264
f 283/167/265 281/158/263 280/156/262
f 284/166/266 283/167/265 280/156/262
f 285/165/267 284/166/266 280/156/262
f 286/164/268 285/165/267 280/156/262
f 287/163/269 286/164/268 280/156/262
f 288/162/270 287/163/269 280/156/262
f 289/161/271 288/162/270 280/156/262
f 290/160/272 289/161/271 280/156/262
f 282/157/264 291/159/273 280/156/262
f 291/159/273 290/160/272 280/156/262
f 292/152/274 75/45/58 293/151/275
f 77/47/75 79/49/77 293/151/275
f 75/45/58 77/47/75 293/151/275
f 293/151/275 294/153/54 292/152/274
f 295/154/181 294/153/54 293/151/275
f 293/151/275 79/49/77 296/150/276
f 296/150/276 295/154/181 293/151/275
f 78/48/76 95/65/93 296/150/276
f 79/49/77 78/48/76 296/150/276
f 297/92/277 298/82/278 299/81/279
f 300/85/280 298/82/278 297/92/277
f 301/91/281 300/85/280 297/92/277
f 302/86/282 300/85/280 301/91/281
f 303/90/283 302/86/282 301/91/281
f 304/89/30 302/86/282 303/90/283
f 305/88/31 302/86/282 304/89/30
f 300/85/280 302/86/282 306/87/284
f 306/87/284 302/86/282 305/88/31
f 307/84/285 300/85/280 306/87/284
f 298/82/278 300/85/280 307/84/285
f 308/83/286 298/82/278 307/84/285
f 309/78/287 298/82/278 308/83/286
f 310/70/288 150/67/146 148/66/144
f 150/67/146 311/71/289 152/68/148
f 311/71/289 150/67/146 310/70/288
f 299/81/279 311/71/289 310/70/288
f 312/73/290 311/71/289 299/81/279
f 298/82/278 312/73/290 299/81/279
f 313/76/291 312/73/290 298/82/278
f 309/78/287 313/76/291 298/82/278
f 314/77/292 313/76/291 309/78/287
f 315/79/293 314/77/292 309/78/287
f 316/80/294 314/77/292 315/79/293
f 313/76/291 314/77/292 317/75/295
f 312/73/290 313/76/291 317/75/295
f 317/75/295 314/77/292 316/80/294
f 318/74/296 312/73/290 317/75/295
f 319/72/297 312/73/290 318/74/296
f 311/71/289 312/73/290 319/72/297
f 152/68/148 311/71/289 319/72/297
f 320/33/298 23/23/23 24/24/24
f 26/26/26 320/33/298 24/24/24
f 321/24/233 39/22/38 40/33/39
f 41/25/40 34/27/33 322/26/299
f 34/27/33 321/24/233 322/26/299
f 322/26/299 321/24/233 40/33/39
f 131/101/128 323/149/300 127/97/124
f 323/149/300 128/98/125 127/97/124
f 179/125/174 324/142/301 181/127/176
f 181/127/176 324/142/301 169/115/165
f 325/143/302 181/127/176 190/136/182
f 325/143/302 183/129/178 181/127/176
f 192/138/184 325/143/302 190/136/182
f 326/144/303 183/129/178 325/143/302
f 172/118/167 183/129/178 326/144/303
f 326/144/303 325/143/302 192/138/184
f 327/168/304 192/138/184 193/139/185
f 327/168/304 326/144/303 192/138/184
f 328/148/305 172/118/167 326/144/303
f 172/118/167 328/148/305 187/133/180
f 187/133/180 328/148/305 327/168/304
f 328/148/305 326/144/303 327/168/304
f 329/169/306 186/132/179 187/133/180
f 330/145/307 329/169/306 187/133/180
f 187/133/180 327/168/304 330/145/307
f 331/170/308 329/169/306 330/145/307
f 332/146/119 331/170/308 330/145/307
f 333/147/309 332/146/119 330/145/307
f 327/168/304 333/147/309 330/145/307
f 329/169/306 334/171/310 186/132/179
f 334/171/310 188/134/39 186/132/179
f 335/172/40 334/171/310 329/169/306
f 331/170/308 335/172/40 329/169/306
f 333/147/309 327/168/304 336/173/311
f 336/173/311 327/168/304 193/139/185
f 337/174/312 333/147/309 336/173/311
f 193/139/185 337/174/312 336/173/311
f 338/175/313 337/174/312 193/139/185
f 195/141/187 338/175/313 193/139/185
f 209/143/200 339/136/314 200/127/191
f 339/136/314 197/114/188 200/127/191
f 203/137/194 198/135/189 339/136/314
f 198/135/189 197/114/188 339/136/314
f 340/175/315 204/141/195 205/139/196
f 341/174/316 340/175/315 205/139/196
f 205/139/196 203/137/194 342/138/317
f 203/137/194 339/136/314 342/138/317
f 342/138/317 209/143/200 210/144/201
f 342/138/317 339/136/314 209/143/200
f 205/139/196 342/138/317 343/168/318
f 343/168/318 342/138/317 210/144/201
f 210/144/201 215/148/206 343/168/318
f 343/168/318 215/148/206 216/133/207
f 216/133/207 211/145/202 343/168/318
f 211/145/202 213/147/204 343/168/318
f 343/168/318 213/147/204 344/173/319
f 341/174/316 205/139/196 344/173/319
f 213/147/204 341/174/316 344/173/319
f 344/173/319 205/139/196 343/168/318
f 345/169/320 211/145/202 216/133/207
f 220/132/211 345/169/320 216/133/207
f 346/171/321 345/169/320 220/132/211
f 220/132/211 222/131/23 347/134/298
f 347/134/298 346/171/321 220/132/211
f 348/170/322 212/146/203 211/145/202
f 345/169/320 348/170/322 211/145/202
f 349/172/283 348/170/322 345/169/320
f 346/171/321 349/172/283 345/169/320
f 350/155/186 295/154/181 296/150/276
f 95/65/93 350/155/186 296/150/276
f 351/176/323 352/177/324 353/178/325
f 354/179/326 355/180/327 356/181/328
f 357/182/329 358/183/330 359/184/331
f 360/185/332 361/186/333 362/187/334
f 361/186/333 363/188/335 362/187/334
f 362/187/334 363/188/335 364/189/336
f 365/190/337 366/191/338 367/192/339
f 368/193/340 366/191/341 369/190/342
f 367/192/339 370/194/343 371/195/344
f 372/196/345 370/194/343 367/192/339
f 366/191/338 372/196/345 367/192/339
f 373/197/346 372/196/345 366/191/338
f 368/193/340 373/197/347 366/191/341
f 374/198/348 373/197/346 368/193/349
f 375/199/350 374/198/348 368/193/349
f 376/200/351 374/198/348 375/199/350
f 377/201/352 376/200/351 375/199/350
f 373/197/346 378/202/353 372/196/345
f 379/203/354 378/202/353 373/197/346
f 374/198/348 379/203/354 373/197/346
f 376/200/351 379/203/354 374/198/348
f 380/204/355 381/205/356 353/178/357
f 382/206/358 381/205/356 380/204/355
f 381/205/356 382/206/358 383/207/359
f 384/208/360 381/205/356 383/207/359
f 353/178/357 381/205/356 385/209/361
f 351/176/323 353/178/325 385/209/361
f 385/209/361 381/205/356 384/208/360
f 386/210/362 383/207/363 387/211/364
f 388/212/365 383/207/359 389/210/366
f 390/213/367 388/212/365 389/210/366
f 391/214/368 388/212/365 390/213/367
f 388/212/365 391/214/368 392/215/369
f 393/216/370 388/212/365 392/215/369
f 383/207/359 394/217/371 384/208/360
f 388/212/365 394/217/371 383/207/359
f 394/217/371 388/212/365 393/216/370
f 384/208/360 394/217/371 395/218/372
f 395/218/372 394/217/371 393/216/370
f 396/219/373 397/220/374 363/188/335
f 398/221/375 399/222/376 400/223/377
f 398/221/378 401/224/379 399/222/380
f 402/225/381 396/219/373 403/226/382
f 403/226/382 401/224/379 402/225/381
f 402/225/383 397/220/374 396/219/373
f 402/225/381 401/224/379 398/221/378
f 404/227/384 361/186/385 360/185/386
f 404/227/387 405/228/388 363/188/389
f 363/188/389 405/228/388 396/219/373
f 406/229/390 407/230/391 408/231/392
f 360/185/393 406/229/390 408/231/392
f 409/227/394 360/185/393 408/231/392
f 405/228/388 404/227/387 410/232/395
f 410/232/396 409/227/394 408/231/392
f 407/230/391 406/229/390 411/233/397
f 392/215/369 391/214/368 411/233/397
f 411/233/397 406/229/390 392/215/369
f 412/234/398 413/235/399 414/236/400
f 415/237/401 413/235/399 412/234/398
f 415/237/401 412/234/398 416/238/402
f 417/239/403 415/237/401 416/238/402
f 413/235/399 415/237/401 418/240/404
f 418/240/404 415/237/401 417/239/403
f 419/241/405 413/235/399 418/240/404
f 414/236/400 413/235/399 420/242/406
f 413/235/399 419/241/405 420/242/406
f 420/242/407 419/241/408 421/243/409
f 422/244/410 420/242/407 421/243/409
f 423/245/411 420/242/412 422/244/413
f 422/244/414 371/195/344 423/245/415
f 424/246/416 414/236/400 420/242/406
f 425/247/417 414/236/400 424/246/416
f 426/248/418 427/249/419 428/250/420
f 429/251/421 426/248/418 428/250/420
f 430/252/422 426/248/418 429/251/421
f 431/253/423 430/252/422 429/251/421
f 432/254/424 430/252/425 431/253/426
f 433/255/427 432/254/424 431/253/426
f 434/256/428 432/254/424 433/255/427
f 435/257/429 434/256/430 436/255/431
f 437/258/432 434/256/430 435/257/429
f 438/259/433 437/258/432 435/257/429
f 439/260/434 438/259/433 435/257/429
f 438/259/433 439/260/434 440/261/435
f 441/262/436 438/259/433 440/261/435
f 442/263/437 398/221/375 400/223/377
f 443/264/438 398/221/375 442/263/437
f 402/225/383 444/265/439 442/263/437
f 444/265/439 443/264/438 442/263/437
f 445/266/440 446/267/441 447/268/442
f 355/180/327 448/269/443 356/181/328
f 448/269/444 446/267/441 445/266/440
f 356/181/328 448/269/443 449/266/445
f 450/270/446 451/271/447 452/272/448
f 453/273/449 451/271/447 450/270/446
f 454/274/450 422/244/410 421/243/409
f 371/195/344 422/244/414 455/274/451
f 456/275/452 365/190/337 367/192/339
f 367/192/339 371/195/344 456/275/452
f 456/275/452 371/195/344 455/274/451
f 379/203/354 457/276/453 378/202/353
f 458/277/454 457/276/453 379/203/354
f 459/278/455 379/203/354 376/200/351
f 459/278/455 458/277/454 379/203/354
f 378/202/353 457/276/453 460/279/456
f 372/196/345 378/202/353 461/280/457
f 461/280/457 378/202/353 460/279/456
f 370/194/343 372/196/345 461/280/457
f 371/195/344 370/194/343 462/281/458
f 462/281/458 370/194/343 461/280/457
f 423/245/415 371/195/344 462/281/458
f 462/281/458 461/280/457 463/282/459
f 423/245/415 462/281/458 463/282/459
f 464/283/460 358/183/330 357/182/329
f 465/284/461 358/183/330 464/283/460
f 466/285/462 465/284/461 464/283/460
f 467/286/463 465/284/461 466/285/462
f 468/287/464 467/286/463 466/285/462
f 469/288/465 470/289/466 471/290/467
f 472/291/468 473/292/469 468/287/464
f 468/287/464 473/292/469 467/286/463
f 474/293/470 473/292/469 472/291/468
f 475/294/471 473/292/469 474/293/470
f 427/249/419 476/295/472 477/296/473
f 471/290/467 470/289/466 478/297/474
f 479/298/475 480/299/476 478/297/477
f 481/300/478 377/201/479 482/301/480
f 482/301/480 483/302/481 481/300/478
f 478/297/477 484/303/482 355/180/483
f 485/302/484 484/303/482 480/299/476
f 355/180/483 484/303/482 446/267/485
f 484/303/486 483/302/481 482/301/480
f 478/297/477 480/299/476 484/303/482
f 446/267/487 484/303/486 482/301/480
f 482/301/480 486/304/488 446/267/487
f 446/267/441 486/304/489 447/268/442
f 368/193/490 487/199/491 373/197/492
f 487/199/493 486/304/488 482/301/480
f 377/201/479 487/199/493 482/301/480
f 488/200/494 377/201/495 489/305/496
f 481/300/497 489/305/496 377/201/495
f 490/306/498 488/200/494 489/305/496
f 491/278/499 488/200/494 490/306/498
f 478/297/477 355/180/483 492/179/500
f 354/179/501 355/180/502 493/307/503
f 494/290/504 478/297/477 492/179/500
f 495/308/505 478/297/506 496/309/507
f 497/310/508 478/297/506 495/308/505
f 496/309/507 478/297/506 498/311/509
f 498/311/509 478/297/506 499/290/510
f 500/312/511 376/200/351 377/201/352
f 377/201/512 500/312/513 501/313/514
f 487/199/491 377/201/512 501/313/514
f 373/197/492 487/199/491 501/313/514
f 502/314/515 501/313/514 500/312/513
f 373/197/492 501/313/514 503/278/516
f 503/278/516 501/313/514 502/314/515
f 504/315/517 373/197/492 503/278/516
f 505/316/518 373/197/492 504/315/517
f 366/191/519 373/197/492 505/316/518
f 454/274/520 456/275/521 506/317/522
f 422/244/523 454/274/520 506/317/522
f 506/317/522 423/245/524 422/244/523
f 506/317/522 366/191/519 505/316/518
f 506/317/522 507/318/525 366/191/519
f 456/275/521 507/318/525 506/317/522
f 508/319/526 454/274/527 422/244/528
f 419/241/529 508/319/526 420/242/530
f 420/242/530 508/319/526 422/244/528
f 509/320/531 419/241/532 420/242/412
f 463/282/533 510/246/534 423/245/411
f 510/246/534 509/320/531 420/242/412
f 510/246/534 420/242/412 423/245/411
f 425/247/535 509/320/531 510/246/534
f 463/282/533 511/321/536 510/246/534
f 511/321/536 425/247/535 510/246/534
f 463/282/459 461/280/457 512/322/537
f 512/322/538 511/321/536 463/282/533
f 461/280/457 460/279/456 512/322/537
f 512/322/539 463/282/540 513/323/541
f 505/316/518 513/323/541 506/317/522
f 513/323/541 423/245/524 506/317/522
f 463/282/540 423/245/524 513/323/541
f 503/278/516 514/324/542 504/315/517
f 504/315/517 514/324/542 505/316/518
f 514/324/542 512/322/539 513/323/541
f 514/324/542 513/323/541 505/316/518
f 457/276/453 458/277/454 515/325/543
f 515/325/544 512/322/539 514/324/542
f 460/279/456 457/276/453 515/325/543
f 512/322/537 460/279/456 515/325/543
f 516/277/545 514/324/542 503/278/516
f 516/277/545 515/325/544 514/324/542
f 517/326/546 518/325/547 458/277/548
f 517/326/546 458/277/548 519/327/549
f 503/278/550 519/327/549 458/277/548
f 520/328/551 519/327/549 503/278/550
f 440/261/435 439/260/434 521/329/552
f 436/255/431 522/254/553 431/253/554
f 522/254/553 430/252/425 431/253/554
f 434/256/430 522/254/553 436/255/431
f 427/249/419 477/296/473 523/330/555
f 428/250/420 427/249/419 523/330/555
f 523/330/555 477/296/473 524/331/556
f 525/332/557 496/309/507 498/311/509
f 359/184/558 496/309/507 525/332/557
f 358/183/559 465/284/560 526/333/561
f 526/333/561 527/334/562 358/183/559
f 528/335/563 465/284/564 358/183/565
f 528/335/563 358/183/565 359/184/558
f 529/336/566 465/284/564 528/335/563
f 530/337/567 465/284/564 529/336/566
f 531/333/568 465/284/564 530/337/567
f 532/338/569 531/333/568 530/337/567
f 473/292/469 533/339/570 467/286/463
f 533/339/570 532/338/569 530/337/567
f 534/340/571 401/224/379 403/226/382
f 535/341/572 401/224/573 534/340/574
f 401/224/573 535/341/572 399/222/575
f 536/342/576 535/341/572 534/340/574
f 537/343/577 535/341/572 536/342/576
f 533/339/570 530/337/567 537/343/577
f 536/342/576 533/339/570 537/343/577
f 538/293/578 535/341/572 537/343/577
f 399/222/575 535/341/572 538/293/578
f 539/344/579 538/293/578 537/343/577
f 530/337/567 539/344/579 537/343/577
f 540/345/580 398/221/581 399/222/575
f 541/346/582 403/226/382 396/219/373
f 541/346/582 542/347/583 403/226/382
f 534/340/571 403/226/382 542/347/583
f 543/348/584 396/219/585 402/225/586
f 363/188/587 396/219/585 543/348/584
f 544/349/588 363/188/587 543/348/584
f 545/350/589 541/346/582 396/219/373
f 405/228/388 545/350/589 396/219/373
f 410/232/395 546/351/590 547/352/591
f 547/352/591 405/228/388 410/232/395
f 545/350/589 405/228/388 547/352/591
f 548/353/592 546/351/590 410/232/395
f 549/227/593 548/353/592 410/232/395
f 360/185/594 548/353/592 549/227/593
f 407/230/595 548/353/592 550/354/596
f 411/233/597 407/230/595 550/354/596
f 550/354/596 548/353/592 360/185/594
f 551/355/598 411/233/597 550/354/596
f 548/353/592 407/230/595 552/356/599
f 546/351/590 548/353/592 552/356/599
f 402/225/586 444/265/600 553/263/601
f 553/263/601 398/221/581 540/345/580
f 554/264/602 398/221/581 553/263/601
f 444/265/600 554/264/602 553/263/601
f 450/270/603 555/271/604 556/272/605
f 557/273/606 555/271/604 450/270/603
f 558/357/607 555/271/604 557/273/606
f 559/358/608 558/357/607 557/273/606
f 560/359/609 363/188/587 544/349/588
f 360/185/610 361/186/611 560/359/609
f 361/186/611 363/188/587 560/359/609
f 355/180/502 561/269/612 493/307/503
f 493/307/503 561/269/612 445/266/613
f 380/204/614 562/360/615 353/178/616
f 382/206/617 562/360/615 380/204/614
f 562/360/615 385/209/618 353/178/616
f 562/360/615 563/217/619 564/361/620
f 564/361/620 563/217/619 551/355/598
f 565/207/621 563/217/619 562/360/615
f 382/206/617 565/207/621 562/360/615
f 566/362/622 383/207/359 382/206/358
f 567/363/623 352/177/624 568/178/625
f 385/209/618 567/363/623 568/178/625
f 386/210/362 390/213/626 569/364/627
f 569/364/627 563/217/619 383/207/363
f 551/355/598 563/217/619 569/364/627
f 411/233/597 551/355/598 569/364/627
f 383/207/363 386/210/362 569/364/627
f 552/356/628 407/230/629 570/365/630
f 570/365/630 411/233/597 569/364/627
f 570/365/630 407/230/629 411/233/597
f 571/366/631 391/214/368 390/213/367
f 390/213/626 571/366/632 569/364/627
f 571/366/632 570/365/630 569/364/627
f 572/367/633 573/211/634 574/207/635
f 575/368/636 414/236/400 425/247/417
f 575/368/637 509/320/531 425/247/535
f 416/238/402 412/234/398 575/368/636
f 412/234/398 414/236/400 575/368/636
f 416/238/638 576/369/639 575/368/637
f 576/369/639 509/320/531 575/368/637
f 577/239/640 576/369/639 416/238/638
f 578/240/641 576/369/639 577/239/640
f 509/320/531 576/369/639 578/240/641
f 419/241/532 509/320/531 578/240/641
f 579/370/642 360/185/332 362/187/334
f 362/187/334 364/189/336 580/371/643
f 579/370/642 362/187/334 580/371/643
f 560/359/609 544/349/588 581/372/644
f 581/372/645 579/370/642 580/371/643
f 582/373/646 583/374/647 581/372/648
f 584/375/649 583/374/647 582/373/646
f 585/376/650 584/375/649 582/373/646
f 586/377/651 584/375/649 585/376/650
f 587/378/652 586/377/651 585/376/650
f 588/379/653 587/378/652 585/376/650
f 589/380/654 588/379/653 585/376/650
f 582/373/646 589/380/654 585/376/650
f 590/381/655 589/380/654 582/373/646
f 591/382/656 590/381/655 582/373/646
f 581/372/648 591/382/656 582/373/646
f 580/371/643 592/383/657 581/372/645
f 364/189/336 592/383/657 580/371/643
f 592/383/657 593/382/658 581/372/645
f 544/349/588 593/382/659 581/372/644
f 594/304/660 595/384/661 447/268/662
f 596/385/663 595/384/661 594/304/660
f 487/199/664 596/385/663 594/304/660
f 368/193/340 596/385/663 487/199/664
f 597/386/665 596/385/663 368/193/340
f 365/190/666 597/386/665 368/193/340
f 598/387/667 597/386/665 365/190/666
f 599/275/668 598/387/667 365/190/666
f 454/274/450 600/388/669 599/275/668
f 600/388/669 598/387/667 599/275/668
f 601/389/670 600/388/669 454/274/450
f 602/390/671 601/389/670 454/274/450
f 421/243/409 602/390/671 454/274/450
f 603/391/672 601/389/670 602/390/671
f 604/392/673 602/390/671 421/243/409
f 604/392/673 603/391/672 602/390/671
f 605/393/674 603/391/672 604/392/673
f 606/394/675 603/391/672 605/393/674
f 607/395/676 603/391/672 606/394/675
f 608/396/677 607/395/676 606/394/675
f 609/397/678 595/384/661 596/385/663
f 597/386/665 609/397/678 596/385/663
f 610/398/679 609/397/678 597/386/665
f 598/387/667 610/398/679 597/386/665
f 601/389/670 611/399/680 600/388/669
f 611/399/680 610/398/679 598/387/667
f 600/388/669 611/399/680 598/387/667
f 612/400/681 611/399/680 601/389/670
f 603/391/672 612/400/681 601/389/670
f 607/395/676 612/400/681 603/391/672
f 449/266/445 613/401/682 356/181/328
f 614/402/683 613/401/682 449/266/445
f 595/384/661 614/402/683 447/268/662
f 447/268/662 614/402/683 449/266/445
f 609/397/678 614/402/683 595/384/661
f 610/398/679 615/403/684 609/397/678
f 615/403/684 614/402/683 609/397/678
f 616/404/685 615/403/684 610/398/679
f 611/399/680 616/404/685 610/398/679
f 612/400/681 617/405/686 611/399/680
f 617/405/686 616/404/685 611/399/680
f 618/406/687 617/405/686 612/400/681
f 607/395/676 618/406/687 612/400/681
f 608/396/677 619/407/688 607/395/676
f 619/407/688 618/406/687 607/395/676
f 618/406/687 620/408/689 617/405/686
f 620/408/689 618/406/687 619/407/688
f 621/409/690 620/408/689 619/407/688
f 622/410/691 620/408/689 621/409/690
f 616/404/685 622/410/691 615/403/684
f 620/408/689 622/410/691 617/405/686
f 617/405/686 622/410/691 616/404/685
f 623/411/692 622/410/691 621/409/690
f 615/403/684 624/412/693 614/402/683
f 614/402/683 624/412/693 613/401/682
f 622/410/691 624/412/693 615/403/684
f 625/413/694 619/407/688 608/396/677
f 621/409/690 619/407/688 626/414/695
f 626/414/695 619/407/688 625/413/694
f 623/411/692 621/409/690 627/415/696
f 627/415/696 621/409/690 626/414/695
f 622/410/691 623/411/692 628/416/697
f 628/416/697 623/411/692 627/415/696
f 624/412/693 622/410/691 628/416/697
f 613/401/682 624/412/693 628/416/697
f 492/179/500 629/417/698 494/290/504
f 354/179/326 356/181/328 629/417/699
f 493/307/503 629/417/700 354/179/501
f 356/181/328 613/401/682 629/417/699
f 628/416/701 629/417/700 493/307/503
f 629/417/699 613/401/682 628/416/697
f 630/418/702 471/290/467 631/417/703
f 627/415/704 632/419/705 628/416/706
f 628/416/706 632/419/705 631/417/703
f 632/419/705 630/418/702 631/417/703
f 471/290/467 633/420/707 469/288/465
f 630/418/702 633/420/707 471/290/467
f 633/420/707 634/421/708 469/288/465
f 469/288/465 634/421/708 635/422/709
f 636/423/710 634/421/708 633/420/707
f 632/419/705 637/424/711 630/418/702
f 627/415/704 637/424/711 632/419/705
f 637/424/711 633/420/707 630/418/702
f 633/420/707 637/424/711 636/423/710
f 638/425/712 637/424/711 627/415/704
f 626/414/713 638/425/712 627/415/704
f 625/413/714 639/426/715 626/414/716
f 639/426/717 638/425/712 626/414/713
f 640/427/718 639/426/715 625/413/714
f 641/428/719 639/426/717 640/427/720
f 636/423/710 637/424/711 642/429/721
f 642/429/721 639/426/717 641/428/719
f 637/424/711 638/425/712 642/429/721
f 638/425/712 639/426/717 642/429/721
f 464/283/460 643/430/722 466/285/462
f 643/430/722 644/431/723 466/285/462
f 466/285/462 644/431/723 468/287/464
f 645/432/724 644/431/723 643/430/722
f 646/433/725 643/430/722 464/283/460
f 647/434/726 464/283/460 357/182/329
f 647/434/726 646/433/725 464/283/460
f 648/435/727 646/433/725 647/434/726
f 649/436/728 648/435/727 647/434/726
f 650/437/729 648/435/730 651/436/731
f 640/427/720 652/438/732 641/428/719
f 652/438/732 650/437/729 653/439/733
f 641/428/719 652/438/732 653/439/733
f 653/439/733 650/437/729 651/436/731
f 641/428/719 653/439/733 642/429/721
f 642/429/721 653/439/733 636/423/710
f 652/438/732 654/440/734 650/437/729
f 654/440/734 652/438/732 640/427/720
f 655/441/735 654/440/734 640/427/720
f 656/442/736 654/440/734 655/441/735
f 650/437/729 657/443/737 648/435/730
f 654/440/734 657/443/738 650/437/729
f 657/443/738 654/440/734 656/442/736
f 645/432/724 657/443/738 656/442/736
f 658/444/739 657/443/738 645/432/724
f 643/430/722 658/444/739 645/432/724
f 646/433/725 658/444/739 643/430/722
f 648/435/727 658/444/739 646/433/725
f 657/443/737 659/444/740 648/435/730
f 660/445/741 647/434/726 357/182/329
f 636/423/710 649/436/728 660/445/741
f 649/436/728 647/434/726 660/445/741
f 359/184/331 660/445/741 357/182/329
f 653/439/733 651/436/731 661/423/742
f 586/377/651 662/446/743 584/375/649
f 584/375/649 662/446/743 583/374/647
f 663/370/744 560/359/609 581/372/644
f 360/185/594 663/370/745 550/354/596
f 360/185/610 560/359/609 663/370/744
f 663/370/746 406/229/390 360/185/393
f 664/447/747 406/229/390 663/370/746
f 583/374/647 664/447/747 663/370/746
f 662/446/743 665/448/748 583/374/647
f 665/448/748 664/447/747 583/374/647
f 666/449/749 665/448/748 662/446/743
f 586/377/651 666/449/749 662/446/743
f 667/450/750 666/449/749 586/377/651
f 586/377/651 587/378/652 668/451/751
f 668/451/751 667/450/750 586/377/651
f 384/208/360 669/452/752 385/209/361
f 669/452/752 351/176/323 385/209/361
f 669/452/752 670/450/753 671/451/754
f 672/453/755 669/452/752 671/451/754
f 351/176/323 669/452/752 672/453/755
f 673/454/756 665/448/748 666/449/749
f 666/449/749 667/450/750 673/454/756
f 664/447/747 665/448/748 674/454/757
f 406/229/390 664/447/747 675/455/758
f 675/455/758 393/216/370 392/215/369
f 392/215/369 406/229/390 675/455/758
f 675/455/758 664/447/747 674/454/757
f 671/451/754 676/456/759 672/453/755
f 677/378/760 678/456/761 671/451/762
f 679/457/763 393/216/370 675/455/758
f 679/457/763 395/218/372 393/216/370
f 674/454/757 679/457/763 675/455/758
f 670/450/753 680/458/764 679/457/763
f 669/452/752 680/458/764 670/450/753
f 395/218/372 680/458/764 384/208/360
f 680/458/764 669/452/752 384/208/360
f 680/458/764 395/218/372 679/457/763
f 681/450/765 682/457/766 683/454/767
f 684/459/768 656/442/736 685/460/769
f 686/461/770 656/442/736 684/459/768
f 687/462/771 399/222/376 474/293/470
f 686/461/770 688/463/772 687/462/771
f 688/463/772 400/223/377 399/222/376
f 688/463/772 399/222/376 687/462/771
f 689/464/773 688/463/772 686/461/770
f 684/459/768 689/464/773 686/461/770
f 690/465/774 689/464/773 684/459/768
f 689/464/773 690/465/774 688/463/772
f 691/466/775 690/465/774 684/459/768
f 685/460/769 692/467/776 684/459/768
f 692/467/776 691/466/775 684/459/768
f 693/468/777 692/467/776 685/460/769
f 694/469/778 695/468/779 696/460/780
f 697/470/781 695/468/779 694/469/778
f 588/379/782 698/471/783 697/470/781
f 698/471/783 695/468/779 697/470/781
f 589/380/654 699/471/784 588/379/653
f 700/472/785 699/471/784 589/380/654
f 590/381/655 700/472/785 589/380/654
f 591/382/656 700/472/785 590/381/655
f 690/465/774 701/473/786 688/463/772
f 701/473/786 400/223/377 688/463/772
f 592/383/657 702/474/787 593/382/658
f 593/382/658 702/474/787 700/472/788
f 703/475/789 700/472/788 702/474/787
f 692/467/776 693/468/777 703/475/789
f 704/476/790 692/467/776 703/475/789
f 702/474/787 704/476/790 703/475/789
f 705/477/791 704/476/790 702/474/787
f 364/189/336 706/478/792 592/383/657
f 706/478/792 705/477/791 702/474/787
f 706/478/792 702/474/787 592/383/657
f 402/225/383 707/479/793 397/220/374
f 707/479/793 705/477/791 706/478/792
f 363/188/335 708/480/794 364/189/336
f 708/480/794 706/478/792 364/189/336
f 397/220/374 708/480/794 363/188/335
f 707/479/793 708/480/794 397/220/374
f 708/480/794 707/479/793 706/478/792
f 709/481/795 660/445/741 359/184/331
f 660/445/741 709/481/795 636/423/710
f 636/423/710 709/481/795 634/421/708
f 635/422/709 709/481/795 359/184/331
f 634/421/708 709/481/795 635/422/709
f 656/442/736 686/461/770 710/482/796
f 710/482/796 645/432/724 656/442/736
f 644/431/723 645/432/724 710/482/796
f 686/461/770 687/462/771 710/482/796
f 687/462/771 474/293/470 711/483/797
f 474/293/470 472/291/468 711/483/797
f 472/291/468 468/287/464 711/483/797
f 468/287/464 644/431/723 711/483/797
f 711/483/797 644/431/723 710/482/796
f 710/482/796 687/462/771 711/483/797
f 705/477/791 707/479/793 712/484/798
f 442/263/437 400/223/377 712/484/798
f 707/479/793 402/225/383 712/484/798
f 400/223/377 701/473/786 712/484/798
f 712/484/798 402/225/383 442/263/437
f 690/465/774 691/466/775 713/485/799
f 701/473/786 690/465/774 713/485/799
f 712/484/798 701/473/786 713/485/799
f 713/485/799 705/477/791 712/484/798
f 713/485/799 691/466/775 714/486/800
f 692/467/776 704/476/790 714/486/800
f 714/486/800 705/477/791 713/485/799
f 704/476/790 705/477/791 714/486/800
f 691/466/775 692/467/776 714/486/800
f 385/209/618 562/360/615 715/487/801
f 567/363/623 385/209/618 715/487/801
f 715/487/801 562/360/615 564/361/620
f 716/488/802 540/345/580 399/222/575
f 399/222/575 717/489/803 716/488/802
f 538/293/578 717/489/803 399/222/575
f 538/293/578 539/344/579 717/489/803
f 716/488/802 717/489/803 718/490/804
f 718/490/804 717/489/803 719/491/805
f 720/492/806 540/345/580 716/488/802
f 718/490/804 720/492/806 716/488/802
f 721/493/807 720/492/806 718/490/804
f 722/460/808 721/493/807 718/490/804
f 721/493/807 723/468/809 703/475/810
f 723/468/809 721/493/807 722/460/808
f 700/472/811 699/471/812 724/494/813
f 593/382/814 700/472/811 724/494/813
f 724/494/813 699/471/812 725/379/815
f 700/472/816 726/495/817 703/475/810
f 726/495/817 700/472/816 593/382/659
f 544/349/588 726/495/817 593/382/659
f 543/348/584 726/495/817 544/349/588
f 727/496/818 726/495/817 543/348/584
f 553/263/601 727/496/818 402/225/586
f 402/225/586 727/496/818 543/348/584
f 728/475/819 695/468/779 698/471/783
f 698/471/783 700/472/820 728/475/819
f 726/495/817 727/496/818 729/497/821
f 703/475/810 726/495/817 729/497/821
f 729/497/821 721/493/807 703/475/810
f 727/496/818 730/498/822 729/497/821
f 730/498/822 721/493/807 729/497/821
f 550/354/596 731/374/823 665/448/824
f 663/370/745 731/374/823 550/354/596
f 731/374/825 579/370/826 732/372/827
f 593/382/814 724/494/813 733/499/828
f 724/494/813 725/379/815 733/499/828
f 734/372/829 593/382/814 733/499/828
f 733/499/828 731/374/823 734/372/829
f 735/500/830 668/451/831 667/450/832
f 735/500/830 731/374/823 733/499/828
f 736/378/833 668/451/831 735/500/830
f 725/379/815 736/378/833 733/499/828
f 736/378/833 735/500/830 733/499/828
f 667/450/832 737/501/834 735/500/830
f 731/374/823 737/501/834 665/448/824
f 735/500/830 737/501/834 731/374/823
f 738/454/835 737/501/834 667/450/832
f 737/501/834 738/454/835 665/448/824
f 550/354/596 739/454/836 551/355/598
f 665/448/824 739/454/836 550/354/596
f 667/450/837 715/487/801 740/457/838
f 551/355/598 739/454/836 740/457/838
f 564/361/620 551/355/598 740/457/838
f 715/487/801 564/361/620 740/457/838
f 715/487/801 741/451/839 567/363/623
f 741/451/839 715/487/801 667/450/837
f 567/363/623 741/451/839 676/456/840
f 359/184/558 525/332/557 742/502/841
f 528/335/563 359/184/558 742/502/841
f 525/332/557 498/311/509 743/423/842
f 742/502/841 525/332/557 743/423/842
f 743/423/842 649/436/843 742/502/841
f 744/503/844 539/344/579 530/337/567
f 529/336/566 744/503/844 530/337/567
f 744/503/844 657/443/845 719/491/805
f 539/344/579 745/504/846 717/489/803
f 719/491/805 745/504/846 744/503/844
f 717/489/803 745/504/846 719/491/805
f 745/504/846 539/344/579 744/503/844
f 746/444/847 657/443/845 744/503/844
f 746/444/847 744/503/844 529/336/566
f 747/505/848 746/444/847 529/336/566
f 528/335/563 747/505/848 529/336/566
f 649/436/843 747/505/848 742/502/841
f 649/436/843 648/435/849 747/505/848
f 747/505/848 648/435/849 746/444/847
f 742/502/841 747/505/848 528/335/563
f 748/506/850 639/426/851 640/427/852
f 748/506/850 749/439/853 743/423/842
f 750/507/854 749/439/853 748/506/850
f 719/491/805 750/507/854 640/427/852
f 640/427/852 750/507/854 748/506/850
f 657/443/845 750/507/854 719/491/805
f 750/507/854 650/437/855 749/439/853
f 657/443/845 650/437/855 750/507/854
f 631/417/856 628/416/857 751/508/858
f 499/290/510 631/417/856 751/508/858
f 751/508/858 498/311/509 499/290/510
f 743/423/842 752/509/859 748/506/850
f 498/311/509 752/509/859 743/423/842
f 752/509/859 498/311/509 751/508/858
f 752/509/859 639/426/851 748/506/850
f 639/426/851 752/509/859 626/414/860
f 626/414/860 752/509/859 753/415/861
f 753/415/861 752/509/859 751/508/858
f 751/508/858 628/416/857 753/415/861
f 625/413/862 626/414/863 754/510/864
f 627/415/865 755/511/866 626/414/863
f 754/510/864 626/414/863 755/511/866
f 628/416/701 755/511/866 627/415/865
f 756/396/867 625/413/862 754/510/864
f 757/394/868 756/396/867 754/510/864
f 454/274/527 508/319/526 758/512/869
f 605/393/870 757/394/868 758/512/869
f 508/319/526 605/393/870 758/512/869
f 758/512/869 757/394/868 754/510/864
f 758/512/869 754/510/864 759/513/871
f 759/513/871 454/274/527 758/512/869
f 760/514/872 454/274/527 759/513/871
f 599/275/873 454/274/527 760/514/872
f 507/318/874 599/275/873 760/514/872
f 487/199/875 368/193/876 761/515/877
f 761/515/877 507/318/874 760/514/872
f 594/304/878 487/199/875 761/515/877
f 368/193/876 507/318/874 761/515/877
f 762/516/879 594/304/878 761/515/877
f 763/268/880 594/304/878 762/516/879
f 761/515/877 764/517/881 762/516/879
f 760/514/872 764/517/881 761/515/877
f 765/518/882 764/517/881 760/514/872
f 759/513/871 765/518/882 760/514/872
f 754/510/864 755/511/866 766/519/883
f 764/517/881 765/518/882 766/519/883
f 766/519/883 765/518/882 759/513/871
f 759/513/871 754/510/864 766/519/883
f 767/520/884 764/517/881 766/519/883
f 755/511/866 628/416/701 767/520/884
f 767/520/884 628/416/701 493/307/503
f 766/519/883 755/511/866 767/520/884
f 764/517/881 768/521/885 762/516/879
f 763/268/880 768/521/885 445/266/613
f 445/266/613 768/521/885 493/307/503
f 493/307/503 768/521/885 767/520/884
f 768/521/885 764/517/881 767/520/884
f 762/516/879 768/521/885 763/268/880
f 769/522/886 727/496/818 553/263/601
f 720/492/806 769/522/886 540/345/580
f 540/345/580 769/522/886 553/263/601
f 730/498/822 769/522/886 721/493/807
f 727/496/818 769/522/886 730/498/822
f 721/493/807 769/522/886 720/492/806
f 487/199/887 486/304/888 770/523/889
f 377/201/890 487/199/887 770/523/889
f 486/304/888 446/267/891 770/523/889
f 770/523/889 446/267/891 484/303/892
f 484/303/892 771/524/893 770/523/889
f 771/524/893 377/201/890 770/523/889
f 484/303/892 483/302/894 771/524/893
f 771/524/893 481/300/895 377/201/890
f 483/302/894 481/300/895 771/524/893
f 772/302/896 773/525/897 481/300/497
f 481/300/497 773/525/897 489/305/496
f 774/526/898 500/312/899 377/201/900
f 500/312/511 775/314/901 376/200/351
f 775/314/901 459/278/455 376/200/351
f 776/365/902 391/214/368 571/366/631
f 411/233/397 391/214/368 776/365/902
f 399/222/376 401/224/903 777/527/904
f 475/294/471 474/293/470 777/527/904
f 777/527/904 401/224/903 534/340/905
f 474/293/470 399/222/376 777/527/904
f 533/339/570 473/292/469 778/342/906
f 778/342/906 473/292/469 475/294/471
f 534/340/905 778/342/906 777/527/904
f 778/342/906 475/294/471 777/527/904
f 779/528/907 407/230/391 552/356/908
f 408/231/392 779/528/907 410/232/396
f 408/231/392 407/230/391 779/528/907
f 780/351/909 779/528/907 552/356/908
f 779/528/907 780/351/909 410/232/396
f 781/357/910 451/271/447 453/273/449
f 782/358/911 781/357/910 453/273/449
f 465/284/461 467/286/463 783/333/912
f 467/286/463 533/339/570 784/338/913
f 783/333/912 467/286/463 784/338/913
f 495/308/914 470/289/466 785/309/915
f 470/289/466 469/288/465 785/309/915
f 635/422/709 359/184/331 785/309/915
f 785/309/915 469/288/465 635/422/709
f 478/297/474 470/289/466 786/310/508
f 786/310/508 470/289/466 495/308/914
f 387/211/364 383/207/363 787/529/916
f 358/183/559 527/334/562 788/309/917
f 358/183/559 788/309/917 359/184/918
f 788/309/917 527/334/562 789/530/919
f 790/531/920 791/532/921 792/533/922
f 793/534/923 791/532/921 790/531/920
f 794/535/924 793/534/923 790/531/920
f 795/536/925 794/535/924 790/531/920
f 796/537/926 794/535/924 795/536/925
f 797/538/927 796/537/926 795/536/925
f 798/539/928 796/537/926 797/538/927
f 799/540/929 798/539/928 797/538/927
f 800/541/930 798/539/928 799/540/929
f 801/542/931 802/543/932 800/541/930
f 803/544/933 802/543/932 801/542/931
f 804/545/934 802/543/932 803/544/933
f 805/546/935 804/545/934 803/544/933
f 806/547/936 804/545/934 805/546/935
f 807/548/937 806/547/936 805/546/935
f 808/549/938 806/547/936 807/548/937
f 809/550/939 808/549/938 807/548/937
f 810/551/940 808/549/938 809/550/939
f 811/552/941 810/551/940 809/550/939
f 812/553/942 810/551/940 811/552/941
f 813/554/943 810/551/940 812/553/942
f 814/555/944 813/554/943 812/553/942
f 815/556/945 813/554/943 814/555/944
f 816/557/946 798/539/928 800/541/930
f 802/543/932 816/557/946 800/541/930
f 817/558/947 818/559/948 819/560/949
f 820/561/950 821/562/951 822/563/952
f 819/560/949 818/559/948 823/564/953
f 818/559/948 824/565/954 823/564/953
f 824/565/954 825/566/955 823/564/953
f 823/564/953 825/566/955 826/567/956
f 826/567/956 827/568/957 815/556/945
f 815/556/945 827/568/957 813/554/943
f 823/564/953 826/567/956 828/569/958
f 828/569/958 826/567/956 815/556/945
f 819/560/949 823/564/953 829/570/959
f 829/570/959 823/564/953 828/569/958
f 830/571/960 819/560/949 829/570/959
f 831/572/961 819/560/949 830/571/960
f 832/573/962 831/572/961 830/571/960
f 833/574/963 831/572/961 832/573/962
f 834/563/964 833/574/963 832/573/962
f 835/562/965 834/563/964 832/573/962
f 828/569/958 815/556/945 836/575/966
f 836/575/966 815/556/945 814/555/944
f 837/576/967 828/569/958 836/575/966
f 829/570/959 828/569/958 837/576/967
f 832/573/962 830/571/960 838/577/968
f 830/571/960 829/570/959 838/577/968
f 838/577/968 829/570/959 837/576/967
f 833/574/963 839/578/969 831/572/961
f 840/579/970 839/578/969 833/574/963
f 841/580/971 840/579/970 833/574/963
f 842/581/972 840/579/970 841/580/971
f 831/572/961 843/582/973 819/560/949
f 819/560/949 843/582/973 817/558/947
f 842/581/972 844/583/974 840/579/970
f 844/583/974 845/584/975 840/579/970
f 840/579/970 845/584/975 839/578/969
f 846/585/976 844/583/974 842/581/972
f 847/586/977 844/583/974 846/585/976
f 848/587/978 847/586/977 846/585/976
f 849/588/979 847/586/977 848/587/978
f 850/589/980 849/588/979 848/587/978
f 851/590/981 849/588/979 850/589/980
f 852/591/982 849/588/979 851/590/981
f 853/592/983 852/591/982 851/590/981
f 844/583/974 854/593/984 845/584/975
f 847/586/977 855/594/985 844/583/974
f 849/588/979 855/594/985 847/586/977
f 852/591/982 855/594/985 849/588/979
f 855/594/985 854/593/984 844/583/974
f 856/595/986 857/596/987 858/597/988
f 859/598/989 857/596/987 860/599/990
f 861/600/991 862/601/992 863/602/993
f 864/603/994 862/601/992 861/600/991
f 865/604/995 864/603/994 861/600/991
f 858/597/988 866/605/996 865/604/995
f 866/605/996 864/603/994 865/604/995
f 859/598/989 866/605/996 867/606/997
f 867/606/997 866/605/996 858/597/988
f 857/596/987 867/606/997 858/597/988
f 859/598/989 867/606/997 857/596/987
f 855/594/985 852/591/982 868/607/998
f 869/608/999 855/594/985 868/607/998
f 869/608/999 868/607/998 870/609/1000
f 871/610/1001 869/608/999 870/609/1000
f 870/609/1000 868/607/998 872/611/1002
f 868/607/998 852/591/982 872/611/1002
f 852/591/982 853/592/983 872/611/1002
f 870/609/1000 872/611/1002 873/612/1003
f 874/613/1004 870/609/1000 873/612/1003
f 875/614/1005 871/610/1001 870/609/1000
f 875/614/1005 870/609/1000 874/613/1004
f 876/615/1006 871/610/1001 875/614/1005
f 876/615/1006 875/614/1005 877/616/1007
f 877/616/1007 875/614/1005 874/613/1004
f 878/617/1008 871/610/1001 876/615/1006
f 879/618/1009 876/615/1006 877/616/1007
f 878/617/1008 876/615/1006 879/618/1009
f 880/619/1010 878/617/1008 879/618/1009
f 881/620/1011 878/617/1008 880/619/1010
f 863/602/993 862/601/992 882/621/1012
f 882/621/1012 881/620/1011 883/622/1013
f 883/622/1013 881/620/1011 880/619/1010
f 884/623/1014 863/602/993 882/621/1012
f 884/623/1014 882/621/1012 885/624/1015
f 885/624/1015 882/621/1012 883/622/1013
f 873/612/1003 872/611/1002 886/625/1016
f 886/625/1016 872/611/1002 887/626/1017
f 872/611/1002 853/592/983 887/626/1017
f 874/613/1004 873/612/1003 888/627/1018
f 888/627/1018 873/612/1003 886/625/1016
f 889/628/1019 874/613/1004 888/627/1018
f 839/578/969 890/629/1020 831/572/961
f 843/582/973 890/629/1020 817/558/947
f 845/584/975 890/629/1020 839/578/969
f 890/629/1020 843/582/973 831/572/961
f 891/630/1021 866/605/996 859/598/989
f 891/630/1021 864/603/994 866/605/996
f 824/565/954 892/631/1022 825/566/955
f 818/559/948 892/631/1022 824/565/954
f 892/631/1022 891/630/1021 825/566/955
f 892/631/1022 864/603/994 891/630/1021
f 893/632/1023 892/631/1022 818/559/948
f 862/601/992 864/603/994 893/632/1023
f 893/632/1023 864/603/994 892/631/1022
f 893/632/1023 818/559/948 817/558/947
f 882/621/1012 862/601/992 894/633/1024
f 862/601/992 893/632/1023 894/633/1024
f 894/633/1024 893/632/1023 817/558/947
f 894/633/1024 817/558/947 895/634/1025
f 894/633/1024 895/634/1025 882/621/1012
f 895/634/1025 817/558/947 896/635/1026
f 817/558/947 890/629/1020 896/635/1026
f 854/593/984 855/594/985 897/636/1027
f 897/636/1027 855/594/985 869/608/999
f 897/636/1027 869/608/999 871/610/1001
f 845/584/975 854/593/984 897/636/1027
f 898/637/1028 871/610/1001 878/617/1008
f 898/637/1028 897/636/1027 871/610/1001
f 899/638/1029 897/636/1027 898/637/1028
f 896/635/1026 890/629/1020 899/638/1029
f 890/629/1020 845/584/975 899/638/1029
f 899/638/1029 845/584/975 897/636/1027
f 900/639/1030 898/637/1028 878/617/1008
f 896/635/1026 899/638/1029 900/639/1030
f 881/620/1011 900/639/1030 878/617/1008
f 900/639/1030 899/638/1029 898/637/1028
f 901/640/1031 896/635/1026 900/639/1030
f 901/640/1031 900/639/1030 881/620/1011
f 882/621/1012 895/634/1025 901/640/1031
f 882/621/1012 901/640/1031 881/620/1011
f 895/634/1025 896/635/1026 901/640/1031
f 902/641/1032 874/613/1004 889/628/1019
f 902/641/1032 877/616/1007 874/613/1004
f 903/642/1033 902/641/1032 889/628/1019
f 859/598/989 860/599/990 904/643/1034
f 905/644/1035 859/598/989 904/643/1034
f 904/643/1034 827/568/957 905/644/1035
f 827/568/957 826/567/956 905/644/1035
f 905/644/1035 826/567/956 825/566/955
f 825/566/955 891/630/1021 905/644/1035
f 891/630/1021 859/598/989 905/644/1035
f 906/645/1036 907/646/1037 908/647/1038
f 909/648/1039 793/534/923 794/535/924
f 909/648/1039 910/649/1040 911/650/1041
f 909/648/1039 911/650/1041 793/534/923
f 793/534/923 911/650/1041 791/532/921
f 912/651/1042 910/649/1040 909/648/1039
f 913/652/1043 912/651/1042 909/648/1039
f 914/653/1044 913/652/1043 909/648/1039
f 914/653/1044 909/648/1039 794/535/924
f 796/537/926 914/653/1044 794/535/924
f 915/654/1045 913/652/1043 914/653/1044
f 908/647/1038 915/654/1045 798/539/928
f 915/654/1045 914/653/1044 796/537/926
f 798/539/928 915/654/1045 796/537/926
f 916/655/1046 913/652/1043 915/654/1045
f 908/647/1038 907/646/1037 916/655/1046
f 908/647/1038 916/655/1046 915/654/1045
f 816/557/946 917/656/1047 798/539/928
f 908/647/1038 917/656/1047 906/645/1036
f 917/656/1047 908/647/1038 798/539/928
f 806/547/936 918/657/1048 804/545/934
f 804/545/934 919/658/1049 802/543/932
f 918/657/1048 919/658/1049 804/545/934
f 808/549/938 920/659/1050 806/547/936
f 920/659/1050 918/657/1048 806/547/936
f 810/551/940 921/660/1051 808/549/938
f 921/660/1051 920/659/1050 808/549/938
f 922/661/1052 827/568/957 904/643/1034
f 827/568/957 922/661/1052 813/554/943
f 813/554/943 922/661/1052 810/551/940
f 922/661/1052 921/660/1051 810/551/940
f 913/652/1043 923/662/1053 912/651/1042
f 913/652/1043 916/655/1046 923/662/1053
f 924/663/1054 925/664/1055 926/665/1056
f 923/662/1053 927/666/1057 924/663/1054
f 916/655/1046 927/666/1057 923/662/1053
f 927/666/1057 925/664/1055 924/663/1054
f 916/655/1046 907/646/1037 927/666/1057
f 912/651/1042 928/667/1058 910/649/1040
f 923/662/1053 929/668/1059 912/651/1042
f 929/668/1059 928/667/1058 912/651/1042
f 930/669/1060 929/668/1059 923/662/1053
f 924/663/1054 930/669/1060 923/662/1053
f 926/665/1056 931/670/1061 924/663/1054
f 931/670/1061 930/669/1060 924/663/1054
f 925/664/1055 932/671/1062 926/665/1056
f 932/671/1062 931/670/1061 926/665/1056
f 930/669/1060 933/672/1063 929/668/1059
f 929/668/1059 933/672/1063 928/667/1058
f 934/673/1064 907/646/1037 906/645/1036
f 927/666/1057 934/673/1064 925/664/1055
f 907/646/1037 934/673/1064 927/666/1057
f 934/673/1064 935/674/1065 925/664/1055
f 925/664/1055 936/675/1066 932/671/1062
f 935/674/1065 936/675/1066 925/664/1055
f 906/645/1036 937/676/1067 934/673/1064
f 937/676/1067 935/674/1065 934/673/1064
f 938/677/1068 936/675/1066 935/674/1065
f 939/678/1069 940/679/1070 941/680/1071
f 942/681/1072 940/679/1070 939/678/1069
f 943/682/1073 942/681/1072 944/683/1074
f 944/683/1074 942/681/1072 939/678/1069
f 945/684/1075 943/682/1073 944/683/1074
f 945/684/1075 944/683/1074 937/676/1067
f 942/681/1072 946/685/1076 940/679/1070
f 947/686/1077 948/687/1078 943/682/1073
f 948/687/1078 946/685/1076 942/681/1072
f 943/682/1073 948/687/1078 942/681/1072
f 948/687/1078 949/688/1079 946/685/1076
f 947/686/1077 943/682/1073 950/689/1080
f 951/690/1081 949/688/1079 948/687/1078
f 947/686/1077 951/690/1081 948/687/1078
f 950/689/1080 951/690/1081 947/686/1077
f 952/691/1082 943/682/1073 945/684/1075
f 950/689/1080 943/682/1073 952/691/1082
f 945/684/1075 953/692/1083 952/691/1082
f 953/692/1083 919/658/1049 954/693/1084
f 952/691/1082 953/692/1083 954/693/1084
f 919/658/1049 918/657/1048 954/693/1084
f 955/694/1085 857/596/987 856/595/986
f 956/695/1086 955/694/1085 856/595/986
f 949/688/1079 951/690/1081 956/695/1086
f 951/690/1081 955/694/1085 956/695/1086
f 955/694/1085 951/690/1081 957/696/1087
f 957/696/1087 951/690/1081 950/689/1080
f 857/596/987 955/694/1085 958/697/1088
f 860/599/990 857/596/987 958/697/1088
f 958/697/1088 955/694/1085 957/696/1087
f 957/696/1087 950/689/1080 959/698/1089
f 959/698/1089 950/689/1080 952/691/1082
f 954/693/1084 959/698/1089 952/691/1082
f 960/699/1090 957/696/1087 959/698/1089
f 958/697/1088 957/696/1087 960/699/1090
f 961/700/1091 958/697/1088 960/699/1090
f 860/599/990 958/697/1088 961/700/1091
f 962/701/1092 860/599/990 961/700/1091
f 904/643/1034 860/599/990 962/701/1092
f 962/701/1092 922/661/1052 904/643/1034
f 921/660/1051 922/661/1052 962/701/1092
f 960/699/1090 959/698/1089 963/702/1093
f 954/693/1084 918/657/1048 963/702/1093
f 963/702/1093 959/698/1089 954/693/1084
f 918/657/1048 920/659/1050 963/702/1093
f 962/701/1092 961/700/1091 964/703/1094
f 920/659/1050 921/660/1051 964/703/1094
f 963/702/1093 920/659/1050 964/703/1094
f 964/703/1094 960/699/1090 963/702/1093
f 961/700/1091 960/699/1090 964/703/1094
f 964/703/1094 921/660/1051 962/701/1092
f 965/704/1095 917/656/1047 816/557/946
f 802/543/932 965/704/1095 816/557/946
f 917/656/1047 965/704/1095 906/645/1036
f 919/658/1049 965/704/1095 802/543/932
f 965/704/1095 919/658/1049 953/692/1083
f 966/705/1096 930/669/1060 931/670/1061
f 933/672/1063 930/669/1060 966/705/1096
f 953/692/1083 945/684/1075 967/706/1097
f 906/645/1036 965/704/1095 967/706/1097
f 967/706/1097 937/676/1067 906/645/1036
f 967/706/1097 965/704/1095 953/692/1083
f 967/706/1097 945/684/1075 937/676/1067
f 931/670/1061 968/707/1098 966/705/1096
f 932/671/1062 969/708/1099 931/670/1061
f 969/708/1099 968/707/1098 931/670/1061
f 970/709/1100 969/708/1099 932/671/1062
f 936/675/1066 970/709/1100 932/671/1062
f 971/710/1101 970/709/1100 936/675/1066
f 938/677/1068 971/710/1101 936/675/1066
f 941/680/1071 971/710/1101 938/677/1068
f 972/711/1102 941/680/1071 938/677/1068
f 939/678/1069 941/680/1071 972/711/1102
f 937/676/1067 944/683/1074 973/712/1103
f 973/712/1103 935/674/1065 937/676/1067
f 973/712/1103 939/678/1069 972/711/1102
f 938/677/1068 935/674/1065 973/712/1103
f 972/711/1102 938/677/1068 973/712/1103
f 944/683/1074 939/678/1069 973/712/1103
f 974/713/1104 975/714/1105 976/715/1106
f 977/716/1107 975/714/1105 974/713/1104
f 978/717/1108 977/716/1107 974/713/1104
f 977/716/1107 979/718/1109 975/714/1105
f 980/719/1110 979/718/1109 977/716/1107
f 981/720/1111 980/719/1110 977/716/1107
f 982/721/1112 980/719/1110 981/720/1111
f 983/722/1113 982/721/1112 981/720/1111
f 984/723/1114 983/722/1113 981/720/1111
f 985/724/1115 984/723/1114 981/720/1111
f 986/725/1116 987/726/1117 988/727/1118
f 989/728/1119 987/726/1117 986/725/1116
f 990/729/1120 989/728/1119 986/725/1116
f 989/728/1119 991/730/1121 987/726/1117
f 992/731/1122 991/730/1121 989/728/1119
f 993/732/1123 992/731/1122 989/728/1119
f 994/733/1124 993/732/1123 989/728/1119
f 995/734/1125 994/733/1124 989/728/1119
f 996/735/1126 995/734/1125 989/728/1119
f 997/736/1127 998/737/1128 999/738/1129
f 1000/739/1130 998/737/1128 997/736/1127
f 1001/740/1131 1000/739/1130 997/736/1127
f 1002/741/1132 1000/739/1130 1001/740/1131
f 1003/742/1133 1002/741/1132 1001/740/1131
f 1004/743/1134 1002/741/1132 1003/742/1133
f 1005/744/1135 1004/743/1134 1003/742/1133
f 1006/745/1136 1004/743/1134 1005/744/1135
f 999/738/1129 1007/746/1137 997/736/1127
f 1008/747/1138 1007/746/1137 999/738/1129
f 1009/748/1139 1008/747/1138 999/738/1129
f 1010/749/1140 1008/747/1138 1009/748/1139
f 1011/750/1141 1008/747/1138 1010/749/1140
f 1012/751/1142 1011/750/1141 1010/749/1140
f 1013/752/1143 999/738/1129 998/737/1128
f 1010/749/1140 1009/748/1139 1013/752/1143
f 1009/748/1139 999/738/1129 1013/752/1143
f 1014/753/1144 1010/749/1140 1013/752/1143
f 1012/751/1142 1010/749/1140 1014/753/1144
f 1015/754/1145 1012/751/1142 1014/753/1144
f 1011/750/1141 1012/751/1142 1015/754/1145
f 1016/755/1146 1011/750/1141 1015/754/1145
f 1017/756/1147 1016/755/1146 1015/754/1145
f 1018/757/1148 1016/755/1146 1017/756/1147
f 1019/758/1149 1018/757/1148 1017/756/1147
f 1020/759/1150 1018/757/1148 1019/758/1149
f 1021/760/1151 1020/759/1150 1019/758/1149
f 1022/761/1152 1020/759/1150 1021/760/1151
f 1023/762/1153 1022/761/1152 1021/760/1151
f 1024/763/1154 1022/761/1152 1023/762/1153
f 1025/764/1155 1024/763/1154 1023/762/1153
f 1026/765/1156 1024/763/1154 1025/764/1155
f 1027/766/1157 1016/755/1146 1018/757/1148
f 1028/767/1158 1016/755/1146 1027/766/1157
f 1011/750/1141 1016/755/1146 1028/767/1158
f 1029/768/1159 1011/750/1141 1028/767/1158
f 1027/766/1157 1029/768/1159 1028/767/1158
f 1011/750/1141 1029/768/1159 1008/747/1138
f 1030/769/1160 1029/768/1159 1027/766/1157
f 1029/768/1159 1031/770/1161 1008/747/1138
f 1007/746/1137 1031/770/1161 1030/769/1160
f 1031/770/1161 1029/768/1159 1030/769/1160
f 1008/747/1138 1031/770/1161 1007/746/1137
f 1032/771/1162 1033/772/1163 1034/773/1164
f 1035/774/1165 1033/772/1163 1032/771/1162
f 1035/774/1165 1032/771/1162 1036/775/1166
f 1036/775/1166 1032/771/1162 1037/776/1167
f 1038/777/1168 1035/774/1165 1036/775/1166
f 1039/778/1169 1032/771/1162 1034/773/1164
f 1032/771/1162 1039/778/1169 1037/776/1167
f 1040/779/1170 1039/778/1169 1034/773/1164
f 1041/780/1171 1039/778/1169 1040/779/1170
f 1042/781/1172 1041/780/1171 1040/779/1170
f 1043/782/1173 1041/780/1171 1042/781/1172
f 1044/783/1174 1043/782/1173 1042/781/1172
f 1045/784/1175 1043/782/1173 1044/783/1174
f 1046/785/1176 1045/784/1175 1044/783/1174
f 1047/786/1177 1045/784/1175 1046/785/1176
f 1048/787/1178 1047/786/1177 1046/785/1176
f 1049/788/1179 1047/786/1177 1048/787/1178
f 1050/789/1180 1049/788/1179 1048/787/1178
f 1051/790/1181 1049/788/1179 1050/789/1180
f 1052/791/1182 1051/790/1181 1050/789/1180
f 1053/792/1183 1051/790/1181 1052/791/1182
f 1054/793/1184 1053/792/1183 1052/791/1182
f 1055/794/1185 1053/792/1183 1054/793/1184
f 1056/795/1186 1055/794/1185 1054/793/1184
f 1053/792/1183 1055/794/1185 1057/796/1187
f 1057/796/1187 1055/794/1185 1058/797/1188
f 1051/790/1181 1053/792/1183 1059/798/1189
f 1059/798/1189 1053/792/1183 1057/796/1187
f 1060/799/1190 1051/790/1181 1059/798/1189
f 1049/788/1179 1051/790/1181 1060/799/1190
f 1047/786/1177 1049/788/1179 1061/800/1191
f 1061/800/1191 1049/788/1179 1060/799/1190
f 1045/784/1175 1047/786/1177 1062/801/1192
f 1062/801/1192 1047/786/1177 1061/800/1191
f 1063/802/1193 1045/784/1175 1062/801/1192
f 1043/782/1173 1045/784/1175 1063/802/1193
f 1064/803/1194 1043/782/1173 1063/802/1193
f 1041/780/1171 1043/782/1173 1064/803/1194
f 1037/776/1167 1039/778/1169 1065/804/1195
f 1039/778/1169 1041/780/1171 1065/804/1195
f 1065/804/1195 1041/780/1171 1064/803/1194
f 1066/805/1196 1067/806/1197 1068/807/1198
f 1069/808/1199 1067/806/1197 1066/805/1196
f 1070/809/1200 1069/808/1199 1066/805/1196
f 1071/810/1201 1069/808/1199 1070/809/1200
f 1072/811/1202 1071/810/1201 1070/809/1200
f 1069/808/1199 1071/810/1201 1073/812/1203
f 1073/812/1203 1071/810/1201 1074/813/1204
f 1075/814/1205 1069/808/1199 1073/812/1203
f 1067/806/1197 1069/808/1199 1075/814/1205
f 1076/815/1206 1067/806/1197 1075/814/1205
f 1077/816/1207 1067/806/1197 1076/815/1206
f 1077/816/1207 1068/807/1198 1067/806/1197
f 1078/817/1208 1077/816/1207 1076/815/1206
f 1079/818/1209 1077/816/1207 1078/817/1208
f 1080/819/1210 1079/818/1209 1078/817/1208
f 1081/820/1211 1079/818/1209 1080/819/1210
f 1082/821/1212 1081/820/1211 1080/819/1210
f 1083/822/1213 1081/820/1211 1082/821/1212
f 1084/823/1214 1081/820/1211 1083/822/1213
f 1085/824/1215 1084/823/1214 1083/822/1213
f 1086/825/1216 1084/823/1214 1085/824/1215
f 1087/826/1217 1086/825/1216 1085/824/1215
f 1088/827/1218 1086/825/1216 1087/826/1217
f 1089/828/1219 1088/827/1218 1087/826/1217
f 1090/829/1220 1091/830/1221 1092/831/1222
f 1093/832/1223 1091/830/1221 1090/829/1220
f 1094/833/1224 1093/832/1223 1090/829/1220
f 1095/834/1225 1094/833/1224 1090/829/1220
f 1096/835/1226 1095/834/1225 1090/829/1220
f 1097/836/1227 1096/835/1226 1090/829/1220
f 1098/837/1178 1097/836/1227 1090/829/1220
f 1099/838/1228 1098/837/1178 1090/829/1220
f 1092/831/1222 1100/839/1229 1090/829/1220
f 1100/839/1229 1099/838/1228 1090/829/1220
f 1101/829/1230 1102/831/1231 1103/830/1232
f 1104/839/1233 1102/831/1231 1101/829/1230
f 1105/838/1234 1104/839/1233 1101/829/1230
f 1106/837/1235 1105/838/1234 1101/829/1230
f 1107/836/1236 1106/837/1235 1101/829/1230
f 1108/835/1237 1107/836/1236 1101/829/1230
f 1109/834/1238 1108/835/1237 1101/829/1230
f 1110/833/1239 1109/834/1238 1101/829/1230
f 1103/830/1232 1111/832/1240 1101/829/1230
f 1111/832/1240 1110/833/1239 1101/829/1230
f 1112/840/1241 1113/837/1194 1114/836/1242
f 1115/838/1195 1113/837/1194 1112/840/1241
f 1116/839/1167 1115/838/1195 1112/840/1241
f 1117/831/1243 1116/839/1167 1112/840/1241
f 1118/830/1244 1117/831/1243 1112/840/1241
f 1119/832/1245 1118/830/1244 1112/840/1241
f 1120/833/1246 1119/832/1245 1112/840/1241
f 1121/834/1247 1120/833/1246 1112/840/1241
f 1122/835/1248 1121/834/1247 1112/840/1241
f 1114/836/1242 1123/841/1192 1112/840/1241
f 1123/841/1192 1122/835/1248 1112/840/1241
f 1124/840/1249 1125/836/1250 1126/837/1251
f 1127/841/1252 1125/836/1250 1124/840/1249
f 1128/835/1253 1127/841/1252 1124/840/1249
f 1129/834/1254 1128/835/1253 1124/840/1249
f 1130/833/1255 1129/834/1254 1124/840/1249
f 1131/832/1256 1130/833/1255 1124/840/1249
f 1132/830/1257 1131/832/1256 1124/840/1249
f 1133/831/1258 1132/830/1257 1124/840/1249
f 1134/839/1259 1133/831/1258 1124/840/1249
f 1135/838/1260 1134/839/1259 1124/840/1249
f 1126/837/1251 1135/838/1260 1124/840/1249
f 1136/842/1261 1068/807/1198 1077/816/1207
f 1079/818/1209 1136/842/1261 1077/816/1207
f 1081/820/1211 1137/843/1262 1079/818/1209
f 1137/843/1262 1136/842/1261 1079/818/1209
f 1084/823/1214 1138/844/1263 1081/820/1211
f 1138/844/1263 1137/843/1262 1081/820/1211
f 1139/845/1264 1138/844/1263 1084/823/1214
f 1086/825/1216 1139/845/1264 1084/823/1214
f 1088/827/1218 1140/846/1265 1086/825/1216
f 1140/846/1265 1139/845/1264 1086/825/1216
f 1141/847/1266 1140/846/1265 1088/827/1218
f 1088/827/1218 1089/828/1219 1142/848/1267
f 1142/848/1267 1141/847/1266 1088/827/1218
f 1143/849/1268 1141/847/1266 1142/848/1267
f 1144/850/1269 1143/849/1268 1142/848/1267
f 1089/828/1219 1145/851/1270 1142/848/1267
f 1145/851/1270 1144/850/1269 1142/848/1267
f 1146/852/1271 1147/853/1272 1148/854/1273
f 1149/855/1274 1147/853/1275 1150/856/1276
f 1151/857/1277 1148/854/1273 1147/853/1272
f 1152/858/1278 1148/854/1273 1151/857/1277
f 1153/859/1279 1152/858/1278 1151/857/1277
f 1154/860/1280 1152/858/1278 1153/859/1279
f 1155/861/1281 1156/862/1282 1157/863/1283
f 1158/864/1284 1156/862/1282 1155/861/1281
f 1159/865/1285 1158/864/1284 1155/861/1281
f 1160/866/1286 1158/864/1284 1159/865/1285
f 1161/867/1287 1160/866/1286 1159/865/1285
f 1162/868/1288 1163/869/1289 1164/870/1290
f 1164/870/1290 1165/871/1291 1166/872/1292
f 1163/869/1289 1167/873/1293 1164/870/1290
f 1167/873/1293 1165/871/1291 1164/870/1290
f 1168/874/1294 1169/875/1295 1170/876/1296
f 1171/877/1297 1169/875/1295 1168/874/1294
f 1165/871/1291 1172/878/1298 1168/874/1294
f 1172/878/1298 1171/877/1297 1168/874/1294
f 1173/879/1299 1172/878/1298 1165/871/1291
f 1167/873/1293 1173/879/1299 1165/871/1291
f 1163/869/1289 1174/880/1300 1167/873/1293
f 1174/880/1300 1173/879/1299 1167/873/1293
f 1175/881/1301 1174/880/1300 1163/869/1289
f 1176/882/1302 1174/880/1300 1175/881/1301
f 1174/880/1300 1176/882/1302 1173/879/1299
f 1177/883/1303 1176/882/1302 1175/881/1301
f 1178/884/1304 1176/882/1302 1177/883/1303
f 1173/879/1299 1176/882/1302 1178/884/1304
f 1162/868/1288 1179/885/1305 1180/886/1306
f 1175/881/1301 1163/869/1289 1181/887/1307
f 1181/887/1307 1162/868/1288 1180/886/1306
f 1163/869/1289 1162/868/1288 1181/887/1307
f 1177/883/1303 1175/881/1301 1181/887/1307
f 1180/886/1306 1177/883/1303 1181/887/1307
f 1182/888/1308 1177/883/1303 1180/886/1306
f 1183/889/1309 1182/888/1308 1180/886/1306
f 1184/890/1310 1182/888/1308 1183/889/1309
f 1185/891/1311 1184/890/1310 1183/889/1309
f 1186/892/1312 1184/890/1310 1185/891/1311
f 1187/893/1313 1188/894/1314 1189/895/1315
f 1188/894/1314 1187/893/1313 1190/896/1316
f 1190/896/1316 1187/893/1313 1191/897/1317
f 1190/896/1316 1192/898/1318 1188/894/1314
f 1187/893/1313 1193/899/1319 1191/897/1317
f 1194/900/1320 1192/898/1318 1190/896/1316
f 1191/897/1317 1194/900/1320 1190/896/1316
f 1193/899/1319 1194/900/1320 1191/897/1317
f 1193/899/1319 1187/893/1313 1195/901/1321
f 1195/901/1321 1187/893/1313 1196/902/1322
f 1196/902/1322 1187/893/1313 1189/895/1315
f 1189/895/1315 1188/894/1314 1197/903/1323
f 1198/904/1324 1196/902/1322 1189/895/1315
f 1197/903/1323 1198/904/1324 1189/895/1315
f 1199/905/1325 1198/904/1324 1197/903/1323
f 1188/894/1314 1199/905/1325 1197/903/1323
f 1188/894/1314 1200/906/1326 1199/905/1325
f 1192/898/1318 1200/906/1326 1188/894/1314
f 1201/907/1327 1196/902/1322 1202/908/1328
f 1194/900/1320 1193/899/1319 1203/909/1329
f 1203/909/1329 1193/899/1319 1204/910/1330
f 1192/898/1318 1194/900/1320 1205/911/1331
f 1205/911/1331 1194/900/1320 1203/909/1329
f 1202/908/1328 1196/902/1322 1206/912/1332
f 1196/902/1322 1198/904/1324 1206/912/1332
f 1198/904/1324 1199/905/1325 1206/912/1332
f 1199/905/1325 1207/913/1333 1208/914/1334
f 1206/912/1332 1199/905/1325 1208/914/1334
f 1209/915/1335 1192/898/1318 1205/911/1331
f 1210/916/1336 1192/898/1318 1209/915/1335
f 1211/917/1337 1212/918/1338 1213/919/1339
f 1214/920/1340 1212/918/1338 1211/917/1337
f 1213/919/1339 1215/921/1341 1216/922/1342
f 1212/918/1338 1217/923/1343 1213/919/1339
f 1217/923/1343 1215/921/1341 1213/919/1339
f 1218/924/1344 1217/923/1343 1212/918/1338
f 1214/920/1340 1218/924/1344 1212/918/1338
f 1219/925/1345 1218/924/1344 1214/920/1340
f 1220/926/1346 1219/925/1345 1214/920/1340
f 1211/917/1337 1220/926/1346 1214/920/1340
f 1221/927/1347 1220/926/1346 1211/917/1337
f 1222/928/1348 1221/927/1347 1211/917/1337
f 1213/919/1339 1223/929/1349 1211/917/1337
f 1216/922/1342 1223/929/1349 1213/919/1339
f 1223/929/1349 1222/928/1348 1211/917/1337
f 1217/923/1343 1218/924/1344 1224/930/1350
f 1218/924/1344 1219/925/1345 1224/930/1350
f 1224/930/1350 1219/925/1345 1225/931/1351
f 1225/931/1351 1226/932/1352 1224/930/1350
f 1226/932/1352 1217/923/1343 1224/930/1350
f 1217/923/1343 1227/933/1353 1215/921/1341
f 1226/932/1352 1228/934/1354 1217/923/1343
f 1228/934/1354 1227/933/1353 1217/923/1343
f 1225/931/1351 1229/935/1355 1226/932/1352
f 1229/935/1355 1228/934/1354 1226/932/1352
f 1230/936/1356 1229/935/1355 1225/931/1351
f 1229/935/1355 1230/936/1356 1228/934/1354
f 1231/937/1357 1230/936/1356 1225/931/1351
f 1232/931/1358 1230/936/1356 1231/937/1357
f 1230/936/1356 1233/935/1359 1228/934/1354
f 1233/935/1359 1230/936/1356 1232/931/1358
f 1234/932/1360 1233/935/1359 1232/931/1358
f 1228/934/1354 1233/935/1359 1234/932/1360
f 1228/934/1354 1234/932/1360 1235/923/1361
f 1235/923/1361 1227/933/1353 1228/934/1354
f 1236/921/1362 1227/933/1353 1235/923/1361
f 1237/919/1363 1236/921/1362 1235/923/1361
f 1238/922/1364 1236/921/1362 1237/919/1363
f 1239/929/1365 1238/922/1364 1237/919/1363
f 1240/917/1366 1239/929/1365 1237/919/1363
f 1241/928/1367 1239/929/1365 1240/917/1366
f 1242/927/1368 1241/928/1367 1240/917/1366
f 1243/926/1369 1242/927/1368 1240/917/1366
f 1244/920/1370 1243/926/1369 1240/917/1366
f 1245/925/1371 1243/926/1369 1244/920/1370
f 1246/924/1372 1245/925/1371 1244/920/1370
f 1247/930/1373 1245/925/1371 1246/924/1372
f 1232/931/1358 1245/925/1371 1247/930/1373
f 1235/923/1361 1234/932/1360 1247/930/1373
f 1246/924/1372 1235/923/1361 1247/930/1373
f 1234/932/1360 1232/931/1358 1247/930/1373
f 1237/919/1363 1248/918/1374 1240/917/1366
f 1244/920/1370 1248/918/1374 1246/924/1372
f 1240/917/1366 1248/918/1374 1244/920/1370
f 1235/923/1361 1248/918/1374 1237/919/1363
f 1248/918/1374 1235/923/1361 1246/924/1372
f 1249/938/1375 1250/929/1376 1251/922/1377
f 1252/939/1378 1249/938/1375 1251/922/1377
f 1253/940/1379 1249/938/1375 1252/939/1378
f 1254/941/1380 1253/940/1379 1252/939/1378
f 1254/941/1380 1252/939/1378 1255/942/1381
f 1252/939/1378 1256/921/1382 1255/942/1381
f 1257/943/1383 1254/941/1380 1255/942/1381
f 1253/940/1379 1254/941/1380 1258/944/1384
f 1258/944/1384 1254/941/1380 1257/943/1383
f 1259/945/1385 1253/940/1379 1258/944/1384
f 1260/946/1386 1253/940/1379 1259/945/1385
f 1249/938/1375 1253/940/1379 1260/946/1386
f 1250/929/1376 1249/938/1375 1261/927/1387
f 1261/927/1387 1249/938/1375 1260/946/1386
f 1262/928/1388 1250/929/1376 1261/927/1387
f 1258/944/1384 1263/930/1389 1259/945/1385
f 1257/943/1383 1263/930/1389 1258/944/1384
f 1263/930/1389 1264/947/1390 1259/945/1385
f 1256/921/1382 1265/923/1391 1255/942/1381
f 1265/923/1391 1263/930/1389 1257/943/1383
f 1255/942/1381 1265/923/1391 1257/943/1383
f 1266/934/1392 1265/923/1391 1256/921/1382
f 1267/933/1393 1266/934/1392 1256/921/1382
f 1268/921/1394 1266/934/1392 1267/933/1393
f 1269/923/1395 1266/934/1392 1268/921/1394
f 1270/942/1396 1269/923/1395 1268/921/1394
f 1271/943/1397 1269/923/1395 1270/942/1396
f 1272/941/1398 1271/943/1397 1270/942/1396
f 1268/921/1394 1273/939/1399 1270/942/1396
f 1273/939/1399 1272/941/1398 1270/942/1396
f 1264/947/1390 1263/930/1389 1274/932/1400
f 1265/923/1391 1274/932/1400 1263/930/1389
f 1275/935/1401 1264/947/1390 1274/932/1400
f 1266/934/1392 1275/935/1401 1265/923/1391
f 1275/935/1401 1274/932/1400 1265/923/1391
f 1276/936/1402 1275/935/1401 1266/934/1392
f 1277/935/1403 1276/936/1402 1266/934/1392
f 1269/923/1395 1277/935/1403 1266/934/1392
f 1278/932/1404 1277/935/1403 1269/923/1395
f 1271/943/1397 1279/930/1405 1269/923/1395
f 1279/930/1405 1278/932/1404 1269/923/1395
f 1272/941/1398 1280/944/1406 1271/943/1397
f 1280/944/1406 1279/930/1405 1271/943/1397
f 1273/939/1399 1281/940/1407 1272/941/1398
f 1281/940/1407 1280/944/1406 1272/941/1398
f 1282/938/1408 1281/940/1407 1273/939/1399
f 1283/922/1409 1282/938/1408 1273/939/1399
f 1284/929/1410 1282/938/1408 1283/922/1409
f 1285/927/1411 1282/938/1408 1284/929/1410
f 1286/928/1412 1285/927/1411 1284/929/1410
f 1277/935/1403 1287/948/1413 1276/936/1402
f 1276/936/1402 1287/948/1413 1275/935/1401
f 1287/948/1413 1264/947/1390 1275/935/1401
f 1278/932/1404 1288/947/1414 1277/935/1403
f 1279/930/1405 1288/947/1414 1278/932/1404
f 1288/947/1414 1287/948/1413 1277/935/1403
f 1280/944/1406 1289/945/1415 1279/930/1405
f 1281/940/1407 1289/945/1415 1280/944/1406
f 1289/945/1415 1288/947/1414 1279/930/1405
f 1285/927/1411 1290/946/1416 1282/938/1408
f 1290/946/1416 1289/945/1415 1281/940/1407
f 1282/938/1408 1290/946/1416 1281/940/1407
f 1291/949/1417 1290/946/1416 1285/927/1411
f 1292/950/1418 1291/949/1417 1285/927/1411
f 1260/946/1386 1293/949/1419 1261/927/1387
f 1293/949/1419 1294/950/1420 1261/927/1387
f 1295/951/1421 1293/949/1419 1260/946/1386
f 1259/945/1385 1295/951/1421 1260/946/1386
f 1296/952/1422 1295/951/1421 1259/945/1385
f 1264/947/1390 1296/952/1422 1259/945/1385
f 1288/947/1414 1297/953/1423 1287/948/1413
f 1297/953/1423 1296/952/1422 1264/947/1390
f 1287/948/1413 1297/953/1423 1264/947/1390
f 1289/945/1415 1298/952/1424 1288/947/1414
f 1298/952/1424 1297/953/1423 1288/947/1414
f 1290/946/1416 1299/951/1425 1289/945/1415
f 1291/949/1417 1299/951/1425 1290/946/1416
f 1299/951/1425 1298/952/1424 1289/945/1415
f 1300/954/1426 1301/955/1427 1302/956/1428
f 1303/957/1429 1300/954/1426 1302/956/1428
f 1304/958/1430 1300/954/1426 1303/957/1429
f 1305/959/1431 1304/958/1430 1303/957/1429
f 1306/960/1432 1304/958/1430 1305/959/1431
f 1307/961/1433 1304/958/1430 1306/960/1432
f 1300/954/1426 1304/958/1430 1307/961/1433
f 1308/956/1434 1300/954/1426 1307/961/1433
f 1301/955/1427 1300/954/1426 1308/956/1434
f 1306/960/1432 1309/962/1435 1307/961/1433
f 1309/962/1435 1310/963/1436 1307/961/1433
f 1311/964/1437 1309/962/1435 1306/960/1432
f 1305/959/1431 1312/962/1438 1306/960/1432
f 1312/962/1438 1311/964/1437 1306/960/1432
f 1313/963/1439 1312/962/1438 1305/959/1431
f 1303/957/1429 1314/965/1440 1305/959/1431
f 1302/956/1428 1314/965/1440 1303/957/1429
f 1314/965/1440 1313/963/1439 1305/959/1431
f 1315/966/1441 1314/965/1440 1302/956/1428
f 1301/955/1427 1315/966/1441 1302/956/1428
f 1316/967/1442 1315/966/1441 1301/955/1427
f 1308/956/1434 1317/966/1443 1301/955/1427
f 1317/966/1443 1316/967/1442 1301/955/1427
f 1318/965/1444 1317/966/1443 1308/956/1434
f 1310/963/1436 1318/965/1444 1307/961/1433
f 1307/961/1433 1318/965/1444 1308/956/1434
