# Blender 5.1.1
# www.blender.org
mtllib HotelRoomUse.mtl
o hotel-room
v 5.919867 5.711005 -23.855335
v -1.459496 0.050231 -24.124466
v 5.916951 0.046657 -23.850584
v 6.446783 5.710732 -23.854589
v 10.322892 19.682230 -30.810329
v 10.322102 19.682325 -30.686127
v 10.321400 18.325901 -30.685013
v 10.260391 19.682306 -30.748014
v 10.322190 18.325796 -30.809216
v 10.259688 18.325876 -30.746899
v 10.383900 18.325813 -30.747330
v 10.384594 19.682245 -30.748453
v 10.314786 3.890667 -30.797323
v 10.313978 3.890764 -30.673120
v 10.252295 3.890746 -30.735006
v 10.314084 2.534236 -30.796207
v 10.251592 2.534315 -30.733883
v 10.375794 2.534253 -30.734322
v 10.313285 2.534341 -30.672005
v 10.376497 3.890685 -30.735447
v 6.443868 0.046384 -23.849838
v 6.453097 0.040895 -30.383562
v 6.456013 5.705243 -30.388321
v -1.459426 0.536100 -23.993141
v 5.917382 0.532298 -23.982718
v 22.078495 13.791368 -30.851246
v 22.083826 14.015343 -30.830355
v 22.078611 14.015333 -30.851439
v 22.485477 13.791219 -30.787445
v 16.180891 25.839233 -23.398579
v 16.801220 26.024437 -22.619455
v 16.392658 26.023821 -23.609785
v 5.278004 4.000196 -26.877901
v 4.336511 0.899049 -26.876629
v 4.333042 0.901121 -24.419453
v 5.274535 4.002268 -24.420734
v 5.917566 0.886324 -23.983015
v 5.917136 0.046551 -23.982313
v 5.917320 0.046437 -24.114042
v 5.917575 0.532192 -24.114447
v 4.914968 4.110418 -26.878508
v 3.970005 1.011335 -24.420057
v 3.973483 1.009288 -26.877234
v 5.925496 0.881607 -29.594646
v 5.927569 4.902636 -29.598019
v 4.911499 4.112482 -24.421331
v 6.981656 6.179265 -30.307545
v 6.981506 5.889462 -30.307308
v 21.778811 13.102566 -30.882729
v 22.495049 13.791157 -30.850658
v 21.779655 14.739861 -30.884108
v 22.260397 13.791298 -30.829916
v 22.485590 14.015175 -30.787630
v 22.260509 14.015255 -30.830099
v 22.800756 13.070354 -30.967712
v 21.747301 13.070898 -30.969162
v 22.769037 13.102057 -30.881332
v 21.748180 14.771423 -30.970583
v 22.769878 14.739351 -30.882704
v 22.801636 14.770879 -30.969143
v 6.445712 6.369378 -23.855143
v 6.920885 6.250514 -23.451981
v 6.930510 6.244796 -30.263575
v -1.458354 5.714798 -23.865759
v 6.445378 5.710732 -23.854597
v -1.449871 5.709757 -29.872576
v 6.453862 5.705682 -29.861406
v -1.447307 6.183533 -30.399887
v 6.454204 6.364336 -29.861958
v 6.857190 6.244770 -30.337097
v -1.458750 6.254887 -23.390411
v 6.891509 5.895372 -23.327198
v -1.456247 6.189471 -23.339249
v 6.891658 6.185176 -23.327446
v -1.457178 4.911146 -23.996822
v 5.920060 5.710890 -23.987064
v -1.449247 4.906429 -29.608442
v 5.919639 4.907343 -23.986389
v 6.971750 5.895258 -23.407221
v 22.495171 14.015115 -30.850842
v 22.083712 13.791385 -30.830160
v 6.901336 6.179239 -30.388084
v 6.901187 5.889435 -30.387848
v 14.338941 26.030365 -21.561892
v 14.001776 26.025877 -22.623407
v 16.464064 26.027493 -23.680990
v 15.403812 26.387384 -24.122307
v 16.461069 26.029276 -21.558897
v 15.399570 26.389906 -21.121187
v 16.461245 26.388992 -21.559195
v 15.399386 26.030188 -21.120890
v 15.403619 26.027668 -24.122000
v 14.341945 26.028580 -23.683992
v 14.342129 26.388298 -23.684292
v 5.290580 4.141585 -26.876390
v 5.285434 0.902737 -24.416492
v 5.288912 0.900673 -26.873669
v 5.938134 0.902403 -24.415571
v 5.939802 4.143315 -24.418293
v 5.943280 4.141251 -26.875469
v 5.287111 4.143649 -24.419214
v 19.671190 9.494754 -30.707291
v 19.701654 9.464324 -30.781937
v 18.968803 12.135323 -30.710505
v 19.672552 12.134963 -30.709513
v 19.703043 12.165235 -30.784212
v 18.938559 12.165629 -30.785294
v 6.847134 5.829859 -23.378319
v 6.847353 6.250610 -23.378670
v 6.971899 6.185062 -23.407465
v 14.413140 26.024830 -23.612587
v 14.410338 26.026491 -21.633085
v 15.402961 25.839365 -23.722080
v 15.403479 26.023981 -24.021166
v 14.300591 25.840858 -22.622829
v 14.624125 25.840042 -23.400776
v 15.401353 25.738787 -22.621193
v 14.621921 25.841351 -21.843992
v 15.399851 25.841219 -21.520485
v 15.399518 26.026335 -21.221714
v 16.389856 26.025482 -21.630293
v 16.178686 25.840542 -21.841799
v 16.502213 25.839725 -22.619720
v 13.900951 26.029697 -22.623558
v 13.901135 26.389414 -22.623856
v 14.339125 26.390081 -21.562199
v 16.902239 26.387869 -22.619614
v 16.902054 26.028160 -22.619316
v 16.464249 26.387201 -23.681297
v -1.459250 0.890118 -23.993441
v 19.258327 10.711438 -30.295479
v 18.165861 10.930521 -30.297211
v 19.258572 10.929871 -30.396936
v 19.401770 10.929801 -30.396736
v 19.258440 10.929959 -30.295664
v 18.074873 10.930486 -30.398605
v 18.074759 10.711966 -30.398430
v 18.165749 10.712000 -30.297024
v 19.402096 10.711017 -30.705278
v 19.258467 10.711349 -30.396753
v 19.258905 10.711096 -30.705482
v 19.259012 10.929617 -30.705666
v 18.937162 9.464720 -30.783016
v 18.967443 9.495114 -30.708284
v 19.402210 10.929546 -30.705463
v 19.401657 10.711280 -30.396549
v 6.920674 5.829789 -23.451622
v 6.930299 5.824063 -30.263224
v 6.856969 5.824036 -30.336744
v -5.032093 9.154729 24.907700
v -4.994304 9.154782 24.999306
v -5.022582 9.262291 24.999172
v -5.032356 9.154879 25.090830
v -5.052309 9.262370 25.070675
v -5.123890 9.262431 25.100210
v -5.215486 9.154975 25.090576
v -5.195384 9.262441 25.070475
v -5.253301 9.154923 24.998945
v -5.224917 9.262397 24.998892
v -5.215231 9.154827 24.907438
v -5.195182 9.262317 24.927399
v -4.455357 8.529096 25.669901
v -5.146064 8.529693 25.954849
v -5.145924 8.628692 25.887457
v -5.793890 8.529781 25.668015
v -5.746161 8.628779 25.620390
v -4.502858 8.628139 25.622139
v -4.909663 8.851419 25.214304
v -5.124391 8.851604 25.302887
v -5.034621 8.917768 25.088881
v -5.338863 8.851639 25.213699
v -5.213457 8.917864 25.088625
v -5.427464 8.851507 24.998953
v -5.213202 8.917706 24.909792
v -5.123741 8.917635 24.872864
v -5.034367 8.917618 24.910046
v -4.981017 9.003145 25.142546
v -5.124101 8.917846 25.125784
v -5.250385 8.917802 24.999147
v -5.326217 9.003206 24.998964
v -5.266746 9.003057 24.855984
v -5.123591 9.002934 24.796917
v -5.124162 9.003267 25.201590
v -5.123986 9.154967 25.128618
v -5.267150 9.003294 25.142143
v -5.123618 9.154747 24.869631
v -4.996930 9.959831 24.998629
v -5.001901 10.121068 24.998487
v -4.961345 10.303363 24.998392
v -4.961266 10.451954 24.998268
v -5.008899 10.303476 25.112795
v -4.908680 10.755632 25.212708
v -4.819350 10.992517 24.998014
v -5.122424 10.992420 24.694080
v -4.979410 11.337084 24.854431
v -5.122547 10.755307 24.694273
v -4.453468 8.527972 24.331350
v -4.189518 8.528394 25.000990
v -4.256797 8.627489 25.000816
v -4.820457 8.851192 24.999805
v -4.909049 8.851060 24.785078
v -4.980613 9.002908 24.856388
v -4.997465 8.917680 24.999498
v -4.921546 9.002995 24.999542
v -5.052115 9.262247 24.927601
v -4.997219 9.386318 24.999113
v -5.123855 9.386485 25.125397
v -5.213211 9.386503 25.088240
v -5.250139 9.386441 24.998753
v -5.212965 9.386353 24.909405
v -5.123600 9.262257 24.897865
v -5.034385 9.386406 25.088486
v -4.980718 9.575191 25.142073
v -5.266860 9.575332 25.141661
v -5.325919 9.575245 24.998487
v -5.123504 9.386273 24.872477
v -5.034130 9.386257 24.909649
v -4.980314 9.574945 24.855904
v -4.921150 9.765969 24.998901
v -5.033832 9.959769 24.909176
v -5.037335 10.121015 24.912594
v -5.008583 10.303292 24.883875
v -5.008504 10.451883 24.883751
v -4.971313 10.581574 24.998144
v -5.015609 10.581513 24.890778
v -4.819473 10.755404 24.998217
v -4.907951 10.992385 24.783287
v -4.920342 11.337172 24.997576
v -4.921247 9.575033 24.999060
v -5.123872 9.575315 25.201105
v -5.123767 9.766242 25.200949
v -5.266456 9.575095 24.855501
v -5.123302 9.574971 24.796434
v -4.980218 9.765882 24.855747
v -5.123477 10.121234 25.119715
v -5.338257 8.851278 24.784481
v -5.123530 8.851094 24.695873
v -5.122335 8.528077 24.044479
v -4.501101 8.627093 24.378809
v -5.744413 8.627735 24.377054
v -5.122379 8.627191 24.111715
v -6.057840 8.529359 24.998348
v -5.990474 8.628385 24.998365
v -5.792002 8.528657 24.329464
v -5.266351 9.766031 24.855343
v -5.212667 9.959866 24.908920
v -5.123196 9.765900 24.796276
v -5.123205 9.959787 24.871992
v -5.123135 10.121033 24.876911
v -5.122388 11.337102 24.794958
v -5.337160 10.992604 24.782673
v -4.980621 9.766119 25.141907
v -5.034086 9.959928 25.088013
v -5.266755 9.766269 25.141502
v -5.212921 9.960015 25.087748
v -5.325822 9.766181 24.998322
v -5.123565 9.960008 25.124905
v -5.249850 9.959963 24.998268
v -5.244703 10.121190 24.998144
v -5.209031 10.121102 24.912346
v -5.209268 10.121252 25.084042
v -5.237818 10.303600 25.112469
v -5.037581 10.121164 25.084278
v -5.123433 10.303582 25.160032
v -5.123363 10.452172 25.159910
v -5.237739 10.452190 25.112337
v -5.285083 10.303530 24.997936
v -5.237493 10.303407 24.883551
v -5.122986 10.303310 24.836294
v -5.122854 10.581532 24.846184
v -4.908074 10.755263 24.783480
v -5.230213 10.581618 24.890478
v -5.237414 10.451998 24.883427
v -5.122907 10.451900 24.836172
v -5.285004 10.452120 24.997805
v -5.426481 10.755721 24.997356
v -5.337274 10.755491 24.782875
v -5.426358 10.992832 24.997154
v -5.265543 11.337225 24.854027
v -4.908557 10.992744 25.212513
v -4.979814 11.337321 25.140581
v -5.122960 11.337444 25.199629
v -5.337765 10.992965 25.211906
v -5.265946 11.337471 25.140177
v -5.325014 11.337374 24.997013
v -5.123284 10.992929 25.301086
v -5.015916 10.581697 25.105400
v -5.123407 10.755817 25.301279
v -5.230520 10.581803 25.105101
v -5.337879 10.755852 25.212099
v -5.274817 10.581732 24.997715
v -5.008829 10.452067 25.112671
v -5.123284 10.581785 25.149677
v -4.202604 10.542249 26.460358
v -4.949595 13.485233 25.959503
v -4.874922 11.934809 26.300648
v -5.465068 10.543109 26.713205
v -4.810296 10.542741 26.675529
v -5.402409 11.935107 26.332121
v -5.924021 11.935195 26.121864
v -6.602030 10.543013 25.901052
v -6.145879 10.543215 26.418457
v -5.704797 13.485497 25.809559
v -5.339662 13.485426 25.950897
v -4.401866 11.934432 26.141563
v -4.323908 13.484566 25.552477
v -4.202534 10.542249 26.460787
v -3.995411 11.933923 25.785051
v -3.766853 11.933378 25.276287
v -3.387649 10.540888 25.339403
v -3.685128 10.541599 26.004644
v -3.767187 11.932930 24.743355
v -4.148700 13.484179 25.197468
v -4.124524 13.483837 24.804688
v -3.378621 10.540326 24.676455
v -4.601110 13.484936 25.822197
v -4.874861 11.934809 26.301077
v -5.464981 10.543109 26.713646
v -4.810225 10.542741 26.675961
v -5.402321 11.935107 26.332561
v -5.339583 13.485426 25.951334
v -4.949533 13.485233 25.959942
v -6.145791 10.543215 26.418896
v -3.960574 11.932623 24.260235
v -3.630390 10.539922 24.043066
v -4.099381 10.539746 23.543955
v -4.332655 11.932473 23.856503
v -4.264991 13.483601 24.440683
v -4.537432 13.483495 24.147913
v -5.923933 11.935195 26.122295
v -5.977152 13.485392 25.517218
v -5.704710 13.485497 25.809990
v -6.296006 11.935055 25.718563
v -6.819858 10.542609 25.278219
v -6.117636 13.485164 25.153225
v -6.090720 13.484830 24.776007
v -6.471443 11.934300 24.715359
v -5.839152 11.933238 23.834522
v -6.261177 11.933756 24.193748
v -5.949375 13.484451 24.410862
v -5.656602 13.484075 24.138428
v -5.416680 10.540221 23.299736
v -6.820937 10.542083 24.649143
v -6.476571 11.934721 25.217150
v -6.037194 10.540738 23.533197
v -6.570178 10.541398 23.992071
v -6.601943 10.543013 25.901482
v -4.817682 11.932570 23.671944
v -5.353327 11.932834 23.656706
v -5.292626 13.483759 23.997969
v -4.886989 13.483557 24.003845
v -4.738161 10.539878 23.306044
v -3.995473 11.933923 25.784611
v -3.685190 10.541599 26.004204
v -4.148762 13.484179 25.197037
v -3.766914 11.933378 25.275848
v -3.387719 10.540888 25.338964
v -3.378691 10.540326 24.676016
v -4.124585 13.483837 24.804247
v -4.265052 13.483601 24.440271
v -3.960635 11.932623 24.259823
v -4.099442 10.539746 23.543543
v -4.738223 10.539878 23.305622
v -4.332716 11.932473 23.856091
v -4.537485 13.483503 24.147490
v -4.887050 13.483565 24.003431
v -4.817743 11.932570 23.671530
v -5.353397 11.932834 23.656267
v -5.416741 10.540221 23.299299
v -5.839231 11.933238 23.834110
v -5.292688 13.483767 23.997530
v -6.037273 10.540738 23.532793
v -6.570257 10.541398 23.991659
v -5.656682 13.484075 24.138023
v -6.261256 11.933756 24.193335
v -6.471522 11.934300 24.714947
v -5.949462 13.484444 24.410458
v -3.630452 10.539922 24.042654
v -3.767248 11.932930 24.742926
v -4.601181 13.484936 25.821756
v -4.323970 13.484566 25.552048
v -4.401927 11.934432 26.141123
v -6.821016 10.542083 24.648741
v -6.819919 10.542609 25.277790
v -6.090807 13.484830 24.775591
v -6.476642 11.934721 25.216711
v -6.296094 11.935055 25.718134
v -5.977240 13.485392 25.516781
v -6.117698 13.485154 25.152784
v -16.431087 16.006048 -25.080338
v -16.016598 19.896717 -24.373718
v -14.585836 16.006338 -23.597773
v -15.390446 19.896814 -23.872217
v -15.392457 16.006533 -23.868948
v -12.577416 19.894629 -24.747196
v -13.093364 16.005127 -24.132294
v -12.579419 16.004345 -24.743937
v -12.436519 16.002861 -26.428541
v -12.322758 16.003546 -25.538105
v -16.348291 16.004652 -26.688152
v -16.577991 16.005442 -25.891922
v -15.844718 16.003853 -27.341291
v -16.575981 19.895725 -25.895187
v -16.429041 19.896332 -25.083569
v -16.018564 16.006435 -24.370405
v -14.583790 19.896622 -23.600996
v -13.745212 19.896069 -23.745871
v -13.747214 16.005787 -23.742603
v -13.091318 19.895409 -24.135515
v -12.320703 19.893827 -25.541328
v -12.434473 19.893135 -26.431765
v -12.878057 19.892818 -27.089794
v -13.477249 19.892706 -27.589214
v -14.273428 16.002615 -27.842617
v -15.147335 19.893442 -27.744593
v -15.149346 16.003151 -27.741325
v -12.880103 16.002537 -27.086571
v -13.479295 16.002422 -27.585991
v -14.271461 19.892899 -27.845928
v -15.842759 19.894127 -27.344593
v -16.346325 19.894945 -26.691456
v -30.787699 3.932866 -5.775063
v -30.663496 3.932796 -5.775519
v -30.664198 2.576373 -5.774395
v -1.531069 7.681718 21.890070
v -1.632114 7.549137 21.918577
v -2.525535 7.416943 21.636194
v -2.184603 7.453159 21.636650
v -2.184515 7.630352 21.636501
v -2.876883 7.622685 21.635525
v -2.525412 7.664400 21.635990
v -2.876953 7.482649 21.635649
v -2.797960 8.536657 23.826311
v -1.775022 8.905349 24.279213
v -1.591181 8.641452 23.864258
v -1.775215 8.536508 24.279522
v -1.584059 7.549093 21.890106
v -3.120081 7.650533 21.477081
v -3.120265 7.650639 21.601776
v -20.936773 13.564884 -5.600759
v -1.591093 8.799518 23.864119
v -2.797766 8.905499 23.826002
v -1.039254 8.640118 22.618734
v -2.061990 8.640266 22.165525
v -21.189606 13.564962 -5.664367
v -2.876663 7.622545 21.477461
v -20.936668 13.775650 -5.600935
v -21.189501 13.775729 -5.664542
v -20.746891 13.775501 -5.663918
v -2.877252 7.622896 21.895805
v -3.004274 7.481498 21.895744
v -2.877331 7.482868 21.895918
v -3.004203 7.624398 21.895630
v -30.788401 2.576435 -5.773938
v -30.725986 3.932884 -5.713176
v -30.726690 2.576452 -5.712051
v -34.533432 10.940666 4.933260
v -34.870342 10.943617 4.932776
v -1.565046 7.717021 21.918533
v -1.565152 7.717083 21.991388
v -1.632219 7.549199 21.991440
v -1.039298 8.534734 22.618822
v -3.003826 7.624179 21.635349
v -3.003606 7.624047 21.477276
v -3.003896 7.481279 21.635466
v -3.120362 7.454863 21.601944
v -2.613925 8.641592 23.411039
v -2.062051 8.534883 22.165611
v -2.271992 9.034707 23.758259
v -2.230813 9.021245 23.713146
v -2.235924 8.894170 23.783316
v -2.222049 8.894170 23.789454
v -30.718594 18.368023 -5.725068
v -30.717890 19.724445 -5.726183
v -30.780294 18.367996 -5.786945
v -2.525316 7.416802 21.478128
v -2.525184 7.664268 21.477917
v -1.846059 7.416451 21.479084
v -1.466328 7.481789 21.479567
v -2.033791 8.640310 22.238581
v -3.114276 7.717882 21.989201
v -3.181352 7.549997 21.989252
v -2.549826 8.641558 23.403111
v -1.638428 8.746809 23.806868
v -1.122384 8.745562 22.642340
v -2.549773 8.746941 23.403030
v -23.762527 26.080204 14.428463
v -23.762344 26.439939 14.428164
v -23.324362 26.440609 15.489820
v -20.925779 14.460632 -5.601497
v -20.852009 14.460598 -5.601391
v -20.873280 14.460729 -5.464437
v -21.189150 14.460720 -5.665113
v -20.746540 14.460492 -5.664489
v -20.925884 14.249866 -5.601321
v -21.189253 14.249953 -5.664937
v -20.746645 14.249725 -5.664314
v -21.010550 13.564919 -5.600864
v -20.989553 13.775790 -5.464033
v -20.958054 13.565015 -5.463805
v -20.957937 13.775774 -5.463989
v -20.746996 13.564734 -5.663743
v -20.989658 13.565024 -5.463857
v -20.761433 26.078659 14.432703
v -21.202427 26.079775 15.493123
v -21.273630 26.076008 15.421725
v -2.188204 9.548959 23.640661
v -2.139850 9.967726 23.543022
v -2.129022 9.970545 23.561148
v -2.170473 9.543163 23.621244
v -2.199163 9.312243 23.651909
v -2.174486 9.552534 23.663607
v -2.148272 9.548951 23.658348
v -21.010437 13.775685 -5.601040
v -23.321360 26.438824 13.367727
v -21.199240 26.437727 13.370722
v -22.259676 26.437912 12.929711
v -23.324545 26.080872 15.490128
v -22.264111 26.080696 15.931130
v -22.263918 26.440432 15.930832
v -21.202244 26.439518 15.492825
v -22.259869 26.078167 12.930010
v -2.876734 7.482517 21.477573
v -3.003676 7.481147 21.477388
v -2.033729 8.745693 22.238493
v -2.184287 7.630220 21.478426
v -1.845928 7.663917 21.478874
v -2.184383 7.453027 21.478577
v -2.952460 7.787286 21.916512
v -2.240122 9.042997 23.811558
v -34.576164 10.833026 4.933295
v -34.870445 10.740359 4.932952
v -34.870628 10.740465 5.065691
v -34.671333 12.045074 5.064883
v -34.869953 12.045170 5.064602
v -34.869850 12.248437 5.064426
v -34.532860 12.038399 4.932337
v -34.671143 12.044960 4.932136
v -34.671711 10.943521 4.933066
v -22.262135 25.789312 14.430824
v -23.041565 25.891878 15.208026
v -34.533051 12.038505 5.065059
v -34.671894 10.943625 5.065805
v -34.870525 10.943730 5.065525
v -21.504992 14.829649 -5.750157
v -20.482914 14.776509 -5.664367
v -20.452021 13.153520 -5.747259
v -20.905001 14.249971 -5.464305
v -20.873384 14.249963 -5.464261
v -20.904896 14.460738 -5.464489
v -20.852116 14.249831 -5.601215
v -2.771877 7.549699 21.888428
v -23.321543 26.079090 13.368026
v -34.869663 12.248322 4.931688
v -34.566399 12.155462 5.064909
v -1.846156 7.664049 21.636950
v -1.466478 7.621957 21.637518
v -1.846279 7.416583 21.637159
v -2.223454 8.897429 23.804190
v -2.238182 8.899440 23.807131
v -2.204986 8.851665 23.836096
v -2.235003 9.323948 23.691166
v -2.200217 8.840512 23.785633
v -2.173467 9.021235 23.738552
v -2.119863 9.985950 23.540476
v -2.125852 9.963160 23.527681
v -2.145804 9.543156 23.632187
v -2.108323 9.967726 23.556995
v -2.106356 9.963160 23.536324
v -2.149299 9.312234 23.674015
v -2.179228 9.034690 23.799368
v -2.245883 8.897429 23.794249
v -2.247771 8.840521 23.764565
v -2.207269 9.331185 23.737518
v -2.154305 9.323932 23.726925
v -2.255499 8.858568 23.846210
v -2.281951 8.851674 23.801985
v -2.613837 8.799667 23.410908
v -3.120186 7.454757 21.477249
v -34.576347 10.833140 5.066007
v -21.199423 26.077993 13.371020
v -20.761248 26.438404 14.432405
v -34.533615 10.940771 5.065981
v -34.566212 12.155348 4.932197
v -34.869770 12.045064 4.931855
v -20.451159 14.829114 -5.748673
v -20.483730 13.195752 -5.663041
v -21.473518 14.777020 -5.665762
v -21.505852 13.154056 -5.748752
v -21.474335 13.196271 -5.664437
v -2.952442 7.737395 21.888016
v -3.114171 7.717820 21.916346
v -2.824736 7.682385 21.888245
v -2.952565 7.787347 21.989367
v -3.080202 7.682517 21.887884
v -3.181247 7.549936 21.916389
v -3.114452 7.382043 21.989483
v -2.952706 7.312350 21.916933
v -2.952811 7.312411 21.989771
v -2.791075 7.381876 21.989948
v -2.723902 7.549699 21.917040
v -2.724007 7.549760 21.989895
v -2.790793 7.717653 21.916794
v -2.790899 7.717715 21.989656
v -2.952548 7.549795 21.888172
v -2.824867 7.417074 21.888462
v -2.952645 7.362187 21.888332
v -2.790969 7.381815 21.917101
v -3.133193 7.549883 21.887918
v -3.114355 7.381982 21.916645
v -3.080334 7.417206 21.888102
v -22.263636 25.891747 15.531535
v -22.263962 26.076859 15.830304
v -21.484800 25.891069 15.210221
v -22.260529 25.889893 13.329930
v -23.250349 26.075357 13.439431
v -23.039362 25.890570 13.651243
v -21.482595 25.889769 13.653439
v -22.260010 26.074505 13.030844
v -23.362888 25.891386 14.429192
v -23.661703 26.076403 14.428611
v -23.253141 26.077026 15.418923
v -20.862267 26.074961 14.432563
v -21.270830 26.074339 13.442225
v -21.161266 25.890253 14.432300
v -1.466557 7.481920 21.637642
v -1.339588 7.480418 21.637817
v -1.466917 7.482140 21.897913
v -1.214717 7.453879 21.604631
v -1.638472 8.641426 23.806955
v -1.122437 8.640179 22.642427
v 10.085015 26.421631 13.404401
v 9.644022 26.422745 14.464837
v 10.082013 26.423412 15.526493
v 11.146699 26.420715 12.966384
v -1.339877 7.623538 21.897982
v -1.565318 7.381244 21.991676
v -1.403573 7.311550 21.919121
v -1.403678 7.311612 21.991957
v -1.241836 7.381015 21.919287
v -1.241941 7.381077 21.992134
v -1.174874 7.548962 21.992081
v -1.241765 7.716916 21.991852
v -1.403432 7.786556 21.991564
v 12.544106 26.057768 14.469236
v -1.214436 7.649549 21.479786
v 10.043487 25.874189 14.465865
v 10.364808 25.874681 15.244699
v 9.744672 26.059208 14.465284
v 12.132751 26.058804 15.458399
v 11.921574 25.873873 15.246895
v 10.367012 25.873363 13.687917
v 11.146365 26.057310 13.067526
v 11.144240 25.772118 14.467506
v 11.142739 25.874550 15.568208
v 11.142413 26.059664 15.866978
v 11.146505 26.060972 12.966691
v -1.403336 7.786495 21.918697
v 11.142273 26.063501 15.967813
v 11.142457 26.423237 15.967514
v 12.203947 26.062580 15.529797
v 12.204140 26.422316 15.529497
v 10.081827 26.063679 15.526801
v 10.153234 26.059822 15.455597
v -1.339368 7.480287 21.479753
v 9.643838 26.063009 14.465137
v 10.084831 26.061893 13.404699
v 10.156027 26.058163 13.476105
v 12.644940 26.061464 14.469377
v 12.645125 26.421198 14.469079
v 12.206951 26.060797 13.407702
v 12.207135 26.420542 13.407404
v -1.466258 7.621825 21.479454
v -1.466847 7.622176 21.897799
v -1.339956 7.480647 21.898098
v -1.214542 7.453773 21.479946
v -1.339517 7.623327 21.637703
v -1.214612 7.649655 21.604473
v -1.339289 7.623187 21.479630
v -1.531209 7.416407 21.890289
v -1.565213 7.381183 21.918831
v -1.403511 7.361397 21.890518
v -1.275734 7.416275 21.890650
v -1.174777 7.548909 21.919226
v -1.403415 7.548996 21.890360
v -1.222744 7.548909 21.890614
v -1.403318 7.736596 21.890202
v -1.275594 7.681586 21.890430
v -1.241669 7.716854 21.918989
v 11.923777 25.872564 13.690112
v 11.145847 25.872696 13.366612
v 12.245108 25.873056 14.468973
v 12.135545 26.057144 13.478907
v -14.719383 15.619987 -25.238281
v -14.280620 0.694491 -26.050653
v -14.077925 0.694667 -25.720848
v -13.906545 15.619152 -25.737894
v -14.164857 17.234221 -25.732117
v -14.165542 15.898743 -25.731001
v -13.049067 0.590574 -25.320269
v -13.833796 0.540070 -24.284420
v -15.383604 0.540728 -24.450594
v -15.509915 0.592384 -24.678413
v -14.668904 1.137487 -25.704960
v -14.571653 1.137285 -25.884647
v -14.667605 0.694702 -26.039999
v -14.595154 17.234669 -25.467630
v -14.168597 15.899147 -25.253675
v -14.638247 17.259556 -25.719126
v -14.609064 17.234247 -25.972538
v -14.085459 0.694737 -25.632236
v -14.207896 0.694491 -25.999470
v -15.020937 0.590126 -27.068621
v -13.908617 0.591830 -24.350828
v -14.342278 0.695115 -25.342581
v -15.955361 0.539578 -26.165503
v -16.090340 0.161340 -26.192753
v -15.139511 0.159952 -27.265150
v -30.725891 2.576347 -5.836281
v -30.725189 3.932778 -5.837405
v -30.779602 19.724426 -5.788069
v -30.717081 19.724339 -5.850412
v -30.717785 18.367918 -5.849288
v -30.655373 19.724365 -5.788526
v -30.656075 18.367933 -5.787402
v -15.880486 0.591382 -26.099180
v -14.587145 0.694623 -26.077059
v -14.843972 0.695000 -25.787405
v -14.721544 0.695246 -25.420162
v -15.363529 0.592419 -24.548634
v -15.007844 15.619740 -25.707579
v -14.564285 15.427662 -25.896645
v -14.094197 0.591980 -24.288960
v -14.649137 0.695255 -25.369753
v -14.851868 0.695079 -25.699549
v -14.542928 17.259644 -25.564127
v -14.357673 1.137461 -25.536514
v -14.318233 15.898611 -25.979433
v -14.194847 15.898365 -26.207420
v -9.828557 6.253412 -30.287270
v -9.755026 6.253314 -30.360571
v -9.889538 5.903934 -23.434111
v -14.835349 0.589977 -27.130487
v -13.546002 0.537663 -26.968779
v -13.454916 0.159250 -27.071402
v -14.595839 15.899191 -25.466505
v -14.748557 15.899059 -25.714947
v -14.719243 15.899446 -25.238510
v -15.007703 15.899199 -25.707815
v -14.554546 15.427952 -25.542866
v -14.661536 15.427864 -25.716957
v -14.745649 15.619205 -26.192043
v -14.194987 15.618906 -26.207191
v -14.367394 1.137171 -25.890284
v -14.304340 15.899033 -25.474533
v -14.350296 15.427846 -25.548513
v -13.906396 15.898602 -25.738131
v -14.747872 17.234537 -25.716072
v -14.609758 15.898768 -25.971415
v -14.745501 15.898655 -26.192272
v -1.456396 5.899667 -23.339001
v -9.879790 5.898138 -30.330793
v -9.879641 6.187942 -30.331038
v -1.447447 5.893730 -30.399651
v -9.795941 6.187828 -30.411709
v -1.456756 5.714693 -23.997490
v -8.826064 4.910223 -29.618893
v -8.833995 4.914940 -24.007244
v -8.836066 0.893920 -24.003864
v -8.833572 5.718487 -24.007912
v -8.833766 5.718601 -23.876192
v -8.836681 0.054253 -23.871431
v -8.836496 0.054139 -24.003162
v -9.360682 5.718864 -23.876930
v -9.354368 0.049036 -30.405930
v -9.363597 0.054516 -23.872179
v -9.351443 5.713375 -30.410681
v -9.804126 6.193765 -23.351042
v -9.838182 6.259138 -23.475666
v -9.889390 6.193738 -23.434347
v -8.836242 0.539894 -24.003565
v -9.755245 5.832581 -30.360220
v -9.838402 5.838386 -23.475315
v -9.362086 5.718864 -23.876930
v -9.765073 5.838413 -23.401802
v -1.458969 5.834136 -23.390060
v -9.804275 5.903961 -23.350796
v -9.828777 5.832660 -30.286917
v -9.353603 5.713823 -29.883764
v -1.451320 0.885410 -29.605070
v -8.828136 0.889204 -29.615513
v -1.459241 0.535986 -24.124870
v -8.836058 0.539780 -24.135296
v -8.836312 0.054025 -24.134892
v -1.449142 5.828313 -30.348488
v -9.796090 5.898024 -30.411461
v -14.168747 15.619697 -25.253439
v -14.369757 17.259283 -25.884094
v -14.317549 17.234097 -25.980549
v -14.274428 17.259363 -25.729095
v -14.551649 17.259380 -25.879135
v -14.566129 11.855065 -25.893648
v -14.361861 11.854960 -25.899277
v -14.360026 15.427556 -25.902283
v -14.254889 11.855048 -25.725203
v -14.253045 15.427644 -25.728199
v -14.256733 8.282452 -25.722198
v -14.363706 8.282364 -25.896275
v -14.365551 4.709767 -25.893280
v -15.919690 0.591567 -25.907524
v -16.014612 0.539859 -25.875847
v -12.914994 0.538533 -25.543512
v -12.780385 0.160207 -25.515614
v -14.815334 0.538102 -27.228451
v -15.095812 0.538322 -27.134941
v -13.324768 0.537716 -26.772625
v -13.566026 0.589538 -26.870823
v -13.419639 0.589573 -26.741035
v -14.361028 17.259539 -25.569088
v -14.262187 0.695044 -25.380398
v -14.567974 8.282477 -25.890644
v -12.974246 0.538814 -25.253859
v -13.790483 0.161867 -24.153587
v -14.114272 0.540289 -24.190918
v -15.604831 0.540676 -24.646736
v -16.149591 0.161621 -25.903099
v -13.009865 0.590399 -25.511925
v -14.303656 17.234510 -25.475658
v -1.449529 6.368402 -29.873131
v -1.448923 6.249038 -30.348839
v -9.353261 6.372468 -29.884317
v -1.458021 6.373444 -23.866312
v -9.361753 6.377509 -23.877483
v -9.764861 6.259164 -23.402151
v -12.839654 0.160479 -25.225975
v -14.070943 0.162095 -24.060068
v -15.475078 0.162578 -24.347326
v -15.696312 0.162525 -24.543480
v -14.464996 0.160997 -25.709358
v -14.569809 4.709882 -25.887650
v -13.233690 0.159302 -26.875257
v -14.859034 0.159733 -27.358641
v -14.667061 4.710075 -25.707964
v -14.665226 8.282671 -25.710958
v -14.556391 11.855356 -25.539867
v -14.663381 11.855268 -25.713961
v -14.561914 1.137575 -25.530867
v -14.258577 4.709864 -25.719196
v -14.260413 1.137267 -25.716202
v -14.355828 4.710066 -25.539507
v -14.560070 4.710171 -25.533871
v -14.353985 8.282654 -25.542513
v -14.558227 8.282767 -25.536865
v -14.352140 11.855250 -25.545506
v 20.412720 0.001745 -30.780619
v 20.205177 4.759464 -31.317099
v 20.202726 0.001412 -31.313105
v 20.204432 4.759903 -30.784914
v 20.201971 0.001859 -30.780918
v 20.415171 4.759797 -30.784616
v 20.414873 4.759973 -30.573849
v 20.412420 0.001930 -30.569853
v 20.731768 4.759367 -31.100327
v 20.733480 9.517868 -30.577398
v 0.696768 6.666918 -29.001926
v 0.643927 6.667032 -28.896624
v -0.587511 7.444049 -23.903837
v -0.587345 7.312768 -24.072346
v -0.587274 7.443909 -24.072451
v -1.189812 10.275195 -24.265373
v -1.294949 10.169716 -24.476200
v -1.347588 10.276425 -24.476368
v -1.242451 10.381930 -24.265539
v -1.359294 10.434685 -24.265751
v -1.464432 10.329178 -24.476568
v -0.667339 10.761065 -24.212347
v -0.721928 7.072679 -24.209328
v 0.363493 7.019425 -24.207754
v -0.669262 7.019960 -24.209211
v 0.365416 10.760530 -24.210890
v 0.428550 10.718385 -24.158075
v 0.418082 10.707811 -24.210775
v 0.416211 7.072090 -24.207720
v 0.373944 7.008930 -24.155035
v -0.720057 10.708400 -24.212381
v -0.730666 10.718982 -24.159718
v -0.679889 7.009466 -24.156521
v -0.218503 7.312574 -24.071819
v -0.563607 7.336488 -24.067400
v -0.563563 7.420162 -24.067472
v -0.563396 7.336365 -24.214956
v -0.563352 7.420039 -24.215027
v -0.087530 7.443786 -23.903135
v -0.087292 7.443645 -24.071749
v -0.218670 7.443856 -23.903320
v -0.218433 7.443715 -24.071934
v -0.087600 7.312654 -23.903021
v -0.218740 7.312715 -23.903204
v -0.087363 7.312504 -24.071634
v -0.194766 7.336295 -24.066875
v -0.194722 7.419978 -24.066944
v -0.194555 7.336172 -24.214437
v -0.194511 7.419855 -24.214499
v -0.111091 7.336259 -24.066759
v -0.110881 7.336137 -24.214315
v -0.110837 7.419811 -24.214384
v 0.281479 7.312320 -24.071117
v 0.174076 7.336110 -24.066357
v 0.174286 7.335987 -24.213911
v 0.174330 7.419662 -24.213982
v -0.479933 7.336444 -24.067280
v -0.479722 7.336321 -24.214832
v -0.479889 7.420118 -24.067348
v -0.479678 7.419995 -24.214903
v 0.257750 7.336066 -24.066235
v 0.257961 7.335943 -24.213795
v 0.257794 7.419741 -24.066303
v -0.456441 7.312838 -23.903547
v -0.456204 7.312697 -24.072163
v -0.456371 7.443979 -23.903652
v -0.456134 7.443838 -24.072268
v 0.258004 7.419618 -24.213867
v 0.174119 7.419785 -24.066427
v -0.045455 9.811878 -23.899797
v -0.122763 9.847938 -24.152849
v -0.045095 9.811667 -24.152718
v 0.004040 9.741438 -24.152586
v 0.003688 9.741649 -23.899666
v 0.011127 9.656244 -23.899586
v 0.011478 9.656025 -24.152506
v -0.024791 9.578357 -24.152491
v -0.279257 8.138954 -24.151638
v -0.372266 8.507744 -24.196890
v -0.181004 8.408455 -24.151726
v -0.211557 8.582592 -24.196726
v 9.981952 4.765347 -30.588594
v 10.298101 4.765181 -30.588146
v 10.295642 0.007129 -30.584150
v 15.355143 0.140904 -31.314798
v 10.507524 0.143398 -31.321657
v 15.366515 22.165989 -31.338556
v 20.214153 22.163494 -31.331705
v 10.295686 0.091435 -30.584230
v 15.354388 0.115006 -30.787865
v 20.202787 0.138410 -31.307949
v -0.056468 8.556861 -24.196486
v -0.279459 7.945181 -24.196285
v -0.248081 7.933738 -24.196234
v -0.208509 9.840727 -23.900053
v -0.208149 9.840516 -24.152973
v -0.307587 9.628520 -23.900009
v -0.307236 9.628309 -24.152929
v -0.314674 9.713714 -24.153008
v 15.365760 22.166435 -30.806379
v -0.278405 9.791381 -24.153027
v 0.641248 10.738214 -25.517239
v -0.862368 10.761205 -24.159937
v -0.862219 10.761118 -24.265320
v 0.744726 11.055540 -24.052525
v 0.751725 11.051378 -29.005537
v 0.751830 11.262144 -29.005713
v -0.258479 9.558291 -23.899885
v -0.258119 9.558080 -24.152805
v -0.095398 9.529434 -23.899632
v -0.180785 9.522022 -23.899746
v -0.095047 9.529222 -24.152542
v -0.180425 9.521802 -24.152666
v -0.315798 8.216877 -23.898842
v -0.307921 8.302062 -24.151814
v -0.474014 8.362596 -24.196909
v 20.211983 17.948183 -31.328175
v -0.264231 7.939727 -23.878651
v -0.025090 8.545444 -24.196426
v -0.041240 8.551407 -23.878855
v 0.097286 9.475714 -23.879433
v -0.390067 9.906987 -24.198093
v -0.411539 9.881432 -24.198093
v -0.401255 9.894463 -23.880495
v 0.087003 9.462683 -24.197041
v 0.108474 9.488238 -24.197033
v 0.644032 10.209480 -27.677145
v 0.644304 10.736405 -27.677593
v 9.982688 4.764900 -31.115511
v 9.980239 0.006848 -31.111513
v 9.979492 0.007295 -30.584599
v 10.300550 9.523233 -30.592142
v 10.509157 4.764891 -30.798622
v 10.298399 4.765005 -30.798912
v 10.509912 4.764452 -31.330799
v 10.512371 9.522496 -31.334797
v 10.511616 9.522943 -30.802610
v 20.213406 22.163942 -30.799528
v 20.424154 22.163828 -30.799231
v 0.749582 10.630986 -27.645742
v 20.421976 17.948526 -30.795692
v 20.728571 0.001763 -30.569407
v 20.729319 0.001324 -31.096329
v 20.735649 13.733188 -30.580938
v 20.736395 13.732749 -31.107853
v 20.734217 9.517420 -31.104313
v 10.302729 13.738563 -30.595682
v 10.506707 0.006848 -30.794626
v 20.211227 17.948631 -30.795990
v 10.307374 22.169035 -30.813528
v 10.303019 13.738378 -30.806450
v 10.300849 9.523057 -30.802908
v 9.987316 13.738281 -31.123047
v 9.986580 13.738720 -30.596130
v 9.985147 9.522953 -31.119505
v 9.984401 9.523392 -30.592590
v 10.304897 17.953909 -30.599222
v 9.988749 17.954048 -30.599670
v 10.305197 17.953733 -30.809988
v 10.307076 22.169210 -30.602762
v 15.354036 0.004529 -30.577011
v 20.412464 0.086236 -30.569923
v 20.202032 0.112512 -30.781015
v 20.412764 0.099225 -30.780708
v 20.209059 13.733284 -30.792452
v 20.207634 9.517508 -31.321087
v 15.365462 22.166613 -30.595613
v 0.281549 7.443460 -24.071222
v 0.150171 7.443663 -23.902803
v -0.587582 7.312909 -23.903725
v 0.150101 7.312531 -23.902687
v 0.150338 7.312390 -24.071301
v 0.150408 7.443522 -24.071405
v 0.281241 7.312460 -23.902504
v 0.281312 7.443601 -23.902609
v -0.111048 7.419934 -24.066832
v -1.243987 7.389048 -24.263029
v -1.191243 7.495713 -24.263037
v -0.864151 7.009475 -24.262169
v -1.360893 7.336417 -24.263142
v 0.637402 7.008790 -24.154667
v 0.644102 7.004811 -28.896904
v 9.989495 17.953602 -31.126577
v 9.991199 22.696293 -30.603649
v 15.366481 22.693079 -31.122969
v 20.740269 22.690762 -30.588455
v 20.741016 22.690313 -31.115372
v 20.419807 13.733179 -30.792152
v 20.417629 9.517850 -30.788610
v 20.417332 9.518026 -30.577847
v 20.738575 17.948078 -31.111395
v 20.209805 13.732837 -31.324636
v 20.206881 9.517956 -30.788910
v 9.991937 22.695845 -31.130564
v 15.365734 22.693527 -30.596050
v 20.421677 17.948702 -30.584925
v 20.423847 22.164003 -30.588455
v 20.737820 17.948517 -30.584476
v 10.507462 0.006400 -31.326803
v 20.731022 4.759815 -30.573400
v 20.419500 13.733355 -30.581387
v 10.513785 13.738272 -30.806150
v 10.514540 13.737824 -31.338337
v 10.516719 17.953169 -31.341867
v 10.515963 17.953617 -30.809689
v 10.518888 22.168482 -31.345413
v 10.518132 22.168930 -30.813231
v 15.354080 0.088836 -30.577082
v 10.506768 0.117500 -30.794714
v 10.295993 0.104432 -30.794996
v 10.295940 0.006953 -30.794916
v -0.095626 8.400928 -24.151602
v -0.034987 8.567047 -24.196461
v 0.110161 8.465300 -24.196171
v -0.025424 8.351724 -24.151463
v 0.185000 8.304590 -24.195934
v 0.169465 8.128021 -24.195801
v 0.067718 7.982856 -24.195829
v -0.045965 8.118431 -24.151297
v -0.092992 7.908033 -24.195986
v -0.123676 8.082241 -24.151373
v -0.124036 8.082452 -23.898455
v -0.209054 8.089767 -24.151497
v 0.002880 8.188845 -23.898357
v 0.003241 8.188634 -24.151278
v -0.025784 8.351934 -23.898542
v 0.010767 8.274012 -24.151340
v -0.308272 8.302272 -23.898903
v -0.258733 8.372265 -24.151806
v -0.315447 8.216666 -24.151752
v -0.259085 8.372475 -23.898886
v -0.414727 8.025325 -24.196541
v -0.489549 8.186026 -24.196785
v -0.181356 8.408666 -23.898806
v -0.095987 8.401139 -23.898682
v -0.269561 7.923578 -24.196249
v -0.152692 8.245559 -23.898630
v -0.279608 8.139166 -23.898718
v -0.209405 8.089978 -23.898577
v -0.046325 8.118642 -23.898376
v 0.010407 8.274223 -23.898428
v 0.637235 6.671020 -24.154379
v -0.864300 7.009562 -24.156784
v -0.732545 7.062193 -24.156643
v -0.677948 10.771647 -24.159681
v 0.426662 7.061595 -24.155010
v 0.375884 10.771111 -24.158190
v -0.025151 9.578568 -23.899570
v -0.123123 9.848147 -23.899929
v -0.278756 9.791601 -23.900106
v -0.151954 9.685076 -23.899841
v -0.315026 9.713924 -23.900097
v -0.413761 9.905081 -24.198122
v -0.268490 10.006679 -24.198006
v -0.091903 10.022038 -24.197769
v 0.068727 9.947049 -24.197470
v 0.170326 9.801805 -24.197206
v 0.185685 9.625192 -24.197041
v 0.110670 9.464588 -24.197006
v -0.034574 9.362989 -24.197128
v -0.211162 9.347631 -24.197365
v -0.371792 9.422619 -24.197655
v -0.473390 9.567863 -24.197918
v -0.488750 9.744476 -24.198093
v 0.746623 10.632751 -25.548616
v 0.693992 10.580033 -25.611870
v 0.640976 10.211299 -25.516790
v 0.696776 10.578374 -27.582537
v -32.337795 6.506413 20.479761
v -32.784763 6.414915 20.348410
v -32.784992 6.321449 20.479296
v -33.231998 6.506871 20.478506
v -33.165627 6.572893 20.347742
v -33.416965 6.954073 20.477863
v -33.323200 6.953915 20.347198
v -33.165222 7.334753 20.347094
v -33.231537 7.401073 20.477751
v -32.784340 7.586048 20.478235
v -32.784199 7.492353 20.347506
v -32.337341 7.400617 20.479015
v -32.403347 7.334357 20.348173
v -32.245762 6.953353 20.348719
v -32.152367 6.953424 20.479656
v -32.403740 6.572498 20.348814
v -32.246674 6.953897 20.993937
v -32.152912 6.953740 20.863243
v -32.338341 6.506739 20.863365
v -32.404655 6.573042 20.994032
v -32.785538 6.321774 20.862883
v -32.785675 6.415460 20.993628
v -33.232536 6.507196 20.862093
v -32.404259 7.334902 20.993391
v -32.785114 7.492898 20.992723
v -32.337883 7.400933 20.862610
v -33.166138 7.335288 20.992319
v -33.232079 7.401398 20.861345
v -32.784885 7.586364 20.861820
v -33.166531 6.573438 20.992960
v -33.324116 6.954451 20.992416
v -33.417507 6.954389 20.861460
v -32.152710 8.028859 21.113159
v -32.156063 1.537253 21.118612
v -31.935215 1.157926 21.308926
v -31.840309 1.284333 21.308952
v -33.642426 1.158804 21.306520
v -33.420654 1.537911 21.116821
v -33.689831 1.190445 21.306423
v -33.737209 1.285308 21.306273
v -33.417309 8.029518 21.111368
v -33.638622 8.535604 21.300320
v -31.887785 1.189515 21.308969
v -31.884008 8.503084 21.302830
v -31.836639 8.408213 21.302971
v -33.416412 8.028982 20.479095
v -31.883112 8.502557 20.670549
v -31.835743 8.407685 20.670698
v -33.419758 1.537376 20.484539
v -32.151825 8.028333 20.480877
v -31.886889 1.188979 20.676697
v -33.416946 8.029299 20.858475
v -31.930517 8.534189 20.670462
v -33.637726 8.535068 20.668045
v -33.641529 1.158268 20.674236
v -33.685165 8.503479 20.668001
v -33.736313 1.284781 20.674000
v -33.420303 1.537692 20.863918
v -32.155704 1.537051 20.865711
v -32.152355 8.028648 20.860256
v -33.732639 8.408660 20.668020
v -32.155170 1.536726 20.486332
v -31.839413 1.283806 20.676678
v -31.934320 1.157390 20.676653
v -33.688942 1.189910 20.674141
v -34.417175 0.526066 20.311790
v -34.453892 0.891306 20.518982
v -34.480976 0.737166 20.671022
v -34.416965 0.947599 20.311430
v -34.481197 0.315642 20.671375
v -34.454269 0.161194 20.519606
v -34.380486 0.160808 20.104588
v -34.380104 0.890920 20.103966
v -34.490959 0.526452 20.726805
v -33.972187 0.526259 20.819035
v -34.417393 0.104533 20.312141
v -33.898609 0.104340 20.404367
v -33.962200 0.736982 20.763252
v -33.898178 0.947405 20.403658
v -33.935101 0.891122 20.611219
v -33.898399 0.525873 20.404009
v -33.824615 0.525486 19.988993
v -33.861324 0.890736 20.196192
v -33.417984 1.420348 19.167355
v -33.418503 1.420664 19.536196
v -31.895372 1.194029 26.683443
v -33.744797 1.289831 26.680738
v -31.844227 8.412726 26.677446
v -31.891596 8.507598 26.677305
v -33.740677 8.413438 26.358616
v -33.741123 8.413710 26.674767
v -31.942812 1.162440 26.683399
v -33.697426 1.194960 26.680897
v -33.650021 1.163319 26.680992
v -32.058918 1.331273 26.872782
v -33.534275 1.332028 26.870701
v -32.055351 8.244403 26.866976
v -33.693649 8.508529 26.674757
v -33.646217 8.540117 26.674793
v -31.939009 8.539239 26.677208
v -33.530708 8.245167 26.864895
v -32.230392 6.320369 19.533754
v -32.282276 7.743025 19.479790
v -32.282990 6.373043 19.480940
v -33.336136 7.743560 19.478306
v -34.493755 0.165787 25.968742
v -33.927109 0.109003 25.937918
v -34.015884 0.165357 25.746727
v -34.251057 0.320402 26.490822
v -33.749298 0.530765 26.319855
v -33.773186 0.319963 26.268822
v -34.315781 0.896128 26.350414
v -33.772976 0.741505 26.268471
v -33.837910 0.895698 26.128407
v -33.926678 0.952069 25.937208
v -34.582363 0.530738 25.777279
v -34.558468 0.741540 25.828329
v -34.015507 0.895469 25.746113
v -32.343552 2.293193 23.012482
v -32.790508 2.201712 22.881104
v -32.790745 2.108246 23.011997
v -33.237743 2.293650 23.011208
v -33.171371 2.359690 22.880426
v -33.328953 2.740712 22.879890
v -33.422707 2.740870 23.010576
v -33.237286 3.187870 23.010460
v -33.170975 3.121549 22.879793
v -32.789951 3.279150 22.880198
v -32.790092 3.372844 23.010944
v -32.407314 6.574624 22.877968
v -32.340916 7.402742 23.008186
v -32.155949 6.955549 23.008827
v -32.249336 6.955479 22.877872
v -32.787914 7.588173 23.007406
v -32.787785 7.494479 22.876659
v -32.406921 7.336483 22.877325
v -32.341370 6.508540 23.008942
v -32.788574 6.323575 23.008459
v -32.788338 6.417041 22.877563
v -33.169189 6.575019 22.876888
v -33.235573 6.508996 23.007677
v -33.326775 6.956040 22.876343
v -33.420540 6.956199 23.007034
v -33.235111 7.403199 23.006922
v -33.168804 7.336878 22.876255
v -32.408230 6.575168 23.523211
v -32.156487 6.955865 23.392422
v -32.341915 6.508864 23.392536
v -32.789108 6.323891 23.392061
v -32.789242 6.417585 23.522808
v -33.170105 6.575554 23.522131
v -33.236111 6.509321 23.391272
v -33.327686 6.956577 23.521587
v -33.421085 6.956515 23.390631
v -32.788689 7.495023 23.521902
v -32.407833 7.337027 23.522572
v -32.341450 7.403059 23.391781
v -33.169712 7.337414 23.521490
v -32.788452 7.588490 23.391001
v -33.235653 7.403524 23.390516
v -32.790867 3.279694 23.525433
v -32.410011 3.121698 23.526110
v -32.343628 3.187730 23.395319
v -32.410397 2.359839 23.526741
v -32.791420 2.202256 23.526346
v -32.791286 2.108562 23.395601
v -33.172283 2.360234 23.525669
v -33.329857 2.741256 23.525126
v -33.238281 2.293975 23.394810
v -33.423256 2.741186 23.394171
v -33.237823 3.188195 23.394054
v -33.171886 3.122085 23.525028
v -32.790627 3.373160 23.394539
v -32.250248 6.956023 23.523115
v -32.252419 2.740694 23.526646
v -32.158665 2.740536 23.395952
v -32.344093 2.293518 23.396076
v -32.343082 3.187414 23.011724
v -32.158119 2.740220 23.012358
v -32.409100 3.121154 22.880865
v -32.251514 2.740159 22.881411
v -32.409485 2.359295 22.881506
v -32.248852 2.738569 20.997475
v -32.340511 2.291393 20.866896
v -32.155090 2.738411 20.866791
v -32.154545 2.738086 20.483187
v -32.339977 2.291068 20.483311
v -32.247940 2.738033 20.352257
v -32.405918 2.357178 20.352352
v -34.080601 0.741101 25.606331
v -34.080818 0.319568 25.606682
v -34.104511 0.530308 25.555271
v -34.493374 0.895900 25.968138
v -34.404545 0.952499 26.159231
v -34.250835 0.741935 26.490469
v -34.404766 0.530967 26.159584
v -34.227169 0.531195 26.541870
v -34.316154 0.166016 26.351038
v -34.404980 0.109434 26.159935
v -34.558678 0.320007 25.828680
v -31.846563 1.288057 25.734976
v -31.842882 8.411936 25.728996
v -32.162842 1.541293 25.924009
v -31.941467 1.161641 25.734951
v -33.696083 1.194161 25.732447
v -33.427441 1.541952 25.922224
v -32.159496 8.032899 25.918554
v -33.424095 8.033548 25.916771
v -31.890261 8.506807 25.728857
v -32.158962 8.032583 25.539183
v -31.894030 1.193238 25.734995
v -32.162315 1.540977 25.544628
v -33.426918 1.541627 25.542845
v -33.648678 1.162519 25.732534
v -33.743458 1.289032 25.732298
v -33.423561 8.033233 25.537394
v -33.739788 8.412911 25.726318
v -33.692314 8.507730 25.726309
v -31.937666 8.538440 25.728760
v -33.644875 8.539318 25.726343
v -34.473309 1.158260 20.146145
v -34.473423 0.947493 20.146320
v -34.526264 0.947607 20.251633
v -34.526161 1.158374 20.251450
v -34.536942 0.947695 20.356998
v -34.526562 0.947783 20.462391
v -34.526447 1.158550 20.462215
v -34.473907 1.158611 20.567678
v -32.734322 1.631632 20.200891
v -32.523727 1.157259 20.148903
v -31.627972 1.156793 20.150167
v -31.207035 1.156934 20.572298
v -31.154196 1.156811 20.466984
v -33.336842 6.373587 19.479446
v -33.388874 7.796331 19.530874
v -32.229637 7.795725 19.532515
v -33.389629 6.320966 19.532112
v -32.206604 1.420031 19.537907
v -32.205261 3.000472 19.167740
v -32.206078 1.419724 19.169067
v -31.154001 0.945869 20.256401
v -31.207140 0.946167 20.572462
v -31.153896 1.156635 20.256216
v -31.132969 1.156714 20.361637
v -31.133074 0.945948 20.361813
v -31.154301 0.946044 20.467161
v -33.962414 0.315449 20.763601
v -33.935471 0.161001 20.611832
v -33.861710 0.160614 20.196808
v -33.834599 0.314772 20.044775
v -34.353401 0.314966 19.952530
v -34.343388 0.525679 19.896763
v -32.786510 3.370710 20.481773
v -32.405525 3.119028 20.351711
v -32.406834 2.357714 20.997580
v -32.787853 2.200131 20.997166
v -32.787704 2.106445 20.866421
v -33.168697 2.358100 20.996498
v -33.234715 2.291850 20.865641
v -33.326283 2.739131 20.995955
v -33.419689 2.739061 20.865000
v -33.168312 3.119968 20.995857
v -33.234249 3.186061 20.864883
v -32.787292 3.277569 20.996262
v -32.787052 3.371044 20.865358
v -32.406437 3.119573 20.996939
v -32.340054 3.185605 20.866148
v -32.786377 3.277033 20.351044
v -33.233711 3.185745 20.481289
v -33.167400 3.119424 20.350639
v -33.234169 2.291524 20.482037
v -33.167793 2.357565 20.351282
v -33.419144 2.738744 20.481405
v -33.325378 2.738586 20.350739
v -32.787170 2.106120 20.482826
v -32.786934 2.199586 20.351948
v -33.417843 8.029825 21.490747
v -32.153244 8.029176 21.492537
v -31.931414 8.534725 21.302734
v -32.156590 1.537578 21.497984
v -33.686062 8.504015 21.300285
v -33.733528 8.409187 21.300293
v -33.421188 1.538228 21.496199
v -33.232887 6.507406 21.110804
v -33.166512 6.573421 20.980017
v -32.404240 7.334893 20.980453
v -33.232433 7.401609 21.110050
v -32.785236 7.586574 21.110523
v -32.785095 7.492888 20.979788
v -33.324097 6.954442 20.979471
v -33.417862 6.954600 21.110163
v -33.166119 7.335279 20.979383
v -32.338772 7.401469 21.494909
v -32.153809 6.954275 21.495550
v -32.786011 7.493424 21.625023
v -32.405155 7.335429 21.625689
v -32.785774 7.586899 21.494118
v -33.325008 6.954987 21.624716
v -33.167042 7.335824 21.624619
v -33.232975 7.401926 21.493645
v -32.247570 6.954433 21.626236
v -32.405548 6.573569 21.626331
v -33.167427 6.573965 21.625259
v -33.233433 6.507731 21.494400
v -33.418404 6.954925 21.493757
v -32.339230 6.507266 21.495665
v -32.786560 6.415986 21.625927
v -32.786430 6.322300 21.495182
v -32.788742 2.200658 21.629467
v -32.788609 2.106972 21.498720
v -33.169201 3.120495 21.628157
v -32.787949 3.371571 21.497658
v -33.327179 2.739658 21.628254
v -33.420574 2.739596 21.497299
v -33.235146 3.186606 21.497183
v -33.169594 2.358636 21.628798
v -33.235611 2.292385 21.497940
v -33.234600 3.186281 21.113588
v -32.787407 3.371246 21.114063
v -33.168297 3.119951 20.982924
v -33.420036 2.739272 21.113705
v -33.326275 2.739114 20.983011
v -33.235065 2.292060 21.114336
v -33.168682 2.358100 20.983555
v -32.340870 2.291595 21.115610
v -32.788067 2.106647 21.115126
v -32.406807 2.357705 20.984634
v -32.787827 2.200122 20.984222
v -31.837526 8.408749 21.935270
v -32.153606 8.029395 21.745457
v -31.936111 1.158453 21.941225
v -33.421551 1.538439 21.749119
v -32.156952 1.537789 21.750902
v -33.418205 8.030045 21.743675
v -33.734425 8.409723 21.932592
v -33.686958 8.504541 21.932585
v -32.157486 1.538105 22.130283
v -33.422085 1.538755 22.128498
v -33.643322 1.159331 21.938808
v -33.418739 8.030361 22.123047
v -33.639515 8.536139 21.932617
v -32.154140 8.029712 22.124836
v -31.932310 8.535253 21.935034
v -33.738094 1.285844 21.938572
v -33.690723 1.190973 21.938721
v -32.153263 6.953950 21.111956
v -32.404636 6.573033 20.981096
v -32.338226 7.401144 21.111315
v -32.246658 6.953889 20.980989
v -32.339508 3.185288 20.482553
v -32.340405 3.185815 21.114853
v -32.248829 2.738560 20.984531
v -32.787273 3.277560 20.983326
v -32.406422 3.119564 20.983995
v -32.249741 2.739105 21.629774
v -32.407719 2.358241 21.629869
v -32.341408 2.291920 21.499195
v -32.407326 3.120100 21.629238
v -32.155987 2.738946 21.499088
v -32.788177 3.278096 21.628561
v -32.340950 3.186140 21.498440
v -32.155441 2.738622 21.115486
v -33.233326 7.402136 21.742350
v -32.786125 7.587101 21.742823
v -32.785992 7.493416 21.612078
v -32.339123 7.401680 21.743614
v -32.405136 7.335420 21.612753
v -32.154160 6.954486 21.744247
v -32.247555 6.954415 21.613298
v -32.339588 6.507476 21.744360
v -32.405525 6.573561 21.613386
v -32.786781 6.322512 21.743887
v -32.786545 6.415978 21.612982
v -33.233784 6.507933 21.743095
v -33.167408 6.573956 21.612316
v -33.418758 6.955136 21.742462
v -33.324989 6.954978 21.611771
v -33.167004 7.335815 21.611673
v -33.167927 7.336351 22.256891
v -32.786667 7.587427 22.126417
v -33.325897 6.955514 22.256989
v -33.233860 7.402462 22.125944
v -32.406040 7.335965 22.257971
v -32.248466 6.954961 22.258516
v -32.154694 6.954811 22.127850
v -32.406437 6.574105 22.258612
v -32.340126 6.507802 22.127964
v -32.787457 6.416523 22.258209
v -32.787319 6.322828 22.127481
v -33.168324 6.574501 22.257540
v -33.234325 6.508259 22.126690
v -33.419292 6.955452 22.126057
v -32.342304 2.292455 22.131495
v -32.789639 2.201194 22.261749
v -32.789494 2.107508 22.131020
v -33.170490 2.359172 22.261082
v -33.236496 2.292912 22.130239
v -33.328075 2.740194 22.260529
v -33.421471 2.740124 22.129599
v -33.170105 3.121031 22.260441
v -33.236038 3.187133 22.129482
v -32.788845 3.372098 22.129959
v -32.156326 2.739157 21.747793
v -32.249733 2.739096 21.616829
v -32.341759 2.292131 21.747910
v -32.407700 2.358232 21.616926
v -32.788952 2.107183 21.747425
v -32.788723 2.200649 21.616522
v -33.235962 2.292587 21.746634
v -33.169586 2.358627 21.615854
v -33.420925 2.739807 21.746002
v -33.327160 2.739649 21.615311
v -33.235497 3.186808 21.745888
v -33.169182 3.120486 21.615213
v -32.788303 3.371773 21.746372
v -32.788170 3.278087 21.615618
v -33.644207 1.159867 22.571093
v -33.422447 1.538966 22.381401
v -32.157848 1.538316 22.383184
v -31.937008 1.158989 22.573505
v -31.838421 8.409275 22.567553
v -33.640404 8.536666 22.564892
v -32.154503 8.029922 22.377731
v -31.885792 8.504147 22.567411
v -32.158382 1.538641 22.762554
v -31.889566 1.190577 22.573542
v -31.842102 1.285396 22.573534
v -31.933207 8.535788 22.567314
v -33.422981 1.539290 22.760773
v -32.155037 8.030247 22.757111
v -33.419624 8.030897 22.755327
v -33.691620 1.191508 22.571003
v -33.738991 1.286371 22.570856
v -33.735317 8.410259 22.564873
v -33.687855 8.505077 22.564856
v -33.419102 8.030572 22.375948
v -31.242847 0.313402 19.999899
v -31.255371 0.524125 19.944670
v -31.722000 0.159569 20.268223
v -31.627762 0.159868 20.679085
v -31.593195 0.314281 20.829344
v -31.768938 0.524494 20.062479
v -31.674700 0.524792 20.473333
v -31.592983 0.735814 20.828983
v -31.674480 0.946325 20.472980
v -31.756205 0.735295 20.117357
v -31.674919 0.103260 20.473694
v -31.161343 0.102891 20.355902
v -31.208422 0.159209 20.150423
v -31.756416 0.313771 20.117710
v -32.256004 2.742820 26.055798
v -32.347660 2.295644 25.925219
v -32.413586 3.123824 26.055252
v -32.347202 3.189864 25.924473
v -32.162239 2.742662 25.925106
v -32.794441 3.281820 26.054586
v -32.411407 7.339152 26.051723
v -32.253822 6.958148 26.052259
v -32.160061 6.957991 25.921568
v -32.411804 6.577293 26.052355
v -32.345490 6.510990 25.921680
v -32.792824 6.419710 26.051950
v -32.792683 6.326016 25.921207
v -33.173679 6.577688 26.051275
v -33.239685 6.511446 25.920424
v -33.331261 6.958702 26.050741
v -33.424648 6.958649 25.919783
v -33.173294 7.339539 26.050642
v -33.239227 7.405649 25.919670
v -32.792263 7.497149 26.051046
v -32.792034 7.590614 25.920143
v -32.345024 7.405184 25.920935
v -32.344490 7.404859 25.537338
v -32.410496 7.338608 25.406479
v -32.159515 6.957675 25.537981
v -32.252911 6.957603 25.407024
v -32.344948 6.510665 25.538086
v -32.410889 6.576749 25.407120
v -32.413971 2.361965 26.055895
v -32.794994 2.204382 26.055492
v -32.794853 2.110687 25.924746
v -33.175850 2.362360 26.054815
v -33.241863 2.296100 25.923954
v -33.333431 2.743373 26.054279
v -33.426826 2.743320 25.923323
v -33.175461 3.124210 26.054174
v -33.241398 3.190321 25.923208
v -32.794205 3.375286 25.923681
v -33.240860 3.189996 25.539614
v -32.793667 3.374970 25.540087
v -32.793530 3.281275 25.409351
v -32.346657 3.189539 25.540878
v -32.412663 3.123280 25.410019
v -32.161694 2.742345 25.541512
v -32.255089 2.742284 25.410563
v -32.347126 2.295319 25.541624
v -32.413067 2.361420 25.410662
v -32.794319 2.110362 25.541151
v -32.794079 2.203837 25.410257
v -33.241318 2.295784 25.540369
v -33.174946 2.361815 25.409580
v -33.426292 2.742995 25.539728
v -33.332520 2.742837 25.409044
v -33.174549 3.123675 25.408937
v -33.330349 6.958157 25.405495
v -33.172379 7.339003 25.405399
v -33.239140 6.511121 25.536821
v -33.424114 6.958324 25.536188
v -32.791912 6.419166 25.406715
v -33.172764 6.577135 25.406040
v -32.792141 6.325691 25.537611
v -30.896111 7.484810 26.574266
v -31.001415 7.642938 26.573986
v -31.212139 7.432189 26.468479
v -32.371510 7.116636 26.467110
v -31.212183 7.643043 26.573687
v -31.212032 7.642955 26.468302
v -31.001266 7.642841 26.468601
v -32.371662 7.116724 26.572493
v -31.159647 7.326867 26.574020
v -32.371880 6.695190 26.572844
v -31.212288 7.432276 26.573872
v -32.371731 6.695103 26.467461
v -30.886732 7.479224 19.935141
v -31.202654 7.637378 19.829170
v -30.992027 7.637352 19.934851
v -31.202793 7.637465 19.934551
v -32.362282 7.111146 19.933359
v -31.202898 7.426699 19.934736
v -31.150269 7.321290 19.934895
v -30.992044 7.321114 19.829731
v -33.424458 8.033760 26.169691
v -32.159859 8.033110 26.171482
v -31.938562 8.538976 26.361059
v -31.843779 8.412463 26.361305
v -32.163204 1.541504 26.176929
v -33.693211 8.508265 26.358599
v -33.645771 8.539854 26.358643
v -31.891148 8.507334 26.361156
v -33.744354 1.289559 26.364597
v -33.696980 1.194688 26.364746
v -33.649574 1.163055 26.364843
v -33.427803 1.542162 26.175144
v -32.160526 1.539914 24.280056
v -33.425125 1.540564 24.278273
v -31.841101 8.410873 24.464434
v -32.157181 8.031521 24.274611
v -31.844770 1.286994 24.470404
v -31.892244 1.192176 24.470421
v -33.421780 8.032170 24.272829
v -33.737995 8.411849 24.461744
v -32.161060 1.540230 24.659435
v -31.939686 1.160578 24.470377
v -33.646896 1.161457 24.467962
v -33.643093 8.538256 24.461771
v -33.741669 1.287960 24.467726
v -33.694302 1.193098 24.467875
v -33.690521 8.506667 24.461727
v -33.425659 1.540889 24.657654
v -33.422314 8.032486 24.652199
v -32.791492 7.590298 25.536558
v -31.888479 8.505745 24.464285
v -31.935884 8.537377 24.464186
v -32.157715 8.031837 24.653982
v -31.894926 1.193766 26.367292
v -31.942364 1.162177 26.367249
v -33.427177 2.743522 26.172028
v -33.333416 2.743364 26.041334
v -33.241749 3.190531 26.171913
v -33.175434 3.124202 26.041237
v -32.794556 3.375497 26.172388
v -32.794422 3.281802 26.041649
v -32.347553 3.190066 26.173178
v -32.413559 3.123815 26.042318
v -32.162582 2.742872 26.173811
v -32.255978 2.742811 26.042862
v -32.413952 2.361956 26.042959
v -30.895962 7.484714 26.468884
v -31.150120 7.321193 19.829512
v -30.991888 7.637264 19.829468
v -31.202759 7.426611 19.829355
v -32.362133 7.111050 19.827974
v -31.885546 1.188188 19.728249
v -31.932985 1.156591 19.728205
v -33.636837 8.534541 20.035746
v -33.683823 8.502680 19.719553
v -33.520355 8.239002 19.530321
v -31.929184 8.533400 19.722013
v -31.881779 8.501758 19.722109
v -32.044991 8.238247 19.532402
v -31.834398 8.406886 19.722250
v -31.838528 1.283271 20.044378
v -31.834846 8.407150 20.038399
v -31.838079 1.283007 19.728230
v -32.048557 1.325107 19.538206
v -32.205788 3.000780 19.536573
v -33.417694 3.001403 19.534861
v -33.417168 3.001096 19.166019
v -33.640640 1.157742 20.041937
v -33.640194 1.157478 19.725788
v -33.523922 1.325863 19.536125
v -33.687599 1.189111 19.725691
v -33.684280 8.502952 20.035702
v -33.636383 8.534278 19.719597
v -33.731747 8.408134 20.035721
v -33.731297 8.407862 19.719572
v -33.734978 1.283982 19.725552
v -33.735416 1.284245 20.041700
v -32.403362 7.334366 20.361116
v -32.336987 7.400406 20.230337
v -32.245789 6.953371 20.361662
v -32.152016 6.953212 20.230970
v -32.403759 6.572507 20.361757
v -32.337448 6.506203 20.231083
v -32.247959 2.738042 20.365202
v -32.154194 2.737884 20.234509
v -32.405937 2.357178 20.365299
v -32.339626 2.290857 20.234623
v -32.786957 2.199604 20.364895
v -32.786816 2.105909 20.234148
v -33.167812 2.357573 20.364218
v -33.233818 2.291322 20.233358
v -33.325394 2.738595 20.363674
v -33.418793 2.738533 20.232727
v -33.167419 3.119432 20.363577
v -33.233360 3.185534 20.232611
v -32.786396 3.277033 20.363989
v -32.786167 3.370508 20.233076
v -31.001574 7.326779 26.574247
v -31.159498 7.326779 26.468647
v -31.001425 7.326700 26.468874
v -30.886583 7.479136 19.829750
v -30.992193 7.321210 19.935123
v -33.103336 1.157548 20.148077
v -33.946507 0.947221 20.147066
v -31.628075 0.946027 20.150343
v -32.892395 1.631711 20.200670
v -32.892841 1.631975 20.516821
v -31.628567 1.157144 20.571701
v -31.628674 0.946378 20.571875
v -33.103924 1.157908 20.569609
v -33.946991 1.158339 20.568424
v -33.946400 1.157987 20.146891
v -34.536839 1.158471 20.356823
v -32.362499 6.689614 19.933718
v -32.362350 6.689526 19.828327
v -31.206543 0.945807 20.150940
v -31.206440 1.156574 20.150764
v -33.947105 0.947572 20.568600
v -34.474010 0.947845 20.567852
v -32.784225 7.492362 20.360451
v -32.784779 6.414924 20.361355
v -32.784641 6.321238 20.230610
v -33.165634 6.572902 20.360680
v -33.231647 6.506669 20.229818
v -33.323219 6.953924 20.360136
v -33.416615 6.953862 20.229177
v -33.165249 7.334761 20.360037
v -33.231182 7.400863 20.229073
v -32.783989 7.585836 20.229546
v -32.405540 3.119037 20.364658
v -32.339169 3.185077 20.233868
v -31.089016 0.894240 26.074154
v -31.209635 0.950638 25.901281
v -31.762352 0.894547 26.030130
v -31.850750 0.740205 25.903757
v -31.330315 0.894073 25.728514
v -31.883192 0.529421 25.857616
v -31.418715 0.739731 25.602123
v -31.850971 0.318672 25.904108
v -31.762730 0.164426 26.030735
v -31.418934 0.318198 25.602476
v -31.000765 0.740020 26.200787
v -31.433039 0.318962 26.502773
v -31.089384 0.164119 26.074766
v -31.210066 0.107572 25.901991
v -31.330694 0.163952 25.729128
v -31.641689 0.951112 26.202904
v -31.642118 0.108046 26.203615
v -31.521069 0.894714 26.375769
v -31.641909 0.529588 26.203257
v -31.400608 0.529746 26.548904
v -31.432817 0.740495 26.502413
v -31.521446 0.164602 26.376385
v -31.885994 1.188452 20.044390
v -32.154808 1.536515 20.233412
v -31.882227 8.502021 20.038260
v -31.929632 8.533663 20.038162
v -33.688046 1.189374 20.041842
v -31.933434 1.156863 20.044353
v -33.416061 8.028771 20.226175
v -33.419399 1.537165 20.231619
v -32.151463 8.028112 20.227957
v -32.524326 1.157601 20.570436
v -32.734776 1.631896 20.517040
v -32.793037 6.326227 26.169910
v -32.792797 6.419693 26.039007
v -33.240036 6.511657 26.169128
v -33.173660 6.577671 26.038340
v -33.425011 6.958851 26.168489
v -33.331245 6.958693 26.037804
v -33.173267 7.339530 26.037699
v -33.239578 7.405851 26.168373
v -32.792377 7.590826 26.168848
v -32.792244 7.497131 26.038103
v -32.345375 7.405395 26.169638
v -32.411392 7.339135 26.038778
v -32.348019 2.295854 26.173923
v -32.795204 2.110898 26.173450
v -32.794975 2.204373 26.042545
v -33.242214 2.296311 26.172659
v -33.175831 2.362342 26.041880
v -32.160412 6.958201 26.170279
v -32.345840 6.511200 26.170385
v -32.411785 6.577276 26.039419
v -32.253807 6.958139 26.039324
v -31.847448 1.288584 26.367275
v -31.847906 1.288848 26.683426
v -31.893141 1.192703 25.102695
v -31.845667 1.287521 25.102686
v -32.161957 1.540766 25.291710
v -32.158611 8.032364 25.286263
v -31.936779 8.537912 25.096460
v -33.738892 8.412375 25.094019
v -33.426556 1.541416 25.289925
v -33.423199 8.033022 25.284473
v -33.643978 8.538791 25.094053
v -33.647781 1.161992 25.100245
v -33.695194 1.193625 25.100147
v -33.742565 1.288496 25.099998
v -33.691418 8.507203 25.094000
v -33.426022 1.541091 24.910545
v -33.422676 8.032697 24.905094
v -31.940582 1.161114 25.102652
v -32.161423 1.540441 24.912329
v -33.174564 3.123683 25.421883
v -33.240501 3.189785 25.290909
v -32.793308 3.374759 25.291386
v -33.174961 2.361824 25.422523
v -33.332535 2.742846 25.421980
v -33.425941 2.742785 25.291025
v -32.794098 2.203855 25.423193
v -32.793964 2.110160 25.292446
v -33.240967 2.295573 25.291666
v -32.413074 2.361438 25.423595
v -32.255108 2.742293 25.423500
v -32.346771 2.295108 25.292931
v -32.410908 6.576758 25.420055
v -32.344597 6.510454 25.289381
v -32.791927 6.419175 25.419653
v -32.791786 6.325489 25.288908
v -33.238789 6.510920 25.288124
v -32.252937 6.957622 25.419960
v -32.410511 7.338617 25.419424
v -32.159164 6.957463 25.289268
v -33.172783 6.577153 25.418985
v -33.423763 6.958114 25.287483
v -33.330364 6.958175 25.418442
v -33.238331 7.405114 25.287371
v -33.172398 7.339012 25.418344
v -32.791138 7.590087 25.287844
v -32.791367 7.496613 25.418747
v -32.344139 7.404657 25.288635
v -32.346230 2.294792 24.909336
v -32.412170 2.360893 24.778378
v -32.793194 2.203310 24.777973
v -32.793423 2.109835 24.908859
v -33.240421 2.295248 24.908072
v -32.160797 2.741810 24.909220
v -32.345764 3.189003 24.908579
v -32.254192 2.741748 24.778282
v -32.411777 3.122744 24.777746
v -32.792763 3.374434 24.907797
v -32.792633 3.280748 24.777069
v -33.425396 2.742460 24.907429
v -33.239964 3.189469 24.907314
v -33.173653 3.123139 24.776665
v -33.174049 2.361289 24.777306
v -33.331631 2.742301 24.776762
v -32.158619 6.957138 24.905682
v -32.252026 6.957077 24.774744
v -32.409996 6.576213 24.774839
v -32.344059 6.510138 24.905794
v -32.791016 6.418630 24.774435
v -32.791245 6.325164 24.905321
v -33.171871 6.576609 24.773767
v -32.343594 7.404332 24.905039
v -32.790604 7.589763 24.904259
v -32.409599 7.338073 24.774208
v -33.171482 7.338468 24.773127
v -32.790455 7.496068 24.773531
v -33.237789 7.404788 24.903776
v -33.329460 6.957630 24.773224
v -33.238243 6.510594 24.904530
v -33.423218 6.957788 24.903889
v -33.238682 7.405325 25.536074
v -32.791359 7.496604 25.405811
v -31.451139 0.528938 25.555992
v -31.209846 0.529105 25.901630
v -33.926899 0.530536 25.937569
v -33.838280 0.165585 26.129013
v -32.787800 7.494488 22.889595
v -32.787563 7.587962 22.758701
v -33.326794 6.956049 22.889288
v -33.420189 6.955988 22.758331
v -33.168816 7.336887 22.889191
v -33.234756 7.402988 22.758217
v -32.406937 7.336492 22.890272
v -32.340553 7.402532 22.759481
v -32.249355 6.955496 22.890808
v -32.155590 6.955338 22.760122
v -32.407333 6.574633 22.890911
v -32.341030 6.508329 22.760237
v -32.788345 6.417050 22.890499
v -32.788216 6.323364 22.759762
v -33.169209 6.575028 22.889832
v -33.235214 6.508794 22.758972
v -32.409512 2.359312 22.894451
v -32.790524 2.201721 22.894047
v -32.790390 2.108035 22.763302
v -33.171387 2.359699 22.893370
v -33.237392 2.293448 22.762510
v -33.328968 2.740721 22.892826
v -33.422367 2.740659 22.761871
v -33.170990 3.121558 22.892738
v -33.236927 3.187660 22.761755
v -32.789734 3.372633 22.762230
v -33.421822 2.740334 22.378277
v -33.328056 2.740185 22.247591
v -33.236389 3.187343 22.378160
v -33.170078 3.121014 22.247486
v -33.236847 2.293123 22.378916
v -32.342655 2.292666 22.380180
v -32.408596 2.358768 22.249207
v -32.789848 2.107710 22.379698
v -32.789612 2.201185 22.248802
v -33.170475 2.359154 22.248127
v -32.787678 6.323039 22.376167
v -32.787441 6.416514 22.245264
v -33.234676 6.508469 22.375378
v -33.168297 6.574483 22.244596
v -33.419651 6.955663 22.374735
v -33.325878 6.955505 22.244053
v -33.234215 7.402672 22.374630
v -33.167912 7.336342 22.243956
v -32.787022 7.587638 22.375095
v -32.786888 7.493952 22.244360
v -32.340019 7.402207 22.375887
v -32.406025 7.335947 22.245028
v -32.155052 6.955013 22.376528
v -32.248440 6.954952 22.245573
v -32.340485 6.508013 22.376642
v -32.406422 6.574097 22.245668
v -32.789200 3.372308 22.378645
v -32.789059 3.278623 22.247898
v -32.789970 3.279167 22.893143
v -32.342735 3.187203 22.763020
v -31.079380 0.735445 20.711174
v -31.208054 0.889322 20.149807
v -31.580452 0.525082 20.884214
v -31.627375 0.889980 20.678471
v -31.113806 0.889620 20.560659
v -31.160912 0.945956 20.355190
v -31.721621 0.889691 20.267618
v -31.242628 0.734935 19.999538
v -32.788803 7.588700 23.639677
v -33.236004 7.403726 23.639202
v -32.788670 7.495005 23.508932
v -33.421436 6.956726 23.639318
v -33.169693 7.337405 23.508528
v -33.236462 6.509532 23.639957
v -33.327671 6.956577 23.508625
v -32.789463 6.324101 23.640739
v -33.170086 6.575546 23.509169
v -32.342266 6.509075 23.641214
v -32.408211 6.575160 23.510248
v -32.789234 6.417567 23.509836
v -32.790005 6.324426 24.024336
v -32.790138 6.418112 24.155071
v -33.237007 6.509857 24.023544
v -33.171001 6.576090 24.154404
v -33.170605 7.337950 24.153763
v -32.789345 7.589025 24.023272
v -33.328583 6.957112 24.153858
v -33.421970 6.957051 24.022913
v -33.236538 7.404051 24.022789
v -32.411293 2.360375 24.159025
v -32.792175 2.109098 24.027874
v -32.792316 2.202783 24.158621
v -33.239174 2.294511 24.027082
v -33.173168 2.360761 24.157953
v -33.330753 2.741784 24.157400
v -33.424149 2.741722 24.026451
v -33.238720 3.188722 24.026346
v -33.172783 3.122621 24.157301
v -32.791523 3.373696 24.026812
v -32.791763 3.280230 24.157705
v -32.410900 3.122235 24.158382
v -32.344524 3.188266 24.027603
v -32.344437 2.293729 23.644753
v -32.410378 2.359831 23.513788
v -32.791401 2.202247 23.513386
v -32.791641 2.108773 23.644279
v -33.238640 2.294185 23.643488
v -33.172256 2.360226 23.512709
v -33.423603 2.741397 23.642857
v -33.329849 2.741239 23.512165
v -33.171871 3.122076 23.512066
v -33.238182 3.188406 23.642742
v -32.790981 3.373371 23.643217
v -32.790848 3.279677 23.512470
v -32.251144 6.956559 24.155388
v -32.409126 6.575695 24.155483
v -32.157383 6.956401 24.024704
v -32.342804 6.509391 24.024809
v -32.408730 7.337554 24.154842
v -32.342346 7.403594 24.024061
v -32.341801 7.403270 23.640467
v -32.156837 6.956076 23.641100
v -32.407818 7.337010 23.509607
v -32.250233 6.956015 23.510153
v -32.409985 3.121690 23.513147
v -31.841997 8.411401 25.096697
v -31.889366 8.506271 25.096558
v -32.158073 8.032047 24.906883
v -31.934092 8.536315 23.199606
v -31.886686 8.504683 23.199701
v -31.839308 8.409811 23.199850
v -33.419987 8.031107 23.008247
v -32.155396 8.030457 23.010031
v -33.736214 8.410786 23.197165
v -33.645103 1.160394 23.203392
v -31.842989 1.285923 23.205833
v -33.688740 8.505604 23.197157
v -33.739887 1.286906 23.203156
v -33.692516 1.192035 23.203304
v -32.155922 8.030774 23.389410
v -33.641300 8.537193 23.197191
v -33.423866 1.539826 23.393072
v -32.159279 1.539168 23.394863
v -33.420521 8.031424 23.387627
v -31.890463 1.191113 23.205841
v -31.937893 1.159516 23.205797
v -32.158745 1.538851 23.015484
v -33.423332 1.539501 23.013693
v -23.244246 10.426475 -5.657710
v -23.354326 10.508946 -5.657929
v -23.354546 10.077385 -5.657569
v -23.600765 10.159917 -5.657991
v -23.422501 10.293200 -5.656436
v -23.600624 10.426659 -5.658210
v -23.642725 10.293315 -5.658157
v -23.490419 10.509017 -5.658123
v -23.334671 10.571483 -5.822081
v -23.193213 10.465036 -5.821791
v -23.202267 10.293086 -5.657534
v -23.139248 10.292911 -5.821572
v -23.244385 10.159733 -5.657482
v -23.193398 10.120854 -5.821502
v -23.334963 10.014549 -5.821616
v -23.490639 10.077445 -5.657762
v -23.509853 10.014637 -5.821861
v -23.651287 10.121082 -5.822151
v -23.705261 10.293209 -5.822371
v -23.651112 10.465265 -5.822442
v -23.509563 10.571570 -5.822327
v -22.505465 16.779686 -5.825305
v -22.502575 22.364988 -5.829995
v -22.508345 11.194377 -5.820614
v -22.508759 11.194621 -5.525542
v -22.505877 16.779932 -5.530232
v -30.724293 16.444304 -5.836634
v -30.729931 5.500090 -5.827446
v -30.727119 10.972201 -5.832040
v -31.045982 5.613456 -5.827991
v -31.048864 0.028172 -5.823301
v -31.049276 0.028418 -5.528228
v -31.040222 16.784079 -5.837371
v -31.037342 22.369379 -5.842052
v -31.046406 5.613711 -5.532918
v -31.043104 11.198768 -5.832672
v -31.040644 16.784323 -5.542298
v -30.721895 21.916653 -5.546154
v -30.733170 0.028260 -5.527780
v -30.730352 5.500345 -5.532373
v -30.727533 10.972447 -5.536967
v -31.043524 11.199014 -5.537599
v -30.724714 16.444550 -5.541560
v -23.336771 11.667924 -5.625709
v -23.135384 11.613046 -5.822802
v -23.146669 11.398090 -5.625207
v -23.067921 11.397881 -5.822520
v -23.199343 11.231400 -5.625146
v -23.135603 11.182784 -5.822442
v -23.337044 11.128449 -5.625252
v -23.312550 11.049932 -5.822582
v -23.531176 11.050035 -5.822889
v -23.708000 11.183083 -5.823249
v -23.775446 11.398249 -5.823530
v -23.707783 11.613344 -5.823609
v -23.530815 11.746198 -5.823469
v -23.312191 11.746092 -5.823161
v -23.199165 11.564806 -5.625427
v -23.507202 11.128538 -5.625498
v -23.644796 11.231629 -5.625779
v -23.421972 11.398231 -5.623917
v -23.506922 11.668012 -5.625946
v -23.644621 11.565044 -5.626060
v -23.697296 11.398372 -5.625989
v -23.056749 11.398609 -5.254197
v -23.142963 11.398547 -5.381035
v -23.126654 11.620704 -5.254487
v -23.196392 11.569857 -5.381254
v -23.196568 11.227283 -5.380964
v -23.336735 11.121486 -5.381070
v -23.536860 11.039515 -5.254575
v -23.509924 11.121573 -5.381316
v -23.649971 11.227519 -5.381606
v -23.789989 11.398987 -5.255234
v -23.703400 11.398837 -5.381825
v -23.719856 11.621012 -5.255322
v -23.649796 11.570093 -5.381896
v -23.509644 11.675872 -5.381782
v -23.527998 11.733938 -5.168969
v -23.536482 11.758168 -5.255181
v -23.697630 11.191952 -5.168749
v -23.762184 11.399039 -5.169013
v -23.720085 11.176866 -5.254952
v -23.310286 11.039402 -5.254259
v -23.149574 11.191671 -5.167976
v -23.126883 11.176558 -5.254109
v -23.309906 11.758054 -5.254856
v -23.336454 11.675784 -5.381545
v -23.423626 11.398952 -5.069873
v -23.343330 11.655278 -5.100962
v -23.318663 11.733825 -5.168670
v -23.213781 11.557272 -5.100689
v -23.164339 11.398793 -5.100496
v -23.149355 11.605766 -5.168319
v -23.084755 11.398697 -5.168056
v -23.213945 11.240341 -5.100426
v -23.343603 11.142466 -5.100531
v -23.319006 11.063781 -5.168108
v -23.528339 11.063885 -5.168398
v -23.633249 11.557483 -5.101286
v -23.697409 11.606047 -5.169092
v -23.503557 11.655367 -5.101181
v -23.503820 11.142545 -5.100760
v -23.633415 11.240560 -5.101023
v -23.682821 11.399056 -5.101225
v -23.455730 11.506161 -5.325102
v -23.455238 11.505986 -5.684521
v -23.390156 11.505950 -5.684424
v -23.318066 11.398679 -5.324813
v -23.317432 11.398380 -5.684231
v -23.338184 11.332296 -5.324786
v -23.337597 11.331910 -5.684205
v -23.390797 11.291293 -5.324830
v -23.390261 11.290863 -5.684248
v -23.455835 11.291328 -5.324918
v -23.455355 11.290898 -5.684336
v -23.508423 11.332385 -5.325032
v -23.507999 11.331997 -5.684451
v -23.528498 11.398793 -5.325111
v -23.528111 11.398486 -5.684538
v -23.508352 11.465150 -5.325147
v -23.507931 11.464931 -5.684556
v -22.511637 5.609311 -5.520852
v -22.511215 5.609065 -5.815925
v -22.514519 0.024027 -5.516162
v -22.514105 0.023781 -5.811234
v -22.822159 16.440485 -5.530390
v -22.821747 16.440239 -5.825463
v -22.818918 21.912342 -5.830056
v -22.830202 0.023939 -5.811683
v -22.830624 0.024185 -5.516609
v -22.824564 10.968136 -5.820869
v -22.827383 5.496024 -5.816276
v -22.827805 5.496270 -5.521203
v -30.721464 21.916409 -5.841226
v -22.819338 21.912586 -5.534991
v -22.824976 10.968382 -5.525796
v -22.502996 22.365234 -5.534922
v -31.037764 22.369635 -5.546979
v -30.732758 0.028005 -5.822853
v -34.978527 11.274549 19.241051
v -34.984287 0.103927 19.250431
v -34.762112 22.234262 19.232155
v -34.750565 22.227402 11.064963
v -34.741711 22.222132 4.794697
v -34.961330 22.227507 11.064665
v -34.972878 22.234377 19.231855
v -34.972782 22.128904 19.126560
v -34.741108 22.538019 4.478275
v -34.773521 0.103821 19.250729
v -34.767757 11.274443 19.241350
v -34.768208 11.274706 19.557501
v -34.762394 22.550684 19.548040
v -34.747360 11.262304 4.803893
v -34.753117 0.091693 4.813273
v -34.752670 0.091429 4.497123
v -33.111370 1.162335 25.838743
v -33.954552 0.951999 25.837734
v -34.481468 0.952271 25.836987
v -34.964035 0.091886 4.918358
v -34.958126 11.262418 4.803594
v -34.963886 0.091798 4.812974
v -34.952477 22.222248 4.794399
v -34.958275 11.262498 4.908978
v -35.385357 0.091754 4.495955
v -35.379597 11.262365 4.486576
v -35.373783 22.538343 4.477108
v -34.746918 11.262041 4.487743
v -34.750404 22.543552 11.064700
v -35.383091 22.543877 11.063549
v -35.395069 22.551010 19.546890
v -34.978374 11.274460 19.135677
v -34.984138 0.103839 19.145048
v -35.400887 11.275032 19.556349
v -35.406643 0.104410 19.565729
v -34.773968 0.104085 19.566879
v -31.934988 8.536850 23.831888
v -33.646000 1.160930 23.835663
v -31.938789 1.160051 23.838079
v -32.156818 8.031309 24.021692
v -31.840204 8.410337 23.832134
v -33.689636 8.506140 23.829428
v -33.421417 8.031960 24.019899
v -33.424763 1.540353 24.025354
v -32.160164 1.539703 24.027145
v -31.843874 1.286459 23.838104
v -33.737103 8.411312 23.829447
v -33.420883 8.031634 23.640520
v -33.642197 8.537728 23.829472
v -31.887583 8.505209 23.831985
v -33.740780 1.287442 23.835426
v -32.159630 1.539378 23.647758
v -32.156284 8.030984 23.642311
v -33.424229 1.540037 23.645966
v -33.693405 1.192562 23.835567
v -35.172539 22.122238 11.064199
v -35.163822 22.117056 4.899299
v -34.961391 22.122131 11.064754
v -34.952679 22.116951 4.899870
v -35.183929 22.129011 19.126007
v -31.162230 1.161597 26.157667
v -31.162344 0.950831 26.157854
v -31.054081 7.400495 26.468750
v -31.044842 7.395005 19.934999
v -31.104445 7.419735 19.934895
v -31.113605 7.544431 26.468550
v -31.044762 7.563610 19.934860
v -31.104383 7.538941 19.934799
v -31.113667 7.425207 26.468647
v -31.138344 7.484836 26.468567
v -31.129114 7.479347 19.934807
v -30.969728 7.484757 26.468803
v -30.994459 7.425137 26.468813
v -30.985229 7.419673 19.935072
v -30.960501 7.479259 19.935053
v -31.053993 7.569108 26.468611
v -30.994398 7.544369 26.468716
v -30.985168 7.538888 19.934965
v -34.353184 0.736498 19.952169
v -33.834389 0.736305 20.044422
v -32.343979 3.187941 23.644009
v -32.252403 2.740685 23.513691
v -32.159016 2.740747 23.644640
v -32.789585 7.495550 24.154175
v -32.253315 2.741230 24.158926
v -32.159550 2.741072 24.028242
v -32.344982 2.294045 24.028347
v -31.891359 1.191640 23.838121
v -31.162045 0.950655 25.947079
v -31.214588 0.950585 25.841606
v -31.214483 1.161351 25.841433
v -34.534599 0.952570 26.153084
v -34.481953 1.163389 26.258345
v -34.534195 1.163152 25.942142
v -34.534302 0.952385 25.942310
v -34.544987 0.952482 26.047684
v -34.544884 1.163248 26.047508
v -34.534492 1.163327 26.152901
v -32.742809 1.636674 26.207735
v -32.900436 1.636489 25.891356
v -31.636007 1.161571 25.840834
v -32.532360 1.162388 26.261095
v -34.482056 0.952622 26.258520
v -33.955032 1.163117 26.259083
v -31.636707 0.951165 26.262543
v -33.955139 0.952359 26.259266
v -31.636604 1.161931 26.262367
v -31.215073 1.161711 26.262955
v -31.215185 0.950945 26.263140
v -32.531765 1.162036 25.839560
v -32.742363 1.636410 25.891584
v -31.636120 0.950804 25.841009
v -31.141109 0.950725 26.052496
v -31.161940 1.161422 25.946901
v -31.141012 1.161501 26.052322
v -33.954437 1.162765 25.837559
v -34.481354 1.163037 25.836811
v -33.111969 1.162686 26.260277
v -32.900887 1.636761 26.207506
v -32.342197 3.186878 22.379425
v -32.408203 3.120627 22.248566
v -32.157223 2.739684 22.380066
v -32.250622 2.739623 22.249111
v -32.409115 3.121172 22.893810
v -32.157768 2.740009 22.763662
v -32.789074 3.278632 22.260834
v -32.341846 3.186667 22.130739
v -32.251534 2.740167 22.894354
v -32.343197 2.292982 22.763775
v -32.338692 6.506950 21.112068
v -32.785889 6.321976 21.111588
v -32.785656 6.415442 20.980682
v -31.884905 8.503611 21.935131
v -31.888672 1.190042 21.941269
v -31.841206 1.284860 21.941250
v -33.173668 3.123148 24.789612
v -32.792648 3.280757 24.790012
v -32.792419 3.374223 24.659111
v -33.331650 2.742319 24.789698
v -33.239613 3.189258 24.658638
v -33.174065 2.361297 24.790243
v -33.425045 2.742258 24.658741
v -32.793213 2.203319 24.790909
v -33.240082 2.295038 24.659382
v -32.412189 2.360902 24.791323
v -32.345875 2.294581 24.660656
v -32.793068 2.109633 24.660173
v -32.791031 6.418648 24.787378
v -32.790901 6.324954 24.656633
v -33.237904 6.510384 24.655844
v -33.171886 6.576617 24.786711
v -33.422874 6.957577 24.655212
v -33.329472 6.957639 24.786158
v -33.171501 7.338476 24.786062
v -32.790478 7.496086 24.786467
v -33.237434 7.404587 24.655096
v -32.790241 7.589552 24.655571
v -32.409615 7.338081 24.787142
v -32.343243 7.404121 24.656361
v -32.345333 2.294256 24.277052
v -32.792290 2.202775 24.145674
v -32.792526 2.109308 24.276579
v -33.239536 2.294713 24.275787
v -33.239067 3.188933 24.275043
v -32.791737 3.280212 24.144770
v -33.172764 3.122612 24.144365
v -33.424500 2.741933 24.275146
v -33.173153 2.360753 24.145006
v -33.330738 2.741775 24.144463
v -32.157730 6.956612 24.273399
v -32.251129 6.956550 24.142445
v -32.343163 6.509603 24.273514
v -32.409100 6.575686 24.142548
v -32.790119 6.418103 24.142136
v -32.790356 6.324637 24.273039
v -33.237358 6.510068 24.272249
v -33.170982 6.576081 24.141468
v -33.328568 6.957103 24.140924
v -33.422321 6.957261 24.271618
v -33.170589 7.337941 24.140827
v -33.236893 7.404262 24.271502
v -32.789707 7.589236 24.271976
v -32.789566 7.495542 24.141232
v -32.408710 7.337545 24.141909
v -32.342697 7.403796 24.272766
v -32.250637 2.739640 22.262047
v -32.408615 2.358777 22.262152
v -32.156872 2.739474 22.131388
v -32.408218 3.120636 22.261511
v -32.786907 7.493960 22.257303
v -32.339668 7.401996 22.127209
v -32.341301 3.186351 21.747152
v -32.407307 3.120091 21.616295
v -30.968554 0.529272 26.247271
v -31.000986 0.318479 26.201139
v -32.412689 3.123288 25.422956
v -32.161343 2.742135 25.292807
v -32.793545 3.281284 25.422287
v -32.346306 3.189328 25.292173
v -31.066885 0.524713 20.766403
v -31.079599 0.313921 20.711525
v -31.114183 0.159508 20.561275
v -31.161123 0.524424 20.355549
v -32.254211 2.741757 24.791225
v -32.160446 2.741599 24.660534
v -32.411797 3.122761 24.790682
v -32.345421 3.188793 24.659891
v -32.253300 2.741221 24.145983
v -32.791878 3.373907 24.275517
v -32.344875 3.188477 24.276297
v -32.410881 3.122217 24.145447
v -32.252041 6.957086 24.787687
v -32.410011 6.576222 24.787783
v -32.158268 6.956928 24.656994
v -32.343700 6.509927 24.657108
v -23.390684 11.506126 -5.325006
v -23.337526 11.464842 -5.684319
v -23.338116 11.465062 -5.324901
v -32.159901 2.741283 24.276937
v -32.411274 2.360358 24.146088
v 1.374513 9.006683 23.077633
v 1.549801 9.308958 24.996943
v 1.371703 9.309196 25.174532
v 2.085868 9.006324 23.078644
v 2.085991 9.138062 23.045738
v 0.001484 9.309152 24.283428
v 0.003311 8.517451 22.703348
v 2.267223 9.307983 24.286634
v 2.264580 8.518935 25.868040
v -0.001159 8.520103 25.864845
v 1.548940 9.581145 25.708069
v 2.266819 8.517610 24.287302
v 2.269252 8.911470 22.706221
v 1.552813 9.226988 22.839520
v 1.374223 9.265444 23.379591
v 0.001080 8.518777 24.284096
v -0.000746 9.310477 25.864178
v 2.269050 8.516283 22.706553
v 0.003522 8.912639 22.703014
v 1.550811 9.308352 24.285625
v 1.549985 9.664618 24.996635
v 1.904468 9.309362 25.708797
v 1.906778 9.653227 24.199886
v 2.085578 9.265084 23.380602
v 1.905469 9.308765 24.997444
v 2.083154 9.486670 25.175383
v 2.082566 9.309126 25.531202
v 1.904600 9.580960 25.708570
v 1.374074 9.092905 23.422710
v 1.374627 9.138431 23.044735
v 1.551109 9.653413 24.199387
v 1.551698 9.135937 23.595503
v 1.551996 9.480996 23.509283
v 1.908481 9.226804 22.840021
v 1.907665 9.480812 23.509792
v 2.083066 9.308826 25.175531
v 2.082636 9.444921 25.531086
v 1.371800 9.487038 25.174383
v 1.371273 9.445289 25.530087
v 1.371202 9.309494 25.530199
v 1.905653 9.664433 24.997145
v 1.907366 9.135753 23.596014
v 2.085428 9.092546 23.423721
v 1.548800 9.309546 25.708288
v 1.908244 8.963310 22.905851
v 1.552585 8.963494 22.905340
v 1.906479 9.308177 24.286125
v 2.264993 9.309319 25.867382
v -23.815273 10.607260 -5.821967
v -23.816360 8.489865 -5.820193
v -29.754143 5.109698 -5.825743
v -23.818098 5.106642 -5.817347
v -23.819847 1.723419 -5.814510
v -22.776211 21.965015 -5.830038
v -29.755880 1.726475 -5.822897
v -30.775412 0.028031 -5.822915
v -29.748260 16.517292 -5.835316
v -22.783157 8.489329 -5.818735
v -30.769958 10.610844 -5.831794
v -30.771048 8.493440 -5.830019
v -29.752396 8.492912 -5.828579
v -29.756762 0.027505 -5.821474
v -29.746311 20.306898 -5.838495
v -23.809406 21.965542 -5.831505
v -29.745451 21.968597 -5.839891
v -30.764101 21.969124 -5.841332
v -30.764954 20.307415 -5.839935
v -30.766911 16.517818 -5.836757
v -30.768869 12.728237 -5.833577
v -22.784906 5.106106 -5.815889
v -30.772795 5.110216 -5.827174
v -29.751307 10.610315 -5.830363
v -29.750210 12.727711 -5.832137
v -22.779020 16.513708 -5.825471
v -22.777063 20.303307 -5.828650
v -23.810266 20.303843 -5.830108
v -23.812216 16.514235 -5.826930
v -23.814175 12.724664 -5.823741
v -22.780981 12.724128 -5.822283
v -23.820726 0.024448 -5.813078
v -22.787523 0.023922 -5.811621
v -22.786644 1.722883 -5.813053
v -30.774544 1.726993 -5.824337
v -22.782068 10.606733 -5.820509
v -17.067093 4.281544 -14.675114
v -13.258307 8.344242 -18.275188
v -15.031431 6.071837 -14.876273
v -16.283728 4.280218 -15.770054
v -16.285009 1.790609 -15.767964
v -11.996166 6.066709 -19.118746
v -12.174738 7.278606 -19.247963
v -13.577503 8.325079 -19.553135
v -13.217190 7.912346 -20.056709
v -13.578039 7.279072 -19.552258
v -16.127329 8.495555 -15.663258
v -14.077564 1.786876 -18.853399
v -15.049996 2.699574 -14.885485
v -15.877782 2.700980 -13.728465
v -10.036259 2.489239 -11.298204
v -10.036697 1.646173 -11.297503
v -7.829235 1.642440 -14.382920
v -10.151873 2.699996 -11.381177
v -10.864043 2.490635 -10.141176
v -10.979658 2.701393 -10.224148
v -12.623715 7.066971 -20.560240
v -13.030924 6.646123 -19.991013
v -10.924042 6.653377 -10.057819
v -10.862199 6.168509 -10.144197
v -10.863183 4.282149 -10.142599
v -16.879854 4.281640 -14.447161
v -13.919885 8.491831 -18.748693
v -13.423197 8.490988 -19.442940
v -13.335842 8.196889 -19.890896
v -12.605432 6.776412 -20.911665
v -12.468907 6.535277 -21.102455
v -12.968196 7.956730 -20.078848
v -6.529535 7.067480 -16.200211
v -12.210131 5.701555 -21.137335
v -12.377777 1.639313 -20.902515
v -16.778316 8.330472 -15.079233
v -12.226033 2.485137 -17.529585
v -11.475346 2.483732 -18.741791
v -16.778852 7.284482 -15.078355
v -16.281637 8.329629 -15.773454
v -13.002559 7.280003 -18.090937
v -12.823987 6.068113 -17.961708
v -9.960690 0.065433 -11.241158
v -11.395535 0.067857 -9.235619
v -10.114303 1.646164 -11.352968
v -7.828805 2.485506 -14.383633
v -7.000967 2.484110 -15.540723
v -7.001406 1.641044 -15.540020
v -12.303113 7.820628 -19.602850
v -12.039041 7.017160 -19.675381
v -16.900017 8.365134 -14.583220
v -16.624008 8.496398 -14.969037
v -17.068375 1.791926 -14.673024
v -6.295040 6.961701 -16.527962
v -12.389211 6.961184 -20.887964
v -13.291089 6.066682 -19.952618
v -17.565819 1.648078 -13.651992
v -17.676998 0.067514 -13.496411
v -17.763500 4.282720 -13.701136
v -17.764862 1.648140 -13.698922
v -16.881197 1.647060 -14.444965
v -14.076282 4.276494 -18.855492
v -14.075360 6.068008 -18.857000
v -11.549150 1.648588 -9.347430
v -16.130974 1.645654 -15.657531
v -11.660328 0.068024 -9.191841
v -11.549966 0.067840 -9.346095
v -17.720690 0.067312 -13.760879
v -17.566635 0.067330 -13.650665
v -6.307229 0.058987 -16.674084
v -6.416819 1.639920 -16.521103
v -14.078381 0.061165 -18.851881
v -13.923520 1.641922 -18.742985
v -12.433481 1.639410 -20.825674
v -12.588350 0.058644 -20.934561
v -12.434298 0.058662 -20.824337
v -7.906850 1.642440 -14.438422
v -7.753236 0.061701 -14.326612
v -6.263206 0.059180 -16.409290
v -16.285835 0.064897 -15.766427
v -12.323900 0.058477 -20.978645
v -6.417627 0.059171 -16.519777
v -15.859234 6.073234 -13.719182
v -15.338404 2.490257 -13.342236
v -14.433479 2.488861 -14.444149
v -15.209994 7.283727 -15.005500
v -15.465742 8.347975 -15.189762
v -16.037806 7.285132 -13.848410
v -16.039616 8.348809 -14.550754
v -17.019539 8.203108 -14.742050
v -16.282173 7.283639 -15.772584
v -16.282804 6.071733 -15.771564
v -13.147346 8.358792 -19.828493
v -12.543000 8.214048 -19.395948
v -12.838802 8.343398 -19.024658
v -12.072781 6.572803 -19.319948
v -13.092907 6.161465 -19.903534
v -6.936745 6.646641 -15.630994
v -6.764127 6.962501 -15.872293
v -12.858307 6.961983 -20.232323
v -6.230888 1.639876 -16.454035
v -6.871381 6.129632 -15.559322
v -7.162089 2.800391 -15.464820
v -11.410473 4.540224 -16.902880
v -11.230400 4.384002 -14.587258
v -11.943826 4.275369 -18.887657
v -13.590334 4.543904 -13.855995
v -12.098178 4.064594 -18.997828
v -15.795662 4.070838 -13.829695
v -11.013960 2.701243 -10.407014
v -7.316467 2.694999 -15.575139
v -10.859573 2.806644 -10.296695
v -11.124296 2.806811 -10.252795
v -14.074737 7.279915 -18.858009
v -10.864544 1.647569 -10.140387
v -11.045505 6.854299 -9.725106
v -11.626623 6.572013 -8.912804
v -11.800383 6.170090 -8.832862
v -11.676293 6.137746 -8.843329
v -11.745417 5.711586 -8.909633
v -11.580052 5.358271 -9.140730
v -11.480843 1.648746 -9.115982
v -17.018204 6.652859 -14.417830
v -11.096344 6.969817 -9.817027
v -11.330812 7.075595 -9.489304
v -6.815528 6.563889 -15.637439
v -6.999097 6.161984 -15.543778
v -6.872321 4.275546 -15.557786
v -6.873682 1.640965 -15.555573
v -13.018111 1.640534 -19.844564
v -7.000045 4.275624 -15.542233
v -13.016732 4.275115 -19.846813
v -17.424982 7.075077 -13.849315
v -13.292302 4.275167 -19.951292
v -13.293592 1.785550 -19.949200
v -12.597291 1.639410 -20.921844
v -7.116581 2.694867 -15.623694
v -7.944428 2.696264 -14.466613
v -12.014724 2.694454 -19.128019
v -12.842552 2.695851 -17.970928
v -13.271347 6.693449 -19.980860
v -17.065916 6.073058 -14.676387
v -17.025036 6.706886 -14.408293
v -14.074192 8.325923 -18.858889
v -17.762840 5.556505 -13.702198
v -17.888880 5.825741 -13.526076
v -12.469004 5.816564 -21.101654
v -12.595956 4.273991 -20.924023
v -16.295670 8.220390 -14.150675
v -16.414482 7.827575 -13.856216
v -12.426763 6.165822 -21.160738
v -12.868555 5.857417 -20.543369
v -17.190506 6.969299 -14.177038
v -17.394537 6.784509 -14.217725
v -16.955984 6.167991 -14.503936
v -12.784125 6.857021 -20.661898
v -13.094418 6.536340 -20.228149
v -17.489443 5.865216 -14.084572
v -12.962891 6.777018 -20.412027
v -12.595280 5.547775 -20.925129
v -17.573214 6.865110 -13.967984
v -6.115853 6.645253 -16.778387
v -11.479465 4.283327 -9.118230
v -10.836679 4.282238 -10.016684
v -10.838032 1.647657 -10.014471
v -10.835704 6.136332 -10.018255
v -15.751822 4.071041 -13.565042
v -11.013144 4.282009 -10.408340
v -11.123647 4.071436 -10.253858
v -10.858924 4.071260 -10.297758
v -11.237680 4.544106 -12.172815
v -15.641320 4.281622 -13.719525
v -7.315650 4.275765 -15.576466
v -7.161431 4.065016 -15.465882
v -7.205446 4.064814 -15.730482
v -9.057819 4.540426 -15.219690
v -11.833622 4.064418 -19.041668
v -7.206096 2.800198 -15.729420
v -17.751978 6.785106 -13.718121
v -17.263256 6.543375 -14.401197
v -13.097201 7.011328 -20.224321
v -13.024031 6.700132 -20.000654
v -12.844493 7.027821 -20.251642
v -17.204231 7.035181 -14.157859
v -16.398779 7.024529 -13.581596
v -6.450665 6.940967 -16.147474
v -6.660860 6.846896 -15.853660
v -6.080006 6.562642 -16.665512
v -6.240548 6.846184 -16.441143
v -6.451077 6.128920 -16.146790
v -11.627062 5.726928 -8.912101
v -11.478902 5.410357 -9.119143
v -11.255586 6.949083 -9.431465
v -10.891128 6.570775 -9.940852
v -11.256008 6.137044 -9.430788
v -11.465799 6.855011 -9.137630
v -17.138464 7.918968 -14.575783
v -17.079571 7.963677 -14.332206
v -17.675751 1.648263 -13.497351
v -17.674374 4.282843 -13.499599
v -17.673836 5.357752 -13.500468
v -17.839201 5.711067 -13.269372
v -17.894159 6.169572 -13.192617
v -17.930742 6.175113 -13.467588
v -17.839094 6.654247 -13.270435
v -17.888784 6.544428 -13.526876
v -16.073786 6.579556 -13.727579
v -17.659594 6.970089 -13.521370
v -11.565422 6.970608 -9.161360
v -11.744933 6.654765 -8.910424
v -11.580579 4.283362 -9.139859
v -11.581967 1.648781 -9.137611
v -6.030783 6.128217 -16.734257
v -17.085552 6.699869 -14.649603
v -17.259382 7.018354 -14.406668
v -12.210015 6.644735 -21.138397
v -12.154707 6.159876 -21.214855
v -6.060914 6.160394 -16.855114
v -12.375872 5.348803 -20.905624
v -6.282078 5.349321 -16.545885
v -6.116336 5.702074 -16.777588
v -6.080445 5.717556 -16.664801
v -12.376433 4.273894 -20.904711
v -6.282649 4.274412 -16.544971
v -6.228947 5.401486 -16.457197
v -6.283992 1.639832 -16.542776
v -6.229527 4.274456 -16.456247
v -5.549375 0.087882 18.204863
v -5.248427 5.673035 18.199032
v -5.324408 2.827723 18.201710
v -5.324970 0.087952 18.427555
v -5.326682 0.087575 17.980457
v -4.874430 5.673149 18.570210
v -5.025208 2.827819 18.498636
v -1.683172 5.352529 15.204954
v -6.704216 5.993040 21.905228
v -7.215176 8.311734 21.902557
v -7.217099 5.993734 22.416670
v -7.215896 8.312164 22.414721
v -7.051235 8.315633 26.654514
v -7.044640 8.311717 21.988155
v -7.045403 6.836351 21.989395
v -7.219778 0.092063 22.165533
v -6.963696 0.091931 22.165901
v -6.709486 8.315317 26.484287
v -7.222123 5.996720 25.973345
v -7.221648 8.315581 26.483559
v -7.307316 8.315765 26.654154
v -6.708766 8.314887 25.972124
v -7.220928 8.315150 25.971395
v 2.685674 6.831345 22.003147
v -7.051999 6.840277 26.655754
v 2.936029 8.521262 26.668461
v -7.300256 8.522395 21.731537
v -7.307210 8.526531 26.653971
v -7.300361 8.311629 21.731714
v 2.686429 8.306711 22.001907
v -6.963336 0.091711 21.909821
v -1.950863 2.828795 21.549559
v -1.651662 2.828891 21.846485
v -1.657950 5.674176 21.762161
v -5.099871 4.724507 18.199251
v -1.659004 4.725595 21.613913
v -6.704937 5.993470 22.417389
v -6.703743 8.311901 22.415440
v -6.703014 8.311471 21.903278
v 1.159962 5.564323 18.174618
v -4.652336 5.567335 18.196836
v -4.801479 5.356648 18.197582
v -1.612477 1.189488 14.768517
v -1.843267 1.611144 14.769046
v -1.381267 1.610906 14.767271
v -5.169425 1.615544 17.971113
v -5.167651 1.615930 18.433113
v -5.168748 1.194204 18.202465
v -1.312987 2.822893 14.907572
v -1.837154 0.082946 14.613798
v -1.390057 0.082718 14.612085
v -1.610616 5.352055 14.683052
v -1.981775 5.352555 15.057057
v -1.339921 10.992155 14.258857
v -1.614462 0.082648 14.389394
v -3.335080 1.507859 16.354588
v -6.969809 0.095567 26.490822
v -6.969449 0.095347 26.234739
v -7.219418 0.091843 21.909460
v -7.216371 5.993303 21.904507
v -1.607770 5.352678 15.428218
v -1.909122 2.823200 14.909845
v -4.877285 5.672525 17.825045
v -5.027482 2.827319 17.902500
v -4.503280 5.672648 18.196205
v -6.710680 5.996886 26.486227
v -0.012470 1.509221 20.023075
v -0.009590 1.192922 19.840769
v -3.338259 1.191859 16.537445
v 0.173118 1.508966 19.836082
v -3.520643 1.508114 16.541609
v -7.225530 0.095479 26.234379
v -7.225890 0.095699 26.490461
v -7.222843 5.997150 26.485508
v -6.709960 5.996456 25.974064
v -1.354745 2.828487 21.547295
v -1.429532 0.088813 21.847952
v -1.876620 0.089042 21.849648
v -2.031982 5.674053 21.391018
v -5.099546 5.356806 18.198723
v 1.634485 8.267305 17.695589
v 1.455272 6.059580 17.802078
v -1.312381 6.058702 15.055503
v -1.534529 6.081051 15.279354
v 1.880309 11.030559 18.195036
v 1.747210 1.612277 18.332167
v 1.746103 1.190551 18.101519
v 1.745436 1.611890 17.870167
v -1.429348 1.616730 21.682703
v -1.660567 1.195320 21.683939
v -1.891348 1.616967 21.684467
v 1.506295 11.030436 17.823877
v 1.085087 5.353530 18.100534
v 1.459092 5.353653 18.471693
v -1.652216 0.089121 22.072340
v -1.682496 5.563418 15.353807
v -1.659812 5.357649 21.315317
v -1.660277 5.568293 21.166105
v 2.679842 8.310628 26.668278
v 2.337505 5.992232 26.499014
v 1.233124 6.081930 18.025930
v 1.412346 8.289656 17.919424
v -1.430112 8.288751 15.098621
v -1.325686 10.496477 14.917881
v -1.207973 8.266401 14.874779
v 1.813707 10.475031 17.589090
v -1.660822 5.673544 21.017014
v -1.286808 5.673667 21.388172
v 2.338234 5.991802 25.986851
v 2.339428 8.310232 25.984911
v 2.338708 8.310662 26.497074
v 2.345172 8.306816 21.916065
v 2.343257 5.988816 22.430176
v 2.344452 8.307246 22.428226
v 2.855420 5.988553 22.430897
v 2.856614 8.306983 22.428955
v 2.857334 8.306553 21.916794
v 2.679079 6.835271 26.669506
v -1.658670 5.357895 21.613377
v 1.680862 4.720924 18.098812
v 1.681187 5.353223 18.098286
v -1.610405 4.719878 14.832618
v -1.612196 2.822796 14.610637
v 1.308886 5.353478 18.174223
v -1.610080 5.352178 14.832082
v -1.710150 11.029417 14.631923
v -1.236611 5.352169 15.054213
v -1.336145 11.029540 15.003082
v -0.965907 10.992270 14.630017
v -1.103555 10.474101 14.694055
v 1.591568 10.497399 17.812923
v 1.902905 0.084132 18.325367
v 1.903458 2.823912 18.099524
v 2.125597 0.083834 18.100964
v 2.853092 0.086662 21.923687
v 2.856140 5.988122 21.918734
v 2.596660 0.087013 22.179409
v 2.852741 0.086881 22.179770
v 2.597020 0.086794 21.923328
v 2.343977 5.988385 21.918015
v 2.935924 8.310505 26.668638
v 2.942879 8.306360 21.746187
v 2.942984 8.517136 21.746012
v 2.850862 8.310399 26.497793
v 2.851591 8.309969 25.985630
v 2.846629 0.090517 26.504696
v 2.850397 5.991539 25.987579
v 2.590548 0.090649 26.504337
v 2.849668 5.991969 26.499743
v 2.590908 0.090430 26.248245
v 2.846989 0.090298 26.248606
v 1.604257 2.823815 17.802597
v 1.606532 2.824316 18.398726
v 1.901192 0.083763 17.878271
v 1.456247 5.353030 17.726528
v 1.830252 5.353144 18.097679
v 2.250538 10.993298 17.821972
v 1.876533 10.993174 17.450811
v -14.490869 0.124404 -8.073584
v -14.767719 0.125107 -7.407860
v -14.563073 0.124738 -7.713191
v -15.005226 4.181167 -9.101623
v -15.853447 4.181605 -9.102818
v -16.098051 0.124668 -8.741960
v -16.455299 4.183125 -7.655661
v -16.215553 4.183300 -7.295777
v -16.099930 0.125792 -7.409749
v -15.794608 0.125801 -7.205103
v -15.073620 0.125432 -7.204085
v -14.447574 0.083472 -8.073487
v -14.359201 4.181324 -8.520426
v -14.407494 4.182071 -7.652762
v -7.055740 6.674980 -24.165249
v -7.101573 10.582388 -27.593559
v -7.051990 10.215259 -25.527670
v -7.104357 10.584047 -25.622892
v -7.157110 10.636818 -25.559786
v -16.302696 0.125028 -8.436638
v -14.271575 4.181650 -8.076675
v -15.008116 4.182888 -7.053817
v -4.961784 7.338270 -24.268236
v -15.792150 0.124343 -8.945735
v -15.431554 0.124097 -9.016931
v -16.501133 4.182422 -8.523447
v -16.590006 4.182844 -8.079960
v -16.539045 4.182817 -8.079881
v -16.251646 4.183353 -7.259789
v -15.875902 4.183371 -7.007976
v -15.856345 4.183327 -7.055020
v -15.432432 4.183221 -6.919102
v -14.648250 4.182501 -7.293564
v -14.360456 4.182062 -7.633188
v -14.322519 4.181676 -8.076754
v -14.737158 0.084201 -7.377159
v -14.523124 0.083823 -7.696531
v -15.057111 0.084543 -7.164021
v -14.612262 4.182510 -7.257470
v -5.068089 7.391015 -24.268429
v -5.683668 10.721538 -24.166718
v -5.685556 7.064740 -24.163643
v -5.696015 7.075234 -24.216360
v -5.120728 7.497733 -24.268597
v -5.013668 10.171621 -24.481462
v -7.049039 6.670992 -28.907486
v -7.101573 6.670931 -29.012949
v -14.406289 4.181360 -8.500975
v -14.646036 4.181184 -8.860858
v -14.985661 4.181114 -9.148660
v -15.429156 4.181272 -9.237534
v -15.429227 4.181316 -9.186572
v -15.872899 4.181571 -9.149906
v 0.689777 6.671081 -24.048899
v 0.689619 6.375990 -24.048653
v -7.108572 6.675094 -24.059929
v -7.108730 6.379994 -24.059673
v -7.101731 6.375840 -29.012701
v 0.696618 6.371827 -29.001680
v -4.856050 7.443426 -24.478941
v -14.522053 0.083191 -8.450654
v -14.609942 4.181131 -8.896847
v -14.562055 0.124132 -8.434179
v -15.432880 0.124887 -8.074910
v -14.765840 0.123983 -8.740071
v -5.448471 7.011925 -24.163263
v -15.432363 4.183177 -6.970064
v -14.735191 0.083033 -8.770623
v -15.434216 0.125678 -7.132890
v -15.054537 0.083024 -8.984666
v -15.431510 0.083147 -9.060208
v -15.808686 0.083401 -8.985728
v -16.128656 0.083753 -8.772591
v -15.071161 0.123965 -8.944716
v -5.746802 10.763674 -24.219530
v -6.832275 10.711543 -24.221014
v -6.781489 7.023105 -24.217854
v -4.960186 10.436538 -24.270834
v -5.446381 10.763479 -24.271801
v -5.119297 10.277216 -24.270933
v -5.066553 10.383898 -24.270941
v -7.048662 10.740357 -27.688465
v -7.048934 10.213441 -27.688017
v -7.154150 10.635053 -27.656912
v -7.051718 10.742174 -25.528109
v -5.446538 10.763568 -24.166409
v -5.448321 7.011837 -24.268648
v 0.639492 11.055506 -24.158056
v -7.159007 11.059607 -24.063694
v 0.646192 11.051527 -28.900301
v -16.303715 0.125634 -7.715650
v -7.158902 11.270373 -24.063879
v -16.342697 0.084130 -8.453227
v -16.418240 0.084482 -8.076271
v -16.343760 0.084763 -7.699105
v -16.502388 4.183169 -7.636209
v -16.130623 0.084921 -7.379135
v -15.811250 0.084938 -7.165093
v -15.434303 0.084807 -7.089541
v -14.988682 4.182914 -7.006729
v -16.249327 4.181974 -8.899165
v -16.213339 4.181992 -8.863070
v -16.454098 4.182414 -8.503863
v -7.048864 7.008763 -28.907776
v -7.055564 7.012751 -24.165541
v -7.046773 11.055479 -28.911175
v 0.744831 11.266308 -24.052700
v -7.151902 11.266210 -29.016884
v -7.152008 11.055444 -29.016706
v -6.842884 10.722125 -24.168350
v -7.053474 11.059466 -24.168938
v -6.792107 7.012619 -24.165161
v -6.834154 7.075822 -24.217968
v -6.779557 10.764208 -24.220989
v -5.736333 10.774256 -24.166830
v -5.694137 10.710956 -24.219418
v -5.738274 7.012074 -24.163668
v -5.748734 7.022569 -24.216387
v -6.844772 7.065337 -24.165285
v -6.790165 10.774792 -24.168324
v -16.374910 0.125370 -8.076244
v -1.349019 7.494308 -24.474022
v -4.854566 10.330925 -24.481363
v -4.960924 10.278287 -24.481470
v -4.509462 9.930311 -24.459463
v -5.014994 7.602905 -24.479301
v -1.465916 7.441678 -24.474154
v -1.800560 7.842336 -24.443338
v -4.962355 7.496170 -24.479134
v -1.296275 7.600999 -24.474039
v -1.799489 9.928924 -24.445095
v -2.252066 8.190338 -24.433741
v -2.251354 9.581396 -24.434908
v -4.058018 9.582327 -24.437454
v -4.058738 8.191269 -24.436287
v -4.510533 7.843724 -24.457714
v -3.155059 8.886351 -24.414515
v 5.208838 4.914696 6.094276
v 4.779032 1.331895 6.096674
v 12.056999 5.796455 6.166437
v 5.164112 1.339132 14.949417
v 18.984207 7.196982 24.618092
v 19.221485 6.888806 24.851498
v 18.983837 7.126041 24.850962
v 18.983444 7.012956 25.091349
v 18.745865 7.433330 25.090654
v 4.874185 1.333616 8.204478
v 7.644094 5.381711 5.928710
v 7.643981 5.798721 6.160202
v 5.361002 5.526042 6.325820
v 5.036369 1.334521 9.385007
v 6.811295 0.192423 23.950533
v 6.810153 0.193099 24.754122
v 7.044201 2.359531 7.654475
v 5.966552 2.360084 7.652956
v 6.143841 0.178941 7.507799
v 5.968221 2.359092 6.475482
v 6.145089 0.178204 6.624837
v 6.866332 0.177826 6.625847
v 7.045861 2.358538 6.477010
v 6.865076 0.178572 7.508809
v 20.011658 2.352874 7.672741
v 19.832533 0.171916 7.527075
v 19.111290 0.172293 7.526057
v 18.934010 2.353427 7.671222
v 18.935671 2.352444 6.493775
v 19.112537 0.171547 6.643095
v 20.013317 2.351890 6.495294
v 19.833780 0.171178 6.644113
v 13.883203 5.795506 6.168852
v 12.057131 5.796446 6.166270
v 12.970277 5.378971 5.936069
v 12.057237 5.379445 5.934778
v 7.644217 5.381711 5.928543
v 7.644104 5.798721 6.160035
v 5.208970 4.914696 6.094109
v 20.807697 1.323649 6.119164
v 21.107002 1.323631 6.288208
v 18.746233 7.480550 24.850328
v 18.746576 7.496165 24.617502
v 18.274179 7.270241 22.318567
v 5.338547 5.758659 22.301714
v 5.186285 5.594340 22.301636
v 4.989553 1.345394 22.304920
v 4.900837 1.343866 20.428976
v 5.104271 1.339861 15.792404
v 5.071945 1.341222 17.394176
v 4.958148 1.338385 13.937449
v 5.348936 5.752476 14.945967
v 7.635076 6.159325 12.588271
v 5.203226 5.584267 10.309033
v 5.130239 1.335250 10.312503
v 5.032593 1.336506 11.745584
v 12.957753 6.057375 14.956469
v 19.163692 0.186697 24.771027
v 19.983221 2.367322 24.904381
v 19.820097 0.186363 24.771959
v 19.984734 2.366417 23.832766
v 19.821230 0.185687 23.968367
v 19.164825 0.186021 23.967445
v 19.003958 2.366918 23.831377
v 19.002438 2.367822 24.902994
v 6.973269 2.374049 24.886528
v 5.992494 2.374558 24.885139
v 6.153748 0.193433 24.753193
v 5.994013 2.373653 23.813515
v 6.974788 2.373153 23.814903
v 6.154881 0.192756 23.949600
v 14.504507 7.897816 24.844130
v 14.504138 7.845325 25.084490
v 15.379135 7.839609 25.085728
v 20.344616 5.631276 10.330242
v 20.713430 1.326459 9.407006
v 20.722204 1.325458 8.226732
v 19.221855 6.972919 24.618608
v 4.924865 1.341793 17.984119
v 4.839285 1.343181 19.585823
v 9.917790 6.374035 12.591317
v 8.849249 6.389113 14.950382
v 5.352273 5.750500 12.585390
v 5.355487 5.748585 10.309114
v 5.200012 5.586181 12.585320
v 4.918595 1.337270 12.588482
v 14.479486 6.061064 14.958611
v 18.296106 5.793241 6.175254
v 18.296211 5.376230 5.943762
v 13.883194 5.378505 5.937527
v 13.883088 5.795506 6.169019
v 12.970154 5.378971 5.936236
v 12.970075 5.850780 6.167684
v 12.057113 5.379445 5.934946
v 6.515291 7.032145 24.600782
v 20.174765 4.093912 25.224878
v 5.665428 4.101385 25.204372
v 12.920703 5.265079 25.213648
v 16.366865 5.390301 25.126072
v 5.667993 9.083693 25.233555
v 9.293377 5.266950 25.208517
v 9.293473 5.330461 25.162308
v 9.474935 5.393849 25.116333
v 5.345397 5.590133 17.390997
v 7.628199 5.992390 17.393887
v 12.954381 6.220106 17.401220
v 12.951263 6.184407 19.593216
v 12.920580 5.107750 25.247141
v 20.175274 5.104018 25.257387
v 16.547932 5.105889 25.252268
v 20.173975 3.907884 25.713636
v 20.176302 7.090132 25.255730
v 20.176689 9.076614 25.709270
v 20.025105 4.008832 25.055283
v 5.665279 3.914962 25.237909
v 5.664638 3.915349 25.693121
v 5.663865 2.420505 25.694378
v 20.173843 2.412663 25.259672
v 20.173212 2.413040 25.714884
v 12.488218 7.919972 24.841265
v 12.944739 7.919735 24.841908
v 12.487841 7.846406 25.081644
v 13.401610 7.950920 24.609730
v 12.945089 7.951157 24.609087
v 13.883316 5.378505 5.937360
v 20.350149 5.434024 6.346906
v 20.578348 4.696026 6.116003
v 18.296343 5.376230 5.943595
v 20.740112 1.327223 10.334423
v 20.029510 4.006206 21.936262
v 5.669837 3.912257 22.016926
v 5.664515 2.420127 25.239166
v 12.946636 4.081870 6.434181
v 12.947241 5.249305 6.433197
v 20.201891 5.245573 6.443455
v 5.669933 4.098706 22.016768
v 5.692564 5.253038 6.422949
v 12.945774 2.400586 6.435595
v 5.691089 2.404319 6.425338
v 5.669064 2.417423 22.018171
v 5.666025 5.268812 25.203390
v 6.033347 5.393023 22.016186
v 5.667351 9.084079 25.688766
v 13.857402 7.850208 25.083578
v 12.944369 7.846169 25.082285
v 13.400881 7.845932 25.082926
v 7.808765 7.670591 24.834864
v 7.808387 7.597025 25.075233
v 6.514518 6.821783 25.074057
v 5.335280 6.374115 24.832458
v 5.334850 6.195165 25.072916
v 4.824022 1.347801 25.076271
v 5.182518 5.879095 25.072968
v 12.920904 5.392075 25.121199
v 5.670530 5.266132 22.015783
v 20.179174 3.904792 22.037430
v 20.200426 2.396854 6.445844
v 6.028974 5.395623 25.111460
v 12.925278 5.389474 22.025936
v 19.817209 5.385927 22.035675
v 20.179867 5.258677 22.036289
v 19.812826 5.388527 25.130947
v 20.175362 5.261347 25.223894
v 5.810312 4.016139 25.035189
v 5.836316 4.000681 6.629254
v 5.814721 4.013521 21.916168
v 5.691862 3.899162 6.424081
v 9.294659 9.082209 25.693893
v 12.921985 9.080347 25.699024
v 12.922626 9.079961 25.243813
v 16.549335 9.078476 25.704144
v 12.919965 3.911230 25.248167
v 5.691958 4.085602 6.423932
v 12.943711 3.997019 6.639300
v 20.051105 3.993366 6.649346
v 20.201296 4.078138 6.444429
v 20.179270 4.091241 22.037273
v 12.967299 6.088727 8.211917
v 16.010740 6.029871 8.216272
v 18.287035 5.821870 12.603604
v 20.562408 5.021670 17.412970
v 20.778936 1.333643 18.006523
v 20.818586 1.333125 17.416439
v 20.780069 1.331799 15.814551
v 20.714151 1.331123 14.971398
v 20.813467 1.330227 13.959851
v 20.334385 5.443317 17.412294
v 16.004515 5.973587 12.600250
v 17.142618 6.251448 14.962212
v 15.997910 6.333928 17.405426
v 18.280149 5.640366 17.409229
v 5.196674 5.588157 14.945895
v 5.193153 5.451107 17.390900
v 20.199257 3.891697 6.444587
v 12.946539 3.895430 6.434339
v 20.174616 3.907497 25.258415
v 20.178402 2.409958 22.038677
v 5.666324 7.097983 25.690435
v 5.665305 5.111870 25.692093
v 20.175661 7.090518 25.710939
v 20.174633 5.104405 25.712601
v 16.548037 5.263217 25.218775
v 16.548134 5.326728 25.172565
v 11.436134 6.273499 14.954133
v 9.910957 6.299037 17.396845
v 8.842679 6.360151 19.587261
v 7.621893 7.217216 22.303717
v 11.429653 6.410664 19.590879
v 9.923797 6.010576 8.207685
v 12.961196 6.267492 12.595710
v 11.442650 6.195226 10.317342
v 20.813580 1.330227 13.959711
v 20.569557 5.439163 12.607012
v 20.566227 5.441147 14.967587
v 20.714273 1.331123 14.971249
v 20.780191 1.331799 15.814404
v 20.818718 1.333125 17.416288
v 11.426246 7.251403 22.309055
v 10.738576 7.946977 24.605970
v 10.737856 7.841989 25.079168
v 11.460670 7.838941 25.080196
v 10.738224 7.915564 24.838789
v 7.809116 7.702013 24.602047
v 7.314456 7.517848 24.601501
v 20.779058 1.333643 18.006374
v 20.694111 1.335031 19.608084
v 20.697098 1.335734 20.451159
v 20.738073 1.337288 22.327032
v 20.766291 1.339203 24.625528
v 20.552406 5.733991 24.854351
v 20.579710 1.339695 25.098366
v 20.551968 5.555041 25.094791
v 18.270437 7.617988 25.089828
v 18.270798 7.659948 24.849504
v 18.271141 7.680823 24.616667
v 20.327675 5.641350 22.322834
v 14.473199 6.329343 19.595104
v 13.857533 7.850208 25.083401
v 20.341402 5.633182 12.606520
v 20.807573 1.323649 6.119331
v 4.509348 1.332106 6.180603
v 17.136181 6.464998 19.598898
v 14.469705 7.243043 22.313370
v 13.858130 7.955196 24.610371
v 13.857788 7.923775 24.843197
v 13.401267 7.919498 24.842556
v 9.904504 7.234859 22.306923
v 5.342385 5.756375 19.582827
v 5.190132 5.592056 19.582750
v 5.206203 5.582492 8.201379
v 5.358464 5.746810 8.201448
v 8.855764 6.321668 10.313582
v 7.641206 6.021070 8.204453
v 5.208583 5.336519 6.431151
v 4.285795 1.332571 6.601820
v 4.315619 1.332343 6.348944
v 20.878962 1.328348 11.767827
v 20.930906 1.329033 12.610972
v 14.473077 6.329343 19.595245
v 12.947979 7.257428 22.311199
v 6.914843 7.242710 24.601158
v 6.914096 7.085030 25.074409
v 5.182949 6.058044 24.832510
v 5.183344 6.194849 24.599606
v 5.058860 1.347282 24.603495
v 6.514923 6.948040 24.833635
v 5.335684 6.510920 24.599550
v 6.914483 7.184942 24.834003
v 7.313736 7.412859 25.074697
v 7.314105 7.486425 24.834311
v 20.696964 1.335734 20.451300
v 20.559528 5.445038 19.604589
v 20.693979 1.335031 19.608232
v 4.779164 1.331895 6.096507
v 4.880991 1.332975 7.445728
v 4.820176 1.332685 7.066261
v 4.683028 1.332580 6.855301
v 4.484354 1.332615 6.770714
v 20.817122 1.324966 7.700089
v 20.988270 1.324439 7.173418
v 20.722055 1.325458 8.226872
v 21.235262 1.324009 6.815466
v 21.254004 1.323702 6.457190
v 20.578207 4.696026 6.116178
v 21.106871 1.323631 6.288366
v 20.350018 5.434024 6.347073
v 20.575607 5.435482 8.223220
v 20.337944 5.635167 14.967244
v 20.577890 5.012457 6.453132
v 20.713308 1.326459 9.407156
v 20.572630 5.437248 10.330875
v 20.739988 1.327223 10.334563
v 20.878822 1.328348 11.767977
v 20.347469 5.629501 8.222728
v 20.566078 5.441147 14.967736
v 20.930775 1.329033 12.611113
v 20.569416 5.439163 12.607152
v 20.341270 5.633182 12.606669
v 18.293333 6.011332 8.219504
v 20.344492 5.631276 10.330392
v 17.149160 6.228307 10.325377
v 4.683160 1.332580 6.855152
v 4.484487 1.332615 6.770564
v 4.285926 1.332571 6.601670
v 4.315750 1.332343 6.348776
v 4.509471 1.332106 6.180436
v 5.208706 5.336519 6.430975
v 5.355610 5.748585 10.308973
v 5.196806 5.588157 14.945746
v 5.338670 5.758659 22.301567
v 5.183475 6.194849 24.599430
v 5.335807 6.510920 24.599386
v 5.335403 6.374115 24.832308
v 5.182641 5.879095 25.072802
v 5.059000 1.347282 24.603329
v 4.824180 1.347801 25.076094
v 5.183072 6.058044 24.832359
v 5.186409 5.594340 22.301487
v 4.900987 1.343857 20.428837
v 4.989684 1.345394 22.304781
v 5.190255 5.592056 19.582598
v 4.839434 1.343190 19.585672
v 4.924988 1.341793 17.983971
v 5.193276 5.451107 17.390751
v 5.072076 1.341222 17.394035
v 5.104394 1.339861 15.792255
v 5.164243 1.339132 14.949268
v 4.958298 1.338385 13.937299
v 4.918727 1.337270 12.588342
v 5.200143 5.586172 12.585171
v 5.032716 1.336506 11.745434
v 5.130371 1.335250 10.312363
v 5.036492 1.334521 9.384850
v 5.203358 5.584267 10.308893
v 4.874316 1.333616 8.204329
v 5.206335 5.582492 8.201229
v 4.881123 1.332975 7.445579
v 4.820299 1.332685 7.066112
v 20.578041 5.012457 6.452965
v 20.988394 1.324439 7.173268
v 20.817268 1.324966 7.699947
v 17.149292 6.228307 10.325228
v 21.235394 1.324009 6.815317
v 21.254126 1.323702 6.457023
v 20.572779 5.437248 10.330726
v 20.575748 5.435474 8.223070
v 20.347593 5.629501 8.222587
v 20.327543 5.641350 22.322983
v 20.331392 5.639066 19.604105
v 14.469827 7.243043 22.313217
v 11.436257 6.273499 14.953983
v 8.855886 6.321668 10.313433
v 7.641328 6.021070 8.204303
v 5.358596 5.746810 8.201308
v 11.429775 6.410664 19.590731
v 12.488692 7.951394 24.608271
v 12.487972 7.846406 25.081469
v 13.858253 7.955196 24.610205
v 14.486082 6.139934 10.321689
v 12.964384 6.208776 10.319475
v 13.857910 7.923775 24.843048
v 13.401012 7.845932 25.082762
v 12.488570 7.951385 24.608438
v 18.274048 7.270241 22.318716
v 18.271009 7.680823 24.616844
v 18.745752 7.433330 25.090822
v 12.488350 7.919972 24.841116
v 12.944870 7.919735 24.841757
v 12.945213 7.951157 24.608923
v 12.948102 7.257428 22.311060
v 13.401391 7.919498 24.842407
v 13.401733 7.950920 24.609564
v 15.379258 7.839609 25.085552
v 14.504270 7.845325 25.084314
v 14.504630 7.897816 24.843979
v 14.504972 7.929228 24.611143
v 17.167610 7.791062 24.847836
v 15.379618 7.871013 24.845234
v 15.379960 7.902435 24.612400
v 17.167953 7.822475 24.614990
v 12.031453 7.851148 25.080820
v 11.461171 7.912508 24.839666
v 11.460793 7.838941 25.080021
v 10.737979 7.841989 25.079000
v 7.808896 7.670591 24.834713
v 7.808510 7.597025 25.075066
v 7.313859 7.412859 25.074522
v 6.914632 7.184942 24.833862
v 6.914245 7.085030 25.074232
v 6.514641 6.821783 25.073889
v 5.334973 6.195165 25.072748
v 6.515054 6.948040 24.833492
v 6.515423 7.032145 24.600615
v 7.314236 7.486434 24.834169
v 10.738357 7.915555 24.838650
v 12.031831 7.924714 24.840467
v 12.032182 7.956136 24.607622
v 7.635208 6.159325 12.588121
v 11.426368 7.251403 22.308907
v 12.951395 6.184407 19.593077
v 5.361134 5.526042 6.325654
v 12.970198 5.850780 6.167517
v 17.167252 7.759649 25.088152
v 12.944493 7.846169 25.082117
v 15.991552 7.228667 22.315378
v 20.555689 5.447322 22.323467
v 20.737942 1.337288 22.327181
v 5.352396 5.750500 12.585242
v 5.349059 5.752476 14.945825
v 8.849380 6.389113 14.950233
v 9.911090 6.299037 17.396706
v 11.461522 7.943929 24.606833
v 7.628331 5.992390 17.393736
v 5.345520 5.590133 17.390848
v 5.342508 5.756375 19.582678
v 8.842812 6.360151 19.587112
v 9.904626 7.234859 22.306774
v 6.915001 7.242710 24.600990
v 7.622016 7.217216 22.303568
v 7.809239 7.702013 24.601879
v 10.738699 7.946977 24.605804
v 7.314579 7.517848 24.601336
v 19.221083 6.762548 25.091894
v 17.167831 7.822484 24.615166
v 17.167128 7.759649 25.088320
v 20.324366 6.155638 24.853666
v 20.324760 6.292443 24.620741
v 20.552801 5.870795 24.621418
v 20.555830 5.447322 22.323326
v 20.331512 5.639066 19.603958
v 20.559679 5.445038 19.604439
v 20.562557 5.021670 17.412828
v 14.504858 7.929237 24.611311
v 15.379828 7.902435 24.612566
v 15.991428 7.228667 22.315527
v 12.031707 7.924714 24.840616
v 11.461400 7.943929 24.606998
v 11.461048 7.912508 24.839815
v 12.031329 7.851148 25.080986
v 12.032049 7.956136 24.607798
v 15.379486 7.871013 24.845394
v 17.167479 7.791062 24.847984
v 18.270666 7.659948 24.849653
v 18.270306 7.617988 25.089996
v 20.323925 5.976688 25.094116
v 20.338064 5.635167 14.967104
v 20.334518 5.443317 17.412144
v 18.280273 5.640366 17.409079
v 17.136303 6.464998 19.598749
v 19.221704 6.972919 24.618784
v 12.954513 6.220106 17.401070
v 12.961329 6.267492 12.595560
v 14.486214 6.139934 10.321540
v 18.287159 5.821861 12.603455
v 9.917913 6.374035 12.591168
v 16.004637 5.973587 12.600109
v 12.957876 6.057375 14.956320
v 14.479618 6.061064 14.958463
v 12.921607 7.093864 25.245481
v 16.549976 9.078090 25.248940
v 20.177330 9.076228 25.254061
v 18.296230 5.793241 6.175087
v 20.551826 5.555041 25.094959
v 5.666965 7.097597 25.235224
v 9.295319 9.081831 25.238682
v 9.293272 5.109622 25.242020
v 20.579559 1.339695 25.098541
v 5.665946 5.111483 25.236893
v 9.294291 7.095735 25.240343
v 16.548950 7.092002 25.250601
v 9.923921 6.010576 8.207535
v 15.998033 6.333928 17.405277
v 16.010862 6.029871 8.216124
v 12.967431 6.088727 8.211767
v 18.983688 7.126041 24.851101
v 18.984056 7.196982 24.618256
v 18.746445 7.496165 24.617668
v 19.220932 6.762548 25.092070
v 20.324234 6.155638 24.853815
v 20.323803 5.976688 25.094282
v 18.983294 7.012956 25.091515
v 20.766142 1.339203 24.625696
v 18.293455 6.011332 8.219364
v 17.142740 6.251448 14.962064
v 11.442773 6.195226 10.317192
v 12.964516 6.208776 10.319335
v 18.746113 7.480550 24.850470
v 19.221336 6.888806 24.851637
v 20.552660 5.870787 24.621586
v 20.552256 5.733991 24.854490
v 20.324629 6.292443 24.620909
v 1.586044 6.447062 -27.821829
v 2.533887 6.449565 -24.265146
v 2.846006 6.446509 -27.707592
v 1.690338 6.693282 -27.811764
v 1.378219 6.690304 -24.369307
v 1.273934 6.450110 -24.379379
v 1.755632 7.635346 -24.333117
v 2.067750 7.646771 -27.775557
v 4.684065 6.561060 -24.269491
v 3.698433 6.993360 -23.671259
v 1.830111 7.006358 -26.579369
v 2.815717 6.559577 -27.177610
v 3.880052 6.445842 -27.861338
v 4.994120 6.757134 -28.590168
v 5.748391 6.447317 -24.953217
v 6.862458 6.752585 -25.682039
v 2.462261 15.957058 27.771154
v -6.379004 15.961722 27.895655
v -6.378811 15.961607 27.758657
v -6.375685 22.395578 27.890255
v -6.379470 15.284899 27.980524
v -7.062125 15.285249 27.979568
v -6.375158 23.046013 27.752710
v -7.058120 23.046549 27.973051
v -6.375474 23.046196 27.974016
v 2.465607 23.041647 27.986504
v -6.379154 15.284705 27.759230
v 2.461603 15.280349 27.993031
v -6.375492 22.395464 27.753258
v 2.465924 23.041462 27.765209
v -7.061809 15.285065 27.758263
v -7.061457 15.961959 27.757692
v -7.061773 15.962143 27.978996
v -7.058137 22.395815 27.752291
v 2.462068 15.957172 27.908154
v 2.465388 22.391029 27.902742
v -7.058454 22.396000 27.973597
v -7.057804 23.046362 27.751745
v 3.117885 15.280006 27.993952
v 3.121864 22.390572 27.766685
v 3.122197 23.041119 27.766140
v 3.118553 15.956724 27.772076
v 3.118237 15.956909 27.993391
v 3.121556 22.390764 27.987989
v 2.465581 22.390913 27.765753
v 3.118193 15.279822 27.772648
v 3.121890 23.041313 27.987436
v 2.461919 15.280165 27.771717
v -17.922558 14.579407 -12.108015
v -17.919460 20.413414 -12.112916
v -18.167189 20.157461 -15.881559
v -18.170015 14.829297 -15.877090
v -18.169796 14.576158 -16.129791
v -17.916876 14.576026 -16.129438
v -18.166697 20.410172 -16.134691
v -18.172380 20.413553 -12.113276
v -17.913776 20.410040 -16.134331
v -18.175478 14.579539 -12.108375
v -18.172150 20.160425 -12.365976
v -18.174986 14.832247 -12.361506
v 10.446788 16.685526 -30.808075
v 10.449633 22.207605 -30.812702
v 12.226754 22.206631 -30.883959
v 12.226648 22.206692 -30.810190
v 12.372340 5.640309 -30.869835
v 12.369496 0.118238 -30.865200
v 12.369390 0.118299 -30.791430
v 14.223441 16.683584 -30.802734
v 14.226295 22.205666 -30.807364
v 14.220701 11.161442 -30.871864
v 14.220595 11.161504 -30.798096
v 12.375081 11.162452 -30.800705
v 12.375186 11.162390 -30.874474
v 14.380102 11.161364 -30.871635
v 14.223547 16.683514 -30.876493
v 14.377151 5.639344 -30.793230
v 14.379996 11.161425 -30.797869
v 14.382851 16.683496 -30.802505
v 18.213751 5.637368 -30.787811
v 16.384912 11.160389 -30.795031
v 18.216604 11.159449 -30.792450
v 12.220949 11.162531 -30.800915
v 12.218103 5.640459 -30.796288
v 10.443942 11.163445 -30.803436
v 18.222391 22.203541 -30.875484
v 14.385801 22.205515 -30.880903
v 14.217750 5.639431 -30.793459
v 18.211010 0.115225 -30.856943
v 18.367846 22.203529 -30.801504
v 18.367952 22.203468 -30.875282
v 16.222666 5.638395 -30.790621
v 16.219812 0.116314 -30.785994
v 16.222763 5.638333 -30.864391
v 16.219917 0.116253 -30.859755
v 16.387863 16.682407 -30.873438
v 16.390709 22.204489 -30.878075
v 12.377935 16.684532 -30.805334
v 12.380780 22.206614 -30.809973
v 12.215364 0.118317 -30.865417
v 18.356564 0.115155 -30.856741
v 18.356457 0.115217 -30.782965
v 20.241720 5.636322 -30.784941
v 20.238874 0.114251 -30.780312
v 18.219545 16.681467 -30.870846
v 18.222296 22.203600 -30.801716
v 18.219440 16.681530 -30.797087
v 16.387758 16.682468 -30.799671
v 16.390602 22.204550 -30.804306
v 16.379318 0.116174 -30.859526
v 16.379213 0.116235 -30.785767
v 16.382172 5.638254 -30.864172
v 16.231201 22.204628 -30.804525
v 14.385695 22.205578 -30.807144
v 14.377257 5.639282 -30.866999
v 14.374306 0.117263 -30.788595
v 14.217855 5.639361 -30.867226
v 14.215002 0.117289 -30.862591
v 14.374402 0.117201 -30.862371
v 20.247419 16.680485 -30.794216
v 20.250263 22.202564 -30.798855
v 10.441088 5.641372 -30.798798
v 10.438243 0.119291 -30.794163
v 12.215258 0.118378 -30.791641
v 14.382948 16.683435 -30.876265
v 14.226400 22.205603 -30.881130
v 18.210905 0.115296 -30.783176
v 12.380886 22.206543 -30.883749
v 12.372235 5.640379 -30.796068
v 14.214896 0.117351 -30.788822
v 16.231308 22.204565 -30.878302
v 12.378040 16.684471 -30.879103
v 12.223900 16.684549 -30.879322
v 12.221055 11.162470 -30.874681
v 12.223794 16.684610 -30.805553
v 18.359301 5.637297 -30.787601
v 18.362146 11.159369 -30.792238
v 18.359407 5.637227 -30.861378
v 18.213856 5.637306 -30.861580
v 16.382067 5.638316 -30.790403
v 16.385017 11.160327 -30.868799
v 16.225616 11.160415 -30.869026
v 12.218209 5.640397 -30.870054
v 20.244562 11.158403 -30.789577
v 18.365000 16.681450 -30.796877
v 18.362263 11.159316 -30.866005
v 18.365107 16.681389 -30.870646
v 18.216702 11.159387 -30.866217
v 16.228462 16.682486 -30.873667
v 16.228355 16.682549 -30.799898
v 16.225512 11.160467 -30.795259
v -11.077717 7.430924 25.048519
v -9.271633 5.570383 25.052637
v -16.421850 7.973006 24.567410
v -16.422569 7.868019 25.040607
v -12.687279 6.480340 19.556580
v -9.267770 5.462673 22.281147
v -9.495906 5.656692 22.280664
v -9.085518 1.352630 22.284863
v -9.057319 1.354545 24.583376
v -24.633327 5.607399 19.540428
v -24.984165 1.358532 19.543501
v -18.387325 6.288841 14.911822
v -16.862263 6.282834 12.553390
v -17.766451 5.811788 6.124125
v -19.905668 6.389385 12.548998
v -24.640940 5.894436 25.030649
v -24.488609 6.210507 25.030594
v -23.519382 6.812579 24.791147
v -23.519787 6.686321 25.031570
v -22.909363 7.100372 25.032087
v -22.509731 7.410462 25.032387
v -22.015045 7.645844 25.032887
v -19.085648 7.774693 25.036917
v -17.766346 5.394787 5.892634
v -16.853306 5.394313 5.893925
v -15.940266 5.393847 5.895207
v -16.853384 5.866122 6.125364
v -11.527238 5.391572 5.901451
v -9.473442 5.449367 6.304752
v -24.790857 1.351848 11.703262
v -24.904854 1.352612 12.546171
v -15.965663 7.945861 24.800869
v -15.318970 7.875202 24.801834
v -15.343972 6.076406 14.916291
v -16.865705 6.072726 14.914149
v -12.680841 6.266789 14.919901
v -11.543308 5.655708 17.366907
v -9.257380 5.456489 14.925416
v -9.043391 1.347141 15.772232
v -9.004872 1.348467 17.374117
v -24.865309 1.353727 13.895128
v -24.659338 1.354474 14.907098
v -24.719187 1.355212 15.750083
v -24.751505 1.356573 17.351866
v -24.898594 1.357144 17.941801
v -22.195251 6.007731 17.351566
v -20.974211 6.404455 14.908062
v -24.478062 5.605475 17.348677
v -24.626785 5.603508 14.903576
v -24.630306 5.466449 17.348579
v -24.474514 5.767817 14.903654
v -24.471186 5.765842 12.543070
v -24.481075 5.771718 19.540508
v -19.912500 6.314388 17.354534
v -22.188375 6.174667 12.545951
v -24.467962 5.763927 10.266802
v -16.876780 4.097212 6.392097
v -9.622120 4.093480 6.402346
v -9.621514 5.260915 6.401371
v -24.132326 2.419661 6.383246
v -24.154350 2.432764 21.976089
v -24.158901 2.435470 25.197100
v -24.158777 3.930691 25.651039
v -24.159542 2.435856 25.652296
v -23.790068 5.408365 21.974104
v -23.794441 5.410964 25.069376
v -16.903450 3.926572 25.206102
v -24.158136 3.930304 25.195847
v -24.157476 5.126825 25.194826
v -9.270799 5.886137 24.579266
v -18.362078 7.921333 24.564714
v -18.362427 7.889912 24.797531
v -18.362806 7.816346 25.037901
v -17.791744 7.946827 24.798288
v -17.791401 7.978223 24.565468
v -14.443666 7.835139 24.570326
v -12.656014 7.723766 24.805733
v -12.656375 7.692353 25.046070
v -14.444367 7.772304 25.043478
v -11.552423 7.729641 24.574497
v -13.832030 7.244018 22.273209
v -15.319339 7.822712 25.042204
v -12.655672 7.755188 24.572916
v -9.245252 4.711368 6.073858
v -9.015886 1.338991 6.077011
v -25.140421 1.347922 6.812981
v -25.044426 1.347237 6.054362
v -25.314110 1.347448 6.138282
v -9.245568 5.027807 6.410820
v -8.835189 1.339781 7.131098
v -8.588197 1.339351 6.773146
v -8.569456 1.339043 6.414870
v -8.716589 1.338982 6.246046
v -9.247851 5.450824 8.180899
v -9.110151 1.341801 9.364836
v -15.965329 7.977283 24.568050
v -9.250829 5.452599 10.288564
v -24.462448 5.541384 6.283500
v -24.464985 5.762153 8.159138
v -17.792120 7.873235 25.038666
v -17.335609 7.868493 25.039307
v -16.879089 7.868256 25.039957
v -15.966049 7.872295 25.041248
v -14.444009 7.803717 24.803143
v -15.318627 7.906615 24.569025
v -11.553127 7.666807 25.047659
v -11.552767 7.708758 24.807306
v -10.839762 7.141383 24.808790
v -10.286078 6.659518 24.809975
v -9.499226 6.170979 24.811495
v -9.499656 5.992030 25.051962
v -9.271203 5.749332 24.812172
v -9.243899 1.355037 25.056221
v -9.083471 1.342565 10.292243
v -9.010001 1.345569 13.917541
v -8.892674 1.344375 12.568793
v -11.530128 6.026674 8.177185
v -9.485517 5.650508 14.924924
v -11.536424 5.837213 12.561284
v -25.537655 1.347913 6.559499
v -25.339096 1.347957 6.728394
v -9.006339 1.340308 7.657777
v -9.101404 1.340800 8.184552
v -13.818945 5.988938 12.557930
v -22.182255 6.036413 8.162132
v -22.179478 5.814063 6.117882
v -20.967695 6.337010 10.271262
v -15.337377 6.155285 10.279369
v -9.126493 1.351076 20.408979
v -9.129471 1.350373 19.565914
v -9.263931 5.460389 19.562267
v -24.623438 5.601523 12.542992
v -24.620234 5.599608 10.266714
v -16.878361 7.973243 24.566769
v -16.875481 7.272770 22.268888
v -16.872187 6.199749 19.550898
v -9.261050 5.037012 17.370657
v -9.044523 1.348985 17.964203
v -9.109308 1.346465 14.929078
v -8.944638 1.343698 11.725657
v -20.980782 6.375493 19.544943
v -19.918955 7.250200 22.264603
v -22.509012 7.515450 24.559189
v -22.908609 7.258051 24.558847
v -18.397213 7.266746 22.266737
v -9.492068 5.654408 19.561787
v -16.869070 6.235447 17.358900
v -15.350383 6.344686 19.552925
v -10.658635 0.201372 23.925276
v -10.821021 2.383164 24.860823
v -10.002229 0.201029 23.926197
v -10.819502 2.382268 23.789207
v -10.003361 0.201705 24.729805
v -9.838726 2.381759 23.790596
v -10.659767 0.202039 24.728884
v -9.840238 2.382664 24.862211
v -10.887790 2.367786 6.451622
v -9.989679 0.186520 6.601969
v -16.859076 6.224118 10.277164
v -9.482180 5.648533 12.564349
v -9.254043 5.454504 12.564832
v -24.787090 1.349863 9.342678
v -24.693213 1.350592 10.270192
v -24.949266 1.348958 8.162159
v -24.942469 1.348317 7.403408
v -24.617247 5.597834 8.159059
v -11.527352 5.808583 6.132934
v -13.812718 6.045212 8.173944
v -16.856152 6.104068 8.169597
v -15.940379 5.810849 6.126698
v -19.899662 6.025918 8.165363
v -25.507833 1.347685 6.306623
v -22.179365 5.397053 5.886390
v -24.614613 4.930047 6.051956
v -18.380808 6.210568 10.275022
v -12.674298 6.243658 10.283057
v -9.475988 5.644844 8.180416
v -9.478966 5.646618 10.288072
v -16.422192 7.941584 24.800219
v -22.014326 7.750823 24.559700
v -19.084927 7.879681 24.563730
v -19.085270 7.848259 24.796547
v -22.014677 7.719410 24.792509
v -9.489073 5.458659 17.369982
v -11.549412 7.285583 22.276398
v -13.825549 6.349279 17.363106
v -24.764599 1.362625 24.561174
v -24.640511 6.073386 24.790180
v -24.999428 1.363143 25.033951
v -22.509356 7.484028 24.792009
v -15.353756 7.258394 22.271048
v -10.889449 2.368778 7.629068
v -10.710913 0.186898 6.600950
v -9.811801 2.368225 7.630588
v -10.712169 0.187635 7.483912
v -22.777599 2.373880 6.434857
v -22.779259 2.374873 7.612304
v -23.855238 2.374434 6.433338
v -23.678371 0.193546 6.582657
v -22.957129 0.193177 6.583676
v -25.003283 1.348027 7.023949
v -24.614876 5.351861 6.388831
v -9.810142 2.367233 6.453150
v -9.990926 0.187267 7.484922
v -23.856907 2.375426 7.610785
v -23.679617 0.194283 7.465620
v -22.958376 0.193914 7.466647
v -22.850182 2.389399 24.844357
v -23.013306 0.208441 24.711943
v -23.829447 2.389004 23.771372
v -22.848669 2.388495 23.772749
v -23.012165 0.207765 23.908361
v -23.668579 0.208107 23.907431
v -23.830965 2.389900 24.842970
v -23.669710 0.208775 24.711021
v -18.393806 6.426006 19.548559
v -11.077014 7.493759 24.575365
v -10.839402 7.212324 24.575937
v -11.077356 7.478144 24.808167
v -10.840165 7.028298 25.049196
v -10.286482 6.533260 25.050388
v -10.285701 6.743632 24.577114
v -9.498822 6.307785 24.578590
v -16.878712 7.941822 24.799578
v -17.335232 7.942059 24.798937
v -17.334888 7.973480 24.566120
v -10.010589 5.403878 25.088854
v -9.644250 3.920135 21.995338
v -9.624157 3.907039 6.402504
v -9.643548 5.274018 21.994205
v -16.898146 5.404817 21.983845
v -10.006215 5.401278 21.993591
v -16.902519 5.407417 25.079115
v -9.644154 4.106584 21.995190
v -9.645015 2.425300 21.996595
v -9.622989 2.412196 6.403761
v -24.008694 4.028863 21.874105
v -9.648659 4.109262 25.182795
v -9.772308 4.008708 6.607264
v -9.793912 4.021548 21.894188
v -16.879704 4.012361 6.597217
v -24.131554 3.914504 6.381999
v -23.987101 4.016023 6.587171
v -24.153587 3.927599 21.974833
v -9.648799 3.922848 25.216351
v -9.648782 5.119747 25.670517
v -9.648141 5.119360 25.215332
v -9.646735 9.091957 25.667179
v -9.646086 9.091571 25.211994
v -16.900789 9.095311 25.201738
v -9.798312 4.024174 25.013216
v -9.649563 2.428005 25.217606
v -9.650213 2.428391 25.672802
v -9.649441 3.923226 25.671545
v -24.013103 4.031489 24.993122
v -9.648052 5.276698 25.181810
v -24.157988 4.116727 25.162281
v -24.157389 5.284162 25.161304
v -16.902836 5.123102 25.205074
v -24.155432 9.099035 25.191488
v -24.153490 4.114048 21.974684
v -24.152885 5.281483 21.973700
v -24.131458 4.100945 6.381840
v -24.130859 5.268380 6.380857
v -16.876173 5.264647 6.391114
v -16.876877 3.910772 6.392247
v -16.877649 2.415928 6.393503
v -16.901430 9.095689 25.656931
v -24.158119 5.127212 25.650011
v -24.156063 9.099422 25.646685
v -24.487774 6.526262 24.557232
v -24.640108 6.210191 24.557283
v -24.484913 5.774001 22.259384
v -24.922621 1.359208 20.386654
v -24.833906 1.360736 22.262598
v -24.637175 5.609682 22.259315
v -22.201565 7.232557 22.261389
v -24.488171 6.389456 24.790129
v -22.908968 7.200293 24.791681
v -23.519005 6.896675 24.558294
v 21.801979 26.378252 -31.032917
v 23.862221 26.377199 -31.030003
v 13.295472 26.393259 -18.377869
v 15.403136 26.392179 -18.374891
v 11.172921 26.403202 -7.842542
v 13.277609 26.403887 -5.731901
v 6.981497 26.391161 -24.762476
v 4.855892 26.402914 -12.066802
v -1.473047 26.409710 -7.860413
v -1.470070 26.407936 -9.968078
v 6.957602 26.405373 -7.848496
v 13.298457 26.391495 -20.485533
v 4.867809 26.395834 -20.497440
v 4.864832 26.397598 -18.389786
v 9.092210 26.388254 -26.919855
v 6.990385 26.385876 -31.053844
v 23.829437 26.396696 -7.824653
v 21.766218 26.399525 -5.719904
v -1.467093 26.406172 -12.075733
v -1.464115 26.404394 -14.183397
v 4.858878 26.401148 -14.174466
v -1.455175 26.399082 -20.506380
v -1.440264 26.390213 -31.065762
v 9.065267 26.404284 -7.845519
v 9.062289 26.406057 -5.737855
v 11.184839 26.396114 -16.273182
v 9.074198 26.398977 -14.168503
v 11.193770 26.390810 -22.596174
v 9.086106 26.391890 -22.599152
v 11.199874 26.387173 -26.916878
v 13.292495 26.395033 -16.270205
v 11.178885 26.399664 -12.057861
v 13.289517 26.396809 -14.162549
v 11.175907 26.401430 -9.950207
v 13.280586 26.402122 -7.839565
v 13.283564 26.400349 -9.947221
v 15.388250 26.401033 -7.836579
v 0.646526 26.401541 -16.288084
v 2.757168 26.398678 -18.392763
v 4.861855 26.399372 -16.282122
v 6.969510 26.398283 -16.279144
v 9.077175 26.397202 -16.276167
v 9.089162 26.390072 -24.759499
v 0.661569 26.392591 -26.931772
v 0.658513 26.394409 -24.771416
v 0.655457 26.396229 -22.611059
v 0.649503 26.399767 -18.395739
v 15.394205 26.397495 -12.051908
v 13.286541 26.398575 -12.054885
v 0.634618 26.408621 -7.857436
v 0.637595 26.406857 -9.965092
v 2.742282 26.407541 -7.854459
v 2.745259 26.405767 -9.962114
v 4.882720 26.386955 -31.056829
v 6.984554 26.389343 -26.922832
v 6.978442 26.392979 -22.602129
v 4.873833 26.392241 -24.765461
v 2.763122 26.395149 -22.608082
v 9.098049 26.384787 -31.050867
v 11.205713 26.383705 -31.047892
v 4.876889 26.390430 -26.925817
v 2.760144 26.396914 -20.500429
v 4.870786 26.394060 -22.605104
v 6.966533 26.400057 -14.171480
v 6.963556 26.401834 -12.063825
v 0.652480 26.398003 -20.503403
v 2.766178 26.393332 -24.768438
v 0.667401 26.389124 -31.062784
v 2.775065 26.388044 -31.059807
v 2.769225 26.391512 -26.928795
v 2.739296 26.409306 -5.746795
v 0.640572 26.405083 -12.072757
v 2.748236 26.404003 -12.069779
v 2.754190 26.400452 -16.285099
v 2.751213 26.402225 -14.177434
v 0.643549 26.403315 -14.180420
v 23.832415 26.394922 -9.932317
v 21.769196 26.397749 -7.827569
v 17.548597 26.399918 -7.833532
v 17.545620 26.401693 -5.725867
v 13.313370 26.382618 -31.044914
v 15.412146 26.386824 -24.750568
v 15.406122 26.390406 -20.482548
v 4.849938 26.406452 -7.851473
v 4.846961 26.408226 -5.743817
v 17.557537 26.394604 -14.156516
v 15.400159 26.393944 -16.267227
v 15.397182 26.395718 -14.159563
v 6.954625 26.407137 -5.740840
v 6.960579 26.403599 -9.956160
v 11.196818 26.388992 -24.756521
v 13.304482 26.387901 -24.753546
v 13.307538 26.386093 -26.913900
v 11.190793 26.392574 -20.488510
v 13.301435 26.389721 -22.593189
v 4.852915 26.404688 -9.959137
v 17.563492 26.391064 -18.371838
v 23.844324 26.387833 -18.362957
v 23.847309 26.386068 -20.470621
v 21.787067 26.387121 -20.473537
v 23.850277 26.384295 -22.578285
v 23.841347 26.389606 -16.255302
v 21.775148 26.394211 -12.042889
v 21.778126 26.392435 -14.150553
v 23.835392 26.393147 -12.039973
v 23.838369 26.391380 -14.147637
v 17.551582 26.398153 -9.941187
v 15.391228 26.399260 -9.944243
v 19.708954 26.398813 -7.830475
v 19.711939 26.397039 -9.938140
v 21.772171 26.395975 -9.935225
v 17.554552 26.396379 -12.048852
v 19.714909 26.395264 -12.045804
v 21.781103 26.390671 -16.258207
v 19.720871 26.391724 -16.261124
v 19.717884 26.393496 -14.153460
v 17.560514 26.392839 -16.264172
v 11.181862 26.397886 -14.165525
v 9.071220 26.400745 -12.060839
v 9.068243 26.402519 -9.953183
v 19.741745 26.379313 -31.035833
v 21.784081 26.388895 -18.365873
v 19.723846 26.389957 -18.368788
v 19.726824 26.388184 -20.476444
v 21.790045 26.385355 -22.581192
v 9.083129 26.393663 -20.491488
v 6.972487 26.396509 -18.386808
v 23.856390 26.380665 -26.898989
v 19.732851 26.384600 -24.744465
v 21.796148 26.381721 -26.901896
v 19.729801 26.386419 -22.584108
v 17.572502 26.385708 -24.747511
v 23.853333 26.382475 -24.738634
v 21.793091 26.383539 -24.741549
v 15.409100 26.388641 -22.590212
v 17.566469 26.389297 -20.479502
v 17.569445 26.387526 -22.587154
v 11.187816 26.394348 -18.380846
v 9.080152 26.395430 -18.383831
v 6.975464 26.394745 -20.494465
v 15.415203 26.385004 -26.910913
v 17.575548 26.383898 -26.907867
v 17.581390 26.380421 -31.038879
v 19.735905 26.382782 -26.904812
v 15.421034 26.381536 -31.041937
v -5.733190 26.438524 23.853928
v -3.622469 26.435627 21.696560
v -31.121429 26.446192 17.389669
v -26.800726 26.443972 17.395773
v -18.370077 26.439632 17.407698
v -18.373055 26.441406 19.515352
v -12.050071 26.438148 19.524294
v -14.157725 26.439238 19.521307
v -1.505803 26.429192 15.323860
v -7.831764 26.434214 17.422585
v -9.939428 26.435293 17.419607
v -3.616445 26.432045 17.428547
v -5.724100 26.433125 17.425562
v -5.727086 26.434898 19.533226
v -31.115475 26.442654 13.174349
v -35.246513 26.444778 13.168509
v -35.249493 26.446552 15.276174
v -26.794762 26.440432 13.180452
v -26.791786 26.438654 11.072788
v -26.797749 26.442205 15.288116
v -7.834742 26.435978 19.530249
v -5.730133 26.436707 21.693583
v -7.837798 26.437796 21.690596
v -7.840845 26.439606 23.850950
v -9.948509 26.440695 23.847975
v -14.160783 26.441046 21.681664
v -18.379158 26.445032 23.836058
v -22.591431 26.445385 21.669746
v -18.376102 26.443214 21.675709
v -31.127462 26.449785 21.657690
v -26.806751 26.447554 21.663794
v -12.061996 26.445244 27.965481
v -14.169652 26.446323 27.962496
v -14.154749 26.437464 17.413652
v -12.047093 26.436382 17.416630
v -14.148794 26.433926 13.198324
v -12.038153 26.431067 11.093645
v -9.933475 26.431755 13.204287
v -9.930498 26.429977 11.096622
v -14.130933 26.423298 0.552355
v -12.020290 26.420441 -1.552323
v -3.598573 26.421417 4.782578
v -5.706238 26.422497 4.779601
v -3.595596 26.419651 2.674914
v -22.567533 26.431173 4.755767
v -22.564558 26.429409 2.648103
v -31.103558 26.435564 4.743701
v -35.237576 26.439463 6.845525
v -31.100580 26.433800 2.636036
v -26.776899 26.429804 0.534484
v -26.773922 26.428028 -1.573171
v -22.561571 26.427635 0.540447
v -31.097605 26.432026 0.528381
v -35.228642 26.434151 0.522541
v -35.231621 26.435925 2.630205
v -9.912626 26.419352 -1.549346
v -14.124978 26.419756 -3.662965
v -14.127955 26.421530 -1.555300
v -18.340298 26.421926 -3.668919
v -18.343275 26.423691 -1.561263
v -22.555618 26.424095 -3.674873
v -22.558594 26.425859 -1.567217
v -26.770945 26.426264 -3.680836
v -31.091650 26.428486 -3.686939
v -7.819856 26.427124 8.991944
v -9.936451 26.433529 15.311952
v -5.715169 26.427809 11.102586
v -1.490918 26.420336 4.785555
v -14.142841 26.430382 8.983005
v -9.924535 26.426439 6.881302
v -9.927521 26.428213 8.988958
v -35.240551 26.441229 8.953189
v -31.109512 26.439112 8.959021
v -31.106535 26.437338 6.851365
v -26.785831 26.435116 6.857469
v -22.573488 26.434711 8.971096
v -18.358160 26.432552 8.977050
v -7.825810 26.430676 13.207264
v -12.041130 26.432837 13.201309
v -12.044107 26.434610 15.308966
v -14.151772 26.435698 15.305988
v -35.234596 26.437689 4.737861
v -26.803703 26.445744 19.503437
v -31.124407 26.447966 19.497334
v -35.258492 26.451900 21.651840
v -35.255447 26.450090 19.491495
v -35.222687 26.430611 -3.692779
v -35.219711 26.428837 -5.800444
v -31.088673 26.426712 -5.794603
v -26.767971 26.424490 -5.788491
v -12.035176 26.429293 8.985981
v -14.145817 26.432148 11.090659
v -9.942406 26.437067 19.527271
v -3.625525 26.437447 23.856913
v -1.517861 26.436367 23.859890
v -7.801985 26.416508 -3.654024
v -5.718146 26.429586 13.210240
v -1.499849 26.425640 11.108540
v -5.721123 26.431360 15.317905
v -7.828787 26.432440 15.314929
v -1.511757 26.432730 19.539188
v -3.619422 26.433809 19.536203
v -35.110054 22.150000 19.044502
v -35.121399 0.103848 19.063007
v -34.778339 0.102706 17.919310
v -34.778614 0.102873 18.113926
v -34.767277 22.149023 18.095421
v -34.758747 22.143955 12.062170
v -34.770367 0.097963 12.275310
v -34.756001 22.142323 10.115961
v -34.756271 22.142490 10.310586
v -34.764587 0.094529 8.188258
v -34.764870 0.094696 8.382875
v -34.753521 22.140856 8.364369
v -34.761848 0.092896 6.242041
v -34.750500 22.139055 6.223536
v -34.750774 22.139214 6.418152
v -34.761780 22.145758 14.203012
v -34.761497 22.145601 14.008388
v -34.764526 22.147390 16.149229
v -34.775864 0.101239 16.167736
v -35.101807 0.092193 5.197149
v -35.090469 22.138351 5.178644
v -34.753250 22.140688 8.169744
v -34.767345 0.096163 10.134467
v -35.107548 0.095610 9.258197
v -35.096203 22.141762 9.239682
v -34.770096 0.097805 12.080684
v -34.773125 0.099597 14.221518
v -3.631348 26.440905 27.977390
v -7.846667 26.443075 27.971428
v -5.739012 26.441986 27.974413
v -7.822834 26.428900 11.099608
v -5.709215 26.424271 6.887257
v -7.816879 26.425360 6.884280
v -9.921557 26.424675 4.773638
v -12.032199 26.427521 6.878326
v -14.136887 26.426844 4.767684
v -14.139864 26.428608 6.875349
v -18.355192 26.430779 6.869385
v -22.570511 26.432947 6.863431
v -7.804962 26.418272 -1.546369
v -14.163829 26.442863 23.842020
v -22.600300 26.450663 27.950588
v -26.815628 26.452831 27.944624
v -26.809807 26.449371 23.824148
v -31.136332 26.455053 27.938520
v -35.267372 26.457178 27.932671
v -31.130510 26.451593 23.818037
v -35.261547 26.453720 23.812197
v -3.610491 26.428507 13.213218
v -3.613468 26.430271 15.320883
v -5.712192 26.426044 8.994921
v -3.604528 26.424955 8.997898
v -3.601551 26.423191 6.890234
v -34.772842 0.099439 14.026893
v -34.775593 0.101072 15.973083
v -35.115795 0.100510 15.096830
v -34.764248 22.147234 15.954587
v -35.104450 22.146671 15.078325
v -34.759022 22.144123 12.256796
v -35.101700 22.145029 13.132108
v -35.113049 0.098877 13.150622
v -35.098953 22.143402 11.185900
v -34.767616 0.096330 10.329092
v -35.110298 0.097243 11.204405
v -35.093452 22.140127 7.293465
v -34.762123 0.093063 6.436657
v -35.104801 0.093967 7.311971
v -34.766994 22.148867 17.900797
v -35.107201 22.148306 17.024542
v -35.118546 0.102153 17.043047
v -22.588373 26.443575 19.509401
v -22.585396 26.441801 17.401735
v -22.576466 26.436485 11.078752
v -26.788809 26.436882 8.965133
v -31.112490 26.440878 11.066685
v -35.243530 26.443003 11.060854
v -26.782854 26.433352 4.749813
v -26.779877 26.431578 2.642149
v -22.552641 26.422321 -5.782537
v -12.017313 26.418667 -3.659987
v -9.906672 26.415813 -5.764666
v -9.909649 26.417587 -3.657010
v -3.586665 26.414330 -3.648070
v -3.583688 26.412563 -5.755726
v -5.691352 26.413645 -5.758712
v -5.694330 26.415419 -3.651047
v -5.697307 26.417192 -1.543383
v -22.594488 26.447201 23.830103
v -18.384979 26.448494 27.956541
v -35.252468 26.448317 17.383829
v -31.118452 26.444427 15.282005
v -22.582420 26.440037 15.294071
v -9.945462 26.438885 21.687618
v -12.053118 26.439966 21.684641
v -12.056174 26.441784 23.844997
v -9.954332 26.444155 27.968451
v -7.807939 26.420048 0.561295
v -3.589642 26.416103 -1.540406
v -1.487932 26.418564 2.677891
v -3.592619 26.417879 0.567250
v -5.700284 26.418959 0.564272
v -5.703260 26.420732 2.671937
v -9.915604 26.421127 0.558318
v -12.023268 26.422216 0.555341
v -14.133909 26.425070 2.660020
v -18.346252 26.425467 0.546401
v -18.349228 26.427240 2.654066
v -9.918581 26.422901 2.665983
v -7.813902 26.423586 4.776616
v -7.810925 26.421812 2.668960
v -3.607505 26.426731 11.105563
v -35.225666 26.432375 -1.585115
v -31.094627 26.430262 -1.579284
v -12.029222 26.425755 4.770661
v -12.026244 26.423981 2.662997
v -18.352205 26.429012 4.761722
v -18.367102 26.437868 15.300034
v -22.579443 26.438263 13.186416
v -18.364124 26.436094 13.192370
v -18.361147 26.434317 11.084705
v 0.613769 26.421021 6.896197
v 2.715480 26.423481 11.114502
v 2.712502 26.425249 13.222158
v 0.595907 26.431641 19.542166
v 2.691637 26.437656 27.986328
v 2.724411 26.418167 4.791510
v 2.730365 26.414619 0.576190
v 17.503792 26.426573 23.886782
v 19.658318 26.428919 28.010303
v 19.664139 26.425457 23.889820
v 17.506840 26.424757 21.726416
v 21.718559 26.427866 28.013210
v 21.724380 26.424404 23.892736
v 21.727428 26.422586 21.732388
v 19.667196 26.423649 21.729473
v 19.682159 26.414751 11.138477
v 21.739426 26.415455 13.249049
v 21.742393 26.413689 11.141384
v 19.700022 26.404125 -1.507491
v 0.619724 26.417482 2.680868
v 2.727388 26.416393 2.683854
v 0.583981 26.438736 27.983351
v -1.523683 26.439825 27.980366
v 0.589804 26.435278 23.862867
v 9.041441 26.418447 9.015769
v 23.784624 26.423344 23.895651
v 23.778801 26.426802 28.016127
v 17.509895 26.422947 19.566071
v 23.793705 26.417940 17.467283
v 23.790728 26.419706 19.574947
v 23.805613 26.410852 9.036644
v 23.802635 26.412624 11.144300
v 19.685137 26.412977 9.030812
v 17.524780 26.414083 9.027757
v 15.361448 26.416973 11.132374
v 15.364426 26.415197 9.024710
v 17.527758 26.412319 6.920101
v 19.688114 26.411203 6.923157
v 21.745369 26.411915 9.033729
v 21.748346 26.410151 6.926064
v 23.808590 26.409086 6.928980
v 17.542652 26.403467 -3.618203
v 13.274632 26.405661 -3.624236
v 15.382297 26.404572 -3.621259
v 15.385273 26.402800 -5.728923
v 11.169945 26.404968 -5.734878
v 21.751331 26.408375 4.818400
v 17.530735 26.410543 4.812437
v 15.367402 26.413425 6.917045
v 6.939731 26.415998 4.797472
v 4.832075 26.417078 4.794495
v 4.808179 26.431290 21.708475
v 4.805124 26.433107 23.868832
v 4.826121 26.420616 9.009815
v 4.829098 26.418852 6.902151
v 4.820158 26.424168 13.225135
v 6.930799 26.421301 11.120457
v 2.706540 26.428787 17.437477
v 2.700515 26.432377 21.705498
v 2.703571 26.430559 19.545143
v 4.811227 26.429472 19.548128
v 4.799301 26.436567 27.989305
v 2.697459 26.434187 23.865845
v 9.020452 26.430939 23.874786
v 11.128107 26.429859 23.877764
v 9.014629 26.434399 27.995260
v 11.122285 26.433317 27.998238
v 9.023499 26.429119 21.714430
v 13.238828 26.426950 21.720385
v 11.143142 26.420910 13.234076
v 13.259747 26.414513 6.914068
v 13.262714 26.412741 4.806404
v 15.370379 26.411659 4.809390
v 13.271655 26.407427 -1.516581
v 15.379319 26.406347 -1.513595
v 11.166968 26.406742 -3.627222
v 9.035487 26.421999 13.231090
v 9.032510 26.423773 15.338754
v 11.163991 26.408518 -1.519558
v 9.056326 26.409595 -1.522535
v 9.053358 26.411371 0.585130
v 6.945694 26.412451 0.582144
v 9.047395 26.414909 4.800449
v 11.149105 26.417368 9.018746
v 9.038465 26.420223 11.123433
v 0.601861 26.428102 15.326836
v 6.921868 26.426617 17.443441
v 11.137188 26.424458 17.449394
v 11.140165 26.422684 15.341731
v -1.479001 26.413248 -3.645093
v 0.631641 26.410395 -5.749772
v 21.730484 26.420778 19.572031
v 23.787670 26.421524 21.735296
v 0.616746 26.419247 4.788532
v 6.933777 26.419537 9.012793
v -1.502826 26.427418 13.216204
v 4.814204 26.427706 17.440454
v -1.514805 26.434547 21.699535
v 6.906965 26.435486 27.992283
v 2.718457 26.421705 9.006838
v 2.721434 26.419931 6.899174
v 4.823144 26.422392 11.117479
v 15.349540 26.424053 19.563013
v 9.029532 26.425537 17.446419
v 0.598884 26.429876 17.434500
v 2.709525 26.427021 15.329813
v -1.508780 26.430956 17.431524
v 17.536690 26.407005 0.597117
v 17.539667 26.405231 -1.510547
v 11.158037 26.412056 2.695762
v 11.161014 26.410282 0.588107
v 4.838029 26.413540 0.579167
v 4.841006 26.411764 -1.528498
v 0.622709 26.415709 0.573213
v -1.484955 26.416790 0.570235
v 17.521805 26.415857 11.135421
v 17.518827 26.417633 13.243086
v 15.352517 26.422279 17.455349
v 17.515850 26.419397 15.350750
v 13.250806 26.419830 13.237053
v 15.358471 26.418741 13.240030
v 13.247830 26.421602 15.344717
v 11.146129 26.419144 11.126410
v 6.924845 26.424852 15.335776
v 0.607815 26.424562 11.111517
v 0.604838 26.426336 13.219181
v 11.155060 26.413830 4.803427
v 11.152082 26.415594 6.911091
v 21.757278 26.404837 0.603080
v 23.820507 26.401999 -1.501669
v 21.733461 26.419004 17.464376
v 21.736439 26.417229 15.356713
v 23.796682 26.416168 15.359619
v 0.592851 26.433458 21.702520
v 0.628664 26.412169 -3.642116
v 0.625678 26.413933 -1.534452
v -1.481978 26.415014 -1.537429
v 2.736319 26.411079 -3.639130
v 4.843984 26.410000 -3.636153
v 2.733342 26.412855 -1.531475
v -1.496872 26.423876 9.000875
v -1.493886 26.422102 6.893220
v 0.610792 26.422787 9.003852
v 13.244853 26.423368 17.452372
v 15.355494 26.420515 15.347693
v 23.799658 26.414402 13.251965
v 9.044418 26.416683 6.908114
v 6.936753 26.417763 6.905128
v 4.835052 26.415314 2.686831
v 6.951648 26.408911 -3.633176
v 6.948671 26.410686 -1.525512
v 6.927823 26.423079 13.228112
v 4.817190 26.425932 15.332799
v 9.059312 26.407831 -3.630199
v 15.376342 26.408121 0.594061
v 13.268678 26.409203 0.591084
v 13.265700 26.410975 2.698748
v 6.942708 26.414225 2.689808
v 9.050372 26.413145 2.692785
v 13.229949 26.432228 28.001215
v 15.337613 26.431149 28.004202
v 13.235772 26.428770 23.880739
v 17.497971 26.430035 28.007256
v 15.343436 26.427679 23.883717
v 15.346484 26.425871 21.723370
v 11.131164 26.428040 21.717415
v 11.134211 26.426222 19.557058
v 6.912787 26.432018 23.871809
v 19.670242 26.421831 19.569126
v 19.679182 26.416519 13.246141
v 13.256761 26.416286 9.021724
v 13.253783 26.418055 11.129388
v 13.241876 26.425133 19.560036
v 6.915835 26.430208 21.711452
v 6.918891 26.428391 19.551096
v 9.026556 26.427311 19.554081
v 17.512863 26.421173 17.458405
v 19.673220 26.420067 17.461460
v 19.676197 26.418293 15.353798
v 23.823484 26.400234 -3.609333
v 21.760263 26.403063 -1.504576
v 19.702999 26.402351 -3.615155
v 19.705976 26.400585 -5.722811
v 21.763241 26.401299 -3.612240
v 23.826460 26.398460 -5.716989
v 15.373364 26.409885 2.701725
v 19.691092 26.409439 4.815493
v 21.754309 26.406601 2.710744
v 23.811565 26.407312 4.821316
v 23.814543 26.405540 2.713651
v 23.817520 26.403774 0.605995
v 19.697044 26.405899 0.600164
v 19.694069 26.407665 2.707829
v 17.533712 26.408779 2.704781
v -3.565817 26.401936 -18.401693
v -5.673481 26.403025 -18.404671
v -3.559863 26.398397 -22.617023
v -1.452198 26.397308 -22.614046
v -7.778168 26.402332 -20.515322
v -7.781145 26.404106 -18.407658
v -7.775192 26.400568 -22.622978
v -11.993488 26.404501 -20.521276
v -9.885824 26.403421 -20.518299
v -9.882847 26.401648 -22.625963
v -11.996466 26.406275 -18.413612
v -18.316473 26.407759 -20.530216
v -18.319450 26.409533 -18.422552
v -9.894764 26.408733 -14.195315
v -1.461138 26.402620 -16.291061
v -12.005397 26.411591 -12.090627
v -12.008383 26.413355 -9.982972
v -9.903695 26.414049 -7.872330
v -7.769088 26.396931 -26.943680
v -1.449151 26.395500 -24.774393
v -3.556807 26.396578 -24.777370
v -3.553759 26.394760 -26.937725
v -9.876743 26.398020 -26.946665
v -18.307392 26.402357 -26.958584
v -14.086232 26.396721 -31.083633
v -18.301561 26.398890 -31.089596
v -9.879799 26.399839 -24.786308
v -11.990511 26.402737 -22.628941
v -18.313496 26.405985 -22.637871
v -14.101152 26.405590 -20.524254
v -9.891787 26.406960 -16.302969
v -18.328381 26.414839 -12.099567
v -14.110084 26.410902 -14.201268
v -9.897740 26.410500 -12.087650
v -12.014338 26.416903 -5.767643
v -14.119015 26.416218 -7.878284
v -14.121992 26.417982 -5.770628
v -18.337320 26.420153 -5.776583
v -11.978568 26.395630 -31.080658
v -9.870912 26.394552 -31.077681
v -9.888809 26.405195 -18.410635
v -18.334343 26.418386 -7.884247
v -18.331358 26.416615 -9.991902
v -14.116038 26.414444 -9.985950
v -12.011351 26.415129 -7.875308
v -1.458161 26.400856 -18.398716
v -3.562840 26.400171 -20.509357
v -18.322435 26.411297 -16.314886
v -14.104130 26.407364 -18.416597
v -14.092064 26.400188 -26.952620
v -3.547919 26.391302 -31.068748
v -1.446095 26.393681 -26.934750
v -3.568794 26.403709 -16.294039
v -5.679435 26.406563 -14.189352
v -11.999442 26.408039 -16.305956
v -12.002419 26.409813 -14.198291
v -14.107106 26.409128 -16.308933
v -18.325403 26.413071 -14.207232
v -7.793054 26.411186 -9.977009
v -5.688366 26.411880 -7.866376
v -7.796031 26.412960 -7.869353
v -5.682412 26.408340 -12.081696
v -5.685390 26.410107 -9.974031
v -5.676458 26.404791 -16.297016
v -7.784122 26.405880 -16.299994
v -5.670504 26.401251 -20.512335
v -5.664471 26.397669 -24.780357
v -7.772135 26.398748 -24.783335
v -11.984407 26.399107 -26.949642
v -11.987464 26.400917 -24.789286
v -14.098175 26.403816 -22.631918
v -14.095119 26.401997 -24.792263
v -18.310438 26.404167 -24.798227
v -7.763247 26.393461 -31.074703
v -5.661424 26.395849 -26.940702
v -5.655584 26.392382 -31.071726
v -7.790077 26.409422 -12.084673
v -7.787099 26.407644 -14.192338
v -3.571771 26.405483 -14.186375
v -3.574757 26.407253 -12.078710
v -1.476024 26.411476 -5.752749
v -7.799008 26.414734 -5.761689
v -3.577734 26.409025 -9.971054
v -9.900718 26.412275 -9.979995
v -14.113061 26.412680 -12.093604
v -3.580711 26.410791 -7.863390
v -5.667527 26.399479 -22.620001
v 23.816053 26.609238 -5.717182
v 23.804138 26.616314 2.713458
v 23.839870 26.595068 -22.578470
v 23.835419 17.953646 -22.571226
v 23.827963 26.602156 -14.147830
v 23.823502 17.960732 -14.140575
v 23.811594 17.967812 -5.709928
v 23.851780 26.587980 -31.009119
v 23.799675 17.974899 2.720712
v 23.807245 9.537164 -5.702849
v 23.814808 1.099427 -14.126418
v 23.831062 9.522997 -22.564144
v 23.819155 9.530076 -14.133497
v -4.084539 25.950378 -30.431690
v -17.494677 19.400452 -30.577917
v -17.490303 17.991222 -30.576748
v -0.625186 17.986595 -30.380550
v -0.637006 16.512205 -30.379322
v -0.642636 15.371406 -30.378374
v -17.480038 16.516842 -30.575495
v -0.803942 10.822319 -30.344957
v -0.642328 14.004400 -30.377232
v -0.971879 10.822144 -30.328289
v -16.063835 25.954908 -30.450516
v -16.126196 25.952435 -30.456814
v -16.021349 25.957422 -30.444660
v -16.368086 23.308754 -30.438520
v -15.846790 25.959223 -30.433287
v -15.717485 25.955885 -30.432682
v -15.387653 25.950966 -30.437609
v -15.215176 25.951178 -30.442331
v -14.863346 25.954296 -30.453836
v -14.178837 25.956833 -30.470259
v -9.942529 25.953356 -30.457104
v -10.211511 21.125732 -30.413448
v -9.848158 25.954584 -30.463823
v -9.643610 20.441313 -30.517515
v -9.658986 25.954603 -30.473948
v -17.394878 20.711111 -30.578857
v -13.060081 10.822099 -30.275692
v -12.537608 20.430424 -30.477671
v -12.762259 10.822433 -30.395744
v -13.876564 25.950502 -30.467466
v -14.095128 19.606678 -30.479744
v -13.629766 25.949650 -30.458008
v -13.588200 22.040230 -30.422865
v -13.522537 25.951010 -30.451984
v -13.327219 25.954840 -30.439566
v -13.252089 19.388227 -30.360828
v -13.042596 25.955973 -30.426691
v -12.835791 25.950281 -30.427570
v -12.939399 25.953152 -30.425718
v -12.738012 25.949184 -30.432285
v -12.554179 25.950703 -30.447409
v -12.465219 25.952398 -30.456306
v -12.376328 25.954136 -30.465069
v -12.286023 25.955473 -30.473017
v -4.773447 10.819482 -30.529148
v -4.418244 10.820466 -30.471336
v -3.808391 10.821871 -30.360773
v -3.917823 25.949282 -30.430065
v -4.001251 25.949850 -30.429785
v -3.195369 10.821080 -30.427666
v -3.160583 20.988945 -30.449928
v -3.016542 10.821555 -30.424679
v -2.652355 10.822363 -30.467430
v -2.481503 10.822468 -30.514360
v -2.327845 10.822275 -30.550287
v -7.136631 22.483999 -30.426788
v -6.425654 25.948200 -30.417690
v 7.252587 10.812238 -30.373833
v 7.332547 10.815610 -30.369511
v 7.437289 10.819772 -30.375921
v 7.463309 10.818929 -30.385046
v 7.658550 10.809260 -30.454756
v 7.976306 10.813862 -30.526506
v -8.811951 25.949326 -30.417709
v -8.729358 20.729948 -30.359722
v -8.724097 25.948622 -30.423170
v -8.628489 25.948736 -30.430099
v -0.668121 22.997417 -30.384777
v -17.367075 24.051012 -30.554899
v -17.347685 21.902195 -30.579788
v -0.746473 24.046482 -30.385777
v -17.410360 24.636347 -30.539408
v -0.956836 23.031710 -30.356489
v -17.337137 25.286411 -30.516691
v -0.657099 25.281818 -30.386709
v -16.598665 25.951370 -30.477091
v -17.384954 25.955383 -30.500978
v -16.376974 25.950062 -30.469418
v -2.163895 18.805748 -30.476513
v -2.198610 10.821660 -30.578943
v -2.076734 10.821011 -30.572672
v -1.477754 10.821098 -30.424084
v -1.141616 10.821845 -30.341364
v -1.427187 23.890127 -30.364771
v -6.993151 10.822091 -30.366982
v -6.608652 10.822687 -30.251762
v -6.506193 10.821572 -30.237686
v -6.151394 10.819807 -30.293434
v -5.865410 10.820642 -30.380199
v -5.719112 10.821195 -30.427525
v -5.082729 10.819728 -30.559729
v -4.820114 18.172043 -30.490669
v -9.352919 10.821291 -30.515301
v -9.602317 10.824162 -30.589384
v -9.701299 10.826121 -30.573736
v -9.509799 10.822091 -30.585390
v -9.427328 10.821230 -30.558779
v -9.801263 10.826657 -30.547091
v -10.099980 10.823434 -30.427963
v -10.382645 10.820536 -30.306597
v -10.670762 19.726269 -30.358730
v -7.616765 20.482325 -30.505941
v -7.923448 10.823400 -30.568649
v -7.809959 10.821959 -30.578609
v -8.039993 10.823855 -30.544157
v 2.634782 25.944618 -30.450211
v 2.570148 25.945320 -30.453529
v 2.506777 25.945900 -30.456675
v 2.341334 25.945240 -30.462698
v 2.288827 25.944424 -30.462910
v 1.803511 20.843191 -30.451405
v 2.074433 25.944916 -30.459370
v 1.994992 25.945591 -30.457420
v 1.778948 25.947332 -30.451677
v -9.157995 10.824058 -30.341507
v -9.284560 10.821977 -30.460764
v -14.653748 10.829660 -30.507475
v -14.313395 10.825357 -30.519999
v -11.073071 10.824936 -30.365076
v -11.371508 10.823443 -30.419209
v -11.726877 10.820844 -30.527235
v -12.168091 10.824172 -30.618830
v -12.478620 10.827087 -30.550007
v -12.574124 10.825788 -30.502171
v -8.192561 20.375219 -30.473492
v -8.275788 10.822864 -30.464821
v -8.391815 10.821915 -30.416636
v -8.612163 10.820395 -30.319927
v -8.713286 10.820316 -30.278038
v -13.169609 10.824988 -30.263987
v -13.278707 10.827799 -30.269045
v -13.785987 10.822758 -30.416311
v -14.023151 10.821028 -30.482210
v -10.806688 25.954409 -30.432234
v -10.554902 25.954145 -30.422354
v -10.670964 25.954847 -30.425955
v -10.385823 25.949606 -30.425138
v -10.464211 25.951880 -30.422222
v -10.303132 25.948824 -30.429810
v -10.127476 25.950281 -30.442648
v -10.035854 25.951811 -30.449903
v 3.596229 25.946348 -30.459728
v 3.648376 25.945971 -30.457235
v 3.491188 20.165901 -30.476730
v 3.442202 25.943237 -30.461777
v 3.494543 25.944643 -30.462206
v 3.149184 22.478678 -30.442930
v 3.260434 25.943466 -30.454998
v 3.133307 25.945223 -30.448515
v -9.565441 25.952679 -30.476469
v -9.329357 25.949745 -30.463743
v -9.399815 25.949728 -30.471128
v -9.203732 25.951378 -30.444380
v -9.365829 19.891651 -30.490421
v -9.264625 25.950396 -30.454506
v -9.085869 25.953171 -30.425331
v -9.025115 25.953400 -30.418358
v -9.081961 19.997246 -30.367212
v -12.095411 25.955156 -30.483326
v -11.731708 25.949017 -30.476046
v -11.574924 25.949236 -30.468361
v -11.857465 18.725023 -30.511885
v -11.408559 25.950291 -30.459345
v 1.593579 25.946329 -30.451071
v 1.647403 25.946392 -30.449938
v 1.294159 25.948288 -30.461153
v 1.070852 25.949045 -30.435368
v 0.822314 18.804218 -30.467194
v 0.959874 25.947981 -30.440533
v 0.723122 23.285702 -30.459345
v 0.835373 25.947769 -30.436756
v 0.694950 25.948393 -30.429985
v 0.546263 25.949316 -30.424629
v 3.072412 25.945934 -30.445459
v 2.963271 25.946039 -30.441006
v 3.015233 25.946287 -30.442867
v 4.117928 25.944504 -30.449192
v 4.034430 25.946644 -30.438942
v 3.893743 25.942097 -30.441261
v 3.751704 25.944038 -30.450869
v 4.004290 25.946093 -30.437424
v 4.056437 19.990438 -30.415312
v 6.399317 19.596140 -30.454233
v 4.463251 25.945927 -30.453405
v 4.506854 25.944302 -30.450396
v 4.549684 25.942701 -30.447357
v 4.591406 25.941526 -30.444492
v 4.631742 25.941113 -30.441990
v 4.798800 19.718252 -30.409822
v 4.749411 25.946232 -30.438669
v 4.670400 25.941824 -30.440006
v 4.803665 25.946856 -30.439978
v 4.937046 25.945040 -30.445442
v 5.010814 25.943398 -30.448963
v 3.617823 10.817551 -30.468651
v 3.672825 10.816716 -30.450981
v 3.726992 10.815644 -30.431440
v 5.671988 20.421043 -30.455715
v 5.642297 25.943062 -30.449984
v 5.683879 25.941298 -30.446302
v 5.726129 25.940016 -30.442867
v 5.815468 25.940649 -30.437977
v 5.912130 25.946180 -30.437361
v 5.863882 25.943449 -30.437090
v 0.100799 19.395401 -30.431257
v 0.235698 19.076408 -30.417461
v 0.108589 15.370983 -30.427868
v 6.599624 25.946680 -30.450764
v 6.680866 25.945143 -30.448542
v 6.763126 25.943142 -30.446049
v 7.134400 19.803059 -30.417032
v 7.008177 25.939419 -30.438864
v 6.927559 25.939753 -30.440990
v 0.261192 23.031025 -30.422522
v 0.199859 24.631252 -30.435518
v 0.126258 22.996960 -30.434254
v 7.975982 13.995970 -30.484917
v 7.976228 15.362991 -30.486067
v 7.985054 17.978163 -30.488253
v 7.942513 20.698124 -30.490599
v 7.941732 25.942350 -30.461906
v 0.103890 10.821879 -30.434101
v 0.258979 10.821441 -30.405052
v 0.832633 10.820158 -30.504332
v 0.893000 10.820668 -30.492651
v 0.964766 10.820721 -30.478012
v 1.129014 10.819974 -30.444290
v 2.112705 10.815803 -30.489006
v 2.035995 10.816013 -30.481146
v 1.710185 10.818604 -30.433285
v 1.584735 10.819043 -30.414623
v 1.543566 10.818560 -30.410400
v 2.180572 10.816040 -30.493073
v 2.273819 19.676054 -30.472832
v 2.347078 10.817797 -30.473383
v 2.410896 10.817524 -30.457438
v 2.614057 10.815618 -30.401258
v 2.679728 10.815169 -30.384659
v 4.585259 21.118084 -30.433094
v 2.741378 10.815065 -30.371567
v 2.845487 10.816646 -30.361792
v 2.893375 10.817691 -30.367332
v 2.948368 10.817945 -30.378784
v 3.073247 10.816865 -30.413210
v 3.372175 20.476677 -30.473175
v 3.399900 10.814819 -30.494320
v 3.274546 10.814459 -30.470469
v 3.455252 10.816216 -30.497314
v 3.562726 10.817927 -30.483175
v 1.298295 10.818745 -30.442278
v 3.877075 10.813739 -30.375317
v 3.920475 10.814389 -30.361898
v 3.982783 21.023283 -30.402718
v 3.959309 10.816084 -30.353342
v 4.055857 10.818007 -30.378986
v 4.084996 10.817172 -30.400291
v 4.189167 19.884687 -30.464491
v 4.209603 25.942720 -30.459721
v 4.249719 10.815065 -30.497963
v 4.432708 10.818797 -30.468010
v 6.572515 10.817717 -30.465742
v 6.494741 10.814679 -30.465742
v 6.359043 10.810542 -30.450903
v 4.614714 10.813132 -30.399439
v 4.657332 10.812720 -30.384747
v 4.781702 10.817857 -30.365841
v 4.839057 10.818473 -30.373997
v 5.119648 10.814933 -30.428825
v -16.642908 10.822397 -30.464497
v -16.495714 17.050079 -30.428087
v -17.157398 10.823179 -30.544605
v 5.769634 10.812852 -30.417681
v 5.814291 10.811587 -30.397552
v 5.860378 10.811219 -30.380753
v 5.908670 10.812238 -30.369030
v 6.058938 10.818586 -30.372700
v -8.198998 25.952074 -30.461275
v -8.087433 25.952362 -30.467150
v -7.757874 25.949009 -30.471235
v -7.871898 20.171734 -30.515970
v -7.634979 25.948402 -30.467072
v -7.368974 25.948946 -30.453188
v -7.504295 25.948446 -30.460846
v -7.097068 25.950510 -30.436239
v -6.636385 25.949913 -30.413967
v -6.733267 25.951054 -30.416462
v 5.363400 10.811763 -30.489595
v 5.299494 25.940245 -30.458817
v 5.352870 18.716179 -30.469469
v 5.591264 10.818341 -30.495628
v 5.637256 10.817804 -30.480066
v -8.420136 25.950317 -30.446117
v -1.562043 25.950466 -30.359959
v -1.401500 25.950754 -30.357569
v -0.908676 19.077057 -30.348692
v -0.728848 25.950783 -30.368671
v -5.877863 20.272760 -30.414740
v -5.402480 25.949228 -30.466368
v -5.268072 19.679928 -30.498915
v -4.831425 25.948481 -30.456322
v -4.997544 25.948076 -30.461029
v -3.161979 25.950598 -30.455639
v -2.991101 25.951002 -30.420095
v -2.829627 25.951170 -30.391195
v -2.562226 25.950422 -30.394058
v -16.217405 20.033226 -30.379305
v -16.243216 10.831127 -30.288919
v -16.386213 10.831276 -30.325699
v -16.427698 10.829283 -30.355452
v -16.472555 10.826754 -30.389946
v -16.106543 10.827772 -30.286198
v -15.390095 10.824260 -30.381649
v 7.353360 25.940332 -30.445688
v 7.324230 25.942862 -30.443220
v 7.304348 25.945398 -30.440935
v 6.164163 22.030035 -30.433191
v 6.186583 25.939436 -30.449236
v 6.136456 25.940876 -30.446943
v 6.045168 25.944847 -30.442192
v 6.001513 25.946392 -30.440102
v 6.198702 10.814389 -30.410023
v 6.151552 10.816408 -30.395752
v 0.338315 10.821019 -30.410101
v 7.519312 17.037699 -30.429230
v 7.482718 10.816926 -30.396973
v 7.391429 20.021027 -30.411430
v 7.503751 10.814371 -30.410786
v 7.583438 10.809918 -30.440557
v 15.383596 0.049933 -14.137448
v 15.395513 0.042845 -22.568098
v 23.826153 0.038507 -22.556179
v 23.838060 0.031419 -30.986830
v 6.952948 0.054263 -14.149365
v 23.802328 0.052674 -5.694891
v 23.814245 0.045586 -14.125540
v 15.407421 0.035766 -30.998737
v 6.964865 0.047184 -22.580013
v -1.453876 0.044434 -31.022570
v 6.976773 0.040096 -31.010654
v -1.489609 0.065688 -5.730634
v 6.941040 0.061350 -5.718717
v -5.108047 24.981400 -1.435962
v -5.703085 25.340202 -1.379143
v -5.703761 24.029823 -1.378045
v -5.803226 25.340107 -1.553175
v -5.803902 24.029736 -1.552068
v -5.904534 24.029928 -1.378326
v -5.903857 25.340307 -1.379433
v -5.802839 24.035006 -2.303249
v -5.804078 25.336550 -0.953536
v -6.145905 25.336601 -1.095698
v -5.803885 26.417992 -0.696251
v -6.287101 25.336390 -1.437930
v -6.544728 26.417755 -1.439203
v -6.328174 26.418079 -0.914298
v -5.461845 25.336250 -1.094732
v -5.278979 26.417536 -0.912814
v -6.144939 25.336031 -1.779757
v -6.326690 26.417202 -1.963493
v -5.312702 24.494749 -0.944016
v -6.463829 23.353008 -1.650865
v -6.212937 23.353537 -0.874972
v -6.628701 23.353045 -1.704690
v -5.319684 25.335890 -1.436560
v -5.060941 26.416990 -1.437104
v -5.277495 26.416658 -1.962009
v -5.802707 25.335733 -1.920954
v -5.803392 25.336138 -1.437245
v -5.460879 25.335670 -1.778792
v -5.801785 26.416746 -2.180047
v -5.397482 23.353113 -0.873813
v -4.979374 23.352200 -1.702362
v -5.803436 23.352262 -2.129252
v -5.803190 23.352123 -2.302669
v -5.802848 24.494001 -2.132071
v -5.311305 24.493921 -1.927672
v -5.108302 24.494230 -1.435558
v -5.804806 24.495171 -0.741013
v -6.296340 24.495258 -0.945412
v -6.499352 24.494949 -1.437526
v -6.294952 24.494432 -1.929059
v -5.803832 24.494589 -1.436533
v -6.499106 24.982119 -1.437930
v -5.397623 23.078081 -0.873585
v -6.213078 23.078505 -0.874744
v -5.144536 23.077299 -1.648766
v -5.804560 23.077818 -1.435348
v -6.463978 23.077976 -1.650628
v -5.803576 23.077240 -2.129024
v -5.144396 23.352324 -1.648995
v -6.628350 24.035927 -1.705269
v -5.295735 23.353176 -0.733364
v -5.295383 24.036058 -0.733943
v -4.979023 24.035084 -1.702933
v -6.315080 23.353701 -0.734804
v -6.314729 24.036587 -0.735383
v -5.312447 24.981916 -0.944429
v -5.311059 24.981091 -1.928076
v -5.804560 24.982347 -0.741417
v -6.296094 24.982428 -0.945816
v -5.802593 24.981171 -2.132475
v -5.803576 24.981760 -1.436946
v -6.294706 24.981592 -1.929463
v -33.706944 24.222376 10.652125
v -35.405792 24.223236 10.633542
v -35.405018 24.382980 10.567204
v -30.985044 24.382904 13.187522
v -30.918926 24.223072 13.187750
v -31.090858 24.381681 11.673710
v -31.025908 24.221840 11.661591
v -35.401638 24.382710 10.247602
v -32.109062 24.447536 10.628510
v -32.065670 24.381180 10.474782
v -31.476061 24.447573 11.056955
v -31.341417 24.381224 10.970997
v -31.304672 24.383060 13.187074
v -31.144815 24.449190 13.187250
v -31.247862 24.447992 11.703235
v -31.610785 24.381504 11.143025
v -32.152515 24.381489 10.782351
v -32.858295 24.447809 10.494770
v -27.920046 22.820835 27.224602
v -34.777409 22.824354 27.214907
v -28.970821 24.188744 13.822395
v -35.205116 23.337406 27.699713
v -35.183197 23.324371 12.188103
v -27.471262 23.320402 12.199011
v -27.493174 23.333435 27.710611
v -27.899231 23.321026 12.684237
v -27.919783 23.333242 27.224171
v -34.777138 23.336773 27.214485
v -34.756859 22.812140 12.674973
v -34.756596 23.324558 12.674552
v -27.899504 22.808609 12.684669
v -33.704803 24.448185 10.425955
v -35.403278 24.449045 10.407372
v -35.203789 25.904892 27.697554
v -34.669777 26.262781 12.769387
v -34.690041 26.274832 27.114967
v -34.325737 24.763353 10.878830
v -34.729267 24.951679 10.422987
v -34.325001 24.951479 10.423557
v -34.728725 24.762791 9.968056
v -34.324455 24.762589 9.968637
v -27.489811 25.416378 26.082634
v -28.987507 25.417150 26.080517
v -27.473307 23.811357 13.824819
v -27.469944 25.887886 12.196850
v -27.490627 23.821659 26.083977
v -27.983301 26.259340 12.778837
v -35.181873 25.891857 12.185951
v -27.491856 25.900923 27.708460
v -28.003571 26.271397 27.124416
v -32.868542 24.381741 10.654311
v -34.324421 24.307341 9.780499
v -34.728687 24.307552 9.779939
v -34.729187 23.852604 9.968829
v -34.730003 24.763554 10.878251
v -34.324921 23.852392 9.969399
v -34.325661 23.664267 10.424638
v -34.729927 23.664469 10.424067
v -34.326229 24.308422 11.067713
v -34.730480 23.853369 10.879015
v -34.730507 24.308634 11.067150
v -34.325325 24.307886 10.424102
v -34.326202 23.853157 10.879594
v -27.472483 25.406078 13.823483
v -28.988140 24.199045 26.081545
v -28.970190 25.406851 13.821367
v -32.848274 24.061861 10.335615
v -32.047771 24.221313 10.411201
v -31.405111 24.062290 11.733147
v -32.170605 24.221743 10.846196
v -32.152683 24.061878 10.782624
v -32.868710 24.062141 10.654583
v -32.872856 24.221998 10.720501
v -33.706429 24.062510 10.586076
v -33.703407 24.381847 10.266212
v -35.401016 24.222851 10.181553
v -33.702896 24.221998 10.200145
v -32.848114 24.381470 10.335352
v -32.843971 24.221603 10.269434
v -31.285704 24.221357 10.935510
v -31.370932 24.223301 13.187110
v -31.470089 24.222139 11.745274
v -31.404945 24.381891 11.732874
v -31.666672 24.221762 11.178786
v -33.706261 24.382120 10.585813
v -27.973143 25.396057 13.807948
v -27.990116 25.406149 25.819887
v -27.316357 25.154430 13.809082
v -27.333323 25.164522 25.821020
v -27.973263 25.160753 13.808150
v -27.990231 25.170855 25.820080
v -27.316481 24.919136 13.809275
v -27.333447 24.929228 25.821213
v -27.973379 24.943541 13.808326
v -27.990345 24.953632 25.820272
v -27.316586 24.701942 13.809459
v -27.333563 24.712032 25.821407
v -27.973511 24.690140 13.808546
v -27.990477 24.700230 25.820484
v -27.316717 24.448513 13.809669
v -27.333683 24.458603 25.821617
v -27.973616 24.472927 13.808722
v -27.990591 24.483017 25.820660
v -27.316832 24.231318 13.809855
v -27.333799 24.241407 25.821793
v -27.973719 24.273832 13.808887
v -27.990696 24.283922 25.820835
v -27.316938 24.032206 13.810020
v -27.333904 24.042305 25.821960
v -33.703583 24.062229 10.266484
v -35.401806 24.063089 10.247867
v -35.403519 23.997042 10.407750
v -31.341583 24.061613 10.971270
v -32.065838 24.061581 10.475046
v -31.145042 23.997175 13.187618
v -31.304840 24.063459 13.187338
v -31.248098 23.995987 11.703612
v -31.476290 23.995558 11.057342
v -31.610952 24.061905 11.143298
v -32.109291 23.995522 10.628880
v -32.858524 23.995794 10.495139
v -33.705032 23.996181 10.426332
v -35.405178 24.063370 10.567476
v -31.091026 24.062080 11.673983
v -30.985212 24.063303 13.187795
v -35.290680 0.091938 4.780885
v -35.279228 22.327789 4.762222
v -35.279869 22.328175 5.217354
v -35.291321 0.092325 5.236018
v -34.869789 0.092105 5.236615
v -34.858334 22.327953 5.217952
v -18.374733 0.088532 11.106820
v -9.944083 0.084193 11.118737
v -18.362814 0.081444 2.676180
v -9.920259 0.070027 -5.742551
v -35.247940 0.104287 19.513645
v -35.259842 0.111375 27.944283
v -35.236031 0.097208 11.082995
v -26.805380 0.092870 11.094912
v -35.224110 0.090120 2.652346
v -18.386641 0.095610 19.537470
v -26.829197 0.107036 27.956202
v -1.537251 0.094022 27.991953
v -9.932166 0.077106 2.688097
v -18.398550 0.102698 27.968117
v -9.967900 0.098360 27.980026
v -9.955992 0.091272 19.549385
v -26.817289 0.099949 19.525551
v -26.793465 0.085782 2.664263
v -26.781555 0.078703 -5.766376
v -35.212200 0.083042 -5.778294
v -34.857693 22.327578 4.762819
v -34.869148 0.091728 4.781491
v -34.877636 22.339540 19.010586
v -34.889107 0.103699 19.029257
v -35.193798 22.339706 19.010147
v -35.194118 22.339901 19.243965
v -35.205589 0.104059 19.262630
v -34.877972 22.339743 19.244413
v -34.889442 0.103892 19.263079
v -35.205257 0.103857 19.028809
v 15.371688 0.057012 -5.706809
v -1.501526 0.072767 2.700006
v 6.929122 0.068429 2.711923
v -1.513435 0.079855 11.130654
v 15.359771 0.064091 2.723840
v 23.790419 0.059752 2.735757
v -1.525343 0.086934 19.561302
v 6.905305 0.082596 19.573221
v 15.335955 0.078266 19.585129
v 23.778511 0.066840 11.166406
v 15.324038 0.085345 28.015778
v 6.893397 0.089683 28.003859
v 6.917214 0.075517 11.142571
v 15.347862 0.071178 11.154490
v 23.766602 0.073928 19.597046
v 23.754684 0.081007 28.027695
v -18.327080 0.060198 -22.615757
v -18.315172 0.053111 -31.046406
v -18.350908 0.074365 -5.754468
v -1.477701 0.058601 -14.161283
v -18.338989 0.067277 -14.185108
v -9.896432 0.055860 -22.603838
v -9.908350 0.062939 -14.173200
v -9.884524 0.048773 -31.034489
v -1.465784 0.051522 -22.591930
v -1.453630 1.098442 -30.812693
v 6.977019 1.094104 -30.800774
v 10.138506 1.092479 -30.796305
v 10.137971 0.038647 -30.795427
v 6.976474 0.040272 -30.799896
v 20.718428 0.033202 -30.780470
v 23.627005 0.031709 -30.776361
v 23.627548 1.085541 -30.777248
v 20.718973 1.087043 -30.781357
v 23.838614 1.085260 -30.987707
v 23.556398 1.127865 19.595869
v 23.555853 0.074033 19.596746
v 23.795338 9.544242 2.727791
v 23.771513 9.558410 19.589088
v 23.783421 9.551330 11.158439
v 23.790981 1.113593 2.734870
v 23.779074 1.120672 11.165519
v 23.580223 1.113699 2.734571
v 23.592133 1.106611 -5.696068
v 23.604040 1.099532 -14.126717
v 23.603504 0.045700 -14.125830
v 23.591587 0.052779 -5.695190
v 23.802898 1.106506 -5.695770
v 23.826715 1.092339 -22.557068
v 23.615950 1.092453 -22.557356
v 23.615414 0.038612 -22.556479
v 23.780310 26.630482 19.574755
v 23.768404 26.637568 28.005404
v 23.792229 26.623402 11.144106
v 23.787766 17.981977 11.151361
v 23.775860 17.989067 19.582008
v 23.567772 0.066946 11.166098
v 23.767166 1.127760 19.596157
v 23.568308 1.120778 11.165219
v 23.579670 0.059867 2.735458
v -18.397705 1.156346 27.756462
v -14.182930 0.100344 27.763313
v -18.393656 9.587179 27.960152
v -14.176159 13.800338 27.962574
v -9.958661 18.013496 27.964989
v -9.959750 15.905833 27.966763
v -14.182385 1.154186 27.762417
v -9.967057 1.152016 27.768381
v -9.967610 0.098184 27.769268
v -14.182684 1.154361 27.973194
v -22.566551 0.076727 -5.528579
v -22.566261 0.076552 -5.739346
v -22.565718 1.130384 -5.740232
v -35.218948 1.141212 -0.615412
v -35.226246 1.145551 4.548357
v -35.015480 1.145437 4.548656
v -35.016022 0.091605 4.549543
v -7.859401 1.150927 27.771358
v -14.173982 18.015667 27.959034
v -14.169634 26.451900 27.951958
v -18.384962 26.454069 27.945993
v -35.008331 1.141186 -0.509730
v -35.008877 0.087354 -0.508843
v -18.391487 13.802506 27.956619
v -18.389309 18.017828 27.953081
v -22.566017 1.130559 -5.529466
v -18.339859 1.128206 -5.734261
v -18.394745 7.479514 27.961926
v -26.828651 1.160860 27.955313
v -7.859700 1.151103 27.982124
v -5.752036 1.150023 27.985109
v -3.644073 1.148758 27.777313
v -5.751737 1.149847 27.774336
v -5.752282 0.096015 27.775221
v -3.644617 0.094926 27.778198
v -1.536953 0.093846 27.781185
v -14.177248 11.692675 27.964342
v -9.960839 13.798169 27.968527
v -14.178329 9.585010 27.966114
v -7.859937 0.097095 27.772245
v -30.996655 1.134898 -5.541383
v -35.001217 1.136953 -5.547039
v -35.001762 0.083121 -5.546152
v -35.211685 1.136882 -5.758104
v -18.398005 1.156530 27.967232
v -26.828354 1.160684 27.744547
v -26.828899 0.106852 27.745434
v -18.398251 0.102514 27.757351
v -14.179417 7.477345 27.967880
v -14.180506 5.369689 27.969654
v -18.395824 5.371859 27.963690
v -18.392567 11.694843 27.958387
v -30.996367 1.134722 -5.752150
v -30.996901 0.080890 -5.751263
v -30.997208 0.081066 -5.540496
v -35.036625 1.158005 19.513056
v -35.037170 0.104182 19.513933
v -35.048782 0.111085 27.733814
v -35.259300 1.165198 27.943405
v -35.048237 1.164917 27.732937
v 2.678367 0.091677 27.787140
v 6.893696 0.089508 27.793093
v 2.678613 1.145684 27.997019
v 2.678911 1.145509 27.786253
v 15.324345 0.085169 27.805012
v 6.894231 1.143340 27.792213
v 15.324881 1.139001 27.804123
v 23.544764 1.134769 27.815742
v 23.544218 0.080945 27.816629
v 0.570703 0.092757 27.784163
v 0.571247 1.146589 27.783276
v -1.536417 1.147678 27.780298
v -18.327915 1.121109 -14.185977
v -18.117695 0.067163 -14.184800
v -18.129927 0.074444 -5.522309
v -18.129381 1.128276 -5.523196
v -18.093622 1.107004 -30.836208
v -13.988955 1.104897 -30.830406
v -18.094166 0.053172 -30.835321
v -1.454174 0.044619 -30.811804
v -9.884278 1.102780 -30.824598
v -1.453331 1.098266 -31.023458
v -16.199060 1.105854 -31.044296
v -18.105232 1.113917 -22.616327
v -18.111731 0.063624 -18.400120
v -18.117149 1.120995 -14.185688
v -18.310043 1.110482 -26.831945
v -18.099426 1.110456 -26.726273
v -18.099970 0.056633 -26.725386
v -18.105776 0.060084 -22.615440
v -18.315998 1.114022 -22.616625
v -18.321953 1.117561 -18.401297
v -18.111195 1.117456 -18.401007
v -13.989491 0.051065 -30.829525
v -9.884823 0.048948 -30.823723
v -14.094039 1.104774 -31.041319
v -9.883979 1.102605 -31.035376
v -18.305696 9.541131 -26.839025
v -18.316526 11.655884 -18.410149
v -18.313259 17.978867 -18.415457
v -18.305136 22.193432 -22.634323
v -18.291584 25.349958 -31.067623
v -18.326809 26.425755 -5.755497
v -18.297003 26.408024 -26.853182
v -18.328924 22.310225 -5.752038
v -18.334415 11.666529 -5.743105
v -18.322481 11.659422 -14.194830
v -18.335503 9.558864 -5.741331
v -18.319784 5.332890 -18.404844
v -18.317606 9.548220 -18.408375
v -18.323568 9.551758 -14.193057
v -18.307865 5.325803 -26.835484
v -18.311651 9.544679 -22.623705
v -18.301922 5.322263 -31.050814
v -18.304090 1.106934 -31.047274
v -18.310572 11.652335 -22.625469
v -18.315437 13.763548 -18.411915
v -18.321390 13.767087 -14.196595
v -18.319212 17.982405 -14.200135
v -18.309483 13.759999 -22.627245
v -18.303518 13.756460 -26.842566
v -18.301350 17.971788 -26.846104
v -18.307312 17.975328 -22.630785
v -18.304607 11.648795 -26.840797
v -18.299171 22.189892 -26.849644
v -18.311090 22.196980 -18.418995
v -18.317043 22.200520 -14.203674
v -18.314865 26.418650 -14.207222
v -18.302958 26.411562 -22.637861
v -18.308910 26.415108 -18.422543
v -18.313829 5.329350 -22.620165
v -18.325739 5.336430 -14.189516
v -26.770113 22.314562 -5.763972
v -26.767996 26.430094 -5.767424
v -30.983316 26.432262 -5.773386
v -30.985441 22.316740 -5.769926
v -35.198643 26.434431 -5.779340
v -22.552666 26.427925 -5.761469
v -22.554792 22.312393 -5.758018
v -18.331158 17.989513 -5.748410
v -18.333334 13.774183 -5.744871
v -22.559193 13.776362 -5.750851
v -22.557024 17.991692 -5.754382
v -22.560282 11.668697 -5.749077
v -35.200771 22.318901 -5.775889
v -35.207340 9.567540 -5.765183
v -22.563540 5.345713 -5.743772
v -18.337681 5.343534 -5.737801
v -35.202988 17.998198 -5.772262
v -30.987663 17.996029 -5.766299
v -30.992010 9.565372 -5.759220
v -22.561371 9.561033 -5.747312
v 6.981665 9.524586 -31.018620
v 6.989814 25.336952 -31.031891
v -1.440290 26.395817 -31.044695
v 6.979486 5.309257 -31.015081
v 10.140983 5.307632 -31.010618
v 10.138805 1.092303 -31.007071
v 10.143152 9.522961 -31.014149
v 10.144241 11.630626 -31.015923
v 6.982753 11.632251 -31.020384
v 6.983834 13.739915 -31.022160
v 6.977317 1.093937 -31.011539
v 10.145329 13.738281 -31.017689
v 10.147499 17.953609 -31.021231
v 6.986012 17.955235 -31.025700
v 6.988181 22.173372 -31.029238
v 7.780206 25.362190 -31.030792
v 20.719273 1.086859 -30.992117
v 10.151319 25.360970 -31.027447
v 10.149730 22.274323 -31.024857
v 18.000771 22.270281 -31.013765
v 20.732313 26.384407 -31.013361
v 10.151855 26.389853 -31.028307
v 6.990358 26.391478 -31.032778
v 12.784309 22.272970 -31.021133
v 12.786427 26.388493 -31.024584
v 20.730196 22.268877 -31.009901
v 20.727966 17.948166 -31.006273
v 23.851656 26.382801 -31.008944
v 23.847309 17.946566 -31.001863
v 20.723619 9.517516 -30.999193
v 23.842962 9.515909 -30.994795
v 18.002897 26.385813 -31.017216
v 15.421007 26.387140 -31.020861
v 15.418881 22.271608 -31.017408
v -1.187704 25.938496 -30.823469
v -1.027838 25.938435 -30.807987
v -1.852444 10.949130 -30.818707
v -0.922367 25.938435 -30.738741
v -1.769665 10.949007 -30.916363
v -0.866882 25.938478 -30.655390
v -1.535091 10.948875 -30.929455
v -0.677280 25.938400 -30.624565
v -1.299911 10.948752 -30.929888
v -0.506314 25.938259 -30.692627
v -1.057424 10.948647 -30.904314
v -0.400324 25.938135 -30.777548
v -0.806471 10.948524 -30.897463
v -0.250874 25.938057 -30.774702
v -0.559137 10.948400 -30.898596
v -0.168288 25.938074 -30.708145
v -0.422086 10.948383 -30.832592
v -0.406287 10.948453 -30.735640
v -1.281240 10.949059 -30.558016
v -1.256563 10.948945 -30.672417
v 0.916439 25.937443 -30.792503
v 1.016966 25.937460 -30.711420
v 0.488653 10.947839 -30.916248
v 1.140808 25.937460 -30.634201
v 0.719592 10.947717 -30.928648
v 1.295616 25.937424 -30.574394
v 0.909712 10.947655 -30.878616
v 1.501860 25.937302 -30.595234
v 1.048572 10.947655 -30.795216
v 1.655035 25.937170 -30.663506
v 1.078492 10.947734 -30.682518
v 1.809992 25.937046 -30.709507
v 1.217677 10.947742 -30.587875
v 1.923823 25.937031 -30.661821
v 1.468348 10.947637 -30.562065
v 2.084225 25.936995 -30.609489
v 1.712302 10.947461 -30.620409
v -1.292824 25.938700 -30.651396
v -1.288336 25.938610 -30.757641
v -1.504451 10.949025 -30.727736
v -1.772985 10.949174 -30.719534
v -0.183841 25.938154 -30.615540
v 0.012760 25.938084 -30.584976
v -0.386932 10.948515 -30.650524
v 0.209976 25.937979 -30.590960
v -0.282155 10.948550 -30.546089
v 0.382497 25.937838 -30.651432
v -0.083288 10.948462 -30.527576
v 0.493606 25.937706 -30.739971
v 0.181918 10.948304 -30.550455
v 0.621015 25.937582 -30.812395
v 0.392877 10.948129 -30.631424
v 0.776613 25.937468 -30.847496
v 0.477825 10.947989 -30.753071
v 0.342873 10.947963 -30.863741
v -1.539341 10.949200 -30.545765
v -1.390997 25.938803 -30.581078
v -1.901552 25.939005 -30.658079
v -2.027529 10.949385 -30.623571
v -1.745963 25.938971 -30.600908
v -1.792858 10.949314 -30.567024
v -1.588424 25.938936 -30.547831
v -1.390857 25.938732 -30.665464
v -1.256440 10.948875 -30.756804
v -0.183727 25.938084 -30.699924
v 0.012874 25.938013 -30.669365
v -0.386809 10.948445 -30.734919
v 0.210099 25.937899 -30.675344
v -0.282041 10.948481 -30.630474
v 0.382638 25.937767 -30.735825
v -0.083165 10.948393 -30.611963
v 0.493729 25.937635 -30.824356
v 0.182032 10.948235 -30.634840
v 0.621155 25.937504 -30.896780
v 0.393000 10.948059 -30.715809
v 0.776727 25.937399 -30.931890
v 0.477939 10.947918 -30.837458
v 0.916553 25.937372 -30.876888
v 0.342996 10.947891 -30.948126
v -1.588309 25.938864 -30.632217
v -1.539219 10.949130 -30.630150
v -1.281117 10.948981 -30.642408
v -1.292710 25.938627 -30.735790
v -1.288213 25.938532 -30.842026
v -1.504337 10.948963 -30.812120
v -1.772862 10.949103 -30.803919
v 1.923946 25.936958 -30.746206
v 2.084348 25.936924 -30.693882
v 1.712425 10.947391 -30.704798
v -0.406164 10.948383 -30.820024
v -0.250759 25.937986 -30.859087
v -0.168165 25.937996 -30.792540
v -0.421937 10.948313 -30.916985
v -0.400184 25.938057 -30.861933
v -0.559014 10.948322 -30.982983
v -1.057301 10.948577 -30.988699
v -0.806349 10.948453 -30.981848
v -0.506191 25.938189 -30.777020
v -0.866759 25.938400 -30.739777
v -0.677140 25.938339 -30.708952
v -1.299797 10.948682 -31.014273
v -1.901438 25.938936 -30.742464
v -2.027415 10.949314 -30.707956
v -1.745840 25.938900 -30.685293
v -1.792718 10.949244 -30.651421
v -1.187590 25.938427 -30.907854
v -1.027723 25.938356 -30.892372
v -1.852330 10.949059 -30.903093
v -0.922244 25.938364 -30.823135
v -1.769551 10.948937 -31.000748
v -1.534968 10.948805 -31.013842
v 1.810115 25.936977 -30.793892
v 1.468462 10.947567 -30.646450
v 1.655158 25.937099 -30.747892
v 1.217791 10.947672 -30.672260
v 1.078615 10.947663 -30.766903
v 1.295739 25.937355 -30.658781
v 0.909835 10.947584 -30.963013
v 1.501983 25.937231 -30.679630
v 1.048695 10.947584 -30.879601
v 1.140931 25.937389 -30.718603
v 1.017089 25.937389 -30.795815
v 0.488794 10.947768 -31.000633
v 0.719706 10.947646 -31.013042
v -16.188189 22.185291 -31.061996
v -16.190365 17.967161 -31.058447
v -18.295395 17.968241 -31.061424
v -18.293217 22.186378 -31.064962
v -16.186563 25.348877 -31.064646
v -14.080990 26.402313 -31.062557
v -18.298653 11.645256 -31.056118
v -16.196892 5.321183 -31.047836
v -1.451162 5.313595 -31.026997
v -9.881810 5.317933 -31.038906
v -9.879633 9.533262 -31.042444
v -14.091862 5.320102 -31.044861
v -16.193624 11.644176 -31.053141
v -18.299744 9.537593 -31.054354
v -9.878544 11.640927 -31.044218
v -1.447895 11.636589 -31.032301
v -1.448984 9.528924 -31.030537
v -16.192545 13.751841 -31.054916
v -18.297575 13.752920 -31.057886
v -16.186020 26.403402 -31.065535
v -18.291040 26.404482 -31.068512
v -9.871474 25.345629 -31.055725
v -14.081534 25.347790 -31.061680
v -16.194714 9.536512 -31.051376
v -14.089683 9.535423 -31.048399
v -14.088604 11.643086 -31.050173
v -1.440834 25.341290 -31.043806
v -9.870938 26.400154 -31.056612
v -26.823217 11.699182 27.946480
v -26.822136 13.806845 27.944695
v -35.244129 7.481112 19.507442
v -35.236469 22.340137 19.494980
v -35.234341 26.455669 19.491520
v -35.256042 7.488191 27.938091
v -35.254951 9.595856 27.936327
v -26.824305 9.591517 27.948235
v -35.248386 22.347218 27.925619
v -35.246258 26.462755 27.922161
v -26.815613 26.458406 27.934076
v -26.819960 18.022175 27.941164
v -35.250607 18.026505 27.929245
v -35.223183 26.449018 11.587787
v -35.205910 26.438753 -0.636648
v -35.208023 22.323221 -0.633197
v -35.213203 26.443089 4.527121
v -35.225296 22.333496 11.591248
v -26.825394 7.483852 27.950010
v -35.257130 5.380526 27.939865
v -35.245216 5.373448 19.509218
v -26.826483 5.376197 27.951775
v -35.247395 1.158119 19.512756
v -35.238689 18.019424 19.498608
v -35.241959 11.696432 19.503904
v -35.240871 13.804097 19.502136
v -35.252773 13.811183 27.932787
v -35.253864 11.703519 27.934563
v -35.243046 9.588768 19.505678
v -35.214611 9.571861 -0.622491
v -35.215328 22.327560 4.530581
v -35.217552 18.006847 4.534199
v -35.210262 18.002510 -0.629570
v -35.221901 9.576200 4.541287
v 2.682960 9.576333 27.989941
v 2.685138 13.791662 27.986408
v 0.575296 9.577422 27.986954
v 0.579643 18.008080 27.979883
v 23.757408 5.350167 28.023270
v 23.755230 1.134839 28.026808
v 15.324582 1.139177 28.014889
v 0.577474 13.792750 27.983423
v -1.530191 13.793831 27.980446
v 0.574216 7.469758 27.988739
v 0.576385 11.685086 27.985189
v -1.531271 11.686167 27.982212
v 2.681871 7.468677 27.991713
v 6.900458 13.789493 27.992353
v 23.761755 13.780816 28.016188
v 15.332187 15.892819 28.002504
v 6.901547 15.897157 27.990589
v 6.902627 18.004820 27.988825
v 15.331106 13.785154 28.004280
v 23.762836 15.888481 28.014423
v 23.763924 17.996143 28.012657
v 15.337631 26.436726 27.993664
v 6.906983 26.441053 27.981745
v 23.768280 26.432388 28.005569
v 15.333275 18.000483 28.000740
v 6.899369 11.681828 27.994129
v 6.898280 9.574172 27.995895
v 2.684049 11.683997 27.988174
v 0.573127 5.362093 27.990503
v 0.570949 1.146765 27.994041
v 6.893933 1.143515 28.002983
v 2.680782 5.361013 27.993481
v 6.897191 7.466508 27.997667
v 2.686218 15.899325 27.984634
v 0.578563 15.900406 27.981657
v 2.687307 18.006990 27.982870
v 0.583990 26.444315 27.972805
v 2.691654 26.443224 27.975782
v 23.758497 7.457831 28.021503
v 15.326759 5.354506 28.011360
v 6.896111 5.358844 27.999441
v 15.327848 7.462170 28.009586
v 15.328929 9.569834 28.007812
v 23.760666 11.673161 28.017954
v 23.759579 9.565495 28.019728
v 15.330017 11.677499 28.006048
v -5.744421 15.903664 27.972717
v -7.853175 13.797090 27.971504
v -5.748777 7.473007 27.979797
v -5.749857 5.365351 27.981571
v -7.857522 5.366431 27.978586
v -3.641113 7.471927 27.982775
v -1.533449 7.470846 27.985762
v -1.532360 9.578503 27.983986
v -7.856441 7.474096 27.976820
v -3.642193 5.364262 27.984549
v -3.644371 1.148934 27.988087
v -1.536716 1.147854 27.991064
v -3.638935 11.687256 27.979244
v -3.640024 9.579591 27.981010
v -7.854264 11.689425 27.973282
v -7.855353 9.581760 27.975056
v -9.961919 11.690505 27.970304
v -9.954314 26.449730 27.957912
v -1.523666 26.445402 27.969828
v -3.637855 13.794920 27.977459
v -1.529102 15.901495 27.978680
v -3.636766 15.902575 27.975695
v -9.967356 1.152192 27.979147
v -9.965186 5.367520 27.975609
v -1.534538 5.363182 27.987526
v -7.852086 15.904744 27.969740
v -5.745519 13.796000 27.974482
v -1.528013 18.009159 27.976906
v -7.846650 26.448650 27.960888
v -7.851006 18.012409 27.967966
v -5.743341 18.011328 27.970943
v -3.635677 18.010239 27.973928
v -3.631321 26.446484 27.966841
v -5.738986 26.447573 27.963865
v -5.747688 9.580671 27.978033
v -9.964098 7.475176 27.973843
v -9.963009 9.582841 27.972069
v -5.746600 11.688336 27.976257
v -4.242043 10.821080 -30.439011
v -4.597878 10.819886 -30.502277
v -4.937546 10.819386 -30.549191
v -6.283378 10.819816 -30.261265
v -13.480902 10.828124 -30.311594
v -13.579558 10.826632 -30.343700
v -13.381560 10.828686 -30.285801
v -9.031605 10.825121 -30.247152
v -9.095766 10.824865 -30.288322
v -9.220259 10.823004 -30.400898
v -5.201496 10.820632 -30.558033
v -5.439117 10.821783 -30.511839
v -5.313079 10.821503 -30.541523
v -5.575747 10.821633 -30.472637
v -6.010777 10.820114 -30.334295
v -12.956699 10.820984 -30.304523
v -11.892602 10.820588 -30.571899
v -12.041824 10.821572 -30.603996
v -12.857911 10.821257 -30.346010
v -12.277127 10.826718 -30.612780
v -12.668160 10.824093 -30.449278
v -10.001280 10.824953 -30.471514
v -12.380122 10.827536 -30.588356
v -6.384414 20.392353 -30.345793
v -6.402935 10.820360 -30.241478
v -6.693151 20.387821 -30.355568
v -6.726189 10.823022 -30.280575
v -6.855468 10.822740 -30.320271
v -7.135963 10.821265 -30.416880
v -7.280522 10.820475 -30.466042
v -7.423528 10.819939 -30.510681
v -11.081932 19.722494 -30.414213
v -11.551045 10.821933 -30.474754
v -9.901464 10.826147 -30.512121
v -6.966779 25.951126 -30.428238
v -6.844456 25.951387 -30.421423
v -6.538713 25.948700 -30.414503
v -6.300828 25.948193 -30.422953
v -6.167886 25.948542 -30.429661
v -6.030414 25.949097 -30.437222
v -5.892081 25.949694 -30.445011
v -5.756479 25.950159 -30.452433
v -5.627271 25.950342 -30.458868
v 1.289768 20.986643 -30.456375
v 1.528162 25.946604 -30.452932
v 1.454288 25.947092 -30.455339
v 1.375233 25.947681 -30.458149
v 1.214260 25.948805 -30.447083
v 1.138745 25.949089 -30.435633
v 1.013787 25.948542 -30.437117
v -4.338373 25.950142 -30.439909
v -4.494796 25.949621 -30.445309
v -4.199275 25.950430 -30.435228
v -4.260064 20.846327 -30.441095
v -3.802683 25.949131 -30.432514
v -3.632182 10.820773 -30.352238
v -3.510464 10.820598 -30.367641
v -3.662664 25.949289 -30.436720
v -3.504642 25.949667 -30.442255
v -3.335449 25.950123 -30.448690
v -7.691561 10.820475 -30.570810
v -7.869825 25.950502 -30.472683
v -7.232195 25.949711 -30.444773
v -5.152792 25.948008 -30.464579
v -5.290123 25.948332 -30.466501
v -5.508056 25.950089 -30.463718
v -7.561632 10.819878 -30.546898
v -8.157969 10.823592 -30.508432
v -8.889373 10.822811 -30.223925
v -8.806217 10.821045 -30.244940
v -8.922814 21.029991 -30.334112
v -8.963458 10.824540 -30.223776
v 0.900078 25.947735 -30.439285
v 0.766654 25.948017 -30.433462
v -4.661512 25.949034 -30.450949
v 0.621155 25.948841 -30.426859
v 0.471230 25.949738 -30.423874
v 0.396996 25.950054 -30.425110
v 0.156863 25.950281 -30.429159
v -2.684348 25.951010 -30.390089
v -2.446884 25.949762 -30.402182
v -2.318958 25.949429 -30.398712
v -2.180493 25.949360 -30.391968
v -2.033536 25.949509 -30.383345
v -1.944496 23.287079 -30.450727
v 5.515028 25.946856 -30.459589
v 5.558569 25.946287 -30.456938
v 5.469512 25.946119 -30.461319
v 5.421282 25.943651 -30.461802
v 5.365472 25.941141 -30.460897
v 3.892180 20.723396 -30.413107
v 3.829872 10.813923 -30.392282
v 3.641166 20.369123 -30.459345
v 3.508278 10.817568 -30.493177
v 4.176679 25.942781 -30.456841
v 6.301934 25.940113 -30.452740
v 6.241339 25.939024 -30.451220
v 6.089727 25.942842 -30.444546
v 5.957594 25.946997 -30.438433
v 6.004982 19.378250 -30.407328
v 5.769775 25.939636 -30.439987
v 5.873946 20.496752 -30.412352
v 5.600758 25.944872 -30.453627
v 4.339224 10.818947 -30.493029
v 4.385900 10.819394 -30.482203
v 4.292970 10.817067 -30.499439
v 4.211157 10.814257 -30.487347
v 4.176311 10.814353 -30.469950
v 4.144309 10.815065 -30.448101
v 4.114178 10.816110 -30.424109
v 4.025823 10.818288 -30.362503
v 3.993945 10.817743 -30.353193
v 1.502361 10.818077 -30.411409
v 3.339146 10.814309 -30.484852
v 3.207672 10.815073 -30.452684
v 3.384768 25.942720 -30.460257
v 3.140051 10.815951 -30.433092
v 3.008831 10.817585 -30.394583
v 2.940244 20.382807 -30.413773
v 2.917982 25.944960 -30.440119
v 4.698177 10.813449 -30.373209
v 4.736914 10.815671 -30.365929
v 4.570620 10.814301 -30.416180
v 4.525375 10.815890 -30.433918
v 4.479305 10.817497 -30.451542
v 6.520147 25.947208 -30.452477
v 6.595532 20.062775 -30.457691
v 6.443235 25.946215 -30.453493
v 6.369634 25.943178 -30.453573
v 0.106815 16.511774 -30.428827
v 0.102406 17.986174 -30.430073
v 0.149846 20.706072 -30.432295
v 0.172504 21.897163 -30.433262
v 3.323690 25.942869 -30.457903
v 7.574208 25.938927 -30.453266
v 7.470590 25.937775 -30.450457
v 7.222755 25.947321 -30.436563
v 7.162309 25.944082 -30.436483
v 7.086679 25.940693 -30.437300
v 6.845614 25.941166 -30.443457
v 4.867115 25.946320 -30.442331
v 4.991020 19.714195 -30.431637
v 4.707029 25.944046 -30.438725
v 4.319465 20.434147 -30.475300
v 4.419167 25.947235 -30.456226
v 4.330759 25.947401 -30.460529
v 4.374887 25.947840 -30.458649
v 4.287024 25.945547 -30.461662
v 4.246109 25.943529 -30.461441
v 0.163686 24.045971 -30.435080
v 0.122842 25.281378 -30.436176
v 7.918908 25.273430 -30.467941
v 7.952674 24.623322 -30.476662
v 7.932019 24.038023 -30.482649
v 7.921358 21.889235 -30.491625
v 7.967972 22.988995 -30.486752
v 7.708071 19.207222 -30.457657
v 7.988162 19.387384 -30.489429
v 5.226208 25.940577 -30.455927
v 5.148436 25.941763 -30.452520
v -14.021378 25.953672 -30.469986
v -14.513456 25.957561 -30.464516
v -14.343403 25.957958 -30.468258
v -14.833530 10.829283 -30.483974
v -14.687320 25.956158 -30.459528
v -15.039853 25.952452 -30.447927
v -15.555634 25.952362 -30.434200
v -15.929445 25.960215 -30.435720
v -15.982111 25.959387 -30.439638
v -8.890567 25.951071 -30.414284
v -8.960647 25.952803 -30.414345
v -9.144770 25.952391 -30.434322
v -9.477868 25.950590 -30.475685
v -13.746906 25.949326 -30.463322
v -13.139856 25.956858 -30.429634
v -13.233849 25.956314 -30.434059
v -13.422555 25.952908 -30.445688
v 1.686377 25.946899 -30.449718
v -1.242644 25.950949 -30.360188
v -1.722252 25.950098 -30.365965
v -1.880107 25.949774 -30.374210
v -11.872851 25.950010 -30.481596
v -12.192856 25.955973 -30.479359
v -12.644625 25.949490 -30.439146
v -12.969855 20.506500 -30.371084
v 0.107421 14.003970 -30.426718
v 7.979134 16.503792 -30.487024
v 2.797222 10.815514 -30.363461
v 2.795931 20.387558 -30.410227
v 2.819493 25.943415 -30.441875
v 2.546173 10.816268 -30.419893
v 2.477849 10.816962 -30.439116
v 2.288221 10.817629 -30.485477
v 2.236091 10.816848 -30.492256
v 2.063307 18.168520 -30.469311
v 1.376349 10.818271 -30.428385
v 1.214726 10.819360 -30.441303
v 1.044558 10.820466 -30.458929
v 0.775656 10.819596 -30.501968
v 0.712452 10.819360 -30.499783
v 0.180495 10.821749 -30.411945
v -10.956325 25.953232 -30.440382
v -11.114126 25.951714 -30.449631
v -11.992242 25.952618 -30.484230
v -12.182879 20.711935 -30.541368
v -7.977193 25.951923 -30.471146
v -8.310397 25.951319 -30.454082
v 1.641440 10.819008 -30.422615
v 1.787510 10.817963 -30.445543
v 1.869893 10.817234 -30.458330
v 1.953884 10.816532 -30.470564
v 1.546587 20.405659 -30.434027
v 1.725325 25.947365 -30.450386
v 1.445506 10.817999 -30.417751
v -9.753436 25.955120 -30.469591
v -10.216788 25.949165 -30.435799
v 4.090379 25.945557 -30.445230
v 4.062821 25.946373 -30.441683
v 5.543149 10.817620 -30.505560
v 5.506484 20.702866 -30.481920
v 5.681824 10.816408 -30.460720
v 4.146408 25.943476 -30.453197
v 2.390689 25.946022 -30.461521
v 2.446393 25.946180 -30.459414
v 2.559179 20.268389 -30.438513
v 2.699022 25.943951 -30.446997
v 2.761155 25.943502 -30.444151
v -15.667763 19.814837 -30.391792
v -15.935471 10.824260 -30.296402
v 3.544723 25.945995 -30.461470
v 3.700426 25.945118 -30.454206
v 3.849069 25.942282 -30.444176
v 3.934799 25.942738 -30.438953
v 3.971534 25.944424 -30.437485
v 4.906142 10.817919 -30.388489
v 4.980112 10.816628 -30.407423
v 5.725716 10.814609 -30.439327
v 5.959860 10.815039 -30.364199
v 6.010848 10.817769 -30.366085
v 6.105403 10.817963 -30.382965
v -17.475637 15.376050 -30.574526
v 7.399562 25.938452 -30.448154
v 7.261395 25.948254 -30.437460
v 7.286011 25.947392 -30.438969
v 7.464407 23.296469 -30.436712
v 0.455545 17.573141 -30.429985
v 0.481680 23.889091 -30.425709
v 0.571370 10.819650 -30.464172
v 0.644014 10.819404 -30.484196
v 0.495529 10.820062 -30.442945
v 0.417502 10.820528 -30.423819
v 2.872325 25.943827 -30.440462
v 3.196484 25.944326 -30.451773
v 5.433155 10.812641 -30.502321
v 5.492204 10.815162 -30.508133
v 5.285873 10.812114 -30.471838
v 5.203621 10.813309 -30.450937
v -16.538439 10.824250 -30.427006
v -16.803503 10.821836 -30.500284
v -17.477377 14.009020 -30.573385
v 7.824010 10.810358 -30.472145
v 7.084404 10.811289 -30.394707
v 6.789516 18.728273 -30.445213
v 6.997797 10.812694 -30.408775
v 6.823687 10.816664 -30.437992
v 6.910627 10.814670 -30.423616
v 6.737816 10.818192 -30.450630
v 6.653817 10.818709 -30.460299
v 7.169598 10.810964 -30.382629
v 7.396435 10.818868 -30.370434
v 7.534584 10.811833 -30.425619
v -16.330605 10.832085 -30.302786
v -13.680323 10.824673 -30.379505
v -13.899335 10.821370 -30.451439
v -14.160247 10.822179 -30.505947
v -14.479786 10.828519 -30.520508
v -14.514175 20.073631 -30.489061
v -15.017364 10.827904 -30.453123
v -15.203479 10.826077 -30.417980
v -15.575473 10.823022 -30.347223
v -15.757855 10.822845 -30.317778
v -14.931415 18.739462 -30.460934
v 6.423151 10.811596 -30.460281
v 6.248127 10.812412 -30.424696
v 6.301135 10.810964 -30.438679
v -17.482882 10.826859 -30.680735
v 1.843969 25.946943 -30.453373
v 1.917088 25.946312 -30.455366
v 2.152083 25.944399 -30.461073
v 2.224631 25.944204 -30.462294
v -0.768823 21.897692 -30.384003
v -17.445673 23.002037 -30.566589
v -0.822929 24.631813 -30.386374
v -16.895880 19.219877 -30.497290
v -16.225039 25.950624 -30.463215
v -4.076697 10.821607 -30.408010
v -3.929661 10.821915 -30.381008
v -3.711184 20.408398 -30.396790
v -3.720352 10.821326 -30.349989
v -3.362427 10.820746 -30.393635
v -2.833122 10.822029 -30.431564
v -0.619434 19.395815 -30.381710
v -0.722288 20.706553 -30.382931
v -0.639904 10.822293 -30.399546
v -10.914935 10.826139 -30.317514
v -10.648860 10.825901 -30.260405
v -10.771518 10.826604 -30.281059
v -10.470086 10.821353 -30.278189
v -10.553004 10.823645 -30.260290
v -10.291348 10.820870 -30.342804
v -10.196915 10.821941 -30.384178
v -1.941510 10.820677 -30.566797
v -1.795194 10.820624 -30.527639
v -1.639886 10.820782 -30.477345
v -1.381433 17.574125 -30.383152
v -1.310958 10.821459 -30.376026
v 13.490949 26.260714 -24.580425
v 17.283735 26.258764 -24.575069
v 13.485364 26.264034 -20.624533
v 17.278141 26.262085 -20.619177
v 21.886400 14.595627 -30.949051
v 21.886532 14.842012 -30.949251
v 21.655066 14.842135 -30.949587
v 22.681999 14.595214 -30.947927
v 22.681147 12.948584 -30.946539
v 22.907660 13.230457 -30.946459
v 22.907509 12.948469 -30.946222
v 22.908361 14.595099 -30.947601
v 8.667427 0.174144 -21.873999
v 8.679819 0.166767 -30.645895
v 22.908493 14.841485 -30.947811
v 22.682131 14.841609 -30.948128
v 21.654232 13.231098 -30.948235
v 21.654091 12.949119 -30.947996
v 21.885696 13.230984 -30.947899
v 21.885548 12.948996 -30.947662
v 22.681295 13.230571 -30.946775
v 21.654934 14.595749 -30.949375
v -12.667572 0.226075 26.888159
v -9.454096 0.221904 23.885229
v -12.663321 0.223555 23.880688
v -12.651764 0.216678 15.698937
v -34.962585 22.473007 12.065911
v -34.958836 22.470776 9.410254
v -34.960541 26.446138 12.062573
v -34.956791 26.443909 9.406925
v -28.786200 26.456142 27.773411
v -26.320230 26.454878 27.776899
v -28.788244 22.483011 27.776749
v -26.322277 22.481737 27.780226
v -34.984779 22.486200 27.767994
v -34.982723 26.459339 27.764656
v -24.172529 26.311237 12.471627
v -20.379753 26.309288 12.476994
v -24.178116 26.314569 16.427521
v -20.385338 26.312611 16.432878
v -24.575533 0.229685 23.863853
v -21.292593 0.221122 15.686731
v -24.563976 0.222808 15.682102
v -24.554018 0.216888 8.638280
v -21.282640 0.215202 8.642900
v -21.277004 0.211856 4.655207
v -25.665995 0.230238 23.862318
v -25.670237 0.232767 26.869787
v -1.993218 0.208756 12.809945
v -7.967937 0.211830 12.801505
v -34.529400 9.307043 26.128899
v -34.531693 8.217618 27.356279
v -34.531132 9.308080 27.355366
v -16.946543 0.228280 26.882109
v -21.792915 12.846346 -5.717365
v -20.170795 12.845511 -5.715074
v -21.791758 15.096488 -5.719253
v -20.169638 15.095645 -5.716962
v -25.654428 0.223370 15.680566
v -9.458337 0.224424 26.892691
v -8.388592 0.223880 26.894201
v -8.384350 0.221350 23.886740
v -9.432580 0.209107 8.659655
v -8.362835 0.208554 8.661166
v -9.426950 0.205752 4.671954
v -8.357205 0.205208 4.673473
v -24.548388 0.213542 4.650588
v -25.638849 0.214095 4.649042
v -25.644487 0.217450 8.636743
v -21.308397 0.230519 26.875944
v -16.942301 0.225750 23.874647
v -16.915157 0.209608 4.661372
v -16.920786 0.212963 8.649073
v -9.442530 0.215027 15.703478
v -8.372793 0.214474 15.704988
v -12.641814 0.210758 8.655115
v -16.930735 0.218882 15.692896
v -12.636176 0.207412 4.667423
v -21.304148 0.227998 23.868481
v -34.525669 0.115010 20.146830
v -34.529961 8.216591 26.129812
v -34.535862 0.121070 27.363077
v -34.534134 0.120033 26.136608
v -34.521496 8.211559 20.140022
v -34.523788 0.113886 18.814758
v -34.519615 8.210434 18.807962
v -34.519054 9.300895 18.807049
v -34.520935 9.302020 20.139111
v -24.579782 0.232205 26.871323
v -7.980285 0.219172 21.539759
v -7.987969 0.223739 26.979553
v -6.910390 26.289625 -2.668674
v -4.687823 26.288485 -2.665530
v -6.913736 26.291611 -0.304041
v -4.691161 26.290470 -0.300897
v 9.233879 26.294044 12.508309
v 13.026666 26.292095 12.513666
v 9.228294 26.297365 16.464193
v 13.021070 26.295416 16.469559
v 5.301715 0.207439 15.724318
v 8.573110 0.205753 15.728937
v 5.285908 0.216846 26.913530
v 8.557293 0.215159 26.918159
v 8.561543 0.212630 23.910688
v 5.290158 0.214316 23.906069
v 4.199697 0.214878 23.904524
v 4.195446 0.217399 26.911993
v 12.919147 0.212911 26.924322
v 5.311674 0.201520 8.680486
v 5.317303 0.198173 4.692794
v 8.588688 0.196487 4.697422
v 3.969154 0.213025 21.556656
v 3.981501 0.205683 12.818394
v 17.213926 0.201309 15.741144
v 8.583059 0.199834 8.685114
v 12.950543 0.194248 4.703587
v 17.229515 0.192044 4.709629
v 12.944905 0.197594 8.691278
v 12.934956 0.203514 15.735102
v 12.923390 0.210391 23.916851
v 4.226842 0.198736 4.691257
v 4.221212 0.202082 8.678949
v 21.477100 0.208512 26.936417
v 20.411604 0.206535 23.927444
v 21.481342 0.205982 23.928946
v 20.423162 0.199658 15.745685
v 21.492908 0.199105 15.747195
v 4.211254 0.208001 15.722772
v -2.013250 0.220666 26.988001
v 3.961469 0.217592 26.996449
v -2.005566 0.216099 21.548206
v 17.198120 0.210716 26.930367
v 20.407354 0.209065 26.934904
v 17.202370 0.208186 23.922903
v 20.438749 0.190393 4.714169
v 17.223885 0.195390 8.697330
v 20.433111 0.193739 8.701860
v 21.502857 0.193194 8.703372
v 21.508493 0.189839 4.715680
v -7.095259 6.415254 -28.675644
v -7.101696 6.419083 -24.116817
v -7.674357 6.415544 -28.676460
v -7.673005 6.414744 -29.631186
v 1.560286 6.414622 -24.104567
v 1.559584 6.415043 -23.607273
v -7.680794 6.419382 -24.117634
v -7.681497 6.419795 -23.620331
v -7.102398 6.419496 -23.619505
v 1.566732 6.410792 -28.663401
v 1.568076 6.409993 -29.618130
v -7.093906 6.414445 -29.630369
v -5.799493 0.186799 -15.678204
v -10.286798 0.194642 -9.100298
v -11.332603 0.194581 -9.813725
v -11.095596 0.196056 -7.914684
v -12.252582 0.186439 -20.080359
v -11.536388 0.185183 -21.130222
v -13.412675 0.186369 -20.871752
v -12.696482 0.185122 -21.921606
v -17.548685 0.195687 -12.316848
v -12.141402 0.195995 -8.628110
v -18.708780 0.195617 -13.108232
v -5.083300 0.185552 -16.728058
v -6.129106 0.185491 -17.441484
v -18.251486 20.264252 -16.435982
v -18.257967 20.268106 -11.851820
v -18.257748 20.686945 -11.852171
v -18.254911 14.783692 -16.009846
v -18.255245 14.140205 -16.009310
v -18.254313 14.783340 -16.431379
v -18.254648 14.139845 -16.430843
v -17.531315 0.200974 -6.008793
v -13.812305 0.199060 -6.003541
v -17.547167 0.197865 -9.711819
v -13.828157 0.195959 -9.706568
v -1.457529 0.171983 -30.660227
v -11.594876 0.177200 -30.674551
v -1.469920 0.179361 -21.888332
v -11.607267 0.184577 -21.902653
v -17.899981 0.194203 -14.293846
v -16.739887 0.194273 -13.502453
v -6.845298 0.186747 -16.391630
v -18.251266 20.683088 -16.436333
v -18.252083 20.264610 -16.014448
v -18.251863 20.683449 -16.014799
v -18.257185 20.686604 -12.252627
v -18.257397 20.267775 -12.252275
v -18.260223 14.786854 -12.247674
v -18.260796 14.787189 -11.847217
v -18.261120 14.143701 -11.846673
v -18.260559 14.143367 -12.247129
vn -0.8328 0.0009 0.5535
vn -0.7081 0.0010 0.7061
vn -0.8736 -0.2174 0.4353
vn -0.0014 -0.7065 0.7077
vn -0.0014 0.0008 1.0000
vn -0.7081 0.0009 0.7061
vn -0.4092 -0.8159 0.4084
vn -0.9491 0.0008 0.3149
vn 0.4460 0.0004 0.8950
vn 0.8938 -0.0000 0.4485
vn 0.2896 -0.4091 -0.8653
vn -0.2343 0.6662 -0.7080
vn 0.8667 0.4076 -0.2877
vn 0.7065 -0.6668 0.2372
vn 0.2350 0.6671 0.7069
vn -0.2901 -0.4074 0.8659
vn -0.8662 0.4090 0.2871
vn -0.7071 -0.6665 -0.2362
vn 0.2897 -0.4091 -0.8653
vn 0.7064 -0.6669 0.2373
vn 0.2348 0.6671 0.7069
vn -0.2902 -0.4074 0.8659
vn -0.8663 0.4089 0.2870
vn -0.7071 -0.6665 -0.2361
vn 1.0000 -0.0005 0.0014
vn -0.0006 0.7077 0.7065
vn -0.6674 0.3343 0.6654
vn -0.8736 -0.2174 0.4354
vn -0.8730 0.4370 0.2166
vn -0.4722 -0.4470 0.7597
vn -0.0448 -0.7078 0.7049
vn -0.5211 -0.5350 0.6650
vn -0.5878 0.3034 0.7499
vn -0.2699 0.5230 0.8084
vn 0.2794 -0.5316 0.7996
vn 0.5442 -0.3385 0.7676
vn 0.2848 -0.9327 -0.2212
vn 0.3583 -0.9325 0.0455
vn -0.0005 -1.0000 0.0008
vn 0.2215 -0.9322 0.2861
vn 0.2878 -0.9571 -0.0332
vn 0.2122 -0.9406 -0.2651
vn 0.6878 0.7259 0.0004
vn 0.7338 0.1259 0.6676
vn 0.9569 -0.2905 0.0016
vn 0.6756 -0.2048 0.7082
vn -1.0000 0.0005 -0.0014
vn -0.1541 0.9002 0.4073
vn -0.7259 0.6878 -0.0016
vn -0.6776 0.2060 0.7060
vn -0.9569 0.2905 -0.0016
vn 0.9126 0.3040 -0.2734
vn 0.3966 0.3365 -0.8541
vn 0.5267 0.8261 -0.2003
vn 0.1359 0.8390 -0.5268
vn 0.8541 0.3713 0.3642
vn 0.8571 -0.4344 0.2770
vn 0.8467 -0.3059 -0.4353
vn -0.2285 -0.4275 0.8747
vn 0.4528 -0.2118 0.8661
vn 0.4949 0.4593 0.7376
vn 0.2282 0.4280 0.8745
vn -0.4517 0.2130 0.8663
vn -0.0875 0.7091 0.6997
vn 0.4698 0.5848 0.6613
vn 0.4005 -0.8028 0.4418
vn -0.8037 -0.4007 0.4398
vn 0.8026 0.4015 0.4412
vn -0.4017 0.8035 0.4393
vn 0.0003 0.9926 0.1214
vn -0.0003 0.8389 0.5444
vn 0.1328 0.9054 0.4033
vn 0.0762 0.9943 0.0751
vn 0.4248 0.8833 0.1983
vn 0.1049 0.9889 -0.1049
vn -0.0008 -0.9699 0.2433
vn 0.0942 -0.9831 0.1570
vn -0.0012 -0.8379 0.5458
vn 0.1989 -0.8265 0.5266
vn -0.0015 -0.3245 0.9459
vn 0.3625 -0.2539 0.8967
vn 0.0012 -0.3262 -0.9453
vn 0.3197 -0.5026 -0.8032
vn 0.0003 -0.8389 -0.5443
vn 0.1332 -0.9054 -0.4031
vn -0.0002 -0.9703 -0.2417
vn 0.1557 -0.9833 -0.0938
vn 0.0015 0.3246 -0.9458
vn 0.0007 0.9924 -0.1230
vn 0.0012 0.8379 -0.5458
vn -0.0012 0.3262 0.9453
vn 0.3177 0.5028 0.8039
vn -0.7549 -0.3313 0.5660
vn -0.6909 -0.7176 -0.0883
vn -0.2132 -0.9399 0.2667
vn -0.2888 -0.9568 0.0348
vn -0.5041 -0.5719 -0.6472
vn -0.7963 -0.0001 -0.6049
vn -0.9908 0.0006 0.1353
vn 0.7546 -0.3331 -0.5654
vn 0.1381 -0.0009 -0.9904
vn 0.6049 -0.0010 -0.7963
vn -0.1353 -0.0008 -0.9908
vn -0.1381 0.0009 0.9904
vn 0.5034 -0.5714 0.6481
vn 0.1353 0.0008 0.9908
vn 0.7963 0.0001 0.6049
vn -0.6049 0.0010 0.7963
vn -0.4084 0.8170 0.4070
vn -0.8942 0.4477 -0.0016
vn -0.0010 0.4480 0.8940
vn 0.0005 1.0000 -0.0008
vn -0.6245 0.3128 0.7157
vn -0.3053 -0.3030 0.9028
vn 0.2459 0.4939 0.8340
vn 0.5097 -0.5107 0.6923
vn 0.7848 0.3927 0.4795
vn 0.6121 -0.6129 0.4997
vn -0.3929 0.7859 0.4774
vn -0.6142 -0.6123 0.4979
vn 0.4032 -0.9052 0.1343
vn -0.0452 -0.9320 0.3595
vn -0.3330 -0.9096 -0.2485
vn -0.2225 -0.9325 -0.2845
vn -0.3592 -0.9322 -0.0440
vn -0.2858 -0.9320 0.2228
vn 0.0443 -0.9327 -0.3580
vn -0.0721 -0.8487 -0.5240
vn 0.0712 -0.8479 0.5254
vn 0.3320 -0.9095 0.2500
vn 0.6902 -0.7181 0.0895
vn 0.9908 -0.0006 -0.1353
vn 0.4517 -0.8605 0.2355
vn 0.6784 0.6451 0.3516
vn 0.2766 -0.7216 0.6347
vn 0.1640 0.5717 0.8039
vn -0.2538 -0.3386 0.9060
vn -0.4357 0.5861 0.6831
vn -0.5267 -0.7064 0.4729
vn -0.5259 0.7077 0.4717
vn -0.2420 0.9703 -0.0012
vn -0.7068 0.7074 -0.0016
vn 0.7075 0.7067 0.0004
vn -0.5551 -0.8318 -0.0001
vn 0.8942 -0.4477 0.0017
vn -0.4477 -0.8942 0.0001
vn 0.5258 -0.8270 -0.1989
vn 0.6618 0.3449 -0.6656
vn 0.7073 0.0276 -0.7063
vn 0.9385 0.3453 -0.0029
vn 0.9996 0.0281 0.0006
vn 0.6655 0.3460 0.6614
vn 0.7064 0.0287 0.7072
vn 0.0028 0.3465 0.9380
vn -0.0006 0.0293 0.9996
vn -0.6614 0.3466 0.6651
vn -0.7073 0.0295 0.7063
vn -0.9381 0.3462 0.0023
vn -0.9996 0.0290 -0.0007
vn -0.6652 0.3455 -0.6619
vn -0.7063 0.0284 -0.7074
vn -0.0024 0.3449 -0.9386
vn 0.0006 0.0277 -0.9996
vn 0.8237 0.5566 -0.1078
vn 0.6211 0.7832 0.0294
vn 0.6659 0.5596 0.4933
vn 0.4164 0.7866 0.4559
vn 0.1063 0.5595 0.8220
vn -0.0400 0.7892 0.6128
vn -0.5162 0.5579 0.6498
vn -0.4658 0.7877 0.4031
vn -0.8232 0.5576 0.1068
vn -0.6206 0.7836 -0.0307
vn 0.3591 0.9333 -0.0007
vn 0.2516 0.9344 0.2521
vn -0.0018 0.9352 0.3541
vn -0.2545 0.9342 0.2501
vn 0.9634 0.2644 -0.0448
vn 0.7127 0.2651 0.6494
vn 0.0446 0.2657 0.9630
vn -0.6494 0.2658 0.7124
vn -0.3584 0.9336 -0.0008
vn -0.9631 0.2655 0.0443
vn -0.2510 0.9345 -0.2524
vn -0.7125 0.2647 -0.6498
vn 0.0025 0.9346 -0.3556
vn -0.0444 0.2641 -0.9635
vn 0.2553 0.9335 -0.2516
vn 0.6498 0.2640 -0.7128
vn 0.9892 -0.1460 -0.0099
vn 0.7065 -0.1453 0.6926
vn 0.0099 -0.1447 0.9894
vn -0.6925 -0.1446 0.7068
vn -0.9894 -0.1450 0.0101
vn -0.7067 -0.1457 -0.6923
vn -0.0101 -0.1463 -0.9892
vn 0.6924 -0.1464 -0.7065
vn 0.9826 0.1859 0.0054
vn 0.9796 0.2012 -0.0029
vn 0.6909 0.1866 0.6985
vn 0.6946 0.2019 0.6905
vn 0.9956 -0.0941 0.0029
vn 0.7020 -0.0934 0.7061
vn 0.9940 -0.1096 0.0001
vn 0.7028 -0.1090 0.7030
vn 0.9993 0.0381 0.0013
vn 0.7055 0.0391 0.7077
vn 0.9468 -0.3212 0.0177
vn 0.6571 -0.3205 0.6823
vn 0.9339 -0.3573 -0.0144
vn 0.6707 -0.3566 0.6504
vn 0.9898 0.1422 0.0036
vn 0.6972 0.1429 0.7025
vn 0.9512 0.2789 0.1324
vn 0.5788 0.2796 0.7661
vn 0.0039 0.1419 -0.9899
vn 0.1328 0.2784 -0.9512
vn 0.7026 0.1417 -0.6973
vn 0.7664 0.2784 -0.5789
vn -0.0149 -0.3575 -0.9338
vn 0.6499 -0.3577 -0.6706
vn 0.5109 0.5572 -0.6546
vn 0.4646 0.7867 -0.4066
vn 0.6802 -0.2888 -0.6737
vn 0.9575 -0.2884 0.0047
vn 0.6739 -0.2877 0.6805
vn -0.0047 -0.2871 0.9579
vn -0.6804 -0.2870 0.6743
vn -0.9578 -0.2874 -0.0042
vn -0.6742 -0.2880 -0.6801
vn 0.0043 -0.2887 -0.9574
vn 0.6919 -0.1919 -0.6960
vn 0.9815 -0.1914 -0.0028
vn 0.6961 -0.1907 0.6922
vn 0.0028 -0.1900 0.9818
vn -0.6920 -0.1900 0.6964
vn -0.9817 -0.1904 0.0031
vn -0.6963 -0.1912 -0.6918
vn -0.0031 -0.1918 -0.9814
vn 0.6987 0.1855 -0.6909
vn 0.6908 0.2007 -0.6947
vn 0.7059 -0.0946 -0.7019
vn 0.7029 -0.1101 -0.7028
vn 0.7076 0.0376 -0.7056
vn 0.6818 -0.3216 -0.6570
vn -0.0054 0.1872 0.9823
vn -0.6985 0.1874 0.6906
vn -0.9824 0.1869 -0.0057
vn -0.6907 0.1862 -0.6988
vn 0.0056 0.1856 -0.9826
vn -0.0029 -0.0928 0.9957
vn -0.0001 -0.1083 0.9941
vn -0.7060 -0.0927 0.7021
vn -0.7029 -0.1082 0.7030
vn -0.4193 0.7856 -0.4550
vn -0.0026 0.2009 -0.9796
vn 0.0347 0.7880 -0.6147
vn -0.1154 0.5588 -0.8212
vn -0.6673 0.5593 -0.4919
vn -0.6944 0.2014 -0.6908
vn 0.0027 -0.0945 -0.9955
vn -0.7021 -0.0939 -0.7059
vn -0.6971 0.1425 -0.7027
vn -0.5785 0.2789 -0.7665
vn -0.6711 -0.3570 -0.6498
vn 0.0028 0.2025 0.9793
vn -0.6905 0.2026 0.6944
vn -0.9793 0.2022 0.0025
vn -0.9956 -0.0931 -0.0027
vn -0.9941 -0.1086 0.0001
vn -0.7029 -0.1093 -0.7028
vn -0.0001 -0.1099 -0.9939
vn -0.0017 0.0401 0.9992
vn -0.7076 0.0398 0.7055
vn -0.9992 0.0394 -0.0016
vn -0.7055 0.0383 -0.7076
vn 0.0014 0.0377 -0.9993
vn 0.0173 -0.3216 -0.9467
vn -0.6574 -0.3210 -0.6817
vn -0.9472 -0.3203 -0.0172
vn -0.9343 -0.3563 0.0150
vn -0.9897 0.1432 -0.0039
vn -0.9509 0.2796 -0.1329
vn -0.0038 0.1435 0.9896
vn -0.1325 0.2801 0.9508
vn -0.7025 0.1436 0.6971
vn -0.7661 0.2801 0.5784
vn 0.0146 -0.3560 0.9344
vn -0.6502 -0.3559 0.6712
vn -0.0176 -0.3199 0.9473
vn -0.6821 -0.3199 0.6576
vn -0.5413 -0.2605 -0.7995
vn -0.2309 -0.2614 -0.9372
vn -0.4927 -0.2514 -0.8331
vn -0.1936 -0.2437 -0.9503
vn -0.4583 -0.2302 -0.8585
vn -0.1339 -0.2280 -0.9644
vn 0.1728 -0.2492 -0.9529
vn 0.0922 -0.2670 -0.9593
vn 0.5012 -0.2592 -0.8256
vn 0.5518 -0.2471 -0.7965
vn 0.2484 -0.2392 -0.9387
vn 0.6058 -0.2380 -0.7592
vn 0.8301 -0.2419 -0.5024
vn 0.7981 -0.2503 -0.5480
vn 0.8594 -0.2333 -0.4549
vn 0.4912 0.2463 0.8355
vn 0.7827 0.2551 0.5677
vn 0.5665 0.2410 0.7880
vn 0.8215 0.2468 0.5139
vn 0.4304 0.2615 0.8639
vn 0.7335 0.2626 0.6269
vn 0.9572 0.2370 0.1661
vn 0.9431 0.2576 0.2102
vn 0.9252 0.2645 0.2722
vn 0.9519 0.2527 -0.1731
vn 0.9484 0.2259 -0.2224
vn 0.9557 0.2705 -0.1164
vn 0.2194 0.2249 0.9494
vn 0.1749 0.2435 0.9540
vn 0.1464 0.2633 0.9535
vn -0.2349 0.2634 0.9357
vn -0.1541 0.2542 0.9548
vn -0.1064 0.2328 0.9667
vn -0.4854 0.2397 0.8408
vn -0.5534 0.2497 0.7946
vn -0.6196 0.2541 0.7426
vn 0.8198 0.2479 -0.5162
vn 0.8427 0.2720 -0.4647
vn 0.5958 0.2707 -0.7561
vn 0.5419 0.2457 -0.8037
vn 0.7927 0.2222 -0.5677
vn 0.4882 0.2201 -0.8445
vn -0.8296 0.2429 0.5027
vn -0.7900 0.2365 0.5656
vn -0.9505 0.2312 0.2074
vn -0.9593 0.2389 0.1506
vn -0.8653 0.2463 0.4366
vn -0.9641 0.2438 0.1051
vn -0.9521 0.2427 -0.1858
vn -0.9610 0.2352 -0.1453
vn -0.8409 0.2387 -0.4857
vn -0.7924 0.2439 -0.5591
vn -0.9384 0.2494 -0.2391
vn -0.7404 0.2551 -0.6219
vn -0.4924 0.2358 -0.8378
vn -0.5561 0.2273 -0.7994
vn -0.2275 0.2196 -0.9487
vn -0.1593 0.2338 -0.9591
vn -0.4411 0.2503 -0.8618
vn -0.1029 0.2536 -0.9618
vn 0.2329 0.2603 -0.9370
vn 0.1908 0.2362 -0.9528
vn 0.1403 0.2147 -0.9666
vn -0.7744 -0.2560 -0.5786
vn -0.8162 -0.2628 -0.5145
vn -0.9536 -0.2677 -0.1378
vn -0.9443 -0.2522 -0.2116
vn -0.9217 -0.2464 -0.2997
vn -0.7395 -0.2448 -0.6271
vn -0.9672 -0.2338 0.0992
vn -0.9518 -0.2486 0.1799
vn -0.9325 -0.2719 0.2376
vn -0.8191 -0.2475 0.5175
vn -0.8558 -0.2236 0.4665
vn -0.6133 -0.2228 0.7578
vn -0.5449 -0.2466 0.8014
vn -0.7797 -0.2716 0.5642
vn -0.4712 -0.2667 0.8407
vn -0.1262 -0.2565 0.9583
vn -0.1856 -0.2378 0.9534
vn -0.2480 -0.2162 0.9443
vn 0.1048 -0.2161 0.9707
vn 0.1619 -0.2372 0.9579
vn 0.2247 -0.2505 0.9417
vn 0.5405 -0.2500 0.8034
vn 0.4966 -0.2388 0.8345
vn 0.4578 -0.2207 0.8612
vn 0.7878 -0.2476 0.5640
vn 0.8323 -0.2536 0.4930
vn 0.7519 -0.2323 0.6170
vn 0.9619 -0.2457 0.1198
vn 0.9498 -0.2436 0.1963
vn 0.9347 -0.2382 0.2640
vn 0.9568 -0.2377 -0.1676
vn 0.9447 -0.2437 -0.2193
vn 0.9678 -0.2343 -0.0921
vn -0.8921 0.0001 -0.4519
vn 0.9987 -0.0005 0.0508
vn 0.8921 -0.0000 0.4519
vn -0.9987 0.0004 -0.0508
vn -0.3453 -0.0005 -0.9385
vn 0.3455 0.0004 0.9384
vn 0.9987 -0.0004 0.0508
vn -0.9987 0.0005 -0.0508
vn -0.6525 -0.0003 -0.7578
vn 0.6525 0.0003 0.7578
vn -0.3455 -0.0006 -0.9384
vn 0.3455 0.0007 0.9384
vn -0.8777 0.0001 -0.4792
vn 0.8777 -0.0001 0.4792
vn -0.6526 -0.0002 -0.7577
vn -0.9971 0.0005 -0.0766
vn 0.9971 -0.0003 0.0765
vn -0.8777 -0.0000 -0.4792
vn 0.8776 -0.0000 0.4793
vn -0.9379 0.0007 0.3470
vn 0.9379 -0.0008 -0.3469
vn -0.9971 0.0005 -0.0765
vn 0.9971 -0.0004 0.0766
vn -0.7618 0.0010 0.6478
vn 0.7618 -0.0009 -0.6478
vn -0.9379 0.0007 0.3468
vn -0.4844 0.0009 0.8748
vn 0.4845 -0.0009 -0.8748
vn -0.7618 0.0009 0.6479
vn 0.7619 -0.0009 -0.6477
vn -0.0927 0.0009 0.9957
vn 0.0926 -0.0009 -0.9957
vn -0.4845 0.0010 0.8748
vn 0.4844 -0.0011 -0.8748
vn 0.3523 0.0007 0.9359
vn -0.3523 -0.0007 -0.9359
vn 0.6702 0.0002 0.7422
vn -0.6703 -0.0003 -0.7421
vn 0.3524 0.0005 0.9358
vn -0.3525 -0.0006 -0.9358
vn 0.7532 -0.0008 -0.6578
vn -0.7531 0.0008 0.6579
vn 0.8921 -0.0001 0.4518
vn 0.9497 -0.0007 -0.3132
vn -0.9497 0.0008 0.3132
vn 0.7531 -0.0009 -0.6579
vn -0.7531 0.0009 0.6579
vn 0.6702 0.0003 0.7422
vn -0.6702 -0.0002 -0.7422
vn 0.8758 -0.0000 0.4826
vn -0.8758 -0.0000 -0.4826
vn 0.8758 0.0001 0.4827
vn -0.8758 0.0001 -0.4827
vn 0.9951 -0.0004 0.0985
vn -0.9951 0.0003 -0.0985
vn -0.9951 0.0005 -0.0986
vn 0.9497 -0.0007 -0.3133
vn -0.9497 0.0006 0.3131
vn -0.8662 0.4089 0.2871
vn 0.2351 0.6672 0.7068
vn 0.8667 0.4075 -0.2877
vn 0.2897 -0.4092 -0.8652
vn -0.2900 -0.4074 0.8660
vn -0.1843 0.1787 -0.9665
vn -0.3133 0.0412 -0.9488
vn -0.5363 0.6127 -0.5805
vn -0.8603 0.0343 -0.5086
vn 0.0055 -0.7032 0.7110
vn -0.0268 -0.7042 0.7095
vn -0.0332 0.7051 0.7084
vn 0.0225 0.7058 0.7081
vn -0.0518 0.7039 -0.7084
vn 0.0201 0.7044 -0.7095
vn -0.0373 -0.7051 -0.7081
vn -0.0610 -0.7016 -0.7099
vn 0.3940 0.8219 0.4114
vn 0.1298 -0.9718 0.1967
vn -0.9955 0.0004 -0.0952
vn 0.5360 0.0004 0.8442
vn -0.8950 0.3431 0.2849
vn 0.3071 0.8632 0.4007
vn 0.8416 0.5341 0.0800
vn 0.8677 0.3088 -0.3895
vn -0.2523 -0.1861 -0.9496
vn -0.6400 -0.5718 -0.5132
vn 0.0532 -0.4430 -0.8950
vn 0.1055 0.8868 -0.4499
vn -0.2462 -0.8627 -0.4418
vn -0.7349 -0.3064 0.6050
vn -0.6232 0.3421 -0.7033
vn -0.3579 0.8381 0.4116
vn 0.2231 0.7076 0.6705
vn 0.3391 0.8374 0.4287
vn 0.2223 -0.7067 0.6717
vn 0.6960 -0.6079 0.3822
vn -0.5164 0.2668 -0.8137
vn -0.1237 0.7409 -0.6601
vn 0.7043 0.4074 -0.5814
vn -0.4741 0.6664 -0.5755
vn -0.7001 0.6068 0.3764
vn -0.2360 0.7078 0.6659
vn -0.3468 -0.8355 0.4262
vn -0.2367 -0.7064 0.6670
vn -0.2817 0.8643 0.4167
vn 0.8952 -0.4457 0.0016
vn 0.4558 0.8901 -0.0001
vn -0.3367 -0.9243 0.1799
vn -0.4396 -0.8982 0.0002
vn -0.8932 0.4497 -0.0016
vn -0.2901 -0.4074 0.8660
vn 0.6802 -0.1760 -0.7116
vn 0.4574 -0.4915 -0.7411
vn -0.2168 0.4358 -0.8736
vn 0.2134 -0.6751 -0.7062
vn 0.0014 0.7065 -0.7077
vn -0.8048 0.5935 -0.0016
vn -0.9913 -0.1313 -0.0013
vn -0.6149 -0.7886 -0.0002
vn 0.9989 -0.0005 -0.0466
vn -0.0465 -0.0009 -0.9989
vn -0.9643 0.2170 -0.1516
vn -0.9950 -0.0519 -0.0855
vn -0.2262 -0.3258 -0.9180
vn -0.1941 -0.0532 -0.9795
vn 0.8356 -0.3247 -0.4432
vn 0.8657 -0.0510 -0.4979
vn 0.0255 -0.7055 -0.7083
vn 0.0538 -0.7013 0.7108
vn -0.0218 0.7057 0.7082
vn -0.0223 0.7045 -0.7093
vn 0.0296 0.7042 -0.7094
vn -0.0097 -0.7046 -0.7096
vn 0.0219 0.7056 -0.7083
vn 0.0783 -0.7022 -0.7077
vn -0.0465 -0.0008 -0.9989
vn -0.9989 0.0004 0.0465
vn -0.7038 0.4091 0.5808
vn -0.5900 0.6239 -0.5125
vn -0.9095 0.0891 -0.4061
vn -0.9913 -0.1312 -0.0013
vn 0.0465 0.0007 0.9989
vn 0.4747 0.6669 0.5743
vn 0.7042 0.4074 -0.5814
vn -0.6908 -0.7176 -0.0883
vn -0.7549 -0.3314 0.5660
vn 0.2093 -0.9578 -0.1971
vn 0.7545 -0.3331 -0.5654
vn 0.6901 -0.7182 0.0895
vn 0.2877 -0.9571 -0.0332
vn 0.4156 0.8243 0.3845
vn -0.6818 0.6175 0.3922
vn -0.3195 0.6460 0.6933
vn 0.7684 0.3891 0.5081
vn -0.1656 0.7078 0.6867
vn 0.3634 0.7074 0.6062
vn -0.3078 -0.8425 0.4422
vn -0.1664 -0.7065 0.6879
vn 0.3626 -0.7068 0.6074
vn 0.7321 -0.5884 0.3432
vn 0.3176 -0.6448 0.6953
vn -0.7698 -0.3882 0.5066
vn 0.3176 -0.6448 0.6952
vn 0.7684 0.3890 0.5081
vn 0.3320 -0.9096 0.2500
vn -0.9155 0.4015 -0.0250
vn -0.9837 0.1306 -0.1235
vn -0.3867 0.3015 0.8715
vn -0.2050 0.5242 0.8265
vn -0.3225 0.1301 -0.9376
vn -0.2136 -0.1465 -0.9659
vn 0.7519 0.1305 0.6462
vn 0.8292 0.3319 0.4498
vn -0.2137 -0.1407 -0.9667
vn -0.9828 0.1366 -0.1239
vn -0.3851 0.3070 0.8703
vn 0.7526 0.1362 0.6443
vn -0.3846 0.3863 0.8384
vn -0.4047 0.1190 0.9067
vn -0.7963 -0.0000 -0.6049
vn -0.5040 -0.5720 -0.6472
vn 0.7963 -0.0000 0.6049
vn 0.9989 -0.0005 -0.0465
vn -0.1414 0.9900 -0.0010
vn 0.0389 0.8548 -0.5175
vn 0.0944 0.9725 -0.2128
vn 0.7276 -0.0506 0.6842
vn 0.7455 0.2223 0.6283
vn 0.5950 -0.6403 0.4858
vn -0.3663 0.1835 0.9122
vn 0.1331 -0.4259 0.8949
vn -0.0001 0.8948 0.4465
vn -0.3639 -0.1832 -0.9132
vn -0.2686 -0.5336 0.8019
vn 0.0002 -0.8948 -0.4465
vn -0.0014 -0.4464 0.8948
vn 0.3597 0.3547 0.8630
vn 0.2614 0.8556 0.4469
vn 0.8271 0.0757 -0.5569
vn 0.6212 0.6081 -0.4942
vn -0.2131 -0.9399 0.2667
vn 0.8206 -0.1033 0.5620
vn 0.6910 0.1303 0.7110
vn -0.7819 0.3547 0.5127
vn -0.2397 0.4332 0.8688
vn 0.3902 0.7079 0.5887
vn 0.6162 0.2797 0.7362
vn 0.7885 -0.3770 0.4860
vn 0.2435 -0.4674 0.8498
vn -0.3959 -0.7534 0.5251
vn -0.6279 -0.2984 0.7188
vn 0.2549 0.1844 -0.9492
vn 0.3160 -0.0428 -0.9478
vn 0.0014 -0.0008 -1.0000
vn 0.0452 0.3041 -0.9516
vn -0.3248 -0.9458 -0.0020
vn -0.2666 -0.9285 -0.2585
vn 0.1323 0.4268 -0.8946
vn -0.1579 0.9684 0.1931
vn -0.3866 -0.8241 0.4140
vn 0.5347 0.6179 0.5765
vn -0.4554 0.7085 0.5391
vn 0.8629 0.3753 -0.3385
vn 0.7609 0.0868 -0.6430
vn 0.8593 -0.1470 -0.4898
vn 0.8593 -0.1409 -0.4916
vn 0.0630 0.3167 -0.9464
vn -0.7525 0.5258 -0.3966
vn -0.1908 0.2444 -0.9507
vn 0.6414 0.5709 -0.5125
vn 0.6148 0.7887 0.0002
vn -0.6283 -0.5192 -0.5794
vn -0.6148 -0.7887 -0.0002
vn -0.0959 -0.9062 -0.4118
vn 0.1414 -0.9900 0.0010
vn 0.5380 -0.6138 -0.5778
vn 0.8048 -0.5935 0.0016
vn 0.8617 -0.0352 -0.5061
vn 0.9913 0.1312 0.0013
vn 0.1871 -0.1804 -0.9656
vn 0.0011 -0.3398 -0.9405
vn -0.1845 -0.1802 -0.9662
vn -0.3481 -0.0006 -0.9374
vn 0.0003 -0.8509 -0.5253
vn -0.0000 -0.9494 -0.3140
vn -0.2746 -0.9216 -0.2742
vn 0.2745 -0.9219 -0.2734
vn -0.3153 -0.9490 0.0004
vn -0.0979 -0.8885 -0.4484
vn 0.2761 -0.8641 0.4209
vn -0.8952 0.4457 -0.0017
vn -0.4558 -0.8901 0.0001
vn 0.3597 -0.8361 0.4142
vn 0.6279 -0.3432 -0.6985
vn 0.7288 0.3092 0.6110
vn 0.2587 0.8599 -0.4401
vn 0.0015 0.3380 -0.9411
vn 0.0970 0.9054 -0.4132
vn -0.6049 0.0009 0.7963
vn -0.1353 -0.0007 -0.9908
vn 0.8932 -0.4497 0.0017
vn 0.3377 0.9239 0.1798
vn 0.4396 0.8982 -0.0001
vn -0.0375 -0.8558 -0.5160
vn 0.5915 -0.6248 -0.5097
vn 0.8048 -0.5936 0.0016
vn 0.8618 -0.0351 -0.5061
vn 0.9913 0.1313 0.0013
vn 0.6415 0.5709 -0.5124
vn -0.0474 0.4421 -0.8957
vn -0.3329 -0.9096 -0.2484
vn -0.2887 -0.9568 0.0348
vn -0.2131 -0.9399 0.2666
vn -0.1382 0.0009 0.9904
vn 0.6901 -0.7182 0.0896
vn -0.0426 -0.3059 -0.9511
vn 0.1936 -0.2462 -0.9497
vn 0.2549 0.1845 -0.9492
vn -0.8022 0.5886 0.0996
vn -0.5753 0.6962 0.4293
vn -0.3173 0.9481 0.0186
vn -0.2402 0.9572 0.1617
vn 0.4470 0.7502 0.4873
vn -0.1989 0.7506 0.6301
vn 0.4002 -0.5335 0.7451
vn -0.4449 -0.5331 0.7196
vn 0.2957 0.1921 -0.9358
vn 0.9582 0.1923 -0.2119
vn 0.5874 0.3750 -0.7172
vn 0.9147 0.3755 0.1496
vn 0.9996 -0.0005 -0.0275
vn 0.4760 -0.0010 -0.8794
vn 0.4443 -0.5348 -0.7187
vn 0.8448 -0.5344 0.0260
vn 0.5379 -0.5285 -0.6567
vn 0.8380 -0.5280 0.1380
vn 0.1996 0.7493 -0.6314
vn 0.6462 0.7495 -0.1434
vn 0.4195 0.7494 -0.5123
vn 0.6531 0.7498 0.1064
vn 0.2800 0.6614 -0.6958
vn 0.7423 0.6616 -0.1060
vn 0.8028 0.5877 -0.1005
vn 0.3538 0.9351 -0.0177
vn 0.7081 0.6504 0.2750
vn 0.2463 0.9579 0.1478
vn 0.4703 0.6532 0.5934
vn 0.1599 0.9422 0.2943
vn 0.1155 0.6511 0.7502
vn -0.0053 0.9581 0.2864
vn -0.2790 0.6537 0.7034
vn -0.1754 0.9424 0.2848
vn -0.9580 0.1937 0.2116
vn -0.6624 0.1927 -0.7240
vn -0.9143 0.3762 -0.1503
vn -0.3272 0.3753 -0.8672
vn 0.4626 0.6624 0.5893
vn -0.2793 0.6629 0.6947
vn 0.2340 0.7504 0.6182
vn -0.4186 0.7507 0.5111
vn -0.2209 0.9741 0.0481
vn -0.1526 0.9739 -0.1682
vn -0.7416 0.6626 0.1049
vn -0.4619 0.6619 -0.5904
vn 0.0936 0.9956 0.0048
vn 0.2132 0.9673 -0.1374
vn 0.0620 0.9956 -0.0702
vn 0.1426 0.9477 -0.2857
vn -0.0286 0.9957 -0.0881
vn -0.0491 0.9418 -0.3325
vn -0.1958 0.9461 -0.2581
vn 0.0422 0.9957 0.0826
vn -0.7942 -0.3576 -0.4913
vn -0.6598 0.6956 -0.2842
vn -0.4358 0.6461 -0.6266
vn -0.4468 -0.3474 -0.8245
vn -0.0691 0.6590 -0.7489
vn 0.0285 -0.3584 -0.9331
vn -0.2241 0.9676 -0.1167
vn -0.0904 0.9957 -0.0194
vn -0.0607 0.9958 0.0681
vn -0.8385 -0.5274 -0.1370
vn -0.8454 -0.5336 -0.0250
vn -0.4007 -0.5344 -0.7442
vn -0.3004 -0.5282 -0.7942
vn -0.2954 0.1939 0.9355
vn -0.5869 0.3767 0.7167
vn -0.0678 0.9742 0.2155
vn 0.6626 0.1933 0.7236
vn 0.3275 0.3764 0.8666
vn -0.2332 0.7496 -0.6194
vn -0.4462 0.7498 -0.4886
vn -0.2033 0.8230 0.5304
vn -0.3610 0.2506 0.8983
vn -0.5261 0.8253 -0.2052
vn -0.1035 0.9926 -0.0642
vn -0.1341 0.9034 -0.4072
vn -0.7977 -0.3840 0.4649
vn -0.2716 -0.4345 0.8588
vn -0.8585 0.4297 0.2799
vn 0.3747 0.5496 -0.7467
vn 0.5552 0.7438 -0.3721
vn 0.8199 -0.1929 -0.5390
vn 0.3573 -0.5968 -0.7184
vn -0.6523 0.7503 -0.1077
vn -0.6455 0.7504 0.1421
vn -0.5385 -0.5269 0.6576
vn -0.5236 -0.0004 -0.8519
vn 0.2998 -0.5272 0.7951
vn -0.8568 -0.4320 -0.2816
vn -0.8406 0.3056 -0.4471
vn -0.3564 -0.2516 -0.8998
vn -0.3145 0.4975 -0.8085
vn 0.4460 0.0005 0.8950
vn 0.8723 -0.4367 0.2198
vn 0.6656 -0.3332 0.6679
vn 0.4081 0.8166 0.4082
vn 0.8724 0.2181 0.4375
vn 0.8938 -0.0001 0.4485
vn 0.8012 -0.5347 0.2689
vn 0.7061 0.0002 0.7081
vn -0.4485 0.0009 0.8938
vn -0.8950 0.0008 0.4460
vn -0.0756 0.9894 0.1240
vn -0.4057 0.9042 0.1336
vn -0.2000 -0.8248 -0.5288
vn -0.4445 -0.8799 -0.1680
vn -0.1253 -0.9843 -0.1245
vn -0.4825 -0.8685 0.1134
vn -0.1271 -0.9837 0.1270
vn -0.2026 -0.8793 0.4311
vn 0.0688 0.9737 -0.2171
vn 0.2220 0.9738 -0.0498
vn 0.9374 -0.3474 0.0259
vn 0.7938 -0.3576 0.4919
vn 0.1537 0.9740 0.1665
vn -0.5237 -0.0004 -0.8519
vn 0.4464 -0.3464 0.8251
vn -0.0289 -0.3568 0.9337
vn -0.4911 -0.3459 0.7995
vn -0.8229 -0.3568 0.4421
vn -0.9377 -0.3464 -0.0253
vn -0.9996 0.0005 0.0275
vn -0.4760 0.0010 0.8795
vn -0.4759 0.0010 0.8795
vn 0.5237 0.0004 0.8519
vn -0.4485 0.0010 0.8938
vn -0.8950 0.0009 0.4460
vn -0.2439 0.0009 0.9698
vn 0.2684 0.8012 -0.5348
vn 0.5346 0.8017 0.2674
vn 0.8951 -0.0007 -0.4460
vn 0.3235 0.4872 0.8112
vn -0.5785 -0.5765 0.5770
vn 0.3321 -0.6662 0.6677
vn -0.5778 0.5781 0.5761
vn 0.8161 0.4082 0.4091
vn -0.7075 -0.7067 -0.0004
vn -0.7067 0.7075 -0.0016
vn -0.4947 -0.0707 0.8662
vn -0.4215 -0.3421 0.8398
vn -0.4335 -0.1381 0.8905
vn -0.3166 -0.4195 0.8508
vn -0.1334 -0.4639 0.8758
vn -0.0766 -0.5718 0.8168
vn -0.4238 -0.7267 0.5407
vn 0.1771 -0.6922 0.6996
vn -0.5795 -0.1480 0.8014
vn 0.5058 -0.2942 0.8109
vn -0.5081 0.2956 0.8090
vn 0.5772 0.1494 0.8028
vn -0.1791 0.6934 0.6979
vn 0.4223 0.7276 0.5407
vn 0.2932 -0.5065 0.8108
vn -0.1798 -0.6920 0.6991
vn -0.2955 0.5079 0.8092
vn 0.1481 0.5788 0.8019
vn -0.6089 -0.3522 0.7108
vn -0.5793 0.1499 0.8012
vn 0.6916 -0.1782 0.6999
vn 0.5060 0.2950 0.8105
vn -0.5785 -0.5766 0.5770
vn 0.3321 -0.6663 0.6677
vn -0.5779 0.5781 0.5760
vn 0.8161 0.4082 0.4090
vn 0.4477 0.8942 -0.0001
vn 0.8942 -0.4477 0.0016
vn -0.7068 0.7075 -0.0016
vn 0.8947 0.4468 0.0009
vn 0.8946 0.4468 0.0009
vn -0.3500 0.7469 0.5654
vn 0.0700 0.8215 0.5660
vn -0.2284 0.7485 0.6226
vn 0.1760 0.7620 0.6232
vn 0.4710 0.6761 0.5666
vn 0.5330 0.5717 0.6238
vn 0.7456 0.3497 0.5673
vn 0.7470 0.2282 0.6244
vn 0.8202 -0.0702 0.5677
vn 0.7606 -0.1763 0.6248
vn 0.6748 -0.4714 0.5679
vn 0.5702 -0.5334 0.6248
vn -0.5827 -0.5830 0.5662
vn -0.7965 -0.2138 0.5656
vn -0.6258 -0.4692 0.6231
vn -0.7770 -0.0937 0.6225
vn -0.4706 0.6254 0.6224
vn -0.0951 0.7766 0.6228
vn -0.1423 0.2031 0.9688
vn -0.0223 0.2464 0.9689
vn 0.3055 0.7198 0.6234
vn 0.1033 0.2240 0.9691
vn 0.0004 0.9988 0.0491
vn 0.0004 0.9963 0.0862
vn -0.0151 0.9959 0.0893
vn -0.2193 -0.8724 0.4368
vn -0.0007 0.6624 0.7491
vn -0.0217 0.6734 0.7390
vn 0.7062 0.0003 0.7081
vn 0.0160 0.9974 0.0708
vn 0.9004 0.4205 0.1118
vn -0.6861 0.7261 0.0454
vn -0.9008 -0.4201 0.1099
vn -0.9057 -0.4224 0.0362
vn 0.6859 -0.7261 0.0486
vn -0.5348 -0.5705 0.6233
vn -0.4726 -0.6752 0.5664
vn -0.7472 -0.3487 0.5657
vn -0.7488 -0.2271 0.6227
vn -0.5719 0.5344 0.6223
vn -0.6764 0.4723 0.5652
vn -0.8218 0.0712 0.5653
vn -0.7624 0.1773 0.6224
vn 0.2349 -0.9427 0.2368
vn 0.7081 -0.0010 -0.7061
vn 0.5345 -0.8023 -0.2658
vn 0.1459 -0.4416 0.8853
vn 0.9609 -0.1764 0.2136
vn 0.9502 -0.2795 0.1382
vn 0.7055 0.5865 0.3978
vn -0.2192 0.4373 0.8722
vn -0.3137 -0.1553 0.9367
vn -0.3135 0.1571 0.9365
vn -0.2197 -0.4356 0.8729
vn 0.5345 -0.8023 -0.2659
vn 0.2661 -0.8015 0.5356
vn 0.3346 0.6659 -0.6667
vn -0.0716 -0.8205 0.5671
vn -0.1777 -0.7610 0.6240
vn 0.3484 -0.7459 0.5676
vn 0.2267 -0.7474 0.6245
vn -0.7970 0.2127 0.5652
vn -0.7202 0.3068 0.6223
vn -0.2246 0.1055 0.9687
vn 0.9054 0.4228 0.0381
vn -0.0869 0.9901 0.1098
vn 0.0866 -0.9900 0.1116
vn 0.9169 0.3963 0.0479
vn -0.0872 0.9955 0.0362
vn -0.9170 -0.3962 0.0460
vn 0.0871 -0.9955 0.0380
vn 0.9804 0.1387 -0.1397
vn 0.9753 -0.1667 -0.1450
vn 0.6422 0.4550 -0.6169
vn -0.8173 -0.4075 0.4075
vn -0.2686 -0.5337 0.8019
vn -0.8008 0.0009 0.5989
vn 0.4460 0.0006 0.8950
vn 0.5989 0.0003 0.8008
vn 0.6655 -0.3331 0.6679
vn 0.8312 -0.0000 0.5559
vn 0.2281 -0.6878 0.6892
vn -0.3026 0.3024 0.9039
vn -0.2438 0.0009 0.9698
vn 0.0190 0.9156 0.4016
vn 0.0627 0.9961 0.0615
vn -0.5495 0.1702 0.8180
vn -0.5739 0.0821 0.8148
vn -0.3291 0.4341 0.8386
vn -0.4095 0.3298 0.8506
vn -0.0805 0.5935 0.8008
vn -0.1311 0.4366 0.8900
vn 0.0005 1.0000 -0.0009
vn 0.2664 0.5351 0.8017
vn -0.0618 0.9962 0.0613
vn 0.6240 0.4702 0.6240
vn 0.2009 0.1417 0.9693
vn 0.7752 0.0947 0.6246
vn 0.2443 0.0217 0.9695
vn 0.7184 -0.3058 0.6248
vn 0.2218 -0.1038 0.9695
vn 0.4688 -0.6244 0.6248
vn 0.1395 -0.2014 0.9695
vn 0.0933 -0.7756 0.6243
vn 0.0195 -0.2448 0.9694
vn -0.3072 -0.7188 0.6237
vn -0.1060 -0.2224 0.9692
vn -0.2131 -0.7958 0.5669
vn 0.2135 -0.7952 0.5675
vn 0.5827 -0.5815 0.5678
vn 0.7954 -0.2118 0.5678
vn 0.7949 0.2147 0.5675
vn 0.5811 0.5839 0.5669
vn 0.2115 0.7967 0.5662
vn -0.5843 0.5823 0.5652
vn -0.2470 -0.0201 0.9688
vn -0.2150 0.7962 0.5656
vn -0.2036 -0.1401 0.9690
vn -0.2393 0.0652 0.9687
vn -0.1753 0.1756 0.9687
vn -0.0646 0.2391 0.9688
vn 0.0629 0.2388 0.9690
vn 0.1733 0.1747 0.9692
vn 0.2369 0.0641 0.9694
vn 0.2366 -0.0636 0.9695
vn 0.1726 -0.1739 0.9695
vn 0.0619 -0.2375 0.9694
vn -0.0657 -0.2372 0.9692
vn -0.1761 -0.1731 0.9690
vn -0.2396 -0.0624 0.9689
vn 0.9356 -0.3288 -0.1289
vn 0.8660 -0.4821 0.1331
vn 0.6510 -0.4934 -0.5768
vn 0.1120 -0.8088 -0.5774
vn 0.4931 -0.6511 -0.5769
vn -0.1112 -0.8087 -0.5777
vn -0.4921 -0.6507 -0.5783
vn -0.6498 -0.4928 -0.5787
vn -0.8075 -0.1116 -0.5792
vn -0.8074 0.1115 -0.5794
vn -0.6493 0.4925 -0.5795
vn -0.4915 0.6501 -0.5794
vn -0.1103 0.8078 -0.5790
vn 0.1128 0.8077 -0.5787
vn 0.4938 0.6497 -0.5781
vn 0.6514 0.4918 -0.5777
vn 0.8091 0.1106 -0.5772
vn 0.8090 -0.1125 -0.5770
vn 0.8075 0.1116 0.5792
vn 0.6494 -0.4925 0.5795
vn 0.8074 -0.1115 0.5794
vn 0.4915 -0.6502 0.5794
vn 0.1103 -0.8079 0.5790
vn -0.1128 -0.8078 0.5786
vn -0.4938 -0.6497 0.5779
vn -0.6516 -0.4918 0.5776
vn 0.4922 0.6506 0.5783
vn 0.6499 0.4928 0.5786
vn -0.1119 0.8088 0.5773
vn 0.1112 0.8087 0.5776
vn -0.6510 0.4935 0.5768
vn -0.4932 0.6511 0.5769
vn -0.8092 -0.1107 0.5771
vn -0.8090 0.1124 0.5769
vn -0.1935 0.8476 0.4941
vn 0.1944 0.8465 -0.4956
vn -0.1782 0.1971 -0.9641
vn 0.1810 0.1364 -0.9740
vn -0.2427 -0.1455 -0.9591
vn 0.2459 -0.2131 -0.9456
vn -0.1969 -0.8954 -0.3993
vn 0.1959 -0.8950 0.4009
vn 0.7639 0.6454 0.0005
vn 0.9922 0.1243 0.0013
vn 0.9776 -0.2103 0.0015
vn 0.7567 -0.6538 0.0016
vn -0.7574 -0.6530 -0.0005
vn -0.9779 -0.2093 -0.0012
vn -0.9921 0.1253 -0.0015
vn -0.7632 0.6462 -0.0016
vn 0.1783 0.1986 0.9637
vn 0.2425 -0.1441 0.9594
vn -0.2140 0.1641 -0.9630
vn -0.1835 0.9830 -0.0011
vn 0.1554 0.1687 -0.9733
vn 0.2810 0.9597 -0.0004
vn 0.9246 0.1422 -0.3533
vn 0.9260 -0.1548 0.3444
vn 0.7567 -0.6537 0.0017
vn 0.1930 -0.1677 0.9668
vn -0.2321 0.1192 0.9654
vn 0.2299 0.1713 0.9580
vn -0.1962 -0.2454 0.9494
vn -0.9271 -0.1538 0.3418
vn -0.1968 -0.8954 -0.3993
vn -0.9235 0.1431 -0.3559
vn -0.9846 0.0004 -0.1750
vn -0.6755 0.4747 0.5642
vn -0.6181 0.7480 0.2418
vn -0.5445 0.8209 -0.1720
vn -0.7014 0.0742 0.7089
vn -0.4745 0.6739 -0.5663
vn -0.4267 0.3464 -0.8354
vn -0.4142 -0.0738 -0.9072
vn -0.6888 -0.3460 0.6371
vn -0.6411 -0.6735 0.3680
vn -0.5710 -0.8205 -0.0263
vn -0.4975 -0.7476 -0.4400
vn -0.4400 -0.4743 -0.7625
vn 0.6760 0.4731 -0.5650
vn 0.6189 0.7469 -0.2430
vn 0.5454 0.8207 0.1706
vn 0.4752 0.6744 0.5652
vn 0.4271 0.3474 0.8348
vn 0.4141 -0.0727 0.9073
vn 0.4395 -0.4734 0.7634
vn 0.4967 -0.7473 0.4413
vn 0.5702 -0.8211 0.0277
vn 0.6404 -0.6748 -0.3668
vn 0.6885 -0.3478 -0.6365
vn 0.9846 -0.0004 0.1750
vn 0.7015 0.0723 -0.7090
vn -0.4460 -0.0005 -0.8950
vn -0.8157 0.4083 -0.4098
vn -0.4468 0.8947 -0.0014
vn 0.3052 -0.6333 -0.7112
vn 0.6321 -0.6385 -0.4390
vn 0.3285 -0.8258 0.4584
vn 0.7436 -0.5810 0.3310
vn -0.7135 -0.5445 -0.4409
vn -0.3178 -0.6922 -0.6480
vn -0.6691 -0.6663 0.3291
vn -0.3432 -0.7867 0.5132
vn -0.8963 -0.1512 -0.4169
vn -0.8828 -0.2223 0.4137
vn 0.8298 -0.2154 -0.5148
vn 0.9285 -0.1672 0.3317
vn 0.3671 -0.2561 0.8942
vn 0.8745 0.2174 0.4336
vn 0.2637 0.3184 0.9105
vn 0.6582 0.5754 0.4855
vn 0.2725 0.9039 0.3297
vn 0.6965 0.6096 -0.3785
vn 0.1836 0.6936 -0.6966
vn 0.8944 0.1468 -0.4225
vn -0.9229 0.1607 0.3498
vn -0.8248 0.2116 -0.5243
vn -0.6236 0.6308 -0.4617
vn -0.7320 0.5624 0.3846
vn -0.3326 0.1916 0.9234
vn -0.3081 -0.4382 0.8444
vn -0.1830 0.8631 -0.4706
vn -0.2754 0.8226 0.4974
vn 0.2682 -0.5353 -0.8010
vn 0.4053 -0.2031 -0.8913
vn 0.5358 0.2663 -0.8012
vn 0.1617 0.3195 -0.9337
vn -0.1590 -0.3211 -0.9336
vn -0.4028 0.2016 -0.8928
vn 0.3680 0.7468 -0.5540
vn 0.5451 0.8204 -0.1729
vn 0.9069 -0.0008 -0.4213
vn 0.7138 0.6740 0.1905
vn 0.8289 0.3469 0.4389
vn 0.8596 -0.0733 0.5058
vn -0.6603 -0.7472 -0.0753
vn -0.7981 -0.4737 -0.3723
vn 0.3138 -0.6749 -0.6679
vn 0.1987 -0.3478 -0.9163
vn -0.4833 -0.8203 0.3058
vn 0.4825 -0.8213 -0.3045
vn -0.3145 -0.6734 0.6690
vn 0.6595 -0.7478 0.0765
vn -0.1990 -0.3460 0.9169
vn 0.7976 -0.4740 0.3731
vn -0.1679 0.0742 0.9830
vn -0.2295 0.4747 0.8497
vn -0.3672 0.7481 0.5527
vn -0.5442 0.8212 0.1715
vn -0.7131 0.6744 -0.1916
vn -0.8596 -0.0733 -0.5056
vn 0.1679 0.0724 -0.9831
vn -0.8285 0.3470 -0.4394
vn 0.2300 0.4731 -0.8505
vn 0.6510 -0.4935 -0.5768
vn 0.1120 -0.8088 -0.5773
vn 0.4931 -0.6512 -0.5769
vn -0.6499 -0.4928 -0.5787
vn -0.4915 0.6502 -0.5794
vn 0.4938 0.6497 -0.5780
vn 0.6515 0.4918 -0.5776
vn 0.8092 0.1107 -0.5771
vn 0.8090 -0.1125 -0.5769
vn 0.4932 -0.6512 -0.5769
vn 0.1119 -0.8088 -0.5773
vn -0.1112 -0.8087 -0.5776
vn -0.4922 -0.6507 -0.5783
vn -0.6499 -0.4928 -0.5786
vn -0.6494 0.4925 -0.5795
vn -0.8074 0.1115 -0.5793
vn 0.6494 -0.4925 0.5794
vn 0.4915 -0.6502 0.5793
vn 0.1103 -0.8078 0.5790
vn -0.1128 -0.8077 0.5787
vn -0.6515 -0.4919 0.5776
vn -0.8090 0.1125 0.5769
vn -0.1120 0.8088 0.5773
vn 0.4921 0.6507 0.5783
vn 0.6498 0.4928 0.5787
vn -0.6510 0.4934 0.5768
vn -0.4931 0.6512 0.5769
vn -0.4938 -0.6497 0.5780
vn -0.6515 -0.4918 0.5776
vn -0.8092 -0.1106 0.5771
vn 0.8091 0.1107 -0.5771
vn 0.6493 -0.4925 0.5795
vn 0.4922 0.6507 0.5783
vn 0.6509 -0.4934 -0.5769
vn 0.8090 -0.1124 -0.5770
vn 0.4931 -0.6511 -0.5770
vn -0.9069 0.0008 0.4213
vn 0.1945 0.8465 -0.4956
vn 0.2127 -0.1850 0.9594
vn 0.9777 -0.2102 0.0015
vn 0.1970 -0.8956 -0.3988
vn -0.1808 0.1383 0.9737
vn -0.7632 0.6461 -0.0016
vn -0.9245 0.1438 0.3530
vn -0.2857 -0.1678 0.9435
vn -0.9261 -0.1544 -0.3441
vn -0.1980 -0.8948 0.4003
vn 0.2856 -0.1697 -0.9432
vn -0.1658 -0.2119 -0.9631
vn -0.2297 0.1698 -0.9583
vn -0.9413 0.0002 -0.3376
vn -0.8076 0.5607 -0.1827
vn -0.3931 0.6610 -0.6392
vn -0.5245 -0.0004 -0.8514
vn -0.9994 0.0005 -0.0347
vn -0.9476 0.3180 0.0300
vn -0.9761 0.0007 0.2172
vn -0.6610 0.7128 0.2344
vn -0.5269 0.0010 0.8499
vn -0.2595 0.8703 0.4185
vn -0.2678 0.7690 0.5804
vn 0.6450 0.6787 0.3512
vn 0.2686 0.7678 -0.5817
vn -0.6443 0.6788 -0.3523
vn 0.0015 0.4414 -0.8973
vn 0.8168 0.1833 -0.5470
vn 0.1608 0.4434 0.8818
vn -0.0004 0.8005 0.5994
vn 0.3418 0.7611 -0.5514
vn 0.6560 0.7093 -0.2577
vn 0.3938 0.6616 0.6381
vn 0.8261 0.5609 -0.0543
vn 0.9092 0.3182 0.2683
vn -0.5335 -0.2677 -0.8023
vn -0.2658 0.5340 -0.8026
vn 0.8950 -0.0008 -0.4460
vn 0.3347 0.6659 -0.6667
vn 0.9598 -0.0007 -0.2806
vn 0.5269 -0.0010 -0.8499
vn 0.9299 -0.0002 0.3677
vn 0.5245 0.0004 0.8514
vn 0.9977 -0.0005 0.0679
vn 0.4938 0.6496 -0.5781
vn -0.6515 -0.4918 0.5777
vn -0.6493 0.4924 -0.5796
vn -0.6498 -0.4927 -0.5787
vn -0.4921 -0.6506 -0.5784
vn -0.1111 -0.8087 -0.5777
vn -0.1808 0.1382 0.9738
vn -0.2462 -0.2112 0.9459
vn -0.1128 -0.8077 0.5786
vn -0.4931 0.6511 0.5769
vn -0.1111 -0.8087 -0.5776
vn 0.7639 0.6454 0.0006
vn 0.9237 0.1428 0.3556
vn 0.2326 0.1696 -0.9577
vn 0.7567 -0.6537 0.0016
vn 0.1683 -0.2121 -0.9627
vn -0.1968 -0.8954 -0.3994
vn -0.2831 -0.1694 -0.9440
vn -0.9271 -0.1538 0.3417
vn 0.9269 -0.1554 -0.3415
vn -0.1781 0.1366 -0.9745
vn 0.8091 -0.1125 -0.5769
vn 0.8090 -0.1124 -0.5769
vn 0.6515 0.4918 -0.5777
vn -0.4922 -0.6507 -0.5782
vn -0.4931 0.6511 0.5770
vn -0.6509 0.4934 0.5769
vn -0.1120 0.8088 0.5774
vn 0.1112 0.8086 0.5777
vn -0.8090 0.1125 0.5770
vn -0.8091 -0.1107 0.5771
vn 0.4921 0.6506 0.5783
vn 0.4914 -0.6502 0.5795
vn 0.6493 -0.4925 0.5796
vn 0.1103 -0.8078 0.5791
vn -0.4938 -0.6497 0.5781
vn -0.8091 -0.1107 0.5772
vn -0.8090 0.1124 0.5770
vn -0.6510 0.4934 0.5769
vn -0.1119 0.8088 0.5774
vn 0.1960 -0.2472 -0.9489
vn 0.1959 -0.8949 0.4009
vn 0.9270 -0.1553 -0.3414
vn 0.2322 0.1174 -0.9656
vn 0.9237 0.1427 0.3557
vn 0.7639 0.6453 0.0006
vn -0.1935 0.8476 0.4942
vn 0.1783 0.1985 0.9637
vn -0.7574 -0.6529 -0.0005
vn 0.9747 -0.0007 -0.2236
vn 0.6293 -0.7476 0.2120
vn 0.5354 -0.8212 -0.1974
vn 0.4459 -0.6749 -0.5880
vn 0.3849 -0.3478 -0.8549
vn 0.3687 0.0723 -0.9267
vn -0.9747 0.0007 0.2236
vn -0.7031 -0.4739 -0.5301
vn -0.6301 -0.7473 -0.2108
vn -0.5362 -0.8203 0.1988
vn -0.4466 -0.6734 0.5891
vn -0.3852 -0.3460 0.8555
vn -0.3686 0.0742 0.9266
vn -0.4012 0.4748 0.7833
vn -0.7357 -0.0735 -0.6733
vn -0.7191 0.3468 -0.6022
vn -0.4742 0.7481 0.4642
vn -0.5682 0.8211 0.0545
vn -0.6578 0.6742 -0.3358
vn 0.7027 -0.4738 0.5308
vn 0.6510 -0.4935 -0.5769
vn 0.1119 -0.8088 -0.5774
vn 0.5803 0.7358 0.3491
vn 0.5246 -0.1163 0.8434
vn 0.7699 0.1699 -0.6151
vn 0.2497 0.7621 -0.5974
vn -0.1957 0.6711 -0.7151
vn 0.1066 -0.1663 -0.9803
vn 0.3803 -0.5974 -0.7061
vn -0.2913 0.6433 -0.7081
vn -0.2932 0.6444 0.7062
vn -0.0992 0.6936 0.7135
vn 0.3783 -0.5962 0.7081
vn 0.2386 -0.3766 0.8951
vn -0.0015 -0.4465 0.8948
vn 0.2893 -0.8910 0.3500
vn 0.4963 0.6300 0.5973
vn 0.7680 -0.1707 0.6173
vn 0.7699 0.1699 -0.6152
vn 0.2496 0.7621 -0.5974
vn -0.1168 0.8191 0.5617
vn -0.2933 0.6445 0.7062
vn -0.2912 0.6432 -0.7081
vn 0.1683 -0.2661 0.9492
vn 0.2472 -0.7623 0.5981
vn 0.0001 -0.8948 -0.4465
vn 0.4973 -0.6306 -0.5959
vn -0.1781 0.1972 -0.9641
vn -0.1932 -0.1691 -0.9665
vn -0.2297 0.1699 -0.9583
vn 0.2322 0.1173 -0.9656
vn 0.9236 0.1428 0.3557
vn 0.9270 -0.1553 -0.3415
vn -0.1935 0.8475 0.4942
vn 0.1066 -0.1664 -0.9803
vn 0.3803 -0.5974 -0.7060
vn 0.7218 -0.6364 -0.2719
vn 0.6249 -0.5488 0.5553
vn 0.3171 -0.6914 0.6492
vn 0.3424 -0.7879 -0.5118
vn -0.1643 0.8517 -0.4977
vn -0.2707 0.7621 0.5881
vn 0.1839 0.8637 0.4692
vn 0.3301 0.8556 -0.3988
vn 0.6242 0.6310 0.4606
vn 0.7326 0.5610 -0.3855
vn 0.3728 -0.3796 -0.8467
vn -0.3159 0.2643 -0.9113
vn -0.8742 0.2175 -0.4341
vn -0.6524 0.6512 -0.3878
vn 0.2287 0.2719 -0.9348
vn 0.8930 0.1321 -0.4303
vn 0.8862 -0.2103 -0.4128
vn 0.9144 -0.2124 0.3447
vn 0.8250 0.2117 0.5240
vn -0.3673 -0.2572 -0.8938
vn -0.3294 -0.8262 -0.4571
vn -0.3059 -0.6318 0.7123
vn -0.6328 -0.6371 0.4401
vn -0.7442 -0.5808 -0.3300
vn -0.7084 0.5366 0.4586
vn -0.8943 0.1484 0.4222
vn -0.8301 -0.2137 0.5151
vn -0.9286 -0.1668 -0.3314
vn 0.6499 0.4928 0.5787
vn -0.3678 0.7158 -0.5936
vn 0.0015 0.5542 -0.8324
vn -0.5643 0.5548 0.6113
vn -0.0009 0.5849 0.8111
vn 0.8200 -0.0009 -0.5724
vn 0.8926 0.3467 0.2883
vn 0.9343 -0.0735 0.3487
vn 0.7361 0.6739 0.0637
vn 0.5069 0.8203 -0.2649
vn 0.2663 0.7468 -0.6094
vn 0.0788 0.4731 -0.8775
vn -0.0053 0.0725 -0.9974
vn -0.7354 0.6745 -0.0648
vn -0.5061 0.8213 0.2635
vn -0.8922 0.3471 -0.2889
vn -0.9344 -0.0731 -0.3486
vn 0.0364 -0.3477 -0.9369
vn -0.8507 -0.4736 -0.2281
vn 0.1929 -0.6749 -0.7123
vn -0.6635 -0.7471 0.0404
vn -0.2655 0.7481 0.6081
vn -0.0784 0.4746 0.8767
vn 0.0053 0.0741 0.9972
vn -0.0368 -0.3461 0.9375
vn 0.8502 -0.4741 0.2289
vn -0.1936 -0.6735 0.7134
vn 0.6627 -0.7478 -0.0392
vn -0.4230 -0.8203 0.3850
vn 0.4221 -0.8213 -0.3837
vn -0.8200 0.0009 0.5724
vn -0.6499 -0.4927 -0.5787
vn 0.7567 -0.6538 0.0017
vn 0.1958 -0.8950 0.4009
vn 0.2811 0.9597 -0.0004
vn -0.7632 0.6461 -0.0017
vn 0.2037 0.1483 -0.9677
vn -0.1127 -0.8077 0.5787
vn 0.8075 0.1117 0.5792
vn 0.6510 -0.4934 -0.5769
vn -0.1112 -0.8086 -0.5777
vn -0.1103 0.8078 -0.5791
vn 0.1128 0.8077 -0.5788
vn -0.6493 0.4924 -0.5795
vn -0.8075 -0.1116 -0.5793
vn -0.4915 0.6501 -0.5795
vn 0.1104 -0.8078 0.5790
vn 0.7195 0.3470 0.6016
vn 0.7357 -0.0731 0.6734
vn 0.6585 0.6741 0.3346
vn 0.5690 0.8204 -0.0559
vn 0.4750 0.7468 -0.4654
vn 0.4017 0.4730 -0.7841
vn 0.2705 0.1369 -0.9529
vn 0.1682 -0.2121 -0.9627
vn -0.2008 0.1485 -0.9683
vn -0.2321 -0.2027 -0.9514
vn -0.1936 0.8475 0.4942
vn -0.9803 0.1976 -0.0015
vn -0.9909 -0.1347 -0.0013
vn 0.1959 -0.8950 0.4008
vn -0.2774 0.6006 0.7499
vn 0.1377 0.6453 0.7514
vn 0.4973 0.4391 0.7482
vn 0.6628 0.0694 0.7455
vn 0.5797 -0.3244 0.7475
vn 0.2753 -0.5993 0.7517
vn -0.1399 -0.6440 0.7521
vn -0.4995 -0.4379 0.7475
vn -0.5818 0.3256 0.7453
vn -0.6650 -0.0682 0.7437
vn -0.1953 0.9087 0.3689
vn 0.3898 0.8443 0.3677
vn 0.8149 0.4543 0.3599
vn 0.9289 -0.0978 0.3572
vn 0.6985 -0.6162 0.3638
vn 0.1943 -0.9081 0.3710
vn -0.3908 -0.8437 0.3680
vn -0.8160 -0.4537 0.3582
vn -0.9299 0.0984 0.3543
vn -0.6995 0.6169 0.3607
vn 0.2172 0.4371 0.8728
vn 0.2168 -0.4358 0.8736
vn -0.4468 0.8946 -0.0014
vn 0.3877 0.8397 0.3801
vn 0.1364 0.6391 0.7569
vn 0.4926 0.4350 0.7537
vn 0.8107 0.4520 0.3721
vn 0.6567 0.0688 0.7510
vn 0.9242 -0.0973 0.3693
vn 0.5743 -0.3213 0.7529
vn 0.6949 -0.6130 0.3761
vn 0.2727 -0.5935 0.7572
vn 0.1932 -0.9032 0.3834
vn -0.1385 -0.6379 0.7576
vn -0.3888 -0.8391 0.3804
vn -0.4948 -0.4338 0.7530
vn -0.8118 -0.4514 0.3704
vn -0.6589 -0.0675 0.7492
vn -0.9253 0.0979 0.3664
vn -0.5765 0.3226 0.7507
vn -0.6960 0.6136 0.3730
vn -0.2748 0.5948 0.7554
vn -0.1943 0.9038 0.3813
vn 0.8245 -0.0875 -0.5590
vn 0.9896 -0.0073 -0.1438
vn 0.8028 -0.5772 -0.1495
vn 0.6227 -0.5477 -0.5588
vn 0.7242 0.4013 -0.5608
vn 0.8119 0.5651 -0.1465
vn 0.3484 0.7500 -0.5623
vn 0.3204 0.9346 -0.1547
vn 0.3051 -0.9395 -0.1556
vn 0.1749 -0.8095 -0.5604
vn -0.3200 -0.9348 -0.1540
vn -0.3468 -0.7508 -0.5621
vn -0.8116 -0.5652 -0.1478
vn -0.7226 -0.4022 -0.5622
vn -0.9892 0.0071 -0.1466
vn -0.8229 0.0866 -0.5616
vn -0.8024 0.5770 -0.1527
vn -0.6211 0.5468 -0.5615
vn -0.3047 0.9392 -0.1581
vn -0.1733 0.8085 -0.5623
vn -0.6874 0.4643 0.5584
vn -0.2801 0.7811 0.5581
vn -0.8309 -0.0151 0.5563
vn -0.6715 -0.4913 0.5547
vn -0.2490 -0.7926 0.5566
vn 0.2785 -0.7801 0.5602
vn 0.6859 -0.4634 0.5611
vn 0.8293 0.0160 0.5585
vn 0.6329 0.5010 0.5903
vn 0.2110 0.8378 0.5035
vn -0.1837 0.4054 0.8955
vn 0.1511 0.4521 0.8791
vn 0.3216 0.2267 0.9193
vn 0.4509 0.0424 0.8916
vn 0.3908 -0.2222 0.8932
vn 0.1812 -0.4039 0.8967
vn -0.1005 -0.4305 0.8970
vn -0.3431 -0.2904 0.8933
vn -0.4539 -0.0407 0.8901
vn -0.3934 0.2237 0.8917
vn -0.2149 0.9766 -0.0008
vn -0.4303 0.9027 -0.0010
vn 0.2160 0.9764 -0.0001
vn 0.4313 0.9022 0.0002
vn 0.9949 -0.1008 0.0018
vn 0.9950 0.0999 0.0016
vn 0.8794 -0.4761 0.0020
vn 0.7604 -0.6495 0.0019
vn 0.4304 -0.9027 0.0017
vn 0.2149 -0.9766 0.0015
vn -0.2159 -0.9764 0.0009
vn -0.4312 -0.9023 0.0005
vn -0.7609 -0.6489 -0.0002
vn -0.8797 -0.4755 -0.0005
vn -0.9950 -0.1000 -0.0010
vn -0.9949 0.1010 -0.0011
vn -0.8792 0.4764 -0.0013
vn -0.7602 0.6497 -0.0013
vn -0.6678 -0.3324 0.6660
vn 0.7082 -0.0010 -0.7060
vn 0.8024 0.5339 -0.2666
vn 0.8009 -0.2672 0.5359
vn 0.4485 -0.0010 -0.8938
vn 0.8024 -0.2681 -0.5332
vn 0.8019 -0.5351 -0.2657
vn 0.7067 -0.7075 0.0016
vn 0.7068 -0.7075 0.0016
vn 0.8011 -0.5347 0.2688
vn 0.8318 -0.5551 0.0007
vn 0.9484 -0.3169 0.0016
vn 0.8011 0.2673 0.5355
vn 0.7060 0.0002 0.7083
vn 0.8937 -0.0001 0.4486
vn 0.4488 -0.0010 -0.8936
vn 0.2685 0.7678 -0.5817
vn 0.4419 0.6693 -0.5973
vn -0.2339 0.8952 -0.3793
vn 0.0010 0.9330 -0.3599
vn 0.0014 0.5994 -0.8005
vn -0.5246 -0.0004 -0.8514
vn 0.0018 -0.0008 -1.0000
vn 0.0018 0.4465 -0.8948
vn -0.0004 0.8948 0.4465
vn -0.0018 0.0008 1.0000
vn -0.2858 -0.1678 0.9435
vn -0.1775 -0.9841 0.0005
vn 0.2720 -0.9623 0.0012
vn -0.9779 -0.2092 -0.0012
vn -0.9921 0.1254 -0.0015
vn 0.9776 -0.2102 0.0015
vn 0.2154 -0.1866 -0.9585
vn 0.1811 0.1969 -0.9635
vn 0.9092 0.3182 0.2684
vn 0.3938 0.6617 0.6381
vn 0.5245 0.0005 0.8514
vn 0.7968 -0.6043 0.0016
vn 0.1362 -0.9907 0.0010
vn 0.6033 -0.7975 0.0015
vn -0.1372 -0.9905 0.0006
vn -0.6041 -0.7969 -0.0002
vn -0.7974 -0.6034 -0.0006
vn -0.7968 0.6043 -0.0016
vn -0.1363 0.9907 -0.0010
vn -0.6034 0.7974 -0.0015
vn 0.1373 0.9905 -0.0006
vn -0.9907 -0.1363 -0.0013
vn -0.9905 0.1373 -0.0015
vn 0.9907 0.1363 0.0013
vn 0.9905 -0.1373 0.0015
vn 0.6042 0.7968 0.0002
vn 0.7974 0.6034 0.0006
vn 0.6561 0.7093 -0.2577
vn 0.9598 -0.0007 -0.2807
vn 0.3418 0.7610 -0.5513
vn -0.6610 0.7129 0.2345
vn -0.2595 0.8703 0.4186
vn -0.9413 0.0002 -0.3375
vn 0.3393 0.8606 0.3798
vn -0.0001 0.9008 0.4342
vn -0.0004 0.7979 0.6028
vn -0.8311 0.4312 0.3511
vn -0.0014 0.0009 1.0000
vn 0.8261 0.5610 -0.0543
vn 0.9977 -0.0004 0.0679
vn 0.1112 0.8087 0.5777
vn -0.4937 -0.6497 0.5780
vn 0.8075 0.1116 0.5793
vn 0.8073 -0.1115 0.5795
vn 0.7611 0.6486 0.0008
vn 0.8798 0.4753 0.0012
vn -0.4438 0.6295 -0.6378
vn -0.3815 -0.2237 -0.8969
vn -0.8770 0.1035 -0.4693
vn -0.9672 -0.0607 -0.2466
vn -0.4821 0.8745 -0.0528
vn -0.9233 0.0002 -0.3840
vn -0.8955 0.2180 -0.3881
vn -0.9672 0.0003 -0.2541
vn 0.3838 -0.2241 -0.8958
vn 0.4600 0.1792 -0.8697
vn 0.8635 -0.1230 -0.4891
vn 0.9188 0.2814 -0.2769
vn -0.7089 0.6956 -0.1163
vn -0.7844 0.3810 -0.4894
vn -0.4460 -0.0006 -0.8950
vn 0.7099 0.7020 -0.0569
vn 0.3037 0.5858 -0.7514
vn -0.8951 0.0007 0.4460
vn -0.3340 0.6674 0.6656
vn -0.4596 0.3860 0.7999
vn -0.9183 0.3416 0.2000
vn 0.8951 -0.0008 -0.4460
vn -0.8054 0.5843 0.0994
vn -0.9303 0.3653 0.0340
vn -0.7087 0.6955 -0.1189
vn -0.3840 0.0009 0.9233
vn 0.3814 0.0006 0.9244
vn 0.4447 0.7651 0.4656
vn 0.7097 0.7017 -0.0629
vn 0.8058 0.5411 -0.2408
vn 0.9244 -0.0008 -0.3814
vn -0.9244 0.0932 0.3700
vn -0.8635 0.1230 0.4891
vn 0.4834 0.8596 -0.1655
vn 0.8958 0.3047 0.3235
vn 0.8636 -0.0009 -0.5042
vn 0.9307 0.3448 -0.1216
vn 0.8772 0.2133 0.4302
vn 0.9672 -0.0003 0.2541
vn -0.8636 0.0009 0.5042
vn 0.9672 0.0608 0.2466
vn 0.9234 0.0923 0.3726
vn -0.8133 -0.0002 -0.5818
vn -0.8134 -0.0000 -0.5818
vn -0.9948 0.0004 -0.1020
vn -0.2161 0.9639 -0.1558
vn -0.2904 0.9338 -0.2089
vn 0.3988 0.8614 0.3145
vn 0.5599 0.7419 0.3688
vn 0.8071 0.1954 0.5571
vn 0.7989 0.1881 0.5713
vn 0.7988 0.1887 0.5713
vn 0.7851 0.1933 0.5884
vn 0.7746 0.2621 0.5756
vn 0.7989 0.2446 0.5495
vn -0.8133 -0.0000 -0.5818
vn -0.8133 -0.0001 -0.5819
vn 0.8283 -0.3066 -0.4689
vn 0.8942 0.2652 0.3608
vn 0.9985 0.0547 0.0086
vn 0.8820 0.0822 -0.4640
vn 0.7979 0.4967 -0.3416
vn -0.5185 0.3641 -0.7737
vn -0.6546 0.4815 -0.5828
vn -0.4436 0.1715 -0.8797
vn -0.4278 -0.2358 -0.8726
vn -0.7404 0.4132 -0.5302
vn -0.2895 0.9561 -0.0451
vn 0.4510 0.7485 0.4861
vn -0.8132 -0.0000 -0.5820
vn -0.8132 -0.0001 -0.5820
vn 0.2510 0.9514 0.1785
vn 0.3821 0.8831 0.2723
vn 0.7778 0.2927 0.5562
vn 0.7779 0.2926 0.5562
vn 0.8133 0.0001 0.5819
vn 0.9846 -0.0007 -0.1748
vn 0.7498 0.3881 0.5359
vn -0.5902 0.7953 0.1382
vn 0.0881 0.7568 0.6477
vn 0.3570 0.8921 0.2768
vn -0.3235 0.9126 -0.2502
vn -0.1335 0.4055 0.9043
vn -0.6613 0.5042 0.5554
vn -0.5846 0.1093 0.8040
vn -0.2336 0.0954 0.9676
vn 0.1633 0.4149 -0.8951
vn 0.7959 0.4352 -0.4209
vn 0.8373 0.1043 -0.5366
vn 0.0835 0.1577 -0.9839
vn 0.8372 -0.0009 -0.5469
vn 0.5819 -0.0010 -0.8133
vn -0.7646 0.4111 -0.4964
vn -0.0870 0.9742 -0.2084
vn 0.0841 0.7836 -0.6155
vn -0.7969 0.0500 -0.6021
vn 0.2476 -0.3940 -0.8851
vn -0.6673 0.4308 0.6075
vn -0.5316 0.8017 0.2733
vn -0.9690 0.2324 -0.0836
vn -0.8485 0.4263 -0.3136
vn 0.2378 0.3989 -0.8856
vn -0.0616 0.7781 -0.6251
vn 0.1393 0.4061 -0.9031
vn -0.5931 0.3450 -0.7275
vn -0.5020 0.1590 -0.8501
vn 0.2087 -0.0172 -0.9778
vn -0.4761 -0.0323 -0.8788
vn 0.2177 -0.2504 -0.9433
vn -0.9250 0.2982 -0.2357
vn -0.8410 0.3928 -0.3720
vn -0.7140 0.4255 -0.5561
vn 0.6098 0.7855 -0.1052
vn 0.8465 0.3509 0.4004
vn 0.7345 0.3760 0.5649
vn 0.1449 -0.4020 -0.9041
vn -0.5223 -0.2103 -0.8264
vn 0.3470 -0.0010 -0.9379
vn 0.2606 -0.0009 -0.9654
vn -0.4901 -0.0005 -0.8717
vn -0.4176 -0.0005 -0.9086
vn 0.8370 0.1762 0.5181
vn 0.4620 0.1072 0.8804
vn 0.8075 0.1193 0.5776
vn 0.1631 0.0851 0.9829
vn 0.7979 0.1941 0.5706
vn 0.1386 0.0008 0.9904
vn 0.5014 0.7877 0.3579
vn 0.6494 0.7604 0.0034
vn 0.6527 0.6747 0.3445
vn 0.1269 0.6930 0.7097
vn -0.8134 -0.0001 -0.5817
vn 0.7897 0.4349 -0.4327
vn -0.8132 -0.0000 -0.5819
vn -0.9802 0.1127 0.1625
vn -0.9865 0.0006 0.1636
vn -0.9835 0.0849 0.1595
vn 0.9846 -0.0005 -0.1747
vn -0.8133 -0.0001 -0.5818
vn -0.8801 0.0484 -0.4723
vn 0.1637 0.0007 0.9865
vn -0.1529 0.1074 0.9824
vn -0.8075 0.1189 -0.5778
vn -0.9824 0.0848 0.1665
vn 0.9836 0.0836 -0.1597
vn 0.1530 0.1057 -0.9826
vn 0.9803 0.1116 -0.1627
vn -0.1630 0.0834 -0.9831
vn 0.9865 -0.0006 -0.1636
vn -0.4619 0.1059 -0.8806
vn -0.1636 -0.0007 -0.9865
vn 0.9825 0.0837 -0.1666
vn 0.5097 0.1148 0.8527
vn 0.7608 0.1763 0.6246
vn 0.6304 0.2656 0.7294
vn 0.5103 0.0005 0.8600
vn 0.6296 0.0003 0.7770
vn 0.9992 -0.0005 0.0407
vn 0.9849 -0.0006 -0.1734
vn 0.5164 0.0285 0.8559
vn 0.9564 -0.1718 0.2361
vn -0.0498 0.9987 -0.0075
vn -0.0022 1.0000 -0.0001
vn 0.0271 0.9979 -0.0582
vn 0.5088 0.2280 0.8302
vn 0.4470 -0.6067 0.6574
vn 0.9208 -0.3326 0.2037
vn 0.8683 0.4235 0.2582
vn 0.0651 0.9977 0.0180
vn -0.0041 0.8890 -0.4580
vn -0.4586 0.8885 0.0161
vn -0.0201 0.9978 0.0630
vn 0.1555 0.6342 -0.7574
vn -0.4698 0.6540 -0.5930
vn -0.7564 0.6353 -0.1557
vn 0.1565 -0.2870 0.9451
vn 0.2540 -0.8517 0.4583
vn 0.4768 -0.8646 0.1588
vn 0.8870 -0.4377 -0.1472
vn -0.0480 0.4458 0.8938
vn -0.5008 -0.1808 -0.8465
vn 0.6124 0.3144 0.7253
vn -0.3735 0.2975 -0.8786
vn 0.9981 -0.0005 0.0612
vn 0.9787 -0.0003 0.2053
vn 0.9594 0.0477 0.2779
vn 0.9446 0.2232 0.2405
vn 0.6180 0.7791 -0.1051
vn 0.8481 0.3446 0.4025
vn 0.3573 0.8917 0.2780
vn 0.7337 0.3771 0.5652
vn 0.0878 0.7641 0.6391
vn 0.6094 0.3235 0.7239
vn -0.1433 0.4041 0.9034
vn 0.4810 0.1629 0.8614
vn -0.2584 -0.0151 0.9659
vn 0.4056 -0.0392 0.9132
vn -0.2356 -0.4127 0.8799
vn 0.4145 -0.2695 0.8692
vn -0.3029 -0.3032 0.9035
vn 0.4177 -0.1022 0.9028
vn -0.4040 0.0010 0.9148
vn 0.3612 0.0006 0.9325
vn -0.3397 0.0010 0.9405
vn 0.5519 0.0004 0.8339
vn -0.0475 0.7766 -0.6282
vn -0.3243 0.9117 -0.2524
vn 0.4954 0.1630 0.8532
vn -0.2473 0.0009 0.9689
vn -0.5819 0.0010 0.8133
vn -0.5942 0.7953 0.1196
vn -0.7272 -0.4152 0.5466
vn -0.9672 -0.1854 -0.1734
vn -0.9687 -0.1500 -0.1978
vn -0.8133 -0.0002 -0.5819
vn -0.3990 -0.0957 -0.9119
vn 0.0212 0.4555 0.8900
vn -0.2345 -0.0775 0.9690
vn -0.8679 -0.2516 0.4283
vn -0.5774 0.3541 -0.7356
vn -0.7121 0.4278 -0.5567
vn -0.9858 0.0271 -0.1657
vn -0.9432 0.2332 -0.2365
vn -0.8403 0.3845 -0.3822
vn 0.2070 -0.2776 -0.9381
vn 0.9455 0.2294 0.2313
vn -0.5920 0.6551 0.4695
vn 0.1020 0.8760 0.4714
vn 0.4256 0.8998 -0.0959
vn 0.8252 0.4206 -0.3770
vn -0.2055 -0.1867 0.9607
vn 0.9776 -0.1891 0.0925
vn -0.9535 -0.2794 -0.1135
vn -0.9691 -0.1209 -0.2151
vn -0.7152 0.0010 0.6989
vn -0.7756 0.0009 0.6312
vn -0.7857 -0.3102 0.5352
vn -0.8191 -0.3739 0.4351
vn -0.8585 0.0072 0.5127
vn -0.7985 0.4382 0.4128
vn 0.9941 0.0270 0.1052
vn 0.8232 -0.0005 -0.5678
vn 0.7547 -0.4011 -0.5192
vn 0.7328 -0.3228 -0.5991
vn 0.7353 -0.0010 -0.6777
vn 0.6868 -0.0010 -0.7269
vn -0.9985 0.0545 0.0036
vn 0.4775 -0.0992 -0.8730
vn -0.9470 0.0774 -0.3117
vn 0.3735 -0.0671 -0.9252
vn -0.8566 0.4276 0.2888
vn -0.2393 0.6630 -0.7094
vn 0.0022 0.8121 0.5835
vn 0.1987 -0.0855 0.9763
vn 0.3806 -0.0656 0.9224
vn 0.9590 0.2832 -0.0039
vn -0.3910 0.9099 -0.1384
vn 0.1347 0.9068 -0.3995
vn 0.0052 0.7233 -0.6905
vn -0.5634 0.8047 0.1870
vn -0.1962 0.7567 -0.6237
vn -0.4850 0.8599 0.1593
vn -0.8731 -0.1000 -0.4772
vn -0.9253 -0.0660 -0.3735
vn -0.3116 0.0781 0.9470
vn 0.0036 0.0555 0.9985
vn 0.7080 -0.0112 -0.7062
vn -0.7061 -0.0002 -0.7081
vn -0.8938 0.0001 -0.4485
vn -0.7082 -0.0195 0.7057
vn 0.7058 -0.0300 0.7078
vn -0.3328 -0.6671 -0.6665
vn -0.5345 -0.8018 -0.2674
vn 0.2676 -0.8024 -0.5334
vn 0.8168 -0.4091 -0.4068
vn -0.8946 -0.4468 -0.0009
vn -0.8950 -0.0186 0.4456
vn 0.4452 -0.0576 0.8936
vn 0.7057 -0.0202 0.7082
vn 0.7078 -0.0312 -0.7058
vn -0.8938 -0.0001 -0.4485
vn -0.7062 -0.0105 -0.7080
vn -0.6658 0.6667 -0.3349
vn -0.2670 -0.8021 -0.5342
vn -0.8947 -0.4468 -0.0009
vn 0.4468 -0.8946 0.0014
vn 0.4096 0.4074 -0.8163
vn 0.8942 -0.0396 -0.4459
vn -0.8676 0.4015 0.2932
vn 0.2353 0.6786 0.6958
vn -0.8610 -0.4110 -0.2996
vn 0.0116 -0.5809 0.8139
vn 0.0067 0.9067 0.4217
vn 0.0037 -0.8140 -0.5808
vn 0.4872 0.8569 -0.1683
vn 0.2190 0.7641 0.6068
vn -0.1269 0.9098 0.3953
vn -0.6865 0.1467 -0.7122
vn 0.4540 -0.7569 0.4700
vn -0.4517 -0.7595 -0.4681
vn -0.3429 0.8687 -0.3574
vn 0.3440 0.8696 0.3542
vn 0.6876 0.1473 0.7110
vn 0.8729 -0.1063 0.4762
vn -0.9759 -0.0938 0.1972
vn -0.9224 -0.0653 0.3807
vn 0.9252 -0.0663 0.3736
vn -0.0050 -0.0310 -0.9995
vn -0.0036 0.0546 -0.9985
vn -0.9812 0.0023 -0.1932
vn -0.2088 0.6309 -0.7472
vn -0.8410 0.4693 0.2691
vn -0.1500 -0.0291 0.9883
vn 0.2694 0.6980 0.6635
vn 0.3117 0.0762 -0.9471
vn 0.6990 0.1230 -0.7044
vn -0.4405 -0.7803 0.4441
vn 0.4396 -0.7815 -0.4428
vn 0.3500 0.8677 -0.3529
vn 0.4456 -0.0189 0.8951
vn 0.8935 -0.0589 -0.4452
vn 0.8647 -0.4060 -0.2958
vn -0.8950 0.0007 0.4460
vn -0.3490 0.8687 0.3515
vn -0.6989 0.1249 0.7042
vn -0.4460 -0.0393 -0.8942
vn 0.9764 -0.0852 -0.1986
vn 0.9223 -0.0669 -0.3806
vn -0.0027 0.5787 -0.8155
vn 0.8256 0.5642 -0.0031
vn 0.7015 -0.0910 -0.7068
vn 0.6003 -0.5233 -0.6049
vn 0.2672 -0.9254 -0.2690
vn -0.3611 -0.8585 0.3641
vn -0.6551 -0.3677 0.6601
vn 0.0215 0.3784 0.9254
vn 0.7457 0.6079 -0.2729
vn -0.5293 0.8475 -0.0399
vn -0.2714 0.3855 -0.8819
vn 0.3590 0.8695 0.3392
vn 0.7174 0.1476 0.6809
vn 0.4740 -0.7566 0.4504
vn -0.4716 -0.7591 -0.4487
vn -0.7162 0.1472 -0.6822
vn -0.3578 0.8688 -0.3423
vn -0.9998 -0.0222 0.0027
vn 0.1914 -0.0549 -0.9800
vn -0.4761 -0.1053 0.8730
vn 0.2010 0.0135 0.9795
vn -0.1972 -0.0952 -0.9757
vn 0.4036 0.9066 0.1230
vn -0.7080 -0.0092 0.7062
vn -0.7015 0.0910 0.7068
vn -0.6003 0.5233 0.6048
vn -0.2671 0.9254 0.2689
vn 0.6549 0.3677 -0.6602
vn 0.3612 0.8584 -0.3642
vn -0.7058 -0.0305 -0.7078
vn 0.7082 -0.0214 -0.7057
vn -0.7057 -0.0207 -0.7082
vn -0.7079 -0.0297 0.7057
vn 0.7062 -0.0100 0.7080
vn 0.5744 0.7992 0.1773
vn 0.9998 -0.0169 -0.0037
vn 0.8855 0.3448 -0.3115
vn 0.9985 0.0549 -0.0036
vn 0.9471 0.0769 0.3116
vn -0.3737 -0.0652 0.9253
vn -0.3807 -0.0667 -0.9223
vn 0.4460 -0.0382 0.8942
vn 0.8950 -0.0007 -0.4460
vn -0.8936 -0.0573 0.4453
vn -0.4456 -0.0199 -0.8950
vn 0.4460 0.0005 0.8951
vn 0.8950 -0.0202 -0.4455
vn -0.8942 -0.0379 0.4460
vn -0.4452 -0.0586 -0.8935
vn 0.9999 -0.0148 -0.0030
vn -0.6846 0.7274 -0.0470
vn -0.6502 0.7276 0.2187
vn -0.8096 0.5846 0.0520
vn -0.7279 0.5848 0.3580
vn -0.6147 0.7272 -0.3056
vn -0.7681 0.5843 -0.2619
vn -0.6096 0.5840 -0.5361
vn -0.5168 0.7277 0.4509
vn -0.5353 0.5849 0.6094
vn -0.3046 0.7278 0.6145
vn -0.2611 0.5849 0.7679
vn -0.0460 0.7277 0.6843
vn 0.0528 0.5848 0.8095
vn 0.2197 0.7275 0.6500
vn 0.3588 0.5846 0.7277
vn 0.4519 0.7273 0.5165
vn 0.6102 0.5843 0.5351
vn 0.6154 0.7270 0.3044
vn 0.7687 0.5840 0.2609
vn 0.6853 0.7268 0.0458
vn 0.8102 0.5837 -0.0530
vn 0.6509 0.7266 -0.2199
vn 0.7285 0.5835 -0.3590
vn 0.5175 0.7265 -0.4522
vn 0.5359 0.5834 -0.6104
vn 0.3053 0.7264 -0.6157
vn 0.2617 0.5834 -0.7689
vn -0.3582 0.5837 -0.7287
vn 0.9968 -0.0427 0.0675
vn 0.9467 -0.0430 -0.3191
vn 0.7145 0.6980 -0.0469
vn 0.6425 0.6978 -0.3167
vn -0.4512 0.7269 -0.5178
vn -0.5337 0.8019 -0.2687
vn -0.1969 0.5891 0.7837
vn -0.9037 -0.3902 -0.1763
vn -0.9914 -0.0610 0.1156
vn -0.9041 -0.4145 0.1041
vn -0.9789 -0.0944 -0.1813
vn -0.9610 -0.1758 -0.2134
vn -0.9755 -0.1655 0.1453
vn -0.2189 0.7267 -0.6512
vn 0.0844 -0.5889 0.8038
vn 0.1383 -0.4329 0.8908
vn 0.4241 0.3391 0.8397
vn 0.1409 0.4591 0.8771
vn 0.3294 0.4169 0.8472
vn 0.0818 0.5768 0.8128
vn -0.6772 0.6986 -0.2311
vn -0.7138 0.6988 0.0457
vn -0.6418 0.6990 0.3155
vn -0.4719 0.6991 0.5372
vn -0.2301 0.6991 0.6769
vn 0.0467 0.6990 0.7136
vn 0.0467 0.7265 -0.6856
vn 0.3165 0.6988 0.6415
vn 0.5381 0.6985 0.4717
vn 0.6779 0.6983 0.2299
vn 0.8951 -0.0424 0.4438
vn 0.6571 -0.0420 0.7526
vn 0.3191 -0.0417 0.9468
vn 0.1815 0.3658 0.9128
vn 0.5886 0.0860 0.8039
vn -0.6089 -0.3523 0.7108
vn 0.5356 0.1675 0.8277
vn 0.3377 -0.4241 0.8403
vn 0.4159 -0.3289 0.8479
vn 0.4574 -0.1410 0.8780
vn 0.4749 -0.0687 0.8773
vn -0.5338 0.8018 -0.2687
vn 0.4726 0.6977 -0.5383
vn 0.2308 0.6978 -0.6781
vn -0.0460 0.6979 -0.7148
vn -0.3157 0.6980 -0.6427
vn -0.5374 0.6983 -0.4728
vn -0.2676 0.8024 0.5335
vn -0.8951 0.0009 0.4460
vn 0.7526 -0.0432 -0.6571
vn 0.3639 0.1832 0.9132
vn -0.0522 0.5835 -0.8104
vn 0.4438 -0.0433 -0.8951
vn 0.0674 -0.0432 -0.9968
vn -0.3192 -0.0429 -0.9467
vn -0.6572 -0.0426 -0.7525
vn -0.8951 -0.0422 -0.4438
vn 0.1771 -0.6923 0.6996
vn 0.5772 0.1493 0.8028
vn 0.4223 0.7276 0.5406
vn 0.3638 -0.1819 0.9135
vn -0.7049 0.5866 -0.3988
vn -0.6417 0.4567 0.6161
vn 0.1811 -0.3645 0.9134
vn -0.5353 -0.8013 0.2672
vn -0.2554 -0.3801 0.8890
vn -0.2670 -0.8021 -0.5343
vn -0.2669 -0.8021 -0.5342
vn -0.1504 -0.5775 0.8024
vn -0.9968 -0.0418 -0.0674
vn -0.9468 -0.0415 0.3192
vn -0.7526 -0.0414 0.6572
vn -0.4438 -0.0413 0.8952
vn -0.0675 -0.0414 0.9969
vn -0.2955 0.5078 0.8092
vn 0.5060 0.2951 0.8105
vn 0.6917 -0.1782 0.6999
vn 0.3519 -0.6072 0.7123
vn 0.0296 -0.0277 0.9992
vn -0.0292 0.0234 0.9993
vn -0.0225 -0.0307 0.9993
vn 0.0184 0.0337 0.9993
vn 0.0096 -0.0201 0.9998
vn 0.0103 0.0160 0.9998
vn -0.0161 0.0240 0.9996
vn -0.0247 -0.0173 0.9995
vn -0.5266 0.3302 -0.7834
vn -0.2969 0.0350 -0.9543
vn -0.6955 0.1375 -0.7052
vn 0.0038 0.9955 -0.0944
vn 0.0654 0.8309 -0.5526
vn 0.0208 0.8244 -0.5656
vn 0.0032 0.9960 -0.0895
vn 0.0007 0.7560 -0.6546
vn -0.0203 0.8304 -0.5568
vn 0.0014 0.9936 -0.1128
vn 0.0149 0.9979 -0.0624
vn -0.9220 0.3863 0.0280
vn -0.9962 0.0436 0.0760
vn -0.9979 0.0077 0.0649
vn -0.4386 -0.8762 0.1997
vn -0.5923 -0.7925 -0.1452
vn -0.7296 -0.6819 -0.0516
vn -0.5970 -0.7260 -0.3413
vn -0.7470 -0.6248 -0.2272
vn -0.6266 -0.7690 -0.1266
vn -0.7935 -0.5664 -0.2226
vn -0.5522 -0.8192 -0.1547
vn -0.9367 0.3501 0.0022
vn -0.9947 0.0924 0.0454
vn -0.9950 0.0778 0.0632
vn -0.9959 0.0447 0.0784
vn -0.9467 0.3151 0.0666
vn -0.8646 0.2023 -0.4599
vn -0.0494 0.4847 -0.8733
vn -0.0725 0.8210 -0.5663
vn -0.4629 0.7904 -0.4012
vn -0.9997 0.0172 0.0164
vn -0.9445 0.3284 0.0038
vn 0.8909 -0.0944 -0.4442
vn 0.4464 -0.0888 -0.8904
vn 0.8897 -0.0936 0.4469
vn 0.4439 -0.0873 0.8918
vn 0.4435 -0.0959 0.8911
vn 0.8888 -0.1028 0.4466
vn -0.4461 -0.0955 0.8899
vn -0.8902 -0.1019 0.4441
vn -0.8889 -0.1026 -0.4464
vn -0.4436 -0.0969 -0.8910
vn 0.4460 -0.0974 -0.8897
vn 0.8901 -0.1035 -0.4439
vn -0.4436 -0.0970 -0.8910
vn -0.0034 0.9994 -0.0358
vn 0.0063 0.9510 -0.3090
vn 0.0005 0.9993 -0.0362
vn -0.0213 -0.8291 0.5586
vn -0.0019 -0.7560 0.6546
vn -0.0112 -0.4705 0.8823
vn 0.0073 -0.4555 0.8902
vn 0.0198 -0.8257 0.5637
vn -0.0015 -0.4854 0.8743
vn 0.0447 -0.8326 0.5521
vn 0.0850 -0.4506 0.8887
vn 0.4770 -0.7571 0.4464
vn 0.6223 -0.2774 0.7320
vn -0.6146 -0.3136 0.7238
vn -0.4915 -0.0326 0.8703
vn -0.7958 -0.1131 0.5949
vn -0.6477 -0.7616 0.0193
vn -0.6303 -0.6918 -0.3524
vn -0.3423 0.9190 -0.1959
vn -0.6578 0.7467 -0.0993
vn -0.7197 0.6932 0.0381
vn -0.9389 0.3402 -0.0529
vn -0.9802 0.1953 0.0333
vn -0.9990 0.0394 0.0213
vn -0.9900 0.0330 -0.1372
vn -0.9971 0.0654 0.0394
vn -0.9355 0.3532 -0.0054
vn -0.9993 0.0196 -0.0304
vn -0.9336 0.3548 -0.0507
vn -0.9909 0.0291 -0.1316
vn -0.9932 0.0586 -0.1008
vn -0.9599 0.2795 -0.0195
vn -0.9965 0.0660 -0.0523
vn -0.5741 0.8188 -0.0015
vn -0.3798 0.9246 0.0302
vn -0.1468 0.9891 -0.0084
vn -0.0829 0.9963 0.0239
vn -0.9969 0.0408 -0.0678
vn 0.0210 0.9992 -0.0344
vn 0.0718 0.9973 0.0132
vn -0.0315 0.9994 -0.0136
vn 0.0376 0.9802 -0.1945
vn -0.0147 0.9994 -0.0318
vn 0.0695 0.9975 0.0112
vn -0.8910 -0.0927 0.4444
vn 0.4439 -0.0874 0.8918
vn -0.4465 -0.0869 0.8906
vn 0.8897 -0.0937 0.4469
vn 0.8909 -0.0944 -0.4443
vn -0.4440 -0.0883 -0.8917
vn -0.8898 -0.0935 -0.4468
vn -0.8897 -0.0935 -0.4468
vn -0.4440 -0.0884 -0.8917
vn 0.0306 0.9833 0.1795
vn 0.0143 0.9825 0.1856
vn 0.0309 0.9885 0.1480
vn 0.0315 0.9911 0.1296
vn -0.1150 -0.9934 0.0015
vn -0.0629 -0.9977 -0.0245
vn -0.3833 -0.9235 -0.0121
vn -0.8985 -0.4381 0.0282
vn -0.9993 -0.0367 0.0067
vn -0.9227 -0.3849 0.0189
vn -0.9961 -0.0650 -0.0591
vn -0.7388 -0.6672 -0.0949
vn -0.9966 0.0823 0.0096
vn 0.3833 0.9235 0.0121
vn 0.5398 0.8389 -0.0698
vn 0.1246 0.9898 -0.0690
vn -0.0039 0.9999 -0.0158
vn -0.0526 0.9968 -0.0594
vn -0.4259 0.9047 -0.0107
vn 0.0546 0.9984 0.0155
vn 0.4889 0.7277 -0.4811
vn 0.7140 0.2560 -0.6517
vn 0.1104 0.4381 -0.8921
vn 0.0015 0.4854 -0.8743
vn 0.0103 0.4555 -0.8902
vn -0.0082 0.4705 -0.8824
vn -0.4302 0.8869 0.1682
vn -0.6474 0.3044 0.6987
vn -0.9232 0.2842 -0.2588
vn 0.0012 0.8502 -0.5264
vn -0.4909 -0.6360 0.5954
vn 0.6060 -0.6467 0.4632
vn 0.2247 0.3762 0.8989
vn -0.6094 0.3840 0.6937
vn -0.0010 0.4642 0.8857
vn -0.0003 0.8222 0.5693
vn -0.0005 0.7896 0.6136
vn -0.0012 0.3091 0.9510
vn -0.0005 0.7792 0.6268
vn -0.0008 0.5886 0.8085
vn -0.3321 0.6663 -0.6677
vn -0.0008 0.5885 0.8085
vn -0.0002 0.8915 0.4531
vn -0.5075 0.8616 0.0037
vn -0.4771 0.8740 -0.0917
vn -0.1604 0.9870 -0.0015
vn -0.0435 0.9802 -0.1930
vn 0.0262 0.9835 -0.1789
vn -0.0093 0.9564 -0.2920
vn 0.1096 0.9654 -0.2366
vn 0.0641 0.9965 -0.0530
vn -0.8312 -0.0000 -0.5559
vn 0.8182 0.4064 -0.4066
vn 0.8173 0.4075 -0.4075
vn 0.7543 -0.0078 0.6565
vn 0.0002 0.9769 0.2139
vn 0.0050 0.9768 0.2139
vn 0.0033 0.9562 0.2926
vn 0.0001 0.9562 0.2926
vn -0.0046 0.9768 0.2140
vn 0.0099 0.9732 0.2298
vn -0.0061 0.9562 0.2926
vn 0.0119 0.9638 0.2664
vn -0.0701 -0.4842 0.8722
vn -0.1018 -0.8145 0.5711
vn -0.5644 -0.7577 0.3275
vn -0.9972 -0.0405 0.0627
vn 0.9992 -0.0399 0.0014
vn 0.8639 -0.5037 0.0016
vn -0.9992 -0.0395 -0.0014
vn -0.8682 -0.4962 -0.0008
vn -0.7799 -0.0181 -0.6256
vn -0.6123 -0.6622 -0.4319
vn 0.8891 0.4577 0.0009
vn -0.8869 0.4620 -0.0016
vn 0.0009 -0.5561 -0.8311
vn 0.4865 -0.6520 -0.5816
vn -0.9620 0.2731 -0.0016
vn 0.0015 0.5269 -0.8499
vn -0.5197 0.6143 -0.5938
vn -0.2227 0.9749 -0.0011
vn -0.0745 0.9285 0.3637
vn -0.4763 0.8565 0.1986
vn -0.4347 0.8614 0.2629
vn -0.2131 0.9546 0.2080
vn -0.1666 0.9429 0.2883
vn -0.6579 0.6457 0.3875
vn -0.5752 0.6848 0.4474
vn -0.4393 0.8184 0.3706
vn -0.4712 0.7927 0.3866
vn -0.9661 0.2471 0.0745
vn -0.9235 0.3085 0.2279
vn -0.9776 0.0641 -0.2005
vn 0.1121 0.9937 -0.0007
vn 0.2477 0.9278 0.2790
vn 0.8839 0.4676 0.0008
vn 0.7993 -0.0837 -0.5951
vn 0.6232 0.6344 -0.4573
vn 0.4485 0.0002 -0.8938
vn 0.0014 -0.0340 -0.9994
vn 0.0234 0.9996 -0.0156
vn 0.0629 0.9977 0.0245
vn 0.0368 0.9993 0.0066
vn 0.1150 0.9934 -0.0015
vn 0.0996 0.9948 -0.0212
vn 0.4504 0.8918 0.0421
vn 0.2022 0.9789 -0.0310
vn 0.5531 0.8331 -0.0037
vn 0.5097 0.8503 -0.1313
vn 0.9331 0.3595 0.0036
vn 0.9251 0.3795 -0.0161
vn 0.9979 0.0530 0.0367
vn 0.9992 0.0327 0.0247
vn 0.9974 0.0693 0.0214
vn 0.9981 0.0531 -0.0304
vn 0.9513 0.3070 0.0293
vn 0.9993 0.0360 0.0099
vn 0.9962 0.0611 0.0618
vn 0.4387 0.8762 -0.1997
vn 0.0164 0.9612 -0.2753
vn 0.1820 0.9816 -0.0581
vn 0.0858 0.9931 -0.0794
vn -0.0851 0.9768 -0.1964
vn -0.0553 0.9539 -0.2949
vn -0.5148 0.8538 0.0774
vn -0.4172 0.9069 -0.0587
vn -0.5386 0.8006 0.2627
vn 0.0065 0.9993 -0.0358
vn -0.9160 -0.4011 -0.0044
vn -0.9962 -0.0610 -0.0618
vn -0.9513 -0.3070 -0.0293
vn -0.9993 -0.0360 -0.0099
vn -0.9981 -0.0531 0.0304
vn -0.9561 -0.2925 -0.0184
vn -0.9974 -0.0693 -0.0214
vn -0.9979 -0.0530 -0.0367
vn -0.9964 -0.0676 0.0522
vn -0.0067 0.9967 -0.0806
vn -0.0485 0.9982 -0.0339
vn -0.0387 0.9761 0.2137
vn -0.0087 0.9768 0.2140
vn -0.0243 0.9559 0.2926
vn -0.0127 0.9562 0.2926
vn -0.2429 0.9675 -0.0706
vn -0.9961 -0.0876 -0.0125
vn -0.9440 -0.3295 0.0178
vn -0.9992 -0.0327 -0.0247
vn -0.9993 -0.0369 0.0081
vn -0.8989 -0.4372 0.0300
vn -0.9989 -0.0452 0.0137
vn -0.9467 -0.3221 -0.0018
vn -0.9907 -0.0407 -0.1299
vn -0.9426 -0.2499 -0.2213
vn -0.9816 -0.0166 -0.1901
vn -0.9203 -0.3130 -0.2346
vn -0.2377 -0.9616 -0.1370
vn -0.2429 -0.9555 -0.1672
vn -0.2073 -0.9774 0.0405
vn -0.6887 -0.7183 0.0987
vn -0.4664 -0.8776 0.1110
vn -0.4452 -0.8954 0.0001
vn -0.4504 -0.8918 -0.0421
vn -0.0996 -0.9948 0.0212
vn -0.2022 -0.9788 0.0310
vn -0.0641 -0.9965 0.0530
vn -0.1096 -0.9654 0.2365
vn 0.0435 -0.9802 0.1930
vn -0.0164 -0.9612 0.2753
vn -0.0153 -0.9536 0.3008
vn -0.0303 -0.9967 0.0759
vn -0.0186 -0.9967 0.0796
vn -0.0307 -0.9867 -0.1597
vn -0.0095 -0.9796 -0.2005
vn -0.0172 -0.9706 -0.2400
vn 0.0040 -0.9562 -0.2926
vn 0.7958 0.1131 -0.5949
vn 0.4915 0.0326 -0.8703
vn 0.0153 0.9536 -0.3008
vn 0.0302 0.9925 -0.1184
vn 0.0146 0.9987 -0.0487
vn -0.5348 0.8428 -0.0611
vn -0.0861 0.9924 -0.0876
vn -0.9064 0.2241 0.3582
vn -0.5709 0.7679 0.2907
vn 0.9993 0.0369 -0.0081
vn 0.6955 -0.1375 0.7052
vn 0.2969 -0.0350 0.9543
vn -0.9235 0.1459 0.3549
vn -0.6341 0.1633 0.7558
vn -0.5183 0.1649 0.8392
vn 0.9594 0.2804 -0.0309
vn 0.8816 0.1831 0.4351
vn 0.9284 0.1964 0.3153
vn 0.9598 0.1438 0.2410
vn 0.9961 0.0650 0.0590
vn 0.9310 0.1703 -0.3229
vn 0.9003 0.4341 -0.0322
vn 0.9228 0.3849 -0.0189
vn 0.4452 0.8954 -0.0001
vn 0.9160 0.4011 0.0044
vn 0.9993 0.0367 -0.0067
vn 0.9972 0.0405 -0.0627
vn 0.9963 0.0676 -0.0522
vn 0.9961 0.0876 0.0124
vn 0.6340 -0.1633 -0.7559
vn 0.5183 -0.1649 -0.8392
vn 0.9601 -0.2668 -0.0837
vn 0.9063 -0.2241 -0.3582
vn 0.8647 -0.2023 0.4598
vn 0.9419 -0.3358 0.0080
vn 0.5181 -0.8542 0.0428
vn 0.9445 -0.3284 -0.0038
vn 0.4259 -0.9047 0.0107
vn 0.9388 -0.3441 0.0170
vn 0.5373 -0.8434 0.0015
vn 0.9450 -0.3262 -0.0246
vn 0.4268 -0.9038 -0.0320
vn 0.9342 -0.3551 0.0357
vn 0.5074 -0.8616 0.0131
vn 0.9314 -0.3638 0.0137
vn 0.4880 -0.8687 0.0850
vn 0.9413 -0.3371 0.0169
vn 0.6989 -0.7050 0.1205
vn 0.9437 -0.3305 0.0140
vn 0.6764 -0.7274 -0.1160
vn 0.9661 -0.2471 -0.0744
vn 0.6616 -0.6317 -0.4041
vn 0.9235 -0.3085 -0.2279
vn 0.6571 -0.6052 -0.4493
vn 0.9776 -0.0641 0.2005
vn 0.9939 -0.0364 0.1044
vn 0.9982 -0.0462 -0.0386
vn 0.9971 -0.0654 -0.0394
vn 0.9966 -0.0823 -0.0096
vn 0.9932 -0.0586 0.1008
vn 0.9909 -0.0291 0.1318
vn 0.9993 -0.0196 0.0304
vn 0.9979 -0.0077 -0.0649
vn 0.9962 -0.0436 -0.0760
vn 0.9965 -0.0660 0.0523
vn 0.9969 -0.0408 0.0678
vn 0.9997 -0.0172 -0.0164
vn 0.9959 -0.0447 -0.0784
vn 0.9950 -0.0778 -0.0632
vn 0.9947 -0.0924 -0.0454
vn 0.9235 -0.1459 -0.3549
vn -0.9598 -0.1437 -0.2410
vn -0.9761 -0.2163 0.0197
vn -0.8816 -0.1831 -0.4351
vn -0.4295 -0.9019 0.0467
vn -0.1247 -0.9898 0.0690
vn -0.9284 -0.1964 -0.3153
vn -0.9310 -0.1701 0.3229
vn 0.9522 0.3037 -0.0320
vn 0.6825 0.7263 -0.0821
vn -0.0063 -0.9510 0.3090
vn -0.0262 -0.9835 0.1789
vn -0.0376 -0.9802 0.1945
vn -0.0210 -0.9992 0.0344
vn 0.0315 -0.9994 0.0136
vn -0.0718 -0.9973 -0.0132
vn 0.0829 -0.9963 -0.0239
vn 0.0040 -0.9999 0.0158
vn 0.1468 -0.9891 0.0084
vn 0.0526 -0.9968 0.0594
vn 0.0861 -0.9924 0.0877
vn 0.0093 -0.9564 0.2920
vn 0.0050 -0.9924 0.1227
vn -0.0055 -1.0000 0.0071
vn 0.0056 -0.9823 -0.1872
vn -0.0049 -0.9707 -0.2404
vn 0.0057 -0.9562 -0.2927
vn -0.0048 -0.9562 -0.2927
vn 0.0182 0.9990 -0.0413
vn 0.0054 -0.9993 0.0358
vn 0.0046 -0.9768 -0.2140
vn 0.0031 -0.9562 -0.2927
vn -0.0078 0.9968 -0.0796
vn 0.5461 0.8368 -0.0398
vn 0.2387 0.9640 0.1171
vn 0.6073 0.7843 0.1267
vn 0.2781 0.9450 0.1721
vn 0.7092 0.6815 0.1809
vn -0.0002 -0.9769 -0.2139
vn -0.0001 -0.9562 -0.2927
vn -0.0006 -0.9993 0.0361
vn -0.0371 -0.9906 -0.1316
vn -0.0268 -0.9871 -0.1576
vn -0.0391 -0.9988 0.0293
vn -0.0858 -0.9931 0.0794
vn -0.0822 -0.9888 -0.1247
vn -0.0826 -0.9867 -0.1398
vn 0.0085 -0.9769 -0.2138
vn 0.0046 -0.9562 -0.2927
vn 0.0389 -0.9762 -0.2132
vn 0.0522 -0.9549 -0.2922
vn 0.2145 -0.9540 -0.2094
vn 0.2524 -0.9254 -0.2828
vn 0.4650 -0.8613 -0.2048
vn 0.5137 -0.8127 -0.2751
vn 0.5362 -0.8016 -0.2644
vn 0.5311 -0.7725 -0.3482
vn 0.4416 -0.8153 -0.3745
vn 0.4327 -0.7751 -0.4604
vn 0.4477 -0.8871 -0.1127
vn 0.5347 -0.8442 -0.0375
vn 0.3714 -0.9258 0.0706
vn 0.1881 -0.9797 0.0689
vn 0.0307 -0.9990 0.0338
vn 0.0110 -0.9967 0.0807
vn -0.0014 -0.9936 0.1128
vn -0.0032 -0.9960 0.0896
vn 0.9989 0.0443 -0.0171
vn 0.1604 -0.9871 0.0014
vn 0.0851 -0.9768 0.1964
vn 0.0553 -0.9539 0.2949
vn 0.3423 -0.9190 0.1958
vn -0.6835 -0.6234 -0.3796
vn -0.6257 -0.6511 -0.4296
vn 0.0767 0.9891 0.1254
vn 0.0955 0.9851 0.1432
vn -0.5742 -0.8182 0.0286
vn 0.0376 0.9993 -0.0017
vn -0.0057 0.9769 0.2137
vn 0.6807 0.7260 0.0976
vn -0.0006 0.9562 0.2927
vn 0.6261 0.7737 0.0964
vn -0.0546 -0.9984 -0.0155
vn -0.0695 -0.9975 -0.0112
vn -0.0149 -0.9979 0.0624
vn -0.0182 -0.9990 0.0413
vn -0.0234 -0.9996 0.0156
vn -0.0368 -0.9993 -0.0066
vn 0.0147 -0.9994 0.0318
vn -0.0037 -0.9955 0.0944
vn 0.9403 0.2484 0.2326
vn 0.6901 0.6133 0.3842
vn 0.7344 0.5438 0.4060
vn 0.9548 0.2376 0.1786
vn 0.9816 0.0166 0.1901
vn 0.7592 0.6137 0.2167
vn 0.7569 0.6535 0.0054
vn 0.5945 0.7272 0.3432
vn 0.5653 0.7077 0.4238
vn 0.7390 0.6044 0.2975
vn 0.9946 0.0417 0.0954
vn 0.9175 0.3943 0.0516
vn 0.8268 -0.2276 -0.5145
vn 0.8364 0.0700 -0.5436
vn -0.8281 0.2223 0.5147
vn -0.8365 -0.0678 0.5438
vn 0.8363 0.0699 -0.5437
vn -0.1919 0.9737 0.1227
vn 0.1884 -0.9747 -0.1205
vn -0.8281 0.2224 0.5145
vn 0.2952 0.9363 -0.1901
vn 0.8268 -0.2276 -0.5144
vn -0.3038 -0.9324 0.1957
vn 0.5570 -0.8290 0.0502
vn 0.1044 0.9945 0.0094
vn -0.5553 0.8301 -0.0501
vn -0.1019 -0.9948 -0.0092
vn 0.1043 0.9945 0.0095
vn -0.2073 -0.9781 -0.0180
vn 0.2024 0.9792 0.0174
vn -0.5552 0.8302 -0.0501
vn 0.9220 -0.3780 0.0839
vn 0.5569 -0.8290 0.0504
vn -0.9236 0.3740 -0.0840
vn -0.4351 0.2177 -0.8737
vn 0.1841 0.3643 -0.9129
vn 0.8172 0.4075 -0.4075
vn 0.4375 -0.2192 -0.8721
vn 0.3340 -0.6674 -0.6656
vn -0.1815 -0.3658 -0.9128
vn -0.8161 -0.4082 -0.4091
vn -0.0005 -1.0000 0.0009
vn -0.4477 -0.8942 -0.0000
vn 0.0006 -0.7077 -0.7065
vn -0.8161 -0.4083 -0.4090
vn -0.8942 0.4477 -0.0017
vn 0.8173 0.4075 -0.4074
vn 0.4477 0.8942 -0.0000
vn 0.8922 -0.4048 -0.2005
vn 0.8311 0.5063 0.2303
vn 0.9342 0.1594 -0.3192
vn 0.9725 0.1895 0.1355
vn 0.9331 -0.1604 0.3218
vn 0.8429 -0.1654 -0.5120
vn 0.8418 -0.5136 0.1661
vn 0.8920 0.4038 0.2030
vn 0.0010 -0.4480 -0.8940
vn 0.0011 0.8940 -0.4480
vn 0.8938 0.0001 0.4485
vn 0.7062 0.0002 0.7081
vn -0.8951 0.0008 0.4459
vn -0.7082 0.0010 0.7060
vn -0.8361 -0.2580 0.4841
vn -0.3212 0.9436 0.0806
vn -0.1750 0.1816 0.9677
vn -0.1823 0.0084 -0.9832
vn -0.1737 0.9836 -0.0492
vn -0.0213 0.9994 0.0264
vn 0.0885 0.9922 -0.0879
vn -0.0185 -0.9970 0.0753
vn 0.0452 0.9974 -0.0567
vn 0.0253 0.9997 -0.0042
vn 0.0095 0.9921 -0.1254
vn -0.0039 0.9925 -0.1224
vn -0.1757 0.9844 -0.0086
vn 0.0947 0.9902 -0.1026
vn -0.3194 -0.9472 -0.0284
vn -0.3195 -0.9472 -0.0284
vn -0.9522 -0.3019 0.0476
vn -0.8543 -0.5196 0.0139
vn -0.9349 -0.3528 0.0385
vn -0.9989 -0.0288 -0.0375
vn -0.9843 0.0498 0.1694
vn -0.9475 0.0641 -0.3131
vn 0.8306 -0.5567 -0.0159
vn -0.4239 0.9021 -0.0808
vn -0.9822 -0.1416 -0.1231
vn -0.9823 -0.1415 -0.1231
vn -0.3212 0.9436 0.0807
vn -0.5777 -0.7785 0.2453
vn -0.3211 0.9436 0.0806
vn -0.1735 0.9842 0.0354
vn -0.9974 0.0427 0.0581
vn -0.9974 0.0426 0.0580
vn 0.2681 0.9628 0.0349
vn 0.7422 -0.6017 0.2952
vn 0.2681 0.9628 0.0348
vn 0.7335 -0.6797 0.0016
vn 0.7441 -0.6663 -0.0495
vn 0.7335 -0.6796 0.0016
vn 0.7440 -0.6663 -0.0496
vn 0.1478 -0.9889 0.0167
vn 0.9996 -0.0283 0.0015
vn 0.8305 -0.5567 -0.0160
vn 0.9879 -0.0399 0.1499
vn -0.9823 -0.1414 -0.1230
vn -0.9992 0.0359 0.0169
vn 0.4241 0.8960 0.1319
vn 0.7281 0.6640 0.1704
vn 0.5885 0.7962 0.1402
vn 0.3936 0.9178 0.0514
vn 0.9811 0.1217 0.1506
vn -0.4821 -0.7024 -0.5236
vn -0.9198 -0.2297 -0.3181
vn -0.0017 0.0803 0.9968
vn -0.6855 0.0850 -0.7231
vn 0.7016 -0.1864 0.6878
vn 0.0091 -0.9910 -0.1337
vn 0.7017 -0.1865 0.6876
vn 0.4582 0.2595 -0.8501
vn -0.0001 -0.9563 -0.2925
vn -0.1045 -0.9739 0.2014
vn 0.0663 0.9571 -0.2820
vn 0.0216 0.9771 -0.2115
vn 0.1733 0.9613 -0.2142
vn 0.9569 0.2423 -0.1600
vn 0.0498 0.9863 -0.1575
vn 0.3176 0.8064 -0.4989
vn 0.9360 0.3507 0.0290
vn 0.9742 0.2073 0.0888
vn 0.6908 0.7209 -0.0559
vn -0.8650 -0.5009 0.0291
vn -0.8650 -0.5009 0.0292
vn 0.9569 0.2423 -0.1601
vn 0.9840 0.0534 -0.1700
vn 0.0170 0.0017 0.9999
vn 0.9742 0.2074 0.0887
vn 0.9361 0.3506 0.0291
vn 0.0452 0.9974 -0.0568
vn 0.0253 0.9997 -0.0043
vn -0.1756 0.9844 -0.0087
vn -0.9136 -0.0755 0.3996
vn 0.9778 0.1241 -0.1691
vn 0.9991 0.0406 0.0140
vn -0.9999 0.0073 -0.0075
vn 0.6960 0.5768 -0.4276
vn -0.5080 -0.4365 -0.7426
vn -0.6047 0.1193 -0.7875
vn 0.7554 0.6256 0.1951
vn 0.9000 0.0157 0.4356
vn 0.6959 0.5768 -0.4277
vn 0.7554 0.6256 0.1952
vn -0.9496 0.2522 0.1859
vn -0.5629 0.8030 0.1955
vn 0.0579 0.6257 -0.7779
vn -0.1165 -0.3767 0.9190
vn -0.5645 0.7998 0.2040
vn -0.9842 0.1250 0.1251
vn -0.0406 -0.9985 0.0379
vn -0.1823 0.0082 -0.9832
vn -0.0603 -0.9647 0.2565
vn -0.9333 -0.3580 -0.0280
vn -0.0074 -0.9495 0.3138
vn 0.0339 -0.9550 0.2948
vn -0.0068 -0.9585 0.2851
vn 0.1002 -0.9949 -0.0080
vn 0.1002 -0.9949 -0.0081
vn -0.0065 0.2134 -0.9770
vn -0.0154 0.2126 -0.9770
vn 0.9991 0.0406 0.0139
vn -0.0953 0.9519 0.2913
vn -0.8233 0.3675 0.4325
vn 0.1137 -0.9623 0.2469
vn -0.1197 0.3209 -0.9395
vn -0.1964 0.0656 0.9783
vn -0.9496 0.2522 0.1860
vn -0.5081 -0.4364 -0.7426
vn -0.6047 0.1192 -0.7875
vn -0.1165 -0.3768 0.9189
vn -0.6419 0.7525 0.1477
vn -0.1164 -0.3768 0.9190
vn -0.6418 0.7525 0.1477
vn -0.5081 0.8238 0.2513
vn -0.5081 0.8238 0.2514
vn 0.5626 0.4516 -0.6925
vn 0.9725 0.2221 0.0695
vn 0.5627 0.4515 -0.6925
vn 0.0570 -0.9981 0.0247
vn -0.9988 -0.0463 -0.0157
vn -0.4983 -0.7715 -0.3956
vn 0.6877 0.6670 0.2865
vn -0.0838 0.9900 -0.1137
vn -0.0125 -0.9984 0.0555
vn 1.0000 -0.0004 0.0014
vn -0.0021 0.9933 -0.1156
vn -0.0838 0.9900 -0.1138
vn -0.4987 0.7719 0.3942
vn 1.0000 -0.0006 0.0014
vn 0.0262 0.9911 -0.1308
vn -0.0020 0.9933 -0.1156
vn 0.6248 -0.7212 -0.2993
vn 0.0010 0.9962 -0.0875
vn 0.0261 0.9911 -0.1308
vn -0.4530 -0.1564 0.8777
vn 0.6247 -0.7212 -0.2994
vn 0.1903 0.8493 -0.4925
vn 0.0012 0.9962 -0.0875
vn -0.4529 -0.1564 0.8777
vn 0.1902 0.8493 -0.4925
vn -0.2243 -0.8326 0.5063
vn 0.9979 0.0085 -0.0637
vn -0.9964 0.0659 -0.0527
vn -0.9733 0.0173 0.2287
vn 0.9786 0.0324 0.2032
vn -0.0212 0.9994 0.0264
vn -0.1823 0.0083 -0.9832
vn -0.0727 -0.2015 0.9768
vn 0.0417 -0.9762 -0.2129
vn 0.0481 0.9663 0.2530
vn -0.1420 0.2240 -0.9642
vn 0.1162 0.9923 0.0433
vn -0.0675 -0.0838 -0.9942
vn 0.1154 0.9927 -0.0349
vn 0.7685 -0.6127 0.1844
vn 0.4077 0.9095 -0.0812
vn -0.9975 -0.0549 0.0450
vn -0.5529 0.6873 -0.4711
vn -0.0952 -0.9899 -0.1049
vn 0.9924 0.0507 -0.1124
vn -0.9975 -0.0549 0.0451
vn 0.0212 0.0023 -0.9998
vn -0.9733 0.0173 0.2288
vn 0.0649 0.0003 0.9979
vn 0.7422 -0.6016 0.2953
vn -0.9978 0.0434 0.0502
vn -0.1317 0.0047 0.9913
vn 0.0219 0.9962 0.0844
vn -0.0885 -0.9942 0.0612
vn -0.6321 -0.7613 -0.1449
vn 0.9218 -0.3877 0.0016
vn -0.5529 0.6873 -0.4712
vn 0.2680 0.9628 0.0348
vn -0.9909 -0.1243 0.0511
vn -0.1730 0.9843 0.0354
vn -0.5776 -0.7786 0.2453
vn 0.9570 -0.0457 0.2865
vn -0.1735 0.9842 0.0355
vn -0.9974 0.0426 0.0581
vn 0.7336 -0.6796 0.0016
vn 0.9996 -0.0284 -0.0074
vn 0.7441 -0.6663 -0.0496
vn -0.1749 0.1815 0.9677
vn -0.1822 0.0083 -0.9832
vn -0.0603 -0.9647 0.2564
vn -0.0021 -0.9967 0.0807
vn 0.1479 -0.9889 0.0167
vn -0.9956 -0.0935 -0.0042
vn 0.0215 0.0005 -0.9998
vn 0.8980 0.4398 0.0104
vn 0.8980 0.4399 0.0104
vn 0.3679 0.9120 -0.1817
vn 0.3678 0.9120 -0.1816
vn -0.0885 -0.9942 0.0613
vn 0.1161 0.9923 0.0432
vn 0.0220 0.9962 0.0843
vn 0.9218 -0.3878 0.0016
vn -0.5528 0.6873 -0.4712
vn -0.9814 -0.0630 -0.1811
vn 0.0099 -0.0005 -1.0000
vn -0.5776 -0.7785 0.2453
vn 0.0011 0.9962 -0.0875
vn 0.0263 0.9911 -0.1308
vn -0.0006 -0.9985 0.0555
vn 0.6877 0.6671 0.2865
vn -0.0125 -0.9984 0.0556
vn 0.1136 -0.9624 0.2469
vn -0.1198 0.3210 -0.9395
vn 0.9736 -0.2279 0.0139
vn -0.2243 -0.8326 0.5064
vn -0.0245 -0.9947 0.0999
vn -0.0124 -0.9984 0.0556
vn 0.1314 -0.9883 0.0771
vn 0.1137 -0.9624 0.2469
vn -0.0675 -0.0839 -0.9942
vn 0.0217 0.9771 -0.2115
vn -0.1045 -0.9739 0.2013
vn -0.0079 -0.9495 0.3137
vn -0.0543 -0.9813 0.1845
vn -0.0543 -0.9813 0.1844
vn -0.0728 -0.2015 0.9768
vn 0.9569 0.2424 -0.1600
vn -0.6320 -0.7613 -0.1449
vn 0.0126 0.0001 -0.9999
vn 0.0627 -0.0006 0.9980
vn -0.9990 -0.0279 0.0337
vn -0.0022 -0.9967 0.0807
vn 0.9786 0.0325 0.2032
vn -0.5197 0.6143 -0.5937
vn -0.9513 0.2929 -0.0960
vn -0.9620 0.2732 -0.0016
vn -0.5516 0.6351 0.5408
vn -0.0907 0.9709 0.2215
vn -0.0002 0.8914 0.4532
vn 0.0014 -0.0009 -1.0000
vn -0.9548 -0.2376 -0.1786
vn 0.9811 0.1216 0.1507
vn 0.6082 0.7547 0.2460
vn 0.4201 0.8190 0.3909
vn 0.3645 0.8286 0.4249
vn 0.3935 0.9179 0.0514
vn 0.9778 0.1240 -0.1691
vn -0.9136 -0.0756 0.3996
vn 0.5627 0.4516 -0.6925
vn -0.9807 0.1206 0.1538
vn 0.3135 0.4893 0.8138
vn 0.0633 -0.0041 0.9980
vn 0.9991 0.0204 0.0361
vn 0.0339 -0.9550 0.2947
vn -0.9333 -0.3580 -0.0279
vn -0.0439 0.9904 0.1313
vn -0.0031 0.2131 -0.9770
vn -0.0953 0.9519 0.2912
vn 0.0570 -0.9981 0.0246
vn -0.9988 -0.0464 -0.0156
vn -0.0154 0.2125 -0.9770
vn -0.0078 -0.9495 0.3137
vn 0.0690 0.9912 -0.1128
vn 0.0131 -0.0613 -0.9980
vn -0.0437 -0.9764 -0.2113
vn 0.0690 0.9912 -0.1127
vn -0.0686 -0.9966 -0.0455
vn 0.0497 0.9863 -0.1576
vn -0.1424 0.2208 -0.9649
vn -0.0619 -0.9832 -0.1714
vn 0.4240 0.8960 0.1319
vn 0.0497 0.9863 -0.1575
vn 0.0130 -0.0613 -0.9980
vn -0.8234 0.3675 0.4325
vn -0.7624 0.0316 -0.6463
vn 0.9598 0.1437 0.2410
vn -0.2243 -0.8327 0.5064
vn 0.9736 -0.2278 0.0139
vn -0.3279 0.0343 0.9441
vn -0.2243 -0.8327 0.5063
vn -0.3173 -0.0592 -0.9465
vn -0.8962 -0.0532 0.4405
vn 0.0625 0.0034 0.9980
vn 0.1136 -0.9623 0.2469
vn 0.0850 -0.9963 0.0159
vn -0.9135 -0.0755 0.3997
vn 0.1961 -0.2661 -0.9438
vn -0.0098 -0.9585 0.2851
vn 0.7017 -0.1865 0.6877
vn -0.9999 0.0073 -0.0074
vn 0.4583 0.2594 -0.8501
vn -0.0000 -0.9562 -0.2926
vn 0.0480 0.9663 0.2530
vn -0.0079 -0.9495 0.3136
vn -0.0436 -0.9764 -0.2113
vn -0.0748 -0.9934 -0.0869
vn 0.7281 0.6640 0.1705
vn 0.3176 0.8063 -0.4990
vn 0.5886 0.7962 0.1402
vn 0.6075 -0.5531 -0.5701
vn 0.3175 0.8064 -0.4989
vn 0.9811 0.1216 0.1506
vn 0.5057 0.7391 0.4450
vn 0.6082 0.7547 0.2461
vn 0.9811 0.1217 0.1507
vn 0.9360 0.3507 0.0291
vn -0.5528 0.6873 -0.4711
vn 0.3580 -0.0427 0.9327
vn -0.8366 0.1057 -0.5375
vn -0.9843 0.0497 0.1694
vn 0.9996 0.0221 0.0196
vn 0.1961 -0.2660 -0.9438
vn -0.6855 0.0851 -0.7230
vn -0.0075 -0.9495 0.3138
vn 0.0098 -0.0005 -1.0000
vn -0.8362 -0.2581 0.4840
vn 0.0581 0.6257 -0.7779
vn -0.5629 0.8031 0.1955
vn 0.0580 0.6257 -0.7779
vn -0.1166 -0.3767 0.9190
vn -0.3997 0.8308 -0.3873
vn 0.3679 0.9120 -0.1816
vn -0.0405 -0.9985 0.0379
vn 0.8980 0.4399 0.0103
vn -0.9975 -0.0550 0.0451
vn -0.0951 -0.9899 -0.1049
vn -0.8910 -0.0928 0.4444
vn -0.3195 -0.9472 -0.0283
vn 0.0120 0.0056 -0.9999
vn 0.0849 -0.9963 0.0159
vn 0.1477 -0.9889 0.0167
vn 0.9996 -0.0284 0.0015
vn 0.3134 0.4894 0.8138
vn 0.0642 0.0064 0.9979
vn -0.0034 0.0803 0.9968
vn -0.0439 0.9904 0.1312
vn 0.5628 0.4515 -0.6924
vn -0.5645 0.7998 0.2039
vn -0.0075 -0.9494 0.3139
vn 0.6076 -0.5531 -0.5700
vn 0.3646 0.8286 0.4249
vn 0.5057 0.7391 0.4449
vn -0.5013 -0.8653 0.0038
vn 0.7016 -0.1864 0.6877
vn -0.6855 0.0851 -0.7231
vn -0.9136 -0.0754 0.3996
vn 0.1962 -0.2661 -0.9438
vn 0.1824 0.9578 0.2224
vn 0.3016 0.4823 0.8224
vn 0.8645 0.4296 -0.2611
vn 0.8839 0.4677 0.0008
vn 0.6232 0.6345 -0.4573
vn -0.8157 0.4083 -0.4097
vn 0.6059 -0.6467 0.4632
vn -0.7799 -0.0181 -0.6257
vn -0.6446 0.3022 0.7022
vn 0.0014 -0.0339 -0.9994
vn -0.9991 0.0317 -0.0268
vn 0.3134 0.4893 0.8138
vn -0.9909 -0.1242 0.0512
vn 0.0648 0.0003 0.9979
vn -0.1166 -0.3768 0.9189
vn 0.4812 -0.8443 0.2360
vn -0.5629 0.8031 0.1954
vn 0.4812 -0.8443 0.2359
vn -0.8362 -0.2580 0.4840
vn 0.8306 -0.5567 -0.0160
vn -0.9475 0.0641 -0.3132
vn 0.6960 0.5768 -0.4277
vn -0.9476 0.0642 -0.3131
vn -0.5080 -0.4365 -0.7425
vn 0.9879 -0.0400 0.1499
vn -0.1963 0.0656 0.9783
vn -0.9974 0.0427 0.0580
vn -0.1318 0.0047 0.9913
vn -0.2243 -0.8326 0.5065
vn -0.3174 -0.0592 -0.9464
vn 0.9979 0.0086 -0.0637
vn 0.3580 -0.0428 0.9327
vn -0.7624 0.0316 -0.6464
vn -0.8366 0.1056 -0.5375
vn 0.9840 0.0535 -0.1702
vn -0.9476 0.0641 -0.3131
vn 0.3347 0.6659 -0.6668
vn 0.3175 0.8064 -0.4990
vn -0.5013 -0.8652 0.0038
vn 0.0170 0.0016 0.9999
vn 0.9742 0.2074 0.0888
vn 0.9996 0.0221 0.0197
vn -0.5013 -0.8653 0.0039
vn 0.6075 -0.5531 -0.5700
vn 0.8305 -0.5568 -0.0160
vn -0.9823 -0.1416 -0.1230
vn -0.9476 0.0640 -0.3131
vn -0.8361 -0.2580 0.4840
vn -0.4240 0.9021 -0.0808
vn 0.6908 0.7209 -0.0560
vn -0.0018 0.0803 0.9968
vn -0.6855 0.0852 -0.7231
vn 0.1962 -0.2660 -0.9438
vn -0.9991 0.0317 -0.0267
vn -0.9992 0.0360 0.0169
vn -0.5777 -0.7785 0.2454
vn -0.3213 0.9435 0.0807
vn 0.6959 0.5769 -0.4277
vn -0.9475 0.0640 -0.3132
vn 0.8306 -0.5566 -0.0160
vn -0.0001 -0.9562 -0.2926
vn -0.6856 0.0851 -0.7230
vn 0.7017 -0.1864 0.6876
vn -0.0014 0.0803 0.9968
vn 0.7016 -0.1865 0.6877
vn -0.5080 -0.4366 -0.7425
vn -0.5629 0.8031 0.1956
vn 0.4811 -0.8443 0.2359
vn 0.0690 0.9912 -0.1126
vn -0.0687 -0.9966 -0.0456
vn -0.0728 -0.2016 0.9768
vn -0.0686 -0.9966 -0.0456
vn -0.0437 -0.9764 -0.2114
vn 0.4241 0.8959 0.1319
vn 0.0689 0.9912 -0.1127
vn -0.0749 -0.9934 -0.0869
vn -0.0619 -0.9833 -0.1714
vn 0.5626 0.4514 -0.6925
vn -0.5645 0.7999 0.2039
vn 0.0580 0.6258 -0.7778
vn -0.0438 0.9904 0.1313
vn 0.5627 0.4516 -0.6924
vn 0.9849 -0.0004 0.1731
vn 0.9405 -0.0002 0.3397
vn 0.9830 -0.0007 -0.1834
vn 0.9825 -0.0003 0.1862
vn 0.9878 -0.0006 -0.1559
vn 0.9509 -0.0007 -0.3094
vn 0.9918 -0.0006 -0.1274
vn 0.9915 -0.0004 0.1302
vn -0.7997 0.6004 -0.0016
vn -0.4854 0.7282 0.4838
vn -0.5543 0.8323 -0.0015
vn -0.0328 0.0023 0.9995
vn -0.0267 -0.0009 0.9996
vn -0.0867 -0.0005 0.9962
vn 0.1130 0.0001 0.9936
vn 0.1122 0.0001 0.9937
vn 0.0575 0.0019 0.9983
vn 0.1186 0.0005 0.9929
vn 0.1972 -0.0011 0.9804
vn -0.1364 0.0006 0.9907
vn -0.1961 -0.0077 0.9805
vn -0.1333 0.0001 0.9911
vn 0.1893 -0.0008 0.9819
vn -0.1203 0.0017 0.9927
vn 0.0110 0.0024 0.9999
vn -0.1218 0.0127 0.9925
vn -0.1194 0.0182 0.9927
vn -0.0830 0.0145 0.9964
vn -0.0529 0.0122 0.9985
vn -0.0897 0.0070 0.9959
vn -0.0645 0.0120 0.9978
vn -0.1445 0.0103 0.9895
vn -0.1011 0.0151 0.9948
vn 0.0028 0.0088 1.0000
vn -0.0169 0.0102 0.9998
vn 0.0184 0.0071 0.9998
vn 0.0240 0.0064 0.9997
vn 0.0606 0.0060 0.9981
vn 0.0327 0.0058 0.9994
vn 0.0297 0.0060 0.9995
vn 0.0252 -0.0010 0.9997
vn 0.0499 0.0005 0.9988
vn 0.1129 -0.0011 0.9936
vn 0.0402 -0.0035 0.9992
vn 0.0406 -0.0033 0.9992
vn 0.1230 -0.0022 0.9924
vn 0.1024 -0.0035 0.9947
vn 0.0050 -0.0035 1.0000
vn 0.1966 0.0040 0.9805
vn 0.0656 0.0055 0.9978
vn 0.0738 0.0049 0.9973
vn 0.1210 0.0075 0.9926
vn 0.1886 0.0079 0.9820
vn 0.2995 0.0046 0.9541
vn -0.0248 -0.0011 0.9997
vn -0.0143 -0.0019 0.9999
vn -0.1060 -0.0012 0.9944
vn -0.1290 0.0074 0.9916
vn -0.0705 0.0041 0.9975
vn -0.0596 0.0084 0.9982
vn -0.0507 0.0084 0.9987
vn -0.0737 0.0108 0.9972
vn 0.0044 0.0096 0.9999
vn -0.0411 0.0094 0.9991
vn 0.0204 0.0095 0.9997
vn 0.0610 0.0086 0.9981
vn 0.2523 -0.0041 0.9676
vn 0.1348 0.0002 0.9909
vn 0.0928 -0.0050 0.9957
vn 0.0989 -0.0051 0.9951
vn 0.0538 -0.0031 0.9985
vn 0.0775 -0.0044 0.9970
vn -0.0061 0.0053 1.0000
vn -0.1211 0.0033 0.9926
vn -0.0479 0.0049 0.9988
vn 0.1861 0.0017 0.9825
vn 0.0594 0.0006 0.9982
vn 0.1493 0.0028 0.9888
vn 0.0464 0.0050 0.9989
vn 0.0124 0.0064 0.9999
vn -0.0322 -0.0008 0.9995
vn -0.0341 -0.0008 0.9994
vn -0.0341 -0.0007 0.9994
vn 0.1164 0.0055 0.9932
vn 0.0106 0.0026 0.9999
vn 0.2299 0.0098 0.9732
vn 0.2461 0.0103 0.9692
vn -0.2659 0.0051 0.9640
vn -0.1508 0.0019 0.9886
vn -0.3259 0.0008 0.9454
vn 0.0351 0.0132 0.9993
vn 0.0167 0.0128 0.9998
vn 0.0352 0.0117 0.9993
vn -0.1000 0.0001 0.9950
vn -0.1542 0.0002 0.9880
vn -0.1655 0.0002 0.9862
vn -0.1640 0.0002 0.9865
vn -0.1305 0.0022 0.9914
vn -0.0548 0.0029 0.9985
vn -0.1229 0.0033 0.9924
vn -0.0219 0.0044 0.9998
vn 0.1242 0.0046 0.9922
vn 0.0736 0.0045 0.9973
vn 0.2333 0.0049 0.9724
vn 0.4301 0.0059 0.9028
vn 0.4377 0.0038 0.8991
vn 0.1712 -0.0029 0.9852
vn 0.2103 0.0001 0.9776
vn 0.1454 -0.0005 0.9894
vn 0.1168 0.0075 0.9931
vn 0.1317 0.0006 0.9913
vn 0.0975 -0.0000 0.9952
vn 0.1233 -0.0025 0.9924
vn 0.0903 0.0100 0.9959
vn -0.5439 -0.0431 0.8380
vn -0.5728 -0.0480 0.8183
vn -0.0952 -0.0126 0.9954
vn 0.9908 -0.1323 -0.0289
vn 0.9964 -0.0832 0.0133
vn -0.0393 -0.0092 0.9992
vn -0.0016 -0.0103 0.9999
vn 0.0831 -0.0131 0.9965
vn -0.0474 -0.0125 0.9988
vn -0.1486 -0.0108 0.9888
vn -0.1928 -0.0030 0.9812
vn -0.2833 -0.0031 0.9590
vn -0.3100 -0.0014 0.9507
vn -0.2947 -0.0016 0.9556
vn -0.2390 -0.0015 0.9710
vn -0.0788 -0.0063 0.9969
vn -0.1397 0.0090 0.9902
vn -0.3076 0.0087 0.9515
vn -0.2659 0.0085 0.9640
vn -0.0498 0.0119 0.9987
vn 0.1005 0.0106 0.9949
vn 0.1421 0.0052 0.9898
vn 0.1793 0.0087 0.9838
vn 0.2579 0.0049 0.9662
vn 0.2900 0.0041 0.9570
vn 0.3044 0.0039 0.9525
vn 0.0984 -0.0050 0.9951
vn 0.2878 -0.0071 0.9577
vn 0.2525 -0.0063 0.9676
vn 0.2494 -0.0009 0.9684
vn 0.1879 -0.0057 0.9822
vn 0.0804 -0.0060 0.9967
vn -0.0343 -0.0071 0.9994
vn -0.0726 -0.0056 0.9973
vn -0.0969 -0.0063 0.9953
vn -0.3280 0.0039 0.9447
vn -0.0708 -0.0177 0.9973
vn 0.1083 0.0047 0.9941
vn -0.2914 -0.0031 0.9566
vn -0.4079 -0.0041 0.9130
vn -0.5656 -0.0030 0.8246
vn -0.1557 -0.0071 0.9878
vn 0.0704 -0.0067 0.9975
vn 0.0566 -0.0072 0.9984
vn 0.2071 -0.0070 0.9783
vn 0.2937 -0.0078 0.9559
vn 0.2951 -0.0033 0.9555
vn 0.3902 0.0028 0.9207
vn 0.4077 0.0031 0.9131
vn 0.4064 0.0032 0.9137
vn 0.3848 0.0033 0.9230
vn 0.3390 0.0041 0.9408
vn 0.2604 0.0061 0.9655
vn 0.0977 0.0103 0.9952
vn -0.1040 -0.0060 0.9946
vn -0.2339 -0.0024 0.9723
vn -0.3099 0.0006 0.9508
vn -0.2176 -0.0054 0.9760
vn -0.1236 -0.0057 0.9923
vn -0.0031 -0.0064 1.0000
vn 0.0613 -0.0066 0.9981
vn 0.1466 -0.0064 0.9892
vn 0.2083 -0.0048 0.9781
vn 0.1954 -0.0016 0.9807
vn -0.0473 0.0028 0.9989
vn -0.1256 0.0027 0.9921
vn -0.0504 0.0027 0.9987
vn -0.0505 0.0027 0.9987
vn -0.0478 0.0027 0.9989
vn -0.0686 0.0044 0.9976
vn -0.0878 -0.0014 0.9961
vn -0.0607 0.0003 0.9982
vn -0.0415 0.0029 0.9991
vn 0.0179 -0.0014 0.9998
vn 0.0027 -0.0016 1.0000
vn 0.0599 -0.0018 0.9982
vn 0.0302 -0.0008 0.9995
vn 0.0232 0.0003 0.9997
vn 0.0722 0.0002 0.9974
vn 0.0254 0.0002 0.9997
vn 0.0268 0.0002 0.9996
vn 0.0267 0.0002 0.9996
vn 0.0250 0.0002 0.9997
vn 0.0205 0.0001 0.9998
vn 0.0256 0.0014 0.9997
vn -0.0472 -0.0034 0.9989
vn -0.1313 -0.0020 0.9913
vn 0.0151 -0.0037 0.9999
vn 0.1754 -0.0009 0.9845
vn 0.1884 -0.0011 0.9821
vn -0.2232 0.0083 0.9747
vn -0.1344 0.0054 0.9909
vn -0.2335 0.0051 0.9723
vn -0.2362 0.0008 0.9717
vn -0.2376 0.0072 0.9713
vn -0.1387 -0.0048 0.9903
vn -0.2732 -0.0064 0.9619
vn -0.2353 -0.0063 0.9719
vn -0.1634 -0.0077 0.9865
vn 0.0488 -0.0092 0.9988
vn -0.0669 -0.0082 0.9977
vn 0.1434 -0.0085 0.9896
vn 0.4695 -0.0040 0.8829
vn 0.4925 -0.0041 0.8703
vn 0.3186 -0.0023 0.9479
vn 0.2908 0.0088 0.9567
vn 0.1906 0.0097 0.9816
vn 0.1325 0.0105 0.9911
vn -0.1633 0.0113 0.9865
vn -0.0685 0.0132 0.9976
vn -0.3820 0.0103 0.9241
vn -0.1037 0.0110 0.9946
vn 0.0174 0.0103 0.9998
vn -0.2258 0.0097 0.9741
vn -0.3224 0.0064 0.9466
vn -0.3320 0.0064 0.9433
vn -0.0458 0.0054 0.9989
vn -0.0710 0.0007 0.9975
vn -0.0564 0.0053 0.9984
vn -0.0502 0.0051 0.9987
vn 0.0647 0.0065 0.9979
vn -0.0496 0.0100 0.9987
vn 0.0627 0.0046 0.9980
vn 0.0728 0.0047 0.9973
vn 0.0777 0.0047 0.9970
vn 0.0778 0.0047 0.9970
vn -0.0530 -0.0003 0.9986
vn -0.1725 -0.0000 0.9850
vn -0.0615 -0.0003 0.9981
vn -0.0408 -0.0003 0.9992
vn -0.0538 -0.0014 0.9985
vn -0.0556 -0.0021 0.9985
vn -0.0034 -0.0025 1.0000
vn 0.0194 -0.0024 0.9998
vn 0.1280 0.0011 0.9918
vn 0.0509 0.0019 0.9987
vn 0.0508 0.0018 0.9987
vn 0.0477 0.0018 0.9989
vn 0.0089 -0.0076 0.9999
vn 0.0365 -0.0078 0.9993
vn -0.2454 0.0033 0.9694
vn -0.3789 0.0082 0.9254
vn -0.1525 -0.0033 0.9883
vn -0.1597 0.0094 0.9871
vn -0.1326 0.0096 0.9911
vn -0.0880 0.0094 0.9961
vn -0.0814 -0.0006 0.9967
vn -0.1092 -0.0004 0.9940
vn -0.0144 0.0015 0.9999
vn 0.0791 -0.0092 0.9968
vn -0.0070 -0.0106 0.9999
vn -0.0595 -0.0065 0.9982
vn -0.0442 -0.0042 0.9990
vn -0.0538 0.0008 0.9985
vn -0.0304 0.0008 0.9995
vn -0.0340 0.0009 0.9994
vn 0.0026 0.0026 1.0000
vn 0.0690 0.0009 0.9976
vn -0.0363 0.0010 0.9993
vn 0.1615 0.0006 0.9869
vn 0.0770 -0.0018 0.9970
vn -0.0133 -0.0048 0.9999
vn -0.0212 -0.0033 0.9998
vn -0.0014 -0.0036 1.0000
vn -0.0325 -0.0041 0.9995
vn -0.0017 -0.0058 1.0000
vn 0.0584 -0.0067 0.9983
vn 0.0433 -0.0103 0.9990
vn 0.0481 -0.0105 0.9988
vn 0.0453 -0.0105 0.9989
vn 0.0638 -0.0065 0.9979
vn 0.0653 -0.0021 0.9979
vn 0.0200 -0.0012 0.9998
vn 0.1184 0.0040 0.9930
vn 0.0604 0.0034 0.9982
vn 0.0278 0.0048 0.9996
vn 0.0122 0.0050 0.9999
vn 0.0261 -0.0022 0.9997
vn -0.0638 -0.0022 0.9980
vn -0.0105 -0.0025 0.9999
vn 0.0738 -0.0013 0.9973
vn 0.1350 0.0042 0.9908
vn 0.3347 0.0036 0.9423
vn 0.2112 0.0017 0.9775
vn -0.1680 0.0045 0.9858
vn -0.0767 0.0058 0.9970
vn -0.0606 0.0054 0.9981
vn 0.0572 0.0058 0.9983
vn -0.0212 0.0070 0.9998
vn 0.0986 0.0057 0.9951
vn -0.1737 0.0022 0.9848
vn -0.0835 -0.0002 0.9965
vn -0.0590 0.0028 0.9983
vn -0.0665 0.0025 0.9978
vn -0.0651 0.0024 0.9979
vn -0.0568 0.0024 0.9984
vn -0.0185 0.0043 0.9998
vn 0.0402 0.0045 0.9992
vn 0.0115 0.0047 0.9999
vn -0.0584 0.0030 0.9983
vn -0.1832 -0.0014 0.9831
vn -0.2806 -0.0002 0.9598
vn -0.3225 -0.0002 0.9466
vn -0.3477 -0.0004 0.9376
vn -0.2941 0.0017 0.9558
vn -0.1192 0.0007 0.9929
vn -0.1073 0.0036 0.9942
vn -0.0550 0.0040 0.9985
vn -0.0202 0.0044 0.9998
vn 0.0610 0.0048 0.9981
vn -0.0063 0.0044 1.0000
vn -0.1033 0.0036 0.9946
vn -0.0960 0.0025 0.9954
vn -0.0522 0.0013 0.9986
vn -0.1163 0.0008 0.9932
vn 0.0132 -0.0000 0.9999
vn -0.0999 0.0006 0.9950
vn -0.0993 0.0006 0.9951
vn -0.1049 0.0008 0.9945
vn -0.0373 -0.0007 0.9993
vn -0.0244 0.0001 0.9997
vn -0.0456 0.0007 0.9990
vn -0.0308 0.0029 0.9995
vn -0.0307 0.0029 0.9995
vn -0.0282 0.0030 0.9996
vn -0.0232 0.0031 0.9997
vn -0.0185 0.0033 0.9998
vn 0.0369 0.0027 0.9993
vn 0.1135 0.0026 0.9935
vn 0.0585 0.0007 0.9983
vn -0.9977 -0.0615 -0.0286
vn -0.9992 -0.0382 0.0078
vn -0.0805 0.0046 0.9967
vn -0.0867 0.0004 0.9962
vn -0.1736 0.0002 0.9848
vn 0.1150 0.0007 0.9934
vn 0.1124 0.0005 0.9937
vn 0.1119 0.0005 0.9937
vn 0.1110 0.0027 0.9938
vn 0.1151 0.0038 0.9934
vn 0.2726 -0.0095 0.9621
vn 0.2684 -0.0110 0.9632
vn 0.5051 -0.0190 0.8629
vn 0.5309 -0.0210 0.8472
vn 0.0796 -0.0046 0.9968
vn 0.0312 -0.0032 0.9995
vn -0.1666 0.0003 0.9860
vn -0.0120 0.0015 0.9999
vn 0.1011 0.0011 0.9949
vn 0.1259 -0.0040 0.9920
vn 0.0380 -0.0046 0.9993
vn -0.2163 0.0048 0.9763
vn -0.2017 0.0046 0.9794
vn -0.1034 0.0028 0.9946
vn -0.0116 0.0016 0.9999
vn -0.0821 0.0013 0.9966
vn 0.1101 -0.0009 0.9939
vn 0.1487 0.0003 0.9889
vn 0.1549 0.0003 0.9879
vn 0.1464 0.0005 0.9892
vn 0.1017 0.0017 0.9948
vn 0.0390 0.0024 0.9992
vn -0.0720 0.0024 0.9974
vn -0.1312 0.0018 0.9914
vn 0.0269 -0.0023 0.9996
vn 0.0808 -0.0021 0.9967
vn -0.0718 -0.0019 0.9974
vn -0.1650 -0.0017 0.9863
vn -0.2678 0.0023 0.9635
vn -0.2548 0.0023 0.9670
vn -0.3454 0.0019 0.9385
vn -0.3612 0.0020 0.9325
vn -0.3599 0.0020 0.9330
vn -0.2262 0.0027 0.9741
vn -0.1576 0.0040 0.9875
vn -0.0331 0.0052 0.9994
vn -0.0895 0.0049 0.9960
vn 0.0401 0.0052 0.9992
vn -0.0328 0.0058 0.9994
vn -0.0170 0.0057 0.9998
vn 0.1148 0.0047 0.9934
vn 0.2284 0.0038 0.9736
vn 0.0871 -0.0020 0.9962
vn 0.1859 -0.0018 0.9826
vn 0.1040 -0.0019 0.9946
vn 0.0679 -0.0007 0.9977
vn 0.0324 -0.0024 0.9995
vn 0.0001 -0.0021 1.0000
vn -0.1293 -0.0020 0.9916
vn -0.1635 0.0013 0.9865
vn -0.1172 0.0048 0.9931
vn 0.1392 0.0049 0.9902
vn 0.5369 0.0033 0.8437
vn 0.6115 0.0032 0.7912
vn 0.6276 0.0032 0.7786
vn 0.5162 0.0006 0.8565
vn 0.2538 -0.0009 0.9673
vn 0.1297 -0.0009 0.9915
vn 0.1035 -0.0010 0.9946
vn 0.1323 -0.0025 0.9912
vn -0.0516 -0.0024 0.9987
vn -0.1817 -0.0022 0.9834
vn -0.2581 -0.0025 0.9661
vn -0.2600 -0.0007 0.9656
vn 0.0890 -0.0001 0.9960
vn -0.0157 -0.0008 0.9999
vn -0.0376 -0.0008 0.9993
vn 0.2308 -0.0009 0.9730
vn 0.1756 -0.0004 0.9845
vn 0.2156 0.0011 0.9765
vn -0.0907 -0.0009 0.9959
vn -0.1087 -0.0003 0.9941
vn -0.2990 0.0024 0.9543
vn -0.2287 0.0031 0.9735
vn -0.0870 0.0048 0.9962
vn -0.5514 0.0031 0.8342
vn -0.4156 0.0030 0.9096
vn -0.1711 -0.0022 0.9853
vn -0.2452 -0.0006 0.9695
vn -0.2574 0.0026 0.9663
vn -0.1117 -0.0139 0.9936
vn -0.2233 -0.0010 0.9748
vn -0.3768 -0.0000 0.9263
vn -0.2637 0.0026 0.9646
vn -0.1655 0.0038 0.9862
vn -0.0177 0.0046 0.9998
vn 0.0865 0.0049 0.9962
vn 0.0585 -0.0021 0.9983
vn 0.0685 -0.0020 0.9977
vn 0.0443 -0.0020 0.9990
vn 0.0595 -0.0049 0.9982
vn 0.0007 -0.0075 1.0000
vn -0.0258 -0.0073 0.9996
vn -0.0407 -0.0072 0.9991
vn -0.0818 -0.0029 0.9966
vn -0.0589 0.0037 0.9983
vn -0.0622 0.0035 0.9981
vn -0.0622 0.0034 0.9981
vn -0.0584 0.0033 0.9983
vn -0.0732 0.0074 0.9973
vn -0.0173 0.0114 0.9998
vn 0.2035 0.0032 0.9791
vn 0.2024 0.0006 0.9793
vn 0.1173 -0.0015 0.9931
vn 0.2348 -0.0023 0.9721
vn 0.2015 -0.0022 0.9795
vn 0.0416 -0.0011 0.9991
vn 0.1389 -0.0027 0.9903
vn -0.0449 -0.0031 0.9990
vn 0.0550 -0.0028 0.9985
vn -0.1266 -0.0028 0.9920
vn 0.0487 -0.0020 0.9988
vn 0.0030 -0.0038 1.0000
vn -0.0710 -0.0031 0.9975
vn 0.1198 0.0046 0.9928
vn -0.0589 -0.0272 0.9979
vn -0.0533 -0.0268 0.9982
vn -0.0011 -0.0157 0.9999
vn 0.0216 -0.0095 0.9997
vn 0.0348 -0.0113 0.9993
vn -0.0771 -0.0173 0.9969
vn -0.0557 -0.0273 0.9981
vn 0.0137 0.0025 0.9999
vn -0.0183 -0.0012 0.9998
vn 0.0913 -0.0030 0.9958
vn 0.0451 0.0058 0.9990
vn 0.0521 0.0055 0.9986
vn 0.0674 0.0003 0.9977
vn -0.0064 -0.0052 1.0000
vn 0.0130 -0.0049 0.9999
vn -0.0238 -0.0048 0.9997
vn -0.0382 -0.0032 0.9993
vn -0.0298 -0.0004 0.9996
vn 0.0364 0.0010 0.9993
vn 0.0324 0.0006 0.9995
vn -0.1896 0.0006 0.9819
vn -0.0826 0.0011 0.9966
vn 0.0125 -0.0133 0.9998
vn -0.0922 -0.0056 0.9957
vn 0.0894 0.0079 0.9960
vn 0.0223 0.0097 0.9997
vn -0.4854 0.0140 0.8742
vn -0.2707 0.0113 0.9626
vn -0.0884 0.0100 0.9960
vn -0.4920 0.0089 0.8705
vn 0.1394 0.0068 0.9902
vn 0.1481 0.0039 0.9890
vn 0.0748 0.0032 0.9972
vn 0.1025 0.0055 0.9947
vn 0.0693 0.0063 0.9976
vn 0.0429 0.0054 0.9991
vn 0.1115 0.0083 0.9937
vn 0.0845 0.0065 0.9964
vn 0.0531 0.0053 0.9986
vn 0.1091 0.0034 0.9940
vn 0.0582 0.0021 0.9983
vn 0.0411 0.0039 0.9991
vn 0.0487 0.0039 0.9988
vn 0.0427 0.0035 0.9991
vn 0.0506 0.0038 0.9987
vn 0.0306 0.0029 0.9995
vn 0.0329 0.0042 0.9995
vn 0.2871 0.0029 0.9579
vn 0.2783 0.0029 0.9605
vn 0.1934 0.0041 0.9811
vn 0.1644 -0.0008 0.9864
vn 0.2676 -0.0003 0.9635
vn 0.2438 -0.0010 0.9698
vn 0.2540 -0.0004 0.9672
vn 0.2045 -0.0003 0.9789
vn 0.2860 0.0018 0.9582
vn 0.4924 0.0013 0.8704
vn 0.3641 0.0014 0.9314
vn 0.4899 -0.5812 0.6497
vn 0.8055 -0.5818 0.1128
vn 0.6481 0.5816 0.4916
vn 0.8063 0.5810 -0.1106
vn 0.6489 -0.5822 -0.4899
vn 0.4924 0.5807 -0.6483
vn 0.4988 0.0004 0.8667
vn -0.5012 0.0010 0.8653
vn 0.5012 -0.0010 -0.8653
vn -0.4988 -0.0005 -0.8667
vn -0.3546 0.3727 0.8575
vn 0.5941 0.6252 0.5061
vn -0.6375 0.7688 -0.0505
vn 0.6656 0.6244 -0.4087
vn -0.2170 0.3711 -0.9029
vn -0.0996 -0.6951 0.7120
vn -0.5735 -0.6951 0.4335
vn -0.5888 -0.2292 0.7751
vn 0.1316 -0.2294 0.9644
vn -0.7118 -0.6954 -0.0986
vn -0.9643 -0.2296 0.1319
vn -0.4333 -0.6960 -0.5726
vn 0.0988 -0.6964 -0.7108
vn 0.4325 -0.6955 0.5738
vn -0.7750 -0.2303 -0.5885
vn 0.7748 -0.2301 0.5889
vn -0.1318 -0.2309 -0.9640
vn -0.6495 -0.5808 0.4908
vn -0.1126 -0.5808 0.8063
vn -0.4918 0.5823 0.6473
vn 0.1104 0.5821 0.8056
vn -0.6382 -0.7683 -0.0492
vn -0.5448 -0.7686 -0.3355
vn -0.1243 -0.8486 -0.5142
vn 0.1844 -0.6259 -0.7578
vn -0.2449 -0.7680 0.5918
vn -0.4883 -0.7680 0.4145
vn 0.7111 -0.6960 0.0998
vn 0.9641 -0.2308 -0.1315
vn 0.5729 -0.6964 -0.4323
vn 0.5885 -0.2312 -0.7747
vn 0.2960 -0.6247 0.7226
vn -0.5955 -0.6244 0.5054
vn -0.6645 -0.6251 -0.4095
vn 0.2425 -0.7682 0.5925
vn 0.4863 -0.7685 0.4159
vn 0.5276 -0.8486 -0.0390
vn 0.6649 -0.6258 -0.4077
vn 0.1120 -0.5823 -0.8052
vn -0.8060 -0.5812 -0.1119
vn -0.1098 0.5809 -0.8065
vn -0.4905 -0.5818 -0.6487
vn -0.6475 0.5815 -0.4926
vn -0.8057 0.5821 0.1096
vn 0.7780 -0.6256 -0.0581
vn -0.0463 0.0008 0.9989
vn -0.0289 0.7077 0.7059
vn -0.0107 0.1375 0.9904
vn -0.0062 0.7976 0.6031
vn 0.6947 0.7071 -0.1322
vn 0.9787 -0.0020 -0.2052
vn 0.5727 0.7119 -0.4064
vn 0.7917 -0.0035 -0.6109
vn 0.6039 0.7959 -0.0428
vn 0.9884 0.1353 -0.0693
vn 0.0053 1.0000 -0.0006
vn 0.0361 0.7065 -0.7068
vn 0.0020 0.9905 -0.1376
vn 0.0090 0.6031 -0.7976
vn 0.0070 1.0000 -0.0001
vn 0.0957 0.7060 -0.7017
vn 0.0304 0.9995 0.0062
vn 0.2890 0.7057 -0.6468
vn 0.0263 0.9990 0.0362
vn -0.7958 0.6031 0.0543
vn -0.1368 0.9906 0.0086
vn -0.6892 0.7080 0.1540
vn 0.0029 0.9998 0.0176
vn -0.5315 0.7140 0.4557
vn -0.2474 0.7065 0.6631
vn -0.0863 0.7073 0.7017
vn 0.8169 -0.4090 -0.4067
vn 0.4468 -0.8947 0.0014
vn -0.3328 -0.6670 -0.6666
vn 0.8258 0.2458 -0.5076
vn 0.8477 0.4712 0.2438
vn 0.5642 0.7338 -0.3785
vn 0.7097 0.3072 0.6340
vn 0.0004 -0.8325 -0.5540
vn 0.6882 -0.6888 -0.2279
vn 0.8318 -0.5551 0.0016
vn 0.8942 -0.4476 0.0016
vn -0.1763 0.7568 -0.6294
vn -0.5855 0.8107 -0.0015
vn -0.4205 0.8862 -0.1943
vn 0.5809 0.4914 0.6489
vn 0.5818 0.8057 0.1114
vn -0.0005 0.7977 0.6031
vn 0.0007 0.9905 -0.1376
vn 0.5826 0.6478 -0.4909
vn 0.0014 0.6031 -0.7976
vn 0.6674 -0.3343 -0.6654
vn 0.4073 -0.8163 0.4095
vn 0.8009 -0.2672 0.5358
vn 0.7636 0.4499 -0.4631
vn 0.9755 0.2200 0.0012
vn 0.2117 0.8978 -0.3863
vn 0.5863 0.8101 0.0001
vn 0.5827 0.1103 -0.8052
vn 0.0013 -0.1375 -0.9905
vn 0.5822 -0.4920 -0.6473
vn 0.0004 -0.7977 -0.6031
vn 0.5803 -0.1109 0.8068
vn -0.0013 0.1376 0.9905
vn 0.5813 -0.8063 -0.1098
vn -0.0007 -0.9905 0.1375
vn 0.5805 -0.6484 0.4925
vn -0.0014 -0.6031 0.7977
vn 0.1280 -0.0007 -0.9918
vn 0.0857 -0.7073 -0.7017
vn 0.0458 -0.0008 -0.9990
vn 0.0287 -0.7077 -0.7059
vn 0.3801 0.0034 -0.9249
vn 0.2498 -0.7070 -0.6617
vn 0.5353 -0.7132 -0.4524
vn -0.6039 -0.7959 0.0423
vn -0.9885 -0.1353 0.0681
vn -0.6951 -0.7070 0.1303
vn -0.9797 0.0021 0.2004
vn -0.5721 -0.7128 0.4057
vn -0.7890 0.0031 0.6144
vn -0.2834 -0.7054 0.6497
vn -0.3725 -0.0040 0.9280
vn -0.0962 -0.7060 0.7016
vn -0.1291 0.0008 0.9916
vn -0.0365 -0.7064 0.7068
vn -0.0091 -0.6031 0.7976
vn 0.6884 -0.7081 -0.1573
vn 0.7958 -0.6031 -0.0552
vn 0.0108 -0.1375 -0.9904
vn 0.3453 0.9385 -0.0003
vn 0.3452 0.9385 -0.0003
vn -0.0054 -1.0000 0.0007
vn 0.0062 -0.7977 -0.6030
vn -0.0020 -0.9905 0.1377
vn -0.0071 -1.0000 0.0001
vn -0.0295 -0.9995 -0.0059
vn -0.0258 -0.9990 -0.0358
vn 0.1368 -0.9906 -0.0088
vn -0.0030 -0.9998 -0.0181
vn 0.0015 0.4465 -0.8948
vn 0.6675 0.6660 -0.3330
vn -0.0002 0.8948 0.4465
vn 0.4073 0.4087 0.8167
vn -0.0000 0.8948 0.4465
vn -0.5345 0.8023 0.2659
vn -0.2661 0.8015 -0.5356
vn -0.2661 0.8015 -0.5355
vn -0.7061 -0.0002 -0.7082
vn 0.2181 0.8731 0.4360
vn -0.8168 0.4090 0.4068
vn 0.0022 -0.0009 -1.0000
vn 0.5768 0.5776 0.5777
vn 0.6665 0.6666 0.3337
vn 0.5353 0.8013 -0.2672
vn 0.0012 0.8316 -0.5554
vn 0.8947 0.4468 0.0010
vn 0.6004 0.7997 0.0002
vn -0.0008 0.6007 0.7995
vn 0.7075 0.7068 0.0004
vn 0.4508 -0.0014 0.8926
vn 0.7195 -0.0413 -0.6933
vn 0.1110 -0.0018 0.9938
vn 0.7562 -0.0484 0.6525
vn -0.2908 0.0091 0.9567
vn -0.0065 -0.0141 0.9999
vn -0.3461 0.0032 0.9382
vn -0.0344 -0.0174 0.9993
vn 0.0721 -0.0224 0.9971
vn 0.0908 -0.0221 0.9956
vn 0.3125 -0.0275 0.9495
vn 0.1748 -0.0182 0.9844
vn 0.2038 -0.0172 0.9789
vn -0.0139 -0.0077 0.9999
vn -0.2251 -0.0033 0.9743
vn -0.3668 -0.0007 0.9303
vn -0.8041 0.0096 0.5945
vn -0.9371 0.0122 0.3489
vn -0.9076 0.0101 0.4197
vn -0.8392 0.0130 0.5436
vn 0.2736 0.0033 0.9618
vn 0.6221 0.0037 0.7829
vn 0.9231 0.0036 0.3846
vn 0.9498 -0.0003 -0.3129
vn -0.3587 0.0129 0.9333
vn 0.3428 -0.0249 0.9391
vn -0.3037 0.0009 0.9528
vn -0.0489 -0.0139 0.9987
vn -0.2880 -0.0077 0.9576
vn -0.1900 -0.0143 0.9817
vn -0.1749 -0.0150 0.9845
vn -0.2309 -0.0109 0.9729
vn -0.0026 -0.0156 0.9999
vn -0.4682 0.0072 0.8836
vn -0.1279 0.0001 0.9918
vn -0.5201 0.0224 0.8538
vn -0.2381 0.0142 0.9711
vn -0.3576 0.0209 0.9336
vn -0.2683 0.0162 0.9632
vn -0.0615 0.0065 0.9981
vn -0.0403 0.0048 0.9992
vn 0.2326 -0.0065 0.9726
vn 0.9985 -0.0051 -0.0548
vn 0.5421 -0.0126 -0.8402
vn -0.4451 0.0057 0.8955
vn -0.6500 0.0178 0.7597
vn -0.1289 0.0045 0.9917
vn -0.1740 0.0105 0.9847
vn 0.3018 -0.0034 0.9534
vn 0.2169 0.0031 0.9762
vn 0.4138 -0.0005 0.9104
vn 0.3178 0.0059 0.9481
vn 0.3601 0.0050 0.9329
vn 0.4909 0.0005 0.8712
vn 0.2623 0.0034 0.9650
vn 0.8303 -0.0154 0.5572
vn -0.0805 0.0013 0.9968
vn 0.0435 0.0008 0.9991
vn -0.3449 0.0051 0.9386
vn -0.2900 0.0040 0.9570
vn -0.2998 0.0037 0.9540
vn -0.2134 0.0020 0.9770
vn 0.6222 0.0037 0.7829
vn 0.9231 0.0036 0.3845
vn -0.9077 0.0100 0.4196
vn 0.8302 -0.0154 0.5572
vn -0.3588 0.0129 0.9333
vn 0.3427 -0.0249 0.9391
vn -0.8040 0.0096 0.5945
vn 0.2037 -0.0172 0.9789
vn 0.0722 -0.0224 0.9971
vn -0.0345 -0.0174 0.9993
vn -0.3448 0.0051 0.9386
vn -0.0027 -0.0156 0.9999
vn -0.2880 -0.0076 0.9576
vn -0.1901 -0.0143 0.9817
vn -0.3036 0.0009 0.9528
vn -0.1307 -0.0031 0.9914
vn -0.1750 -0.0002 0.9846
vn -0.1824 -0.0001 0.9832
vn -0.1363 -0.0060 0.9907
vn -0.5738 0.0013 0.8190
vn -0.6858 0.0077 0.7277
vn -0.2066 0.0117 0.9784
vn -0.5964 0.0078 0.8027
vn -0.6705 0.0076 0.7419
vn 0.4246 -0.0017 0.9054
vn 0.2597 -0.0074 0.9657
vn 0.4779 -0.0037 0.8784
vn 0.4058 -0.0044 0.9140
vn -0.1358 0.0102 0.9907
vn -0.0352 0.0107 0.9993
vn 0.0767 0.0100 0.9970
vn 0.0526 0.0053 0.9986
vn 0.0555 0.0054 0.9984
vn 0.0554 0.0055 0.9984
vn -0.0426 0.0025 0.9991
vn -0.0326 -0.0006 0.9995
vn 0.0806 0.0046 0.9967
vn 0.0390 0.0011 0.9992
vn 0.3656 -0.0023 0.9308
vn 0.3929 -0.0027 0.9196
vn 0.3334 0.0039 0.9428
vn 0.3593 0.0083 0.9332
vn 0.1509 -0.0046 0.9885
vn -0.0827 -0.0014 0.9966
vn -0.0694 -0.0012 0.9976
vn -0.0492 -0.0007 0.9988
vn 0.0354 -0.0012 0.9994
vn -0.3170 0.0041 0.9484
vn -0.2556 0.0042 0.9668
vn 0.0186 0.0001 0.9998
vn 0.0522 0.0039 0.9986
vn -0.0848 -0.0015 0.9964
vn -0.0878 -0.0015 0.9961
vn 0.3581 -0.0015 0.9337
vn 0.5061 -0.0012 0.8625
vn 0.3340 0.0044 0.9426
vn 0.2003 -0.0008 0.9797
vn 0.2676 0.0005 0.9635
vn 0.2817 0.0006 0.9595
vn 0.2288 0.0021 0.9735
vn 0.2655 0.0038 0.9641
vn 0.0694 0.0048 0.9976
vn 0.1761 0.0048 0.9844
vn -0.3402 0.0021 0.9403
vn -0.0071 -0.0009 1.0000
vn 0.0096 -0.0002 1.0000
vn 0.0481 0.0019 0.9988
vn -0.0049 0.0040 1.0000
vn 0.0122 0.0046 0.9999
vn 0.0407 0.0025 0.9992
vn 0.0461 0.0026 0.9989
vn 0.0580 0.0040 0.9983
vn -0.0696 0.0024 0.9976
vn -0.0697 0.0024 0.9976
vn -0.0340 -0.0026 0.9994
vn 0.0236 -0.0098 0.9997
vn 0.0328 0.0058 0.9994
vn -0.1327 0.0197 0.9910
vn 0.0744 0.0120 0.9972
vn 0.0672 0.0121 0.9977
vn 0.0859 0.0138 0.9962
vn 0.0215 0.0161 0.9996
vn -0.1171 0.0135 0.9930
vn -0.1229 -0.0036 0.9924
vn -0.0891 -0.0044 0.9960
vn -0.0339 -0.0066 0.9994
vn -0.0384 0.0061 0.9992
vn -0.0530 0.0076 0.9986
vn -0.0615 0.0084 0.9981
vn -0.0636 0.0085 0.9979
vn -0.0132 0.0031 0.9999
vn -0.0266 -0.0041 0.9996
vn 0.0953 -0.0052 0.9954
vn -0.2779 -0.0019 0.9606
vn -0.0172 -0.0061 0.9998
vn -0.2193 0.0003 0.9757
vn -0.2530 -0.0022 0.9675
vn -0.2220 -0.0019 0.9750
vn 0.1149 -0.0020 0.9934
vn -0.1331 -0.0013 0.9911
vn -0.0746 -0.0047 0.9972
vn -0.0161 0.0105 0.9998
vn -0.0704 0.0088 0.9975
vn 0.0182 0.0096 0.9998
vn -0.0516 -0.0040 0.9987
vn 0.0939 -0.0023 0.9956
vn 0.1118 0.0043 0.9937
vn 0.0734 0.0042 0.9973
vn -0.2284 -0.0025 0.9736
vn -0.3595 -0.0010 0.9331
vn -0.4182 -0.0009 0.9083
vn -0.4402 -0.0009 0.8979
vn -0.1060 0.0024 0.9944
vn -0.0668 0.0054 0.9977
vn 0.1910 0.0036 0.9816
vn 0.2000 0.0024 0.9798
vn -0.4265 -0.0007 0.9045
vn 0.1763 0.0051 0.9843
vn 0.0167 -0.0165 0.9997
vn 0.1001 0.0077 0.9949
vn 0.2219 0.0014 0.9751
vn 0.0955 -0.0051 0.9954
vn 0.0381 -0.0009 0.9993
vn 0.1106 -0.0004 0.9939
vn -0.0801 0.0037 0.9968
vn -0.2510 0.0025 0.9680
vn -0.2686 -0.0029 0.9632
vn -0.2063 -0.0020 0.9785
vn 0.1867 -0.0010 0.9824
vn -0.0140 -0.0015 0.9999
vn -0.1364 0.0085 0.9906
vn -0.3131 -0.0235 0.9494
vn -0.3082 -0.0274 0.9509
vn -0.0305 -0.0256 0.9992
vn -0.1724 0.0002 0.9850
vn 0.0919 0.0019 0.9958
vn -0.1318 0.0055 0.9913
vn 0.3158 -0.0064 0.9488
vn -0.1328 0.0001 0.9911
vn -0.2066 0.0109 0.9784
vn -0.0836 0.0108 0.9964
vn -0.0015 0.0008 1.0000
vt 0.905000 0.126000
vt 0.899000 0.126000
vt 0.899000 0.242000
vt 0.219000 0.423000
vt 0.219000 0.468000
vt 0.032000 0.468000
vt 0.032000 0.423000
vt 0.032000 0.126000
vt 0.001000 0.468000
vt 0.001000 0.126000
vt 0.083000 0.985000
vt 0.114000 0.985000
vt 0.114000 0.997000
vt 0.083000 0.997000
vt 0.114000 0.999000
vt 0.083000 0.999000
vt 0.085000 0.997000
vt 0.085000 0.999000
vt 0.440000 0.126000
vt 0.440000 0.468000
vt 0.686000 0.468000
vt 0.686000 0.126000
vt 0.219000 0.242000
vt 0.219000 0.402000
vt 0.405000 0.402000
vt 0.405000 0.242000
vt 0.032000 0.402000
vt 0.958000 0.488000
vt 0.970000 0.487000
vt 0.958000 0.487000
vt 0.336000 0.571000
vt 0.336000 0.429000
vt 0.331000 0.571000
vt 0.331000 0.429000
vt 0.982000 0.488000
vt 0.982000 0.487000
vt 0.192000 0.973000
vt 0.197000 0.961000
vt 0.180000 0.961000
vt 0.192000 0.949000
vt 0.202000 0.961000
vt 0.196000 0.977000
vt 0.655000 0.048000
vt 0.593000 0.048000
vt 0.655000 0.124000
vt 0.593000 0.124000
vt 0.899000 0.423000
vt 0.899000 0.468000
vt 0.905000 0.468000
vt 0.769000 0.124000
vt 0.757000 0.124000
vt 0.757000 0.048000
vt 0.769000 0.048000
vt 0.899000 0.401000
vt 0.893000 0.468000
vt 0.893000 0.423000
vt 0.532000 0.048000
vt 0.532000 0.124000
vt 0.435000 0.872000
vt 0.435000 0.718000
vt 0.220000 0.874000
vt 0.220000 0.718000
vt 0.673000 0.124000
vt 0.673000 0.048000
vt 0.936000 0.476000
vt 0.931000 0.471000
vt 0.929000 0.482000
vt 0.925000 0.477000
vt 0.937000 0.126000
vt 0.907000 0.126000
vt 0.937000 0.468000
vt 0.907000 0.468000
vt 0.983000 0.489000
vt 0.999000 0.526000
vt 0.958000 0.489000
vt 0.942000 0.526000
vt 0.958000 0.476000
vt 0.942000 0.444000
vt 0.983000 0.476000
vt 0.999000 0.444000
vt 0.981000 0.487000
vt 0.970000 0.479000
vt 0.981000 0.479000
vt 0.983000 0.487000
vt 0.981000 0.476000
vt 0.970000 0.478000
vt 0.981000 0.478000
vt 0.938000 0.530000
vt 0.999000 0.530000
vt 0.938000 0.440000
vt 0.999000 0.440000
vt 0.687000 0.806000
vt 0.687000 0.836000
vt 0.925000 0.836000
vt 0.901000 0.806000
vt 0.929000 0.831000
vt 0.901000 0.507000
vt 0.688000 0.842000
vt 0.931000 0.842000
vt 0.688000 0.471000
vt 0.687000 0.477000
vt 0.687000 0.507000
vt 0.688000 0.845000
vt 0.438000 0.845000
vt 0.688000 0.874000
vt 0.438000 0.874000
vt 0.032000 0.242000
vt 0.219000 0.126000
vt 0.219000 0.469000
vt 0.437000 0.468000
vt 0.219000 0.717000
vt 0.437000 0.716000
vt 0.936000 0.837000
vt 0.958000 0.478000
vt 0.959000 0.479000
vt 0.959000 0.487000
vt 0.873000 0.476000
vt 0.869000 0.471000
vt 0.212000 0.722000
vt 0.212000 0.767000
vt 0.216000 0.722000
vt 0.216000 0.767000
vt 0.212000 0.815000
vt 0.188000 0.815000
vt 0.188000 0.767000
vt 0.188000 0.722000
vt 0.212000 0.858000
vt 0.188000 0.858000
vt 0.692000 0.124000
vt 0.692000 0.048000
vt 0.779000 0.123000
vt 0.779000 0.047000
vt 0.756000 0.123000
vt 0.756000 0.047000
vt 0.003000 0.940000
vt 0.155000 0.940000
vt 0.003000 0.983000
vt 0.155000 0.983000
vt 0.073000 0.985000
vt 0.073000 0.997000
vt 0.075000 0.985000
vt 0.075000 0.997000
vt 0.862000 0.477000
vt 0.839000 0.507000
vt 0.866000 0.482000
vt 0.180000 0.944000
vt 0.164000 0.977000
vt 0.167000 0.973000
vt 0.162000 0.961000
vt 0.157000 0.961000
vt 0.167000 0.949000
vt 0.164000 0.945000
vt 0.180000 0.978000
vt 0.180000 0.983000
vt 0.180000 0.939000
vt 0.196000 0.945000
vt 0.219000 0.718000
vt 0.437000 0.718000
vt 0.219000 0.470000
vt 0.437000 0.470000
vt 0.077000 0.997000
vt 0.077000 0.985000
vt 0.063000 0.997000
vt 0.063000 0.985000
vt 0.007000 0.997000
vt 0.007000 0.985000
vt 0.001000 0.997000
vt 0.001000 0.985000
vt 0.046000 0.997000
vt 0.046000 0.985000
vt 0.046000 0.999000
vt 0.065000 0.985000
vt 0.065000 0.999000
vt 0.077000 0.999000
vt 0.472000 0.001000
vt 0.464000 0.001000
vt 0.472000 0.017000
vt 0.464000 0.017000
vt 0.472000 0.030000
vt 0.464000 0.030000
vt 0.472000 0.046000
vt 0.464000 0.046000
vt 0.472000 0.062000
vt 0.464000 0.062000
vt 0.472000 0.077000
vt 0.464000 0.077000
vt 0.472000 0.093000
vt 0.464000 0.093000
vt 0.472000 0.108000
vt 0.464000 0.108000
vt 0.472000 0.124000
vt 0.464000 0.124000
vt 0.530000 0.017000
vt 0.517000 0.017000
vt 0.530000 0.030000
vt 0.517000 0.030000
vt 0.530000 0.046000
vt 0.517000 0.046000
vt 0.530000 0.062000
vt 0.517000 0.062000
vt 0.530000 0.077000
vt 0.517000 0.077000
vt 0.497000 0.017000
vt 0.497000 0.030000
vt 0.497000 0.046000
vt 0.497000 0.062000
vt 0.487000 0.017000
vt 0.487000 0.030000
vt 0.487000 0.046000
vt 0.487000 0.062000
vt 0.497000 0.077000
vt 0.487000 0.077000
vt 0.497000 0.093000
vt 0.487000 0.093000
vt 0.497000 0.108000
vt 0.487000 0.108000
vt 0.497000 0.124000
vt 0.487000 0.124000
vt 0.479000 0.017000
vt 0.479000 0.030000
vt 0.479000 0.046000
vt 0.479000 0.062000
vt 0.479000 0.077000
vt 0.479000 0.093000
vt 0.479000 0.108000
vt 0.479000 0.124000
vt 0.393000 0.017000
vt 0.361000 0.017000
vt 0.393000 0.030000
vt 0.361000 0.030000
vt 0.350000 0.017000
vt 0.350000 0.030000
vt 0.344000 0.017000
vt 0.344000 0.030000
vt 0.331000 0.017000
vt 0.331000 0.030000
vt 0.319000 0.017000
vt 0.319000 0.030000
vt 0.304000 0.017000
vt 0.304000 0.030000
vt 0.283000 0.017000
vt 0.284000 0.030000
vt 0.253000 0.017000
vt 0.253000 0.030000
vt 0.284000 0.108000
vt 0.251000 0.108000
vt 0.284000 0.124000
vt 0.251000 0.124000
vt 0.304000 0.108000
vt 0.304000 0.124000
vt 0.530000 0.001000
vt 0.517000 0.001000
vt 0.497000 0.001000
vt 0.487000 0.001000
vt 0.479000 0.001000
vt 0.448000 0.001000
vt 0.448000 0.017000
vt 0.448000 0.030000
vt 0.448000 0.046000
vt 0.448000 0.062000
vt 0.448000 0.077000
vt 0.448000 0.093000
vt 0.448000 0.108000
vt 0.448000 0.124000
vt 0.417000 0.001000
vt 0.417000 0.017000
vt 0.417000 0.030000
vt 0.417000 0.046000
vt 0.417000 0.062000
vt 0.417000 0.077000
vt 0.417000 0.093000
vt 0.417000 0.108000
vt 0.417000 0.124000
vt 0.394000 0.001000
vt 0.394000 0.017000
vt 0.360000 0.001000
vt 0.360000 0.017000
vt 0.349000 0.001000
vt 0.349000 0.017000
vt 0.343000 0.001000
vt 0.343000 0.017000
vt 0.331000 0.001000
vt 0.319000 0.001000
vt 0.304000 0.001000
vt 0.284000 0.001000
vt 0.284000 0.017000
vt 0.251000 0.001000
vt 0.251000 0.017000
vt 0.394000 0.030000
vt 0.394000 0.046000
vt 0.394000 0.062000
vt 0.394000 0.077000
vt 0.394000 0.093000
vt 0.394000 0.108000
vt 0.394000 0.124000
vt 0.350000 0.043000
vt 0.344000 0.043000
vt 0.350000 0.056000
vt 0.344000 0.056000
vt 0.517000 0.093000
vt 0.362000 0.108000
vt 0.362000 0.124000
vt 0.517000 0.108000
vt 0.517000 0.124000
vt 0.530000 0.108000
vt 0.530000 0.124000
vt 0.530000 0.093000
vt 0.362000 0.093000
vt 0.351000 0.108000
vt 0.351000 0.124000
vt 0.351000 0.093000
vt 0.284000 0.093000
vt 0.251000 0.093000
vt 0.304000 0.093000
vt 0.362000 0.030000
vt 0.362000 0.046000
vt 0.362000 0.062000
vt 0.362000 0.077000
vt 0.351000 0.046000
vt 0.351000 0.062000
vt 0.351000 0.077000
vt 0.343000 0.062000
vt 0.343000 0.077000
vt 0.343000 0.093000
vt 0.343000 0.108000
vt 0.343000 0.124000
vt 0.351000 0.030000
vt 0.343000 0.030000
vt 0.343000 0.046000
vt 0.331000 0.046000
vt 0.331000 0.062000
vt 0.331000 0.077000
vt 0.331000 0.093000
vt 0.331000 0.108000
vt 0.331000 0.124000
vt 0.319000 0.108000
vt 0.319000 0.124000
vt 0.319000 0.093000
vt 0.319000 0.077000
vt 0.304000 0.077000
vt 0.284000 0.077000
vt 0.251000 0.077000
vt 0.251000 0.030000
vt 0.284000 0.046000
vt 0.251000 0.046000
vt 0.284000 0.062000
vt 0.251000 0.062000
vt 0.304000 0.046000
vt 0.304000 0.062000
vt 0.319000 0.046000
vt 0.319000 0.062000
vt 0.249000 0.124000
vt 0.235000 0.124000
vt 0.249000 0.065000
vt 0.235000 0.065000
vt 0.249000 0.001000
vt 0.235000 0.001000
vt 0.220000 0.065000
vt 0.220000 0.124000
vt 0.204000 0.124000
vt 0.204000 0.065000
vt 0.220000 0.001000
vt 0.204000 0.001000
vt 0.190000 0.065000
vt 0.190000 0.124000
vt 0.190000 0.001000
vt 0.001000 0.065000
vt 0.017000 0.065000
vt 0.001000 0.001000
vt 0.017000 0.001000
vt 0.001000 0.124000
vt 0.017000 0.124000
vt 0.032000 0.001000
vt 0.032000 0.065000
vt 0.032000 0.124000
vt 0.050000 0.065000
vt 0.050000 0.001000
vt 0.050000 0.124000
vt 0.065000 0.065000
vt 0.065000 0.124000
vt 0.081000 0.124000
vt 0.081000 0.065000
vt 0.065000 0.001000
vt 0.081000 0.001000
vt 0.175000 0.001000
vt 0.175000 0.065000
vt 0.175000 0.124000
vt 0.159000 0.065000
vt 0.159000 0.001000
vt 0.144000 0.001000
vt 0.144000 0.065000
vt 0.159000 0.124000
vt 0.144000 0.124000
vt 0.128000 0.065000
vt 0.128000 0.001000
vt 0.112000 0.001000
vt 0.112000 0.065000
vt 0.128000 0.124000
vt 0.112000 0.124000
vt 0.097000 0.124000
vt 0.097000 0.065000
vt 0.097000 0.001000
vt 0.048000 0.001000
vt 0.048000 0.124000
vt 0.063000 0.001000
vt 0.063000 0.124000
vt 0.079000 0.001000
vt 0.079000 0.124000
vt 0.095000 0.001000
vt 0.095000 0.124000
vt 0.110000 0.001000
vt 0.110000 0.124000
vt 0.126000 0.001000
vt 0.126000 0.124000
vt 0.142000 0.001000
vt 0.142000 0.124000
vt 0.157000 0.001000
vt 0.157000 0.124000
vt 0.173000 0.001000
vt 0.173000 0.124000
vt 0.188000 0.001000
vt 0.188000 0.124000
vt 0.892000 0.057000
vt 0.897000 0.069000
vt 0.896000 0.054000
vt 0.902000 0.069000
vt 0.813000 0.075000
vt 0.843000 0.075000
vt 0.813000 0.062000
vt 0.843000 0.062000
vt 0.204000 0.907000
vt 0.255000 0.907000
vt 0.204000 0.897000
vt 0.255000 0.897000
vt 0.259000 0.897000
vt 0.265000 0.876000
vt 0.255000 0.876000
vt 0.892000 0.082000
vt 0.896000 0.085000
vt 0.808000 0.085000
vt 0.788000 0.087000
vt 0.808000 0.050000
vt 0.788000 0.048000
vt 0.790000 0.053000
vt 0.790000 0.080000
vt 0.981000 0.401000
vt 0.974000 0.401000
vt 0.981000 0.413000
vt 0.974000 0.413000
vt 0.204000 0.876000
vt 0.255000 0.968000
vt 0.204000 0.968000
vt 0.962000 0.401000
vt 0.958000 0.401000
vt 0.962000 0.413000
vt 0.958000 0.413000
vt 0.805000 0.053000
vt 0.797000 0.053000
vt 0.797000 0.080000
vt 0.886000 0.080000
vt 0.879000 0.080000
vt 0.960000 0.310000
vt 0.966000 0.310000
vt 0.960000 0.323000
vt 0.966000 0.339000
vt 0.960000 0.339000
vt 0.259000 0.968000
vt 0.265000 0.968000
vt 0.192000 0.931000
vt 0.194000 0.927000
vt 0.188000 0.927000
vt 0.190000 0.931000
vt 0.983000 0.101000
vt 0.983000 0.108000
vt 0.907000 0.108000
vt 0.915000 0.101000
vt 0.907000 0.048000
vt 0.915000 0.048000
vt 0.983000 0.048000
vt 0.976000 0.364000
vt 0.966000 0.364000
vt 0.970000 0.364000
vt 0.974000 0.364000
vt 0.958000 0.364000
vt 0.981000 0.364000
vt 0.966000 0.376000
vt 0.958000 0.376000
vt 0.981000 0.376000
vt 0.976000 0.376000
vt 0.974000 0.376000
vt 0.966000 0.413000
vt 0.966000 0.401000
vt 0.970000 0.413000
vt 0.970000 0.401000
vt 0.190000 0.897000
vt 0.190000 0.911000
vt 0.192000 0.911000
vt 0.192000 0.897000
vt 0.188000 0.917000
vt 0.194000 0.917000
vt 0.881000 0.048000
vt 0.190000 0.896000
vt 0.938000 0.310000
vt 0.944000 0.323000
vt 0.938000 0.339000
vt 0.944000 0.339000
vt 0.938000 0.243000
vt 0.944000 0.231000
vt 0.938000 0.220000
vt 0.944000 0.220000
vt 0.960000 0.243000
vt 0.966000 0.243000
vt 0.960000 0.231000
vt 0.944000 0.310000
vt 0.944000 0.243000
vt 0.960000 0.308000
vt 0.944000 0.308000
vt 0.938000 0.345000
vt 0.942000 0.349000
vt 0.999000 0.345000
vt 0.999000 0.349000
vt 0.999000 0.437000
vt 0.999000 0.433000
vt 0.938000 0.437000
vt 0.942000 0.433000
vt 0.970000 0.376000
vt 0.869000 0.057000
vt 0.864000 0.069000
vt 0.881000 0.069000
vt 0.881000 0.052000
vt 0.960000 0.220000
vt 0.194000 0.935000
vt 0.188000 0.935000
vt 0.966000 0.255000
vt 0.960000 0.255000
vt 0.966000 0.321000
vt 0.960000 0.321000
vt 0.966000 0.220000
vt 0.866000 0.054000
vt 0.881000 0.091000
vt 0.866000 0.085000
vt 0.859000 0.069000
vt 0.869000 0.082000
vt 0.881000 0.087000
vt 0.805000 0.080000
vt 0.060000 0.931000
vt 0.134000 0.931000
vt 0.062000 0.923000
vt 0.132000 0.923000
vt 0.563000 0.022000
vt 0.563000 0.001000
vt 0.579000 0.022000
vt 0.579000 0.001000
vt 0.915000 0.022000
vt 0.915000 0.044000
vt 0.966000 0.022000
vt 0.966000 0.044000
vt 0.871000 0.013000
vt 0.966000 0.013000
vt 0.871000 0.005000
vt 0.966000 0.005000
vt 0.587000 0.032000
vt 0.595000 0.032000
vt 0.587000 0.040000
vt 0.595000 0.040000
vt 0.563000 0.042000
vt 0.563000 0.046000
vt 0.579000 0.042000
vt 0.579000 0.046000
vt 0.565000 0.032000
vt 0.560000 0.032000
vt 0.565000 0.026000
vt 0.560000 0.026000
vt 0.532000 0.026000
vt 0.532000 0.032000
vt 0.550000 0.026000
vt 0.550000 0.032000
vt 0.132000 0.772000
vt 0.130000 0.780000
vt 0.144000 0.780000
vt 0.140000 0.786000
vt 0.179000 0.843000
vt 0.171000 0.845000
vt 0.179000 0.858000
vt 0.171000 0.856000
vt 0.146000 0.923000
vt 0.142000 0.917000
vt 0.104000 0.839000
vt 0.062000 0.780000
vt 0.089000 0.839000
vt 0.052000 0.786000
vt 0.083000 0.851000
vt 0.021000 0.845000
vt 0.021000 0.856000
vt 0.110000 0.851000
vt 0.183000 0.763000
vt 0.183000 0.721000
vt 0.032000 0.721000
vt 0.032000 0.763000
vt 0.002000 0.721000
vt 0.002000 0.763000
vt 0.013000 0.858000
vt 0.048000 0.923000
vt 0.054000 0.917000
vt 0.089000 0.862000
vt 0.104000 0.862000
vt 0.915000 0.003000
vt 0.966000 0.003000
vt 0.450000 0.836000
vt 0.444000 0.842000
vt 0.446000 0.482000
vt 0.474000 0.507000
vt 0.450000 0.477000
vt 0.439000 0.837000
vt 0.013000 0.843000
vt 0.046000 0.781000
vt 0.579000 0.036000
vt 0.563000 0.036000
vt 0.937000 0.874000
vt 0.937000 0.845000
vt 0.405000 0.126000
vt 0.695000 0.242000
vt 0.695000 0.401000
vt 0.405000 0.423000
vt 0.436000 0.126000
vt 0.405000 0.468000
vt 0.436000 0.468000
vt 0.474000 0.806000
vt 0.446000 0.831000
vt 0.439000 0.476000
vt 0.001000 0.718000
vt 0.001000 0.470000
vt 0.444000 0.471000
vt 0.680000 0.013000
vt 0.680000 0.005000
vt 0.585000 0.005000
vt 0.585000 0.013000
vt 0.775000 0.013000
vt 0.775000 0.005000
vt 0.060000 0.772000
vt 0.097000 0.851000
vt 0.871000 0.034000
vt 0.966000 0.034000
vt 0.871000 0.044000
vt 0.775000 0.044000
vt 0.775000 0.034000
vt 0.680000 0.044000
vt 0.680000 0.034000
vt 0.585000 0.044000
vt 0.585000 0.034000
vt 0.871000 0.021000
vt 0.966000 0.021000
vt 0.775000 0.021000
vt 0.680000 0.021000
vt 0.585000 0.021000
vt 0.029000 0.131000
vt 0.029000 0.003000
vt 0.014000 0.131000
vt 0.014000 0.003000
vt 0.024000 0.131000
vt 0.024000 0.003000
vt 0.001000 0.131000
vt 0.001000 0.003000
vt 0.023000 0.131000
vt 0.023000 0.003000
vt 0.003000 0.131000
vt 0.003000 0.003000
vt 0.014000 0.259000
vt 0.021000 0.131000
vt 0.021000 0.259000
vt 0.731000 0.796000
vt 0.614000 0.796000
vt 0.731000 0.812000
vt 0.614000 0.812000
vt 0.731000 0.794000
vt 0.614000 0.794000
vt 0.640000 0.563000
vt 0.632000 0.563000
vt 0.640000 0.556000
vt 0.632000 0.556000
vt 0.622000 0.556000
vt 0.612000 0.556000
vt 0.622000 0.575000
vt 0.612000 0.575000
vt 0.411000 0.679000
vt 0.413000 0.675000
vt 0.417000 0.683000
vt 0.419000 0.679000
vt 0.417000 0.673000
vt 0.423000 0.677000
vt 0.354000 0.667000
vt 0.388000 0.667000
vt 0.353000 0.669000
vt 0.390000 0.669000
vt 0.353000 0.784000
vt 0.390000 0.784000
vt 0.354000 0.786000
vt 0.388000 0.786000
vt 0.390000 0.665000
vt 0.353000 0.665000
vt 0.353000 0.788000
vt 0.390000 0.788000
vt 0.353000 0.661000
vt 0.354000 0.663000
vt 0.351000 0.663000
vt 0.351000 0.786000
vt 0.392000 0.667000
vt 0.392000 0.786000
vt 0.622000 0.583000
vt 0.612000 0.583000
vt 0.630000 0.558000
vt 0.630000 0.575000
vt 0.622000 0.558000
vt 0.681000 0.563000
vt 0.681000 0.562000
vt 0.702000 0.563000
vt 0.702000 0.562000
vt 0.681000 0.565000
vt 0.702000 0.565000
vt 0.681000 0.567000
vt 0.702000 0.567000
vt 0.681000 0.569000
vt 0.702000 0.569000
vt 0.664000 0.560000
vt 0.660000 0.558000
vt 0.670000 0.554000
vt 0.662000 0.550000
vt 0.656000 0.559000
vt 0.653000 0.551000
vt 0.030000 0.352000
vt 0.030000 0.452000
vt 0.001000 0.352000
vt 0.001000 0.452000
vt 0.024000 0.353000
vt 0.024000 0.259000
vt 0.001000 0.353000
vt 0.001000 0.259000
vt 0.005000 0.082000
vt 0.005000 0.003000
vt 0.022000 0.082000
vt 0.022000 0.003000
vt 0.012000 0.095000
vt 0.012000 0.002000
vt 0.008000 0.095000
vt 0.008000 0.002000
vt 0.032000 0.313000
vt 0.032000 0.220000
vt 0.001000 0.314000
vt 0.001000 0.208000
vt 0.001000 0.446000
vt 0.024000 0.446000
vt 0.654000 0.551000
vt 0.665000 0.581000
vt 0.664000 0.582000
vt 0.702000 0.579000
vt 0.681000 0.579000
vt 0.681000 0.581000
vt 0.702000 0.581000
vt 0.022000 0.161000
vt 0.005000 0.161000
vt 0.614000 0.788000
vt 0.731000 0.788000
vt 0.731000 0.593000
vt 0.614000 0.593000
vt 0.001000 0.196000
vt 0.030000 0.189000
vt 0.030000 0.251000
vt 0.001000 0.251000
vt 0.703000 0.619000
vt 0.700000 0.605000
vt 0.703000 0.603000
vt 0.397000 0.788000
vt 0.397000 0.661000
vt 0.399000 0.786000
vt 0.399000 0.663000
vt 0.345000 0.661000
vt 0.608000 0.661000
vt 0.345000 0.659000
vt 0.608000 0.659000
vt 0.614000 0.585000
vt 0.731000 0.585000
vt 0.681000 0.577000
vt 0.702000 0.577000
vt 0.681000 0.571000
vt 0.702000 0.571000
vt 0.667000 0.564000
vt 0.676000 0.561000
vt 0.652000 0.552000
vt 0.671000 0.556000
vt 0.646000 0.577000
vt 0.671000 0.555000
vt 0.672000 0.557000
vt 0.647000 0.578000
vt 0.651000 0.605000
vt 0.648000 0.619000
vt 0.648000 0.603000
vt 0.022000 0.147000
vt 0.022000 0.159000
vt 0.005000 0.159000
vt 0.023000 0.259000
vt 0.003000 0.259000
vt 0.021000 0.003000
vt 0.014000 0.067000
vt 0.021000 0.067000
vt 0.023000 0.195000
vt 0.003000 0.195000
vt 0.029000 0.259000
vt 0.029000 0.067000
vt 0.014000 0.195000
vt 0.029000 0.195000
vt 0.021000 0.195000
vt 0.001000 0.142000
vt 0.030000 0.128000
vt 0.001000 0.022000
vt 0.030000 0.001000
vt 0.005000 0.131000
vt 0.030000 0.126000
vt 0.005000 0.237000
vt 0.008000 0.188000
vt 0.012000 0.188000
vt 0.032000 0.407000
vt 0.001000 0.421000
vt 0.032000 0.421000
vt 0.001000 0.067000
vt 0.024000 0.067000
vt 0.005000 0.005000
vt 0.022000 0.081000
vt 0.022000 0.015000
vt 0.411000 0.767000
vt 0.417000 0.763000
vt 0.413000 0.771000
vt 0.419000 0.767000
vt 0.417000 0.772000
vt 0.423000 0.769000
vt 0.399000 0.667000
vt 0.022000 0.005000
vt 0.003000 0.067000
vt 0.023000 0.067000
vt 0.005000 0.024000
vt 0.024000 0.195000
vt 0.001000 0.195000
vt 0.032000 0.208000
vt 0.652000 0.561000
vt 0.645000 0.556000
vt 0.650000 0.565000
vt 0.641000 0.563000
vt 0.651000 0.569000
vt 0.642000 0.572000
vt 0.653000 0.573000
vt 0.647000 0.579000
vt 0.657000 0.574000
vt 0.656000 0.583000
vt 0.662000 0.574000
vt 0.665000 0.582000
vt 0.681000 0.575000
vt 0.702000 0.575000
vt 0.681000 0.573000
vt 0.702000 0.573000
vt 0.667000 0.568000
vt 0.676000 0.569000
vt 0.665000 0.572000
vt 0.672000 0.577000
vt 0.659000 0.566000
vt 0.347000 0.794000
vt 0.397000 0.665000
vt 0.347000 0.788000
vt 0.347000 0.659000
vt 0.351000 0.667000
vt 0.659000 0.567000
vt 0.660000 0.575000
vt 0.656000 0.575000
vt 0.652000 0.572000
vt 0.650000 0.568000
vt 0.651000 0.564000
vt 0.653000 0.560000
vt 0.657000 0.558000
vt 0.662000 0.559000
vt 0.665000 0.561000
vt 0.667000 0.565000
vt 0.667000 0.570000
vt 0.664000 0.573000
vt 0.676000 0.564000
vt 0.672000 0.556000
vt 0.665000 0.550000
vt 0.656000 0.550000
vt 0.648000 0.553000
vt 0.642000 0.561000
vt 0.642000 0.570000
vt 0.645000 0.578000
vt 0.653000 0.583000
vt 0.662000 0.584000
vt 0.670000 0.580000
vt 0.675000 0.573000
vt 0.697000 0.608000
vt 0.654000 0.608000
vt 0.714000 0.278000
vt 0.724000 0.283000
vt 0.715000 0.277000
vt 0.724000 0.280000
vt 0.735000 0.278000
vt 0.733000 0.277000
vt 0.739000 0.267000
vt 0.737000 0.267000
vt 0.735000 0.257000
vt 0.733000 0.258000
vt 0.724000 0.252000
vt 0.724000 0.254000
vt 0.714000 0.257000
vt 0.715000 0.258000
vt 0.710000 0.267000
vt 0.712000 0.267000
vt 0.796000 0.236000
vt 0.753000 0.236000
vt 0.790000 0.242000
vt 0.757000 0.242000
vt 0.790000 0.430000
vt 0.757000 0.430000
vt 0.796000 0.436000
vt 0.753000 0.436000
vt 0.751000 0.236000
vt 0.751000 0.238000
vt 0.751000 0.434000
vt 0.751000 0.436000
vt 0.798000 0.436000
vt 0.798000 0.434000
vt 0.798000 0.238000
vt 0.798000 0.236000
vt 0.741000 0.242000
vt 0.749000 0.236000
vt 0.747000 0.236000
vt 0.708000 0.242000
vt 0.706000 0.236000
vt 0.704000 0.236000
vt 0.704000 0.238000
vt 0.708000 0.430000
vt 0.704000 0.434000
vt 0.741000 0.430000
vt 0.704000 0.436000
vt 0.749000 0.436000
vt 0.749000 0.434000
vt 0.747000 0.436000
vt 0.706000 0.436000
vt 0.749000 0.238000
vt 0.921000 0.479000
vt 0.897000 0.466000
vt 0.909000 0.456000
vt 0.921000 0.452000
vt 0.894000 0.479000
vt 0.935000 0.456000
vt 0.944000 0.466000
vt 0.948000 0.479000
vt 0.897000 0.493000
vt 0.907000 0.501000
vt 0.921000 0.505000
vt 0.935000 0.501000
vt 0.944000 0.493000
vt 0.999000 0.470000
vt 0.952000 0.470000
vt 0.952000 0.460000
vt 0.999000 0.460000
vt 0.952000 0.450000
vt 0.999000 0.450000
vt 0.952000 0.479000
vt 0.999000 0.479000
vt 0.952000 0.489000
vt 0.999000 0.489000
vt 0.952000 0.497000
vt 0.999000 0.497000
vt 0.952000 0.507000
vt 0.999000 0.507000
vt 0.974000 0.427000
vt 0.983000 0.427000
vt 0.974000 0.378000
vt 0.983000 0.378000
vt 0.899000 0.437000
vt 0.942000 0.437000
vt 0.944000 0.437000
vt 0.945000 0.435000
vt 0.897000 0.435000
vt 0.903000 0.434000
vt 0.897000 0.240000
vt 0.903000 0.243000
vt 0.899000 0.238000
vt 0.900000 0.237000
vt 0.945000 0.240000
vt 0.944000 0.238000
vt 0.940000 0.243000
vt 0.940000 0.434000
vt 0.943000 0.237000
vt 0.983000 0.290000
vt 0.981000 0.290000
vt 0.983000 0.235000
vt 0.981000 0.235000
vt 0.947000 0.290000
vt 0.978000 0.290000
vt 0.947000 0.237000
vt 0.978000 0.237000
vt 0.810000 0.414000
vt 0.820000 0.418000
vt 0.811000 0.413000
vt 0.820000 0.416000
vt 0.832000 0.414000
vt 0.830000 0.412000
vt 0.835000 0.404000
vt 0.834000 0.404000
vt 0.832000 0.394000
vt 0.830000 0.396000
vt 0.820000 0.390000
vt 0.820000 0.392000
vt 0.810000 0.394000
vt 0.812000 0.396000
vt 0.806000 0.267000
vt 0.810000 0.278000
vt 0.808000 0.267000
vt 0.811000 0.277000
vt 0.810000 0.257000
vt 0.811000 0.258000
vt 0.820000 0.252000
vt 0.820000 0.254000
vt 0.820000 0.283000
vt 0.820000 0.280000
vt 0.831000 0.278000
vt 0.829000 0.277000
vt 0.831000 0.257000
vt 0.829000 0.258000
vt 0.835000 0.267000
vt 0.833000 0.267000
vt 0.808000 0.404000
vt 0.806000 0.404000
vt 0.712000 0.404000
vt 0.715000 0.413000
vt 0.710000 0.404000
vt 0.714000 0.414000
vt 0.716000 0.396000
vt 0.714000 0.394000
vt 0.957000 0.373000
vt 0.967000 0.373000
vt 0.967000 0.371000
vt 0.957000 0.371000
vt 0.957000 0.375000
vt 0.967000 0.375000
vt 0.947000 0.337000
vt 0.947000 0.333000
vt 0.957000 0.333000
vt 0.957000 0.337000
vt 0.957000 0.309000
vt 0.957000 0.329000
vt 0.947000 0.329000
vt 0.947000 0.309000
vt 0.957000 0.299000
vt 0.955000 0.297000
vt 0.947000 0.299000
vt 0.953000 0.297000
vt 0.949000 0.297000
vt 0.946000 0.294000
vt 0.946000 0.292000
vt 0.979000 0.294000
vt 0.979000 0.292000
vt 0.946000 0.427000
vt 0.946000 0.378000
vt 0.957000 0.297000
vt 0.967000 0.297000
vt 0.967000 0.299000
vt 0.724000 0.392000
vt 0.724000 0.390000
vt 0.724000 0.416000
vt 0.724000 0.418000
vt 0.734000 0.412000
vt 0.735000 0.414000
vt 0.737000 0.404000
vt 0.739000 0.404000
vt 0.734000 0.396000
vt 0.735000 0.394000
vt 0.773000 0.283000
vt 0.784000 0.278000
vt 0.773000 0.280000
vt 0.782000 0.277000
vt 0.773000 0.252000
vt 0.763000 0.257000
vt 0.773000 0.254000
vt 0.764000 0.258000
vt 0.784000 0.257000
vt 0.782000 0.258000
vt 0.788000 0.267000
vt 0.786000 0.267000
vt 0.761000 0.267000
vt 0.759000 0.267000
vt 0.764000 0.277000
vt 0.763000 0.278000
vt 0.764000 0.413000
vt 0.773000 0.416000
vt 0.763000 0.414000
vt 0.773000 0.418000
vt 0.783000 0.412000
vt 0.784000 0.414000
vt 0.783000 0.396000
vt 0.773000 0.392000
vt 0.784000 0.394000
vt 0.773000 0.390000
vt 0.786000 0.404000
vt 0.788000 0.404000
vt 0.804000 0.242000
vt 0.800000 0.236000
vt 0.800000 0.436000
vt 0.804000 0.430000
vt 0.843000 0.436000
vt 0.837000 0.430000
vt 0.845000 0.436000
vt 0.845000 0.434000
vt 0.845000 0.238000
vt 0.837000 0.242000
vt 0.845000 0.236000
vt 0.843000 0.236000
vt 0.890000 0.430000
vt 0.898000 0.436000
vt 0.896000 0.436000
vt 0.898000 0.434000
vt 0.765000 0.396000
vt 0.763000 0.394000
vt 0.759000 0.404000
vt 0.761000 0.404000
vt 0.882000 0.258000
vt 0.884000 0.257000
vt 0.873000 0.252000
vt 0.873000 0.254000
vt 0.863000 0.257000
vt 0.864000 0.258000
vt 0.859000 0.267000
vt 0.861000 0.267000
vt 0.863000 0.278000
vt 0.864000 0.277000
vt 0.873000 0.283000
vt 0.873000 0.280000
vt 0.884000 0.278000
vt 0.882000 0.277000
vt 0.888000 0.267000
vt 0.886000 0.267000
vt 0.865000 0.396000
vt 0.863000 0.394000
vt 0.859000 0.404000
vt 0.861000 0.404000
vt 0.863000 0.414000
vt 0.864000 0.413000
vt 0.873000 0.418000
vt 0.873000 0.416000
vt 0.884000 0.414000
vt 0.883000 0.412000
vt 0.888000 0.404000
vt 0.886000 0.404000
vt 0.884000 0.394000
vt 0.883000 0.396000
vt 0.873000 0.390000
vt 0.873000 0.392000
vt 0.855000 0.430000
vt 0.851000 0.436000
vt 0.894000 0.436000
vt 0.888000 0.430000
vt 0.849000 0.436000
vt 0.849000 0.434000
vt 0.855000 0.242000
vt 0.849000 0.238000
vt 0.888000 0.242000
vt 0.849000 0.236000
vt 0.894000 0.236000
vt 0.851000 0.236000
vt 0.896000 0.434000
vt 0.896000 0.238000
vt 0.896000 0.236000
vt 0.884000 0.509000
vt 0.882000 0.513000
vt 0.890000 0.509000
vt 0.890000 0.515000
vt 0.921000 0.536000
vt 0.921000 0.524000
vt 0.888000 0.519000
vt 0.884000 0.519000
vt 0.895000 0.238000
vt 0.888000 0.248000
vt 0.896000 0.240000
vt 0.851000 0.437000
vt 0.894000 0.437000
vt 0.856000 0.429000
vt 0.888000 0.429000
vt 0.856000 0.248000
vt 0.851000 0.237000
vt 0.894000 0.237000
vt 0.848000 0.240000
vt 0.848000 0.435000
vt 0.850000 0.238000
vt 0.896000 0.435000
vt 0.895000 0.437000
vt 0.850000 0.437000
vt 0.883000 0.395000
vt 0.882000 0.396000
vt 0.872000 0.391000
vt 0.872000 0.393000
vt 0.861000 0.395000
vt 0.863000 0.396000
vt 0.856000 0.404000
vt 0.861000 0.413000
vt 0.863000 0.412000
vt 0.974000 0.437000
vt 0.946000 0.437000
vt 0.861000 0.261000
vt 0.863000 0.262000
vt 0.859000 0.270000
vt 0.856000 0.270000
vt 0.861000 0.280000
vt 0.872000 0.415000
vt 0.872000 0.417000
vt 0.882000 0.412000
vt 0.883000 0.413000
vt 0.967000 0.327000
vt 0.967000 0.341000
vt 0.983000 0.333000
vt 0.983000 0.337000
vt 0.967000 0.361000
vt 0.957000 0.361000
vt 0.967000 0.309000
vt 0.957000 0.341000
vt 0.947000 0.341000
vt 0.947000 0.361000
vt 0.947000 0.371000
vt 0.949000 0.373000
vt 0.955000 0.373000
vt 0.951000 0.375000
vt 0.872000 0.257000
vt 0.872000 0.259000
vt 0.872000 0.282000
vt 0.872000 0.284000
vt 0.882000 0.278000
vt 0.883000 0.280000
vt 0.886000 0.270000
vt 0.888000 0.270000
vt 0.882000 0.262000
vt 0.883000 0.261000
vt 0.806000 0.430000
vt 0.800000 0.434000
vt 0.802000 0.436000
vt 0.800000 0.238000
vt 0.806000 0.242000
vt 0.802000 0.236000
vt 0.839000 0.430000
vt 0.847000 0.436000
vt 0.847000 0.434000
vt 0.839000 0.242000
vt 0.847000 0.238000
vt 0.847000 0.236000
vt 0.832000 0.396000
vt 0.822000 0.392000
vt 0.834000 0.394000
vt 0.822000 0.390000
vt 0.837000 0.404000
vt 0.832000 0.412000
vt 0.834000 0.414000
vt 0.822000 0.416000
vt 0.822000 0.418000
vt 0.813000 0.413000
vt 0.812000 0.414000
vt 0.810000 0.404000
vt 0.813000 0.277000
vt 0.822000 0.280000
vt 0.812000 0.278000
vt 0.822000 0.283000
vt 0.831000 0.277000
vt 0.833000 0.278000
vt 0.810000 0.267000
vt 0.813000 0.258000
vt 0.812000 0.257000
vt 0.837000 0.267000
vt 0.831000 0.258000
vt 0.833000 0.257000
vt 0.822000 0.254000
vt 0.822000 0.252000
vt 0.812000 0.394000
vt 0.814000 0.396000
vt 0.871000 0.252000
vt 0.871000 0.254000
vt 0.862000 0.258000
vt 0.861000 0.257000
vt 0.882000 0.257000
vt 0.880000 0.258000
vt 0.884000 0.267000
vt 0.857000 0.267000
vt 0.862000 0.277000
vt 0.861000 0.278000
vt 0.871000 0.280000
vt 0.871000 0.283000
vt 0.880000 0.277000
vt 0.861000 0.414000
vt 0.862000 0.413000
vt 0.871000 0.416000
vt 0.871000 0.418000
vt 0.881000 0.412000
vt 0.883000 0.414000
vt 0.884000 0.404000
vt 0.881000 0.396000
vt 0.883000 0.394000
vt 0.871000 0.392000
vt 0.871000 0.390000
vt 0.861000 0.394000
vt 0.680000 0.889000
vt 0.686000 0.906000
vt 0.692000 0.889000
vt 0.700000 0.896000
vt 0.702000 0.906000
vt 0.700000 0.917000
vt 0.692000 0.924000
vt 0.682000 0.924000
vt 0.672000 0.917000
vt 0.672000 0.896000
vt 0.669000 0.906000
vt 0.678000 0.878000
vt 0.694000 0.878000
vt 0.709000 0.889000
vt 0.713000 0.906000
vt 0.709000 0.924000
vt 0.696000 0.935000
vt 0.680000 0.935000
vt 0.664000 0.926000
vt 0.659000 0.906000
vt 0.664000 0.889000
vt 0.923000 0.893000
vt 0.907000 0.893000
vt 0.907000 0.999000
vt 0.923000 0.999000
vt 0.923000 0.681000
vt 0.907000 0.681000
vt 0.907000 0.787000
vt 0.923000 0.787000
vt 0.926000 0.681000
vt 0.907000 0.575000
vt 0.927000 0.575000
vt 0.925000 0.893000
vt 0.926000 0.787000
vt 0.923000 0.575000
vt 0.940000 0.693000
vt 0.940000 0.591000
vt 0.940000 0.897000
vt 0.940000 0.999000
vt 0.925000 0.999000
vt 0.940000 0.795000
vt 0.708000 0.826000
vt 0.703000 0.832000
vt 0.705000 0.844000
vt 0.714000 0.844000
vt 0.696000 0.817000
vt 0.694000 0.824000
vt 0.680000 0.817000
vt 0.681000 0.824000
vt 0.701000 0.855000
vt 0.708000 0.861000
vt 0.692000 0.863000
vt 0.696000 0.872000
vt 0.681000 0.863000
vt 0.678000 0.872000
vt 0.672000 0.855000
vt 0.663000 0.861000
vt 0.669000 0.844000
vt 0.660000 0.844000
vt 0.672000 0.832000
vt 0.663000 0.828000
vt 0.676000 0.836000
vt 0.687000 0.844000
vt 0.683000 0.830000
vt 0.692000 0.830000
vt 0.698000 0.836000
vt 0.699000 0.844000
vt 0.698000 0.851000
vt 0.690000 0.857000
vt 0.683000 0.857000
vt 0.676000 0.851000
vt 0.674000 0.844000
vt 0.714000 0.872000
vt 0.705000 0.872000
vt 0.927000 0.681000
vt 0.927000 0.893000
vt 0.927000 0.999000
vt 0.927000 0.787000
vt 0.999000 0.604000
vt 0.991000 0.604000
vt 0.991000 0.868000
vt 0.999000 0.868000
vt 0.942000 0.693000
vt 0.942000 0.591000
vt 0.942000 0.795000
vt 0.942000 0.897000
vt 0.942000 0.999000
vt 0.987000 0.606000
vt 0.987000 0.866000
vt 0.970000 0.880000
vt 0.970000 0.589000
vt 0.927000 0.794000
vt 0.942000 0.794000
vt 0.942000 0.593000
vt 0.913000 0.792000
vt 0.923000 0.792000
vt 0.913000 0.999000
vt 0.913000 0.575000
vt 0.909000 0.792000
vt 0.925000 0.792000
vt 0.909000 0.999000
vt 0.989000 0.866000
vt 0.974000 0.866000
vt 0.972000 0.589000
vt 0.987000 0.604000
vt 0.927000 0.577000
vt 0.925000 0.575000
vt 0.909000 0.575000
vt 0.909000 0.794000
vt 0.909000 0.577000
vt 0.999000 0.661000
vt 0.991000 0.661000
vt 0.999000 0.556000
vt 0.999000 0.562000
vt 0.845000 0.556000
vt 0.845000 0.562000
vt 0.999000 0.544000
vt 0.999000 0.538000
vt 0.845000 0.544000
vt 0.845000 0.538000
vt 0.999000 0.550000
vt 0.845000 0.550000
vt 0.857000 0.404000
vt 0.110000 0.827000
vt 0.063000 0.827000
vt 0.110000 0.753000
vt 0.063000 0.753000
vt 0.110000 0.999000
vt 0.063000 0.999000
vt 0.110000 0.925000
vt 0.063000 0.925000
vt 0.108000 0.874000
vt 0.108000 0.999000
vt 0.063000 0.874000
vt 0.188000 0.874000
vt 0.188000 0.999000
vt 0.343000 0.874000
vt 0.343000 0.999000
vt 0.108000 0.751000
vt 0.063000 0.751000
vt 0.157000 0.986000
vt 0.160000 0.926000
vt 0.169000 0.976000
vt 0.170000 0.941000
vt 0.161000 0.835000
vt 0.161000 0.775000
vt 0.172000 0.821000
vt 0.171000 0.782000
vt 0.108000 0.753000
vt 0.110000 0.921000
vt 0.110000 0.831000
vt 0.063000 0.921000
vt 0.063000 0.831000
vt 0.128000 0.774000
vt 0.126000 0.835000
vt 0.118000 0.783000
vt 0.118000 0.826000
vt 0.124000 0.926000
vt 0.126000 0.986000
vt 0.116000 0.936000
vt 0.116000 0.979000
vt 0.124000 0.878000
vt 0.160000 0.878000
vt 0.343000 0.751000
vt 0.188000 0.751000
vt 0.886000 0.804000
vt 0.886000 0.843000
vt 0.909000 0.804000
vt 0.909000 0.843000
vt 0.759000 0.804000
vt 0.759000 0.843000
vt 0.822000 0.968000
vt 0.759000 0.968000
vt 0.822000 0.843000
vt 0.886000 0.614000
vt 0.909000 0.614000
vt 0.886000 0.575000
vt 0.733000 0.968000
vt 0.759000 0.999000
vt 0.733000 0.999000
vt 0.822000 0.765000
vt 0.759000 0.765000
vt 0.822000 0.614000
vt 0.759000 0.614000
vt 0.909000 0.905000
vt 0.909000 0.968000
vt 0.886000 0.905000
vt 0.886000 0.968000
vt 0.733000 0.804000
vt 0.733000 0.843000
vt 0.886000 0.999000
vt 0.759000 0.575000
vt 0.733000 0.575000
vt 0.733000 0.614000
vt 0.759000 0.689000
vt 0.733000 0.689000
vt 0.733000 0.765000
vt 0.759000 0.905000
vt 0.733000 0.905000
vt 0.886000 0.765000
vt 0.909000 0.689000
vt 0.886000 0.689000
vt 0.909000 0.765000
vt 0.222000 0.347000
vt 0.206000 0.380000
vt 0.233000 0.380000
vt 0.167000 0.308000
vt 0.063000 0.308000
vt 0.063000 0.321000
vt 0.167000 0.321000
vt 0.167000 0.438000
vt 0.167000 0.362000
vt 0.063000 0.362000
vt 0.063000 0.438000
vt 0.063000 0.341000
vt 0.167000 0.341000
vt 0.063000 0.204000
vt 0.167000 0.204000
vt 0.167000 0.147000
vt 0.063000 0.147000
vt 0.300000 0.265000
vt 0.288000 0.278000
vt 0.298000 0.249000
vt 0.302000 0.351000
vt 0.301000 0.333000
vt 0.298000 0.341000
vt 0.296000 0.302000
vt 0.288000 0.302000
vt 0.304000 0.288000
vt 0.304000 0.274000
vt 0.167000 0.278000
vt 0.063000 0.278000
vt 0.063000 0.302000
vt 0.167000 0.302000
vt 0.261000 0.321000
vt 0.261000 0.308000
vt 0.288000 0.308000
vt 0.288000 0.321000
vt 0.261000 0.204000
vt 0.298000 0.204000
vt 0.298000 0.147000
vt 0.261000 0.147000
vt 0.261000 0.278000
vt 0.261000 0.302000
vt 0.108000 0.124000
vt 0.108000 0.001000
vt 0.171000 0.126000
vt 0.306000 0.126000
vt 0.306000 0.146000
vt 0.171000 0.146000
vt 0.171000 0.124000
vt 0.306000 0.124000
vt 0.063000 0.146000
vt 0.108000 0.146000
vt 0.108000 0.126000
vt 0.063000 0.126000
vt 0.456000 0.099000
vt 0.313000 0.099000
vt 0.313000 0.108000
vt 0.456000 0.108000
vt 0.313000 0.089000
vt 0.456000 0.089000
vt 0.456000 0.079000
vt 0.313000 0.079000
vt 0.313000 0.046000
vt 0.454000 0.046000
vt 0.298000 0.308000
vt 0.306000 0.265000
vt 0.304000 0.249000
vt 0.310000 0.288000
vt 0.306000 0.302000
vt 0.456000 0.116000
vt 0.456000 0.124000
vt 0.462000 0.116000
vt 0.462000 0.124000
vt 0.456000 0.132000
vt 0.462000 0.132000
vt 0.310000 0.274000
vt 0.462000 0.079000
vt 0.462000 0.089000
vt 0.462000 0.099000
vt 0.462000 0.108000
vt 0.313000 0.116000
vt 0.308000 0.116000
vt 0.308000 0.108000
vt 0.456000 0.140000
vt 0.462000 0.140000
vt 0.456000 0.169000
vt 0.456000 0.214000
vt 0.462000 0.169000
vt 0.462000 0.214000
vt 0.261000 0.438000
vt 0.298000 0.438000
vt 0.298000 0.362000
vt 0.325000 0.243000
vt 0.394000 0.243000
vt 0.394000 0.216000
vt 0.321000 0.216000
vt 0.456000 0.245000
vt 0.321000 0.245000
vt 0.321000 0.272000
vt 0.456000 0.272000
vt 0.298000 0.321000
vt 0.319000 0.333000
vt 0.319000 0.351000
vt 0.313000 0.124000
vt 0.261000 0.249000
vt 0.321000 0.243000
vt 0.233000 0.435000
vt 0.206000 0.435000
vt 0.313000 0.001000
vt 0.454000 0.001000
vt 0.063000 0.249000
vt 0.167000 0.249000
vt 0.325000 0.302000
vt 0.470000 0.302000
vt 0.321000 0.274000
vt 0.474000 0.274000
vt 0.323000 0.216000
vt 0.323000 0.243000
vt 0.474000 0.302000
vt 0.321000 0.302000
vt 0.261000 0.362000
vt 0.261000 0.341000
vt 0.319000 0.321000
vt 0.319000 0.358000
vt 0.300000 0.358000
vt 0.319000 0.362000
vt 0.171000 0.001000
vt 0.306000 0.001000
vt 0.206000 0.341000
vt 0.206000 0.265000
vt 0.206000 0.321000
vt 0.233000 0.265000
vt 0.233000 0.321000
vt 0.206000 0.226000
vt 0.233000 0.241000
vt 0.442000 0.364000
vt 0.415000 0.392000
vt 0.389000 0.364000
vt 0.470000 0.333000
vt 0.470000 0.308000
vt 0.362000 0.308000
vt 0.362000 0.333000
vt 0.389000 0.418000
vt 0.362000 0.337000
vt 0.470000 0.337000
vt 0.442000 0.418000
vt 0.358000 0.337000
vt 0.333000 0.448000
vt 0.333000 0.444000
vt 0.329000 0.444000
vt 0.362000 0.448000
vt 0.358000 0.444000
vt 0.308000 0.099000
vt 0.208000 0.331000
vt 0.308000 0.001000
vt 0.308000 0.046000
vt 0.308000 0.079000
vt 0.308000 0.089000
vt 0.308000 0.124000
vt 0.313000 0.132000
vt 0.308000 0.132000
vt 0.313000 0.140000
vt 0.308000 0.140000
vt 0.313000 0.147000
vt 0.308000 0.147000
vt 0.313000 0.169000
vt 0.308000 0.169000
vt 0.313000 0.214000
vt 0.308000 0.214000
vt 0.233000 0.356000
vt 0.241000 0.349000
vt 0.243000 0.341000
vt 0.241000 0.331000
vt 0.233000 0.323000
vt 0.224000 0.321000
vt 0.214000 0.323000
vt 0.462000 0.147000
vt 0.456000 0.147000
vt 0.474000 0.337000
vt 0.470000 0.444000
vt 0.474000 0.444000
vt 0.470000 0.448000
vt 0.362000 0.444000
vt 0.224000 0.226000
vt 0.214000 0.208000
vt 0.208000 0.216000
vt 0.233000 0.208000
vt 0.224000 0.206000
vt 0.241000 0.216000
vt 0.241000 0.233000
vt 0.243000 0.226000
vt 0.671000 0.329000
vt 0.687000 0.329000
vt 0.671000 0.437000
vt 0.687000 0.437000
vt 0.671000 0.229000
vt 0.687000 0.229000
vt 0.985000 0.026000
vt 0.999000 0.026000
vt 0.985000 0.126000
vt 0.999000 0.126000
vt 0.985000 0.233000
vt 0.999000 0.233000
vt 0.968000 0.126000
vt 0.968000 0.233000
vt 0.954000 0.126000
vt 0.954000 0.233000
vt 0.968000 0.024000
vt 0.954000 0.024000
vt 0.954000 0.124000
vt 0.733000 0.200000
vt 0.733000 0.034000
vt 0.720000 0.024000
vt 0.720000 0.216000
vt 0.741000 0.040000
vt 0.733000 0.206000
vt 0.741000 0.198000
vt 0.267000 0.438000
vt 0.267000 0.563000
vt 0.296000 0.563000
vt 0.296000 0.438000
vt 0.298000 0.563000
vt 0.327000 0.563000
vt 0.327000 0.438000
vt 0.263000 0.749000
vt 0.218000 0.749000
vt 0.218000 0.438000
vt 0.263000 0.438000
vt 0.720000 0.483000
vt 0.720000 0.438000
vt 0.874000 0.438000
vt 0.874000 0.483000
vt 0.298000 0.749000
vt 0.327000 0.749000
vt 0.202000 0.749000
vt 0.202000 0.438000
vt 0.485000 0.221000
vt 0.485000 0.374000
vt 0.639000 0.374000
vt 0.639000 0.221000
vt 0.063000 0.749000
vt 0.061000 0.451000
vt 0.056000 0.444000
vt 0.056000 0.748000
vt 0.061000 0.741000
vt 0.735000 0.224000
vt 0.735000 0.233000
vt 0.933000 0.233000
vt 0.933000 0.224000
vt 0.751000 0.485000
vt 0.751000 0.515000
vt 0.874000 0.515000
vt 0.874000 0.485000
vt 0.896000 0.040000
vt 0.896000 0.198000
vt 0.751000 0.204000
vt 0.751000 0.218000
vt 0.921000 0.218000
vt 0.921000 0.204000
vt 0.499000 0.431000
vt 0.493000 0.415000
vt 0.634000 0.415000
vt 0.630000 0.431000
vt 0.485000 0.392000
vt 0.491000 0.376000
vt 0.636000 0.376000
vt 0.640000 0.392000
vt 0.491000 0.407000
vt 0.636000 0.407000
vt 0.938000 0.122000
vt 0.954000 0.122000
vt 0.938000 0.233000
vt 0.688000 0.222000
vt 0.688000 0.325000
vt 0.673000 0.325000
vt 0.673000 0.222000
vt 0.688000 0.001000
vt 0.673000 0.001000
vt 0.657000 0.222000
vt 0.657000 0.001000
vt 0.688000 0.437000
vt 0.673000 0.437000
vt 0.640000 0.417000
vt 0.640000 0.403000
vt 0.485000 0.403000
vt 0.485000 0.417000
vt 0.640000 0.229000
vt 0.485000 0.229000
vt 0.485000 0.376000
vt 0.640000 0.376000
vt 0.296000 0.749000
vt 0.267000 0.749000
vt 0.938000 0.019000
vt 0.673000 0.321000
vt 0.954000 0.026000
vt 0.968000 0.026000
vt 0.720000 0.218000
vt 0.704000 0.218000
vt 0.704000 0.233000
vt 0.720000 0.233000
vt 0.188000 0.451000
vt 0.188000 0.444000
vt 0.640000 0.390000
vt 0.485000 0.390000
vt 0.970000 0.106000
vt 0.954000 0.106000
vt 0.954000 0.214000
vt 0.970000 0.214000
vt 0.970000 0.007000
vt 0.983000 0.007000
vt 0.640000 0.116000
vt 0.640000 0.202000
vt 0.485000 0.116000
vt 0.485000 0.202000
vt 0.640000 0.218000
vt 0.640000 0.208000
vt 0.485000 0.218000
vt 0.485000 0.208000
vt 0.718000 0.030000
vt 0.704000 0.030000
vt 0.718000 0.017000
vt 0.704000 0.017000
vt 0.954000 0.001000
vt 0.938000 0.001000
vt 0.954000 0.210000
vt 0.938000 0.210000
vt 0.968000 0.003000
vt 0.954000 0.104000
vt 0.968000 0.104000
vt 0.903000 0.032000
vt 0.733000 0.032000
vt 0.903000 0.206000
vt 0.903000 0.034000
vt 0.188000 0.748000
vt 0.188000 0.741000
vt 0.640000 0.030000
vt 0.485000 0.030000
vt 0.954000 0.007000
vt 0.702000 0.222000
vt 0.702000 0.325000
vt 0.702000 0.437000
vt 0.954000 0.146000
vt 0.954000 0.206000
vt 0.938000 0.146000
vt 0.921000 0.216000
vt 0.921000 0.024000
vt 0.938000 0.013000
vt 0.954000 0.013000
vt 0.702000 0.001000
vt 0.485000 0.017000
vt 0.640000 0.017000
vt 0.954000 0.003000
vt 0.954000 0.212000
vt 0.968000 0.212000
vt 0.634000 0.815000
vt 0.654000 0.815000
vt 0.634000 0.996000
vt 0.654000 0.996000
vt 0.615000 0.815000
vt 0.615000 0.996000
vt 0.596000 0.996000
vt 0.520000 0.996000
vt 0.347000 0.996000
vt 0.347000 0.815000
vt 0.366000 0.815000
vt 0.366000 0.996000
vt 0.385000 0.815000
vt 0.385000 0.996000
vt 0.404000 0.815000
vt 0.404000 0.996000
vt 0.424000 0.815000
vt 0.424000 0.996000
vt 0.443000 0.815000
vt 0.443000 0.996000
vt 0.462000 0.815000
vt 0.462000 0.996000
vt 0.481000 0.815000
vt 0.481000 0.996000
vt 0.500000 0.815000
vt 0.500000 0.996000
vt 0.519000 0.815000
vt 0.519000 0.996000
vt 0.539000 0.815000
vt 0.539000 0.996000
vt 0.577000 0.996000
vt 0.634000 0.998000
vt 0.654000 0.998000
vt 0.596000 0.815000
vt 0.347000 0.796000
vt 0.612000 0.788000
vt 0.612000 0.796000
vt 0.577000 0.815000
vt 0.538000 0.673000
vt 0.532000 0.677000
vt 0.542000 0.771000
vt 0.538000 0.772000
vt 0.536000 0.767000
vt 0.532000 0.769000
vt 0.558000 0.815000
vt 0.615000 0.998000
vt 0.596000 0.998000
vt 0.577000 0.998000
vt 0.554000 0.786000
vt 0.544000 0.767000
vt 0.562000 0.786000
vt 0.562000 0.667000
vt 0.563000 0.669000
vt 0.563000 0.784000
vt 0.538000 0.763000
vt 0.542000 0.675000
vt 0.536000 0.679000
vt 0.544000 0.679000
vt 0.538000 0.683000
vt 0.345000 0.796000
vt 0.347000 0.812000
vt 0.612000 0.812000
vt 0.345000 0.812000
vt 0.347000 0.998000
vt 0.366000 0.998000
vt 0.556000 0.788000
vt 0.612000 0.794000
vt 0.558000 0.996000
vt 0.385000 0.998000
vt 0.404000 0.998000
vt 0.424000 0.998000
vt 0.443000 0.998000
vt 0.462000 0.998000
vt 0.565000 0.667000
vt 0.599000 0.667000
vt 0.601000 0.669000
vt 0.601000 0.784000
vt 0.565000 0.786000
vt 0.599000 0.786000
vt 0.554000 0.667000
vt 0.556000 0.661000
vt 0.554000 0.663000
vt 0.556000 0.665000
vt 0.612000 0.655000
vt 0.345000 0.655000
vt 0.347000 0.655000
vt 0.610000 0.649000
vt 0.610000 0.659000
vt 0.345000 0.649000
vt 0.612000 0.659000
vt 0.563000 0.665000
vt 0.481000 0.998000
vt 0.500000 0.998000
vt 0.519000 0.998000
vt 0.539000 0.998000
vt 0.558000 0.998000
vt 0.345000 0.646000
vt 0.610000 0.646000
vt 0.610000 0.532000
vt 0.345000 0.532000
vt 0.608000 0.646000
vt 0.608000 0.534000
vt 0.345000 0.534000
vt 0.345000 0.647000
vt 0.612000 0.647000
vt 0.563000 0.788000
vt 0.601000 0.788000
vt 0.603000 0.786000
vt 0.603000 0.667000
vt 0.601000 0.665000
vt 0.599000 0.663000
vt 0.601000 0.661000
vt 0.603000 0.663000
vt 0.522000 0.757000
vt 0.433000 0.690000
vt 0.433000 0.757000
vt 0.522000 0.690000
vt 0.505000 0.743000
vt 0.505000 0.704000
vt 0.476000 0.724000
vt 0.448000 0.704000
vt 0.448000 0.743000
vt 0.003000 0.087000
vt 0.003000 0.009000
vt 0.007000 0.009000
vt 0.058000 0.382000
vt 0.011000 0.448000
vt 0.011000 0.323000
vt 0.058000 0.298000
vt 0.011000 0.298000
vt 0.011000 0.271000
vt 0.060000 0.212000
vt 0.107000 0.254000
vt 0.216000 0.087000
vt 0.192000 0.009000
vt 0.218000 0.009000
vt 0.376000 0.448000
vt 0.421000 0.476000
vt 0.421000 0.468000
vt 0.425000 0.476000
vt 0.425000 0.468000
vt 0.425000 0.462000
vt 0.429000 0.468000
vt 0.429000 0.462000
vt 0.060000 0.087000
vt 0.038000 0.009000
vt 0.060000 0.009000
vt 0.085000 0.009000
vt 0.013000 0.087000
vt 0.013000 0.009000
vt 0.003000 0.146000
vt 0.011000 0.146000
vt 0.011000 0.099000
vt 0.106000 0.009000
vt 0.106000 0.087000
vt 0.501000 0.534000
vt 0.624000 0.534000
vt 0.624000 0.593000
vt 0.501000 0.593000
vt 0.421000 0.310000
vt 0.376000 0.298000
vt 0.421000 0.296000
vt 0.003000 0.323000
vt 0.003000 0.298000
vt 0.003000 0.271000
vt 0.003000 0.507000
vt 0.003000 0.585000
vt 0.011000 0.585000
vt 0.421000 0.462000
vt 0.429000 0.476000
vt 0.376000 0.146000
vt 0.376000 0.099000
vt 0.421000 0.099000
vt 0.376000 0.087000
vt 0.421000 0.087000
vt 0.376000 0.009000
vt 0.421000 0.009000
vt 0.347000 0.009000
vt 0.327000 0.087000
vt 0.237000 0.009000
vt 0.274000 0.087000
vt 0.274000 0.009000
vt 0.288000 0.009000
vt 0.161000 0.087000
vt 0.161000 0.009000
vt 0.161000 0.099000
vt 0.216000 0.099000
vt 0.161000 0.146000
vt 0.216000 0.179000
vt 0.140000 0.009000
vt 0.274000 0.298000
vt 0.216000 0.255000
vt 0.274000 0.210000
vt 0.327000 0.255000
vt 0.216000 0.341000
vt 0.216000 0.298000
vt 0.499000 0.577000
vt 0.438000 0.577000
vt 0.499000 0.456000
vt 0.438000 0.456000
vt 0.425000 0.341000
vt 0.429000 0.341000
vt 0.425000 0.366000
vt 0.429000 0.366000
vt 0.161000 0.448000
vt 0.106000 0.415000
vt 0.106000 0.495000
vt 0.058000 0.507000
vt 0.087000 0.585000
vt 0.106000 0.507000
vt 0.058000 0.585000
vt 0.421000 0.495000
vt 0.327000 0.009000
vt 0.058000 0.495000
vt 0.058000 0.448000
vt 0.161000 0.212000
vt 0.107000 0.180000
vt 0.106000 0.099000
vt 0.161000 0.298000
vt 0.011000 0.495000
vt 0.003000 0.448000
vt 0.421000 0.114000
vt 0.501000 0.454000
vt 0.501000 0.470000
vt 0.765000 0.454000
vt 0.983000 0.372000
vt 0.983000 0.253000
vt 0.893000 0.253000
vt 0.893000 0.372000
vt 0.893000 0.283000
vt 0.893000 0.342000
vt 0.893000 0.312000
vt 0.885000 0.312000
vt 0.877000 0.253000
vt 0.885000 0.253000
vt 0.444000 0.082000
vt 0.437000 0.082000
vt 0.437000 0.153000
vt 0.444000 0.153000
vt 0.792000 0.253000
vt 0.791000 0.254000
vt 0.875000 0.253000
vt 0.274000 0.099000
vt 0.327000 0.099000
vt 0.274000 0.146000
vt 0.327000 0.341000
vt 0.327000 0.298000
vt 0.376000 0.255000
vt 0.327000 0.415000
vt 0.274000 0.384000
vt 0.452000 0.194000
vt 0.452000 0.245000
vt 0.440000 0.194000
vt 0.440000 0.245000
vt 0.765000 0.530000
vt 0.633000 0.530000
vt 0.501000 0.530000
vt 0.438000 0.250000
vt 0.440000 0.165000
vt 0.452000 0.165000
vt 0.425000 0.296000
vt 0.425000 0.284000
vt 0.429000 0.284000
vt 0.429000 0.296000
vt 0.425000 0.310000
vt 0.425000 0.323000
vt 0.429000 0.310000
vt 0.429000 0.323000
vt 0.108000 0.585000
vt 0.995000 0.372000
vt 0.995000 0.253000
vt 0.439000 0.372000
vt 0.539000 0.372000
vt 0.439000 0.253000
vt 0.539000 0.253000
vt 0.554000 0.165000
vt 0.554000 0.245000
vt 0.999000 0.452000
vt 0.999000 0.376000
vt 0.702000 0.452000
vt 0.702000 0.376000
vt 0.438000 0.452000
vt 0.438000 0.376000
vt 0.998000 0.253000
vt 0.998000 0.372000
vt 0.700000 0.167000
vt 0.700000 0.249000
vt 0.989000 0.167000
vt 0.989000 0.249000
vt 0.989000 0.165000
vt 0.989000 0.245000
vt 0.895000 0.372000
vt 0.895000 0.253000
vt 0.877000 0.372000
vt 0.845000 0.011000
vt 0.989000 0.011000
vt 0.845000 0.001000
vt 0.989000 0.001000
vt 0.425000 0.138000
vt 0.429000 0.138000
vt 0.425000 0.151000
vt 0.429000 0.151000
vt 0.425000 0.099000
vt 0.429000 0.099000
vt 0.425000 0.114000
vt 0.429000 0.114000
vt 0.425000 0.087000
vt 0.429000 0.087000
vt 0.429000 0.009000
vt 0.550000 0.372000
vt 0.711000 0.372000
vt 0.711000 0.253000
vt 0.550000 0.253000
vt 0.630000 0.253000
vt 0.994000 0.253000
vt 0.894000 0.253000
vt 0.994000 0.372000
vt 0.894000 0.372000
vt 0.446000 0.157000
vt 0.446000 0.165000
vt 0.554000 0.157000
vt 0.989000 0.157000
vt 0.794000 0.253000
vt 0.450000 0.157000
vt 0.450000 0.165000
vt 0.700000 0.157000
vt 0.700000 0.001000
vt 0.700000 0.011000
vt 0.573000 0.001000
vt 0.573000 0.011000
vt 0.446000 0.001000
vt 0.446000 0.011000
vt 0.626000 0.254000
vt 0.627000 0.253000
vt 0.545000 0.253000
vt 0.107000 0.340000
vt 0.161000 0.382000
vt 0.216000 0.415000
vt 0.216000 0.495000
vt 0.274000 0.448000
vt 0.274000 0.495000
vt 0.327000 0.495000
vt 0.274000 0.507000
vt 0.327000 0.507000
vt 0.290000 0.585000
vt 0.327000 0.585000
vt 0.274000 0.585000
vt 0.237000 0.585000
vt 0.216000 0.507000
vt 0.216000 0.585000
vt 0.194000 0.585000
vt 0.376000 0.384000
vt 0.421000 0.448000
vt 0.421000 0.417000
vt 0.448000 0.167000
vt 0.448000 0.247000
vt 0.700000 0.247000
vt 0.444000 0.011000
vt 0.437000 0.011000
vt 0.708000 0.255000
vt 0.710000 0.253000
vt 0.327000 0.179000
vt 0.376000 0.210000
vt 0.448000 0.157000
vt 0.421000 0.126000
vt 0.421000 0.138000
vt 0.425000 0.126000
vt 0.421000 0.284000
vt 0.161000 0.507000
vt 0.144000 0.585000
vt 0.421000 0.255000
vt 0.421000 0.233000
vt 0.425000 0.233000
vt 0.425000 0.255000
vt 0.429000 0.233000
vt 0.429000 0.255000
vt 0.421000 0.151000
vt 0.161000 0.585000
vt 0.347000 0.585000
vt 0.376000 0.507000
vt 0.376000 0.585000
vt 0.421000 0.507000
vt 0.421000 0.585000
vt 0.425000 0.507000
vt 0.429000 0.585000
vt 0.429000 0.507000
vt 0.425000 0.448000
vt 0.429000 0.448000
vt 0.376000 0.495000
vt 0.161000 0.495000
vt 0.376000 0.341000
vt 0.421000 0.341000
vt 0.421000 0.323000
vt 0.060000 0.099000
vt 0.060000 0.144000
vt 0.017000 0.009000
vt 0.429000 0.126000
vt 0.032000 0.009000
vt 0.026000 0.009000
vt 0.021000 0.009000
vt 0.011000 0.507000
vt 0.038000 0.585000
vt 0.026000 0.585000
vt 0.046000 0.585000
vt 0.019000 0.585000
vt 0.421000 0.271000
vt 0.425000 0.271000
vt 0.429000 0.271000
vt 0.106000 0.298000
vt 0.421000 0.366000
vt 0.425000 0.417000
vt 0.429000 0.417000
vt 0.425000 0.495000
vt 0.429000 0.495000
vt 0.700000 0.082000
vt 0.573000 0.082000
vt 0.446000 0.082000
vt 0.845000 0.082000
vt 0.989000 0.082000
vt 0.700000 0.153000
vt 0.845000 0.153000
vt 0.446000 0.153000
vt 0.573000 0.153000
vt 0.989000 0.153000
vt 0.124000 0.999000
vt 0.062000 0.999000
vt 0.124000 0.845000
vt 0.062000 0.845000
vt 0.001000 0.999000
vt 0.001000 0.845000
vt 0.187000 0.845000
vt 0.187000 0.999000
vt 0.687000 0.905000
vt 0.749000 0.905000
vt 0.687000 0.751000
vt 0.749000 0.751000
vt 0.624000 0.905000
vt 0.563000 0.905000
vt 0.624000 0.751000
vt 0.563000 0.751000
vt 0.687000 0.749000
vt 0.749000 0.749000
vt 0.687000 0.595000
vt 0.749000 0.595000
vt 0.624000 0.595000
vt 0.624000 0.749000
vt 0.563000 0.595000
vt 0.563000 0.749000
vt 0.015000 0.821000
vt 0.015000 0.610000
vt 0.021000 0.821000
vt 0.021000 0.610000
vt 0.313000 0.632000
vt 0.313000 0.843000
vt 0.319000 0.632000
vt 0.319000 0.843000
vt 0.319000 0.817000
vt 0.313000 0.817000
vt 0.005000 0.790000
vt 0.005000 0.804000
vt 0.001000 0.790000
vt 0.001000 0.804000
vt 0.001000 0.647000
vt 0.005000 0.647000
vt 0.015000 0.827000
vt 0.015000 0.841000
vt 0.296000 0.827000
vt 0.296000 0.841000
vt 0.296000 0.610000
vt 0.296000 0.595000
vt 0.015000 0.595000
vt 0.313000 0.827000
vt 0.313000 0.841000
vt 0.007000 0.765000
vt 0.007000 0.786000
vt 0.001000 0.765000
vt 0.001000 0.786000
vt 0.001000 0.616000
vt 0.007000 0.616000
vt 0.313000 0.610000
vt 0.294000 0.817000
vt 0.294000 0.610000
vt 0.021000 0.817000
vt 0.313000 0.595000
vt 0.001000 0.595000
vt 0.007000 0.595000
vt 0.003000 0.827000
vt 0.003000 0.610000
vt 0.319000 0.610000
vt 0.003000 0.595000
vt 0.001000 0.630000
vt 0.005000 0.630000
vt 0.003000 0.841000
vt 0.337000 0.610000
vt 0.325000 0.601000
vt 0.337000 0.796000
vt 0.325000 0.812000
vt 0.462000 0.610000
vt 0.472000 0.601000
vt 0.472000 0.812000
vt 0.462000 0.796000
vt 0.319000 0.601000
vt 0.319000 0.812000
vt 0.804000 0.649000
vt 0.804000 0.532000
vt 0.751000 0.649000
vt 0.751000 0.532000
vt 0.751000 0.999000
vt 0.804000 0.882000
vt 0.804000 0.999000
vt 0.856000 0.649000
vt 0.856000 0.532000
vt 0.856000 0.766000
vt 0.804000 0.766000
vt 0.856000 0.882000
vt 0.958000 0.882000
vt 0.958000 0.766000
vt 0.907000 0.882000
vt 0.907000 0.766000
vt 0.958000 0.649000
vt 0.907000 0.649000
vt 0.751000 0.766000
vt 0.751000 0.882000
vt 0.958000 0.999000
vt 0.999000 0.882000
vt 0.999000 0.999000
vt 0.958000 0.532000
vt 0.907000 0.532000
vt 0.999000 0.649000
vt 0.999000 0.532000
vt 0.856000 0.999000
vt 0.999000 0.766000
vt 0.885000 0.001000
vt 0.923000 0.001000
vt 0.885000 0.079000
vt 0.923000 0.079000
vt 0.732000 0.353000
vt 0.732000 0.313000
vt 0.771000 0.353000
vt 0.771000 0.313000
vt 0.771000 0.392000
vt 0.732000 0.392000
vt 0.694000 0.353000
vt 0.694000 0.392000
vt 0.694000 0.313000
vt 0.656000 0.118000
vt 0.656000 0.157000
vt 0.618000 0.118000
vt 0.618000 0.157000
vt 0.618000 0.431000
vt 0.618000 0.392000
vt 0.656000 0.431000
vt 0.656000 0.392000
vt 0.656000 0.353000
vt 0.618000 0.353000
vt 0.732000 0.196000
vt 0.732000 0.235000
vt 0.694000 0.196000
vt 0.694000 0.235000
vt 0.732000 0.157000
vt 0.771000 0.196000
vt 0.771000 0.157000
vt 0.656000 0.196000
vt 0.694000 0.157000
vt 0.732000 0.431000
vt 0.732000 0.470000
vt 0.771000 0.431000
vt 0.771000 0.470000
vt 0.656000 0.079000
vt 0.618000 0.079000
vt 0.656000 0.001000
vt 0.618000 0.001000
vt 0.809000 0.353000
vt 0.809000 0.313000
vt 0.923000 0.431000
vt 0.923000 0.470000
vt 0.885000 0.431000
vt 0.885000 0.470000
vt 0.618000 0.313000
vt 0.656000 0.313000
vt 0.771000 0.274000
vt 0.732000 0.274000
vt 0.618000 0.196000
vt 0.504000 0.079000
vt 0.466000 0.079000
vt 0.504000 0.001000
vt 0.466000 0.001000
vt 0.694000 0.118000
vt 0.694000 0.079000
vt 0.732000 0.079000
vt 0.732000 0.001000
vt 0.694000 0.001000
vt 0.694000 0.431000
vt 0.694000 0.470000
vt 0.656000 0.274000
vt 0.618000 0.274000
vt 0.656000 0.235000
vt 0.694000 0.274000
vt 0.771000 0.235000
vt 0.466000 0.118000
vt 0.504000 0.118000
vt 0.504000 0.157000
vt 0.466000 0.157000
vt 0.618000 0.235000
vt 0.656000 0.470000
vt 0.618000 0.470000
vt 0.580000 0.001000
vt 0.580000 0.079000
vt 0.580000 0.118000
vt 0.580000 0.157000
vt 0.542000 0.118000
vt 0.542000 0.157000
vt 0.542000 0.079000
vt 0.542000 0.001000
vt 0.885000 0.392000
vt 0.923000 0.392000
vt 0.847000 0.431000
vt 0.847000 0.470000
vt 0.809000 0.431000
vt 0.809000 0.470000
vt 0.771000 0.001000
vt 0.771000 0.079000
vt 0.732000 0.118000
vt 0.771000 0.118000
vt 0.809000 0.274000
vt 0.809000 0.235000
vt 0.847000 0.274000
vt 0.847000 0.235000
vt 0.885000 0.274000
vt 0.885000 0.235000
vt 0.923000 0.274000
vt 0.923000 0.235000
vt 0.923000 0.196000
vt 0.885000 0.196000
vt 0.885000 0.157000
vt 0.923000 0.157000
vt 0.923000 0.313000
vt 0.885000 0.313000
vt 0.885000 0.353000
vt 0.923000 0.353000
vt 0.847000 0.353000
vt 0.847000 0.392000
vt 0.809000 0.392000
vt 0.847000 0.313000
vt 0.847000 0.079000
vt 0.847000 0.001000
vt 0.847000 0.196000
vt 0.809000 0.196000
vt 0.847000 0.157000
vt 0.809000 0.157000
vt 0.885000 0.118000
vt 0.923000 0.118000
vt 0.847000 0.118000
vt 0.809000 0.118000
vt 0.809000 0.079000
vt 0.809000 0.001000
vt 0.580000 0.819000
vt 0.580000 0.858000
vt 0.542000 0.819000
vt 0.542000 0.858000
vt 0.504000 0.819000
vt 0.504000 0.858000
vt 0.580000 0.780000
vt 0.618000 0.819000
vt 0.618000 0.780000
vt 0.079000 0.743000
vt 0.079000 0.782000
vt 0.001000 0.743000
vt 0.001000 0.782000
vt 0.235000 0.743000
vt 0.235000 0.782000
vt 0.157000 0.743000
vt 0.157000 0.782000
vt 0.235000 0.704000
vt 0.313000 0.743000
vt 0.313000 0.704000
vt 0.390000 0.743000
vt 0.390000 0.782000
vt 0.313000 0.782000
vt 0.428000 0.743000
vt 0.428000 0.782000
vt 0.428000 0.704000
vt 0.466000 0.743000
vt 0.466000 0.704000
vt 0.504000 0.743000
vt 0.504000 0.704000
vt 0.542000 0.743000
vt 0.542000 0.704000
vt 0.580000 0.743000
vt 0.580000 0.704000
vt 0.618000 0.743000
vt 0.618000 0.704000
vt 0.504000 0.782000
vt 0.466000 0.782000
vt 0.580000 0.782000
vt 0.542000 0.782000
vt 0.580000 0.665000
vt 0.580000 0.626000
vt 0.542000 0.665000
vt 0.542000 0.626000
vt 0.079000 0.665000
vt 0.079000 0.704000
vt 0.001000 0.665000
vt 0.001000 0.704000
vt 0.079000 0.626000
vt 0.157000 0.665000
vt 0.157000 0.626000
vt 0.235000 0.665000
vt 0.157000 0.704000
vt 0.504000 0.780000
vt 0.542000 0.780000
vt 0.466000 0.819000
vt 0.466000 0.858000
vt 0.428000 0.819000
vt 0.428000 0.780000
vt 0.466000 0.780000
vt 0.428000 0.858000
vt 0.390000 0.819000
vt 0.390000 0.858000
vt 0.313000 0.819000
vt 0.313000 0.858000
vt 0.235000 0.819000
vt 0.235000 0.780000
vt 0.313000 0.780000
vt 0.390000 0.780000
vt 0.235000 0.858000
vt 0.157000 0.819000
vt 0.157000 0.858000
vt 0.079000 0.819000
vt 0.079000 0.858000
vt 0.079000 0.780000
vt 0.157000 0.780000
vt 0.001000 0.819000
vt 0.001000 0.858000
vt 0.428000 0.937000
vt 0.390000 0.937000
vt 0.390000 0.704000
vt 0.390000 0.626000
vt 0.428000 0.665000
vt 0.428000 0.626000
vt 0.466000 0.665000
vt 0.466000 0.626000
vt 0.390000 0.587000
vt 0.390000 0.548000
vt 0.428000 0.587000
vt 0.428000 0.548000
vt 0.466000 0.587000
vt 0.466000 0.548000
vt 0.504000 0.587000
vt 0.504000 0.548000
vt 0.504000 0.665000
vt 0.504000 0.626000
vt 0.618000 0.665000
vt 0.618000 0.626000
vt 0.235000 0.626000
vt 0.313000 0.665000
vt 0.313000 0.626000
vt 0.079000 0.587000
vt 0.079000 0.548000
vt 0.157000 0.587000
vt 0.157000 0.548000
vt 0.235000 0.587000
vt 0.235000 0.548000
vt 0.313000 0.587000
vt 0.313000 0.548000
vt 0.001000 0.587000
vt 0.001000 0.626000
vt 0.466000 0.509000
vt 0.428000 0.509000
vt 0.390000 0.509000
vt 0.313000 0.509000
vt 0.235000 0.509000
vt 0.157000 0.509000
vt 0.079000 0.509000
vt 0.001000 0.509000
vt 0.001000 0.548000
vt 0.001000 0.780000
vt 0.079000 0.470000
vt 0.157000 0.470000
vt 0.618000 0.858000
vt 0.580000 0.937000
vt 0.618000 0.937000
vt 0.618000 0.509000
vt 0.580000 0.509000
vt 0.580000 0.470000
vt 0.542000 0.509000
vt 0.542000 0.470000
vt 0.618000 0.782000
vt 0.968000 0.001000
vt 0.968000 0.780000
vt 0.938000 0.780000
vt 0.970000 0.780000
vt 0.970000 0.001000
vt 0.972000 0.780000
vt 0.999000 0.780000
vt 0.972000 0.001000
vt 0.999000 0.001000
vt 0.542000 0.937000
vt 0.504000 0.937000
vt 0.542000 0.548000
vt 0.580000 0.548000
vt 0.313000 0.937000
vt 0.235000 0.937000
vt 0.157000 0.937000
vt 0.079000 0.937000
vt 0.001000 0.937000
vt 0.235000 0.470000
vt 0.313000 0.470000
vt 0.390000 0.470000
vt 0.428000 0.470000
vt 0.466000 0.470000
vt 0.618000 0.548000
vt 0.466000 0.937000
vt 0.542000 0.587000
vt 0.580000 0.587000
vt 0.618000 0.587000
vt 0.732000 0.509000
vt 0.771000 0.509000
vt 0.732000 0.548000
vt 0.771000 0.548000
vt 0.694000 0.665000
vt 0.694000 0.704000
vt 0.656000 0.665000
vt 0.656000 0.704000
vt 0.694000 0.626000
vt 0.656000 0.626000
vt 0.542000 0.663000
vt 0.542000 0.702000
vt 0.504000 0.663000
vt 0.504000 0.702000
vt 0.542000 0.741000
vt 0.504000 0.741000
vt 0.732000 0.587000
vt 0.771000 0.587000
vt 0.694000 0.587000
vt 0.694000 0.548000
vt 0.694000 0.509000
vt 0.656000 0.587000
vt 0.656000 0.548000
vt 0.809000 0.857000
vt 0.847000 0.857000
vt 0.809000 0.935000
vt 0.847000 0.935000
vt 0.847000 0.819000
vt 0.809000 0.819000
vt 0.771000 0.819000
vt 0.771000 0.857000
vt 0.885000 0.935000
vt 0.885000 0.857000
vt 0.885000 0.819000
vt 0.885000 0.780000
vt 0.847000 0.780000
vt 0.885000 0.741000
vt 0.847000 0.741000
vt 0.885000 0.702000
vt 0.847000 0.702000
vt 0.885000 0.663000
vt 0.847000 0.663000
vt 0.847000 0.624000
vt 0.885000 0.624000
vt 0.694000 0.585000
vt 0.694000 0.624000
vt 0.656000 0.585000
vt 0.656000 0.624000
vt 0.618000 0.585000
vt 0.618000 0.624000
vt 0.923000 0.857000
vt 0.923000 0.935000
vt 0.771000 0.780000
vt 0.809000 0.780000
vt 0.923000 0.741000
vt 0.923000 0.780000
vt 0.771000 0.663000
vt 0.771000 0.624000
vt 0.809000 0.663000
vt 0.809000 0.624000
vt 0.923000 0.587000
vt 0.923000 0.626000
vt 0.885000 0.587000
vt 0.885000 0.626000
vt 0.847000 0.587000
vt 0.847000 0.626000
vt 0.809000 0.587000
vt 0.809000 0.626000
vt 0.771000 0.626000
vt 0.809000 0.548000
vt 0.847000 0.548000
vt 0.885000 0.548000
vt 0.923000 0.548000
vt 0.923000 0.509000
vt 0.885000 0.509000
vt 0.847000 0.509000
vt 0.809000 0.509000
vt 0.923000 0.819000
vt 0.732000 0.626000
vt 0.618000 0.546000
vt 0.580000 0.585000
vt 0.580000 0.546000
vt 0.542000 0.585000
vt 0.542000 0.546000
vt 0.542000 0.624000
vt 0.580000 0.663000
vt 0.580000 0.624000
vt 0.618000 0.663000
vt 0.580000 0.741000
vt 0.618000 0.741000
vt 0.656000 0.858000
vt 0.694000 0.858000
vt 0.656000 0.937000
vt 0.694000 0.937000
vt 0.694000 0.819000
vt 0.656000 0.819000
vt 0.732000 0.937000
vt 0.732000 0.858000
vt 0.732000 0.819000
vt 0.732000 0.780000
vt 0.694000 0.780000
vt 0.732000 0.741000
vt 0.694000 0.741000
vt 0.732000 0.702000
vt 0.694000 0.702000
vt 0.694000 0.663000
vt 0.732000 0.663000
vt 0.732000 0.624000
vt 0.694000 0.546000
vt 0.732000 0.585000
vt 0.732000 0.546000
vt 0.771000 0.585000
vt 0.771000 0.546000
vt 0.656000 0.663000
vt 0.656000 0.702000
vt 0.656000 0.741000
vt 0.656000 0.780000
vt 0.656000 0.546000
vt 0.466000 0.741000
vt 0.466000 0.702000
vt 0.618000 0.702000
vt 0.656000 0.509000
vt 0.466000 0.663000
vt 0.466000 0.624000
vt 0.504000 0.624000
vt 0.580000 0.702000
vt 0.809000 0.741000
vt 0.771000 0.741000
vt 0.809000 0.702000
vt 0.771000 0.702000
vt 0.923000 0.663000
vt 0.923000 0.624000
vt 0.923000 0.702000
vt 0.771000 0.858000
vt 0.771000 0.937000
vt 0.771000 0.935000
vt 0.580000 0.196000
vt 0.580000 0.235000
vt 0.542000 0.196000
vt 0.542000 0.235000
vt 0.504000 0.196000
vt 0.504000 0.235000
vt 0.466000 0.196000
vt 0.466000 0.235000
vt 0.428000 0.196000
vt 0.428000 0.157000
vt 0.428000 0.235000
vt 0.390000 0.196000
vt 0.390000 0.235000
vt 0.313000 0.196000
vt 0.313000 0.235000
vt 0.466000 0.353000
vt 0.466000 0.313000
vt 0.504000 0.353000
vt 0.504000 0.313000
vt 0.580000 0.274000
vt 0.580000 0.313000
vt 0.466000 0.392000
vt 0.428000 0.353000
vt 0.428000 0.392000
vt 0.390000 0.353000
vt 0.390000 0.392000
vt 0.466000 0.431000
vt 0.504000 0.431000
vt 0.504000 0.392000
vt 0.390000 0.079000
vt 0.390000 0.001000
vt 0.428000 0.118000
vt 0.313000 0.157000
vt 0.390000 0.157000
vt 0.466000 0.274000
vt 0.428000 0.274000
vt 0.428000 0.313000
vt 0.313000 0.353000
vt 0.313000 0.313000
vt 0.390000 0.313000
vt 0.428000 0.431000
vt 0.390000 0.431000
vt 0.313000 0.431000
vt 0.428000 0.001000
vt 0.428000 0.079000
vt 0.504000 0.274000
vt 0.313000 0.392000
vt 0.313000 0.274000
vt 0.390000 0.274000
vt 0.313000 0.118000
vt 0.390000 0.118000
vt 0.542000 0.274000
vt 0.542000 0.313000
vt 0.542000 0.431000
vt 0.542000 0.392000
vt 0.504000 0.470000
vt 0.542000 0.353000
vt 0.580000 0.353000
vt 0.580000 0.392000
vt 0.580000 0.431000
vt 0.749000 0.253000
vt 0.999000 0.253000
vt 0.749000 0.003000
vt 0.999000 0.003000
vt 0.249000 0.003000
vt 0.249000 0.253000
vt 0.499000 0.003000
vt 0.499000 0.253000
vt 0.001000 0.253000
vt 0.999000 0.749000
vt 0.749000 0.501000
vt 0.999000 0.501000
vt 0.001000 0.501000
vt 0.249000 0.501000
vt 0.499000 0.501000
vt 0.249000 0.749000
vt 0.001000 0.749000
vt 0.499000 0.749000
vt 0.178000 0.009000
vt 0.182000 0.009000
vt 0.190000 0.206000
vt 0.008000 0.339000
vt 0.008000 0.295000
vt 0.031000 0.261000
vt 0.008000 0.385000
vt 0.008000 0.431000
vt 0.808000 0.386000
vt 0.789000 0.256000
vt 0.808000 0.340000
vt 0.027000 0.560000
vt 0.043000 0.560000
vt 0.035000 0.560000
vt 0.764000 0.131000
vt 0.750000 0.009000
vt 0.753000 0.009000
vt 0.758000 0.009000
vt 0.765000 0.009000
vt 0.744000 0.009000
vt 0.757000 0.231000
vt 0.746000 0.009000
vt 0.734000 0.009000
vt 0.740000 0.009000
vt 0.726000 0.009000
vt 0.718000 0.009000
vt 0.731000 0.238000
vt 0.702000 0.009000
vt 0.710000 0.009000
vt 0.677000 0.009000
vt 0.685000 0.009000
vt 0.696000 0.271000
vt 0.668000 0.009000
vt 0.676000 0.230000
vt 0.693000 0.560000
vt 0.684000 0.560000
vt 0.661000 0.009000
vt 0.472000 0.198000
vt 0.455000 0.009000
vt 0.460000 0.009000
vt 0.603000 0.217000
vt 0.609000 0.560000
vt 0.604000 0.560000
vt 0.646000 0.009000
vt 0.653000 0.009000
vt 0.657000 0.245000
vt 0.633000 0.170000
vt 0.640000 0.009000
vt 0.630000 0.009000
vt 0.635000 0.009000
vt 0.617000 0.251000
vt 0.602000 0.009000
vt 0.607000 0.009000
vt 0.597000 0.009000
vt 0.592000 0.009000
vt 0.583000 0.219000
vt 0.588000 0.009000
vt 0.575000 0.009000
vt 0.579000 0.009000
vt 0.566000 0.009000
vt 0.571000 0.009000
vt 0.164000 0.220000
vt 0.170000 0.560000
vt 0.166000 0.560000
vt 0.149000 0.560000
vt 0.138000 0.202000
vt 0.156000 0.560000
vt 0.168000 0.009000
vt 0.174000 0.009000
vt 0.187000 0.009000
vt 0.194000 0.009000
vt 0.201000 0.009000
vt 0.124000 0.560000
vt 0.132000 0.560000
vt 0.115000 0.560000
vt 0.107000 0.560000
vt 0.321000 0.560000
vt 0.327000 0.156000
vt 0.328000 0.560000
vt 0.293000 0.009000
vt 0.298000 0.009000
vt 0.291000 0.220000
vt 0.689000 0.271000
vt 0.695000 0.560000
vt 0.703000 0.560000
vt 0.712000 0.560000
vt 0.721000 0.560000
vt 0.724000 0.238000
vt 0.730000 0.560000
vt 0.746000 0.560000
vt 0.750000 0.231000
vt 0.752000 0.560000
vt 0.757000 0.560000
vt 0.759000 0.560000
vt 0.761000 0.560000
vt 0.782000 0.256000
vt 0.771000 0.560000
vt 0.779000 0.560000
vt 0.008000 0.212000
vt 0.008000 0.173000
vt 0.008000 0.141000
vt 0.033000 0.139000
vt 0.008000 0.107000
vt 0.809000 0.106000
vt 0.809000 0.077000
vt 0.809000 0.045000
vt 0.008000 0.009000
vt 0.008000 0.064000
vt 0.775000 0.009000
vt 0.091000 0.269000
vt 0.094000 0.560000
vt 0.088000 0.560000
vt 0.081000 0.560000
vt 0.053000 0.307000
vt 0.074000 0.560000
vt 0.067000 0.560000
vt 0.059000 0.560000
vt 0.051000 0.560000
vt 0.056000 0.113000
vt 0.305000 0.220000
vt 0.314000 0.560000
vt 0.308000 0.560000
vt 0.298000 0.560000
vt 0.293000 0.560000
vt 0.267000 0.224000
vt 0.287000 0.560000
vt 0.281000 0.560000
vt 0.274000 0.560000
vt 0.267000 0.560000
vt 0.238000 0.242000
vt 0.254000 0.560000
vt 0.247000 0.560000
vt 0.261000 0.560000
vt 0.241000 0.560000
vt 0.236000 0.560000
vt 0.230000 0.560000
vt 0.217000 0.289000
vt 0.223000 0.560000
vt 0.770000 0.332000
vt 0.080000 0.131000
vt 0.008000 0.250000
vt 0.432000 0.236000
vt 0.436000 0.560000
vt 0.433000 0.560000
vt 0.440000 0.560000
vt 0.445000 0.219000
vt 0.445000 0.560000
vt 0.449000 0.560000
vt 0.454000 0.560000
vt 0.459000 0.560000
vt 0.464000 0.560000
vt 0.468000 0.560000
vt 0.473000 0.560000
vt 0.477000 0.560000
vt 0.482000 0.560000
vt 0.486000 0.560000
vt 0.490000 0.560000
vt 0.349000 0.218000
vt 0.341000 0.560000
vt 0.335000 0.560000
vt 0.348000 0.560000
vt 0.354000 0.560000
vt 0.360000 0.560000
vt 0.361000 0.227000
vt 0.365000 0.560000
vt 0.371000 0.560000
vt 0.377000 0.221000
vt 0.257000 0.009000
vt 0.262000 0.224000
vt 0.263000 0.009000
vt 0.270000 0.009000
vt 0.276000 0.009000
vt 0.283000 0.009000
vt 0.234000 0.242000
vt 0.245000 0.009000
vt 0.251000 0.009000
vt 0.228000 0.009000
vt 0.235000 0.009000
vt 0.213000 0.289000
vt 0.221000 0.009000
vt 0.213000 0.009000
vt 0.186000 0.206000
vt 0.205000 0.009000
vt 0.197000 0.009000
vt 0.190000 0.009000
vt 0.183000 0.009000
vt 0.668000 0.560000
vt 0.661000 0.560000
vt 0.676000 0.560000
vt 0.702000 0.560000
vt 0.710000 0.560000
vt 0.507000 0.560000
vt 0.514000 0.241000
vt 0.515000 0.560000
vt 0.537000 0.560000
vt 0.529000 0.560000
vt 0.550000 0.272000
vt 0.546000 0.560000
vt 0.553000 0.560000
vt 0.561000 0.560000
vt 0.566000 0.211000
vt 0.566000 0.560000
vt 0.572000 0.560000
vt 0.586000 0.560000
vt 0.590000 0.560000
vt 0.376000 0.560000
vt 0.407000 0.560000
vt 0.402000 0.210000
vt 0.411000 0.560000
vt 0.414000 0.560000
vt 0.411000 0.201000
vt 0.418000 0.560000
vt 0.619000 0.560000
vt 0.614000 0.560000
vt 0.629000 0.560000
vt 0.633000 0.560000
vt 0.638000 0.560000
vt 0.515000 0.009000
vt 0.529000 0.009000
vt 0.508000 0.009000
vt 0.501000 0.009000
vt 0.481000 0.009000
vt 0.494000 0.241000
vt 0.477000 0.009000
vt 0.473000 0.009000
vt 0.468000 0.009000
vt 0.464000 0.009000
vt 0.372000 0.009000
vt 0.372000 0.221000
vt 0.377000 0.009000
vt 0.367000 0.009000
vt 0.362000 0.009000
vt 0.356000 0.227000
vt 0.356000 0.009000
vt 0.351000 0.009000
vt 0.322000 0.156000
vt 0.326000 0.009000
vt 0.320000 0.009000
vt 0.314000 0.009000
vt 0.442000 0.009000
vt 0.446000 0.009000
vt 0.425000 0.009000
vt 0.419000 0.232000
vt 0.428000 0.009000
vt 0.422000 0.009000
vt 0.419000 0.009000
vt 0.416000 0.009000
vt 0.037000 0.008000
vt 0.031000 0.139000
vt 0.044000 0.008000
vt 0.562000 0.009000
vt 0.557000 0.009000
vt 0.551000 0.009000
vt 0.545000 0.009000
vt 0.134000 0.202000
vt 0.158000 0.009000
vt 0.151000 0.009000
vt 0.160000 0.220000
vt 0.135000 0.009000
vt 0.143000 0.009000
vt 0.126000 0.009000
vt 0.119000 0.009000
vt 0.112000 0.009000
vt 0.101000 0.009000
vt 0.087000 0.269000
vt 0.095000 0.009000
vt 0.077000 0.131000
vt 0.088000 0.009000
vt 0.081000 0.009000
vt 0.074000 0.009000
vt 0.067000 0.009000
vt 0.053000 0.112000
vt 0.059000 0.009000
vt 0.301000 0.220000
vt 0.308000 0.009000
vt 0.303000 0.009000
vt 0.432000 0.009000
vt 0.440000 0.219000
vt 0.436000 0.009000
vt 0.417000 0.009000
vt 0.413000 0.232000
vt 0.397000 0.210000
vt 0.401000 0.009000
vt 0.397000 0.009000
vt 0.406000 0.201000
vt 0.405000 0.009000
vt 0.408000 0.009000
vt 0.467000 0.198000
vt 0.445000 0.008000
vt 0.450000 0.009000
vt 0.454000 0.009000
vt 0.467000 0.009000
vt 0.471000 0.009000
vt 0.479000 0.009000
vt 0.488000 0.241000
vt 0.483000 0.009000
vt 0.475000 0.009000
vt 0.366000 0.560000
vt 0.377000 0.560000
vt 0.382000 0.560000
vt 0.393000 0.560000
vt 0.582000 0.009000
vt 0.597000 0.217000
vt 0.586000 0.009000
vt 0.591000 0.009000
vt 0.610000 0.251000
vt 0.595000 0.009000
vt 0.005000 0.212000
vt 0.005000 0.250000
vt 0.028000 0.261000
vt 0.005000 0.172000
vt 0.052000 0.009000
vt 0.005000 0.339000
vt 0.005000 0.295000
vt 0.005000 0.385000
vt 0.662000 0.008000
vt 0.670000 0.008000
vt 0.678000 0.009000
vt 0.686000 0.009000
vt 0.694000 0.009000
vt 0.703000 0.009000
vt 0.711000 0.009000
vt 0.719000 0.009000
vt 0.509000 0.009000
vt 0.508000 0.241000
vt 0.523000 0.009000
vt 0.005000 0.009000
vt 0.005000 0.063000
vt 0.005000 0.107000
vt 0.005000 0.141000
vt 0.005000 0.432000
vt 0.800000 0.386000
vt 0.801000 0.340000
vt 0.801000 0.294000
vt 0.801000 0.251000
vt 0.801000 0.212000
vt 0.801000 0.174000
vt 0.801000 0.138000
vt 0.801000 0.106000
vt 0.801000 0.077000
vt 0.801000 0.045000
vt 0.768000 0.009000
vt 0.025000 0.560000
vt 0.032000 0.560000
vt 0.040000 0.560000
vt 0.078000 0.560000
vt 0.085000 0.560000
vt 0.104000 0.560000
vt 0.112000 0.560000
vt 0.120000 0.560000
vt 0.129000 0.560000
vt 0.137000 0.560000
vt 0.203000 0.560000
vt 0.195000 0.560000
vt 0.187000 0.560000
vt 0.179000 0.560000
vt 0.172000 0.560000
vt 0.162000 0.560000
vt 0.158000 0.560000
vt 0.152000 0.560000
vt 0.226000 0.560000
vt 0.219000 0.560000
vt 0.232000 0.560000
vt 0.237000 0.560000
vt 0.263000 0.560000
vt 0.270000 0.560000
vt 0.458000 0.560000
vt 0.463000 0.560000
vt 0.467000 0.560000
vt 0.277000 0.560000
vt 0.283000 0.560000
vt 0.286000 0.220000
vt 0.289000 0.560000
vt 0.294000 0.009000
vt 0.304000 0.560000
vt 0.344000 0.217000
vt 0.343000 0.560000
vt 0.349000 0.560000
vt 0.339000 0.009000
vt 0.345000 0.009000
vt 0.355000 0.560000
vt 0.145000 0.560000
vt 0.406000 0.560000
vt 0.409000 0.560000
vt 0.415000 0.560000
vt 0.421000 0.560000
vt 0.424000 0.560000
vt 0.427000 0.236000
vt 0.435000 0.560000
vt 0.439000 0.560000
vt 0.444000 0.560000
vt 0.453000 0.560000
vt 0.650000 0.244000
vt 0.669000 0.560000
vt 0.670000 0.230000
vt 0.642000 0.560000
vt 0.648000 0.560000
vt 0.637000 0.560000
vt 0.677000 0.560000
vt 0.686000 0.560000
vt 0.476000 0.560000
vt 0.480000 0.560000
vt 0.484000 0.560000
vt 0.774000 0.560000
vt 0.786000 0.560000
vt 0.797000 0.560000
vt 0.810000 0.560000
vt 0.576000 0.219000
vt 0.593000 0.560000
vt 0.597000 0.560000
vt 0.602000 0.560000
vt 0.607000 0.560000
vt 0.613000 0.560000
vt 0.382000 0.009000
vt 0.366000 0.009000
vt 0.361000 0.009000
vt 0.350000 0.009000
vt 0.344000 0.009000
vt 0.338000 0.009000
vt 0.331000 0.009000
vt 0.325000 0.009000
vt 0.319000 0.009000
vt 0.313000 0.009000
vt 0.523000 0.560000
vt 0.531000 0.560000
vt 0.544000 0.272000
vt 0.539000 0.560000
vt 0.547000 0.560000
vt 0.531000 0.009000
vt 0.554000 0.560000
vt 0.560000 0.210000
vt 0.560000 0.560000
vt 0.565000 0.560000
vt 0.556000 0.009000
vt 0.387000 0.009000
vt 0.091000 0.009000
vt 0.098000 0.009000
vt 0.104000 0.009000
vt 0.110000 0.009000
vt 0.070000 0.009000
vt 0.077000 0.009000
vt 0.047000 0.009000
vt 0.055000 0.009000
vt 0.040000 0.009000
vt 0.255000 0.009000
vt 0.261000 0.009000
vt 0.249000 0.009000
vt 0.239000 0.009000
vt 0.244000 0.009000
vt 0.232000 0.009000
vt 0.225000 0.009000
vt 0.217000 0.009000
vt 0.154000 0.009000
vt 0.162000 0.009000
vt 0.130000 0.009000
vt 0.138000 0.009000
vt 0.115000 0.009000
vt 0.122000 0.009000
vt 0.745000 0.560000
vt 0.753000 0.560000
vt 0.767000 0.560000
vt 0.764000 0.559000
vt 0.760000 0.560000
vt 0.769000 0.560000
vt 0.737000 0.560000
vt 0.728000 0.560000
vt 0.757000 0.131000
vt 0.741000 0.009000
vt 0.739000 0.008000
vt 0.736000 0.008000
vt 0.626000 0.170000
vt 0.634000 0.009000
vt 0.628000 0.009000
vt 0.623000 0.009000
vt 0.609000 0.009000
vt 0.614000 0.009000
vt 0.605000 0.008000
vt 0.600000 0.009000
vt 0.632000 0.560000
vt 0.627000 0.560000
vt 0.622000 0.560000
vt 0.050000 0.307000
vt 0.064000 0.560000
vt 0.071000 0.560000
vt 0.056000 0.560000
vt 0.048000 0.560000
vt 0.763000 0.332000
vt 0.763000 0.560000
vt 0.766000 0.560000
vt 0.155000 0.313000
vt 0.001000 0.313000
vt 0.155000 0.157000
vt 0.001000 0.157000
vt 0.155000 0.001000
vt 0.464000 0.313000
vt 0.310000 0.313000
vt 0.464000 0.157000
vt 0.310000 0.157000
vt 0.155000 0.470000
vt 0.310000 0.470000
vt 0.310000 0.001000
vt 0.464000 0.470000
vt 0.683000 0.722000
vt 0.647000 0.722000
vt 0.683000 0.694000
vt 0.647000 0.694000
vt 0.470000 0.657000
vt 0.470000 0.673000
vt 0.729000 0.657000
vt 0.729000 0.673000
vt 0.769000 0.827000
vt 0.784000 0.866000
vt 0.802000 0.796000
vt 0.819000 0.866000
vt 0.835000 0.825000
vt 0.802000 0.833000
vt 0.802000 0.808000
vt 0.784000 0.815000
vt 0.788000 0.819000
vt 0.804000 0.813000
vt 0.772000 0.804000
vt 0.804000 0.790000
vt 0.782000 0.833000
vt 0.761000 0.833000
vt 0.778000 0.833000
vt 0.784000 0.851000
vt 0.802000 0.858000
vt 0.819000 0.815000
vt 0.786000 0.847000
vt 0.772000 0.862000
vt 0.817000 0.821000
vt 0.831000 0.806000
vt 0.800000 0.854000
vt 0.800000 0.874000
vt 0.647000 0.702000
vt 0.702000 0.694000
vt 0.702000 0.702000
vt 0.821000 0.835000
vt 0.841000 0.835000
vt 0.815000 0.849000
vt 0.827000 0.864000
vt 0.819000 0.851000
vt 0.827000 0.833000
vt 0.784000 0.714000
vt 0.802000 0.690000
vt 0.769000 0.690000
vt 0.759000 0.720000
vt 0.696000 0.800000
vt 0.696000 0.874000
vt 0.749000 0.853000
vt 0.769000 0.800000
vt 0.749000 0.747000
vt 0.696000 0.724000
vt 0.644000 0.747000
vt 0.622000 0.800000
vt 0.644000 0.853000
vt 0.702000 0.722000
vt 0.812000 0.720000
vt 0.784000 0.741000
vt 0.675000 0.722000
vt 0.729000 0.722000
vt 0.675000 0.694000
vt 0.729000 0.694000
vt 0.583000 0.747000
vt 0.603000 0.800000
vt 0.530000 0.800000
vt 0.583000 0.853000
vt 0.530000 0.874000
vt 0.530000 0.724000
vt 0.478000 0.747000
vt 0.456000 0.800000
vt 0.478000 0.853000
vt 0.352000 0.816000
vt 0.329000 0.814000
vt 0.354000 0.650000
vt 0.332000 0.648000
vt 0.032000 0.811000
vt 0.281000 0.811000
vt 0.032000 0.626000
vt 0.281000 0.626000
vt 0.032000 0.905000
vt 0.032000 0.937000
vt 0.251000 0.905000
vt 0.251000 0.937000
vt 0.002000 0.629000
vt 0.002000 0.840000
vt 0.031000 0.634000
vt 0.031000 0.835000
vt 0.007000 0.815000
vt 0.310000 0.815000
vt 0.007000 0.849000
vt 0.310000 0.849000
vt 0.303000 0.815000
vt 0.296000 0.842000
vt 0.014000 0.842000
vt 0.312000 0.849000
vt 0.007000 0.813000
vt 0.312000 0.813000
vt 0.309000 0.846000
vt 0.309000 0.871000
vt 0.130000 0.846000
vt 0.130000 0.871000
vt 0.406000 0.842000
vt 0.390000 0.826000
vt 0.406000 0.820000
vt 0.029000 0.947000
vt 0.001000 0.964000
vt 0.001000 0.880000
vt 0.029000 0.900000
vt 0.317000 0.947000
vt 0.343000 0.964000
vt 0.003000 0.964000
vt 0.027000 0.947000
vt 0.027000 0.900000
vt 0.003000 0.880000
vt 0.343000 0.880000
vt 0.317000 0.900000
vt 0.383000 0.842000
vt 0.422000 0.826000
vt 0.390000 0.857000
vt 0.406000 0.864000
vt 0.429000 0.842000
vt 0.422000 0.857000
vt 0.005000 0.845000
vt 0.005000 0.872000
vt 0.279000 0.845000
vt 0.279000 0.872000
vt 0.683000 0.877000
vt 0.346000 0.877000
vt 0.683000 0.967000
vt 0.346000 0.967000
vt 0.002000 0.843000
vt 0.310000 0.843000
vt 0.002000 0.813000
vt 0.310000 0.813000
vt 0.376000 0.999000
vt 0.999000 0.987000
vt 0.376000 0.987000
vt 0.985000 0.999000
vt 0.985000 0.987000
vt 0.624000 0.313000
vt 0.470000 0.313000
vt 0.624000 0.157000
vt 0.470000 0.157000
vt 0.624000 0.470000
vt 0.470000 0.470000
vt 0.157000 0.157000
vt 0.157000 0.313000
vt 0.624000 0.001000
vt 0.782000 0.001000
vt 0.937000 0.001000
vt 0.782000 0.153000
vt 0.937000 0.153000
vt 0.470000 0.001000
vt 0.313000 0.622000
vt 0.157000 0.622000
vt 0.001000 0.622000
vt 0.376000 0.972000
vt 0.999000 0.972000
vt 0.312000 0.313000
vt 0.312000 0.157000
vt 0.312000 0.470000
vt 0.312000 0.001000
vt 0.782000 0.466000
vt 0.937000 0.466000
vt 0.782000 0.624000
vt 0.937000 0.624000
vt 0.782000 0.310000
vt 0.937000 0.310000
vt 0.808000 0.753000
vt 0.560000 0.753000
vt 0.808000 0.751000
vt 0.560000 0.751000
vt 0.312000 0.753000
vt 0.063000 0.780000
vt 0.312000 0.780000
vt 0.001000 0.753000
vt 0.124000 0.753000
vt 0.001000 0.751000
vt 0.124000 0.751000
vt 0.124000 0.780000
vt 0.884000 0.780000
vt 0.999000 0.753000
vt 0.884000 0.753000
vt 0.884000 0.751000
vt 0.999000 0.751000
vt 0.255000 0.753000
vt 0.255000 0.751000
vt 0.255000 0.780000
vt 0.503000 0.749000
vt 0.503000 0.501000
vt 0.255000 0.749000
vt 0.255000 0.501000
vt 0.751000 0.749000
vt 0.751000 0.501000
vt 0.503000 0.751000
vt 0.503000 0.753000
vt 0.503000 0.780000
vt 0.751000 0.753000
vt 0.751000 0.780000
vt 0.751000 0.253000
vt 0.751000 0.003000
vt 0.503000 0.003000
vt 0.503000 0.253000
vt 0.255000 0.003000
vt 0.255000 0.253000
vt 0.751000 0.751000
vt 0.379000 0.751000
vt 0.379000 0.753000
vt 0.379000 0.780000
vt 0.671000 0.780000
vt 0.671000 0.753000
vt 0.379000 0.439000
vt 0.379000 0.501000
vt 0.503000 0.439000
vt 0.379000 0.377000
vt 0.379000 0.253000
vt 0.255000 0.377000
vt 0.255000 0.315000
vt 0.379000 0.625000
vt 0.255000 0.625000
vt 0.379000 0.749000
vt 0.935000 0.780000
vt 0.935000 0.753000
vt 0.940000 0.753000
vt 0.940000 0.780000
vt 0.659000 0.751000
vt 0.659000 0.753000
vt 0.798000 0.753000
vt 0.798000 0.751000
vt 0.659000 0.780000
vt 0.798000 0.780000
vt 0.379000 0.563000
vt 0.503000 0.563000
vt 0.751000 0.563000
vt 0.751000 0.439000
vt 0.751000 0.377000
vt 0.503000 0.377000
vt 0.441000 0.753000
vt 0.441000 0.751000
vt 0.317000 0.751000
vt 0.317000 0.753000
vt 0.379000 0.003000
vt 0.671000 0.751000
vt 0.503000 0.625000
vt 0.751000 0.625000
vt 0.441000 0.780000
vt 0.317000 0.780000
vt 0.255000 0.439000
vt 0.255000 0.563000
vt 0.919000 0.780000
vt 0.919000 0.753000
vt 0.919000 0.751000
vt 0.622000 0.753000
vt 0.684000 0.780000
vt 0.684000 0.753000
vt 0.808000 0.780000
vt 0.560000 0.780000
vt 0.684000 0.751000
vt 0.436000 0.780000
vt 0.436000 0.753000
vt 0.001000 0.625000
vt 0.253000 0.625000
vt 0.253000 0.749000
vt 0.501000 0.439000
vt 0.501000 0.501000
vt 0.625000 0.439000
vt 0.625000 0.501000
vt 0.749000 0.625000
vt 0.625000 0.625000
vt 0.253000 0.439000
vt 0.253000 0.501000
vt 0.377000 0.439000
vt 0.377000 0.501000
vt 0.253000 0.128000
vt 0.253000 0.253000
vt 0.377000 0.128000
vt 0.377000 0.253000
vt 0.501000 0.128000
vt 0.501000 0.253000
vt 0.625000 0.128000
vt 0.625000 0.253000
vt 0.501000 0.625000
vt 0.377000 0.625000
vt 0.501000 0.377000
vt 0.377000 0.377000
vt 0.749000 0.377000
vt 0.625000 0.377000
vt 0.626000 0.003000
vt 0.749000 0.036000
vt 0.001000 0.128000
vt 0.253000 0.005000
vt 0.001000 0.005000
vt 0.749000 0.439000
vt 0.625000 0.003000
vt 0.624000 0.128000
vt 0.749000 0.128000
vt 0.253000 0.129000
vt 0.001000 0.377000
vt 0.253000 0.377000
vt 0.001000 0.439000
vt 0.377000 0.749000
vt 0.501000 0.749000
vt 0.625000 0.749000
vt 0.501000 0.003000
vt 0.377000 0.003000
vt 0.253000 0.003000
vt 0.991000 0.124000
vt 0.845000 0.124000
vt 0.991000 0.003000
vt 0.845000 0.003000
vt 0.905000 0.124000
vt 0.905000 0.003000
vt 0.751000 0.124000
vt 0.905000 0.253000
vt 0.905000 0.377000
vt 0.905000 0.439000
vt 0.905000 0.501000
vt 0.905000 0.749000
vt 0.905000 0.625000
vt 0.255000 0.034000
vt 0.503000 0.034000
vt 0.230000 0.034000
vt 0.157000 0.625000
vt 0.157000 0.749000
vt 0.157000 0.501000
vt 0.157000 0.439000
vt 0.157000 0.377000
vt 0.157000 0.253000
vt 0.157000 0.126000
vt 0.255000 0.128000
vt 0.229000 0.034000
vt 0.093000 0.501000
vt 0.093000 0.749000
vt 0.157000 0.034000
vt 0.028000 0.126000
vt 0.029000 0.126000
vt 0.157000 0.003000
vt 0.093000 0.126000
vt 0.093000 0.003000
vt 0.093000 0.253000
vt 0.346000 0.051000
vt 0.346000 0.435000
vt 0.353000 0.051000
vt 0.353000 0.435000
vt 0.360000 0.051000
vt 0.360000 0.435000
vt 0.367000 0.051000
vt 0.367000 0.435000
vt 0.374000 0.051000
vt 0.374000 0.435000
vt 0.381000 0.051000
vt 0.381000 0.435000
vt 0.389000 0.051000
vt 0.389000 0.435000
vt 0.396000 0.051000
vt 0.396000 0.435000
vt 0.403000 0.051000
vt 0.403000 0.435000
vt 0.410000 0.051000
vt 0.410000 0.435000
vt 0.324000 0.051000
vt 0.324000 0.435000
vt 0.331000 0.051000
vt 0.331000 0.435000
vt 0.460000 0.051000
vt 0.460000 0.435000
vt 0.467000 0.051000
vt 0.467000 0.435000
vt 0.475000 0.051000
vt 0.475000 0.435000
vt 0.482000 0.051000
vt 0.482000 0.435000
vt 0.489000 0.051000
vt 0.489000 0.435000
vt 0.496000 0.051000
vt 0.496000 0.435000
vt 0.503000 0.051000
vt 0.503000 0.435000
vt 0.510000 0.051000
vt 0.510000 0.435000
vt 0.518000 0.051000
vt 0.518000 0.435000
vt 0.338000 0.051000
vt 0.338000 0.435000
vt 0.417000 0.051000
vt 0.417000 0.435000
vt 0.424000 0.051000
vt 0.424000 0.435000
vt 0.432000 0.051000
vt 0.432000 0.435000
vt 0.439000 0.051000
vt 0.439000 0.435000
vt 0.446000 0.051000
vt 0.446000 0.435000
vt 0.453000 0.051000
vt 0.453000 0.435000
vt 0.317000 0.051000
vt 0.317000 0.435000
vt 0.303000 0.051000
vt 0.303000 0.435000
vt 0.310000 0.051000
vt 0.310000 0.435000
vt 0.637000 0.051000
vt 0.637000 0.435000
vt 0.644000 0.051000
vt 0.644000 0.435000
vt 0.723000 0.051000
vt 0.723000 0.435000
vt 0.730000 0.051000
vt 0.730000 0.435000
vt 0.737000 0.051000
vt 0.737000 0.435000
vt 0.744000 0.051000
vt 0.744000 0.435000
vt 0.751000 0.051000
vt 0.751000 0.435000
vt 0.758000 0.051000
vt 0.758000 0.435000
vt 0.766000 0.051000
vt 0.766000 0.435000
vt 0.773000 0.051000
vt 0.773000 0.435000
vt 0.629000 0.051000
vt 0.629000 0.435000
vt 0.622000 0.051000
vt 0.622000 0.435000
vt 0.651000 0.051000
vt 0.651000 0.435000
vt 0.658000 0.051000
vt 0.658000 0.435000
vt 0.823000 0.051000
vt 0.823000 0.435000
vt 0.830000 0.051000
vt 0.830000 0.435000
vt 0.715000 0.051000
vt 0.715000 0.435000
vt 0.708000 0.051000
vt 0.708000 0.435000
vt 0.701000 0.051000
vt 0.701000 0.435000
vt 0.694000 0.051000
vt 0.694000 0.435000
vt 0.687000 0.051000
vt 0.687000 0.435000
vt 0.680000 0.051000
vt 0.680000 0.435000
vt 0.615000 0.051000
vt 0.615000 0.435000
vt 0.665000 0.051000
vt 0.665000 0.435000
vt 0.672000 0.051000
vt 0.672000 0.435000
vt 0.816000 0.051000
vt 0.816000 0.435000
vt 0.809000 0.051000
vt 0.809000 0.435000
vt 0.801000 0.051000
vt 0.801000 0.435000
vt 0.794000 0.051000
vt 0.794000 0.435000
vt 0.787000 0.051000
vt 0.787000 0.435000
vt 0.780000 0.051000
vt 0.780000 0.435000
vt 0.937000 0.128000
vt 0.999000 0.128000
vt 0.937000 0.253000
vt 0.937000 0.034000
vt 0.999000 0.034000
vt 0.875000 0.034000
vt 0.937000 0.003000
vt 0.875000 0.003000
vt 0.937000 0.377000
vt 0.999000 0.377000
vt 0.937000 0.439000
vt 0.999000 0.439000
vt 0.937000 0.625000
vt 0.999000 0.625000
vt 0.937000 0.749000
vt 0.875000 0.749000
vt 0.875000 0.625000
vt 0.937000 0.501000
vt 0.875000 0.439000
vt 0.875000 0.501000
vt 0.751000 0.034000
vt 0.562000 0.564000
vt 0.562000 0.502000
vt 0.313000 0.564000
vt 0.313000 0.502000
vt 0.249000 0.563000
vt 0.001000 0.563000
vt 0.249000 0.126000
vt 0.851000 0.497000
vt 0.688000 0.497000
vt 0.851000 0.749000
vt 0.688000 0.749000
vt 0.562000 0.688000
vt 0.562000 0.626000
vt 0.313000 0.688000
vt 0.562000 0.235000
vt 0.562000 0.130000
vt 0.313000 0.130000
vt 0.313000 0.378000
vt 0.562000 0.378000
vt 0.470000 0.126000
vt 0.688000 0.126000
vt 0.688000 0.003000
vt 0.470000 0.003000
vt 0.851000 0.126000
vt 0.851000 0.003000
vt 0.997000 0.126000
vt 0.997000 0.003000
vt 0.313000 0.750000
vt 0.562000 0.750000
vt 0.249000 0.625000
vt 0.313000 0.874000
vt 0.562000 0.874000
vt 0.249000 0.377000
vt 0.249000 0.439000
vt 0.997000 0.749000
vt 0.997000 0.497000
vt 0.851000 0.249000
vt 0.688000 0.249000
vt 0.997000 0.249000
vt 0.499000 0.625000
vt 0.624000 0.563000
vt 0.624000 0.501000
vt 0.499000 0.563000
vt 0.499000 0.315000
vt 0.499000 0.377000
vt 0.624000 0.315000
vt 0.624000 0.377000
vt 0.749000 0.563000
vt 0.687000 0.563000
vt 0.687000 0.501000
vt 0.624000 0.439000
vt 0.687000 0.439000
vt 0.749000 0.315000
vt 0.687000 0.315000
vt 0.687000 0.253000
vt 0.687000 0.377000
vt 0.687000 0.625000
vt 0.499000 0.439000
vt 0.249000 0.315000
vt 0.001000 0.315000
vt 0.687000 0.003000
vt 0.624000 0.625000
vt 0.624000 0.253000
vt 0.624000 0.003000
vt 0.874000 0.315000
vt 0.874000 0.377000
vt 0.937000 0.315000
vt 0.874000 0.563000
vt 0.874000 0.625000
vt 0.937000 0.563000
vt 0.812000 0.749000
vt 0.874000 0.749000
vt 0.812000 0.625000
vt 0.812000 0.563000
vt 0.812000 0.501000
vt 0.874000 0.501000
vt 0.999000 0.563000
vt 0.812000 0.439000
vt 0.812000 0.377000
vt 0.874000 0.439000
vt 0.999000 0.315000
vt 0.812000 0.003000
vt 0.812000 0.253000
vt 0.812000 0.315000
vt 0.874000 0.253000
vt 0.874000 0.003000
vt 0.207000 0.560000
vt 0.199000 0.560000
vt 0.190000 0.560000
vt 0.183000 0.560000
vt 0.216000 0.560000
vt 0.430000 0.560000
vt 0.427000 0.560000
vt 0.624000 0.560000
vt 0.599000 0.560000
vt 0.577000 0.560000
vt 0.595000 0.560000
vt 0.581000 0.560000
vt 0.303000 0.560000
vt 0.307000 0.009000
vt 0.287000 0.009000
vt 0.281000 0.009000
vt 0.268000 0.009000
vt 0.165000 0.009000
vt 0.209000 0.009000
vt 0.146000 0.009000
vt 0.387000 0.560000
vt 0.398000 0.560000
vt 0.403000 0.560000
vt 0.100000 0.560000
vt 0.569000 0.009000
vt 0.565000 0.009000
vt 0.560000 0.009000
vt 0.539000 0.009000
vt 0.397000 0.560000
vt 0.402000 0.560000
vt 0.618000 0.009000
vt 0.577000 0.009000
vt 0.573000 0.009000
vt 0.431000 0.560000
vt 0.428000 0.560000
vt 0.412000 0.560000
vt 0.337000 0.560000
vt 0.330000 0.560000
vt 0.323000 0.560000
vt 0.316000 0.560000
vt 0.310000 0.560000
vt 0.489000 0.560000
vt 0.494000 0.560000
vt 0.472000 0.560000
vt 0.654000 0.009000
vt 0.333000 0.009000
vt 0.733000 0.008000
vt 0.495000 0.009000
vt 0.502000 0.009000
vt 0.489000 0.009000
vt 0.463000 0.009000
vt 0.459000 0.009000
vt 0.441000 0.009000
vt 0.801000 0.009000
vt 0.693000 0.009000
vt 0.748000 0.009000
vt 0.402000 0.009000
vt 0.406000 0.009000
vt 0.410000 0.009000
vt 0.413000 0.009000
vt 0.431000 0.009000
vt 0.434000 0.009000
vt 0.438000 0.009000
vt 0.611000 0.009000
vt 0.616000 0.009000
vt 0.620000 0.009000
vt 0.625000 0.009000
vt 0.170000 0.009000
vt 0.062000 0.009000
vt 0.584000 0.009000
vt 0.006000 0.559000
vt 0.800000 0.433000
vt 0.256000 0.560000
vt 0.250000 0.560000
vt 0.243000 0.560000
vt 0.212000 0.560000
vt 0.096000 0.560000
vt 0.090000 0.560000
vt 0.494000 0.009000
vt 0.484000 0.009000
vt 0.537000 0.009000
vt 0.451000 0.009000
vt 0.414000 0.009000
vt 0.411000 0.009000
vt 0.570000 0.560000
vt 0.575000 0.560000
vt 0.579000 0.560000
vt 0.584000 0.560000
vt 0.392000 0.009000
vt 0.501000 0.560000
vt 0.509000 0.560000
vt 0.588000 0.560000
vt 0.617000 0.560000
vt 0.808000 0.433000
vt 0.743000 0.009000
vt 0.790000 0.560000
vt 0.802000 0.560000
vt 0.654000 0.560000
vt 0.738000 0.560000
vt 0.643000 0.560000
vt 0.649000 0.560000
vt 0.719000 0.560000
vt 0.240000 0.009000
vt 0.809000 0.212000
vt 0.809000 0.174000
vt 0.809000 0.138000
vt 0.809000 0.009000
vt 0.176000 0.560000
vt 0.141000 0.560000
vt 0.809000 0.251000
vt 0.009000 0.559000
vt 0.809000 0.294000
vt 0.500000 0.560000
vt 0.999000 0.802000
vt 0.812000 0.802000
vt 0.812000 0.999000
vt 0.906000 0.731000
vt 0.906000 0.626000
vt 0.813000 0.731000
vt 0.813000 0.626000
vt 0.952000 0.731000
vt 0.952000 0.626000
vt 0.923000 0.719000
vt 0.923000 0.812000
vt 0.999000 0.719000
vt 0.999000 0.812000
vt 0.923000 0.672000
vt 0.999000 0.672000
vt 0.656000 0.999000
vt 0.812000 0.819000
vt 0.999000 0.731000
vt 0.999000 0.626000
vt 0.923000 0.731000
vt 0.813000 0.719000
vt 0.813000 0.812000
vt 0.906000 0.719000
vt 0.906000 0.812000
vt 0.952000 0.719000
vt 0.952000 0.812000
vt 0.813000 0.672000
vt 0.906000 0.672000
vt 0.952000 0.672000
vt 0.860000 0.626000
vt 0.843000 0.626000
vt 0.860000 0.725000
vt 0.843000 0.725000
vt 0.860000 0.781000
vt 0.843000 0.781000
vt 0.890000 0.808000
vt 0.796000 0.808000
vt 0.890000 0.620000
vt 0.796000 0.620000
vt 0.935000 0.620000
vt 0.935000 0.808000
vt 0.966000 0.808000
vt 0.966000 0.620000
vt 0.968000 0.781000
vt 0.953000 0.781000
vt 0.968000 0.756000
vt 0.953000 0.756000
vt 0.968000 0.626000
vt 0.953000 0.626000
vt 0.813000 0.725000
vt 0.656000 0.563000
vt 0.501000 0.563000
vt 0.656000 0.781000
vt 0.501000 0.781000
vt 0.862000 0.688000
vt 0.813000 0.688000
vt 0.862000 0.626000
vt 0.906000 0.781000
vt 0.906000 0.725000
vt 0.813000 0.781000
vt 0.999000 0.781000
vt 0.999000 0.756000
vt 0.906000 0.756000
vt 0.953000 0.725000
vt 0.872000 0.688000
vt 0.862000 0.752000
vt 0.872000 0.752000
vt 0.813000 0.752000
vt 0.879000 0.626000
vt 0.879000 0.688000
vt 0.501000 0.999000
vt 0.999000 0.815000
vt 0.815000 0.815000
vt 0.815000 0.999000
vt 0.812000 0.781000
vt 0.905000 0.677000
vt 0.905000 0.722000
vt 0.812000 0.677000
vt 0.812000 0.722000
vt 0.999000 0.677000
vt 0.999000 0.722000
vt 0.905000 0.632000
vt 0.999000 0.632000
vt 0.905000 0.812000
vt 0.812000 0.812000
vt 0.812000 0.632000
vt 0.922000 0.671000
vt 0.922000 0.717000
vt 0.999000 0.671000
vt 0.999000 0.717000
vt 0.922000 0.808000
vt 0.999000 0.808000
vt 0.954000 0.703000
vt 0.954000 0.626000
vt 0.908000 0.703000
vt 0.908000 0.626000
vt 0.817000 0.703000
vt 0.817000 0.626000
vt 0.908000 0.717000
vt 0.908000 0.808000
vt 0.954000 0.717000
vt 0.954000 0.808000
vt 0.817000 0.717000
vt 0.817000 0.808000
vt 0.999000 0.703000
vt 0.922000 0.703000
vt 0.922000 0.626000
vt 0.874000 0.667000
vt 0.874000 0.745000
vt 0.813000 0.667000
vt 0.813000 0.745000
vt 0.951000 0.667000
vt 0.951000 0.620000
vt 0.997000 0.667000
vt 0.997000 0.620000
vt 0.951000 0.745000
vt 0.951000 0.808000
vt 0.874000 0.808000
vt 0.813000 0.808000
vt 0.999000 0.819000
vt 0.501000 0.819000
vt 0.817000 0.671000
vt 0.908000 0.671000
vt 0.954000 0.671000
vt 0.813000 0.620000
vt 0.874000 0.620000
vt 0.997000 0.745000
vt 0.997000 0.808000
s 1
usemtl RefRep.13_SH_initial_loader.exe.002
f 1/1/1 76/2/2 78/3/3
f 792/4/4 2/5/5 39/6/6
f 792/4/4 39/6/6 40/7/7
f 1/8/1 3/6/8 21/9/9
f 1/8/1 21/9/9 4/10/10
f 9/11/11 5/12/12 12/13/13
f 9/11/11 12/13/13 11/14/14
f 11/11/14 12/12/13 6/15/15
f 11/11/14 6/15/15 7/16/16
f 7/11/16 6/12/15 8/13/17
f 7/11/16 8/13/17 10/14/18
f 10/16/18 8/15/17 5/12/12
f 10/16/18 5/12/12 9/11/11
f 10/16/18 9/14/11 11/17/14
f 10/16/18 11/17/14 7/18/16
f 5/16/12 8/14/17 6/17/15
f 5/16/12 6/17/15 12/18/13
f 16/11/19 13/12/12 20/13/13
f 16/11/19 20/13/13 18/14/20
f 18/11/20 20/12/13 14/15/21
f 18/11/20 14/15/21 19/16/22
f 19/11/22 14/12/21 15/13/23
f 19/11/22 15/13/23 17/14/24
f 17/16/24 15/15/23 13/12/12
f 17/16/24 13/12/12 16/11/19
f 17/16/24 16/14/19 18/17/20
f 17/16/24 18/17/20 19/18/22
f 13/16/12 15/14/23 14/17/21
f 13/16/12 14/17/21 20/18/13
f 4/19/10 21/20/9 22/21/25
f 4/19/10 22/21/25 23/22/25
f 77/23/4 790/24/26 44/25/27
f 77/23/4 44/25/27 45/26/7
f 24/4/4 792/4/4 40/7/7
f 24/4/4 40/7/7 25/7/28
f 130/24/26 24/4/4 25/7/28
f 130/24/26 25/7/28 37/27/29
f 26/28/30 52/29/31 81/30/32
f 81/31/32 27/32/33 26/33/30
f 26/33/30 27/32/33 28/34/34
f 50/35/35 29/36/36 52/29/31
f 52/29/31 26/28/30 50/35/35
f 30/37/37 123/38/38 117/39/39
f 117/39/39 123/38/38 122/40/40
f 123/38/38 30/37/37 31/41/41
f 31/41/41 30/37/37 32/42/42
f 33/43/43 36/44/44 34/45/45
f 34/45/45 36/44/44 35/46/46
f 25/47/28 38/48/47 3/49/8
f 46/50/48 36/51/44 33/52/43
f 46/50/48 33/52/43 41/53/49
f 3/49/8 37/54/29 25/47/28
f 38/48/47 25/47/28 39/55/6
f 39/55/6 25/47/28 40/56/7
f 46/44/48 41/57/49 42/46/50
f 42/46/50 41/57/49 43/58/51
f 37/54/29 1/1/1 78/3/3
f 1/1/1 37/54/29 3/49/8
f 37/59/29 78/60/3 44/61/27
f 44/61/27 78/60/3 45/62/7
f 35/45/46 36/43/44 42/63/50
f 42/63/50 36/43/44 46/64/48
f 47/65/52 82/66/53 63/67/54
f 63/67/54 82/66/53 70/68/55
f 110/69/56 79/70/57 47/71/52
f 47/71/52 79/70/57 48/72/58
f 26/73/30 49/74/59 50/75/35
f 50/75/35 49/74/59 57/76/60
f 50/75/35 57/76/60 80/77/61
f 80/77/61 57/76/60 59/78/62
f 80/77/61 59/78/62 28/79/34
f 28/79/34 59/78/62 51/80/63
f 28/79/34 51/80/63 26/73/30
f 26/73/30 51/80/63 49/74/59
f 52/29/31 29/81/36 54/82/64
f 54/82/64 29/81/36 53/83/65
f 53/84/65 29/81/36 80/79/61
f 80/79/61 29/81/36 50/85/35
f 54/86/64 53/87/65 80/85/61
f 55/88/66 57/76/60 49/74/59
f 55/88/66 49/74/59 56/89/67
f 60/76/68 59/78/62 57/90/60
f 60/76/68 57/90/60 55/88/66
f 58/90/69 51/78/63 59/80/62
f 58/90/69 59/80/62 60/91/68
f 56/88/67 49/90/59 51/78/63
f 56/88/67 51/78/63 58/76/69
f 832/92/70 71/93/71 109/94/72
f 832/92/70 109/94/72 61/95/73
f 61/95/73 109/94/72 62/96/74
f 61/95/73 62/96/74 69/97/75
f 69/97/75 62/96/74 63/67/54
f 64/92/76 65/95/77 786/93/78
f 786/93/78 65/95/77 108/94/79
f 786/93/78 108/94/79 761/98/80
f 761/98/80 108/94/79 72/99/81
f 764/100/82 83/66/83 795/101/84
f 795/101/84 83/66/83 149/68/85
f 795/101/84 149/68/85 66/102/86
f 66/102/86 149/68/85 67/97/87
f 68/103/88 82/104/53 764/105/82
f 764/105/82 82/104/53 83/106/83
f 832/92/70 61/95/73 829/102/89
f 829/102/89 61/95/73 69/97/75
f 829/102/89 69/97/75 830/101/90
f 830/101/90 69/97/75 70/68/55
f 830/101/90 70/68/55 68/100/88
f 68/100/88 70/68/55 82/66/53
f 73/98/91 74/99/92 71/93/71
f 71/93/71 74/99/92 109/94/72
f 761/103/80 72/104/81 73/105/91
f 73/105/91 72/104/81 74/106/92
f 75/23/4 78/107/3 766/108/5
f 766/108/5 78/107/3 76/8/2
f 77/109/4 45/110/7 75/111/4
f 75/111/4 45/110/7 78/112/3
f 79/113/57 110/113/56 72/99/81
f 72/99/81 110/113/56 74/99/92
f 28/86/34 27/114/33 54/77/64
f 54/86/64 80/85/61 28/77/34
f 54/82/64 27/115/33 52/29/31
f 52/29/31 27/115/33 81/116/32
f 47/117/52 48/117/58 82/118/53
f 82/118/53 48/117/58 83/118/83
f 84/119/93 124/120/94 112/121/95
f 112/121/95 124/120/94 85/122/96
f 93/123/97 124/120/94 94/124/98
f 94/124/98 124/120/94 125/125/99
f 86/120/100 92/119/101 129/125/102
f 129/125/102 92/119/101 87/126/103
f 91/123/104 88/120/105 89/124/106
f 89/124/106 88/120/105 90/125/107
f 84/127/93 91/123/104 126/128/108
f 126/128/108 91/123/104 89/124/106
f 92/127/101 93/123/97 87/128/103
f 87/128/103 93/123/97 94/124/98
f 101/129/109 95/51/110 96/130/2
f 96/130/2 95/51/110 97/52/47
f 98/63/5 99/64/111 96/129/2
f 96/129/2 99/64/111 101/130/109
f 99/131/111 100/132/112 101/133/109
f 101/133/109 100/132/112 95/134/110
f 104/135/113 144/136/114 105/137/115
f 105/137/115 144/136/114 102/138/116
f 105/139/115 102/140/116 106/141/117
f 106/141/117 102/140/116 103/142/118
f 104/141/113 105/142/115 107/139/119
f 107/139/119 105/142/115 106/140/117
f 144/139/114 104/140/113 143/141/120
f 143/141/120 104/140/113 107/142/119
f 65/95/77 147/96/121 108/94/79
f 108/94/79 147/96/121 79/113/57
f 108/94/79 79/113/57 72/99/81
f 70/143/55 69/144/75 63/145/54
f 109/94/72 74/99/92 62/96/74
f 62/96/74 74/99/92 110/113/56
f 62/96/74 110/113/56 63/67/54
f 63/67/54 110/113/56 47/65/52
f 122/40/40 119/146/122 117/39/39
f 111/147/123 116/148/124 115/149/125
f 111/147/123 115/149/125 85/150/96
f 85/150/96 115/149/125 118/151/126
f 85/150/96 118/151/126 112/152/95
f 117/39/39 113/153/127 30/37/37
f 30/37/37 113/153/127 32/42/42
f 32/42/42 113/153/127 114/154/128
f 113/153/127 116/148/124 114/154/128
f 114/154/128 116/148/124 111/147/123
f 116/148/124 113/153/127 117/39/39
f 117/39/39 115/149/125 116/148/124
f 118/151/126 115/149/125 117/39/39
f 117/39/39 119/146/122 118/151/126
f 118/151/126 119/146/122 112/152/95
f 112/152/95 119/146/122 120/155/129
f 119/146/122 122/40/40 120/155/129
f 120/155/129 122/40/40 121/156/130
f 122/40/40 123/38/38 121/156/130
f 121/156/130 123/38/38 31/41/41
f 124/120/94 84/119/93 125/125/99
f 125/125/99 84/119/93 126/126/108
f 86/119/100 128/120/131 32/121/42
f 32/121/42 128/120/131 31/122/41
f 128/119/131 88/120/105 31/121/41
f 31/121/41 88/120/105 121/122/130
f 88/120/105 128/119/131 90/125/107
f 90/125/107 128/119/131 127/126/132
f 128/123/131 86/120/100 127/124/132
f 127/124/132 86/120/100 129/125/102
f 124/119/94 93/120/97 85/121/96
f 85/121/96 93/120/97 111/122/123
f 130/157/26 37/158/29 790/159/26
f 790/159/26 37/158/29 44/160/27
f 146/161/133 134/162/134 131/163/135
f 131/163/135 134/162/134 135/164/136
f 131/163/135 135/164/136 138/165/137
f 138/165/137 135/164/136 132/166/138
f 138/165/137 132/166/138 137/167/139
f 137/167/139 132/166/138 136/168/140
f 135/169/136 134/164/134 133/170/141
f 142/171/142 133/170/141 134/172/134
f 142/171/142 134/172/134 145/173/143
f 132/165/138 135/169/136 133/170/141
f 132/165/138 133/170/141 136/166/140
f 140/170/144 146/164/133 131/169/135
f 140/170/144 131/169/135 137/166/139
f 137/166/139 131/169/135 138/165/137
f 139/173/145 146/172/133 141/171/146
f 141/171/146 146/172/133 140/170/144
f 141/174/146 140/162/144 142/173/142
f 142/173/142 140/162/144 133/172/141
f 103/142/118 102/141/116 143/140/120
f 143/140/120 102/141/116 144/139/114
f 145/162/143 134/141/134 139/161/145
f 139/161/145 134/141/134 146/142/133
f 147/96/121 148/67/147 79/113/57
f 79/113/57 148/67/147 48/65/58
f 149/68/85 83/66/83 148/67/147
f 148/67/147 83/66/83 48/65/58
f 148/67/147 67/97/87 149/68/85
f 67/97/87 148/67/147 147/96/121
f 67/97/87 147/96/121 65/95/77
f 150/175/148 205/176/149 151/177/150
f 151/177/150 205/176/149 152/178/151
f 151/177/150 152/178/151 153/179/152
f 153/179/152 152/178/151 154/180/153
f 153/179/152 154/180/153 184/181/154
f 184/181/154 154/180/153 155/182/155
f 184/181/154 155/182/155 156/183/156
f 156/183/156 155/182/155 157/184/157
f 156/183/156 157/184/157 158/185/158
f 158/185/158 157/184/157 159/186/159
f 158/185/158 159/186/159 160/187/160
f 160/187/160 159/186/159 161/188/161
f 160/187/160 161/188/161 186/189/162
f 186/189/162 161/188/161 211/190/163
f 186/189/162 211/190/163 150/191/148
f 150/191/148 211/190/163 205/192/149
f 198/193/164 199/194/165 162/195/166
f 162/195/166 199/194/165 167/196/167
f 162/195/166 167/196/167 163/197/168
f 163/197/168 167/196/167 164/198/169
f 163/197/168 164/198/169 165/199/170
f 165/199/170 164/198/169 166/200/171
f 165/199/170 166/200/171 242/201/172
f 242/201/172 166/200/171 243/202/173
f 199/194/165 200/203/174 167/196/167
f 167/196/167 200/203/174 168/204/175
f 167/196/167 168/204/175 164/198/169
f 164/198/169 168/204/175 169/205/176
f 164/198/169 169/205/176 166/200/171
f 166/200/171 169/205/176 171/206/177
f 200/203/174 203/207/178 168/204/175
f 168/204/175 203/207/178 170/208/179
f 168/204/175 170/208/179 169/205/176
f 169/205/176 170/208/179 178/209/180
f 169/205/176 178/209/180 171/206/177
f 171/206/177 178/209/180 172/210/181
f 171/206/177 172/210/181 173/211/182
f 173/211/182 172/210/181 179/212/183
f 173/211/182 179/212/183 236/213/184
f 236/213/184 179/212/183 174/214/185
f 236/213/184 174/214/185 237/215/186
f 237/215/186 174/214/185 175/216/187
f 237/215/186 175/216/187 201/217/188
f 201/217/188 175/216/187 176/218/189
f 203/207/178 204/219/190 170/208/179
f 170/208/179 204/219/190 177/220/191
f 170/208/179 177/220/191 178/209/180
f 178/209/180 177/220/191 183/221/192
f 178/209/180 183/221/192 172/210/181
f 172/210/181 183/221/192 185/222/193
f 172/210/181 185/222/193 179/212/183
f 179/212/183 185/222/193 180/223/194
f 179/212/183 180/223/194 174/214/185
f 174/214/185 180/223/194 181/224/195
f 174/214/185 181/224/195 175/216/187
f 175/216/187 181/224/195 182/225/196
f 175/216/187 182/225/196 176/218/189
f 176/218/189 182/225/196 202/226/197
f 204/219/190 151/177/150 177/220/191
f 177/220/191 151/177/150 153/179/152
f 177/220/191 153/179/152 183/221/192
f 183/221/192 153/179/152 184/181/154
f 183/221/192 184/181/154 185/222/193
f 185/222/193 184/181/154 156/183/156
f 185/222/193 156/183/156 180/223/194
f 180/223/194 156/183/156 158/185/158
f 180/223/194 158/185/158 181/224/195
f 181/224/195 158/185/158 160/187/160
f 181/224/195 160/187/160 182/225/196
f 182/225/196 160/187/160 186/189/162
f 182/225/196 186/189/162 202/226/197
f 202/226/197 186/189/162 150/191/148
f 219/227/198 187/228/199 252/229/200
f 252/229/200 187/228/199 253/230/201
f 187/228/199 188/231/202 253/230/201
f 253/230/201 188/231/202 263/232/203
f 188/231/202 189/233/204 263/232/203
f 263/232/203 189/233/204 191/234/205
f 189/233/204 190/235/206 191/234/205
f 191/234/205 190/235/206 292/236/207
f 190/235/206 224/237/208 292/236/207
f 292/236/207 224/237/208 287/238/209
f 224/237/208 226/239/210 287/238/209
f 287/238/209 226/239/210 192/240/211
f 226/239/210 193/241/212 192/240/211
f 192/240/211 193/241/212 280/242/213
f 193/241/212 228/243/214 280/242/213
f 280/242/213 228/243/214 281/244/215
f 194/245/216 250/246/217 227/247/218
f 227/247/218 250/246/217 195/248/219
f 196/249/220 194/245/216 271/250/221
f 271/250/221 194/245/216 227/247/218
f 197/251/222 239/252/223 198/193/164
f 198/193/164 239/252/223 199/194/165
f 239/252/223 201/253/188 199/194/165
f 199/194/165 201/253/188 200/203/174
f 201/253/188 176/254/189 200/203/174
f 200/203/174 176/254/189 203/207/178
f 176/254/189 202/255/197 203/207/178
f 203/207/178 202/255/197 204/219/190
f 202/255/197 150/175/148 204/219/190
f 204/219/190 150/175/148 151/177/150
f 205/176/149 217/256/224 152/178/151
f 152/178/151 217/256/224 206/257/225
f 152/178/151 206/257/225 154/180/153
f 154/180/153 206/257/225 212/258/226
f 154/180/153 212/258/226 155/182/155
f 155/182/155 212/258/226 207/259/227
f 155/182/155 207/259/227 157/184/157
f 157/184/157 207/259/227 208/260/228
f 157/184/157 208/260/228 159/186/159
f 159/186/159 208/260/228 209/261/229
f 159/186/159 209/261/229 161/188/161
f 161/188/161 209/261/229 210/262/230
f 161/188/161 210/262/230 211/190/163
f 211/190/163 210/262/230 216/263/231
f 211/190/163 216/263/231 205/192/149
f 205/192/149 216/263/231 217/264/224
f 217/256/224 218/265/232 206/257/225
f 206/257/225 218/265/232 229/266/233
f 206/257/225 229/266/233 212/258/226
f 212/258/226 229/266/233 213/267/234
f 212/258/226 213/267/234 207/259/227
f 207/259/227 213/267/234 230/268/235
f 207/259/227 230/268/235 208/260/228
f 208/260/228 230/268/235 214/269/236
f 208/260/228 214/269/236 209/261/229
f 209/261/229 214/269/236 215/270/237
f 209/261/229 215/270/237 210/262/230
f 210/262/230 215/270/237 232/271/238
f 210/262/230 232/271/238 216/263/231
f 216/263/231 232/271/238 233/272/239
f 216/263/231 233/272/239 217/264/224
f 217/264/224 233/272/239 218/273/232
f 218/265/232 234/274/240 229/266/233
f 229/266/233 234/274/240 219/275/198
f 234/274/240 220/276/241 219/275/198
f 219/275/198 220/276/241 187/277/199
f 220/276/241 221/278/242 187/277/199
f 187/277/199 221/278/242 188/279/202
f 221/278/242 222/280/243 188/279/202
f 188/279/202 222/280/243 189/281/204
f 222/280/243 223/282/244 189/281/204
f 189/281/204 223/282/244 190/235/206
f 223/282/244 225/283/245 190/235/206
f 190/235/206 225/283/245 224/237/208
f 225/283/245 271/284/221 224/237/208
f 224/237/208 271/284/221 226/239/210
f 271/284/221 227/285/218 226/239/210
f 226/239/210 227/285/218 193/286/212
f 227/285/218 195/287/219 193/286/212
f 193/286/212 195/287/219 228/288/214
f 229/266/233 219/227/198 213/267/234
f 213/267/234 219/227/198 252/289/200
f 213/267/234 252/289/200 230/268/235
f 230/268/235 252/289/200 231/290/246
f 230/268/235 231/290/246 214/269/236
f 214/269/236 231/290/246 254/291/247
f 214/269/236 254/291/247 215/270/237
f 215/270/237 254/291/247 256/292/248
f 215/270/237 256/292/248 232/271/238
f 232/271/238 256/292/248 245/293/249
f 232/271/238 245/293/249 233/272/239
f 233/272/239 245/293/249 247/294/250
f 233/272/239 247/294/250 218/273/232
f 218/273/232 247/294/250 234/295/240
f 235/296/251 264/297/252 261/298/253
f 261/298/253 264/297/252 262/299/254
f 166/200/171 171/206/177 243/202/173
f 243/202/173 171/206/177 173/211/182
f 243/202/173 173/211/182 240/300/255
f 240/300/255 173/211/182 236/213/184
f 247/294/250 248/301/256 234/295/240
f 234/295/240 248/301/256 220/302/241
f 241/303/257 237/215/186 239/304/223
f 239/304/223 237/215/186 201/217/188
f 238/305/258 241/303/257 197/306/222
f 197/306/222 241/303/257 239/304/223
f 240/300/255 236/213/184 241/303/257
f 241/303/257 236/213/184 237/215/186
f 244/307/259 240/300/255 238/305/258
f 238/305/258 240/300/255 241/303/257
f 242/201/172 243/202/173 244/307/259
f 244/307/259 243/202/173 240/300/255
f 245/293/249 246/308/260 247/294/250
f 247/294/250 246/308/260 248/301/256
f 248/301/256 249/309/261 220/302/241
f 220/302/241 249/309/261 221/310/242
f 246/308/260 260/311/262 248/301/256
f 248/301/256 260/311/262 249/309/261
f 251/312/263 279/313/264 194/245/216
f 194/245/216 279/313/264 250/246/217
f 277/314/265 251/312/263 196/249/220
f 196/249/220 251/312/263 194/245/216
f 252/289/200 253/315/201 231/290/246
f 231/290/246 253/315/201 257/316/266
f 231/290/246 257/316/266 254/291/247
f 254/291/247 257/316/266 255/317/267
f 254/291/247 255/317/267 256/292/248
f 256/292/248 255/317/267 258/318/268
f 256/292/248 258/318/268 245/293/249
f 245/293/249 258/318/268 246/308/260
f 257/316/266 235/319/251 255/317/267
f 255/317/267 235/319/251 261/320/253
f 255/317/267 261/320/253 258/318/268
f 258/318/268 261/320/253 259/321/269
f 258/318/268 259/321/269 246/308/260
f 246/308/260 259/321/269 260/311/262
f 261/320/253 262/322/254 259/321/269
f 259/321/269 262/322/254 267/323/270
f 259/321/269 267/323/270 260/311/262
f 260/311/262 267/323/270 268/324/271
f 260/311/262 268/324/271 249/309/261
f 249/309/261 268/324/271 269/325/272
f 249/309/261 269/325/272 221/310/242
f 221/310/242 269/325/272 222/326/243
f 253/315/201 263/327/203 257/316/266
f 257/316/266 263/327/203 235/319/251
f 263/327/203 191/328/205 235/319/251
f 235/319/251 191/328/205 264/329/252
f 191/328/205 292/236/207 264/329/252
f 264/329/252 292/236/207 265/330/273
f 264/329/252 265/330/273 262/322/254
f 262/322/254 265/330/273 266/331/274
f 262/322/254 266/331/274 267/323/270
f 267/323/270 266/331/274 275/332/275
f 267/323/270 275/332/275 268/324/271
f 268/324/271 275/332/275 273/333/276
f 268/324/271 273/333/276 269/325/272
f 269/325/272 273/333/276 274/334/277
f 269/325/272 274/334/277 222/326/243
f 222/326/243 274/334/277 223/335/244
f 274/334/277 270/336/278 223/335/244
f 223/335/244 270/336/278 225/337/245
f 270/336/278 196/249/220 225/337/245
f 225/337/245 196/249/220 271/250/221
f 272/338/279 277/314/265 270/336/278
f 270/336/278 277/314/265 196/249/220
f 273/333/276 272/338/279 274/334/277
f 274/334/277 272/338/279 270/336/278
f 275/332/275 291/339/280 273/333/276
f 273/333/276 291/339/280 272/338/279
f 291/339/280 276/340/281 272/338/279
f 272/338/279 276/340/281 277/314/265
f 276/340/281 278/341/282 277/314/265
f 277/314/265 278/341/282 251/312/263
f 278/341/282 285/342/283 251/312/263
f 251/312/263 285/342/283 279/313/264
f 280/242/213 281/343/215 286/344/284
f 286/344/284 281/343/215 282/345/285
f 286/344/284 282/345/285 283/346/286
f 283/346/286 282/345/285 284/347/287
f 283/346/286 284/347/287 278/341/282
f 278/341/282 284/347/287 285/342/283
f 192/240/211 280/242/213 288/348/288
f 288/348/288 280/242/213 286/344/284
f 288/348/288 286/344/284 290/349/289
f 290/349/289 286/344/284 283/346/286
f 290/349/289 283/346/286 276/340/281
f 276/340/281 283/346/286 278/341/282
f 287/238/209 192/240/211 293/350/290
f 293/350/290 192/240/211 288/348/288
f 293/350/290 288/348/288 289/351/291
f 289/351/291 288/348/288 290/349/289
f 289/351/291 290/349/289 291/339/280
f 291/339/280 290/349/289 276/340/281
f 292/236/207 287/238/209 265/330/273
f 265/330/273 287/238/209 293/350/290
f 265/330/273 293/350/290 266/331/274
f 266/331/274 293/350/290 289/351/291
f 266/331/274 289/351/291 275/332/275
f 275/332/275 289/351/291 291/339/280
f 294/352/292 298/353/293 382/354/294
f 382/354/294 298/353/293 296/355/295
f 382/354/294 296/355/295 380/356/296
f 380/356/296 296/355/295 295/357/297
f 299/358/298 296/355/295 297/359/299
f 297/359/299 296/355/295 298/353/293
f 297/359/299 302/360/300 299/358/298
f 299/358/298 302/360/300 300/361/301
f 299/358/298 300/361/301 304/362/302
f 304/362/302 300/361/301 303/363/303
f 387/364/304 300/361/301 301/365/305
f 301/365/305 300/361/301 302/360/300
f 388/366/306 303/363/303 387/364/304
f 387/364/304 303/363/303 300/361/301
f 304/362/302 295/357/297 299/358/298
f 299/358/298 295/357/297 296/355/295
f 305/367/307 308/368/308 316/369/309
f 316/369/309 308/368/308 306/370/310
f 307/371/311 311/372/312 305/367/307
f 305/367/307 311/372/312 308/368/308
f 313/373/313 306/370/310 309/374/314
f 309/374/314 306/370/310 308/368/308
f 309/374/314 308/368/308 310/375/315
f 310/375/315 308/368/308 311/372/312
f 309/374/314 312/376/316 313/373/313
f 313/373/313 312/376/316 314/377/317
f 310/375/315 315/378/318 309/374/314
f 309/374/314 315/378/318 312/376/316
f 316/356/309 322/357/319 305/354/307
f 305/354/307 322/357/319 317/355/320
f 305/354/307 317/355/320 307/352/311
f 307/352/311 317/355/320 319/353/321
f 318/359/322 319/353/321 320/358/323
f 320/358/323 319/353/321 317/355/320
f 320/358/323 317/355/320 321/362/324
f 321/362/324 317/355/320 322/357/319
f 321/362/324 332/363/325 320/358/323
f 320/358/323 332/363/325 330/361/326
f 320/358/323 330/361/326 318/359/322
f 318/359/322 330/361/326 323/360/327
f 324/379/328 312/376/316 325/380/329
f 325/380/329 312/376/316 315/378/318
f 325/380/329 326/381/330 324/379/328
f 324/379/328 326/381/330 327/382/331
f 324/379/328 327/382/331 328/383/332
f 328/383/332 327/382/331 329/384/333
f 333/364/334 330/361/326 331/366/335
f 331/366/335 330/361/326 332/363/325
f 331/366/335 335/385/336 333/364/334
f 333/364/334 335/385/336 344/386/337
f 333/364/334 344/386/337 347/365/338
f 347/365/338 344/386/337 334/387/339
f 337/388/340 344/386/337 336/389/341
f 336/389/341 344/386/337 335/385/336
f 336/389/341 340/390/342 337/388/340
f 337/388/340 340/390/342 339/391/343
f 337/388/340 339/391/343 343/392/344
f 343/392/344 339/391/343 346/393/345
f 338/394/346 339/391/343 341/395/347
f 341/395/347 339/391/343 340/390/342
f 341/395/347 350/396/348 338/394/346
f 338/394/346 350/396/348 349/397/349
f 338/394/346 349/397/349 345/398/350
f 345/398/350 349/397/349 342/399/351
f 343/392/344 334/387/339 337/388/340
f 337/388/340 334/387/339 344/386/337
f 345/398/350 346/393/345 338/394/346
f 338/394/346 346/393/345 339/391/343
f 347/365/338 323/360/327 333/364/334
f 333/364/334 323/360/327 330/361/326
f 352/400/352 342/399/351 348/401/353
f 348/401/353 342/399/351 349/397/349
f 348/401/353 349/397/349 351/402/354
f 351/402/354 349/397/349 350/396/348
f 351/402/354 329/384/333 348/401/353
f 348/401/353 329/384/333 327/382/331
f 348/401/353 327/382/331 352/400/352
f 352/400/352 327/382/331 326/381/330
f 328/383/332 314/377/317 324/379/328
f 324/379/328 314/377/317 312/376/316
f 382/367/294 353/368/355 294/371/292
f 294/371/292 353/368/355 354/372/356
f 357/375/357 354/372/356 356/374/358
f 356/374/358 354/372/356 353/368/355
f 356/374/358 353/368/355 355/373/359
f 355/373/359 353/368/355 381/370/360
f 355/373/359 359/377/361 356/374/358
f 356/374/358 359/377/361 379/376/362
f 356/374/358 379/376/362 357/375/357
f 357/375/357 379/376/362 358/378/363
f 361/379/364 379/376/362 360/383/365
f 360/383/365 379/376/362 359/377/361
f 360/383/365 365/384/366 361/379/364
f 361/379/364 365/384/366 364/382/367
f 361/379/364 364/382/367 378/380/368
f 378/380/368 364/382/367 362/381/369
f 363/400/370 362/381/369 367/401/371
f 367/401/371 362/381/369 364/382/367
f 367/401/371 364/382/367 366/402/372
f 366/402/372 364/382/367 365/384/366
f 366/402/372 371/396/373 367/401/371
f 367/401/371 371/396/373 368/397/374
f 367/401/371 368/397/374 363/400/370
f 363/400/370 368/397/374 369/399/375
f 372/398/376 369/399/375 370/394/377
f 370/394/377 369/399/375 368/397/374
f 370/394/377 368/397/374 374/395/378
f 374/395/378 368/397/374 371/396/373
f 370/394/377 375/391/379 372/398/376
f 372/398/376 375/391/379 373/393/380
f 374/395/378 377/390/381 370/394/377
f 370/394/377 377/390/381 375/391/379
f 383/392/382 373/393/380 376/388/383
f 376/388/383 373/393/380 375/391/379
f 376/388/383 375/391/379 385/389/384
f 385/389/384 375/391/379 377/390/381
f 378/380/368 358/378/363 361/379/364
f 361/379/364 358/378/363 379/376/362
f 380/369/296 381/370/360 382/367/294
f 382/367/294 381/370/360 353/368/355
f 376/388/383 386/386/385 383/392/382
f 383/392/382 386/386/385 384/387/386
f 385/389/384 389/385/387 376/388/383
f 376/388/383 389/385/387 386/386/385
f 387/364/304 386/386/385 388/366/306
f 388/366/306 386/386/385 389/385/387
f 301/365/305 384/387/386 387/364/304
f 387/364/304 384/387/386 386/386/385
f 421/369/388 403/370/389 400/371/390
f 400/371/390 403/370/389 401/372/391
f 404/373/392 390/375/393 403/370/394
f 403/370/394 390/375/393 401/372/395
f 391/403/396 405/404/397 404/373/398
f 404/373/398 405/404/397 390/375/399
f 393/405/400 394/406/401 391/403/402
f 391/403/402 394/406/401 405/404/397
f 406/407/403 392/408/404 393/405/405
f 393/405/405 392/408/404 394/406/406
f 407/409/407 408/410/408 406/407/409
f 406/407/409 408/410/408 392/408/410
f 409/411/411 396/412/412 407/409/413
f 407/409/413 396/412/412 408/410/408
f 395/413/414 397/414/415 409/411/416
f 409/411/416 397/414/415 396/412/417
f 410/415/418 399/416/419 395/413/420
f 395/413/420 399/416/419 397/414/421
f 411/417/422 398/418/423 410/415/418
f 410/415/418 398/418/423 399/416/419
f 412/419/424 417/420/425 411/417/426
f 411/417/426 417/420/425 398/418/427
f 400/371/390 401/372/391 421/369/388
f 421/369/388 401/372/391 403/370/389
f 420/357/428 402/353/429 421/356/388
f 421/356/388 402/353/429 400/352/430
f 415/362/431 416/359/432 420/357/433
f 420/357/433 416/359/432 402/353/434
f 403/370/394 401/372/395 404/373/392
f 404/373/392 401/372/395 390/375/393
f 404/373/398 390/375/399 391/403/396
f 391/403/396 390/375/399 405/404/397
f 391/403/402 405/404/397 393/405/400
f 393/405/400 405/404/397 394/406/401
f 393/405/405 394/406/406 406/407/403
f 406/407/403 394/406/406 392/408/404
f 406/407/409 392/408/410 407/409/407
f 407/409/407 392/408/410 408/410/408
f 407/409/413 408/410/408 409/411/411
f 409/411/411 408/410/408 396/412/412
f 409/411/416 396/412/417 395/413/414
f 395/413/414 396/412/417 397/414/415
f 395/413/420 397/414/421 410/415/418
f 410/415/418 397/414/421 399/416/419
f 410/415/418 399/416/419 411/417/422
f 411/417/422 399/416/419 398/418/423
f 411/417/426 398/418/427 412/419/424
f 412/419/424 398/418/427 417/420/425
f 412/419/435 417/420/436 413/421/437
f 413/421/437 417/420/436 418/422/438
f 413/421/439 418/422/440 419/363/441
f 419/363/441 418/422/440 414/360/442
f 419/363/441 414/360/443 415/362/444
f 415/362/444 414/360/443 416/359/445
f 413/421/437 418/422/438 412/419/435
f 412/419/435 418/422/438 417/420/436
f 419/363/441 414/360/442 413/421/439
f 413/421/439 414/360/442 418/422/440
f 415/362/444 416/359/445 419/363/441
f 419/363/441 416/359/445 414/360/443
f 420/357/433 402/353/434 415/362/431
f 415/362/431 402/353/434 416/359/432
f 421/356/388 400/352/430 420/357/428
f 420/357/428 400/352/430 402/353/429
f 422/14/446 455/17/447 720/16/12
f 720/16/12 455/17/447 423/18/448
f 719/14/449 424/17/14 454/16/24
f 454/16/24 424/17/14 456/18/450
f 425/423/451 437/424/452 459/425/453
f 459/425/453 437/424/452 426/426/454
f 427/427/455 428/428/456 431/429/457
f 431/429/457 428/428/456 429/430/458
f 446/429/459 477/430/460 523/427/461
f 523/427/461 477/430/460 476/428/462
f 430/427/463 431/428/457 446/429/459
f 446/429/459 431/428/457 477/430/460
f 432/428/464 427/427/455 430/430/463
f 430/430/463 427/427/455 431/429/457
f 523/430/461 476/429/462 432/428/464
f 432/428/464 476/429/462 427/427/455
f 433/431/465 436/432/466 442/433/467
f 442/433/467 436/432/466 434/434/468
f 435/435/469 441/434/470 436/436/466
f 436/436/466 441/434/470 434/437/468
f 437/424/452 680/438/471 426/426/454
f 426/426/454 680/438/471 681/439/472
f 523/440/461 524/441/473 446/442/459
f 446/442/459 524/441/473 464/443/474
f 579/444/475 466/444/476 438/445/477
f 438/445/477 466/444/476 439/445/478
f 449/446/479 447/447/480 502/448/481
f 502/448/481 447/447/480 440/449/482
f 435/432/469 467/431/483 441/434/470
f 441/434/470 467/431/483 578/433/484
f 441/434/470 578/433/484 434/437/468
f 434/437/468 578/433/484 442/450/467
f 443/451/485 444/452/486 435/432/469
f 435/432/469 444/452/486 467/431/483
f 514/453/487 448/454/488 498/455/489
f 498/455/489 448/454/488 445/456/490
f 446/457/459 464/458/474 430/457/463
f 430/457/463 464/458/474 463/458/491
f 514/453/487 447/447/480 448/454/488
f 448/454/488 447/447/480 449/446/479
f 432/458/464 430/459/463 452/458/492
f 452/458/492 430/459/463 450/459/493
f 465/460/494 432/461/464 451/460/495
f 451/460/495 432/461/464 452/461/492
f 430/457/463 463/458/491 450/457/493
f 450/457/493 463/458/491 453/458/496
f 455/12/447 422/13/446 456/11/450
f 456/11/450 422/13/446 454/14/24
f 423/12/448 455/15/447 424/11/14
f 424/11/14 455/15/447 456/16/450
f 721/14/446 474/17/15 722/16/12
f 722/16/12 474/17/15 724/18/13
f 723/14/11 725/17/14 475/16/24
f 475/16/24 725/17/14 473/18/497
f 457/462/498 531/463/499 539/464/500
f 539/464/500 531/463/499 532/465/501
f 539/464/500 532/465/501 458/466/502
f 460/425/503 459/425/453 426/426/454
f 460/425/503 426/426/454 461/426/504
f 461/426/504 426/426/454 681/439/472
f 461/426/504 681/439/472 637/439/505
f 443/434/485 462/432/506 468/431/507
f 443/434/485 468/431/507 444/433/486
f 439/458/478 463/444/491 464/444/474
f 439/458/478 464/444/474 438/458/477
f 579/459/475 524/445/473 465/445/494
f 579/459/475 465/445/494 466/459/476
f 466/459/476 465/445/494 463/444/491
f 466/459/476 463/444/491 439/458/478
f 433/436/465 467/435/483 444/467/486
f 433/436/465 444/467/486 468/468/507
f 572/469/508 469/470/509 470/471/510
f 572/469/508 470/471/510 471/472/511
f 471/469/511 470/470/510 564/471/512
f 471/469/511 564/471/512 472/472/513
f 725/11/14 724/12/13 474/15/15
f 725/11/14 474/15/15 473/16/497
f 473/11/497 474/12/15 721/13/446
f 473/11/497 721/13/446 475/14/24
f 427/427/455 476/429/462 528/430/514
f 427/427/455 528/430/514 428/428/456
f 429/430/458 428/428/456 558/427/515
f 429/430/458 558/427/515 556/429/516
f 477/430/460 431/428/457 429/427/458
f 477/430/460 429/427/458 526/429/517
f 476/428/462 477/430/460 526/429/517
f 476/428/462 526/429/517 528/427/514
f 528/427/514 526/429/517 527/430/518
f 528/427/514 527/430/518 478/428/519
f 478/428/519 527/430/518 673/429/520
f 478/428/519 673/429/520 479/427/521
f 525/473/486 480/474/522 483/475/523
f 525/473/486 483/475/523 486/476/524
f 481/425/503 592/425/525 596/426/526
f 481/425/503 596/426/526 482/426/527
f 486/476/524 483/475/523 630/477/528
f 486/476/524 630/477/528 484/478/529
f 484/478/529 485/479/530 525/473/486
f 484/478/529 525/473/486 486/476/524
f 488/125/99 487/120/531 518/119/532
f 488/125/99 518/119/532 489/126/108
f 624/121/533 581/119/534 504/120/535
f 624/121/533 504/120/535 623/122/536
f 491/480/537 490/481/538 550/482/539
f 491/480/537 550/482/539 492/483/540
f 493/484/541 490/481/538 491/480/537
f 493/484/541 491/480/537 494/485/542
f 495/486/543 490/481/538 493/484/541
f 495/486/543 493/484/541 496/487/544
f 497/488/545 494/485/542 491/480/537
f 497/488/545 491/480/537 551/489/546
f 551/489/546 491/480/537 492/483/540
f 551/489/546 492/483/540 549/490/547
f 514/453/487 498/455/489 503/491/548
f 514/453/487 503/491/548 499/492/539
f 499/492/539 503/491/548 500/493/549
f 499/492/539 500/493/549 501/494/550
f 501/494/550 500/493/549 440/449/482
f 501/494/550 440/449/482 447/447/480
f 502/448/481 440/449/482 498/455/489
f 502/448/481 498/455/489 445/456/490
f 498/455/489 440/449/482 500/493/549
f 498/455/489 500/493/549 503/491/548
f 623/121/536 504/119/535 505/120/105
f 623/121/536 505/120/105 506/122/551
f 508/495/552 507/496/553 512/497/554
f 508/495/552 512/497/554 509/498/555
f 566/495/556 510/496/557 507/497/553
f 566/495/556 507/497/553 508/498/552
f 509/495/555 512/496/554 513/497/558
f 509/495/555 513/497/558 568/498/559
f 510/496/557 511/499/560 562/500/561
f 510/496/557 562/500/561 507/497/553
f 512/496/554 574/499/562 575/500/563
f 512/496/554 575/500/563 513/497/558
f 507/496/553 562/499/561 574/500/562
f 507/496/553 574/500/562 512/497/554
f 560/469/564 530/470/565 469/471/509
f 560/469/564 469/471/509 572/472/508
f 447/447/480 514/453/487 499/492/539
f 447/447/480 499/492/539 501/494/550
f 515/124/566 553/123/567 487/120/531
f 515/124/566 487/120/531 488/125/99
f 516/125/102 581/120/534 522/119/101
f 516/125/102 522/119/101 517/126/103
f 489/128/108 518/127/532 519/123/104
f 489/128/108 519/123/104 520/124/106
f 520/124/106 519/123/104 505/120/105
f 520/124/106 505/120/105 521/125/568
f 521/125/568 505/120/105 504/119/535
f 521/125/568 504/119/535 582/126/132
f 517/128/103 522/127/101 553/123/567
f 517/128/103 553/123/567 515/124/566
f 523/457/461 432/457/464 465/458/494
f 523/457/461 465/458/494 524/458/473
f 485/476/530 631/475/569 480/477/522
f 485/476/530 480/477/522 525/478/486
f 526/429/517 429/427/458 556/428/516
f 526/429/517 556/428/516 527/430/518
f 428/427/456 528/427/514 478/428/519
f 428/427/456 478/428/519 558/428/515
f 594/501/570 529/501/571 592/425/525
f 594/501/570 592/425/525 481/425/503
f 565/502/572 508/495/552 509/498/555
f 571/470/573 530/471/565 559/469/574
f 559/469/574 530/471/565 560/472/564
f 580/503/575 543/504/576 533/505/577
f 533/505/577 543/504/576 544/506/578
f 531/464/499 580/504/575 532/466/501
f 532/466/501 580/504/575 533/506/577
f 538/464/579 534/504/580 585/466/581
f 585/466/581 534/504/580 535/506/582
f 534/507/580 555/508/583 535/509/582
f 535/509/582 555/508/583 536/510/584
f 537/511/585 457/462/498 538/512/579
f 538/512/579 457/462/498 539/463/500
f 538/512/579 584/513/586 537/511/585
f 622/152/587 541/151/126 612/146/122
f 622/152/587 612/146/122 613/155/129
f 540/39/39 612/146/122 541/151/126
f 583/514/588 542/515/589 543/503/576
f 543/503/576 542/515/589 534/507/580
f 543/516/576 539/517/500 544/464/578
f 544/464/578 539/517/500 458/504/502
f 545/518/590 588/519/591 586/520/592
f 586/520/592 588/519/591 546/521/593
f 547/522/594 587/523/595 589/524/596
f 589/524/596 587/523/595 590/525/597
f 495/486/543 548/526/548 490/481/538
f 490/481/538 548/526/548 550/482/539
f 548/526/548 549/490/547 550/482/539
f 550/482/539 549/490/547 492/483/540
f 551/489/546 495/486/543 497/488/545
f 497/488/545 495/486/543 496/487/544
f 551/489/546 549/490/547 495/486/543
f 495/486/543 549/490/547 548/526/548
f 593/527/598 552/528/599 605/529/600
f 605/529/600 591/530/601 593/527/598
f 487/119/531 553/120/567 621/121/602
f 621/121/602 553/120/567 616/122/603
f 518/119/532 487/120/531 622/121/587
f 622/121/587 487/120/531 621/122/602
f 555/508/583 584/513/586 536/510/584
f 536/510/584 584/513/586 554/531/604
f 537/511/585 584/513/586 542/515/589
f 542/515/589 584/513/586 555/508/583
f 673/429/520 527/430/518 557/427/605
f 557/427/605 527/430/518 556/428/516
f 557/430/605 556/429/516 626/428/606
f 626/428/606 556/429/516 558/427/515
f 626/428/606 558/427/515 479/430/521
f 479/430/521 558/427/515 478/429/519
f 469/471/509 530/470/565 562/499/561
f 562/499/561 530/470/565 574/500/562
f 559/469/574 560/472/564 561/532/607
f 561/532/607 560/472/564 576/533/608
f 566/495/556 508/498/552 565/502/572
f 511/499/560 470/471/510 469/470/509
f 511/499/560 469/470/509 562/500/561
f 563/532/609 472/469/513 559/472/574
f 563/532/609 559/472/574 561/533/607
f 472/469/513 564/470/512 571/471/573
f 472/469/513 571/471/573 559/472/574
f 565/502/572 569/495/610 566/498/556
f 567/496/611 510/497/557 569/495/610
f 569/495/610 510/497/557 566/498/556
f 570/499/612 511/500/560 567/496/611
f 567/496/611 511/500/560 510/497/557
f 564/471/512 470/470/510 570/499/612
f 570/499/612 470/470/510 511/500/560
f 471/469/511 472/472/513 573/532/613
f 573/532/613 472/472/513 563/533/609
f 568/495/559 569/498/610 565/502/572
f 568/495/559 513/496/558 567/497/611
f 568/495/559 567/497/611 569/498/610
f 513/496/558 575/499/563 570/500/612
f 513/496/558 570/500/612 567/497/611
f 575/499/563 571/471/573 564/470/512
f 575/499/563 564/470/512 570/500/612
f 577/532/614 572/469/508 471/472/511
f 577/532/614 471/472/511 573/533/613
f 565/502/572 509/495/555 568/498/559
f 530/471/565 571/470/573 574/499/562
f 574/499/562 571/470/573 575/500/563
f 560/469/564 572/472/508 576/532/608
f 576/532/608 572/472/508 577/533/614
f 433/436/465 442/437/467 467/435/483
f 467/435/483 442/437/467 578/434/484
f 539/534/500 543/535/576 538/536/579
f 538/536/579 543/535/576 534/537/580
f 463/458/491 465/459/494 453/458/496
f 453/458/496 465/459/494 451/459/495
f 542/515/589 555/508/583 534/507/580
f 438/458/477 464/444/474 524/445/473
f 438/458/477 524/445/473 579/459/475
f 583/514/588 543/504/576 580/503/575
f 504/123/535 581/120/534 582/124/132
f 582/124/132 581/120/534 516/125/102
f 457/462/498 537/511/585 583/514/588
f 583/514/588 537/511/585 542/515/589
f 583/514/588 580/504/575 457/462/498
f 457/462/498 580/504/575 531/464/499
f 584/513/586 538/512/579 554/531/604
f 554/531/604 538/512/579 585/538/581
f 587/525/595 547/524/594 546/519/593
f 546/519/593 547/524/594 586/518/592
f 590/525/597 587/523/595 588/519/591
f 588/519/591 587/523/595 546/521/593
f 589/524/596 590/525/597 545/518/590
f 545/518/590 590/525/597 588/519/591
f 591/530/601 595/423/615 529/501/571
f 529/501/571 595/423/615 592/425/525
f 593/527/598 591/530/601 603/539/616
f 603/539/616 591/530/601 529/501/571
f 603/539/616 529/501/571 604/539/617
f 604/539/617 529/501/571 594/501/570
f 595/423/615 591/530/601 605/529/600
f 482/426/527 596/426/526 610/439/618
f 482/426/527 610/439/618 597/439/619
f 597/439/619 610/439/618 598/540/620
f 597/439/619 598/540/620 599/540/621
f 599/540/621 598/540/620 608/541/622
f 599/540/621 608/541/622 600/541/623
f 600/541/623 608/541/622 601/542/624
f 600/541/623 601/542/624 602/542/625
f 602/542/625 601/542/624 603/539/616
f 602/542/625 603/539/616 604/539/617
f 605/529/600 552/528/599 606/543/626
f 605/529/600 606/543/626 607/544/627
f 607/544/627 606/543/626 608/541/622
f 607/544/627 608/541/622 598/540/620
f 608/541/622 606/543/626 552/528/599
f 608/541/622 552/528/599 601/542/624
f 601/542/624 552/528/599 593/527/598
f 601/542/624 593/527/598 603/539/616
f 605/529/600 607/544/627 611/438/628
f 605/529/600 611/438/628 609/424/629
f 609/424/629 611/438/628 610/439/618
f 609/424/629 610/439/618 596/426/526
f 610/439/618 611/438/628 607/544/627
f 610/439/618 607/544/627 598/540/620
f 605/529/600 609/424/629 595/423/615
f 595/423/615 609/424/629 592/425/525
f 592/425/525 609/424/629 596/426/526
f 612/146/122 614/40/40 613/155/129
f 613/155/129 614/40/40 506/156/551
f 614/40/40 612/146/122 540/39/39
f 619/154/630 615/153/631 617/148/632
f 619/154/630 617/148/632 616/147/603
f 540/39/39 617/148/632 615/153/631
f 540/39/39 615/153/631 618/37/633
f 618/37/633 615/153/631 619/154/630
f 618/37/633 619/154/630 624/42/533
f 540/39/39 541/151/126 620/149/634
f 540/39/39 620/149/634 617/148/632
f 617/148/632 620/149/634 621/150/602
f 617/148/632 621/150/602 616/147/603
f 621/150/602 620/149/634 541/151/126
f 621/150/602 541/151/126 622/152/587
f 506/156/551 614/40/40 625/38/38
f 506/156/551 625/38/38 623/41/536
f 623/41/536 625/38/38 618/37/633
f 623/41/536 618/37/633 624/42/533
f 540/39/39 625/38/38 614/40/40
f 618/37/633 625/38/38 540/39/39
f 479/545/521 665/459/635 626/545/606
f 626/545/606 665/459/635 627/459/636
f 436/436/466 462/468/506 435/435/469
f 435/435/469 462/468/506 443/467/485
f 557/457/605 626/545/606 674/457/637
f 674/457/637 626/545/606 628/545/638
f 629/445/639 676/445/640 678/444/641
f 678/444/641 676/445/640 646/444/642
f 680/438/471 437/424/452 685/529/600
f 685/529/600 437/424/452 425/423/451
f 685/529/600 425/423/451 687/530/643
f 687/530/643 425/423/451 459/425/453
f 687/530/643 459/425/453 658/501/644
f 484/476/529 630/475/528 631/474/569
f 484/476/529 631/474/569 485/473/530
f 632/124/98 667/123/567 666/120/531
f 632/124/98 666/120/531 633/125/99
f 633/125/99 666/120/531 663/119/532
f 633/125/99 663/119/532 634/126/645
f 672/125/102 671/120/534 657/119/101
f 672/125/102 657/119/101 635/126/646
f 675/459/647 627/459/636 677/458/648
f 675/459/647 677/458/648 636/458/649
f 637/439/505 681/439/472 638/540/650
f 637/439/505 638/540/650 639/540/621
f 639/540/621 638/540/650 640/541/651
f 639/540/621 640/541/651 641/541/652
f 641/541/652 640/541/651 684/542/653
f 641/541/652 684/542/653 642/542/654
f 642/542/654 684/542/653 689/539/655
f 642/542/654 689/539/655 643/539/617
f 643/539/617 689/539/655 658/501/644
f 643/539/617 658/501/644 644/501/570
f 654/39/39 692/38/38 651/40/40
f 651/40/40 692/38/38 650/156/551
f 650/156/551 692/38/38 645/41/536
f 665/445/635 679/444/656 676/459/640
f 676/459/640 679/444/656 646/458/642
f 652/148/124 647/149/125 668/147/657
f 668/147/657 647/149/125 649/150/658
f 647/149/125 652/148/124 654/39/39
f 654/39/39 648/151/126 647/149/125
f 647/149/125 648/151/126 649/150/658
f 649/150/658 648/151/126 664/152/659
f 655/146/122 651/40/40 656/155/129
f 656/155/129 651/40/40 650/156/551
f 651/40/40 655/146/122 654/39/39
f 654/39/39 652/148/124 691/153/127
f 691/153/127 652/148/124 653/154/128
f 653/154/128 652/148/124 668/147/657
f 655/146/122 648/151/126 654/39/39
f 664/152/659 648/151/126 655/146/122
f 664/152/659 655/146/122 656/155/129
f 635/128/646 657/127/101 667/123/567
f 635/128/646 667/123/567 632/124/98
f 644/501/570 658/501/644 459/425/453
f 644/501/570 459/425/453 460/425/503
f 660/124/106 659/123/660 661/120/105
f 660/124/106 661/120/105 662/125/107
f 662/125/107 661/120/105 669/119/661
f 662/125/107 669/119/661 670/126/132
f 634/128/645 663/127/532 659/123/660
f 634/128/645 659/123/660 660/124/106
f 664/121/659 663/119/532 666/120/531
f 664/121/659 666/120/531 649/122/658
f 479/459/521 673/458/520 679/457/656
f 479/459/521 679/457/656 665/545/635
f 649/121/658 666/119/531 667/120/567
f 649/121/658 667/120/567 668/122/657
f 670/124/132 669/123/661 671/120/534
f 670/124/132 671/120/534 672/125/102
f 645/121/536 669/119/661 661/120/105
f 645/121/536 661/120/105 650/122/551
f 693/121/42 671/119/534 669/120/661
f 693/121/42 669/120/661 645/122/536
f 673/457/520 557/457/605 677/458/648
f 673/457/520 677/458/648 679/458/656
f 636/458/649 677/458/648 557/457/605
f 636/458/649 557/457/605 674/457/637
f 628/545/638 626/545/606 627/459/636
f 628/545/638 627/459/636 675/459/647
f 629/445/639 627/459/636 665/459/635
f 629/445/639 665/459/635 676/445/640
f 678/445/641 677/444/648 627/444/636
f 678/445/641 627/444/636 629/445/639
f 646/444/642 679/458/656 677/458/648
f 646/444/642 677/458/648 678/444/641
f 681/439/472 680/438/471 682/544/662
f 681/439/472 682/544/662 638/540/650
f 638/540/650 682/544/662 683/543/663
f 638/540/650 683/543/663 640/541/651
f 640/541/651 683/543/663 686/528/599
f 640/541/651 686/528/599 684/542/653
f 685/529/600 682/544/662 680/438/471
f 683/543/663 682/544/662 685/529/600
f 685/529/600 686/528/599 683/543/663
f 687/530/643 688/527/664 685/529/600
f 685/529/600 688/527/664 686/528/599
f 688/527/664 687/530/643 689/539/655
f 689/539/655 687/530/643 658/501/644
f 686/528/599 688/527/664 684/542/653
f 684/542/653 688/527/664 689/539/655
f 690/37/37 691/153/127 693/42/42
f 693/42/42 691/153/127 653/154/128
f 691/153/127 690/37/37 654/39/39
f 654/39/39 690/37/37 692/38/38
f 692/38/38 690/37/37 645/41/536
f 645/41/536 690/37/37 693/42/42
f 811/546/665 825/547/666 810/548/667
f 810/548/667 825/547/666 703/549/668
f 708/550/669 748/551/670 797/552/671
f 797/552/671 748/551/670 694/553/672
f 754/554/673 849/555/674 695/556/675
f 695/556/675 849/555/674 696/557/676
f 848/558/677 849/559/674 809/560/678
f 809/560/678 849/559/674 754/561/673
f 753/562/679 697/563/680 804/564/681
f 804/564/681 697/563/680 806/565/682
f 739/566/683 757/567/684 753/568/679
f 753/568/679 757/567/684 697/569/680
f 738/570/685 699/571/686 739/572/683
f 739/572/683 699/571/686 757/573/684
f 799/574/687 698/575/688 738/576/685
f 738/576/685 698/575/688 699/577/686
f 812/578/689 827/579/690 822/580/691
f 822/580/691 827/579/690 700/581/692
f 822/580/691 700/581/692 701/582/693
f 701/582/693 700/581/692 714/583/694
f 701/582/693 714/583/694 824/584/695
f 824/584/695 714/583/694 733/585/696
f 824/584/695 733/585/696 702/586/697
f 702/586/697 733/585/696 730/587/698
f 702/586/697 730/587/698 825/547/666
f 825/547/666 730/587/698 703/549/668
f 704/555/699 705/554/700 735/557/701
f 735/557/701 705/554/700 706/556/702
f 828/574/703 707/575/704 755/576/705
f 755/576/705 707/575/704 746/577/706
f 699/570/686 755/571/705 757/572/684
f 757/572/684 755/571/705 708/573/669
f 698/574/688 828/575/703 699/576/686
f 699/576/686 828/575/703 755/577/705
f 709/574/707 801/575/708 758/576/709
f 758/576/709 801/575/708 710/577/710
f 711/588/711 700/581/692 827/579/690
f 711/588/711 827/579/690 818/589/712
f 711/588/711 818/589/712 712/590/713
f 712/590/713 818/589/712 817/591/714
f 712/590/713 817/591/714 727/592/715
f 727/592/715 817/591/714 743/593/716
f 727/592/715 743/593/716 713/594/717
f 715/595/718 714/583/694 700/581/692
f 715/595/718 700/581/692 711/588/711
f 717/596/719 716/597/720 815/598/721
f 717/596/719 815/598/721 718/599/722
f 718/599/722 815/598/721 814/600/723
f 718/599/722 814/600/723 842/601/724
f 454/16/24 422/15/446 720/12/12
f 454/16/24 720/12/12 719/11/449
f 719/11/449 720/12/12 423/13/448
f 719/11/449 423/13/448 424/14/14
f 475/16/24 721/15/446 722/12/12
f 475/16/24 722/12/12 723/11/11
f 723/11/11 722/12/12 724/13/13
f 723/11/11 724/13/13 725/14/14
f 713/594/717 815/602/721 716/603/720
f 713/594/717 716/603/720 726/604/725
f 727/592/715 713/594/717 726/604/725
f 727/592/715 726/604/725 728/605/726
f 728/605/726 726/604/725 810/548/667
f 728/605/726 810/548/667 729/606/727
f 729/606/727 810/548/667 703/549/668
f 729/606/727 703/549/668 730/587/698
f 751/564/728 731/562/729 752/563/730
f 751/564/728 752/563/730 732/565/731
f 729/606/727 730/587/698 733/585/696
f 729/606/727 733/585/696 715/595/718
f 715/595/718 733/585/696 714/583/694
f 847/554/732 704/555/699 734/556/733
f 734/556/733 704/555/699 735/557/701
f 736/574/734 709/575/707 707/576/704
f 707/576/704 709/575/707 758/577/709
f 737/607/735 847/554/732 820/608/736
f 820/608/736 847/554/732 734/556/733
f 759/570/737 738/571/685 760/572/738
f 760/572/738 738/571/685 739/573/683
f 71/93/71 834/609/739 73/98/91
f 73/98/91 834/609/739 778/610/740
f 740/611/741 831/612/742 741/613/743
f 742/614/744 787/610/745 778/610/740
f 742/614/744 778/610/740 780/614/746
f 814/615/723 743/593/716 817/591/714
f 814/615/723 817/591/714 744/616/747
f 744/598/747 816/600/748 841/601/749
f 744/598/747 841/601/749 745/599/750
f 746/576/706 707/574/704 758/575/709
f 746/576/706 758/575/709 747/577/751
f 748/572/670 746/570/706 747/571/751
f 748/572/670 747/571/751 749/573/752
f 694/617/672 748/618/670 749/567/752
f 694/617/672 749/567/752 731/569/729
f 731/569/729 749/567/752 760/618/738
f 731/569/729 760/618/738 752/617/730
f 752/617/730 760/618/738 739/567/683
f 752/617/730 739/567/683 753/569/679
f 750/564/753 694/562/672 731/563/729
f 750/564/753 731/563/729 751/565/728
f 732/564/731 752/562/730 753/563/679
f 732/564/731 753/563/679 804/565/681
f 840/560/754 809/558/678 754/559/673
f 840/560/754 754/559/673 705/561/700
f 706/556/702 705/554/700 754/607/673
f 706/556/702 754/607/673 695/608/675
f 708/572/669 755/570/705 746/571/706
f 708/572/669 746/571/706 748/573/670
f 806/564/682 697/562/680 797/563/671
f 806/564/682 797/563/671 756/565/755
f 697/569/680 757/567/684 708/550/669
f 697/569/680 708/550/669 797/552/671
f 747/576/751 758/574/709 710/575/710
f 747/576/751 710/575/710 759/577/737
f 749/572/752 747/570/751 759/571/737
f 749/572/752 759/571/737 760/573/738
f 761/103/80 73/105/91 778/619/740
f 761/103/80 778/619/740 787/620/745
f 762/71/756 742/69/744 780/70/746
f 762/71/756 780/70/746 763/72/757
f 68/103/88 764/105/82 796/619/758
f 68/103/88 796/619/758 765/620/759
f 75/23/4 766/108/5 770/621/760
f 75/23/4 770/621/760 768/26/761
f 790/24/26 77/23/4 767/107/762
f 790/24/26 767/107/762 791/27/763
f 767/622/762 768/3/761 769/54/764
f 767/622/762 769/54/764 791/623/763
f 771/1/765 768/3/761 770/2/760
f 771/1/765 772/49/765 768/3/761
f 768/3/761 772/49/765 769/54/764
f 772/49/765 781/47/766 769/54/764
f 781/47/766 772/49/765 773/48/25
f 781/47/766 773/48/25 793/56/762
f 793/56/762 773/48/25 794/55/767
f 24/4/4 781/624/766 792/4/4
f 792/4/4 781/624/766 793/624/762
f 771/621/765 774/625/768 772/626/765
f 772/626/765 774/625/768 776/627/769
f 775/20/47 776/21/769 777/19/47
f 777/19/47 776/21/769 774/22/768
f 833/628/770 779/629/771 834/609/739
f 834/609/739 779/629/771 780/614/746
f 834/609/739 780/614/746 778/610/740
f 780/614/746 779/629/771 740/611/741
f 780/614/746 740/611/741 763/630/757
f 24/4/4 130/24/26 769/25/764
f 24/4/4 769/25/764 781/624/766
f 77/109/4 75/111/4 768/631/761
f 77/109/4 768/631/761 767/632/762
f 740/611/741 741/613/743 765/633/759
f 740/611/741 765/633/759 763/630/757
f 763/630/757 765/633/759 796/633/758
f 763/630/757 796/633/758 762/630/756
f 762/630/756 796/633/758 782/613/772
f 762/630/756 782/613/772 788/611/773
f 788/611/773 782/613/772 789/612/774
f 788/611/773 789/612/774 783/629/775
f 783/629/775 789/612/774 784/628/776
f 783/629/775 784/628/776 785/609/777
f 785/609/777 784/628/776 64/92/76
f 785/609/777 64/92/76 786/93/78
f 786/93/78 761/98/80 787/610/745
f 786/93/78 787/610/745 785/609/777
f 785/609/777 787/610/745 742/614/744
f 785/609/777 742/614/744 783/629/775
f 783/629/775 742/614/744 762/630/756
f 783/629/775 762/630/756 788/611/773
f 795/101/84 66/102/86 789/612/774
f 795/101/84 789/612/774 782/613/772
f 130/157/26 790/159/26 791/632/763
f 130/157/26 791/632/763 769/631/764
f 2/5/5 792/4/4 793/624/762
f 2/5/5 793/624/762 794/626/767
f 764/100/82 795/101/84 782/613/772
f 764/100/82 782/613/772 796/633/758
f 831/612/742 740/611/741 779/629/771
f 831/612/742 779/629/771 833/628/770
f 842/596/724 814/597/723 744/598/747
f 842/596/724 744/598/747 745/599/750
f 756/564/755 797/562/671 694/563/672
f 756/564/755 694/563/672 750/565/753
f 799/576/687 798/574/778 800/575/779
f 799/576/687 800/575/779 698/577/688
f 710/576/710 801/574/708 798/575/778
f 710/576/710 798/575/778 799/577/687
f 803/634/678 802/635/754 732/636/731
f 803/634/678 732/636/731 804/637/681
f 805/634/677 803/635/678 804/636/681
f 805/634/677 804/636/681 806/637/682
f 803/635/678 805/634/677 807/638/677
f 803/635/678 807/638/677 808/639/678
f 808/639/678 807/638/677 848/558/677
f 808/639/678 848/558/677 809/560/678
f 810/548/667 726/604/725 716/603/720
f 810/548/667 716/603/720 811/546/665
f 841/596/749 816/597/748 812/598/689
f 841/596/749 812/598/689 813/599/780
f 813/599/780 812/598/689 822/600/691
f 813/599/780 822/600/691 835/601/781
f 743/593/716 814/615/723 815/602/721
f 743/593/716 815/602/721 713/594/717
f 816/640/748 744/616/747 817/591/714
f 816/640/748 817/591/714 818/589/712
f 828/576/703 819/574/782 736/575/734
f 828/576/703 736/575/734 707/577/704
f 696/556/676 849/554/674 737/607/735
f 696/556/676 737/607/735 820/608/736
f 802/635/754 803/634/678 808/638/678
f 802/635/754 808/638/678 821/639/783
f 821/639/783 808/638/678 809/558/678
f 821/639/783 809/558/678 840/560/754
f 759/576/737 710/574/710 799/575/687
f 759/576/737 799/575/687 738/577/685
f 835/596/781 822/597/691 701/598/693
f 835/596/781 701/598/693 823/599/784
f 823/599/784 701/598/693 824/600/695
f 823/599/784 824/600/695 836/601/785
f 836/596/785 824/597/695 702/598/697
f 836/596/785 702/598/697 837/599/786
f 837/599/786 702/598/697 825/600/666
f 837/599/786 825/600/666 838/601/787
f 838/596/787 825/597/666 811/598/665
f 838/596/787 811/598/665 826/599/788
f 826/599/788 811/598/665 716/600/720
f 826/599/788 716/600/720 717/601/719
f 816/640/748 818/589/712 827/579/690
f 816/640/748 827/579/690 812/578/689
f 698/576/688 800/574/779 819/575/782
f 698/576/688 819/575/782 828/577/703
f 832/92/70 829/102/89 831/612/742
f 832/92/70 831/612/742 833/628/770
f 830/101/90 68/100/88 765/633/759
f 830/101/90 765/633/759 741/613/743
f 829/102/89 830/101/90 741/613/743
f 829/102/89 741/613/743 831/612/742
f 71/93/71 832/92/70 833/628/770
f 71/93/71 833/628/770 834/609/739
f 839/641/39 835/589/781 823/579/784
f 839/641/39 823/579/784 836/581/785
f 839/641/39 836/581/785 837/583/786
f 839/641/39 837/583/786 838/585/787
f 826/587/788 839/641/39 838/585/787
f 717/549/719 839/641/39 826/587/788
f 718/548/722 839/641/39 717/549/719
f 840/642/754 705/643/700 843/644/789
f 843/644/789 705/643/700 704/557/699
f 843/644/789 704/557/699 851/642/790
f 851/642/790 704/557/699 847/643/732
f 839/641/39 813/591/780 835/589/781
f 839/641/39 841/593/749 813/591/780
f 839/641/39 745/594/750 841/593/749
f 839/641/39 842/604/724 745/594/750
f 839/641/39 718/548/722 842/604/724
f 840/642/754 843/644/789 844/645/789
f 840/642/754 844/645/789 821/646/783
f 821/646/783 844/645/789 846/647/789
f 821/646/783 846/647/789 802/648/754
f 802/648/754 846/647/789 751/649/728
f 802/648/754 751/649/728 732/650/731
f 843/644/789 851/642/790 853/646/791
f 843/644/789 853/646/791 844/645/789
f 844/645/789 853/646/791 845/648/790
f 844/645/789 845/648/790 846/647/789
f 846/647/789 845/648/790 750/650/753
f 846/647/789 750/650/753 751/649/728
f 850/651/792 851/642/790 847/643/732
f 850/651/792 847/643/732 737/652/735
f 848/558/677 850/651/792 737/652/735
f 848/558/677 737/652/735 849/559/674
f 851/642/790 850/651/792 852/653/792
f 851/642/790 852/653/792 853/646/791
f 853/646/791 852/653/792 854/654/792
f 853/646/791 854/654/792 845/648/790
f 845/648/790 854/654/792 756/655/755
f 845/648/790 756/655/755 750/650/753
f 850/651/792 848/558/677 807/638/677
f 850/651/792 807/638/677 852/653/792
f 852/653/792 807/638/677 805/634/677
f 852/653/792 805/634/677 854/654/792
f 854/654/792 805/634/677 806/637/682
f 854/654/792 806/637/682 756/655/755
usemtl RefRep.14_SH_initial_loader.002
f 858/656/2 859/657/793 860/658/2
f 860/658/2 859/657/793 855/659/794
f 856/660/47 857/661/47 858/662/2
f 858/662/2 857/661/47 859/663/793
f 860/664/2 855/665/794 861/666/2
f 861/666/2 855/665/794 862/667/795
f 863/658/25 1000/668/25 1054/669/767
f 1054/669/767 1000/668/25 864/670/767
f 865/671/796 2950/672/797 2955/673/798
f 2955/673/798 2950/672/797 2951/674/760
f 866/675/796 1096/676/799 865/671/796
f 865/671/796 1096/676/799 2950/672/797
f 1024/677/800 918/678/801 867/679/802
f 867/679/802 918/678/801 920/680/803
f 1024/681/800 867/682/802 868/683/804
f 868/683/804 867/682/802 869/684/805
f 870/685/806 873/686/807 871/687/808
f 871/687/808 873/686/807 872/688/809
f 873/686/807 874/689/810 872/688/809
f 872/688/809 874/689/810 875/690/811
f 880/691/812 876/692/813 882/693/814
f 882/693/814 876/692/813 885/694/815
f 882/693/814 885/694/815 883/695/816
f 883/695/816 885/694/815 877/696/817
f 883/695/816 877/696/817 878/697/818
f 878/697/818 877/696/817 879/698/819
f 1099/699/820 876/692/813 1101/700/821
f 1101/700/821 876/692/813 880/691/812
f 884/701/822 878/697/818 887/702/823
f 887/702/823 878/697/818 879/698/819
f 1101/703/821 880/704/812 881/705/824
f 881/705/824 880/704/812 882/700/814
f 881/705/824 882/700/814 1100/706/825
f 1100/706/825 882/700/814 883/695/816
f 1100/706/825 883/695/816 884/701/822
f 884/701/822 883/695/816 878/697/818
f 876/692/813 1099/699/820 885/694/815
f 885/694/815 1099/699/820 886/707/826
f 885/694/815 886/707/826 877/696/817
f 877/696/817 886/707/826 1098/708/827
f 877/696/817 1098/708/827 879/698/819
f 879/698/819 1098/708/827 887/702/823
f 898/677/828 897/678/829 895/679/830
f 895/679/830 897/678/829 893/680/831
f 898/681/828 895/682/830 888/683/804
f 888/683/804 895/682/830 896/684/805
f 889/683/47 890/684/805 891/709/47
f 891/709/47 890/684/805 892/710/805
f 893/682/831 894/684/832 895/681/830
f 895/681/830 894/684/832 896/683/805
f 897/681/829 899/683/833 893/682/831
f 893/682/831 899/683/833 894/684/832
f 898/711/828 888/712/804 897/713/829
f 897/713/829 888/712/804 899/683/833
f 900/683/47 901/684/834 902/709/47
f 902/709/47 901/684/834 903/710/805
f 913/684/835 914/710/832 890/683/805
f 890/683/805 914/710/832 892/709/805
f 904/683/25 905/709/25 1030/684/836
f 1030/684/836 905/709/25 906/710/832
f 1025/711/800 1026/712/804 1028/713/829
f 1028/713/829 1026/712/804 907/683/145
f 908/683/47 923/684/805 909/709/47
f 909/709/47 923/684/805 910/710/805
f 911/683/25 912/709/25 913/684/835
f 913/684/835 912/709/25 914/710/832
f 915/683/25 916/709/25 917/684/835
f 917/684/835 916/709/25 922/710/832
f 920/682/803 921/684/832 867/681/802
f 867/681/802 921/684/832 869/683/805
f 918/681/801 919/683/145 920/682/803
f 920/682/803 919/683/145 921/684/832
f 917/684/835 922/710/832 923/683/805
f 923/683/805 922/710/832 910/709/805
f 949/714/837 1103/715/838 950/716/839
f 950/716/839 1103/715/838 925/717/840
f 1103/715/838 924/714/841 925/717/840
f 925/717/840 924/714/841 926/716/842
f 924/714/841 928/718/843 926/716/842
f 926/716/842 928/718/843 927/719/844
f 928/718/843 929/720/845 927/719/844
f 927/719/844 929/720/845 930/721/846
f 929/720/845 1102/722/847 930/721/846
f 930/721/846 1102/722/847 931/723/848
f 1092/722/849 968/720/850 932/723/851
f 932/723/851 968/720/850 1084/721/852
f 1083/724/853 934/725/854 933/726/855
f 933/726/855 934/725/854 935/727/856
f 934/725/854 1066/728/857 935/727/856
f 935/727/856 1066/728/857 1067/729/858
f 936/730/2 985/731/793 937/732/767
f 937/732/767 985/731/793 938/733/767
f 939/734/859 940/735/859 944/736/860
f 944/736/860 940/735/859 1063/737/861
f 941/738/39 942/739/804 954/740/39
f 954/740/39 942/739/804 992/741/862
f 1062/742/863 943/743/864 1015/744/5
f 1015/744/5 943/743/864 938/745/865
f 944/746/860 1063/747/861 1062/748/863
f 1062/748/863 1063/747/861 943/749/864
f 944/736/860 1017/750/866 939/734/859
f 939/734/859 1017/750/866 945/751/859
f 974/729/867 946/752/868 972/753/869
f 972/753/869 946/752/868 947/753/870
f 947/753/870 948/754/871 972/753/869
f 963/755/872 962/756/873 951/757/874
f 963/755/872 951/757/874 952/758/875
f 955/719/876 1104/718/877 949/714/837
f 955/719/876 949/714/837 950/716/839
f 952/721/875 951/720/874 1106/720/878
f 952/721/875 1106/720/878 953/721/879
f 941/738/39 954/740/39 1061/759/880
f 941/738/39 1061/759/880 1060/760/833
f 953/721/879 1106/720/878 1104/718/877
f 953/721/879 1104/718/877 955/719/876
f 1035/761/767 1036/762/881 2986/763/882
f 1035/761/767 2986/763/882 2984/764/883
f 1001/765/767 1008/766/2 1010/767/2
f 1001/765/767 1010/767/2 986/768/767
f 986/768/767 1010/767/2 936/730/2
f 986/768/767 936/730/2 937/732/767
f 1121/769/884 1119/770/885 956/771/886
f 1097/772/887 957/773/888 1033/774/889
f 1033/774/889 957/773/888 958/775/890
f 960/776/891 959/777/892 2986/778/882
f 2986/778/882 959/777/892 2984/779/883
f 959/764/892 960/763/891 3003/780/803
f 3003/780/803 960/763/891 961/781/893
f 965/782/894 962/756/873 967/783/895
f 967/783/895 962/756/873 963/755/872
f 1102/722/847 964/784/896 931/723/848
f 931/723/848 964/784/896 966/785/897
f 964/784/896 965/782/894 966/785/897
f 966/785/897 965/782/894 967/783/895
f 968/720/850 1082/718/898 1084/721/852
f 1084/721/852 1082/718/898 969/719/899
f 969/786/899 1083/724/853 970/787/900
f 970/787/900 1083/724/853 933/726/855
f 971/660/47 1003/662/769 942/735/804
f 942/735/804 1003/662/769 992/737/862
f 972/753/869 948/754/871 974/729/867
f 974/729/867 948/754/871 973/788/901
f 973/788/901 946/752/868 974/729/867
f 978/789/902 975/790/903 980/790/904
f 978/789/902 980/790/904 976/791/905
f 978/789/902 976/791/905 977/792/906
f 978/789/902 977/792/906 975/790/903
f 975/790/903 977/792/906 979/793/907
f 979/793/907 980/790/904 975/790/903
f 994/794/908 981/795/909 982/796/910
f 983/658/47 984/668/47 936/669/2
f 936/669/2 984/668/47 985/670/793
f 988/664/767 1006/665/767 937/666/767
f 937/666/767 1006/665/767 986/667/767
f 987/656/767 991/657/767 988/658/767
f 988/658/767 991/657/767 1006/659/767
f 989/660/25 990/661/25 987/662/767
f 987/662/767 990/661/25 991/663/767
f 992/797/862 993/798/911 1051/799/912
f 956/771/886 1119/770/885 994/794/908
f 956/771/886 994/794/908 982/796/910
f 993/800/911 995/664/793 1050/666/913
f 993/800/911 1050/666/913 1051/801/912
f 863/658/25 1054/669/767 996/802/765
f 863/658/25 996/802/765 997/659/25
f 999/803/25 998/804/767 864/802/767
f 999/803/25 864/802/767 1000/659/25
f 1005/805/767 1001/806/767 986/801/767
f 1005/805/767 986/801/767 1006/800/767
f 987/656/767 988/658/767 1065/668/914
f 987/656/767 1065/668/914 1002/807/765
f 858/656/2 860/658/2 1043/668/2
f 858/656/2 1043/668/2 1047/807/2
f 992/807/862 1003/656/769 995/658/793
f 992/807/862 995/658/793 993/668/911
f 1019/808/2 1042/803/2 995/658/793
f 1019/808/2 995/658/793 1003/656/769
f 983/658/47 936/669/2 1010/802/2
f 983/658/47 1010/802/2 1009/659/47
f 1059/656/915 1061/657/880 1004/659/916
f 1059/656/915 1004/659/916 1013/658/917
f 1005/809/767 1056/810/767 1059/656/915
f 1005/809/767 1059/656/915 1013/658/917
f 1056/810/767 1005/809/767 1006/668/767
f 1056/810/767 1006/668/767 991/807/767
f 1008/811/2 1007/809/47 1009/668/47
f 1008/811/2 1009/668/47 1010/670/2
f 1008/766/2 1001/765/767 1011/812/767
f 1008/766/2 1011/812/767 1012/813/913
f 1012/813/913 1011/812/767 1014/814/918
f 1012/813/913 1014/814/918 1038/815/919
f 1001/806/767 1005/805/767 1013/664/917
f 1001/806/767 1013/664/917 1011/666/767
f 1011/666/767 1013/664/917 1004/665/916
f 1011/666/767 1004/665/916 1014/667/918
f 1021/816/4 1049/817/26 1038/767/919
f 1021/816/4 1038/767/919 1014/818/918
f 1062/742/863 1015/744/5 862/819/920
f 1062/742/863 862/819/920 1016/820/921
f 1017/821/866 1016/822/921 1018/823/922
f 1019/824/2 1003/662/769 1046/825/47
f 1046/825/47 1003/662/769 971/660/47
f 858/662/2 1047/737/2 856/660/47
f 856/660/47 1047/737/2 1020/735/47
f 1021/738/4 1014/826/918 954/827/39
f 954/827/39 1014/826/918 1061/828/880
f 1032/829/923 870/685/806 3026/830/924
f 3026/830/924 870/685/806 871/687/808
f 1031/831/925 1032/829/923 3018/832/926
f 3018/832/926 1032/829/923 3026/830/924
f 1028/681/829 907/683/145 1029/682/803
f 1029/682/803 907/683/145 1022/684/832
f 1029/682/803 1022/684/832 1023/681/830
f 1023/681/830 1022/684/832 1027/683/834
f 1024/711/800 868/712/804 918/713/801
f 918/713/801 868/712/804 919/683/145
f 1025/681/800 1023/682/830 1026/683/804
f 1026/683/804 1023/682/830 1027/684/834
f 1025/677/800 1028/678/829 1023/679/830
f 1023/679/830 1028/678/829 1029/680/803
f 1030/684/836 906/710/832 901/683/834
f 901/683/834 906/710/832 903/709/805
f 1034/833/927 1031/831/925 3023/834/928
f 3023/834/928 1031/831/925 3018/832/926
f 874/689/810 873/686/807 958/835/890
f 958/835/890 873/686/807 870/685/806
f 958/835/890 870/685/806 1033/774/889
f 1033/774/889 870/685/806 1032/829/923
f 1033/774/889 1032/829/923 1031/831/925
f 1034/833/927 1033/774/889 1031/831/925
f 1035/761/767 1096/676/799 1036/762/881
f 1036/762/881 1096/676/799 866/675/796
f 1014/826/918 1004/836/916 1061/828/880
f 1048/659/805 1037/658/47 1012/669/913
f 1048/659/805 1012/669/913 1038/802/919
f 1039/658/929 1049/669/26 1040/802/930
f 1039/658/929 1040/802/930 1041/659/836
f 1054/730/767 861/732/2 862/733/795
f 1054/730/767 862/733/795 996/731/765
f 1042/803/2 1019/808/2 1047/657/2
f 1042/803/2 1047/657/2 1043/659/2
f 1055/837/2 1042/838/2 1043/665/2
f 1055/837/2 1043/665/2 1044/667/2
f 998/804/767 999/803/25 1045/658/25
f 998/804/767 1045/658/25 1052/669/767
f 1052/669/767 1045/658/25 1041/668/836
f 1052/669/767 1041/668/836 1040/670/930
f 1019/824/2 1046/825/47 1020/661/47
f 1019/824/2 1020/661/47 1047/663/2
f 1049/669/26 1039/658/929 1048/668/805
f 1049/669/26 1048/668/805 1038/670/919
f 1049/817/26 1021/816/4 1051/839/912
f 1049/817/26 1051/839/912 1040/815/930
f 1050/812/913 1052/813/767 1040/815/930
f 1050/812/913 1040/815/930 1051/814/912
f 1055/765/2 998/766/767 1052/813/767
f 1055/765/2 1052/813/767 1050/812/913
f 1007/809/47 1008/811/2 1012/669/913
f 1007/809/47 1012/669/913 1037/658/47
f 1021/738/4 954/827/39 992/797/862
f 1021/738/4 992/797/862 1051/799/912
f 989/660/25 987/662/767 1002/737/765
f 989/660/25 1002/737/765 1053/735/25
f 861/732/2 1054/730/767 864/767/767
f 861/732/2 864/767/767 1044/768/2
f 1044/768/2 864/767/767 998/766/767
f 1044/768/2 998/766/767 1055/765/2
f 860/664/2 861/666/2 1044/801/2
f 860/664/2 1044/801/2 1043/800/2
f 1057/840/25 1056/841/767 991/737/767
f 1057/840/25 991/737/767 990/735/25
f 1056/841/767 1057/840/25 1058/660/25
f 1056/841/767 1058/660/25 1059/662/915
f 1059/662/915 1058/660/25 1060/661/833
f 1059/662/915 1060/661/833 1061/663/880
f 1042/838/2 1055/837/2 1050/666/913
f 1042/838/2 1050/666/913 995/664/793
f 944/746/860 1062/748/863 1016/822/921
f 944/746/860 1016/822/921 1017/821/866
f 943/749/864 1063/747/861 1064/842/931
f 937/666/767 938/801/767 988/664/767
f 988/664/767 938/801/767 1065/800/914
f 1066/728/857 1069/843/932 1067/729/858
f 1067/729/858 1069/843/932 1068/844/933
f 1069/843/932 1081/845/934 1068/844/933
f 1068/844/933 1081/845/934 1070/846/935
f 1081/845/934 1079/847/936 1070/846/935
f 1070/846/935 1079/847/936 1071/848/937
f 1079/847/936 1073/849/938 1071/848/937
f 1071/848/937 1073/849/938 1072/850/939
f 1073/849/938 1075/851/940 1072/850/939
f 1072/850/939 1075/851/940 1074/852/941
f 1075/851/940 1077/853/942 1074/852/941
f 1074/852/941 1077/853/942 1090/854/943
f 1093/855/944 1092/722/849 1077/856/942
f 1077/856/942 1092/722/849 932/723/851
f 1076/857/945 1093/855/944 1075/858/940
f 1075/858/940 1093/855/944 1077/856/942
f 1094/784/946 1076/857/945 1073/785/938
f 1073/785/938 1076/857/945 1075/858/940
f 1078/722/947 1094/784/946 1079/723/936
f 1079/723/936 1094/784/946 1073/785/938
f 1095/720/948 1078/722/947 1081/721/934
f 1081/721/934 1078/722/947 1079/723/936
f 1080/718/949 1095/720/948 1069/719/932
f 1069/719/932 1095/720/948 1081/721/934
f 1089/714/950 1080/718/949 1066/716/857
f 1066/716/857 1080/718/949 1069/719/932
f 1082/718/898 1085/714/951 969/719/899
f 969/719/899 1085/714/951 1083/716/853
f 1084/859/852 969/786/899 1087/860/952
f 1087/860/952 969/786/899 970/787/900
f 1085/714/951 1088/715/953 1083/716/853
f 1083/716/853 1088/715/953 934/717/854
f 932/861/851 1084/859/852 1086/862/954
f 1086/862/954 1084/859/852 1087/860/952
f 1088/715/953 1089/714/950 934/717/854
f 934/717/854 1089/714/950 1066/716/857
f 1077/853/942 932/861/851 1090/854/943
f 1090/854/943 932/861/851 1086/862/954
f 1080/843/949 1089/728/950 1091/863/5
f 1091/863/5 1089/728/950 1088/725/953
f 1091/863/5 1088/725/953 1085/724/951
f 1091/863/5 1085/724/951 1082/786/898
f 1091/863/5 1082/786/898 968/859/850
f 1091/863/5 968/859/850 1092/861/849
f 1091/863/5 1092/861/849 1093/853/944
f 1091/863/5 1093/853/944 1076/851/945
f 1091/863/5 1076/851/945 1094/849/946
f 1091/863/5 1094/849/946 1078/847/947
f 1091/863/5 1078/847/947 1095/845/948
f 1091/863/5 1095/845/948 1080/843/949
f 1096/864/799 887/702/823 1097/772/887
f 1097/772/887 887/702/823 1098/708/827
f 1097/772/887 1098/708/827 957/865/888
f 957/865/888 1098/708/827 886/707/826
f 957/865/888 886/707/826 1099/699/820
f 887/702/823 1096/864/799 884/701/822
f 1096/864/799 1035/866/767 884/701/822
f 884/701/822 1035/866/767 1100/706/825
f 1035/866/767 2984/867/883 1100/706/825
f 1100/706/825 2984/867/883 881/868/824
f 1101/700/821 881/868/824 2984/867/883
f 2984/867/883 1099/699/820 1101/700/821
f 2984/867/883 957/865/888 1099/699/820
f 1105/869/5 965/870/894 964/871/896
f 1105/869/5 964/871/896 1102/872/847
f 1105/869/5 1102/872/847 929/873/845
f 1105/869/5 929/873/845 928/874/843
f 1105/869/5 928/874/843 924/875/841
f 1105/869/5 924/875/841 1103/876/838
f 1105/869/5 1103/876/838 949/877/837
f 1105/869/5 949/877/837 1104/878/877
f 1105/869/5 1104/878/877 1106/879/878
f 1105/869/5 1106/879/878 951/880/874
f 1105/869/5 951/880/874 962/881/873
f 1105/869/5 962/881/873 965/870/894
f 1118/882/955 953/879/879 955/878/876
f 1118/882/955 955/878/876 1107/883/956
f 1107/883/956 955/878/876 950/877/839
f 1107/883/956 950/877/839 1108/884/957
f 1108/884/957 950/877/839 925/876/840
f 1108/884/957 925/876/840 1109/885/958
f 1109/885/958 925/876/840 926/875/842
f 1109/885/958 926/875/842 1110/886/959
f 1110/886/959 926/875/842 927/874/844
f 1110/886/959 927/874/844 1111/887/960
f 1111/887/960 927/874/844 930/873/846
f 1111/887/960 930/873/846 1112/888/961
f 1112/888/961 930/873/846 931/872/848
f 1112/888/961 931/872/848 1113/889/962
f 1113/889/962 931/872/848 966/871/897
f 1113/889/962 966/871/897 1114/890/963
f 1114/890/963 966/871/897 967/870/895
f 1114/890/963 967/870/895 1115/891/964
f 1115/891/964 967/870/895 963/881/872
f 1115/891/964 963/881/872 1116/892/965
f 1116/892/965 963/881/872 952/880/875
f 1116/892/965 952/880/875 1117/893/966
f 1117/893/966 952/880/875 953/879/879
f 1117/893/966 953/879/879 1118/882/955
f 1121/769/884 1120/894/967 1119/770/885
f 994/794/908 1119/770/885 1122/895/968
f 1122/895/968 1119/770/885 1120/894/967
f 1122/895/968 1120/894/967 981/795/909
f 981/795/909 1120/894/967 1121/769/884
f 1122/895/968 981/795/909 994/794/908
f 1123/896/969 1125/897/970 1138/898/971
f 1138/898/971 1125/897/970 1124/899/972
f 1125/897/970 1126/900/973 1124/899/972
f 1124/899/972 1126/900/973 1127/901/974
f 1126/900/973 1128/902/975 1127/901/974
f 1127/901/974 1128/902/975 1129/903/976
f 1128/902/975 1131/904/977 1129/903/976
f 1129/903/976 1131/904/977 1130/905/978
f 1131/904/977 1132/906/979 1130/905/978
f 1130/905/978 1132/906/979 1133/907/980
f 1132/906/979 1134/908/981 1133/907/980
f 1133/907/980 1134/908/981 1135/909/982
f 1134/908/981 1137/910/983 1135/909/982
f 1135/909/982 1137/910/983 1136/911/984
f 1137/910/983 1123/896/969 1136/911/984
f 1136/911/984 1123/896/969 1138/898/971
f 1139/911/985 1142/898/986 1140/910/987
f 1140/910/987 1142/898/986 1141/896/988
f 1142/898/986 1144/899/989 1141/896/988
f 1141/896/988 1144/899/989 1143/897/990
f 1144/899/989 1152/901/991 1143/897/990
f 1143/897/990 1152/901/991 1145/900/992
f 1146/909/993 1139/911/985 1148/908/994
f 1148/908/994 1139/911/985 1140/910/987
f 1147/907/995 1146/909/993 1151/906/996
f 1151/906/996 1146/909/993 1148/908/994
f 1149/905/997 1147/907/995 1150/904/998
f 1150/904/998 1147/907/995 1151/906/996
f 1152/901/991 1153/903/999 1145/900/992
f 1145/900/992 1153/903/999 1154/902/1000
f 1153/903/999 1149/905/997 1154/902/1000
f 1154/902/1000 1149/905/997 1150/904/998
f 1164/912/1001 1401/913/1002 1163/914/1003
f 1163/914/1003 1401/913/1002 1155/915/1004
f 1163/914/1003 1155/915/1004 1160/916/1005
f 1160/916/1005 1155/915/1004 1156/917/1006
f 1160/916/1005 1156/917/1006 1159/918/1007
f 1159/918/1007 1156/917/1006 1157/919/1008
f 1401/913/1002 1166/920/1009 1155/915/1004
f 1155/915/1004 1166/920/1009 1167/921/1010
f 1155/915/1004 1167/921/1010 1156/917/1006
f 1156/917/1006 1167/921/1010 1158/922/1011
f 1156/917/1006 1158/922/1011 1165/923/1012
f 1160/916/1005 1159/918/1007 1161/924/1013
f 1160/916/1005 1161/924/1013 1162/925/1014
f 1160/916/1005 1162/925/1014 1404/926/1015
f 1160/916/1005 1404/926/1015 1163/914/1003
f 1163/914/1003 1404/926/1015 1403/927/1016
f 1163/914/1003 1403/927/1016 1164/912/1001
f 1156/917/1006 1165/923/1012 1157/919/1008
f 1166/920/1009 1401/913/1002 1400/915/1017
f 1166/920/1009 1400/915/1017 1167/921/1010
f 1165/923/1012 1158/922/1011 1402/917/1018
f 1402/917/1018 1158/922/1011 1167/921/1010
f 1402/917/1018 1167/921/1010 1400/915/1017
f 1168/928/1019 1178/929/1016 1176/930/1020
f 1168/928/1019 1176/930/1020 1172/931/1021
f 1172/931/1021 1176/930/1020 1175/932/1022
f 1172/931/1021 1175/932/1022 1169/933/1009
f 1172/931/1021 1169/933/1009 1170/934/1023
f 1172/931/1021 1170/934/1023 1184/935/1006
f 1184/935/1006 1170/934/1023 1185/936/1024
f 1184/935/1006 1171/937/1005 1172/931/1021
f 1172/931/1021 1171/937/1005 1168/928/1019
f 1173/938/1025 1185/936/1024 1181/935/1026
f 1176/930/1020 1174/928/1027 1182/931/1028
f 1176/930/1020 1182/931/1028 1175/932/1022
f 1175/932/1022 1182/931/1028 1169/933/1009
f 1174/928/1027 1176/930/1020 1178/929/1016
f 1187/939/1013 1180/937/1029 1179/940/1030
f 1187/939/1013 1177/941/1031 1180/937/1029
f 1180/937/1029 1177/941/1031 1186/942/1008
f 1180/937/1029 1186/942/1008 1181/935/1026
f 1181/935/1026 1186/942/1008 1173/938/1025
f 1178/929/1016 1183/943/1032 1174/928/1027
f 1174/928/1027 1183/943/1032 1179/940/1030
f 1174/928/1027 1179/940/1030 1180/937/1029
f 1174/928/1027 1180/937/1029 1181/935/1026
f 1174/928/1027 1181/935/1026 1182/931/1028
f 1182/931/1028 1181/935/1026 1185/936/1024
f 1182/931/1028 1185/936/1024 1170/934/1023
f 1169/933/1009 1182/931/1028 1170/934/1023
f 1168/928/1019 1183/943/1032 1178/929/1016
f 1173/938/1025 1184/935/1006 1185/936/1024
f 1173/938/1025 1186/942/1008 1184/935/1006
f 1184/935/1006 1186/942/1008 1177/941/1031
f 1184/935/1006 1177/941/1031 1171/937/1005
f 1171/937/1005 1177/941/1031 1187/939/1013
f 1171/937/1005 1187/939/1013 1179/940/1030
f 1171/937/1005 1179/940/1030 1183/943/1032
f 1171/937/1005 1183/943/1032 1168/928/1019
f 1188/944/1033 1190/945/1034 1189/946/1035
f 1188/944/1033 1189/946/1035 1191/947/1036
f 1188/944/1033 1196/948/1037 1190/945/1034
f 1191/947/1036 1195/949/1038 1188/944/1033
f 1188/944/1033 1195/949/1038 2286/950/1039
f 1188/944/1033 2286/950/1039 1374/951/1040
f 1188/944/1033 1192/952/1041 1196/948/1037
f 1193/953/1042 1192/952/1041 1188/944/1033
f 1188/944/1033 1198/954/1043 1193/953/1042
f 1194/955/1044 1198/954/1043 1188/944/1033
f 1188/944/1033 1373/956/1045 1194/955/1044
f 1374/951/1040 1373/956/1045 1188/944/1033
f 2287/957/1046 2286/958/1039 1195/959/1038
f 2287/957/1046 1195/959/1038 1205/960/1047
f 1205/960/1047 1195/959/1038 1191/961/1036
f 1205/960/1047 1191/961/1036 1201/962/1048
f 1201/962/1048 1191/961/1036 1189/959/1035
f 1201/962/1048 1189/959/1035 1202/960/1049
f 1202/960/1049 1189/959/1035 1190/958/1034
f 1202/960/1049 1190/958/1034 1200/957/1050
f 1200/957/1050 1190/958/1034 1196/963/1037
f 1200/957/1050 1196/963/1037 1197/964/1051
f 1197/964/1051 1196/963/1037 1192/965/1041
f 1197/964/1051 1192/965/1041 1369/966/1052
f 1369/966/1052 1192/965/1041 1193/967/1042
f 1369/966/1052 1193/967/1042 1370/968/1053
f 1370/968/1053 1193/967/1042 1198/969/1043
f 1370/968/1053 1198/969/1043 1199/970/1054
f 1199/970/1054 1198/969/1043 1194/967/1044
f 1199/970/1054 1194/967/1044 1371/968/1055
f 1371/968/1055 1194/967/1044 1373/965/1045
f 1371/968/1055 1373/965/1045 1372/966/1056
f 1203/944/1057 1202/946/1049 1200/945/1050
f 1201/947/1048 1202/946/1049 1203/944/1057
f 1203/944/1057 1204/951/1058 2287/950/1046
f 1203/944/1057 2287/950/1046 1205/949/1047
f 1203/944/1057 1205/949/1047 1201/947/1048
f 1206/971/1059 1207/972/47 1720/973/1060
f 1720/973/1060 1207/972/47 1719/974/1061
f 1688/975/1062 1687/975/1063 1214/975/1064
f 1214/975/1064 1687/975/1063 1208/975/1065
f 1663/976/1066 1664/976/1067 1215/977/1068
f 1215/977/1068 1664/976/1067 1216/976/1069
f 1662/978/1070 1663/976/1066 1209/978/1071
f 1209/978/1071 1663/976/1066 1215/977/1068
f 1687/975/1063 1839/979/1072 1208/975/1065
f 1208/975/1065 1839/979/1072 1840/979/1073
f 1208/975/1065 1840/979/1073 1217/980/1074
f 1217/980/1074 1840/979/1073 1210/981/1075
f 1217/980/1074 1210/981/1075 1219/982/1076
f 1219/982/1076 1210/981/1075 1211/983/1077
f 1219/982/1076 1211/983/1077 1222/984/1078
f 1222/984/1078 1211/983/1077 1661/983/1079
f 1222/984/1078 1661/983/1079 1656/984/1080
f 1210/981/1075 1657/981/1081 1661/983/1079
f 1210/981/1075 1661/983/1079 1211/983/1077
f 1213/985/1082 1212/985/1083 1662/978/1070
f 1213/985/1082 1662/978/1070 1209/978/1071
f 1208/975/1065 1217/980/1074 1214/975/1064
f 1659/986/1084 1212/985/1083 1220/986/1085
f 1220/986/1085 1212/985/1083 1213/985/1082
f 1220/986/1085 1213/985/1082 1223/987/1086
f 1223/987/1086 1213/985/1082 1209/978/1071
f 1223/987/1086 1209/978/1071 1218/988/1087
f 1218/988/1087 1209/978/1071 1215/976/1068
f 1218/988/1087 1215/976/1068 1216/976/1069
f 1214/975/1064 1217/980/1074 1218/988/1087
f 1214/975/1064 1218/988/1087 1216/976/1069
f 1223/987/1086 1218/988/1087 1217/980/1074
f 1223/987/1086 1217/980/1074 1219/982/1076
f 1222/984/1078 1656/984/1080 1660/989/1088
f 1222/984/1078 1660/989/1088 1221/989/1089
f 1221/989/1089 1660/989/1088 1659/986/1084
f 1221/989/1089 1659/986/1084 1220/986/1085
f 1221/989/1089 1223/987/1086 1219/982/1076
f 1221/989/1089 1219/982/1076 1222/984/1078
f 1220/986/1085 1223/987/1086 1221/989/1089
f 1224/990/1090 1226/991/1091 1358/992/1092
f 1358/992/1092 1226/991/1091 1225/993/1093
f 1226/994/1091 1356/995/1094 1225/996/1093
f 1225/996/1093 1356/995/1094 1227/997/1095
f 1240/949/1096 1237/947/1097 1922/944/1098
f 1922/944/1098 1237/947/1097 1236/946/1099
f 1922/944/1098 1236/946/1099 1235/945/1100
f 1922/944/1098 1235/945/1100 1232/948/1101
f 1228/967/1102 1322/965/1103 1230/968/1104
f 1230/968/1104 1322/965/1103 1313/966/1105
f 1321/969/1106 1228/967/1102 1229/970/1107
f 1229/970/1107 1228/967/1102 1230/968/1104
f 1320/967/1108 1321/969/1106 1923/968/1109
f 1923/968/1109 1321/969/1106 1229/970/1107
f 1231/965/1110 1320/967/1108 1233/966/1111
f 1233/966/1111 1320/967/1108 1923/968/1109
f 1319/963/1112 1231/965/1110 1232/964/1101
f 1232/964/1101 1231/965/1110 1233/966/1111
f 1317/958/1113 1319/963/1112 1235/957/1100
f 1235/957/1100 1319/963/1112 1232/964/1101
f 1234/959/1114 1317/958/1113 1236/960/1099
f 1236/960/1099 1317/958/1113 1235/957/1100
f 1316/961/1115 1234/959/1114 1237/962/1097
f 1237/962/1097 1234/959/1114 1236/960/1099
f 1315/959/1116 1316/961/1115 1240/960/1096
f 1240/960/1096 1316/961/1115 1237/962/1097
f 1322/965/1103 1238/963/1117 1313/966/1105
f 1313/966/1105 1238/963/1117 1314/964/1118
f 1238/963/1117 1239/958/1119 1314/964/1118
f 1314/964/1118 1239/958/1119 1312/957/1120
f 1239/958/1119 1315/959/1116 1312/957/1120
f 1312/957/1120 1315/959/1116 1240/960/1096
f 1241/998/1121 1243/999/1122 1304/1000/1123
f 1304/1000/1123 1243/999/1122 1242/1001/972
f 1243/999/1122 1244/1002/973 1242/1001/972
f 1242/1001/972 1244/1002/973 1245/1003/1124
f 1244/1002/973 1247/1004/975 1245/1003/1124
f 1245/1003/1124 1247/1004/975 1246/1005/976
f 1247/1004/975 1248/1006/977 1246/1005/976
f 1246/1005/976 1248/1006/977 1249/1007/1125
f 1248/1006/977 1251/1008/979 1249/1007/1125
f 1249/1007/1125 1251/1008/979 1250/1009/980
f 1251/1008/979 1300/1010/1126 1250/1009/980
f 1250/1009/980 1300/1010/1126 1302/1011/1127
f 1254/1012/1128 1259/1013/1121 1255/1014/1129
f 1255/1014/1129 1259/1013/1121 1252/1015/1130
f 1253/1016/1126 1254/1012/1128 1258/1017/1127
f 1258/1017/1127 1254/1012/1128 1255/1014/1129
f 1256/1018/979 1253/1016/1126 1257/1019/980
f 1257/1019/980 1253/1016/1126 1258/1017/1127
f 1259/1013/1121 1260/1020/1131 1252/1015/1130
f 1252/1015/1130 1260/1020/1131 1261/1021/1132
f 1260/1020/1131 1263/1022/1133 1261/1021/1132
f 1261/1021/1132 1263/1022/1133 1262/1023/1134
f 1266/1024/1135 1256/1018/979 1267/1025/1125
f 1267/1025/1125 1256/1018/979 1257/1019/980
f 1263/1022/1133 1265/1026/975 1262/1023/1134
f 1262/1023/1134 1265/1026/975 1264/1027/1136
f 1265/1026/975 1266/1024/1135 1264/1027/1136
f 1264/1027/1136 1266/1024/1135 1267/1025/1125
f 1296/1014/985 1268/1015/1137 1269/1012/987
f 1269/1012/987 1268/1015/1137 1270/1013/1138
f 1268/1015/1137 1272/1021/1139 1270/1013/1138
f 1270/1013/1138 1272/1021/1139 1271/1020/1140
f 1272/1021/1139 1273/1023/991 1271/1020/1140
f 1271/1020/1140 1273/1023/991 1274/1022/1141
f 1273/1023/991 1275/1027/999 1274/1022/1141
f 1274/1022/1141 1275/1027/999 1276/1026/1142
f 1277/1019/1143 1278/1017/1144 1281/1018/996
f 1281/1018/996 1278/1017/1144 1279/1016/1145
f 1280/1025/1146 1277/1019/1143 1282/1024/1147
f 1282/1024/1147 1277/1019/1143 1281/1018/996
f 1275/1027/999 1280/1025/1146 1276/1026/1142
f 1276/1026/1142 1280/1025/1146 1282/1024/1147
f 1283/1009/1143 1284/1011/993 1295/1008/996
f 1295/1008/996 1284/1011/993 1285/1010/994
f 1286/1000/986 1287/1001/1139 1299/998/988
f 1299/998/988 1287/1001/1139 1288/999/1140
f 1287/1001/1139 1289/1003/1148 1288/999/1140
f 1288/999/1140 1289/1003/1148 1291/1002/1149
f 1289/1003/1148 1290/1005/1150 1291/1002/1149
f 1291/1002/1149 1290/1005/1150 1292/1004/1142
f 1290/1005/1150 1294/1007/997 1292/1004/1142
f 1292/1004/1142 1294/1007/997 1293/1006/1147
f 1294/1007/997 1283/1009/1143 1293/1006/1147
f 1293/1006/1147 1283/1009/1143 1295/1008/996
f 1278/1017/1144 1296/1014/985 1279/1016/1145
f 1279/1016/1145 1296/1014/985 1269/1012/987
f 1284/1011/993 1297/1028/985 1285/1010/994
f 1285/1010/994 1297/1028/985 1298/1029/987
f 1297/1028/985 1286/1000/986 1298/1029/987
f 1298/1029/987 1286/1000/986 1299/998/988
f 1300/1010/1126 1301/1029/1151 1302/1011/1127
f 1302/1011/1127 1301/1029/1151 1303/1028/1129
f 1301/1029/1151 1241/998/1121 1303/1028/1129
f 1303/1028/1129 1241/998/1121 1304/1000/1123
f 1305/1030/985 1377/1031/1152 1307/1032/987
f 1307/1032/987 1377/1031/1152 1306/1033/988
f 1388/1034/1153 1305/1030/985 1389/1035/994
f 1389/1035/994 1305/1030/985 1307/1032/987
f 1308/1032/983 1309/1033/1154 1310/1030/1155
f 1310/1030/1155 1309/1033/1154 1311/1031/1156
f 1312/950/1120 1240/949/1096 1922/944/1098
f 1922/944/1098 1313/956/1105 1314/951/1118
f 1922/944/1098 1314/951/1118 1312/950/1120
f 1318/944/1157 1316/947/1115 1315/949/1116
f 1318/944/1157 1315/949/1116 1239/950/1119
f 1318/944/1157 1234/946/1114 1316/947/1115
f 1317/945/1113 1234/946/1114 1318/944/1157
f 1318/944/1157 1319/948/1112 1317/945/1113
f 1231/952/1110 1319/948/1112 1318/944/1157
f 1318/944/1157 1320/953/1108 1231/952/1110
f 1321/954/1106 1320/953/1108 1318/944/1157
f 1318/944/1157 1228/955/1102 1321/954/1106
f 1322/956/1103 1228/955/1102 1318/944/1157
f 1318/944/1157 1238/951/1117 1322/956/1103
f 1239/950/1119 1238/951/1117 1318/944/1157
f 1329/915/1017 1331/920/1009 1341/913/1158
f 1329/915/1017 1324/921/1010 1331/920/1009
f 1325/917/1159 1323/922/1160 1324/921/1010
f 1325/917/1159 1324/921/1010 1329/915/1017
f 1325/917/1159 1333/923/1012 1323/922/1160
f 1325/917/1159 1326/919/1161 1333/923/1012
f 1330/914/1162 1340/927/1163 1339/926/1164
f 1330/914/1162 1339/926/1164 1328/916/1165
f 1328/916/1165 1339/926/1164 1337/925/1166
f 1328/916/1165 1337/925/1166 1327/924/1013
f 1328/916/1165 1327/924/1013 1336/918/1167
f 1328/916/1165 1336/918/1167 1325/917/1159
f 1325/917/1159 1336/918/1167 1326/919/1161
f 1328/916/1165 1325/917/1159 1330/914/1162
f 1330/914/1162 1325/917/1159 1329/915/1017
f 1330/914/1162 1329/915/1017 1342/912/1001
f 1342/912/1001 1329/915/1017 1341/913/1158
f 1330/914/1162 1342/912/1001 1340/927/1163
f 1332/915/1004 1331/920/1009 1324/921/1010
f 1332/915/1004 1324/921/1010 1334/917/1168
f 1334/917/1168 1324/921/1010 1323/922/1160
f 1334/917/1168 1323/922/1160 1333/923/1012
f 1334/917/1168 1333/923/1012 1326/919/1161
f 1334/917/1168 1326/919/1161 1335/916/1169
f 1335/916/1169 1326/919/1161 1336/918/1167
f 1335/916/1169 1336/918/1167 1327/924/1013
f 1335/916/1169 1327/924/1013 1337/925/1166
f 1335/916/1169 1337/925/1166 1338/914/1170
f 1338/914/1170 1337/925/1166 1339/926/1164
f 1338/914/1170 1339/926/1164 1340/927/1163
f 1332/915/1004 1341/913/1158 1331/920/1009
f 1334/917/1168 1335/916/1169 1332/915/1004
f 1332/915/1004 1335/916/1169 1338/914/1170
f 1332/915/1004 1338/914/1170 1341/913/1158
f 1341/913/1158 1338/914/1170 1342/912/1001
f 1340/927/1163 1342/912/1001 1338/914/1170
f 1345/1036/1171 1346/1037/1172 1343/1038/1173
f 1345/1036/1171 1343/1038/1173 1344/1039/1174
f 1346/1037/1172 1345/1036/1171 1347/1040/1175
f 1346/1037/1172 1347/1040/1175 1766/1041/1176
f 1766/1041/1176 1347/1040/1175 1348/1036/1177
f 1766/1041/1176 1348/1036/1177 1349/1037/1178
f 1349/1037/1178 1348/1036/1177 1772/1039/1179
f 1349/1037/1178 1772/1039/1179 1350/1038/1180
f 1760/1042/1181 1817/1043/1182 1351/1044/1183
f 1760/1042/1181 1351/1044/1183 1759/1045/1184
f 1353/1046/1185 1352/1047/1186 1816/1048/1187
f 1353/1046/1185 1816/1048/1187 1761/1049/1188
f 1770/1050/1189 1353/1046/1185 1761/1049/1188
f 1770/1050/1189 1761/1049/1188 1365/1051/1190
f 1365/1051/1190 1761/1049/1188 1354/1052/1191
f 1365/1051/1190 1354/1052/1191 1366/1053/1192
f 1366/1053/1192 1354/1052/1191 1355/1054/1193
f 1356/991/1094 1359/990/1194 1227/993/1095
f 1227/993/1095 1359/990/1194 1357/992/1195
f 1358/1055/1092 1225/1056/1093 1357/1057/1195
f 1357/1057/1195 1225/1056/1093 1227/1058/1095
f 1359/1057/1194 1356/1058/1094 1224/1055/1090
f 1224/1055/1090 1356/1058/1094 1226/1056/1091
f 1360/972/25 1362/971/1196 1718/974/836
f 1718/974/836 1362/971/1196 1361/973/1197
f 1362/1059/1196 1206/971/1059 1361/1060/1197
f 1361/1060/1197 1206/971/1059 1720/973/1060
f 1363/1061/1198 1769/1050/1199 1365/1062/1190
f 1365/1062/1190 1769/1050/1199 1770/1063/1189
f 1355/1062/1193 1354/1063/1191 1368/1061/1200
f 1368/1061/1200 1354/1063/1191 1364/1050/1201
f 1367/1061/1202 1363/1061/1198 1366/1062/1192
f 1366/1062/1192 1363/1061/1198 1365/1062/1190
f 1366/1062/1192 1355/1062/1193 1367/1061/1202
f 1367/1061/1202 1355/1062/1193 1368/1061/1200
f 1200/945/1050 1197/948/1051 1203/944/1057
f 1203/944/1057 1197/948/1051 1369/952/1052
f 1203/944/1057 1369/952/1052 1370/953/1053
f 1203/944/1057 1370/953/1053 1199/954/1054
f 1203/944/1057 1199/954/1054 1371/955/1055
f 1203/944/1057 1371/955/1055 1372/956/1056
f 1203/944/1057 1372/956/1056 1204/951/1058
f 1372/966/1056 1373/965/1045 1374/963/1040
f 1372/966/1056 1374/963/1040 1204/964/1058
f 1390/1064/980 1375/1065/979 1472/1035/1203
f 1390/1064/980 1472/1035/1203 1376/1034/982
f 1306/1033/988 1377/1031/1152 1378/1066/1139
f 1306/1033/988 1378/1066/1139 1379/1067/1140
f 1379/1067/1140 1378/1066/1139 1380/1068/1148
f 1379/1067/1140 1380/1068/1148 1381/1069/1204
f 1381/1069/1204 1380/1068/1148 1382/1070/999
f 1381/1069/1204 1382/1070/999 1383/1071/1142
f 1383/1071/1142 1382/1070/999 1384/1072/997
f 1383/1071/1142 1384/1072/997 1385/1073/1147
f 1385/1073/1147 1384/1072/997 1386/1064/1143
f 1385/1073/1147 1386/1064/1143 1387/1065/996
f 1387/1065/996 1386/1064/1143 1388/1034/1153
f 1387/1065/996 1388/1034/1153 1389/1035/994
f 1392/1072/1125 1391/1073/1205 1375/1065/979
f 1392/1072/1125 1375/1065/979 1390/1064/980
f 1396/1070/976 1395/1071/975 1391/1073/1205
f 1396/1070/976 1391/1073/1205 1392/1072/1125
f 1394/1068/1206 1393/1069/1207 1395/1071/975
f 1394/1068/1206 1395/1071/975 1396/1070/976
f 1311/1031/1156 1309/1033/1154 1397/1067/970
f 1311/1031/1156 1397/1067/970 1398/1066/1208
f 1398/1066/1208 1397/1067/970 1393/1069/1207
f 1398/1066/1208 1393/1069/1207 1394/1068/1206
f 1164/912/1001 1399/914/1209 1400/915/1017
f 1164/912/1001 1400/915/1017 1401/913/1002
f 1403/927/1016 1399/914/1209 1164/912/1001
f 1402/917/1018 1157/919/1008 1165/923/1012
f 1399/914/1209 1403/927/1016 1404/926/1015
f 1399/914/1209 1404/926/1015 1405/916/1210
f 1405/916/1210 1404/926/1015 1162/925/1014
f 1405/916/1210 1162/925/1014 1161/924/1013
f 1399/914/1209 1405/916/1210 1402/917/1018
f 1399/914/1209 1402/917/1018 1400/915/1017
f 1157/919/1008 1402/917/1018 1405/916/1210
f 1157/919/1008 1405/916/1210 1159/918/1007
f 1159/918/1007 1405/916/1210 1161/924/1013
f 2338/1074/1122 1406/1075/1133 2339/1076/1132
f 2339/1076/1132 1406/1075/1133 1407/1077/1134
f 1410/1078/979 1470/1079/1126 1411/1080/980
f 1411/1080/980 1470/1079/1126 1408/1081/1127
f 1409/1082/1135 1410/1078/979 1414/1083/1125
f 1414/1083/1125 1410/1078/979 1411/1080/980
f 1406/1075/1133 1413/1084/975 1407/1077/1134
f 1407/1077/1134 1413/1084/975 1412/1085/976
f 1413/1084/975 1409/1082/1135 1412/1085/976
f 1412/1085/976 1409/1082/1135 1414/1083/1125
f 1418/1081/993 1423/1086/985 1415/1079/1145
f 1415/1079/1145 1423/1086/985 1416/1087/987
f 1417/1080/1143 1418/1081/993 1419/1078/996
f 1419/1078/996 1418/1081/993 1415/1079/1145
f 1421/1083/997 1417/1080/1143 1422/1082/1147
f 1422/1082/1147 1417/1080/1143 1419/1078/996
f 1420/1085/999 1421/1083/997 1427/1084/1142
f 1427/1084/1142 1421/1083/997 1422/1082/1147
f 1423/1086/985 1424/1088/1152 1416/1087/987
f 1416/1087/987 1424/1088/1152 1428/1089/988
f 1425/1077/1148 1420/1085/999 1426/1075/1149
f 1426/1075/1149 1420/1085/999 1427/1084/1142
f 1424/1088/1152 1429/1076/1139 1428/1089/988
f 1428/1089/988 1429/1076/1139 1430/1074/1211
f 1429/1076/1139 1425/1077/1148 1430/1074/1211
f 1430/1074/1211 1425/1077/1148 1426/1075/1149
f 1478/1090/1152 1431/1091/1139 1479/1092/988
f 1479/1092/988 1431/1091/1139 1432/1093/1140
f 1431/1091/1139 1438/1094/1148 1432/1093/1140
f 1432/1093/1140 1438/1094/1148 1439/1095/1149
f 1433/1096/997 1482/1097/995 1437/1098/1212
f 1437/1098/1212 1482/1097/995 1434/1099/996
f 1435/1100/1150 1433/1096/997 1436/1101/1142
f 1436/1101/1142 1433/1096/997 1437/1098/1212
f 1438/1094/1148 1435/1100/1150 1439/1095/1149
f 1439/1095/1149 1435/1100/1150 1436/1101/1142
f 1440/1098/1135 1441/1099/979 1442/1096/1125
f 1442/1096/1125 1441/1099/979 1475/1097/980
f 1443/1101/975 1440/1098/1135 1444/1100/976
f 1444/1100/976 1440/1098/1135 1442/1096/1125
f 1445/1095/973 1443/1101/975 1446/1094/1124
f 1446/1094/1124 1443/1101/975 1444/1100/976
f 1448/1093/1122 1445/1095/973 1450/1091/1213
f 1450/1091/1213 1445/1095/973 1446/1094/1124
f 1447/1092/1121 1448/1093/1122 1449/1090/1123
f 1449/1090/1123 1448/1093/1122 1450/1091/1213
f 2340/927/1214 1451/926/1215 1452/1102/1216
f 1452/1102/1216 1465/1103/1022 2340/927/1214
f 2341/924/1217 1453/1104/1008 1455/1105/1218
f 1455/1105/1218 1453/1104/1008 1461/1106/1219
f 1455/1105/1218 1461/1106/1219 1454/1107/1220
f 1454/1107/1220 1461/1106/1219 1467/1108/1013
f 1454/1107/1220 1467/1108/1013 1466/1109/1221
f 2341/924/1217 1455/1105/1218 2342/925/1222
f 1466/1109/1221 1457/1110/1032 1454/1107/1220
f 1454/1107/1220 1457/1110/1032 1456/1111/1223
f 1456/1111/1223 1457/1110/1032 1458/1112/1016
f 1456/1111/1223 1458/1112/1016 1463/1113/1020
f 1456/1111/1223 1463/1113/1020 1452/1102/1216
f 1452/1102/1216 1463/1113/1020 1465/1103/1022
f 1451/926/1215 2342/925/1222 1452/1102/1216
f 1452/1102/1216 2342/925/1222 1455/1105/1218
f 1452/1102/1216 1455/1105/1218 1456/1111/1223
f 1456/1111/1223 1455/1105/1218 1454/1107/1220
f 1459/1105/1018 1453/1104/1008 2341/924/1217
f 1453/1104/1008 1459/1105/1018 1460/1107/1029
f 1453/1104/1008 1460/1107/1029 1461/1106/1219
f 1458/1112/1016 1462/1111/1027 1463/1113/1020
f 1462/1111/1027 1464/1102/1017 1463/1113/1020
f 1463/1113/1020 1464/1102/1017 1465/1103/1022
f 1458/1112/1016 1457/1110/1032 1462/1111/1027
f 1462/1111/1027 1457/1110/1032 1466/1109/1221
f 1462/1111/1027 1466/1109/1221 1460/1107/1029
f 1462/1111/1027 1460/1107/1029 1459/1105/1018
f 1462/1111/1027 1459/1105/1018 1464/1102/1017
f 1460/1114/1029 1467/1115/1013 1461/1116/1219
f 1460/1114/1029 1466/1117/1221 1467/1115/1013
f 1471/1086/1224 1468/1087/1128 2337/1089/1121
f 1471/1086/1224 2337/1089/1121 1469/1088/1123
f 1408/1081/1127 1470/1079/1126 1468/1087/1128
f 1408/1081/1127 1468/1087/1128 1471/1086/1224
f 1376/1034/982 1472/1035/1203 1308/1032/983
f 1376/1034/982 1308/1032/983 1310/1030/1155
f 1476/1118/1127 1473/1119/1126 1484/1120/1151
f 1476/1118/1127 1484/1120/1151 1474/1121/1225
f 1475/1097/980 1441/1099/979 1473/1119/1126
f 1475/1097/980 1473/1119/1126 1476/1118/1127
f 1481/1120/987 1477/1121/985 1478/1090/1152
f 1481/1120/987 1478/1090/1152 1479/1092/988
f 1483/1119/994 1480/1118/1153 1477/1121/985
f 1483/1119/994 1477/1121/985 1481/1120/987
f 1434/1099/996 1482/1097/995 1480/1118/1153
f 1434/1099/996 1480/1118/1153 1483/1119/994
f 1474/1121/1225 1484/1120/1151 1447/1092/1121
f 1474/1121/1225 1447/1092/1121 1449/1090/1123
f 1500/1122/1125 1485/1123/977 1486/1124/979
f 1500/1122/1125 1486/1124/979 1487/1125/980
f 1487/1125/980 1486/1124/979 1488/1126/1126
f 1487/1125/980 1488/1126/1126 1489/1127/1226
f 1489/1127/1226 1488/1126/1126 1490/1128/1151
f 1489/1127/1226 1490/1128/1151 1491/1129/1129
f 1491/1129/1129 1490/1128/1151 1492/1130/969
f 1491/1129/1129 1492/1130/969 1493/1131/1123
f 1493/1131/1123 1492/1130/969 1494/1132/1122
f 1493/1131/1123 1494/1132/1122 1495/1133/1132
f 1495/1133/1132 1494/1132/1122 1496/1134/1227
f 1495/1133/1132 1496/1134/1227 1497/1135/1134
f 1497/1135/1134 1496/1134/1227 1498/1136/975
f 1497/1135/1134 1498/1136/975 1499/1137/976
f 1499/1137/976 1498/1136/975 1485/1123/977
f 1499/1137/976 1485/1123/977 1500/1122/1125
f 1504/1024/1228 1501/1025/1229 2397/1019/1230
f 1504/1024/1228 2397/1019/1230 1502/1018/1231
f 1514/1026/1232 1503/1027/1233 1501/1025/1229
f 1514/1026/1232 1501/1025/1229 1504/1024/1228
f 2398/1016/1145 1505/1017/1234 1506/1014/985
f 2398/1016/1145 1506/1014/985 1507/1012/987
f 1507/1012/987 1506/1014/985 1508/1015/986
f 1507/1012/987 1508/1015/986 1509/1013/988
f 1509/1013/988 1508/1015/986 1510/1021/1139
f 1509/1013/988 1510/1021/1139 1511/1020/1140
f 1511/1020/1140 1510/1021/1139 1512/1023/1148
f 1511/1020/1140 1512/1023/1148 1513/1022/1149
f 1513/1022/1149 1512/1023/1148 1503/1027/1233
f 1513/1022/1149 1503/1027/1233 1514/1026/1232
f 1515/998/1235 2394/1000/1236 1516/1001/1237
f 1515/998/1235 1516/1001/1237 1517/999/1140
f 1517/999/1140 1516/1001/1237 1518/1003/1238
f 1517/999/1140 1518/1003/1238 1519/1002/1204
f 1519/1002/1204 1518/1003/1238 1520/1005/1239
f 1519/1002/1204 1520/1005/1239 1521/1004/1240
f 1521/1004/1240 1520/1005/1239 1522/1007/1241
f 1521/1004/1240 1522/1007/1241 1523/1006/1147
f 1523/1006/1147 1522/1007/1241 2333/1009/1242
f 1523/1006/1147 2333/1009/1242 1524/1008/1231
f 2400/1138/1127 2399/1139/1126 1525/1140/1151
f 2400/1138/1127 1525/1140/1151 1526/1141/1129
f 1526/1141/1129 1525/1140/1151 1527/1142/1121
f 1526/1141/1129 1527/1142/1121 1528/1143/1123
f 1528/1143/1123 1527/1142/1121 1529/1144/1131
f 1528/1143/1123 1529/1144/1131 1530/1145/1132
f 1530/1145/1132 1529/1144/1131 1531/1146/973
f 1530/1145/1132 1531/1146/973 1532/1147/1124
f 1532/1147/1124 1531/1146/973 1533/1148/975
f 1532/1147/1124 1533/1148/975 1534/1149/976
f 1534/1149/976 1533/1148/975 1535/1150/977
f 1534/1149/976 1535/1150/977 1536/1151/1125
f 1536/1151/1125 1535/1150/977 1537/1152/979
f 1536/1151/1125 1537/1152/979 1538/1153/980
f 1541/1154/1243 1542/1155/1244 1539/1156/1007
f 1541/1154/1243 1539/1156/1007 1540/1157/1005
f 1548/1158/1217 1541/1154/1243 1549/1159/1245
f 1548/1158/1217 1542/1155/1244 1541/1154/1243
f 1545/1160/1246 1543/1161/1247 1549/1159/1245
f 1545/1160/1246 1549/1159/1245 1541/1154/1243
f 1545/1160/1246 1541/1154/1243 1540/1157/1005
f 1545/1160/1246 1540/1157/1005 1558/1162/1003
f 1545/1160/1246 1546/1163/1248 1543/1161/1247
f 1544/1164/1249 1550/1165/1002 1558/1162/1003
f 1558/1162/1003 1550/1165/1002 1545/1160/1246
f 1550/1165/1002 1546/1163/1248 1545/1160/1246
f 1547/1154/1018 1548/1158/1217 1549/1159/1245
f 1547/1154/1018 1542/1155/1244 1548/1158/1217
f 1547/1154/1018 1549/1159/1245 1543/1161/1247
f 1547/1154/1018 1543/1161/1247 1552/1160/1250
f 1552/1160/1250 1543/1161/1247 1546/1163/1248
f 1552/1160/1250 1546/1163/1248 1550/1165/1002
f 1542/1155/1244 1547/1154/1018 1551/1157/1029
f 1542/1155/1244 1551/1157/1029 1539/1156/1007
f 1539/1156/1007 1551/1157/1029 1554/1116/1251
f 1551/1157/1029 1555/1166/1221 1554/1116/1251
f 1553/1162/1027 1556/1167/1032 1555/1166/1221
f 1553/1162/1027 1555/1166/1221 1551/1157/1029
f 1553/1162/1027 1551/1157/1029 1547/1154/1018
f 1553/1162/1027 1547/1154/1018 1552/1160/1250
f 1553/1162/1027 1557/1168/1016 1556/1167/1032
f 1553/1162/1027 1552/1160/1250 1544/1164/1249
f 1544/1164/1249 1552/1160/1250 1550/1165/1002
f 1553/1162/1027 1544/1164/1249 1557/1168/1016
f 1540/1157/1005 1539/1156/1007 1554/1116/1251
f 1540/1157/1005 1554/1116/1251 1555/1166/1221
f 1540/1157/1005 1555/1166/1221 1556/1167/1032
f 1540/1157/1005 1556/1167/1032 1558/1162/1003
f 1558/1162/1003 1556/1167/1032 1557/1168/1016
f 1557/1168/1016 1544/1164/1249 1558/1162/1003
f 2410/944/1252 2409/953/1253 1570/954/1254
f 2410/944/1252 1570/954/1254 1571/955/1255
f 2410/944/1252 1559/956/1256 1560/951/1257
f 1571/955/1255 1559/956/1256 2410/944/1252
f 1565/944/1258 1572/956/1259 1561/955/1260
f 1565/944/1258 1561/955/1260 1569/954/1261
f 1565/944/1258 1569/954/1261 1562/953/1262
f 1565/944/1258 1562/953/1262 1563/952/1263
f 1565/944/1258 1563/952/1263 1982/948/1264
f 1565/944/1258 1982/948/1264 1566/945/1265
f 1565/944/1258 1564/951/1266 1572/956/1259
f 1568/950/1267 1564/951/1266 1565/944/1258
f 1565/944/1258 1566/945/1265 1983/946/1268
f 1565/944/1258 1983/946/1268 1567/947/1269
f 1565/944/1258 1567/947/1269 1986/949/1270
f 1565/944/1258 1986/949/1270 1568/950/1267
f 2408/966/1271 1563/965/1263 1562/967/1262
f 2408/966/1271 1562/967/1262 2409/968/1253
f 2409/968/1253 1562/967/1262 1569/969/1261
f 2409/968/1253 1569/969/1261 1570/970/1254
f 1570/970/1254 1569/969/1261 1561/967/1260
f 1570/970/1254 1561/967/1260 1571/968/1255
f 1571/968/1255 1561/967/1260 1572/965/1259
f 1571/968/1255 1572/965/1259 1559/966/1256
f 1559/966/1256 1572/965/1259 1564/963/1266
f 1559/966/1256 1564/963/1266 1560/964/1257
f 1577/1120/987 1573/1121/985 1601/1090/1152
f 1577/1120/987 1601/1090/1152 1574/1092/988
f 1576/1119/1145 1575/1118/1144 1573/1121/985
f 1576/1119/1145 1573/1121/985 1577/1120/987
f 1610/1099/996 1578/1097/1143 1575/1118/1144
f 1610/1099/996 1575/1118/1144 1576/1119/1145
f 1594/1079/1145 1579/1081/993 1580/1086/985
f 1594/1079/1145 1580/1086/985 1581/1087/987
f 1581/1087/987 1580/1086/985 1582/1088/1137
f 1581/1087/987 1582/1088/1137 1583/1089/1138
f 1583/1089/1138 1582/1088/1137 1584/1076/989
f 1583/1089/1138 1584/1076/989 1585/1074/1140
f 1585/1074/1140 1584/1076/989 1586/1077/1148
f 1585/1074/1140 1586/1077/1148 1587/1075/1149
f 1587/1075/1149 1586/1077/1148 1588/1085/999
f 1587/1075/1149 1588/1085/999 1589/1084/1142
f 1589/1084/1142 1588/1085/999 1590/1083/997
f 1589/1084/1142 1590/1083/997 1591/1082/1147
f 1591/1082/1147 1590/1083/997 1592/1080/995
f 1591/1082/1147 1592/1080/995 1593/1078/996
f 1593/1078/996 1592/1080/995 1579/1081/993
f 1593/1078/996 1579/1081/993 1594/1079/1145
f 1613/1097/980 1612/1099/979 1614/1119/1126
f 1613/1097/980 1614/1119/1126 1615/1118/1127
f 1596/1081/1127 1595/1079/1126 1597/1087/1151
f 1596/1081/1127 1597/1087/1151 1598/1086/1129
f 1598/1086/1129 1597/1087/1151 1599/1089/1121
f 1598/1086/1129 1599/1089/1121 1600/1088/1123
f 1574/1092/988 1601/1090/1152 1602/1091/1139
f 1574/1092/988 1602/1091/1139 1603/1093/1140
f 1603/1093/1140 1602/1091/1139 1604/1094/1148
f 1603/1093/1140 1604/1094/1148 1605/1095/1149
f 1605/1095/1149 1604/1094/1148 1606/1100/999
f 1605/1095/1149 1606/1100/999 1607/1101/1142
f 1607/1101/1142 1606/1100/999 1608/1096/997
f 1607/1101/1142 1608/1096/997 1609/1098/1147
f 1609/1098/1147 1608/1096/997 1578/1097/1143
f 1609/1098/1147 1578/1097/1143 1610/1099/996
f 1626/1096/1125 1611/1098/977 1612/1099/979
f 1626/1096/1125 1612/1099/979 1613/1097/980
f 1615/1118/1127 1614/1119/1126 1616/1120/1151
f 1615/1118/1127 1616/1120/1151 1617/1121/1129
f 1617/1121/1129 1616/1120/1151 1618/1092/1272
f 1617/1121/1129 1618/1092/1272 1619/1090/1123
f 1619/1090/1123 1618/1092/1272 1620/1093/1273
f 1619/1090/1123 1620/1093/1273 1621/1091/1132
f 1621/1091/1132 1620/1093/1273 1622/1095/973
f 1621/1091/1132 1622/1095/973 1623/1094/1134
f 1623/1094/1134 1622/1095/973 1624/1101/975
f 1623/1094/1134 1624/1101/975 1625/1100/976
f 1625/1100/976 1624/1101/975 1611/1098/977
f 1625/1100/976 1611/1098/977 1626/1096/1125
f 1627/1085/976 1630/1084/975 1918/1082/1135
f 1627/1085/976 1918/1082/1135 1628/1083/1125
f 1632/1077/1134 1629/1075/1133 1630/1084/975
f 1632/1077/1134 1630/1084/975 1627/1085/976
f 1631/1076/1213 1633/1074/1122 1629/1075/1133
f 1631/1076/1213 1629/1075/1133 1632/1077/1134
f 1600/1088/1123 1599/1089/1121 1633/1074/1122
f 1600/1088/1123 1633/1074/1122 1631/1076/1213
f 1635/1169/1274 1634/1170/1275 1700/1170/1276
f 1635/1169/1274 1700/1170/1276 1640/1169/1277
f 1639/1171/1278 1636/1172/1279 1645/1173/1280
f 1639/1171/1278 1645/1173/1280 1637/1174/1281
f 1641/1174/1282 1638/1171/1283 1639/1171/1278
f 1641/1174/1282 1639/1171/1278 1637/1174/1281
f 1640/1169/1277 1639/1171/1278 1638/1171/1283
f 1640/1169/1277 1638/1171/1283 1635/1169/1274
f 1641/1174/1282 1643/1173/1284 1644/1172/1285
f 1641/1174/1282 1644/1172/1285 1638/1171/1283
f 1638/1171/1283 1644/1172/1285 1634/1170/1275
f 1638/1171/1283 1634/1170/1275 1635/1169/1274
f 1642/1175/1286 1634/1170/1275 1644/1172/1285
f 1642/1175/1286 1751/1176/1287 1634/1170/1275
f 1644/1172/1285 1643/1173/1284 1645/1173/1280
f 1644/1172/1285 1645/1173/1280 1636/1172/1279
f 1648/1169/1288 1646/1170/1289 1754/1170/1290
f 1648/1169/1288 1754/1170/1290 1702/1169/1291
f 1702/1169/1291 1647/1171/1278 1649/1171/1292
f 1702/1169/1291 1649/1171/1292 1648/1169/1288
f 1650/1174/1293 1649/1171/1292 1647/1171/1278
f 1650/1174/1293 1647/1171/1278 1704/1174/1294
f 1650/1174/1293 1767/1173/1284 1651/1172/1295
f 1650/1174/1293 1651/1172/1295 1649/1171/1292
f 1649/1171/1292 1651/1172/1295 1648/1169/1288
f 1646/1170/1289 1648/1169/1288 1651/1172/1295
f 1755/1176/1296 1651/1172/1295 1652/1175/4
f 1755/1176/1296 1646/1170/1289 1651/1172/1295
f 1755/1176/1296 1652/1175/4 1701/1175/1297
f 1755/1176/1296 1701/1175/1297 1653/1176/1298
f 1659/1177/1084 1654/1178/1299 1212/1179/1083
f 1688/1180/1062 1664/1181/1067 1658/1182/1243
f 1658/1182/1243 1664/1181/1067 1665/1183/1005
f 1658/1182/1243 1665/1183/1005 1655/1184/1246
f 1655/1184/1246 1665/1183/1005 1654/1178/1299
f 1655/1184/1246 1654/1178/1299 1656/1185/1080
f 1656/1185/1080 1654/1178/1299 1660/1186/1088
f 1657/1187/1081 1839/1188/1072 1655/1184/1246
f 1655/1184/1246 1839/1188/1072 1658/1182/1243
f 1659/1177/1084 1660/1186/1088 1654/1178/1299
f 1655/1184/1246 1656/1185/1080 1661/1189/1079
f 1655/1184/1246 1661/1189/1079 1657/1187/1081
f 1665/1183/1005 1662/1190/1070 1212/1179/1083
f 1665/1183/1005 1212/1179/1083 1654/1178/1299
f 1665/1183/1005 1663/1191/1066 1662/1190/1070
f 1664/1181/1067 1663/1191/1066 1665/1183/1005
f 1666/935/1243 1675/942/1008 1676/941/1219
f 1666/935/1243 1676/941/1219 1667/937/1300
f 1667/937/1300 1676/941/1219 1679/939/1251
f 1667/937/1300 1679/939/1251 1678/940/1166
f 1666/935/1243 1671/938/1217 1675/942/1008
f 1672/928/1301 1673/943/1164 1680/929/1016
f 1669/931/1302 1685/932/1002 1684/933/1009
f 1669/931/1302 1684/933/1009 1668/934/1303
f 1669/931/1302 1668/934/1303 1670/936/1304
f 1669/931/1302 1670/936/1304 1666/935/1243
f 1666/935/1243 1670/936/1304 1671/938/1217
f 1680/929/1016 1677/930/1305 1672/928/1301
f 1672/928/1301 1677/930/1305 1685/932/1002
f 1672/928/1301 1685/932/1002 1669/931/1302
f 1669/931/1302 1666/935/1243 1667/937/1300
f 1669/931/1302 1667/937/1300 1672/928/1301
f 1672/928/1301 1667/937/1300 1678/940/1166
f 1672/928/1301 1678/940/1166 1673/943/1164
f 1671/938/1217 1674/935/1018 1675/942/1008
f 1674/935/1018 1681/937/1210 1675/942/1008
f 1675/942/1008 1681/937/1210 1676/941/1219
f 1682/928/1209 1686/931/1017 1677/930/1305
f 1677/930/1305 1686/931/1017 1685/932/1002
f 1682/928/1209 1677/930/1305 1680/929/1016
f 1679/939/1251 1681/937/1210 1678/940/1166
f 1679/939/1251 1676/941/1219 1681/937/1210
f 1682/928/1209 1680/929/1016 1673/943/1164
f 1682/928/1209 1673/943/1164 1681/937/1210
f 1681/937/1210 1673/943/1164 1678/940/1166
f 1681/937/1210 1674/935/1018 1682/928/1209
f 1682/928/1209 1674/935/1018 1686/931/1017
f 1671/938/1217 1670/936/1304 1674/935/1018
f 1919/1080/980 1683/1078/979 1595/1079/1126
f 1919/1080/980 1595/1079/1126 1596/1081/1127
f 1686/931/1017 1684/933/1009 1685/932/1002
f 1686/931/1017 1668/934/1303 1684/933/1009
f 1674/935/1018 1670/936/1304 1668/934/1303
f 1674/935/1018 1668/934/1303 1686/931/1017
f 1687/1192/1063 1658/1182/1243 1839/1188/1072
f 1687/1192/1063 1688/1180/1062 1658/1182/1243
f 1690/1149/976 1689/1148/975 1691/1193/977
f 1690/1149/976 1691/1193/977 1692/1194/1125
f 1692/1194/1125 1691/1193/977 1693/1195/979
f 1692/1194/1125 1693/1195/979 1694/1196/980
f 1694/1196/980 1693/1195/979 1695/1197/1126
f 1694/1196/980 1695/1197/1126 1696/1198/1127
f 1696/1198/1127 1695/1197/1126 1697/1199/1151
f 1696/1198/1127 1697/1199/1151 1698/1140/1129
f 1698/1140/1129 1697/1199/1151 1830/1200/969
f 1698/1140/1129 1830/1200/969 1699/1201/1123
f 1753/1176/1298 1700/1170/1276 1634/1170/1275
f 1753/1176/1298 1634/1170/1275 1751/1176/1287
f 1703/1172/1306 1653/1176/1298 1701/1175/1297
f 1754/1170/1290 1653/1176/1298 1703/1172/1306
f 1703/1172/1306 1702/1169/1291 1754/1170/1290
f 1703/1172/1306 1647/1171/1278 1702/1169/1291
f 1647/1171/1278 1703/1172/1306 1768/1173/1307
f 1647/1171/1278 1768/1173/1307 1704/1174/1294
f 1705/975/1308 1807/975/1309 1812/975/1310
f 1705/975/1308 1812/975/1310 1706/975/1311
f 1726/989/1312 1707/989/1313 1810/984/1314
f 1726/989/1312 1810/984/1314 1710/984/1315
f 1710/984/1315 1810/984/1314 1809/983/1316
f 1710/984/1315 1809/983/1316 1711/983/1317
f 1717/980/1318 1705/975/1308 1706/975/1311
f 1709/987/1319 1728/985/1320 1708/986/1321
f 1709/987/1319 1708/986/1321 1726/989/1312
f 1709/987/1319 1726/989/1312 1712/982/1322
f 1712/982/1322 1726/989/1312 1710/984/1315
f 1712/982/1322 1710/984/1315 1711/983/1317
f 1712/982/1322 1711/983/1317 1713/981/1323
f 1712/982/1322 1713/981/1323 1717/980/1318
f 1717/980/1318 1713/981/1323 1716/979/1324
f 1717/980/1318 1716/979/1324 1705/975/1308
f 1705/975/1308 1716/979/1324 1714/979/1325
f 1705/975/1308 1714/979/1325 1807/975/1309
f 1713/981/1323 1715/981/1326 1714/979/1325
f 1713/981/1323 1714/979/1325 1716/979/1324
f 1712/982/1322 1717/980/1318 1723/988/1327
f 1712/982/1322 1723/988/1327 1709/987/1319
f 1719/1202/1061 1718/1203/836 1361/1059/1197
f 1719/1202/1061 1361/1059/1197 1720/971/1060
f 1722/976/1328 1721/976/1329 1811/977/1330
f 1722/976/1328 1811/977/1330 1724/977/1331
f 1717/980/1318 1706/975/1311 1722/976/1328
f 1717/980/1318 1722/976/1328 1723/988/1327
f 1723/988/1327 1722/976/1328 1724/977/1331
f 1725/986/1332 1707/989/1313 1708/986/1321
f 1708/986/1321 1707/989/1313 1726/989/1312
f 1727/985/1333 1725/986/1332 1728/985/1320
f 1728/985/1320 1725/986/1332 1708/986/1321
f 1811/976/1330 1730/978/1334 1724/977/1331
f 1724/977/1331 1730/978/1334 1729/978/1335
f 1730/978/1334 1727/985/1333 1729/978/1335
f 1729/978/1335 1727/985/1333 1728/985/1320
f 1729/978/1335 1728/985/1320 1723/988/1327
f 1723/988/1327 1728/985/1320 1709/987/1319
f 1724/976/1331 1729/978/1335 1723/988/1327
f 1711/983/1317 1809/983/1316 1715/981/1326
f 1711/983/1317 1715/981/1326 1713/981/1323
f 1732/1204/1336 1731/1205/1153 1733/1206/985
f 1732/1204/1336 1733/1206/985 1734/1207/987
f 1734/1207/987 1733/1206/985 1735/1130/1137
f 1734/1207/987 1735/1130/1137 1736/1208/1138
f 1738/1199/987 1737/1140/985 1739/1201/1152
f 1738/1199/987 1739/1201/1152 1740/1200/988
f 1740/1200/988 1739/1201/1152 1741/1209/1139
f 1740/1200/988 1741/1209/1139 1742/1210/1140
f 1742/1210/1140 1741/1209/1139 1743/1211/1148
f 1742/1210/1140 1743/1211/1148 1744/1212/1149
f 1744/1212/1149 1743/1211/1148 1745/1149/1233
f 1744/1212/1149 1745/1149/1233 1746/1148/1142
f 1746/1148/1142 1745/1149/1233 1747/1194/997
f 1746/1148/1142 1747/1194/997 1748/1193/1147
f 1748/1193/1147 1747/1194/997 1749/1196/995
f 1748/1193/1147 1749/1196/995 1750/1195/996
f 1751/1176/1287 1642/1175/1286 1752/1175/581
f 1751/1176/1287 1752/1175/581 1753/1176/1298
f 1640/1169/1277 1636/1172/1279 1639/1171/1278
f 1636/1172/1279 1700/1170/1276 1753/1176/1298
f 1636/1172/1279 1640/1169/1277 1700/1170/1276
f 1754/1170/1290 1646/1170/1289 1653/1176/1298
f 1653/1176/1298 1646/1170/1289 1755/1176/1296
f 1352/1213/1186 1756/1214/1337 1351/1215/1183
f 1351/1215/1183 1756/1214/1337 1759/1216/1184
f 1765/1217/1338 1757/1218/600 1343/1038/1173
f 1343/1038/1173 1757/1218/600 1344/1039/1174
f 1756/1214/1337 1352/1213/1186 1765/1217/1338
f 1765/1217/1338 1352/1213/1186 1353/1219/1185
f 1765/1217/1338 1353/1219/1185 1757/1218/600
f 1757/1218/600 1353/1219/1185 1758/1046/600
f 1756/1220/1337 1763/1221/1339 1759/1045/1184
f 1759/1045/1184 1763/1221/1339 1760/1042/1181
f 1763/1214/1339 1816/1213/1187 1760/1216/1181
f 1760/1216/1181 1816/1213/1187 1817/1215/1182
f 1761/1219/1188 1762/1046/5 1354/1063/1191
f 1354/1063/1191 1762/1046/5 1364/1050/1201
f 1762/1046/5 1761/1219/1188 1771/1218/5
f 1771/1218/5 1761/1219/1188 1816/1213/1187
f 1771/1218/5 1816/1213/1187 1764/1217/1340
f 1764/1217/1340 1816/1213/1187 1763/1214/1339
f 1764/1222/1340 1765/1218/1338 1350/1223/1180
f 1350/1223/1180 1765/1218/1338 1343/1039/1173
f 1350/1223/1180 1343/1039/1173 1349/1224/1178
f 1349/1224/1178 1343/1039/1173 1346/1225/1172
f 1349/1224/1178 1346/1225/1172 1766/1226/1176
f 1764/1222/1340 1763/1221/1339 1756/1220/1337
f 1764/1222/1340 1756/1220/1337 1765/1218/1338
f 1651/1172/1295 1767/1173/1284 1768/1173/1307
f 1651/1172/1295 1768/1173/1307 1703/1172/1306
f 1769/1050/1199 1758/1046/600 1353/1219/1185
f 1769/1050/1199 1353/1219/1185 1770/1063/1189
f 1772/1039/1179 1771/1218/5 1764/1217/1340
f 1772/1039/1179 1764/1217/1340 1350/1038/1180
f 1922/944/1098 1232/948/1101 1233/952/1111
f 1922/944/1098 1233/952/1111 1923/953/1109
f 1782/1227/996 1773/1228/1143 1731/1205/1153
f 1782/1227/996 1731/1205/1153 1732/1204/1336
f 1736/1208/1138 1735/1130/1137 1774/1229/989
f 1736/1208/1138 1774/1229/989 1775/1230/1211
f 1775/1230/1211 1774/1229/989 1776/1231/991
f 1775/1230/1211 1776/1231/991 1777/1232/1149
f 1777/1232/1149 1776/1231/991 1778/1233/999
f 1777/1232/1149 1778/1233/999 1779/1234/1142
f 1779/1234/1142 1778/1233/999 1780/1235/1146
f 1779/1234/1142 1780/1235/1146 1781/1236/1147
f 1781/1236/1147 1780/1235/1146 1773/1228/1143
f 1781/1236/1147 1773/1228/1143 1782/1227/996
f 1784/1197/994 1783/1198/1153 1737/1140/985
f 1784/1197/994 1737/1140/985 1738/1199/987
f 1750/1195/996 1749/1196/995 1783/1198/1153
f 1750/1195/996 1783/1198/1153 1784/1197/994
f 1921/944/1341 1795/945/1342 2401/948/1343
f 1785/946/1344 1795/945/1342 1921/944/1341
f 1921/944/1341 1786/947/1345 1785/946/1344
f 1789/949/1346 1786/947/1345 1921/944/1341
f 1921/944/1341 1791/950/1347 1789/949/1346
f 1920/951/1348 1791/950/1347 1921/944/1341
f 1789/960/1346 1787/959/1349 1800/961/1350
f 1789/960/1346 1800/961/1350 1786/962/1345
f 1791/957/1347 1788/958/1351 1787/959/1349
f 1791/957/1347 1787/959/1349 1789/960/1346
f 1920/964/1348 1790/963/1352 1788/958/1351
f 1920/964/1348 1788/958/1351 1791/957/1347
f 1794/966/1353 1792/965/1354 1790/963/1352
f 1794/966/1353 1790/963/1352 1920/964/1348
f 1799/968/1355 1793/967/1356 1792/965/1354
f 1799/968/1355 1792/965/1354 1794/966/1353
f 1786/962/1345 1800/961/1350 1802/959/1357
f 1786/962/1345 1802/959/1357 1785/960/1344
f 1785/960/1344 1802/959/1357 1805/958/1358
f 1785/960/1344 1805/958/1358 1795/957/1342
f 1795/957/1342 1805/958/1358 1804/963/1359
f 1795/957/1342 1804/963/1359 2401/964/1343
f 2401/964/1343 1804/963/1359 1796/965/1360
f 2401/964/1343 1796/965/1360 2402/966/1361
f 2402/966/1361 1796/965/1360 1806/967/1362
f 2402/966/1361 1806/967/1362 1797/968/1363
f 1797/968/1363 1806/967/1362 1801/969/1364
f 1797/968/1363 1801/969/1364 1798/970/1365
f 1798/970/1365 1801/969/1364 1793/967/1356
f 1798/970/1365 1793/967/1356 1799/968/1355
f 1803/944/1366 1800/947/1350 1787/949/1349
f 1803/944/1366 1787/949/1349 1788/950/1351
f 1803/944/1366 1788/950/1351 1790/951/1352
f 1803/944/1366 1790/951/1352 1792/956/1354
f 1803/944/1366 1792/956/1354 1793/955/1356
f 1803/944/1366 1793/955/1356 1801/954/1364
f 1803/944/1366 1802/946/1357 1800/947/1350
f 1805/945/1358 1802/946/1357 1803/944/1366
f 1803/944/1366 1804/948/1359 1805/945/1358
f 1796/952/1360 1804/948/1359 1803/944/1366
f 1803/944/1366 1806/953/1362 1796/952/1360
f 1801/954/1364 1806/953/1362 1803/944/1366
f 1807/1192/1309 1808/1182/1018 1812/1180/1310
f 1807/1192/1309 1714/1188/1325 1808/1182/1018
f 1808/1182/1018 1714/1188/1325 1715/1187/1326
f 1808/1182/1018 1715/1187/1326 1815/1184/1017
f 1815/1184/1017 1715/1187/1326 1809/1189/1316
f 1815/1184/1017 1809/1189/1316 1810/1185/1314
f 1811/1191/1330 1814/1183/1029 1730/1190/1334
f 1811/1191/1330 1721/1181/1329 1814/1183/1029
f 1814/1183/1029 1721/1181/1329 1812/1180/1310
f 1814/1183/1029 1812/1180/1310 1808/1182/1018
f 1813/1178/1027 1814/1183/1029 1808/1182/1018
f 1813/1178/1027 1808/1182/1018 1815/1184/1017
f 1813/1178/1027 1727/1179/1333 1730/1190/1334
f 1813/1178/1027 1730/1190/1334 1814/1183/1029
f 1813/1178/1027 1725/1177/1332 1727/1179/1333
f 1813/1178/1027 1707/1186/1313 1725/1177/1332
f 1707/1186/1313 1813/1178/1027 1815/1184/1017
f 1707/1186/1313 1815/1184/1017 1810/1185/1314
f 1817/1043/1182 1816/1048/1187 1352/1047/1186
f 1817/1043/1182 1352/1047/1186 1351/1044/1183
f 1837/1130/1123 1836/1208/1121 1818/1230/1131
f 1837/1130/1123 1818/1230/1131 1819/1229/1132
f 1819/1229/1132 1818/1230/1131 1820/1232/1227
f 1819/1229/1132 1820/1232/1227 1821/1231/1134
f 1821/1231/1134 1820/1232/1227 1822/1234/975
f 1821/1231/1134 1822/1234/975 1823/1233/976
f 1823/1233/976 1822/1234/975 1825/1236/977
f 1823/1233/976 1825/1236/977 1824/1235/1125
f 1824/1235/1125 1825/1236/977 1826/1227/979
f 1824/1235/1125 1826/1227/979 1827/1228/980
f 1827/1228/980 1826/1227/979 1828/1204/1126
f 1827/1228/980 1828/1204/1126 1829/1205/1226
f 1699/1201/1123 1830/1200/969 1831/1210/1122
f 1699/1201/1123 1831/1210/1122 1832/1209/1132
f 1832/1209/1132 1831/1210/1122 1833/1212/973
f 1832/1209/1132 1833/1212/973 1834/1211/1367
f 1834/1211/1367 1833/1212/973 1689/1148/975
f 1834/1211/1367 1689/1148/975 1690/1149/976
f 1838/1206/1129 1835/1207/1151 1836/1208/1121
f 1838/1206/1129 1836/1208/1121 1837/1130/1123
f 1829/1205/1226 1828/1204/1126 1835/1207/1151
f 1829/1205/1226 1835/1207/1151 1838/1206/1129
f 1840/979/1073 1839/979/1072 1657/981/1081
f 1840/979/1073 1657/981/1081 1210/981/1075
f 1843/1237/1018 1841/1104/1368 1842/1238/1222
f 1843/1237/1018 1856/1239/1369 1841/1104/1368
f 1843/1237/1018 1842/1238/1222 2045/1240/1303
f 1843/1237/1018 2045/1240/1303 1844/1241/1017
f 1844/1241/1017 2045/1240/1303 2046/1103/1009
f 1844/1241/1017 2046/1103/1009 1845/1242/1370
f 1856/1239/1369 1843/1237/1018 1847/1243/1029
f 1856/1239/1369 1847/1243/1029 1850/1108/1031
f 1850/1108/1031 1847/1243/1029 1851/1244/1013
f 1847/1243/1029 1852/1245/1221 1851/1244/1013
f 1848/1246/1027 1846/1247/1032 1852/1245/1221
f 1848/1246/1027 1852/1245/1221 1847/1243/1029
f 1848/1246/1027 1847/1243/1029 1843/1237/1018
f 1848/1246/1027 1843/1237/1018 1844/1241/1017
f 1848/1246/1027 1853/1248/1371 1846/1247/1032
f 1848/1246/1027 1844/1241/1017 1849/1112/1020
f 1849/1112/1020 1844/1241/1017 1845/1242/1370
f 1848/1246/1027 1849/1112/1020 1853/1248/1371
f 1854/1243/1005 1850/1108/1031 1851/1244/1013
f 1854/1243/1005 1851/1244/1013 1852/1245/1221
f 1855/1246/1019 1853/1248/1371 1849/1112/1020
f 1855/1246/1019 1849/1112/1020 2047/1241/1372
f 2047/1241/1372 1849/1112/1020 1845/1242/1370
f 1855/1246/1019 1846/1247/1032 1853/1248/1371
f 1854/1243/1005 1852/1245/1221 1846/1247/1032
f 1854/1243/1005 1846/1247/1032 1855/1246/1019
f 2047/1241/1372 1857/1237/1243 1854/1243/1005
f 2047/1241/1372 1854/1243/1005 1855/1246/1019
f 1857/1237/1243 1856/1239/1369 1850/1108/1031
f 1857/1237/1243 1850/1108/1031 1854/1243/1005
f 1857/1237/1243 1841/1104/1368 1856/1239/1369
f 1858/1249/997 2405/1250/1143 1859/1251/1147
f 1859/1251/1147 2405/1250/1143 1860/1252/996
f 1862/1004/999 1858/1249/997 1863/1253/1142
f 1863/1253/1142 1858/1249/997 1859/1251/1147
f 1861/1254/1148 1862/1004/999 1866/1255/1149
f 1866/1255/1149 1862/1004/999 1863/1253/1142
f 1864/1256/1139 1861/1254/1148 1865/1257/1373
f 1865/1257/1373 1861/1254/1148 1866/1255/1149
f 1867/1258/1152 1864/1256/1139 1869/1259/988
f 1869/1259/988 1864/1256/1139 1865/1257/1373
f 1868/1260/985 1867/1258/1152 2404/1028/987
f 2404/1028/987 1867/1258/1152 1869/1259/988
f 1870/1261/1152 1872/1262/1139 1871/1263/988
f 1871/1263/988 1872/1262/1139 1873/1264/1140
f 1872/1262/1139 1878/1265/1148 1873/1264/1140
f 1873/1264/1140 1878/1265/1148 1874/1266/1149
f 1875/1267/1374 1870/1261/1152 1877/1014/987
f 1877/1014/987 1870/1261/1152 1871/1263/988
f 1876/1268/1153 1875/1267/1374 1885/1269/1145
f 1885/1269/1145 1875/1267/1374 1877/1014/987
f 1878/1265/1148 1880/1026/999 1874/1266/1149
f 1874/1266/1149 1880/1026/999 1879/1270/1142
f 1880/1026/999 1882/1271/997 1879/1270/1142
f 1879/1270/1142 1882/1271/997 1881/1272/1147
f 1882/1271/997 1884/1273/995 1881/1272/1147
f 1881/1272/1147 1884/1273/995 1883/1274/996
f 1884/1273/995 1876/1268/1153 1883/1274/996
f 1883/1274/996 1876/1268/1153 1885/1269/1145
f 1886/1259/1375 1889/1257/970 1887/1258/1156
f 1887/1258/1156 1889/1257/970 1888/1256/1376
f 1889/1257/970 1890/1255/1207 1888/1256/1376
f 1888/1256/1376 1890/1255/1207 1900/1254/974
f 1891/1028/1151 1886/1259/1375 1893/1260/984
f 1893/1260/984 1886/1259/1375 1887/1258/1156
f 1892/1275/1203 1891/1028/1151 1894/1276/982
f 1894/1276/982 1891/1028/1151 1893/1260/984
f 1895/1252/1377 1892/1275/1203 1896/1250/1378
f 1896/1250/1378 1892/1275/1203 1894/1276/982
f 1898/1251/1379 1895/1252/1377 1899/1249/978
f 1899/1249/978 1895/1252/1377 1896/1250/1378
f 1897/1253/1380 1898/1251/1379 1901/1004/976
f 1901/1004/976 1898/1251/1379 1899/1249/978
f 1890/1255/1207 1897/1253/1380 1900/1254/974
f 1900/1254/974 1897/1253/1380 1901/1004/976
f 1902/1014/983 1905/1263/969 1903/1267/984
f 1903/1267/984 1905/1263/969 1904/1261/971
f 1905/1263/969 1907/1264/970 1904/1261/971
f 1904/1261/971 1907/1264/970 1906/1262/1208
f 1907/1264/970 1916/1266/973 1906/1262/1208
f 1906/1262/1208 1916/1266/973 1908/1265/1124
f 1909/1269/1203 1902/1014/983 1911/1268/982
f 1911/1268/982 1902/1014/983 1903/1267/984
f 1910/1274/1377 1909/1269/1203 1913/1273/980
f 1913/1273/980 1909/1269/1203 1911/1268/982
f 1914/1272/977 1910/1274/1377 1912/1271/1381
f 1912/1271/1381 1910/1274/1377 1913/1273/980
f 1917/1270/975 1914/1272/977 1915/1026/976
f 1915/1026/976 1914/1272/977 1912/1271/1381
f 1916/1266/973 1917/1270/975 1908/1265/1124
f 1908/1265/1124 1917/1270/975 1915/1026/976
f 1753/1176/1298 1752/1175/581 1636/1172/1279
f 1628/1083/1125 1918/1082/1135 1683/1078/979
f 1628/1083/1125 1683/1078/979 1919/1080/980
f 1921/944/1341 1794/956/1353 1920/951/1348
f 1799/955/1355 1794/956/1353 1921/944/1341
f 1921/944/1341 1798/954/1365 1799/955/1355
f 1230/955/1104 1313/956/1105 1922/944/1098
f 1922/944/1098 1229/954/1107 1230/955/1104
f 1923/953/1109 1229/954/1107 1922/944/1098
f 1925/1277/996 1924/1278/1143 1930/1279/1153
f 1925/1277/996 1930/1279/1153 1931/1280/994
f 1929/1281/1212 1928/1282/1146 1924/1278/1143
f 1929/1281/1212 1924/1278/1143 1925/1277/996
f 1927/1137/1142 1926/1283/999 1928/1282/1146
f 1927/1137/1142 1928/1282/1146 1929/1281/1212
f 1931/1280/994 1930/1279/1153 1932/1128/985
f 1931/1280/994 1932/1128/985 1933/1284/987
f 1933/1284/987 1932/1128/985 1934/1285/1137
f 1933/1284/987 1934/1285/1137 1935/1286/1138
f 1935/1286/1138 1934/1285/1137 1936/1287/1382
f 1935/1286/1138 1936/1287/1382 1937/1288/1211
f 1937/1288/1211 1936/1287/1382 1938/1289/991
f 1937/1288/1211 1938/1289/991 1939/1231/1149
f 1939/1231/1149 1938/1289/991 1926/1283/999
f 1939/1231/1149 1926/1283/999 1927/1137/1142
f 2336/1290/988 1940/1291/986 1941/1292/1139
f 2336/1290/988 1941/1292/1139 1942/1293/1373
f 1942/1293/1373 1941/1292/1139 1943/1294/1148
f 1942/1293/1373 1943/1294/1148 1944/1295/1204
f 1944/1295/1204 1943/1294/1148 1945/1296/1233
f 1944/1295/1204 1945/1296/1233 1946/1149/1142
f 1946/1149/1142 1945/1296/1233 1947/1297/1146
f 1946/1149/1142 1947/1297/1146 1948/1298/1147
f 1948/1298/1147 1947/1297/1146 1978/1299/1143
f 1948/1298/1147 1978/1299/1143 1949/1300/996
f 1951/1296/976 1950/1149/975 1952/1298/977
f 1951/1296/976 1952/1298/977 1953/1297/1125
f 1959/1294/1134 1954/1295/973 1950/1149/975
f 1959/1294/1134 1950/1149/975 1951/1296/976
f 1956/1291/1123 1955/1290/1375 1957/1293/1122
f 1956/1291/1123 1957/1293/1122 1958/1292/1132
f 1958/1292/1132 1957/1293/1122 1954/1295/973
f 1958/1292/1132 1954/1295/973 1959/1294/1134
f 1975/1285/1123 1974/1286/1121 1960/1288/1131
f 1975/1285/1123 1960/1288/1131 1961/1287/1132
f 1961/1287/1132 1960/1288/1131 1962/1231/973
f 1961/1287/1132 1962/1231/973 1963/1289/1134
f 1963/1289/1134 1962/1231/973 1964/1137/975
f 1963/1289/1134 1964/1137/975 1965/1283/976
f 1965/1283/976 1964/1137/975 1966/1281/977
f 1965/1283/976 1966/1281/977 1967/1282/1125
f 1967/1282/1125 1966/1281/977 1968/1277/979
f 1967/1282/1125 1968/1277/979 1969/1278/980
f 1969/1278/980 1968/1277/979 1970/1280/1126
f 1969/1278/980 1970/1280/1126 1971/1279/1226
f 1971/1279/1226 1970/1280/1126 1972/1284/1151
f 1971/1279/1226 1972/1284/1151 1973/1128/1129
f 1973/1128/1129 1972/1284/1151 1974/1286/1121
f 1973/1128/1129 1974/1286/1121 1975/1285/1123
f 1953/1297/1125 1952/1298/977 1976/1300/979
f 1953/1297/1125 1976/1300/979 1977/1299/980
f 1977/1299/980 1976/1300/979 2327/1301/1126
f 1977/1299/980 2327/1301/1126 2328/1198/1127
f 1949/1300/996 1978/1299/1143 2331/1198/1153
f 1949/1300/996 2331/1198/1153 1979/1301/994
f 2410/944/1252 1980/945/1383 2407/948/1384
f 1984/946/1385 1980/945/1383 2410/944/1252
f 2410/944/1252 1985/947/1386 1984/946/1385
f 1981/949/1387 1985/947/1386 2410/944/1252
f 2410/944/1252 1987/950/1388 1981/949/1387
f 1982/963/1264 1563/965/1263 2407/964/1384
f 2407/964/1384 1563/965/1263 2408/966/1271
f 1566/958/1265 1982/963/1264 1980/957/1383
f 1980/957/1383 1982/963/1264 2407/964/1384
f 1983/959/1268 1566/958/1265 1984/960/1385
f 1984/960/1385 1566/958/1265 1980/957/1383
f 1564/963/1266 1568/958/1267 1560/964/1257
f 1560/964/1257 1568/958/1267 1987/957/1388
f 1567/961/1269 1983/959/1268 1985/962/1386
f 1985/962/1386 1983/959/1268 1984/960/1385
f 1986/959/1270 1567/961/1269 1981/960/1387
f 1981/960/1387 1567/961/1269 1985/962/1386
f 1568/958/1267 1986/959/1270 1987/957/1388
f 1987/957/1388 1986/959/1270 1981/960/1387
f 1988/1274/979 2040/1269/1126 1990/1273/980
f 1990/1273/980 2040/1269/1126 2042/1268/1226
f 1989/1272/1135 1988/1274/979 1992/1271/1125
f 1992/1271/1125 1988/1274/979 1990/1273/980
f 1991/1270/975 1989/1272/1135 1994/1026/976
f 1994/1026/976 1989/1272/1135 1992/1271/1125
f 1993/1266/1227 1991/1270/975 1996/1265/1134
f 1996/1265/1134 1991/1270/975 1994/1026/976
f 1995/1264/1122 1993/1266/1227 1999/1262/1132
f 1999/1262/1132 1993/1266/1227 1996/1265/1134
f 1997/1263/1121 1995/1264/1122 1998/1261/1123
f 1998/1261/1123 1995/1264/1122 1999/1262/1132
f 2035/1261/1152 2001/1262/1139 2037/1263/988
f 2037/1263/988 2001/1262/1139 2000/1264/1211
f 2001/1262/1139 2003/1265/1148 2000/1264/1211
f 2000/1264/1211 2003/1265/1148 2002/1266/1149
f 2003/1265/1148 2006/1026/999 2002/1266/1149
f 2002/1266/1149 2006/1026/999 2007/1270/1142
f 2004/1271/997 2291/1273/1143 2008/1272/1147
f 2008/1272/1147 2291/1273/1143 2005/1274/996
f 2006/1026/999 2004/1271/997 2007/1270/1142
f 2007/1270/1142 2004/1271/997 2008/1272/1147
f 2009/1258/986 2011/1256/1139 2294/1259/988
f 2294/1259/988 2011/1256/1139 2010/1257/1140
f 2011/1256/1139 2013/1254/1148 2010/1257/1140
f 2010/1257/1140 2013/1254/1148 2012/1255/1204
f 2013/1254/1148 2014/1004/1233 2012/1255/1204
f 2012/1255/1204 2014/1004/1233 2015/1253/1000
f 2014/1004/1233 2017/1249/1146 2015/1253/1000
f 2015/1253/1000 2017/1249/1146 2016/1251/1147
f 2017/1249/1146 2019/1250/1143 2016/1251/1147
f 2016/1251/1147 2019/1250/1143 2018/1252/996
f 2019/1250/1143 2020/1276/993 2018/1252/996
f 2018/1252/996 2020/1276/993 2021/1275/1336
f 2022/1259/1121 2025/1257/1122 2023/1258/1123
f 2023/1258/1123 2025/1257/1122 2024/1256/1132
f 2025/1257/1122 2026/1255/973 2024/1256/1132
f 2024/1256/1132 2026/1255/973 2027/1254/1124
f 2026/1255/973 2028/1253/975 2027/1254/1124
f 2027/1254/1124 2028/1253/975 2029/1004/976
f 2028/1253/975 2031/1251/977 2029/1004/976
f 2029/1004/976 2031/1251/977 2030/1249/1125
f 2041/1014/1151 1997/1263/1121 2043/1267/1129
f 2043/1267/1129 1997/1263/1121 1998/1261/1123
f 2031/1251/977 2032/1252/979 2030/1249/1125
f 2030/1249/1125 2032/1252/979 2033/1250/980
f 2034/1267/985 2035/1261/1152 2036/1014/987
f 2036/1014/987 2035/1261/1152 2037/1263/988
f 2038/1268/993 2034/1267/985 2039/1269/1336
f 2039/1269/1336 2034/1267/985 2036/1014/987
f 2040/1269/1126 2041/1014/1151 2042/1268/1226
f 2042/1268/1226 2041/1014/1151 2043/1267/1129
f 2032/1252/979 2288/1275/1126 2033/1250/980
f 2033/1250/980 2288/1275/1126 2044/1276/1127
f 1857/1237/1243 1842/1238/1222 1841/1104/1368
f 2047/1241/1372 2045/1240/1303 1842/1238/1222
f 2047/1241/1372 1842/1238/1222 1857/1237/1243
f 2047/1241/1372 2046/1103/1009 2045/1240/1303
f 1845/1242/1370 2046/1103/1009 2047/1241/1372
f 2052/1102/1389 2048/1103/1002 2049/927/1009
f 2052/1102/1389 2049/927/1009 2050/926/1303
f 2064/924/1217 2066/1105/1390 2055/925/1304
f 2050/926/1303 2055/925/1304 2052/1102/1389
f 2052/1102/1389 2055/925/1304 2066/1105/1390
f 2052/1102/1389 2066/1105/1390 2051/1111/1391
f 2051/1111/1391 2066/1105/1390 2067/1107/1392
f 2060/1113/1393 2048/1103/1002 2051/1111/1391
f 2051/1111/1391 2048/1103/1002 2052/1102/1389
f 2056/1112/1016 2060/1113/1393 2051/1111/1391
f 2056/1112/1016 2051/1111/1391 2053/1110/1394
f 2054/1106/1031 2058/1108/1013 2067/1107/1392
f 2067/1107/1392 2058/1108/1013 2057/1109/1395
f 2067/1107/1392 2057/1109/1395 2051/1111/1391
f 2051/1111/1391 2057/1109/1395 2053/1110/1394
f 2055/925/1304 2050/926/1303 2062/1105/1018
f 2062/1105/1018 2050/926/1303 2059/1102/1017
f 2056/1112/1016 2053/1110/1394 2063/1111/1027
f 2063/1111/1027 2053/1110/1394 2057/1109/1395
f 2063/1111/1027 2057/1109/1395 2061/1107/1029
f 2061/1107/1029 2057/1109/1395 2058/1108/1013
f 2061/1107/1029 2058/1108/1013 2054/1106/1031
f 2049/927/1009 2059/1102/1017 2050/926/1303
f 2049/927/1009 2048/1103/1002 2059/1102/1017
f 2059/1102/1017 2048/1103/1002 2060/1113/1393
f 2059/1102/1017 2060/1113/1393 2063/1111/1027
f 2063/1111/1027 2060/1113/1393 2056/1112/1016
f 2061/1107/1029 2062/1105/1018 2063/1111/1027
f 2063/1111/1027 2062/1105/1018 2059/1102/1017
f 2062/1105/1018 2065/1104/1396 2064/924/1217
f 2065/1104/1396 2062/1105/1018 2061/1107/1029
f 2065/1104/1396 2061/1107/1029 2054/1106/1031
f 2062/1105/1018 2064/924/1217 2055/925/1304
f 2064/924/1217 2065/1104/1396 2066/1105/1390
f 2066/1105/1390 2065/1104/1396 2054/1106/1031
f 2066/1105/1390 2054/1106/1031 2067/1107/1392
f 2075/1302/1397 2072/1303/5 2069/1304/1398
f 2072/1303/5 2068/1305/1399 2069/1304/1398
f 2068/1305/1399 2072/1303/5 2078/1306/1400
f 2072/1303/5 2080/1307/1401 2078/1306/1400
f 2080/1307/1401 2072/1303/5 2070/1308/1402
f 2072/1303/5 2083/1309/1403 2070/1308/1402
f 2083/1309/1403 2072/1303/5 2071/1310/1404
f 2072/1303/5 2075/1302/1397 2073/1311/1405
f 2072/1303/5 2073/1311/1405 2074/1312/1406
f 2072/1303/5 2074/1312/1406 2071/1310/1404
f 2088/1313/1407 2075/1302/1397 2069/1304/1398
f 2088/1313/1407 2069/1304/1398 2076/1314/1408
f 2076/1314/1408 2069/1304/1398 2068/1305/1399
f 2076/1314/1408 2068/1305/1399 2077/1315/1409
f 2077/1315/1409 2068/1305/1399 2078/1306/1400
f 2077/1315/1409 2078/1306/1400 2079/1316/1410
f 2079/1316/1410 2078/1306/1400 2080/1307/1401
f 2079/1316/1410 2080/1307/1401 2081/1317/1411
f 2081/1317/1411 2080/1307/1401 2070/1308/1402
f 2081/1317/1411 2070/1308/1402 2082/1318/1412
f 2082/1318/1412 2070/1308/1402 2083/1309/1403
f 2082/1318/1412 2083/1309/1403 2084/1319/1413
f 2084/1319/1413 2083/1309/1403 2071/1310/1404
f 2084/1319/1413 2071/1310/1404 2085/1320/1414
f 2085/1320/1414 2071/1310/1404 2074/1312/1406
f 2085/1320/1414 2074/1312/1406 2086/1321/1415
f 2086/1321/1415 2074/1312/1406 2073/1311/1405
f 2086/1321/1415 2073/1311/1405 2087/1322/1416
f 2087/1322/1416 2073/1311/1405 2075/1302/1397
f 2087/1322/1416 2075/1302/1397 2088/1313/1407
f 2093/1323/767 2089/1324/25 2090/1325/835
f 2093/1323/767 2090/1325/835 2205/1326/1417
f 2190/1327/767 2191/1328/25 2091/1329/25
f 2190/1327/767 2091/1329/25 2092/1330/767
f 2092/1330/767 2091/1329/25 2089/1324/25
f 2092/1330/767 2089/1324/25 2093/1323/767
f 2110/1331/767 2094/1328/25 2202/1332/145
f 2110/1331/767 2202/1332/145 2105/1333/1418
f 2107/1334/767 2095/1324/25 2096/1329/25
f 2107/1334/767 2096/1329/25 2108/1335/767
f 2108/1335/767 2096/1329/25 2094/1328/25
f 2108/1335/767 2094/1328/25 2110/1331/767
f 2102/1323/2 2097/1324/47 2098/1325/47
f 2102/1323/2 2098/1325/47 2099/1326/793
f 2100/1328/47 2104/1327/2 2206/1336/27
f 2100/1328/47 2206/1336/27 2101/1332/1419
f 2097/1324/47 2102/1323/2 2109/1330/2
f 2097/1324/47 2109/1330/2 2103/1329/47
f 2103/1329/47 2109/1330/2 2104/1327/2
f 2103/1329/47 2104/1327/2 2100/1328/47
f 2104/1337/2 2110/1331/767 2105/1333/1418
f 2104/1337/2 2105/1333/1418 2206/1338/27
f 2107/1334/767 2102/1339/2 2099/1340/793
f 2107/1334/767 2099/1340/793 2106/1341/765
f 2102/1339/2 2107/1334/767 2108/1335/767
f 2102/1339/2 2108/1335/767 2109/1342/2
f 2109/1342/2 2108/1335/767 2110/1331/767
f 2109/1342/2 2110/1331/767 2104/1337/2
f 2124/1314/1420 2111/1304/1421 2125/1305/1422
f 2124/1314/1420 2125/1305/1422 2112/1315/1423
f 2112/1315/1423 2125/1305/1422 2113/1306/1424
f 2112/1315/1423 2113/1306/1424 2114/1316/1425
f 2114/1316/1425 2113/1306/1424 2115/1307/1426
f 2114/1316/1425 2115/1307/1426 2116/1317/1427
f 2116/1317/1427 2115/1307/1426 2117/1308/1428
f 2116/1317/1427 2117/1308/1428 2118/1318/1429
f 2118/1318/1429 2117/1308/1428 2126/1309/1430
f 2118/1318/1429 2126/1309/1430 2119/1319/1431
f 2119/1319/1431 2126/1309/1430 2127/1310/1432
f 2119/1319/1431 2127/1310/1432 2120/1320/1433
f 2120/1320/1433 2127/1310/1432 2131/1312/1434
f 2120/1320/1433 2131/1312/1434 2121/1321/1435
f 2121/1321/1435 2131/1312/1434 2130/1311/1436
f 2121/1321/1435 2130/1311/1436 2122/1322/1437
f 2122/1322/1437 2130/1311/1436 2129/1302/1438
f 2122/1322/1437 2129/1302/1438 2123/1313/1439
f 2123/1313/1439 2129/1302/1438 2111/1304/1421
f 2123/1313/1439 2111/1304/1421 2124/1314/1420
f 2111/1304/1421 2128/1303/5 2125/1305/1422
f 2128/1303/5 2113/1306/1424 2125/1305/1422
f 2113/1306/1424 2128/1303/5 2115/1307/1426
f 2128/1303/5 2117/1308/1428 2115/1307/1426
f 2117/1308/1428 2128/1303/5 2126/1309/1430
f 2128/1303/5 2111/1304/1421 2129/1302/1438
f 2126/1309/1430 2128/1303/5 2127/1310/1432
f 2128/1303/5 2129/1302/1438 2130/1311/1436
f 2128/1303/5 2130/1311/1436 2131/1312/1434
f 2128/1303/5 2131/1312/1434 2127/1310/1432
f 2133/1343/1440 2132/1344/1441 2153/1345/1442
f 2133/1343/1440 2153/1345/1442 2136/1346/1443
f 2135/1347/1444 2134/1348/1445 2132/1344/1441
f 2135/1347/1444 2132/1344/1441 2133/1343/1440
f 2155/1349/1446 2154/1350/1447 2134/1348/1445
f 2155/1349/1446 2134/1348/1445 2135/1347/1444
f 2136/1346/1443 2153/1345/1442 2151/1351/1448
f 2136/1346/1443 2151/1351/1448 2137/1352/1449
f 2137/1352/1449 2151/1351/1448 2138/1353/1450
f 2137/1352/1449 2138/1353/1450 2139/1354/1451
f 2139/1354/1451 2138/1353/1450 2150/1355/1452
f 2139/1354/1451 2150/1355/1452 2140/1356/1453
f 2140/1356/1453 2150/1355/1452 2141/1357/1454
f 2140/1356/1453 2141/1357/1454 2142/1358/1455
f 2142/1358/1455 2141/1357/1454 2143/1359/1456
f 2142/1358/1455 2143/1359/1456 2144/1360/1457
f 2144/1360/1457 2143/1359/1456 2147/1361/1458
f 2144/1360/1457 2147/1361/1458 2145/1362/1459
f 2143/1359/1456 2168/1359/1460 2146/1361/1461
f 2143/1359/1456 2146/1361/1461 2147/1361/1458
f 2141/1357/1454 2149/1357/1462 2168/1359/1460
f 2141/1357/1454 2168/1359/1460 2143/1359/1456
f 2150/1355/1452 2148/1355/1463 2149/1357/1462
f 2150/1355/1452 2149/1357/1462 2141/1357/1454
f 2138/1353/1450 2166/1353/1464 2148/1355/1463
f 2138/1353/1450 2148/1355/1463 2150/1355/1452
f 2151/1351/1448 2165/1351/1465 2166/1353/1464
f 2151/1351/1448 2166/1353/1464 2138/1353/1450
f 2153/1345/1442 2152/1345/1466 2165/1351/1465
f 2153/1345/1442 2165/1351/1465 2151/1351/1448
f 2132/1344/1441 2162/1344/1467 2152/1345/1466
f 2132/1344/1441 2152/1345/1466 2153/1345/1442
f 2134/1348/1445 2161/1348/1468 2162/1344/1467
f 2134/1348/1445 2162/1344/1467 2132/1344/1441
f 2154/1350/1447 2158/1350/1469 2161/1348/1468
f 2154/1350/1447 2161/1348/1468 2134/1348/1445
f 2145/1362/1459 2147/1361/1458 2154/1350/1447
f 2145/1362/1459 2154/1350/1447 2155/1349/1446
f 2147/1361/1458 2146/1361/1461 2158/1350/1469
f 2147/1361/1458 2158/1350/1469 2154/1350/1447
f 2169/1363/1470 2156/1364/5 2157/1365/1471
f 2169/1363/1470 2157/1365/1471 2146/1361/1461
f 2146/1361/1461 2157/1365/1471 2158/1350/1469
f 2156/1364/5 2159/1366/1472 2157/1365/1471
f 2157/1365/1471 2159/1366/1472 2161/1348/1468
f 2157/1365/1471 2161/1348/1468 2158/1350/1469
f 2159/1366/1472 2156/1364/5 2160/1367/1473
f 2159/1366/1472 2160/1367/1473 2161/1348/1468
f 2161/1348/1468 2160/1367/1473 2162/1344/1467
f 2160/1367/1473 2163/1368/1474 2162/1344/1467
f 2162/1344/1467 2163/1368/1474 2152/1345/1466
f 2156/1364/5 2163/1368/1474 2160/1367/1473
f 2152/1345/1466 2163/1368/1474 2164/1369/1475
f 2152/1345/1466 2164/1369/1475 2165/1351/1465
f 2165/1351/1465 2164/1369/1475 2170/1370/1476
f 2165/1351/1465 2170/1370/1476 2166/1353/1464
f 2166/1353/1464 2170/1370/1476 2171/1371/1477
f 2166/1353/1464 2171/1371/1477 2148/1355/1463
f 2148/1355/1463 2171/1371/1477 2172/1372/1478
f 2148/1355/1463 2172/1372/1478 2149/1357/1462
f 2149/1357/1462 2172/1372/1478 2167/1373/1479
f 2149/1357/1462 2167/1373/1479 2168/1359/1460
f 2168/1359/1460 2167/1373/1479 2169/1363/1470
f 2168/1359/1460 2169/1363/1470 2146/1361/1461
f 2167/1373/1479 2156/1364/5 2169/1363/1470
f 2156/1364/5 2164/1369/1475 2163/1368/1474
f 2164/1369/1475 2156/1364/5 2170/1370/1476
f 2156/1364/5 2171/1371/1477 2170/1370/1476
f 2171/1371/1477 2156/1364/5 2172/1372/1478
f 2156/1364/5 2167/1373/1479 2172/1372/1478
f 2174/1345/1480 2173/1346/1481 2423/1374/1482
f 2174/1345/1480 2423/1374/1482 2175/1375/1483
f 2177/1375/1484 2176/1374/1485 2178/1346/1486
f 2177/1375/1484 2178/1346/1486 2179/1345/1487
f 2179/1345/1487 2178/1346/1486 2180/1374/1488
f 2179/1345/1487 2180/1374/1488 2181/1375/1489
f 2181/1375/1489 2180/1374/1488 2182/1346/1490
f 2181/1375/1489 2182/1346/1490 2183/1345/1491
f 2183/1345/1491 2182/1346/1490 2184/1374/1492
f 2183/1345/1491 2184/1374/1492 2185/1375/1493
f 2185/1375/1493 2184/1374/1492 2186/1346/1494
f 2185/1375/1493 2186/1346/1494 2187/1345/1495
f 2187/1345/1495 2186/1346/1494 2188/1374/1496
f 2187/1345/1495 2188/1374/1496 2189/1375/1497
f 2189/1375/1497 2188/1374/1496 2173/1346/1481
f 2189/1375/1497 2173/1346/1481 2174/1345/1480
f 2191/1328/25 2190/1327/767 2192/1336/765
f 2191/1328/25 2192/1336/765 2193/1332/25
f 2195/1328/47 2194/1376/2 2203/1333/1498
f 2195/1328/47 2203/1333/1498 2196/1332/146
f 2201/1377/2 2200/1324/47 2197/1325/47
f 2201/1377/2 2197/1325/47 2198/1378/793
f 2194/1376/2 2195/1328/47 2199/1329/47
f 2194/1376/2 2199/1329/47 2204/1379/2
f 2204/1379/2 2199/1329/47 2200/1324/47
f 2204/1379/2 2200/1324/47 2201/1377/2
f 2196/1380/146 2203/1381/1498 2105/1382/1418
f 2196/1380/146 2105/1382/1418 2202/1383/145
f 2101/1380/1419 2206/1381/27 2205/1382/1417
f 2101/1380/1419 2205/1382/1417 2090/1383/835
f 2194/1376/2 2093/1384/767 2205/1385/1417
f 2194/1376/2 2205/1385/1417 2203/1333/1498
f 2093/1384/767 2194/1376/2 2204/1379/2
f 2093/1384/767 2204/1379/2 2092/1386/767
f 2092/1386/767 2204/1379/2 2201/1377/2
f 2092/1386/767 2201/1377/2 2190/1387/767
f 2190/1387/767 2201/1377/2 2198/1378/793
f 2190/1387/767 2198/1378/793 2192/1388/765
f 2105/1389/1418 2203/1390/1498 2205/1391/1417
f 2105/1389/1418 2205/1391/1417 2206/1392/27
f 2095/1324/25 2107/1334/767 2106/1341/765
f 2095/1324/25 2106/1341/765 2207/1325/25
f 2221/1393/767 2235/1394/1499 2216/1395/1500
f 2221/1393/767 2216/1395/1500 2212/1333/1501
f 2208/1396/881 2218/1397/881 2217/1326/1502
f 2208/1396/881 2217/1326/1502 2209/1398/1196
f 2218/1397/881 2208/1396/881 2214/1399/1503
f 2218/1397/881 2214/1399/1503 2210/1336/1504
f 2213/1400/1505 2211/1401/1506 2210/1341/1504
f 2213/1400/1505 2210/1341/1504 2214/1402/1503
f 2211/1401/1506 2213/1400/1505 2230/1402/1507
f 2211/1401/1506 2230/1402/1507 2212/1341/1501
f 2265/1401/1505 2213/1400/1505 2214/1402/1503
f 2265/1401/1505 2214/1402/1503 2215/1341/1508
f 2213/1400/1505 2265/1401/1505 2266/1341/1509
f 2213/1400/1505 2266/1341/1509 2230/1402/1507
f 2211/1403/1506 2236/1404/143 2220/1405/1510
f 2211/1403/1506 2220/1405/1510 2210/1406/1504
f 2236/1404/143 2211/1403/1506 2212/1406/1501
f 2236/1404/143 2212/1406/1501 2216/1405/1500
f 2218/1394/881 2219/1393/1511 2243/1378/1512
f 2218/1394/881 2243/1378/1512 2217/1388/1502
f 2219/1393/1511 2218/1394/881 2210/1385/1504
f 2219/1393/1511 2210/1385/1504 2220/1407/1510
f 2235/1393/1499 2221/1394/767 2222/1388/765
f 2235/1393/1499 2222/1388/765 2223/1378/1513
f 2221/1401/767 2228/1400/767 2229/1402/760
f 2221/1401/767 2229/1402/760 2222/1341/765
f 2228/1400/767 2221/1401/767 2212/1408/1501
f 2228/1400/767 2212/1408/1501 2230/1409/1507
f 2318/1215/1514 2317/1213/1515 2224/1214/1516
f 2318/1215/1514 2224/1214/1516 2307/1216/1184
f 2323/1217/1517 2224/1214/1516 2317/1213/1515
f 2323/1217/1517 2317/1213/1515 2225/1218/600
f 2225/1218/600 2317/1213/1515 2308/1219/1518
f 2225/1218/600 2308/1219/1518 2319/1046/600
f 2324/1038/1173 2323/1217/1517 2225/1218/600
f 2324/1038/1173 2225/1218/600 2226/1039/1519
f 2410/944/1252 1560/951/1257 1987/950/1388
f 2231/1401/25 2227/1341/25 2228/1400/767
f 2228/1400/767 2227/1341/25 2229/1402/760
f 2228/1400/767 2230/1409/1507 2231/1401/25
f 2231/1401/25 2230/1409/1507 2266/1408/1509
f 2235/1393/1499 2223/1378/1513 2233/1410/1520
f 2233/1410/1520 2223/1378/1513 2232/1402/1520
f 2233/1410/1520 2234/1411/1521 2235/1393/1499
f 2235/1393/1499 2234/1411/1521 2216/1407/1500
f 2236/1393/143 2216/1407/1500 2237/1410/112
f 2237/1410/112 2216/1407/1500 2234/1411/1521
f 2237/1410/112 2238/1411/1522 2236/1393/143
f 2236/1393/143 2238/1411/1522 2220/1407/1510
f 2239/1397/25 2215/1336/1508 2208/1396/881
f 2208/1396/881 2215/1336/1508 2214/1399/1503
f 2208/1396/881 2209/1399/1196 2239/1397/25
f 2239/1397/25 2209/1399/1196 2240/1336/25
f 2219/1393/1511 2220/1407/1510 2241/1410/1523
f 2241/1410/1523 2220/1407/1510 2238/1411/1522
f 2241/1410/1523 2242/1402/1523 2219/1393/1511
f 2219/1393/1511 2242/1402/1523 2243/1378/1512
f 2250/1246/1162 2256/1112/1020 2249/1248/1016
f 2256/1112/1020 2250/1246/1162 2247/1241/1017
f 2256/1112/1020 2247/1241/1017 2244/1242/1370
f 2251/1243/1524 2262/1244/1013 2245/1108/1525
f 2251/1243/1524 2245/1108/1525 2252/1237/1159
f 2252/1237/1159 2245/1108/1525 2246/1239/1526
f 2252/1237/1159 2246/1239/1526 2295/1104/1012
f 2262/1244/1013 2251/1243/1524 2258/1245/1527
f 2247/1241/1017 2248/1240/1010 2257/1103/1009
f 2250/1246/1162 2249/1248/1016 2254/1247/1528
f 2250/1246/1162 2254/1247/1528 2251/1243/1524
f 2251/1243/1524 2254/1247/1528 2258/1245/1527
f 2253/1238/1529 2248/1240/1010 2252/1237/1159
f 2252/1237/1159 2248/1240/1010 2247/1241/1017
f 2251/1243/1524 2252/1237/1159 2250/1246/1162
f 2250/1246/1162 2252/1237/1159 2247/1241/1017
f 2295/1104/1012 2253/1238/1529 2252/1237/1159
f 2295/1104/1012 2259/1237/1530 2253/1238/1529
f 2255/1246/1223 2254/1247/1528 2249/1248/1016
f 2255/1246/1223 2249/1248/1016 2256/1112/1020
f 2255/1246/1223 2256/1112/1020 2260/1241/1531
f 2260/1241/1531 2256/1112/1020 2244/1242/1370
f 2260/1241/1531 2244/1242/1370 2257/1103/1009
f 2260/1241/1531 2257/1103/1009 2248/1240/1010
f 2260/1241/1531 2248/1240/1010 2259/1237/1530
f 2259/1237/1530 2248/1240/1010 2253/1238/1529
f 2258/1245/1527 2254/1247/1528 2261/1243/1220
f 2261/1243/1220 2254/1247/1528 2255/1246/1223
f 2261/1243/1220 2255/1246/1223 2259/1237/1530
f 2259/1237/1530 2255/1246/1223 2260/1241/1531
f 2246/1239/1526 2245/1108/1525 2259/1237/1530
f 2259/1237/1530 2245/1108/1525 2261/1243/1220
f 2262/1244/1013 2258/1245/1527 2261/1243/1220
f 2261/1243/1220 2245/1108/1525 2262/1244/1013
f 2263/1412/39 2264/1383/39 2265/1413/1505
f 2265/1413/1505 2264/1383/39 2266/1382/1509
f 2265/1413/1505 2215/1382/1508 2263/1412/39
f 2263/1412/39 2215/1382/1508 2267/1383/39
f 2268/1062/1532 2315/1063/1533 2269/1061/1200
f 2269/1061/1200 2315/1063/1533 2316/1050/1534
f 2280/1414/1535 2270/1415/1536 2281/1416/1537
f 2281/1416/1537 2270/1415/1536 2271/1417/1538
f 2270/1415/1536 2276/1414/1539 2271/1417/1538
f 2271/1417/1538 2276/1414/1539 2272/1416/1540
f 2273/1418/1541 2283/1419/1542 2275/1420/1543
f 2275/1420/1543 2283/1419/1542 2274/1421/1544
f 2277/1422/1545 2273/1418/1541 2278/1423/1546
f 2278/1423/1546 2273/1418/1541 2275/1420/1543
f 2276/1414/1539 2277/1422/1545 2272/1416/1540
f 2272/1416/1540 2277/1422/1545 2278/1423/1546
f 2279/1422/1547 2280/1414/1535 2282/1423/1548
f 2282/1423/1548 2280/1414/1535 2281/1416/1537
f 2284/1418/1549 2279/1422/1547 2285/1420/1550
f 2285/1420/1550 2279/1422/1547 2282/1423/1548
f 2283/1419/1542 2284/1418/1549 2274/1421/1544
f 2274/1421/1544 2284/1418/1549 2285/1420/1550
f 1374/963/1040 2286/958/1039 1204/964/1058
f 1204/964/1058 2286/958/1039 2287/957/1046
f 2020/1276/993 2292/1260/985 2021/1275/1336
f 2021/1275/1336 2292/1260/985 2293/1028/987
f 2288/1275/1126 2290/1028/1128 2044/1276/1127
f 2044/1276/1127 2290/1028/1128 2289/1260/1129
f 2290/1028/1128 2022/1259/1121 2289/1260/1129
f 2289/1260/1129 2022/1259/1121 2023/1258/1123
f 2291/1273/1143 2038/1268/993 2005/1274/996
f 2005/1274/996 2038/1268/993 2039/1269/1336
f 2292/1260/985 2009/1258/986 2293/1028/987
f 2293/1028/987 2009/1258/986 2294/1259/988
f 2295/1104/1012 2246/1239/1526 2259/1237/1530
f 2321/1062/1551 2296/1061/1552 2297/1050/1199
f 2321/1062/1551 2297/1050/1199 2298/1063/1553
f 2305/1037/1554 2299/1036/1177 2310/1039/1179
f 2305/1037/1554 2310/1039/1179 2300/1038/1555
f 2302/1036/1556 2301/1037/1172 2324/1038/1173
f 2302/1036/1556 2324/1038/1173 2226/1039/1519
f 2301/1037/1172 2302/1036/1556 2303/1040/1175
f 2301/1037/1172 2303/1040/1175 2304/1041/1176
f 2304/1041/1176 2303/1040/1175 2299/1036/1177
f 2304/1041/1176 2299/1036/1177 2305/1037/1554
f 2326/1042/1181 2306/1043/1182 2318/1044/1514
f 2326/1042/1181 2318/1044/1514 2307/1045/1184
f 2308/1046/1518 2317/1047/1515 2309/1048/1557
f 2308/1046/1518 2309/1048/1557 2314/1049/1558
f 2311/1222/1559 2325/1221/1560 2224/1220/1516
f 2311/1222/1559 2224/1220/1516 2323/1218/1517
f 2326/1216/1181 2325/1214/1560 2309/1213/1557
f 2326/1216/1181 2309/1213/1557 2306/1215/1182
f 2310/1039/1179 2313/1218/1561 2311/1217/1559
f 2310/1039/1179 2311/1217/1559 2300/1038/1555
f 2313/1218/1561 2312/1046/5 2314/1219/1558
f 2313/1218/1561 2314/1219/1558 2311/1217/1559
f 2311/1217/1559 2314/1219/1558 2309/1213/1557
f 2311/1217/1559 2309/1213/1557 2325/1214/1560
f 2315/1063/1533 2314/1219/1558 2312/1046/5
f 2315/1063/1533 2312/1046/5 2316/1050/1534
f 2306/1043/1182 2309/1048/1557 2317/1047/1515
f 2306/1043/1182 2317/1047/1515 2318/1044/1514
f 2297/1050/1199 2319/1046/600 2308/1219/1518
f 2297/1050/1199 2308/1219/1518 2298/1063/1553
f 2322/1062/1562 2320/1061/1563 2296/1061/1552
f 2322/1062/1562 2296/1061/1552 2321/1062/1551
f 2320/1061/1563 2322/1062/1562 2268/1062/1532
f 2320/1061/1563 2268/1062/1532 2269/1061/1200
f 2298/1050/1553 2308/1046/1518 2314/1049/1558
f 2298/1050/1553 2314/1049/1558 2321/1051/1551
f 2321/1051/1551 2314/1049/1558 2315/1052/1533
f 2321/1051/1551 2315/1052/1533 2322/1053/1562
f 2322/1053/1562 2315/1052/1533 2268/1054/1532
f 2311/1222/1559 2323/1218/1517 2300/1223/1555
f 2300/1223/1555 2323/1218/1517 2324/1039/1173
f 2300/1223/1555 2324/1039/1173 2305/1224/1554
f 2305/1224/1554 2324/1039/1173 2301/1225/1172
f 2305/1224/1554 2301/1225/1172 2304/1226/1176
f 2307/1045/1184 2224/1220/1516 2325/1221/1560
f 2307/1045/1184 2325/1221/1560 2326/1042/1181
f 2328/1198/1127 2327/1301/1126 2329/1424/1151
f 2328/1198/1127 2329/1424/1151 2330/1140/1129
f 1979/1301/994 2331/1198/1153 2335/1140/985
f 1979/1301/994 2335/1140/985 2332/1424/987
f 1524/1008/1231 2333/1009/1242 2396/1011/1234
f 1524/1008/1231 2396/1011/1234 2334/1010/1145
f 2330/1140/1129 2329/1424/1151 1955/1290/1375
f 2330/1140/1129 1955/1290/1375 1956/1291/1123
f 2332/1424/987 2335/1140/985 1940/1291/986
f 2332/1424/987 1940/1291/986 2336/1290/988
f 1469/1088/1123 2337/1089/1121 2338/1074/1122
f 1469/1088/1123 2338/1074/1122 2339/1076/1132
f 1464/1102/1017 2340/927/1214 1465/1103/1022
f 1464/1102/1017 1451/926/1215 2340/927/1214
f 1459/1105/1018 2342/925/1222 1451/926/1215
f 1459/1105/1018 1451/926/1215 1464/1102/1017
f 1459/1105/1018 2341/924/1217 2342/925/1222
f 2344/1064/995 2413/1034/993 2345/1065/1564
f 2345/1065/1564 2413/1034/993 2414/1035/1336
f 2343/1072/1146 2344/1064/995 2347/1073/1147
f 2347/1073/1147 2344/1064/995 2345/1065/1564
f 2346/1070/1150 2343/1072/1146 2349/1071/1142
f 2349/1071/1142 2343/1072/1146 2347/1073/1147
f 2348/1068/1565 2346/1070/1150 2351/1069/1204
f 2351/1069/1204 2346/1070/1150 2349/1071/1142
f 2350/1066/1139 2348/1068/1565 2354/1067/1140
f 2354/1067/1140 2348/1068/1565 2351/1069/1204
f 2352/1031/1152 2350/1066/1139 2353/1033/988
f 2353/1033/988 2350/1066/1139 2354/1067/1140
f 2420/898/1137 2355/899/989 2422/896/1138
f 2422/896/1138 2355/899/989 2356/897/1211
f 2355/899/989 2358/901/1148 2356/897/1211
f 2356/897/1211 2358/901/1148 2357/900/1149
f 2358/901/1148 2360/903/1233 2357/900/1149
f 2357/900/1149 2360/903/1233 2359/902/1000
f 2360/903/1233 2361/905/1146 2359/902/1000
f 2359/902/1000 2361/905/1146 2363/904/1147
f 2361/905/1146 2362/907/995 2363/904/1147
f 2363/904/1147 2362/907/995 2364/906/996
f 2362/907/995 2365/909/993 2364/906/996
f 2364/906/996 2365/909/993 2366/908/1336
f 2367/1033/969 2369/1067/1122 2427/1031/1123
f 2427/1031/1123 2369/1067/1122 2368/1066/1213
f 2369/1067/1122 2370/1069/973 2368/1066/1213
f 2368/1066/1213 2370/1069/973 2375/1068/1134
f 2371/1073/1135 2416/1065/979 2373/1072/1125
f 2373/1072/1125 2416/1065/979 2372/1064/980
f 2374/1071/975 2371/1073/1135 2376/1070/976
f 2376/1070/976 2371/1073/1135 2373/1072/1125
f 2370/1069/973 2374/1071/975 2375/1068/1134
f 2375/1068/1134 2374/1071/975 2376/1070/976
f 2377/910/1151 2379/896/1121 2378/911/1129
f 2378/911/1129 2379/896/1121 2380/898/1123
f 2379/896/1121 2382/897/1131 2380/898/1123
f 2380/898/1123 2382/897/1131 2381/899/1132
f 2382/897/1131 2383/900/1133 2381/899/1132
f 2381/899/1132 2383/900/1133 2384/901/1134
f 2383/900/1133 2386/902/975 2384/901/1134
f 2384/901/1134 2386/902/975 2385/903/976
f 2386/902/975 2388/904/1135 2385/903/976
f 2385/903/976 2388/904/1135 2387/905/1125
f 2388/904/1135 2389/906/979 2387/905/1125
f 2387/905/1125 2389/906/979 2390/907/980
f 2389/906/979 2392/908/1126 2390/907/980
f 2390/907/980 2392/908/1126 2391/909/1226
f 2392/908/1126 2377/910/1151 2391/909/1226
f 2391/909/1226 2377/910/1151 2378/911/1129
f 2393/1028/1566 2394/1000/1236 2395/1029/1567
f 2395/1029/1567 2394/1000/1236 1515/998/1235
f 2396/1011/1234 2393/1028/1566 2334/1010/1145
f 2334/1010/1145 2393/1028/1566 2395/1029/1567
f 2397/1019/1230 1505/1017/1234 1502/1018/1231
f 1502/1018/1231 1505/1017/1234 2398/1016/1145
f 1537/1152/979 2399/1139/1126 1538/1153/980
f 1538/1153/980 2399/1139/1126 2400/1138/1127
f 2401/948/1343 2402/952/1361 1921/944/1341
f 1921/944/1341 2402/952/1361 1797/953/1363
f 1921/944/1341 1797/953/1363 1798/954/1365
f 2406/1275/1145 2403/1276/1144 1868/1260/985
f 2406/1275/1145 1868/1260/985 2404/1028/987
f 1860/1252/996 2405/1250/1143 2403/1276/1144
f 1860/1252/996 2403/1276/1144 2406/1275/1145
f 2410/944/1252 2407/948/1384 2408/952/1271
f 2408/952/1271 2409/953/1253 2410/944/1252
f 2247/1241/1017 2257/1103/1009 2244/1242/1370
f 2411/1030/985 2352/1031/1152 2412/1032/987
f 2412/1032/987 2352/1031/1152 2353/1033/988
f 2413/1034/993 2411/1030/985 2414/1035/1336
f 2414/1035/1336 2411/1030/985 2412/1032/987
f 2417/1035/1126 2426/1032/1151 2418/1034/1226
f 2418/1034/1226 2426/1032/1151 2415/1030/1225
f 2416/1065/979 2417/1035/1126 2372/1064/980
f 2372/1064/980 2417/1035/1126 2418/1034/1226
f 2365/909/993 2419/911/1374 2366/908/1336
f 2366/908/1336 2419/911/1374 2421/910/987
f 2419/911/1374 2420/898/1137 2421/910/987
f 2421/910/987 2420/898/1137 2422/896/1138
f 2423/1374/1482 2425/1346/1568 2175/1375/1483
f 2175/1375/1483 2425/1346/1568 2424/1345/1569
f 2425/1346/1568 2176/1374/1485 2424/1345/1569
f 2424/1345/1569 2176/1374/1485 2177/1375/1484
f 2426/1032/1151 2367/1033/969 2415/1030/1225
f 2415/1030/1225 2367/1033/969 2427/1031/1123
f 2441/1425/1570 2473/1426/1571 2457/1427/1572
f 2457/1427/1572 2473/1426/1571 2428/1428/1573
f 2448/1429/1574 2429/1430/1575 2465/1427/1576
f 2465/1427/1576 2429/1430/1575 2430/1428/1577
f 2472/1431/1578 2461/1432/1579 2431/1429/1580
f 2431/1429/1580 2461/1432/1579 2432/1430/1581
f 2433/1433/1582 2446/1434/1583 2443/1435/47
f 2443/1435/47 2446/1434/1583 2434/1430/1584
f 2435/1436/1585 2440/1437/1586 2433/1438/1582
f 2433/1438/1582 2440/1437/1586 2446/1439/1583
f 2435/1433/1585 2475/1440/803 2439/1435/25
f 2439/1435/25 2475/1440/803 2436/1441/760
f 2437/1433/1587 2436/1440/760 2444/1435/1588
f 2444/1435/1588 2436/1440/760 2475/1441/803
f 2438/1442/1589 2448/1443/1574 2466/1444/1590
f 2466/1444/1590 2448/1443/1574 2465/1445/1576
f 2439/1435/25 2445/1430/1591 2435/1433/1585
f 2435/1433/1585 2445/1430/1591 2440/1434/1586
f 2460/1446/1592 2441/1447/1570 2442/1448/1593
f 2442/1448/1593 2441/1447/1570 2457/1449/1572
f 2443/1435/47 2437/1441/1587 2433/1433/1582
f 2433/1433/1582 2437/1441/1587 2444/1440/1588
f 2445/1434/1591 2434/1440/1584 2440/1430/1586
f 2440/1430/1586 2434/1440/1584 2446/1441/1583
f 2447/1435/47 2429/1428/1575 2458/1433/1594
f 2458/1433/1594 2429/1428/1575 2448/1450/1574
f 2471/1451/1595 2449/1452/1596 2438/1453/1589
f 2438/1453/1589 2449/1452/1596 2455/1454/1597
f 2450/1435/1598 2468/1428/1599 2474/1433/25
f 2474/1433/25 2468/1428/1599 2452/1450/1600
f 2459/1429/1601 2460/1430/1592 2456/1427/1602
f 2456/1427/1602 2460/1430/1592 2442/1428/1593
f 2461/1455/1579 2462/1456/1603 2432/1457/1581
f 2432/1457/1581 2462/1456/1603 2451/1458/1604
f 2452/1429/1600 2468/1430/1599 2463/1427/1605
f 2463/1427/1605 2468/1430/1599 2453/1428/1606
f 2455/1431/1597 2449/1432/1596 2464/1429/1607
f 2464/1429/1607 2449/1432/1596 2454/1430/1608
f 2468/1459/1599 2455/1460/1597 2453/1461/1606
f 2453/1461/1606 2455/1460/1597 2464/1462/1607
f 2456/1429/1602 2442/1430/1593 2428/1427/1573
f 2428/1427/1573 2442/1430/1593 2457/1428/1572
f 2458/1435/1594 2460/1428/1592 2447/1433/47
f 2447/1433/47 2460/1428/1592 2459/1450/1601
f 2460/1446/1592 2462/1456/1603 2441/1447/1570
f 2441/1447/1570 2462/1456/1603 2461/1455/1579
f 2450/1463/1598 2462/1456/1603 2458/1464/1594
f 2458/1464/1594 2462/1456/1603 2460/1446/1592
f 2463/1429/1605 2453/1430/1606 2454/1427/1608
f 2454/1427/1608 2453/1430/1606 2464/1428/1607
f 2465/1429/1576 2430/1430/1577 2466/1427/1590
f 2466/1427/1590 2430/1430/1577 2467/1428/1609
f 2468/1459/1599 2448/1443/1574 2455/1460/1597
f 2455/1460/1597 2448/1443/1574 2438/1442/1589
f 2458/1464/1594 2448/1443/1574 2450/1463/1598
f 2450/1463/1598 2448/1443/1574 2468/1459/1599
f 2451/1429/1604 2470/1430/1610 2432/1427/1581
f 2432/1427/1581 2470/1430/1610 2431/1428/1580
f 2462/1429/1603 2469/1430/1611 2451/1427/1604
f 2451/1427/1604 2469/1430/1611 2470/1428/1610
f 2471/1425/1595 2438/1426/1589 2467/1427/1609
f 2467/1427/1609 2438/1426/1589 2466/1428/1590
f 2472/1453/1578 2473/1454/1571 2461/1451/1579
f 2461/1451/1579 2473/1454/1571 2441/1452/1570
f 2474/1435/25 2469/1428/1611 2450/1433/1598
f 2450/1433/1598 2469/1428/1611 2462/1450/1603
f 2433/1438/1582 2444/1465/1588 2435/1436/1585
f 2435/1436/1585 2444/1465/1588 2475/1466/803
f 2476/1467/5 2477/1468/5 2511/1469/5
f 2511/1469/5 2477/1468/5 2485/1470/5
f 2499/1471/5 2488/1472/5 2476/1467/5
f 2476/1467/5 2488/1472/5 2477/1468/5
f 2478/1473/5 2482/1474/5 2479/1475/5
f 2479/1475/5 2482/1474/5 2480/1472/5
f 2503/1476/5 2502/1477/5 2491/1478/5
f 2491/1478/5 2502/1477/5 2481/1409/5
f 2482/1474/5 2510/1479/5 2489/1480/5
f 2489/1480/5 2510/1479/5 2483/1481/5
f 2484/1482/5 2500/1483/5 2504/1484/5
f 2504/1484/5 2500/1483/5 2505/1485/5
f 2497/1486/5 2485/1487/5 2479/1488/5
f 2479/1488/5 2485/1487/5 2477/1489/5
f 2486/1490/5 2487/1491/5 2499/1471/5
f 2499/1471/5 2487/1491/5 2488/1472/5
f 2489/1492/5 2507/1480/5 2482/1489/5
f 2482/1489/5 2507/1480/5 2480/1474/5
f 2490/1485/5 2503/1476/5 2492/1493/5
f 2492/1493/5 2503/1476/5 2491/1478/5
f 2492/1493/5 2493/1494/5 2490/1485/5
f 2490/1485/5 2493/1494/5 2494/1495/5
f 2490/1485/5 2494/1495/5 2484/1496/5
f 2484/1496/5 2494/1495/5 2495/1497/5
f 2484/1496/5 2495/1497/5 2500/1483/5
f 2500/1483/5 2495/1497/5 2496/1498/5
f 2500/1483/5 2496/1498/5 2499/1471/5
f 2499/1471/5 2496/1498/5 2486/1490/5
f 2479/1488/5 2480/1468/5 2497/1486/5
f 2497/1486/5 2480/1468/5 2509/1470/5
f 2479/1475/5 2477/1468/5 2478/1473/5
f 2478/1473/5 2477/1468/5 2488/1489/5
f 2478/1499/5 2488/1472/5 2498/1500/5
f 2498/1500/5 2488/1472/5 2487/1491/5
f 2504/1484/5 2503/1476/5 2484/1482/5
f 2484/1482/5 2503/1476/5 2490/1501/5
f 2476/1467/5 2505/1501/5 2499/1471/5
f 2499/1471/5 2505/1501/5 2500/1483/5
f 2501/1502/5 2502/1477/5 2504/1503/5
f 2504/1503/5 2502/1477/5 2503/1476/5
f 2504/1503/5 2505/1501/5 2501/1502/5
f 2501/1502/5 2505/1501/5 2506/1504/5
f 2507/1492/5 2508/1402/5 2480/1489/5
f 2480/1489/5 2508/1402/5 2509/1487/5
f 2498/1500/5 2510/1479/5 2478/1499/5
f 2478/1499/5 2510/1479/5 2482/1474/5
f 2511/1469/5 2506/1504/5 2476/1467/5
f 2476/1467/5 2506/1504/5 2505/1501/5
f 2669/1505/1612 2512/1506/1613 2570/1507/1614
f 2538/1508/1615 2522/1509/1616 2598/1510/1617
f 2538/1508/1615 2598/1510/1617 2513/1511/1618
f 2548/1512/1619 2553/1513/1620 2514/1514/1621
f 2548/1512/1619 2514/1514/1621 2596/1515/1622
f 2597/1516/1623 2552/1517/1624 2513/1511/1618
f 2597/1516/1623 2513/1511/1618 2598/1510/1617
f 2515/1518/1625 2573/1519/1626 2523/1520/1626
f 2515/1518/1625 2523/1520/1626 2516/1521/1626
f 2607/1522/1627 2518/1523/1628 2517/1524/1629
f 2561/1525/1630 2560/1526/1631 2518/1527/1628
f 2540/1528/1632 2521/1523/1612 2519/1529/1633
f 2520/1530/1634 2692/1531/1635 2521/1523/1612
f 2625/1532/1626 2602/1533/1626 2551/1534/1636
f 2625/1532/1626 2551/1534/1636 2655/1535/1636
f 2598/1536/1617 2522/1537/1616 2563/1538/1637
f 2598/1536/1617 2563/1538/1637 2600/1539/1638
f 2573/1540/1626 2645/1541/1639 2646/1542/1640
f 2573/1540/1626 2646/1542/1640 2523/1543/1626
f 2521/1523/1612 2625/1544/1626 2655/1545/1636
f 2521/1523/1612 2655/1545/1636 2519/1529/1633
f 2531/406/1641 2529/1546/1642 2524/1547/112
f 2531/406/1641 2524/1547/112 2525/405/112
f 2557/1548/1643 2526/1549/1644 2527/1550/1645
f 2557/1548/1643 2527/1550/1645 2528/1551/1645
f 2649/1552/1642 2529/1553/1642 2526/1549/1644
f 2649/1552/1642 2526/1549/1644 2557/1548/1643
f 2626/1554/1646 2527/1555/1645 2526/1556/1644
f 2626/1554/1646 2526/1556/1644 2530/1557/1647
f 2530/1557/1647 2526/1556/1644 2529/1546/1642
f 2530/1557/1647 2529/1546/1642 2531/406/1641
f 2611/1558/1648 2610/1559/1649 2544/1560/1650
f 2611/1558/1648 2544/1560/1650 2532/1561/1651
f 2609/1562/1652 2533/1563/1653 2608/1564/1654
f 2609/1562/1652 2608/1564/1654 2638/1565/1655
f 2634/1563/1656 2534/1562/1657 2535/1565/1658
f 2634/1563/1656 2535/1565/1658 2666/1564/1659
f 2666/1564/1659 2535/1565/1658 2536/1566/1660
f 2666/1564/1659 2536/1566/1660 2537/1567/1661
f 2547/1529/1662 2563/1538/1637 2522/1537/1616
f 2547/1529/1662 2522/1537/1616 2551/1545/1636
f 2551/1534/1636 2522/1509/1616 2538/1508/1615
f 2551/1534/1636 2538/1508/1615 2655/1535/1636
f 2519/1529/1633 2539/1538/1663 2604/1568/1664
f 2519/1529/1633 2604/1568/1664 2540/1528/1632
f 2567/1524/1665 2693/1569/1666 2608/1570/1654
f 2709/1571/1667 2562/1572/1668 2708/1530/1669
f 2708/1530/1669 2562/1572/1668 2601/1528/1670
f 2604/1572/1664 2543/1571/1671 2540/1528/1632
f 2540/1528/1632 2543/1571/1671 2520/1530/1634
f 2566/1573/1672 2727/1574/1673 2541/1575/1674
f 2541/1575/1674 2727/1574/1673 2542/1576/1675
f 2727/1574/1673 2728/1577/1676 2542/1576/1675
f 2542/1576/1675 2728/1577/1676 2662/1578/1677
f 2543/1571/1671 2694/1579/1678 2520/1530/1634
f 2520/1530/1634 2694/1579/1678 2692/1531/1635
f 2608/1564/1654 2533/1563/1653 2567/1580/1665
f 2567/1580/1665 2533/1563/1653 2668/1581/1679
f 2611/1558/1648 2532/1561/1651 2670/1582/1680
f 2670/1582/1680 2532/1561/1651 2667/1583/1681
f 2532/1561/1651 2566/1573/1672 2667/1583/1681
f 2667/1583/1681 2566/1573/1672 2541/1575/1674
f 2566/1573/1672 2532/1561/1651 2565/1584/1682
f 2565/1584/1682 2532/1561/1651 2544/1560/1650
f 2565/1584/1682 2544/1560/1650 2700/1585/1683
f 2700/1585/1683 2544/1560/1650 2697/1586/1684
f 2728/1577/1676 2545/1587/1685 2662/1578/1677
f 2662/1578/1677 2545/1587/1685 2658/1588/1686
f 2734/1589/1687 2546/1590/1688 2659/1591/1689
f 2659/1591/1689 2546/1590/1688 2647/1592/1690
f 2562/1568/1668 2563/1538/1637 2601/1528/1670
f 2601/1528/1670 2563/1538/1637 2547/1529/1662
f 2548/1593/1619 2549/1594/1691 2517/1595/1629
f 2602/1544/1626 2550/1523/1626 2547/1529/1662
f 2602/1544/1626 2547/1529/1662 2551/1545/1636
f 2552/1517/1624 2597/1516/1623 2514/1514/1621
f 2552/1517/1624 2514/1514/1621 2553/1513/1620
f 2555/1596/1692 2554/1597/1693 2556/1598/1693
f 2555/1596/1692 2556/1598/1693 2575/1599/1694
f 2588/1600/1693 2556/1601/1693 2554/1602/1693
f 2588/1600/1693 2554/1602/1693 2589/1603/1693
f 2558/1557/1695 2557/1556/1643 2528/1555/1645
f 2558/1557/1695 2528/1555/1645 2559/1554/1696
f 2648/406/1697 2649/1546/1642 2557/1556/1643
f 2648/406/1697 2557/1556/1643 2558/1557/1695
f 2605/1604/1698 2604/1568/1664 2539/1538/1663
f 2605/1604/1698 2539/1538/1663 2606/1539/1699
f 2543/1605/1671 2560/1526/1631 2561/1525/1630
f 2543/1605/1671 2561/1525/1630 2694/1606/1678
f 2562/1568/1668 2660/1604/1700 2600/1539/1638
f 2562/1568/1668 2600/1539/1638 2563/1538/1637
f 2512/1541/1613 2515/1540/1625 2516/1543/1626
f 2512/1541/1613 2516/1543/1626 2564/1542/1701
f 2550/1523/1626 2601/1528/1670 2547/1529/1662
f 2565/1584/1682 2673/1607/1702 2566/1573/1672
f 2566/1573/1672 2673/1607/1702 2727/1574/1673
f 2573/1540/1626 2574/1608/1703 2645/1541/1639
f 2645/1541/1639 2574/1608/1703 2567/1524/1665
f 2568/1599/1704 2580/1609/1705 2569/1596/1706
f 2571/1610/1614 2570/1507/1614 2512/1506/1613
f 2571/1610/1614 2512/1506/1613 2564/1611/1701
f 2537/1567/1661 2536/1566/1660 2626/1612/1707
f 2537/1567/1661 2626/1612/1707 2572/1613/1661
f 2573/1519/1626 2515/1518/1625 2603/1614/1708
f 2573/1519/1626 2603/1614/1708 2574/1615/1703
f 2515/1540/1625 2512/1541/1613 2653/1524/1709
f 2515/1540/1625 2653/1524/1709 2603/1608/1708
f 2555/1596/1692 2575/1599/1694 2578/1609/1710
f 2569/1616/1706 2577/1617/1711 2568/1618/1704
f 2568/1618/1704 2577/1617/1711 2575/1619/1694
f 2576/1598/1712 2591/1597/1712 2568/1620/1704
f 2568/1620/1704 2591/1597/1712 2579/1621/1713
f 2577/1617/1711 2578/1622/1710 2575/1619/1694
f 2568/1618/1704 2579/1623/1713 2580/1623/1705
f 2581/1617/1714 2592/1616/1715 2582/1619/1716
f 2582/1619/1716 2592/1616/1715 2585/1618/1717
f 2582/1619/1716 2593/1622/1718 2581/1617/1714
f 2586/1596/1719 2583/1597/1712 2584/1598/1712
f 2586/1596/1719 2584/1598/1712 2585/1599/1717
f 2586/1596/1719 2585/1599/1717 2587/1609/1720
f 2588/1598/1693 2589/1597/1693 2582/1599/1716
f 2582/1599/1716 2589/1597/1693 2590/1596/1721
f 2591/1602/1712 2576/1601/1712 2583/1603/1712
f 2583/1603/1712 2576/1601/1712 2584/1600/1712
f 2592/1616/1715 2587/1623/1720 2585/1618/1717
f 2582/1599/1716 2590/1596/1721 2593/1609/1718
f 2594/1595/1722 2595/1594/1723 2596/1593/1622
f 2594/1595/1722 2596/1593/1622 2514/1624/1621
f 2594/1595/1722 2514/1624/1621 2599/1527/1724
f 2599/1527/1724 2514/1624/1621 2597/1625/1623
f 2599/1527/1724 2597/1625/1623 2600/1539/1638
f 2600/1539/1638 2597/1625/1623 2598/1536/1617
f 2517/1595/1629 2553/1624/1620 2548/1593/1619
f 2660/1604/1700 2599/1527/1724 2600/1539/1638
f 2708/1530/1669 2601/1528/1670 2550/1523/1626
f 2518/1527/1628 2552/1625/1624 2553/1624/1620
f 2518/1527/1628 2553/1624/1620 2517/1595/1629
f 2550/1523/1626 2602/1544/1626 2603/1608/1708
f 2550/1523/1626 2603/1608/1708 2653/1524/1709
f 2560/1526/1631 2543/1605/1671 2604/1626/1664
f 2560/1526/1631 2604/1626/1664 2605/1604/1698
f 2518/1527/1628 2560/1526/1631 2605/1604/1698
f 2518/1527/1628 2605/1604/1698 2606/1539/1699
f 2552/1625/1624 2518/1527/1628 2606/1539/1699
f 2552/1625/1624 2606/1539/1699 2513/1536/1618
f 2513/1536/1618 2606/1539/1699 2539/1538/1663
f 2513/1536/1618 2539/1538/1663 2538/1537/1615
f 2693/1627/1666 2607/1628/1627 2517/1595/1629
f 2693/1627/1666 2517/1595/1629 2608/1629/1654
f 2529/1553/1642 2649/1552/1642 2651/1630/112
f 2529/1553/1642 2651/1630/112 2524/1631/112
f 2533/1563/1653 2609/1562/1652 2610/1559/1649
f 2533/1563/1653 2610/1559/1649 2611/1558/1648
f 2512/1506/1613 2669/1505/1612 2653/1632/1709
f 2639/1633/1725 2640/1634/1726 2738/1635/1727
f 2738/1635/1727 2640/1634/1726 2612/1636/1728
f 2613/1637/1729 2639/1633/1725 2736/1638/1730
f 2736/1638/1730 2639/1633/1725 2738/1635/1727
f 2618/1639/1731 2616/1640/1732 2615/1641/1733
f 2681/1642/1734 2623/1643/1735 2614/1644/1736
f 2681/1642/1734 2614/1644/1736 2685/1645/1737
f 2687/1646/1738 2615/1641/1733 2616/1640/1732
f 2615/1641/1733 2617/1647/1739 2618/1639/1731
f 2618/1639/1731 2617/1647/1739 2683/1648/1740
f 2682/1649/1741 2616/1640/1732 2618/1639/1731
f 2617/1647/1739 2688/1650/1742 2619/1645/1743
f 2617/1647/1739 2619/1645/1743 2683/1648/1740
f 2683/1648/1740 2619/1645/1743 2620/1642/1744
f 2623/1651/1735 2624/1652/1745 2621/1653/1746
f 2622/1652/1747 2689/1653/1748 2614/1651/1736
f 2621/1643/1746 2622/1644/1747 2623/1643/1735
f 2623/1643/1735 2622/1644/1747 2614/1644/1736
f 2623/1651/1735 2681/1654/1734 2624/1652/1745
f 2624/1652/1745 2681/1654/1734 2680/1655/1749
f 2540/1528/1632 2520/1530/1634 2521/1523/1612
f 2625/1544/1626 2521/1523/1612 2567/1524/1665
f 2625/1544/1626 2567/1524/1665 2574/1608/1703
f 2521/1523/1612 2652/1522/1750 2567/1524/1665
f 2625/1532/1626 2574/1615/1703 2602/1533/1626
f 2602/1533/1626 2574/1615/1703 2603/1614/1708
f 2544/1560/1650 2610/1559/1649 2697/1586/1684
f 2697/1586/1684 2610/1559/1649 2698/1656/1751
f 2691/1657/1752 2653/1632/1709 2669/1505/1612
f 2676/1658/1753 2626/1612/1707 2536/1566/1660
f 2676/1658/1753 2536/1566/1660 2675/1659/1754
f 2675/1659/1754 2536/1566/1660 2535/1565/1658
f 2675/1659/1754 2535/1565/1658 2677/1660/1755
f 2677/1660/1755 2535/1565/1658 2534/1562/1657
f 2677/1660/1755 2534/1562/1657 2705/1661/1756
f 2705/1661/1756 2534/1562/1657 2635/1559/1757
f 2705/1661/1756 2635/1559/1757 2627/1656/1758
f 2627/1656/1758 2635/1559/1757 2636/1560/1759
f 2627/1656/1758 2636/1560/1759 2704/1586/1760
f 2704/1586/1760 2636/1560/1759 2720/1584/1761
f 2704/1586/1760 2720/1584/1761 2707/1585/1762
f 2707/1585/1762 2720/1584/1761 2721/1607/1763
f 2707/1585/1762 2721/1607/1763 2628/1662/1764
f 2628/1662/1764 2721/1607/1763 2629/1663/1765
f 2628/1662/1764 2629/1663/1765 2630/1664/1766
f 2630/1664/1766 2629/1663/1765 2631/1665/1767
f 2630/1664/1766 2631/1665/1767 2702/1666/1768
f 2702/1666/1768 2631/1665/1767 2632/1667/1769
f 2702/1666/1768 2632/1667/1769 2703/1668/1770
f 2703/1668/1770 2632/1667/1769 2722/1669/1771
f 2703/1668/1770 2722/1669/1771 2674/1670/1772
f 2674/1670/1772 2722/1669/1771 2723/1671/1773
f 2674/1670/1772 2723/1671/1773 2633/1672/1774
f 2534/1562/1657 2634/1563/1656 2664/1558/1775
f 2534/1562/1657 2664/1558/1775 2635/1559/1757
f 2635/1559/1757 2664/1558/1775 2644/1561/1776
f 2635/1559/1757 2644/1561/1776 2636/1560/1759
f 2698/1656/1751 2610/1559/1649 2609/1562/1652
f 2698/1656/1751 2609/1562/1652 2637/1661/1777
f 2637/1661/1777 2609/1562/1652 2638/1565/1655
f 2637/1661/1777 2638/1565/1655 2613/1660/1729
f 2613/1660/1729 2638/1565/1655 2642/1566/1778
f 2613/1660/1729 2642/1566/1778 2639/1659/1725
f 2639/1659/1725 2642/1566/1778 2559/1612/1696
f 2639/1659/1725 2559/1612/1696 2640/1658/1726
f 2642/1566/1778 2643/1567/1779 2641/1613/1779
f 2642/1566/1778 2641/1613/1779 2559/1612/1696
f 2643/1567/1779 2642/1566/1778 2638/1565/1655
f 2643/1567/1779 2638/1565/1655 2608/1564/1654
f 2719/1573/1780 2720/1584/1761 2636/1560/1759
f 2719/1573/1780 2636/1560/1759 2644/1561/1776
f 2646/1611/1640 2645/1506/1639 2659/1507/1689
f 2646/1611/1640 2659/1507/1689 2647/1610/1690
f 2649/1546/1642 2648/406/1697 2650/405/112
f 2649/1546/1642 2650/405/112 2651/1547/112
f 2693/1569/1666 2567/1524/1665 2652/1522/1750
f 2653/1524/1709 2666/1570/1659 2654/1569/1781
f 2655/1545/1636 2538/1537/1615 2539/1538/1663
f 2655/1545/1636 2539/1538/1663 2519/1529/1633
f 2692/1531/1635 2694/1579/1678 2693/1569/1666
f 2692/1531/1635 2693/1569/1666 2652/1522/1750
f 2669/1505/1612 2570/1507/1614 2656/1673/1782
f 2669/1505/1612 2656/1673/1782 2657/1674/1783
f 2663/1505/1784 2645/1506/1639 2567/1632/1665
f 2659/1507/1689 2645/1506/1639 2663/1505/1784
f 2663/1505/1784 2658/1674/1686 2671/1673/1785
f 2663/1505/1784 2671/1673/1785 2659/1507/1689
f 2599/1527/1724 2660/1604/1700 2661/1526/1786
f 2599/1527/1724 2661/1526/1786 2696/1525/1787
f 2696/1525/1787 2661/1526/1786 2709/1605/1667
f 2696/1525/1787 2709/1605/1667 2695/1606/1788
f 2709/1605/1667 2661/1526/1786 2660/1604/1700
f 2709/1605/1667 2660/1604/1700 2562/1626/1668
f 2658/1674/1686 2663/1505/1784 2662/1675/1677
f 2663/1505/1784 2542/1676/1675 2662/1675/1677
f 2542/1676/1675 2663/1505/1784 2541/1677/1674
f 2664/1558/1775 2634/1563/1656 2665/1582/1789
f 2665/1582/1789 2634/1563/1656 2691/1581/1752
f 2644/1561/1776 2664/1558/1775 2672/1583/1790
f 2672/1583/1790 2664/1558/1775 2665/1582/1789
f 2634/1563/1656 2666/1564/1659 2691/1581/1752
f 2691/1581/1752 2666/1564/1659 2653/1580/1709
f 2663/1505/1784 2667/1678/1681 2541/1677/1674
f 2667/1678/1681 2663/1505/1784 2670/1679/1680
f 2663/1505/1784 2668/1657/1679 2670/1679/1680
f 2668/1657/1679 2663/1505/1784 2567/1632/1665
f 2657/1674/1783 2715/1675/1791 2669/1505/1612
f 2669/1505/1612 2715/1675/1791 2717/1676/1792
f 2669/1505/1612 2717/1676/1792 2690/1677/1793
f 2668/1581/1679 2533/1563/1653 2611/1558/1648
f 2668/1581/1679 2611/1558/1648 2670/1582/1680
f 2671/1680/1785 2730/1681/1794 2734/1589/1687
f 2671/1680/1785 2734/1589/1687 2659/1591/1689
f 2658/1588/1686 2545/1587/1685 2730/1681/1794
f 2658/1588/1686 2730/1681/1794 2671/1680/1785
f 2690/1575/1793 2719/1573/1780 2644/1561/1776
f 2690/1575/1793 2644/1561/1776 2672/1583/1790
f 2699/1662/1795 2673/1607/1702 2565/1584/1682
f 2699/1662/1795 2565/1584/1682 2700/1585/1683
f 2675/1633/1754 2674/1635/1772 2633/1636/1774
f 2675/1633/1754 2633/1636/1774 2676/1634/1753
f 2677/1637/1755 2703/1638/1770 2674/1635/1772
f 2677/1637/1755 2674/1635/1772 2675/1633/1754
f 2683/1648/1740 2620/1642/1744 2678/1682/1796
f 2683/1648/1740 2678/1682/1796 2679/1683/1797
f 2679/1683/1797 2678/1682/1796 2680/1684/1749
f 2679/1683/1797 2680/1684/1749 2681/1685/1734
f 2682/1649/1741 2618/1639/1731 2683/1648/1740
f 2682/1649/1741 2683/1648/1740 2679/1683/1797
f 2685/1654/1737 2684/1686/1798 2679/1683/1797
f 2685/1654/1737 2679/1683/1797 2681/1685/1734
f 2684/1686/1798 2685/1654/1737 2686/1655/1799
f 2687/1646/1738 2616/1640/1732 2682/1649/1741
f 2615/1641/1733 2687/1646/1738 2684/1686/1798
f 2615/1641/1733 2684/1686/1798 2617/1647/1739
f 2617/1647/1739 2684/1686/1798 2686/1655/1799
f 2617/1647/1739 2686/1655/1799 2688/1650/1742
f 2687/1646/1738 2682/1649/1741 2679/1683/1797
f 2687/1646/1738 2679/1683/1797 2684/1686/1798
f 2686/1655/1799 2685/1654/1737 2614/1651/1736
f 2686/1655/1799 2614/1651/1736 2689/1653/1748
f 2669/1505/1612 2690/1677/1793 2672/1678/1790
f 2672/1678/1790 2665/1679/1789 2669/1505/1612
f 2691/1657/1752 2669/1505/1612 2665/1679/1789
f 2607/1628/1627 2561/1525/1630 2518/1527/1628
f 2652/1522/1750 2521/1523/1612 2692/1531/1635
f 2693/1627/1666 2694/1606/1678 2607/1628/1627
f 2607/1628/1627 2694/1606/1678 2561/1525/1630
f 2718/1628/1800 2696/1525/1787 2654/1627/1781
f 2654/1627/1781 2696/1525/1787 2695/1606/1788
f 2599/1527/1724 2696/1525/1787 2718/1628/1800
f 2701/1687/1645 2698/1688/1751 2637/1689/1777
f 2701/1687/1645 2637/1689/1777 2613/1637/1729
f 2701/1687/1645 2700/1690/1683 2697/1691/1684
f 2701/1687/1645 2697/1691/1684 2698/1688/1751
f 2701/1687/1645 2699/1692/1795 2700/1690/1683
f 2701/1687/1645 2736/1638/1730 2733/1693/1801
f 2613/1637/1729 2736/1638/1730 2701/1687/1645
f 2628/1692/1764 2630/1694/1766 2706/1687/1645
f 2706/1687/1645 2630/1694/1766 2702/1693/1768
f 2706/1687/1645 2702/1693/1768 2703/1638/1770
f 2706/1687/1645 2627/1688/1758 2704/1691/1760
f 2706/1687/1645 2704/1691/1760 2707/1690/1762
f 2627/1688/1758 2706/1687/1645 2705/1689/1756
f 2706/1687/1645 2707/1690/1762 2628/1692/1764
f 2653/1524/1709 2654/1569/1781 2725/1522/1802
f 2653/1524/1709 2725/1522/1802 2550/1523/1626
f 2550/1523/1626 2725/1522/1802 2726/1531/1803
f 2550/1523/1626 2726/1531/1803 2708/1530/1669
f 2708/1530/1669 2726/1531/1803 2695/1579/1788
f 2708/1530/1669 2695/1579/1788 2709/1571/1667
f 2571/1592/1614 2710/1590/1804 2711/1589/1805
f 2571/1592/1614 2711/1589/1805 2570/1591/1614
f 2570/1591/1614 2711/1589/1805 2712/1681/1806
f 2570/1591/1614 2712/1681/1806 2656/1680/1782
f 2656/1680/1782 2712/1681/1806 2713/1587/1807
f 2656/1680/1782 2713/1587/1807 2657/1588/1783
f 2657/1588/1783 2713/1587/1807 2714/1577/1808
f 2657/1588/1783 2714/1577/1808 2715/1578/1791
f 2715/1578/1791 2714/1577/1808 2716/1574/1809
f 2715/1578/1791 2716/1574/1809 2717/1576/1792
f 2717/1576/1792 2716/1574/1809 2719/1573/1780
f 2717/1576/1792 2719/1573/1780 2690/1575/1793
f 2599/1527/1724 2718/1628/1800 2594/1595/1722
f 2654/1627/1781 2666/1629/1659 2718/1628/1800
f 2718/1628/1800 2666/1629/1659 2594/1595/1722
f 2701/1687/1645 2724/1694/1810 2699/1692/1795
f 2703/1638/1770 2677/1637/1755 2706/1687/1645
f 2706/1687/1645 2677/1637/1755 2705/1689/1756
f 2720/1584/1761 2719/1573/1780 2716/1574/1809
f 2720/1584/1761 2716/1574/1809 2721/1607/1763
f 2721/1607/1763 2716/1574/1809 2714/1577/1808
f 2721/1607/1763 2714/1577/1808 2629/1663/1765
f 2629/1663/1765 2714/1577/1808 2713/1587/1807
f 2629/1663/1765 2713/1587/1807 2631/1665/1767
f 2631/1665/1767 2713/1587/1807 2712/1681/1806
f 2631/1665/1767 2712/1681/1806 2632/1667/1769
f 2632/1667/1769 2712/1681/1806 2711/1589/1805
f 2632/1667/1769 2711/1589/1805 2722/1669/1771
f 2722/1669/1771 2711/1589/1805 2710/1590/1804
f 2722/1669/1771 2710/1590/1804 2723/1671/1773
f 2701/1687/1645 2733/1693/1801 2724/1694/1810
f 2654/1569/1781 2695/1579/1788 2725/1522/1802
f 2725/1522/1802 2695/1579/1788 2726/1531/1803
f 2729/1663/1811 2673/1607/1702 2724/1664/1810
f 2724/1664/1810 2673/1607/1702 2699/1662/1795
f 2728/1577/1676 2727/1574/1673 2729/1663/1811
f 2729/1663/1811 2727/1574/1673 2673/1607/1702
f 2545/1587/1685 2728/1577/1676 2732/1665/1812
f 2732/1665/1812 2728/1577/1676 2729/1663/1811
f 2732/1665/1812 2729/1663/1811 2733/1666/1801
f 2733/1666/1801 2729/1663/1811 2724/1664/1810
f 2732/1665/1812 2731/1667/1813 2545/1587/1685
f 2545/1587/1685 2731/1667/1813 2730/1681/1794
f 2731/1667/1813 2732/1665/1812 2736/1668/1730
f 2736/1668/1730 2732/1665/1812 2733/1666/1801
f 2731/1667/1813 2735/1669/1814 2730/1681/1794
f 2730/1681/1794 2735/1669/1814 2734/1589/1687
f 2735/1669/1814 2731/1667/1813 2738/1670/1727
f 2738/1670/1727 2731/1667/1813 2736/1668/1730
f 2737/1671/1815 2735/1669/1814 2612/1672/1728
f 2612/1672/1728 2735/1669/1814 2738/1670/1727
f 2735/1669/1814 2737/1671/1815 2734/1589/1687
f 2734/1589/1687 2737/1671/1815 2546/1590/1688
f 2741/1695/1816 2802/1696/1817 2739/1697/1818
f 2739/1697/1818 2802/1696/1817 2743/1698/1819
f 2740/1699/1820 2801/1700/1821 2741/1695/1816
f 2741/1695/1816 2801/1700/1821 2802/1696/1817
f 2744/1701/1822 2740/1702/1820 2745/1703/1823
f 2745/1703/1823 2740/1702/1820 2741/1704/1816
f 2745/1703/1823 2741/1704/1816 2742/1705/1824
f 2742/1705/1824 2741/1704/1816 2739/1706/1818
f 2745/1707/1823 2742/1708/1824 2802/1709/1817
f 2802/1709/1817 2742/1708/1824 2743/1710/1819
f 2803/1711/1825 2744/1712/1822 2745/1713/1823
f 2780/1714/1826 2746/1715/1827 2863/1716/1828
f 2780/1714/1826 2863/1716/1828 2818/1717/1829
f 2834/1718/1830 2746/1715/1827 2780/1719/1826
f 2834/1718/1830 2780/1719/1826 2779/1720/1831
f 2770/1703/1832 2816/1705/1833 2833/1706/1834
f 2770/1703/1832 2833/1706/1834 2771/1704/1835
f 2777/1721/1502 2747/1722/1836 2798/1723/1837
f 2777/1721/1502 2798/1723/1837 2748/1724/1838
f 2748/1724/1838 2798/1723/1837 2749/1722/1839
f 2748/1724/1838 2749/1722/1839 2750/1721/793
f 2750/1594/793 2749/1725/1839 2775/1726/1840
f 2750/1594/793 2775/1726/1840 2776/1727/765
f 2753/1728/1841 2752/1729/1842 2768/1730/1843
f 2753/1728/1841 2768/1730/1843 2762/1731/1844
f 2763/1732/1845 2751/1733/146 2752/1734/1842
f 2763/1732/1845 2752/1734/1842 2753/1735/1841
f 2749/1725/1839 2754/1736/1846 2755/1737/1847
f 2749/1725/1839 2755/1737/1847 2775/1726/1840
f 2756/1727/765 2804/1726/1848 2813/1725/1849
f 2756/1727/765 2813/1725/1849 2760/1594/1502
f 2758/1594/793 2812/1725/2 2804/1726/1848
f 2758/1594/793 2804/1726/1848 2756/1727/765
f 2761/1724/1850 2757/1723/1851 2812/1722/2
f 2761/1724/1850 2812/1722/2 2758/1721/793
f 2765/1738/1852 2767/1729/1853 2759/1730/1854
f 2765/1738/1852 2759/1730/1854 2766/1739/834
f 2760/1594/1502 2813/1725/1849 2757/1726/1851
f 2760/1594/1502 2757/1726/1851 2761/1727/1850
f 2753/1740/1841 2762/1741/1844 2856/1742/1855
f 2753/1740/1841 2856/1742/1855 2763/1743/1845
f 2764/1744/143 2881/1738/1856 2765/1739/1852
f 2764/1744/143 2765/1739/1852 2766/1515/834
f 2752/1745/1842 2767/1746/1853 2880/1747/882
f 2752/1745/1842 2880/1747/882 2768/1748/1843
f 2775/1726/1840 2755/1737/1847 2769/1736/1857
f 2775/1726/1840 2769/1736/1857 2747/1725/1836
f 2881/1738/1856 2880/1729/882 2767/1730/1853
f 2881/1738/1856 2767/1730/1853 2765/1739/1852
f 2817/1701/1858 2770/1703/1832 2771/1704/1835
f 2817/1701/1858 2771/1704/1835 2772/1702/1859
f 2818/1749/1829 2773/1750/1860 2774/1751/1861
f 2818/1749/1829 2774/1751/1861 2857/1752/1862
f 2863/1753/1828 2860/1754/1863 2773/1755/1860
f 2863/1753/1828 2773/1755/1860 2818/1756/1829
f 2776/1727/765 2775/1726/1840 2747/1725/1836
f 2776/1727/765 2747/1725/1836 2777/1594/1502
f 2778/1757/1864 2834/1718/1830 2779/1720/1831
f 2778/1757/1864 2779/1720/1831 2836/1758/1865
f 2779/1759/1831 2780/1760/1826 2835/1761/1866
f 2779/1759/1831 2835/1761/1866 2836/1762/1865
f 2782/1763/1867 2781/1764/1868 2786/1765/1869
f 2782/1763/1867 2786/1765/1869 2784/1766/1870
f 2783/1767/1871 2782/1768/1867 2784/1769/1870
f 2783/1767/1871 2784/1769/1870 2785/1770/1872
f 2781/1771/1868 2783/1767/1871 2785/1770/1872
f 2781/1771/1868 2785/1770/1872 2786/1772/1869
f 2787/1773/1873 2800/1774/1874 2788/1710/1875
f 2787/1773/1873 2788/1710/1875 2789/1775/1876
f 2790/1776/1877 2861/1777/1878 2800/1778/1874
f 2790/1776/1877 2800/1778/1874 2791/1779/1879
f 2792/1780/1880 2790/1776/1877 2791/1779/1879
f 2792/1780/1880 2791/1779/1879 2864/1781/1881
f 2864/1781/1881 2791/1779/1879 2799/1782/1882
f 2864/1781/1881 2799/1782/1882 2866/1783/1883
f 2861/1777/1878 2793/1784/1884 2788/1785/1875
f 2861/1777/1878 2788/1785/1875 2800/1778/1874
f 2808/1786/1885 2806/1787/1886 2807/1788/1887
f 2808/1786/1885 2807/1788/1887 2794/1789/1888
f 2804/1726/1848 2795/1737/1889 2796/1736/1890
f 2804/1726/1848 2796/1736/1890 2813/1725/1849
f 2860/1790/1863 2858/1791/1891 2774/1792/1861
f 2860/1790/1863 2774/1792/1861 2773/1793/1860
f 2798/1723/1837 2797/1794/1059 2754/1795/1846
f 2798/1723/1837 2754/1795/1846 2749/1722/1839
f 2799/1796/1882 2800/1774/1874 2787/1773/1873
f 2799/1782/1882 2791/1779/1879 2800/1797/1874
f 2747/1722/1836 2769/1795/1857 2797/1794/1059
f 2747/1722/1836 2797/1794/1059 2798/1723/1837
f 2803/1798/1825 2802/1707/1817 2801/1799/1821
f 2803/1798/1825 2745/1709/1823 2802/1707/1817
f 2801/1800/1821 2740/1801/1820 2744/1802/1822
f 2801/1800/1821 2744/1802/1822 2803/1803/1825
f 2812/1725/2 2811/1736/1892 2795/1737/1889
f 2812/1725/2 2795/1737/1889 2804/1726/1848
f 2751/1804/146 2759/1805/1854 2767/1746/1853
f 2751/1804/146 2767/1746/1853 2752/1745/1842
f 2806/1787/1886 2805/1806/1893 2809/1807/1894
f 2806/1787/1886 2809/1807/1894 2807/1788/1887
f 2805/1806/1893 2808/1793/1885 2794/1792/1888
f 2805/1806/1893 2794/1792/1888 2809/1807/1894
f 2757/1723/1851 2810/1794/1895 2811/1795/1892
f 2757/1723/1851 2811/1795/1892 2812/1722/2
f 2813/1725/1849 2796/1736/1890 2810/1737/1895
f 2813/1725/1849 2810/1737/1895 2757/1726/1851
f 2770/1808/1832 2814/1809/1896 2815/1810/1897
f 2770/1808/1832 2815/1810/1897 2816/1811/1833
f 2845/1812/1898 2814/1809/1896 2770/1808/1832
f 2845/1812/1898 2770/1808/1832 2817/1813/1858
f 2845/1801/1898 2817/1802/1858 2772/1803/1859
f 2845/1801/1898 2772/1803/1859 2846/1800/1899
f 2835/1761/1866 2780/1760/1826 2818/1749/1829
f 2835/1761/1866 2818/1749/1829 2857/1752/1862
f 2819/1814/1900 2820/1815/1901 2843/1816/1900
f 2843/1816/1900 2820/1815/1901 2821/1817/1902
f 2820/1818/1901 2839/1819/1903 2821/1820/1902
f 2821/1820/1902 2839/1819/1903 2822/1821/1904
f 2823/1822/1905 2895/1823/1906 2830/1824/1907
f 2830/1824/1907 2895/1823/1906 2896/1825/1908
f 2824/1763/1909 2827/1766/1910 2825/1764/1911
f 2825/1764/1911 2827/1766/1910 2828/1765/1912
f 2826/1767/1913 2829/1770/1914 2824/1768/1909
f 2824/1768/1909 2829/1770/1914 2827/1769/1910
f 2825/1771/1911 2828/1772/1912 2826/1767/1913
f 2826/1767/1913 2828/1772/1912 2829/1770/1914
f 2830/1826/1907 2896/1827/1908 2831/1828/1915
f 2831/1828/1915 2896/1827/1908 2893/1829/1916
f 2891/1797/1917 2832/1779/1918 2831/1782/1915
f 2831/1782/1915 2832/1779/1918 2823/1781/1905
f 2831/1782/1915 2823/1781/1905 2830/1783/1907
f 2831/1830/1915 2890/1831/1919 2891/1832/1917
f 2833/1697/1834 2815/1698/1897 2771/1695/1835
f 2771/1695/1835 2815/1698/1897 2814/1696/1896
f 2771/1695/1835 2814/1696/1896 2772/1699/1859
f 2772/1699/1859 2814/1696/1896 2846/1700/1899
f 2862/1833/1920 2746/1834/1827 2778/1757/1864
f 2778/1757/1864 2746/1834/1827 2834/1718/1830
f 2835/1835/1866 2862/1836/1920 2836/1758/1865
f 2836/1758/1865 2862/1836/1920 2778/1757/1864
f 2880/1747/882 2879/1837/1855 2768/1748/1843
f 2768/1748/1843 2879/1837/1855 2837/1838/833
f 2838/1725/1921 2887/1726/767 2849/1594/793
f 2849/1594/793 2887/1726/767 2882/1727/765
f 2841/1816/1922 2822/1817/1904 2840/1814/1922
f 2840/1814/1922 2822/1817/1904 2839/1815/1903
f 2840/1814/1922 2869/1839/1923 2841/1816/1922
f 2841/1816/1922 2869/1839/1923 2842/1840/1924
f 2843/1816/1900 2868/1840/1925 2819/1814/1900
f 2819/1814/1900 2868/1840/1925 2844/1839/1926
f 2845/1812/1898 2846/1841/1899 2814/1809/1896
f 2848/1594/1838 2847/1725/1927 2838/1726/1921
f 2848/1594/1838 2838/1726/1921 2849/1727/793
f 2883/1594/1502 2885/1725/1928 2847/1726/1927
f 2883/1594/1502 2847/1726/1927 2848/1727/1838
f 2855/1721/1502 2874/1722/881 2878/1723/1929
f 2855/1721/1502 2878/1723/1929 2850/1724/1838
f 2850/1594/1838 2878/1725/1929 2851/1726/1930
f 2850/1594/1838 2851/1726/1930 2852/1727/793
f 2852/1594/793 2851/1725/1930 2853/1726/1931
f 2852/1594/793 2853/1726/1931 2854/1727/765
f 2854/1721/765 2853/1722/1931 2874/1723/881
f 2854/1721/765 2874/1723/881 2855/1724/1502
f 2762/1732/1844 2768/1733/1843 2837/1734/833
f 2762/1732/1844 2837/1734/833 2856/1735/1855
f 2859/1756/1932 2857/1753/1862 2774/1754/1861
f 2859/1756/1932 2774/1754/1861 2858/1755/1891
f 2863/1756/1828 2859/1753/1932 2858/1754/1891
f 2863/1756/1828 2858/1754/1891 2860/1755/1863
f 2865/1842/1933 2787/1843/1873 2861/1777/1878
f 2865/1842/1933 2861/1777/1878 2790/1776/1877
f 2787/1843/1873 2789/1844/1876 2793/1784/1884
f 2787/1843/1873 2793/1784/1884 2861/1777/1878
f 2799/1845/1882 2787/1846/1873 2865/1847/1933
f 2862/1835/1920 2859/1848/1932 2746/1836/1827
f 2746/1836/1827 2859/1848/1932 2863/1849/1828
f 2864/1822/1881 2866/1823/1883 2792/1824/1880
f 2792/1824/1880 2866/1823/1883 2867/1825/1934
f 2799/1847/1882 2865/1845/1933 2866/1850/1883
f 2866/1850/1883 2865/1845/1933 2867/1851/1934
f 2865/1842/1933 2790/1776/1877 2867/1852/1934
f 2867/1852/1934 2790/1776/1877 2792/1780/1880
f 2868/1853/1925 2842/1840/1924 2844/1854/1926
f 2844/1854/1926 2842/1840/1924 2869/1839/1923
f 2871/1777/1935 2891/1778/1917 2872/1784/1936
f 2872/1784/1936 2891/1778/1917 2870/1785/1937
f 2890/1843/1919 2871/1777/1935 2892/1844/1938
f 2892/1844/1938 2871/1777/1935 2872/1784/1936
f 2876/1795/1939 2873/1794/1940 2853/1722/1931
f 2853/1722/1931 2873/1794/1940 2874/1723/881
f 2875/1736/1941 2876/1737/1939 2851/1725/1930
f 2851/1725/1930 2876/1737/1939 2853/1726/1931
f 2877/1736/1942 2875/1737/1941 2878/1725/1929
f 2878/1725/1929 2875/1737/1941 2851/1726/1930
f 2873/1795/1940 2877/1794/1942 2874/1722/881
f 2874/1722/881 2877/1794/1942 2878/1723/1929
f 2879/1729/1855 2880/1730/882 2764/1738/143
f 2764/1738/143 2880/1730/882 2881/1739/1856
f 2887/1722/767 2885/1723/1928 2882/1721/765
f 2882/1721/765 2885/1723/1928 2883/1724/1502
f 2884/1795/1943 2889/1794/1944 2887/1722/767
f 2887/1722/767 2889/1794/1944 2885/1723/1928
f 2886/1736/1945 2884/1737/1943 2838/1725/1921
f 2838/1725/1921 2884/1737/1943 2887/1726/767
f 2888/1736/1946 2886/1737/1945 2847/1725/1927
f 2847/1725/1927 2886/1737/1945 2838/1726/1921
f 2889/1736/1944 2888/1737/1946 2885/1725/1928
f 2885/1725/1928 2888/1737/1946 2847/1726/1927
f 2835/1835/1866 2857/1848/1862 2862/1836/1920
f 2862/1836/1920 2857/1848/1862 2859/1849/1932
f 2831/1830/1915 2893/1855/1916 2890/1831/1919
f 2891/1832/1917 2890/1831/1919 2892/1856/1938
f 2891/1832/1917 2892/1856/1938 2870/1857/1937
f 2890/1843/1919 2893/1842/1916 2894/1776/1947
f 2890/1843/1919 2894/1776/1947 2871/1777/1935
f 2871/1777/1935 2894/1776/1947 2832/1779/1918
f 2871/1777/1935 2832/1779/1918 2891/1778/1917
f 2823/1781/1905 2832/1779/1918 2894/1776/1947
f 2823/1781/1905 2894/1776/1947 2895/1780/1906
f 2895/1780/1906 2894/1776/1947 2893/1842/1916
f 2895/1780/1906 2893/1842/1916 2896/1852/1908
f 2931/1858/1948 2944/1859/1949 2897/1860/1950
f 2897/1860/1950 2944/1859/1949 2959/1861/1951
f 2910/1862/1952 2931/1858/1948 2899/1863/1953
f 2899/1863/1953 2931/1858/1948 2897/1860/1950
f 2898/1864/1954 2899/1863/1953 2960/1865/112
f 2959/1866/1951 2944/1867/1949 2945/1868/1955
f 2959/1866/1951 2945/1868/1955 2961/1869/1956
f 2961/1869/1956 2945/1868/1955 2900/1870/1957
f 2961/1869/1956 2900/1870/1957 2970/1871/1958
f 2970/1871/1958 2900/1870/1957 2948/1872/1959
f 2970/1871/1958 2948/1872/1959 2921/1873/1960
f 2921/1873/1960 2948/1872/1959 2901/1874/1961
f 2921/1873/1960 2901/1874/1961 2920/1875/1962
f 2920/1875/1962 2901/1874/1961 2998/1876/1963
f 2920/1875/1962 2998/1876/1963 2902/1877/1964
f 2902/1877/1964 2998/1876/1963 2999/1878/1965
f 2902/1877/1964 2999/1878/1965 2916/1879/1966
f 2916/1879/1966 2999/1878/1965 2924/1880/1967
f 2916/1879/1966 2924/1880/1967 3017/1881/1968
f 3017/1881/1968 2924/1880/1967 2903/1882/1969
f 3017/1881/1968 2903/1882/1969 2987/1883/1970
f 2987/1883/1970 2903/1882/1969 2904/1884/1971
f 2987/1883/1970 2904/1884/1971 2905/1885/1972
f 2905/1885/1972 2904/1884/1971 2927/1886/1973
f 2905/1885/1972 2927/1886/1973 2906/1887/1974
f 2960/1865/112 2907/1888/1975 2898/1864/1954
f 2908/1889/1976 2957/1890/1977 2917/1858/1978
f 2917/1858/1978 2957/1890/1977 2909/1859/1979
f 2929/1891/1980 2910/1862/1952 2898/1864/1954
f 2898/1864/1954 2910/1862/1952 2899/1863/1953
f 1036/866/881 866/1892/796 3000/1893/1837
f 3000/1893/1837 866/1892/796 2942/1894/1981
f 3000/762/1837 2942/675/1981 3001/761/2
f 3001/761/2 2942/675/1981 2911/676/1982
f 2914/894/1983 2915/770/1984 2912/895/1985
f 2912/895/1985 2915/770/1984 2980/794/1986
f 2980/794/1986 2979/795/1987 2912/895/1985
f 2912/895/1985 2979/795/1987 2913/769/1988
f 2912/895/1985 2913/769/1988 2914/894/1983
f 2914/894/1983 2913/769/1988 2915/770/1984
f 2902/1877/1964 2916/1879/1966 2960/1865/112
f 2931/1858/1948 2917/1858/1978 2909/1859/1979
f 2931/1858/1948 2909/1859/1979 2944/1859/1949
f 2960/1865/112 2897/1860/1950 2959/1861/1951
f 2918/1895/1989 2929/1891/1980 2907/1888/1975
f 2907/1888/1975 2929/1891/1980 2898/1864/1954
f 874/689/810 2974/1896/1990 875/690/811
f 875/690/811 2974/1896/1990 3019/1897/1991
f 2936/1898/1992 2919/1899/1993 3025/1900/1994
f 3025/1900/1994 2919/1899/1993 2956/1901/1995
f 2920/1875/1962 2902/1877/1964 2960/1865/112
f 2960/1865/112 2921/1873/1960 2920/1875/1962
f 2922/1878/1996 2923/1880/1997 2999/1878/1965
f 2999/1878/1965 2923/1880/1997 2924/1880/1967
f 2923/1880/1997 2992/1882/1998 2924/1880/1967
f 2924/1880/1967 2992/1882/1998 2903/1882/1969
f 2992/1882/1998 2925/1884/1999 2903/1882/1969
f 2903/1882/1969 2925/1884/1999 2904/1884/1971
f 2925/1884/1999 2926/1886/2000 2904/1884/1971
f 2904/1884/1971 2926/1886/2000 2927/1886/1973
f 2926/1886/2000 2928/1902/2001 2927/1886/1973
f 2927/1886/1973 2928/1902/2001 2963/1902/2002
f 2928/1902/2001 2996/1895/2003 2963/1902/2002
f 2963/1902/2002 2996/1895/2003 2918/1895/1989
f 2996/1895/2003 2935/1891/2004 2918/1895/1989
f 2918/1895/1989 2935/1891/2004 2929/1891/1980
f 2935/1891/2004 2930/1862/2005 2929/1891/1980
f 2929/1891/1980 2930/1862/2005 2910/1862/1952
f 2930/1862/2005 2917/1858/1978 2910/1862/1952
f 2910/1862/1952 2917/1858/1978 2931/1858/1948
f 2899/1863/1953 2897/1860/1950 2960/1865/112
f 2930/1862/2005 2933/1903/2006 2908/1889/1976
f 2930/1862/2005 2908/1889/1976 2917/1858/1978
f 2935/1891/2004 2932/1904/2007 2933/1903/2006
f 2935/1891/2004 2933/1903/2006 2930/1862/2005
f 2996/1895/2003 2934/1905/2008 2932/1904/2007
f 2996/1895/2003 2932/1904/2007 2935/1891/2004
f 1033/774/889 1034/833/927 2919/1899/1993
f 1033/774/889 2919/1899/1993 2983/1906/2009
f 2983/1906/2009 2919/1899/1993 2936/1898/1992
f 2983/1906/2009 2936/1898/1992 2940/1907/2010
f 2938/1908/825 2937/1909/2011 3012/1910/814
f 2938/1908/825 3012/1910/814 2939/1911/816
f 3022/1912/2012 2940/1907/2010 2936/1898/1992
f 3022/1912/2012 2936/1898/1992 3025/1900/1994
f 3019/1897/1991 2974/1896/1990 2977/1913/2013
f 3019/1897/1991 2977/1913/2013 3020/1914/2014
f 3020/1914/2014 2977/1913/2013 2976/1915/2015
f 3020/1914/2014 2976/1915/2015 2941/1916/2016
f 2941/1916/2016 2976/1915/2015 2940/1907/2010
f 2941/1916/2016 2940/1907/2010 3022/1912/2012
f 2943/1894/2017 2942/1894/1981 866/1892/796
f 2943/1894/2017 866/1892/796 865/1917/796
f 2944/1867/1949 2909/1867/1979 2958/1868/2018
f 2944/1867/1949 2958/1868/2018 2945/1868/1955
f 2945/1868/1955 2958/1868/2018 2946/1870/2019
f 2945/1868/1955 2946/1870/2019 2900/1870/1957
f 2900/1870/1957 2946/1870/2019 2947/1872/2020
f 2900/1870/1957 2947/1872/2020 2948/1872/1959
f 2948/1872/1959 2947/1872/2020 2949/1874/2021
f 2948/1872/1959 2949/1874/2021 2901/1874/1961
f 2901/1874/1961 2949/1874/2021 2997/1876/2022
f 2901/1874/1961 2997/1876/2022 2998/1876/1963
f 2951/1918/760 2950/1892/797 2952/1894/2023
f 2951/1918/760 2952/1894/2023 2953/1919/2024
f 2953/674/2024 2952/672/2023 2943/671/2017
f 2953/674/2024 2943/671/2017 2954/673/1059
f 2954/1919/1059 2943/1894/2017 865/1917/796
f 2954/1919/1059 865/1917/796 2955/1920/798
f 2956/1901/1995 2919/1899/1993 1034/833/927
f 2956/1901/1995 1034/833/927 3023/834/928
f 2909/1867/1979 2957/1921/1977 2964/1922/2025
f 2909/1867/1979 2964/1922/2025 2958/1868/2018
f 2960/1865/112 2959/1866/1951 2961/1869/1956
f 2960/1865/112 2961/1869/1956 2970/1871/1958
f 2962/1923/2026 2911/1924/1982 1096/864/799
f 2962/1923/2026 1096/864/799 1097/772/887
f 2965/1925/2027 2963/1902/2002 2918/1895/1989
f 2965/1925/2027 2918/1895/1989 2907/1888/1975
f 2958/1868/2018 2964/1922/2025 2966/1926/2028
f 2958/1868/2018 2966/1926/2028 2946/1870/2019
f 2906/1887/1974 2927/1886/1973 2963/1902/2002
f 2906/1887/1974 2963/1902/2002 2965/1925/2027
f 2946/1870/2019 2966/1926/2028 2967/1927/2029
f 2946/1870/2019 2967/1927/2029 2947/1872/2020
f 2947/1872/2020 2967/1927/2029 2968/1928/2030
f 2947/1872/2020 2968/1928/2030 2949/1874/2021
f 2949/1874/2021 2968/1928/2030 2969/1929/2031
f 2949/1874/2021 2969/1929/2031 2997/1876/2022
f 2997/1876/2022 2969/1929/2031 2989/1930/2032
f 2997/1876/2022 2989/1930/2032 2922/1878/1996
f 2960/1865/112 2970/1871/1958 2921/1873/1960
f 2971/1931/812 3010/1932/2033 3012/1910/814
f 3012/1910/814 3010/1932/2033 2972/1933/815
f 3012/1910/814 2972/1933/815 2939/1911/816
f 2939/1911/816 2972/1933/815 3009/1934/2034
f 2939/1911/816 3009/1934/2034 3014/1935/818
f 3014/1935/818 3009/1934/2034 2973/1936/2035
f 2974/1896/1990 874/689/810 2975/1937/2036
f 2975/1937/2036 874/689/810 958/835/890
f 2940/1907/2010 2976/1915/2015 2983/1906/2009
f 2983/1906/2009 2976/1915/2015 2975/1937/2036
f 2976/1915/2015 2977/1913/2013 2975/1937/2036
f 2975/1937/2036 2977/1913/2013 2974/1896/1990
f 2980/794/1986 2978/796/2037 2979/795/1987
f 2978/796/2037 2980/794/1986 2915/770/1984
f 2978/796/2037 2915/770/1984 2981/771/2038
f 2915/770/1984 2913/769/1988 2981/771/2038
f 2962/1923/2026 1097/772/887 2983/1906/2009
f 2983/1906/2009 1097/772/887 1033/774/889
f 2982/1938/2039 2962/1923/2026 2975/1939/2036
f 2975/1939/2036 2962/1923/2026 2983/1906/2009
f 957/865/888 2982/1940/2039 958/835/890
f 958/835/890 2982/1940/2039 2975/1937/2036
f 2911/676/1982 2942/675/1981 2952/672/2023
f 2952/672/2023 2942/675/1981 2943/671/2017
f 959/776/892 2985/777/2040 2984/778/883
f 2984/778/883 2985/777/2040 3007/779/2041
f 2985/776/2040 3005/777/2042 3007/778/2041
f 3007/778/2041 3005/777/2042 3002/779/2043
f 3005/1941/2042 960/1942/891 3002/1941/2043
f 3002/1941/2043 960/1942/891 2986/1943/882
f 2987/1883/1970 2905/1885/1972 2960/1865/112
f 2960/1865/112 2905/1885/1972 2906/1887/1974
f 2960/1865/112 2906/1887/1974 2965/1925/2027
f 2988/1944/1588 2985/1945/2040 959/778/892
f 2988/1944/1588 959/778/892 3003/1946/803
f 3004/781/1060 3005/763/2042 2985/764/2040
f 3004/781/1060 2985/764/2040 2988/780/1588
f 957/865/888 2984/867/883 3007/1947/2041
f 957/865/888 3007/1947/2041 2982/1940/2039
f 2982/1940/2039 3007/1947/2041 3011/1948/2044
f 2982/1940/2039 3011/1948/2044 2937/1909/2011
f 2938/1908/825 2962/1923/2026 2982/1940/2039
f 2938/1908/825 2982/1940/2039 2937/1909/2011
f 2922/1878/1996 2989/1930/2032 2990/1949/2045
f 2922/1878/1996 2990/1949/2045 2923/1880/1997
f 2923/1880/1997 2990/1949/2045 2991/1950/2046
f 2923/1880/1997 2991/1950/2046 2992/1882/1998
f 2992/1882/1998 2991/1950/2046 2993/1951/2047
f 2992/1882/1998 2993/1951/2047 2925/1884/1999
f 2925/1884/1999 2993/1951/2047 2994/1952/2048
f 2925/1884/1999 2994/1952/2048 2926/1886/2000
f 2926/1886/2000 2994/1952/2048 2995/1953/2049
f 2926/1886/2000 2995/1953/2049 2928/1902/2001
f 2928/1902/2001 2995/1953/2049 2934/1905/2008
f 2928/1902/2001 2934/1905/2008 2996/1895/2003
f 2998/1876/1963 2997/1876/2022 2922/1878/1996
f 2998/1876/1963 2922/1878/1996 2999/1878/1965
f 1036/1954/881 3000/1955/1837 3002/1956/2043
f 1036/1954/881 3002/1956/2043 2986/1957/882
f 3000/762/1837 3001/761/2 3007/764/2041
f 3000/762/1837 3007/764/2041 3002/763/2043
f 2950/1892/797 1096/864/799 2911/1924/1982
f 2950/1892/797 2911/1924/1982 2952/1894/2023
f 2988/1954/1588 3003/1958/803 961/1959/893
f 2988/1954/1588 961/1959/893 3004/1960/1060
f 961/1961/893 960/1942/891 3005/1941/2042
f 961/1961/893 3005/1941/2042 3004/1962/1060
f 2962/1923/2026 2938/1908/825 3013/1963/2050
f 2962/1923/2026 3013/1963/2050 2911/1924/1982
f 2911/1924/1982 3013/1963/2050 3008/1964/823
f 2911/1924/1982 3008/1964/823 3001/1893/2
f 3001/1893/2 3008/1964/823 3015/1965/2051
f 3001/1893/2 3015/1965/2051 3007/1947/2041
f 3007/1947/2041 3015/1965/2051 3006/1966/2052
f 3007/1947/2041 3006/1966/2052 3016/1967/2053
f 2960/1865/112 2965/1925/2027 2907/1888/1975
f 3007/1947/2041 3016/1967/2053 3011/1948/2044
f 3015/1965/2051 3008/1964/823 2973/1936/2035
f 3015/1965/2051 2973/1936/2035 3009/1934/2034
f 2972/1967/815 3010/1968/2033 3016/1969/2053
f 2972/1967/815 3016/1969/2053 3006/1970/2052
f 2939/1911/816 3014/1935/818 3013/1963/2050
f 2939/1911/816 3013/1963/2050 2938/1908/825
f 2937/1909/2011 3011/1948/2044 2971/1931/812
f 2937/1909/2011 2971/1931/812 3012/1910/814
f 3008/1964/823 3013/1963/2050 3014/1935/818
f 3008/1964/823 3014/1935/818 2973/1936/2035
f 3009/1934/2034 2972/1967/815 3006/1970/2052
f 3009/1934/2034 3006/1970/2052 3015/1965/2051
f 3011/1948/2044 3016/1967/2053 3010/1932/2033
f 3011/1948/2044 3010/1932/2033 2971/1931/812
f 2960/1865/112 3017/1881/1968 2987/1883/1970
f 2916/1879/1966 3017/1881/1968 2960/1865/112
f 3026/1912/924 3024/1971/2054 3018/1900/926
f 3019/690/1991 3020/688/2014 3021/1972/2055
f 3021/1972/2055 3020/688/2014 2941/687/2016
f 3021/1972/2055 2941/687/2016 3032/1973/2056
f 3032/1973/2056 2941/687/2016 3022/830/2012
f 3032/1973/2056 3022/830/2012 3025/832/1994
f 3019/690/1991 3021/1972/2055 3027/1974/2057
f 3019/690/1991 3027/1974/2057 875/1897/811
f 875/1897/811 3027/1974/2057 872/1914/809
f 3023/1901/928 3018/1900/926 3024/1971/2054
f 3023/1901/928 3024/1971/2054 3032/1973/2056
f 3023/1901/928 3032/1973/2056 2956/834/1995
f 2956/834/1995 3032/1973/2056 3025/832/1994
f 3026/1912/924 871/1916/808 3024/1971/2054
f 3024/1971/2054 871/1916/808 3027/1974/2057
f 3024/1971/2054 3027/1974/2057 3028/1975/2058
f 3028/1975/2058 3027/1974/2057 3029/1976/2059
f 3028/1975/2058 3029/1976/2059 3033/1977/5
f 3033/1977/5 3029/1976/2059 3030/1978/2060
f 3033/1977/5 3030/1978/2060 3031/1979/2061
f 3031/1979/2061 3030/1978/2060 3021/1972/2055
f 3031/1979/2061 3021/1972/2055 3032/1973/2056
f 3031/1979/2061 3028/1975/2058 3033/1977/5
f 3021/1972/2055 3030/1978/2060 3027/1974/2057
f 3027/1974/2057 3030/1978/2060 3029/1976/2059
f 3024/1971/2054 3028/1975/2058 3032/1973/2056
f 3032/1973/2056 3028/1975/2058 3031/1979/2061
f 871/1916/808 872/1914/809 3027/1974/2057
usemtl RefRep.15_SH_initial_loader.003
f 3034/1980/2062 3035/1981/2063 3274/1982/2064
f 3212/1983/2065 3121/1984/2066 3124/1985/2067
f 3212/1983/2065 3124/1985/2067 3211/1986/2068
f 3211/1986/2068 3124/1985/2067 3126/1987/2069
f 3211/1986/2068 3126/1987/2069 3036/1988/2070
f 3211/1986/2068 3036/1988/2070 3242/1989/2071
f 3211/1986/2068 3242/1989/2071 3244/1990/2072
f 3225/1991/2073 3084/1992/2074 3037/1993/2075
f 3077/1994/2076 3111/1995/2077 3038/1996/2078
f 3038/1996/2078 3111/1995/2077 3039/1997/2079
f 3038/1996/2078 3039/1997/2079 3040/1998/2080
f 3075/1999/2081 3040/1998/2080 3041/2000/2082
f 3075/1999/2081 3041/2000/2082 3042/2001/2083
f 3283/2002/2084 3308/2003/2085 3043/2004/2086
f 3283/2002/2084 3043/2004/2086 3047/2005/2087
f 3287/2006/2088 3274/1982/2064 3289/2007/2089
f 3044/2008/2090 3034/1980/2062 3045/2009/2091
f 3045/2009/2091 3034/1980/2062 3046/2010/2092
f 3047/2005/2087 3088/2011/2093 3087/2012/2094
f 3048/2013/2095 3103/2014/2096 3099/2015/2097
f 3048/2013/2095 3099/2015/2097 3049/2016/2098
f 3057/2014/2099 3050/2013/2100 3051/2016/2101
f 3057/2014/2099 3051/2016/2101 3052/2015/2102
f 3052/2013/2102 3051/2016/2101 3053/2015/2103
f 3052/2013/2102 3053/2015/2103 3054/2014/2104
f 3054/2014/2104 3053/2013/2103 3056/2016/2105
f 3054/2014/2104 3056/2016/2105 3055/2015/2106
f 3055/2014/2106 3056/2013/2105 3050/2016/2100
f 3055/2014/2106 3050/2016/2100 3057/2015/2099
f 3059/2014/2099 3058/2013/2100 3061/2016/2101
f 3059/2014/2099 3061/2016/2101 3060/2015/2102
f 3060/2015/2102 3061/2016/2101 3062/2013/2103
f 3060/2015/2102 3062/2013/2103 3063/2014/2107
f 3063/2014/2107 3062/2013/2103 3064/2016/2105
f 3063/2014/2107 3064/2016/2105 3065/2015/2106
f 3065/2014/2106 3064/2013/2105 3058/2016/2100
f 3065/2014/2106 3058/2016/2100 3059/2015/2099
f 3156/2017/2108 3293/2018/2109 3157/2019/2110
f 3066/1985/2111 3435/1987/2112 3158/2020/2113
f 3158/2020/2113 3435/1987/2112 3068/2021/2114
f 3435/1987/2112 3067/1988/2115 3068/2021/2114
f 3068/2021/2114 3067/1988/2115 3069/2022/2116
f 3067/1988/2115 3071/2009/2117 3069/2022/2116
f 3069/2022/2116 3071/2009/2117 3070/2008/2118
f 3071/2009/2117 3434/2010/2119 3070/2008/2118
f 3070/2008/2118 3434/2010/2119 3072/1980/2120
f 3160/2023/2121 3073/2024/2122 3074/2025/2123
f 3040/1998/2080 3075/1999/2081 3076/2026/2124
f 3040/1998/2080 3076/2026/2124 3038/1996/2078
f 3038/1996/2078 3076/2026/2124 3077/1994/2076
f 3039/1997/2079 3456/2027/2125 3040/1998/2080
f 3040/1998/2080 3456/2027/2125 3041/2000/2082
f 3240/2028/2126 3078/2029/2127 3300/2030/2128
f 3300/2030/2128 3078/2029/2127 3079/2031/2129
f 3300/2030/2128 3079/2031/2129 3297/2032/2130
f 3297/2032/2130 3079/2031/2129 3080/2033/2131
f 3297/2032/2130 3080/2033/2131 3298/2034/2132
f 3079/2031/2129 3081/2035/2133 3080/2033/2131
f 3079/2031/2129 3282/2036/2134 3081/2035/2133
f 3082/2037/2135 3226/2038/2136 3225/1991/2073
f 3082/2037/2135 3083/2039/2137 3226/2038/2136
f 3226/2038/2136 3083/2039/2137 3112/2040/2138
f 3118/2041/2139 3119/2042/2140 3084/1992/2074
f 3118/2041/2139 3084/1992/2074 3225/1991/2073
f 3118/2041/2139 3225/1991/2073 3116/2043/2141
f 3116/2043/2141 3225/1991/2073 3085/2044/2142
f 3116/2043/2141 3085/2044/2142 3086/2045/2143
f 3086/2045/2143 3085/2044/2142 3115/2046/2144
f 3087/2012/2094 3088/2011/2093 3089/2047/2145
f 3139/2048/2146 3237/2049/2147 3238/2050/2148
f 3139/2048/2146 3238/2050/2148 3241/2051/2149
f 3139/2048/2146 3120/2052/2150 3090/2053/2151
f 3091/2054/2152 3093/2055/2153 3098/2056/2154
f 3098/2056/2154 3093/2055/2153 3092/2057/2155
f 3093/2015/2153 3095/2014/2156 3092/2016/2155
f 3092/2016/2155 3095/2014/2156 3094/2013/2096
f 3095/2016/2156 3096/2013/2157 3094/2015/2096
f 3094/2015/2096 3096/2013/2157 3097/2014/2158
f 3096/2014/2157 3091/2015/2152 3097/2013/2158
f 3097/2013/2158 3091/2015/2152 3098/2016/2154
f 3099/2056/2097 3100/2057/2154 3049/2054/2098
f 3049/2054/2098 3100/2057/2154 3101/2055/2152
f 3100/2016/2154 3102/2015/2159 3101/2013/2152
f 3101/2013/2152 3102/2015/2159 3104/2014/2160
f 3102/2013/2159 3103/2016/2096 3104/2014/2160
f 3104/2014/2160 3103/2016/2096 3048/2015/2095
f 3105/2058/2161 3106/2059/2162 3474/2060/2163
f 3474/2060/2163 3106/2059/2162 3107/2061/2164
f 3487/2062/2165 3375/2063/2166 3108/2064/2167
f 3379/2065/2168 3109/2066/2169 3378/2067/2170
f 3379/2065/2168 3110/2068/2171 3109/2066/2169
f 3111/1995/2077 3077/1994/2076 3460/2069/2172
f 3112/2040/2138 3113/2070/2173 3282/2036/2134
f 3112/2040/2138 3282/2036/2134 3226/2038/2136
f 3333/2064/2174 3327/2071/2175 3332/2072/2176
f 3114/2073/2177 3285/2074/2178 3086/2045/2143
f 3114/2073/2177 3086/2045/2143 3115/2046/2144
f 3086/2045/2143 3117/2075/2179 3116/2043/2141
f 3117/2075/2179 3087/2012/2094 3116/2043/2141
f 3116/2043/2141 3087/2012/2094 3118/2041/2139
f 3089/2047/2145 3118/2041/2139 3087/2012/2094
f 3118/2041/2139 3089/2047/2145 3119/2042/2140
f 3243/2076/2180 3090/2053/2151 3120/2052/2150
f 3319/2077/2181 3317/2023/2182 3122/2078/2183
f 3319/2077/2181 3122/2078/2183 3121/1984/2066
f 3121/1984/2066 3122/2078/2183 3123/2020/2184
f 3121/1984/2066 3123/2020/2184 3124/1985/2067
f 3124/1985/2067 3123/2020/2184 3125/2021/2185
f 3124/1985/2067 3125/2021/2185 3126/1987/2069
f 3126/1987/2069 3125/2021/2185 3127/2022/2186
f 3126/1987/2069 3127/2022/2186 3036/1988/2070
f 3036/1988/2070 3127/2022/2186 3044/2008/2090
f 3036/1988/2070 3044/2008/2090 3045/2009/2091
f 3128/2079/2187 3240/2028/2126 3300/2030/2128
f 3197/2080/2188 3148/2081/2189 3205/2082/2190
f 3130/2083/2191 3129/2084/2192 3196/2085/2193
f 3130/2083/2191 3196/2085/2193 3174/2086/2194
f 3174/2086/2194 3196/2085/2193 3235/2087/2195
f 3174/2086/2194 3235/2087/2195 3134/2088/2196
f 3134/2088/2196 3235/2087/2195 3131/2089/2197
f 3132/2090/2198 3187/2091/2199 3236/2092/2200
f 3497/2093/1837 3231/2094/47 3176/2095/110
f 3497/2093/1837 3176/2095/110 3133/2096/2201
f 3134/2097/2196 3135/2098/2202 3174/2099/2194
f 3135/2089/2202 3187/2086/2199 3136/2090/2203
f 3117/2075/2179 3086/2045/2143 3285/2074/2178
f 3137/2100/2204 3226/2038/2136 3281/2101/2205
f 3281/2101/2205 3226/2038/2136 3282/2036/2134
f 3138/2102/2206 3137/2100/2204 3281/2101/2205
f 3292/2103/2207 3139/2048/2146 3140/2104/2208
f 3292/2103/2207 3140/2104/2208 3293/2018/2109
f 3293/2018/2109 3140/2104/2208 3241/2051/2149
f 3293/2018/2109 3241/2051/2149 3251/2105/2209
f 3275/2106/2210 3223/2107/2211 3292/2103/2207
f 3501/2108/2212 3148/2109/2189 3232/2110/47
f 3232/2110/47 3148/2109/2189 3149/2111/47
f 3141/2112/600 3205/2082/2190 3499/2113/600
f 3499/2113/600 3205/2082/2190 3148/2080/2189
f 3499/2113/600 3148/2080/2189 3501/2114/2212
f 3143/2113/600 3142/2112/881 3229/2082/2213
f 3143/2113/600 3229/2082/2213 3141/2114/600
f 3141/2114/600 3229/2082/2213 3205/2080/2190
f 3234/2110/25 3144/2111/25 3142/2108/881
f 3142/2108/881 3144/2111/25 3229/2109/2213
f 3145/2093/881 3494/2096/2214 3233/2094/25
f 3233/2094/25 3494/2096/2214 3146/2095/832
f 3147/2115/2215 3197/2115/2188 3205/2115/2190
f 3149/2116/47 3148/2117/2189 3165/2109/47
f 3149/2116/47 3165/2109/47 3150/2111/47
f 3152/2111/25 3151/2109/25 3229/2117/2213
f 3152/2111/25 3229/2117/2213 3144/2116/25
f 3197/2115/2188 3147/2115/2215 3129/2115/2192
f 3197/2115/2188 3129/2115/2192 3130/2115/2191
f 3154/2118/2216 3153/2119/2217 3155/2120/2218
f 3154/2118/2216 3155/2120/2218 3178/2121/2219
f 3154/2118/2216 3279/2122/2220 3156/2017/2108
f 3154/2118/2216 3156/2017/2108 3157/2019/2110
f 3278/2123/2221 3279/2122/2220 3179/2124/2222
f 3278/2123/2221 3179/2124/2222 3177/2125/2223
f 3161/2078/2224 3495/1984/2225 3066/1985/2111
f 3161/2078/2224 3066/1985/2111 3158/2020/2113
f 3160/2023/2121 3159/2077/2226 3495/1984/2225
f 3160/2023/2121 3495/1984/2225 3161/2078/2224
f 3378/2067/2170 3109/2066/2169 3162/2126/2227
f 3163/2083/2228 3210/2127/2229 3147/2084/2215
f 3147/2084/2215 3210/2127/2229 3129/2128/2192
f 3197/2128/2188 3130/2084/2191 3199/2127/2230
f 3199/2127/2230 3130/2084/2191 3169/2083/2231
f 3199/2128/2230 3169/2084/2231 3198/2127/2232
f 3198/2127/2232 3169/2084/2231 3206/2083/2233
f 3210/2129/2229 3194/2130/2234 3129/2131/2192
f 3129/2131/2192 3194/2130/2234 3196/2132/2193
f 3164/2133/2235 3173/2134/47 3148/2117/2189
f 3148/2117/2189 3173/2134/47 3165/2109/47
f 3206/2135/2233 3170/2136/1059 3166/2137/2236
f 3166/2137/2236 3170/2136/1059 3167/2138/600
f 3166/2137/2236 3167/2138/600 3209/2139/2237
f 3209/2139/2237 3167/2138/600 3168/2140/1196
f 3169/2141/2231 3188/2142/2238 3206/2132/2233
f 3206/2132/2233 3188/2142/2238 3170/2130/1059
f 3228/2143/2239 3171/2144/600 3200/2145/2240
f 3200/2145/2240 3171/2144/600 3172/2146/1838
f 3200/2147/2240 3172/2148/1838 3164/2133/2235
f 3164/2133/2235 3172/2148/1838 3173/2134/47
f 3188/2149/2238 3174/2150/2194 3175/2151/2241
f 3175/2151/2241 3174/2150/2194 3191/2091/2242
f 3498/2152/502 3133/2153/2201 3201/2154/112
f 3201/2154/112 3133/2153/2201 3176/2155/110
f 3278/2123/2221 3177/2125/2223 3105/2058/2161
f 3105/2058/2161 3177/2125/2223 3106/2059/2162
f 3154/2118/2216 3178/2121/2219 3279/2122/2220
f 3279/2122/2220 3178/2121/2219 3179/2124/2222
f 3303/2156/2243 3302/2157/2244 3180/2158/2245
f 3180/2158/2245 3302/2157/2244 3181/2159/2246
f 3183/2160/2247 3184/2161/2248 3299/2162/2249
f 3299/2162/2249 3184/2161/2248 3182/2163/2250
f 3296/2164/2251 3186/2165/2252 3183/2160/2247
f 3183/2160/2247 3186/2165/2252 3184/2161/2248
f 3185/2166/2253 3186/2165/2252 3296/2164/2251
f 3193/2167/2254 3192/2168/112 3187/2169/2199
f 3193/2167/2254 3187/2169/2199 3195/2170/2255
f 3195/2170/2255 3187/2169/2199 3132/2171/2198
f 3209/2142/2237 3168/2130/1196 3210/2141/2229
f 3210/2141/2229 3168/2130/1196 3194/2132/2234
f 3130/2172/2191 3174/2173/2194 3169/2174/2231
f 3169/2174/2231 3174/2173/2194 3188/2175/2238
f 3147/2176/2215 3229/2177/2213 3163/2178/2228
f 3163/2178/2228 3229/2177/2213 3189/2133/2256
f 3163/2178/2228 3189/2133/2256 3208/2179/2257
f 3208/2179/2257 3189/2133/2256 3227/2147/2258
f 3189/2133/2256 3230/2134/25 3227/2147/2258
f 3227/2147/2258 3230/2134/25 3190/2148/2259
f 3175/2151/2241 3191/2091/2242 3192/2168/112
f 3192/2168/112 3191/2091/2242 3136/2180/2203
f 3192/2168/112 3136/2180/2203 3187/2169/2199
f 3194/2130/2234 3193/2167/2254 3195/2170/2255
f 3194/2130/2234 3195/2170/2255 3196/2132/2193
f 3197/2181/2188 3199/2178/2230 3164/2133/2235
f 3197/2181/2188 3164/2133/2235 3148/2182/2189
f 3199/2178/2230 3198/2179/2232 3200/2147/2240
f 3199/2178/2230 3200/2147/2240 3164/2133/2235
f 3198/2179/2232 3207/2183/2260 3228/2143/2239
f 3198/2179/2232 3228/2143/2239 3200/2145/2240
f 3498/2152/502 3201/2154/112 3202/2184/112
f 3498/2152/502 3202/2184/112 3203/2185/502
f 3203/2185/502 3202/2184/112 3204/2186/112
f 3203/2185/502 3204/2186/112 3493/2187/502
f 3493/2187/502 3204/2186/112 3146/2188/832
f 3493/2187/502 3146/2188/832 3494/2189/2214
f 3236/2190/2200 3235/2191/2195 3196/2192/2193
f 3136/2090/2203 3191/2091/2242 3135/2089/2202
f 3135/2089/2202 3191/2091/2242 3174/2085/2194
f 3205/2080/2190 3229/2081/2213 3147/2082/2215
f 3207/2127/2260 3198/2083/2232 3206/2084/2233
f 3207/2127/2260 3206/2084/2233 3166/2128/2236
f 3208/2127/2257 3207/2083/2260 3166/2084/2236
f 3208/2127/2257 3166/2084/2236 3209/2128/2237
f 3163/2128/2228 3208/2127/2257 3209/2083/2237
f 3163/2128/2228 3209/2083/2237 3210/2084/2229
f 3211/1986/2068 3392/2193/2261 3212/1983/2065
f 3212/1983/2065 3392/2193/2261 3334/2063/2262
f 3334/2063/2262 3392/2193/2261 3221/2194/2263
f 3334/2063/2262 3221/2194/2263 3213/2062/2264
f 3213/2062/2264 3221/2194/2263 3222/2195/2265
f 3213/2062/2264 3222/2195/2265 3321/2196/2266
f 3321/2196/2266 3222/2195/2265 3224/2197/2267
f 3321/2196/2266 3224/2197/2267 3220/2198/2268
f 3220/2198/2268 3224/2197/2267 3382/2199/2269
f 3220/2198/2268 3382/2199/2269 3214/2200/2270
f 3214/2200/2270 3382/2199/2269 3305/2201/2271
f 3214/2200/2270 3305/2201/2271 3215/2202/2272
f 3215/2202/2272 3305/2201/2271 3306/2203/2273
f 3215/2202/2272 3216/2204/2274 3214/2200/2270
f 3214/2200/2270 3216/2204/2274 3217/2205/2275
f 3214/2200/2270 3217/2205/2275 3328/2206/2276
f 3328/2206/2276 3217/2205/2275 3218/2207/2277
f 3328/2206/2276 3218/2207/2277 3219/2208/2278
f 3214/2200/2270 3328/2206/2276 3321/2196/2266
f 3214/2200/2270 3321/2196/2266 3220/2198/2268
f 3392/2193/2261 3243/2076/2180 3221/2194/2263
f 3120/2052/2150 3221/2194/2263 3243/2076/2180
f 3222/2195/2265 3221/2194/2263 3120/2052/2150
f 3222/2195/2265 3120/2052/2150 3223/2107/2211
f 3223/2107/2211 3120/2052/2150 3139/2048/2146
f 3223/2107/2211 3139/2048/2146 3292/2103/2207
f 3222/2195/2265 3223/2107/2211 3224/2197/2267
f 3275/2106/2210 3224/2197/2267 3223/2107/2211
f 3382/2199/2269 3224/2197/2267 3275/2106/2210
f 3382/2199/2269 3275/2106/2210 3397/1994/2279
f 3397/1994/2279 3275/2106/2210 3468/2209/2280
f 3397/1994/2279 3468/2209/2280 3398/2210/2281
f 3398/2210/2281 3468/2209/2280 3457/2211/2282
f 3225/1991/2073 3037/1993/2075 3082/2037/2135
f 3137/2100/2204 3085/2044/2142 3225/1991/2073
f 3137/2100/2204 3225/1991/2073 3226/2038/2136
f 3138/2102/2206 3085/2044/2142 3137/2100/2204
f 3138/2102/2206 3115/2046/2144 3085/2044/2142
f 3228/2143/2239 3227/2212/2258 3190/2213/2259
f 3228/2143/2239 3190/2213/2259 3171/2214/600
f 3189/2133/2256 3229/2117/2213 3151/2109/25
f 3189/2133/2256 3151/2109/25 3230/2134/25
f 3231/2094/47 3497/2093/1837 3501/2215/2212
f 3231/2094/47 3501/2215/2212 3232/2216/47
f 3145/2093/881 3233/2094/25 3234/2216/25
f 3145/2093/881 3234/2216/25 3142/2215/881
f 3235/2191/2195 3236/2190/2200 3187/2217/2199
f 3235/2191/2195 3187/2217/2199 3131/2218/2197
f 3131/2218/2197 3187/2217/2199 3135/2098/2202
f 3131/2218/2197 3135/2098/2202 3134/2097/2196
f 3132/2090/2198 3236/2092/2200 3196/2085/2193
f 3132/2090/2198 3196/2085/2193 3195/2086/2255
f 3114/2073/2177 3115/2046/2144 3237/2049/2147
f 3238/2050/2148 3237/2049/2147 3115/2046/2144
f 3238/2050/2148 3115/2046/2144 3138/2102/2206
f 3238/2050/2148 3138/2102/2206 3239/2219/2283
f 3239/2219/2283 3138/2102/2206 3281/2101/2205
f 3239/2219/2283 3281/2101/2205 3240/2028/2126
f 3238/2050/2148 3239/2219/2283 3241/2051/2149
f 3280/2220/2284 3241/2051/2149 3239/2219/2283
f 3285/2074/2178 3114/2073/2177 3244/1990/2072
f 3285/2074/2178 3244/1990/2072 3242/1989/2071
f 3045/2009/2091 3242/1989/2071 3036/1988/2070
f 3208/2221/2257 3227/2212/2258 3207/2183/2260
f 3207/2183/2260 3227/2212/2258 3228/2143/2239
f 3294/2222/2285 3257/2223/2286 3240/2028/2126
f 3301/2224/2287 3303/2156/2243 3257/2223/2286
f 3301/2224/2287 3257/2223/2286 3294/2222/2285
f 3237/2049/2147 3139/2048/2146 3090/2053/2151
f 3237/2049/2147 3090/2053/2151 3243/2076/2180
f 3237/2049/2147 3243/2076/2180 3114/2073/2177
f 3244/1990/2072 3114/2073/2177 3243/2076/2180
f 3139/2048/2146 3241/2051/2149 3140/2104/2208
f 3396/2225/2288 3157/2019/2110 3293/2018/2109
f 3246/2226/2289 3245/2208/2290 3247/2206/2291
f 3245/2208/2290 3248/2207/2292 3247/2206/2291
f 3247/2206/2291 3248/2207/2292 3249/2205/2293
f 3247/2206/2291 3249/2205/2293 3465/2200/2294
f 3465/2200/2294 3249/2205/2293 3250/2204/2295
f 3465/2200/2294 3250/2204/2295 3258/2202/2296
f 3290/2227/2297 3378/2067/2170 3162/2126/2227
f 3290/2227/2297 3246/2226/2289 3378/2067/2170
f 3470/2228/2298 3251/2105/2209 3280/2220/2284
f 3470/2228/2298 3280/2220/2284 3252/2229/2299
f 3255/2230/2300 3471/2231/2301 3470/2228/2298
f 3255/2230/2300 3470/2228/2298 3252/2229/2299
f 3471/2231/2301 3255/2230/2300 3253/2232/2302
f 3471/2231/2301 3253/2232/2302 3254/2233/2303
f 3255/2230/2300 3180/2158/2245 3181/2159/2246
f 3255/2230/2300 3181/2159/2246 3253/2232/2302
f 3180/2158/2245 3255/2230/2300 3252/2229/2299
f 3180/2158/2245 3252/2229/2299 3256/2234/2304
f 3256/2234/2304 3252/2229/2299 3280/2220/2284
f 3256/2234/2304 3280/2220/2284 3257/2223/2286
f 3257/2223/2286 3280/2220/2284 3240/2028/2126
f 3246/2226/2289 3291/2235/2305 3245/2208/2290
f 3465/2200/2294 3258/2202/2296 3464/2201/2306
f 3258/2202/2296 3259/2203/2307 3464/2201/2306
f 3464/2201/2306 3259/2203/2307 3260/2236/2308
f 3464/2201/2306 3260/2236/2308 3462/2237/2309
f 3462/2237/2309 3260/2236/2308 3261/2238/2310
f 3462/2237/2309 3261/2238/2310 3461/2239/2311
f 3461/2239/2311 3261/2238/2310 3262/2240/2312
f 3461/2239/2311 3262/2240/2312 3263/2241/2313
f 3263/2241/2313 3262/2240/2312 3264/2242/2314
f 3263/2241/2313 3264/2242/2314 3265/2243/2315
f 3267/2244/2316 3075/1999/2081 3042/2001/2083
f 3267/2244/2316 3042/2001/2083 3266/2245/2317
f 3075/1999/2081 3267/2244/2316 3268/2210/2318
f 3075/1999/2081 3268/2210/2318 3076/2026/2124
f 3076/2026/2124 3268/2210/2318 3077/1994/2076
f 3077/1994/2076 3269/2246/2319 3460/2069/2172
f 3077/1994/2076 3463/2199/2320 3269/2246/2319
f 3108/2064/2167 3272/2247/2321 3487/2062/2165
f 3487/2062/2165 3272/2247/2321 3479/2196/2322
f 3487/2062/2165 3479/2196/2322 3517/2195/2323
f 3517/2195/2323 3479/2196/2322 3481/2197/2324
f 3517/2195/2323 3481/2197/2324 3505/2107/2325
f 3505/2107/2325 3481/2197/2324 3482/2106/2326
f 3505/2107/2325 3482/2106/2326 3270/2103/2327
f 3270/2103/2327 3482/2106/2326 3438/2209/2328
f 3270/2103/2327 3438/2209/2328 3383/2248/2329
f 3383/2248/2329 3438/2209/2328 3409/2249/2330
f 3383/2248/2329 3409/2249/2330 3391/2250/2331
f 3391/2250/2331 3409/2249/2330 3408/2058/2332
f 3391/2250/2331 3408/2058/2332 3394/2123/2333
f 3394/2123/2333 3408/2058/2332 3407/2059/2334
f 3394/2123/2333 3407/2059/2334 3271/2125/2335
f 3246/2226/2289 3247/2206/2291 3479/2196/2322
f 3246/2226/2289 3479/2196/2322 3272/2247/2321
f 3317/2023/2182 3318/2025/2336 3273/2024/2337
f 3274/1982/2064 3287/2006/2088 3034/1980/2062
f 3034/1980/2062 3287/2006/2088 3046/2010/2092
f 3275/2106/2210 3292/2103/2207 3468/2209/2280
f 3468/2209/2280 3292/2103/2207 3276/2248/2338
f 3468/2209/2280 3276/2248/2338 3466/2249/2339
f 3466/2249/2339 3276/2248/2338 3277/2250/2340
f 3466/2249/2339 3277/2250/2340 3105/2058/2161
f 3105/2058/2161 3277/2250/2340 3278/2123/2221
f 3278/2123/2221 3277/2250/2340 3279/2122/2220
f 3279/2122/2220 3277/2250/2340 3156/2017/2108
f 3156/2017/2108 3277/2250/2340 3293/2018/2109
f 3293/2018/2109 3277/2250/2340 3276/2248/2338
f 3241/2051/2149 3280/2220/2284 3251/2105/2209
f 3280/2220/2284 3239/2219/2283 3240/2028/2126
f 3281/2101/2205 3078/2029/2127 3240/2028/2126
f 3078/2029/2127 3281/2101/2205 3282/2036/2134
f 3078/2029/2127 3282/2036/2134 3079/2031/2129
f 3081/2035/2133 3282/2036/2134 3113/2070/2173
f 3154/2118/2216 3157/2019/2110 3153/2119/2217
f 3153/2119/2217 3157/2019/2110 3396/2225/2288
f 3047/2005/2087 3087/2012/2094 3283/2002/2084
f 3283/2002/2084 3087/2012/2094 3117/2075/2179
f 3283/2002/2084 3117/2075/2179 3284/2251/2341
f 3284/2251/2341 3117/2075/2179 3286/2252/2342
f 3284/2251/2341 3286/2252/2342 3046/2010/2092
f 3046/2010/2092 3286/2252/2342 3045/2009/2091
f 3046/2010/2092 3287/2006/2088 3284/2251/2341
f 3284/2251/2341 3287/2006/2088 3283/2002/2084
f 3045/2009/2091 3286/2252/2342 3242/1989/2071
f 3242/1989/2071 3286/2252/2342 3285/2074/2178
f 3117/2075/2179 3285/2074/2178 3286/2252/2342
f 3288/2253/2343 3287/2006/2088 3289/2007/2089
f 3246/2226/2289 3272/2247/2321 3378/2067/2170
f 3378/2067/2170 3272/2247/2321 3108/2064/2167
f 3290/2227/2297 3291/2235/2305 3246/2226/2289
f 3276/2248/2338 3292/2103/2207 3293/2018/2109
f 3240/2028/2126 3128/2079/2187 3294/2222/2285
f 3294/2222/2285 3128/2079/2187 3299/2162/2249
f 3294/2222/2285 3299/2162/2249 3301/2224/2287
f 3301/2224/2287 3299/2162/2249 3182/2163/2250
f 3301/2224/2287 3182/2163/2250 3295/2254/2344
f 3296/2164/2251 3298/2034/2132 3185/2166/2253
f 3296/2164/2251 3297/2032/2130 3298/2034/2132
f 3183/2160/2247 3299/2162/2249 3128/2079/2187
f 3183/2160/2247 3128/2079/2187 3300/2030/2128
f 3296/2164/2251 3183/2160/2247 3300/2030/2128
f 3296/2164/2251 3300/2030/2128 3297/2032/2130
f 3303/2156/2243 3301/2224/2287 3295/2254/2344
f 3303/2156/2243 3295/2254/2344 3302/2157/2244
f 3303/2156/2243 3180/2158/2245 3256/2234/2304
f 3303/2156/2243 3256/2234/2304 3257/2223/2286
f 3305/2201/2271 3304/2236/2345 3306/2203/2273
f 3339/1982/2346 3307/1981/2347 3072/1980/2120
f 3287/2006/2088 3308/2003/2085 3283/2002/2084
f 3309/2255/2348 3308/2003/2085 3287/2006/2088
f 3309/2255/2348 3287/2006/2088 3310/2256/2349
f 3287/2006/2088 3311/2257/2350 3310/2256/2349
f 3287/2006/2088 3288/2253/2343 3311/2257/2350
f 3322/2258/2351 3313/2259/2352 3315/2260/2353
f 3322/2258/2351 3312/2261/2354 3313/2259/2352
f 3322/2258/2351 3314/2068/2355 3312/2261/2354
f 3322/2258/2351 3315/2260/2353 3316/2262/2356
f 3322/2258/2351 3316/2262/2356 3318/2025/2336
f 3318/2025/2336 3317/2023/2182 3322/2258/2351
f 3317/2023/2182 3319/2077/2181 3322/2258/2351
f 3322/2258/2351 3319/2077/2181 3327/2071/2175
f 3322/2258/2351 3327/2071/2175 3320/2065/2357
f 3320/2065/2357 3327/2071/2175 3333/2064/2174
f 3320/2065/2357 3333/2064/2174 3324/2067/2358
f 3324/2067/2358 3333/2064/2174 3331/2247/2359
f 3324/2067/2358 3331/2247/2359 3330/2226/2360
f 3330/2226/2360 3331/2247/2359 3321/2196/2266
f 3330/2226/2360 3321/2196/2266 3328/2206/2276
f 3314/2068/2355 3322/2258/2351 3320/2065/2357
f 3314/2068/2355 3320/2065/2357 3323/2066/2361
f 3323/2066/2361 3320/2065/2357 3324/2067/2358
f 3323/2066/2361 3324/2067/2358 3325/2126/2362
f 3325/2126/2362 3324/2067/2358 3326/2227/2363
f 3332/2072/2176 3327/2071/2175 3319/2077/2181
f 3332/2072/2176 3319/2077/2181 3121/1984/2066
f 3332/2072/2176 3121/1984/2066 3212/1983/2065
f 3219/2208/2278 3330/2226/2360 3328/2206/2276
f 3219/2208/2278 3329/2235/2364 3330/2226/2360
f 3330/2226/2360 3329/2235/2364 3326/2227/2363
f 3330/2226/2360 3326/2227/2363 3324/2067/2358
f 3213/2062/2264 3321/2196/2266 3331/2247/2359
f 3213/2062/2264 3331/2247/2359 3333/2064/2174
f 3213/2062/2264 3333/2064/2174 3334/2063/2262
f 3332/2072/2176 3334/2063/2262 3333/2064/2174
f 3212/1983/2065 3334/2063/2262 3332/2072/2176
f 3335/2256/2365 3336/2257/2366 3340/2006/2367
f 3340/2006/2367 3336/2257/2366 3337/2253/2368
f 3340/2006/2367 3337/2253/2368 3338/2007/2369
f 3339/1982/2346 3340/2006/2367 3338/2007/2369
f 3072/1980/2120 3340/2006/2367 3339/1982/2346
f 3340/2006/2367 3072/1980/2120 3434/2010/2119
f 3340/2006/2367 3434/2010/2119 3369/2002/2370
f 3369/2002/2370 3434/2010/2119 3387/2251/2371
f 3369/2002/2370 3387/2251/2371 3367/2012/2372
f 3367/2012/2372 3387/2251/2371 3341/2075/2373
f 3367/2012/2372 3341/2075/2373 3363/2041/2374
f 3363/2041/2374 3341/2075/2373 3441/2043/2375
f 3363/2041/2374 3441/2043/2375 3342/1991/2376
f 3342/1991/2376 3441/2043/2375 3442/2044/2377
f 3342/1991/2376 3442/2044/2377 3357/2038/2378
f 3357/2038/2378 3442/2044/2377 3447/2100/2379
f 3357/2038/2378 3447/2100/2379 3354/2036/2380
f 3354/2036/2380 3447/2100/2379 3448/2101/2381
f 3354/2036/2380 3448/2101/2381 3351/2031/2382
f 3351/2031/2382 3448/2101/2381 3343/2029/2383
f 3351/2031/2382 3343/2029/2383 3344/2032/2384
f 3344/2032/2384 3343/2029/2383 3345/2030/2385
f 3344/2032/2384 3345/2030/2385 3350/2164/2386
f 3350/2164/2386 3345/2030/2385 3346/2160/2387
f 3350/2164/2386 3346/2160/2387 3347/2165/2388
f 3347/2165/2388 3346/2160/2387 3424/2161/2389
f 3350/2164/2386 3347/2165/2388 3349/2166/2390
f 3348/2034/2391 3350/2164/2386 3349/2166/2390
f 3348/2034/2391 3344/2032/2384 3350/2164/2386
f 3351/2031/2382 3344/2032/2384 3348/2034/2391
f 3351/2031/2382 3348/2034/2391 3353/2033/2392
f 3352/2035/2393 3351/2031/2382 3353/2033/2392
f 3352/2035/2393 3354/2036/2380 3351/2031/2382
f 3354/2036/2380 3352/2035/2393 3355/2070/2394
f 3354/2036/2380 3355/2070/2394 3356/2040/2395
f 3354/2036/2380 3356/2040/2395 3357/2038/2378
f 3356/2040/2395 3358/2039/2396 3357/2038/2378
f 3357/2038/2378 3358/2039/2396 3359/2037/2397
f 3357/2038/2378 3359/2037/2397 3342/1991/2376
f 3342/1991/2376 3359/2037/2397 3360/1993/2398
f 3342/1991/2376 3360/1993/2398 3361/1992/2399
f 3361/1992/2399 3363/2041/2374 3342/1991/2376
f 3361/1992/2399 3362/2042/2400 3363/2041/2374
f 3363/2041/2374 3362/2042/2400 3364/2047/2401
f 3363/2041/2374 3364/2047/2401 3367/2012/2372
f 3367/2012/2372 3364/2047/2401 3365/2011/2402
f 3367/2012/2372 3365/2011/2402 3366/2005/2403
f 3366/2005/2403 3369/2002/2370 3367/2012/2372
f 3366/2005/2403 3368/2004/2404 3369/2002/2370
f 3369/2002/2370 3368/2004/2404 3370/2003/2405
f 3369/2002/2370 3370/2003/2405 3340/2006/2367
f 3340/2006/2367 3370/2003/2405 3371/2255/2406
f 3340/2006/2367 3371/2255/2406 3335/2256/2365
f 3374/2261/2407 3372/2258/2408 3373/2259/2409
f 3374/2261/2407 3110/2068/2171 3372/2258/2408
f 3372/2258/2408 3110/2068/2171 3379/2065/2168
f 3372/2258/2408 3379/2065/2168 3159/2077/2226
f 3159/2077/2226 3379/2065/2168 3380/2071/2410
f 3159/2077/2226 3380/2071/2410 3516/2072/2411
f 3516/2072/2411 3380/2071/2410 3108/2064/2167
f 3516/2072/2411 3108/2064/2167 3375/2063/2166
f 3159/2077/2226 3516/2072/2411 3495/1984/2225
f 3372/2258/2408 3159/2077/2226 3160/2023/2121
f 3160/2023/2121 3074/2025/2123 3372/2258/2408
f 3376/2260/2412 3373/2259/2409 3372/2258/2408
f 3376/2260/2412 3372/2258/2408 3377/2262/2413
f 3074/2025/2123 3377/2262/2413 3372/2258/2408
f 3379/2065/2168 3378/2067/2170 3108/2064/2167
f 3379/2065/2168 3108/2064/2167 3380/2071/2410
f 3439/2237/2414 3304/2236/2345 3305/2201/2271
f 3439/2237/2414 3305/2201/2271 3381/2246/2415
f 3381/2246/2415 3305/2201/2271 3382/2199/2269
f 3381/2246/2415 3382/2199/2269 3397/1994/2279
f 3270/2103/2327 3383/2248/2329 3403/2018/2416
f 3270/2103/2327 3403/2018/2416 3433/2104/2417
f 3433/2104/2417 3403/2018/2416 3388/2051/2418
f 3433/2104/2417 3388/2051/2418 3484/2048/2419
f 3484/2048/2419 3388/2051/2418 3444/2050/2420
f 3484/2048/2419 3444/2050/2420 3384/2049/2421
f 3384/2049/2421 3444/2050/2420 3443/2046/2422
f 3384/2049/2421 3443/2046/2422 3488/2073/2423
f 3488/2073/2423 3443/2046/2422 3431/2045/2424
f 3488/2073/2423 3431/2045/2424 3385/2074/2425
f 3385/2074/2425 3431/2045/2424 3341/2075/2373
f 3385/2074/2425 3341/2075/2373 3386/2252/2426
f 3386/2252/2426 3341/2075/2373 3387/2251/2371
f 3386/2252/2426 3387/2251/2371 3434/2010/2119
f 3432/2105/2427 3388/2051/2418 3403/2018/2416
f 3432/2105/2427 3403/2018/2416 3430/2263/2428
f 3430/2263/2428 3403/2018/2416 3389/2225/2429
f 3430/2263/2428 3389/2225/2429 3429/2264/2430
f 3429/2264/2430 3389/2225/2429 3400/2119/2431
f 3429/2264/2430 3400/2119/2431 3414/2265/2432
f 3414/2265/2432 3400/2119/2431 3390/2120/2433
f 3391/2250/2331 3403/2018/2416 3383/2248/2329
f 3392/2193/2261 3211/1986/2068 3393/2266/2434
f 3392/2193/2261 3393/2266/2434 3243/2076/2180
f 3243/2076/2180 3393/2266/2434 3244/1990/2072
f 3403/2018/2416 3391/2250/2331 3405/2017/2435
f 3405/2017/2435 3391/2250/2331 3394/2123/2333
f 3405/2017/2435 3394/2123/2333 3404/2122/2436
f 3404/2122/2436 3394/2123/2333 3271/2125/2335
f 3404/2122/2436 3271/2125/2335 3395/2124/2437
f 3251/2105/2209 3470/2228/2298 3473/2263/2438
f 3251/2105/2209 3473/2263/2438 3293/2018/2109
f 3293/2018/2109 3473/2263/2438 3396/2225/2288
f 3397/1994/2279 3398/2210/2281 3510/2026/2439
f 3510/2026/2439 3398/2210/2281 3476/2244/2440
f 3510/2026/2439 3476/2244/2440 3520/1999/2441
f 3520/1999/2441 3476/2244/2440 3477/2245/2442
f 3520/1999/2441 3477/2245/2442 3399/2001/2443
f 3400/2119/2431 3401/2118/2444 3437/2121/2445
f 3400/2119/2431 3437/2121/2445 3390/2120/2433
f 3401/2118/2444 3400/2119/2431 3389/2225/2429
f 3401/2118/2444 3389/2225/2429 3402/2019/2446
f 3402/2019/2446 3389/2225/2429 3403/2018/2416
f 3402/2019/2446 3403/2018/2416 3405/2017/2435
f 3404/2122/2436 3401/2118/2444 3402/2019/2446
f 3404/2122/2436 3402/2019/2446 3405/2017/2435
f 3408/2058/2332 3411/2060/2447 3406/2061/2448
f 3408/2058/2332 3406/2061/2448 3407/2059/2334
f 3411/2060/2447 3408/2058/2332 3409/2249/2330
f 3411/2060/2447 3409/2249/2330 3412/2267/2449
f 3412/2267/2449 3409/2249/2330 3438/2209/2328
f 3412/2267/2449 3438/2209/2328 3413/2211/2450
f 3413/2211/2450 3438/2209/2328 3268/2210/2318
f 3413/2211/2450 3268/2210/2318 3410/2268/2451
f 3410/2268/2451 3268/2210/2318 3267/2244/2316
f 3410/2268/2451 3267/2244/2316 3436/2269/2452
f 3436/2269/2452 3267/2244/2316 3266/2245/2317
f 3411/2060/2447 3412/2267/2449 3410/2268/2451
f 3410/2268/2451 3412/2267/2449 3413/2211/2450
f 3429/2264/2430 3414/2265/2432 3415/2231/2453
f 3415/2231/2453 3414/2265/2432 3416/2233/2454
f 3415/2231/2453 3416/2233/2454 3428/2230/2455
f 3428/2230/2455 3416/2233/2454 3417/2232/2456
f 3428/2230/2455 3417/2232/2456 3418/2158/2457
f 3418/2158/2457 3417/2232/2456 3419/2159/2458
f 3418/2158/2457 3419/2159/2458 3427/2156/2459
f 3427/2156/2459 3419/2159/2458 3420/2157/2460
f 3427/2156/2459 3420/2157/2460 3421/2224/2461
f 3421/2224/2461 3420/2157/2460 3422/2254/2462
f 3421/2224/2461 3422/2254/2462 3425/2162/2463
f 3425/2162/2463 3422/2254/2462 3423/2163/2464
f 3425/2162/2463 3423/2163/2464 3346/2160/2387
f 3346/2160/2387 3423/2163/2464 3424/2161/2389
f 3346/2160/2387 3345/2030/2385 3425/2162/2463
f 3425/2162/2463 3345/2030/2385 3426/2079/2465
f 3425/2162/2463 3426/2079/2465 3421/2224/2461
f 3421/2224/2461 3426/2079/2465 3451/2222/2466
f 3421/2224/2461 3451/2222/2466 3427/2156/2459
f 3427/2156/2459 3451/2222/2466 3455/2223/2467
f 3427/2156/2459 3455/2223/2467 3418/2158/2457
f 3418/2158/2457 3455/2223/2467 3453/2234/2468
f 3418/2158/2457 3453/2234/2468 3428/2230/2455
f 3428/2230/2455 3453/2234/2468 3454/2229/2469
f 3428/2230/2455 3454/2229/2469 3415/2231/2453
f 3415/2231/2453 3454/2229/2469 3445/2228/2470
f 3415/2231/2453 3445/2228/2470 3429/2264/2430
f 3429/2264/2430 3445/2228/2470 3430/2263/2428
f 3431/2045/2424 3441/2043/2375 3341/2075/2373
f 3211/1986/2068 3244/1990/2072 3393/2266/2434
f 3432/2105/2427 3430/2263/2428 3445/2228/2470
f 3484/2048/2419 3270/2103/2327 3433/2104/2417
f 3484/2048/2419 3505/2107/2325 3270/2103/2327
f 3386/2252/2426 3434/2010/2119 3071/2009/2117
f 3386/2252/2426 3071/2009/2117 3504/1989/2471
f 3504/1989/2471 3071/2009/2117 3067/1988/2115
f 3504/1989/2471 3067/1988/2115 3507/1986/2472
f 3507/1986/2472 3067/1988/2115 3435/1987/2112
f 3507/1986/2472 3435/1987/2112 3066/1985/2111
f 3411/2060/2447 3410/2268/2451 3436/2269/2452
f 3411/2060/2447 3436/2269/2452 3406/2061/2448
f 3401/2118/2444 3404/2122/2436 3395/2124/2437
f 3401/2118/2444 3395/2124/2437 3437/2121/2445
f 3268/2210/2318 3438/2209/2328 3077/1994/2076
f 3482/2106/2326 3077/1994/2076 3438/2209/2328
f 3304/2236/2345 3439/2237/2414 3440/2238/2473
f 3442/2044/2377 3441/2043/2375 3431/2045/2424
f 3442/2044/2377 3431/2045/2424 3443/2046/2422
f 3442/2044/2377 3443/2046/2422 3446/2102/2474
f 3446/2102/2474 3443/2046/2422 3444/2050/2420
f 3446/2102/2474 3444/2050/2420 3449/2219/2475
f 3449/2219/2475 3444/2050/2420 3388/2051/2418
f 3449/2219/2475 3388/2051/2418 3450/2220/2476
f 3450/2220/2476 3388/2051/2418 3432/2105/2427
f 3450/2220/2476 3432/2105/2427 3445/2228/2470
f 3442/2044/2377 3446/2102/2474 3447/2100/2379
f 3448/2101/2381 3447/2100/2379 3446/2102/2474
f 3448/2101/2381 3446/2102/2474 3449/2219/2475
f 3448/2101/2381 3449/2219/2475 3452/2028/2477
f 3452/2028/2477 3449/2219/2475 3450/2220/2476
f 3452/2028/2477 3450/2220/2476 3455/2223/2467
f 3455/2223/2467 3450/2220/2476 3453/2234/2468
f 3450/2220/2476 3445/2228/2470 3454/2229/2469
f 3452/2028/2477 3451/2222/2466 3426/2079/2465
f 3452/2028/2477 3426/2079/2465 3345/2030/2385
f 3453/2234/2468 3450/2220/2476 3454/2229/2469
f 3452/2028/2477 3455/2223/2467 3451/2222/2466
f 3039/1997/2079 3459/2270/2478 3478/2271/2479
f 3039/1997/2079 3478/2271/2479 3456/2027/2125
f 3475/2268/2480 3476/2244/2440 3398/2210/2281
f 3475/2268/2480 3398/2210/2281 3457/2211/2282
f 3475/2268/2480 3474/2060/2163 3107/2061/2164
f 3475/2268/2480 3107/2061/2164 3458/2269/2481
f 3459/2270/2478 3039/1997/2079 3111/1995/2077
f 3459/2270/2478 3111/1995/2077 3460/2069/2172
f 3263/2241/2313 3459/2270/2478 3460/2069/2172
f 3263/2241/2313 3460/2069/2172 3461/2239/2311
f 3461/2239/2311 3460/2069/2172 3269/2246/2319
f 3461/2239/2311 3269/2246/2319 3462/2237/2309
f 3462/2237/2309 3269/2246/2319 3463/2199/2320
f 3462/2237/2309 3463/2199/2320 3464/2201/2306
f 3464/2201/2306 3463/2199/2320 3480/2198/2482
f 3464/2201/2306 3480/2198/2482 3465/2200/2294
f 3465/2200/2294 3480/2198/2482 3479/2196/2322
f 3465/2200/2294 3479/2196/2322 3247/2206/2291
f 3457/2211/2282 3468/2209/2280 3467/2267/2483
f 3457/2211/2282 3467/2267/2483 3475/2268/2480
f 3475/2268/2480 3467/2267/2483 3474/2060/2163
f 3466/2249/2339 3467/2267/2483 3468/2209/2280
f 3471/2231/2301 3469/2264/2484 3473/2263/2438
f 3471/2231/2301 3473/2263/2438 3470/2228/2298
f 3397/1994/2279 3524/2069/2485 3381/2246/2415
f 3345/2030/2385 3343/2029/2383 3452/2028/2477
f 3452/2028/2477 3343/2029/2383 3448/2101/2381
f 3471/2231/2301 3254/2233/2303 3469/2264/2484
f 3469/2264/2484 3254/2233/2303 3472/2265/2486
f 3469/2264/2484 3472/2265/2486 3153/2119/2217
f 3153/2119/2217 3472/2265/2486 3155/2120/2218
f 3153/2119/2217 3396/2225/2288 3469/2264/2484
f 3469/2264/2484 3396/2225/2288 3473/2263/2438
f 3474/2060/2163 3467/2267/2483 3105/2058/2161
f 3105/2058/2161 3467/2267/2483 3466/2249/2339
f 3475/2268/2480 3458/2269/2481 3476/2244/2440
f 3476/2244/2440 3458/2269/2481 3477/2245/2442
f 3263/2241/2313 3265/2243/2315 3459/2270/2478
f 3459/2270/2478 3265/2243/2315 3478/2271/2479
f 3479/2196/2322 3480/2198/2482 3481/2197/2324
f 3481/2197/2324 3480/2198/2482 3463/2199/2320
f 3481/2197/2324 3463/2199/2320 3482/2106/2326
f 3482/2106/2326 3463/2199/2320 3077/1994/2076
f 3385/2074/2425 3386/2252/2426 3504/1989/2471
f 3397/1994/2279 3483/1995/2487 3524/2069/2485
f 3485/2076/2488 3490/2053/2489 3384/2049/2421
f 3384/2049/2421 3490/2053/2489 3484/2048/2419
f 3518/1990/2490 3519/2266/2491 3485/2076/2488
f 3485/2076/2488 3519/2266/2491 3486/2193/2492
f 3485/2076/2488 3486/2193/2492 3489/2194/2493
f 3489/2194/2493 3486/2193/2492 3375/2063/2166
f 3489/2194/2493 3375/2063/2166 3487/2062/2165
f 3518/1990/2490 3485/2076/2488 3488/2073/2423
f 3518/1990/2490 3488/2073/2423 3385/2074/2425
f 3489/2194/2493 3517/2195/2323 3491/2052/2494
f 3489/2194/2493 3491/2052/2494 3485/2076/2488
f 3485/2076/2488 3491/2052/2494 3490/2053/2489
f 3484/2048/2419 3490/2053/2489 3491/2052/2494
f 3517/2195/2323 3505/2107/2325 3491/2052/2494
f 3492/2272/600 3203/2185/502 3503/2273/600
f 3503/2273/600 3203/2185/502 3493/2187/502
f 3503/2273/600 3493/2187/502 3145/2274/881
f 3145/2274/881 3493/2187/502 3494/2189/2214
f 3506/1983/2495 3066/1985/2111 3495/1984/2225
f 3523/2241/2496 3512/2270/2497 3513/2271/2498
f 3523/2241/2496 3513/2271/2498 3496/2243/2499
f 3502/2275/600 3497/2276/1837 3133/2153/2201
f 3502/2275/600 3133/2153/2201 3498/2152/502
f 3502/2275/600 3492/2272/600 3141/2277/600
f 3502/2275/600 3141/2277/600 3499/2278/600
f 3503/2273/600 3145/2274/881 3142/2279/881
f 3503/2273/600 3142/2279/881 3143/2280/600
f 3500/2242/2500 3523/2241/2496 3496/2243/2499
f 3502/2275/600 3499/2278/600 3497/2276/1837
f 3497/2276/1837 3499/2278/600 3501/2281/2212
f 3502/2275/600 3498/2152/502 3492/2272/600
f 3492/2272/600 3498/2152/502 3203/2185/502
f 3503/2273/600 3143/2280/600 3492/2272/600
f 3492/2272/600 3143/2280/600 3141/2277/600
f 3504/1989/2471 3518/1990/2490 3385/2074/2425
f 3484/2048/2419 3491/2052/2494 3505/2107/2325
f 3507/1986/2472 3506/1983/2495 3486/2193/2492
f 3486/2193/2492 3506/1983/2495 3375/2063/2166
f 3066/1985/2111 3506/1983/2495 3507/1986/2472
f 3520/1999/2441 3508/1998/2501 3509/1996/2502
f 3520/1999/2441 3509/1996/2502 3510/2026/2439
f 3510/2026/2439 3509/1996/2502 3397/1994/2279
f 3521/1997/2503 3511/2027/2504 3512/2270/2497
f 3512/2270/2497 3511/2027/2504 3513/2271/2498
f 3508/1998/2501 3514/2000/2505 3521/1997/2503
f 3521/1997/2503 3514/2000/2505 3511/2027/2504
f 3523/2241/2496 3500/2242/2500 3515/2240/2506
f 3506/1983/2495 3495/1984/2225 3516/2072/2411
f 3506/1983/2495 3516/2072/2411 3375/2063/2166
f 3517/2195/2323 3489/2194/2493 3487/2062/2165
f 3384/2049/2421 3488/2073/2423 3485/2076/2488
f 3507/1986/2472 3518/1990/2490 3504/1989/2471
f 3507/1986/2472 3519/2266/2491 3518/1990/2490
f 3507/1986/2472 3486/2193/2492 3519/2266/2491
f 3520/1999/2441 3399/2001/2443 3508/1998/2501
f 3508/1998/2501 3399/2001/2443 3514/2000/2505
f 3509/1996/2502 3483/1995/2487 3397/1994/2279
f 3508/1998/2501 3521/1997/2503 3483/1995/2487
f 3508/1998/2501 3483/1995/2487 3509/1996/2502
f 3521/1997/2503 3512/2270/2497 3524/2069/2485
f 3521/1997/2503 3524/2069/2485 3483/1995/2487
f 3522/2239/2507 3439/2237/2414 3381/2246/2415
f 3522/2239/2507 3381/2246/2415 3524/2069/2485
f 3515/2240/2506 3440/2238/2473 3439/2237/2414
f 3515/2240/2506 3439/2237/2414 3522/2239/2507
f 3523/2241/2496 3515/2240/2506 3522/2239/2507
f 3523/2241/2496 3522/2239/2507 3512/2270/2497
f 3512/2270/2497 3522/2239/2507 3524/2069/2485
f 3533/2282/2508 3539/2283/2509 3536/2284/2510
f 3536/2284/2510 3539/2283/2509 3537/2285/2511
f 3539/2283/2512 3540/2286/2513 3537/2285/2511
f 3537/2285/2511 3540/2286/2513 3538/2287/2514
f 3536/2284/2515 3535/2288/2516 3533/2282/2517
f 3533/2282/2517 3535/2288/2516 3534/2289/2518
f 3530/2290/2519 3526/2291/2520 3525/2292/2521
f 3525/2292/2521 3526/2291/2520 3527/2293/2522
f 3526/2294/2523 3529/2295/2524 3527/2296/2522
f 3527/2296/2522 3529/2295/2524 3528/2297/2525
f 3525/2292/2526 3532/2296/2527 3530/2290/2528
f 3530/2290/2528 3532/2296/2527 3531/2294/2529
f 3525/2292/2521 3527/2293/2522 3530/2290/2519
f 3530/2290/2519 3527/2293/2522 3526/2291/2520
f 3527/2296/2522 3528/2297/2525 3526/2294/2523
f 3526/2294/2523 3528/2297/2525 3529/2295/2524
f 3530/2290/2528 3531/2294/2529 3525/2292/2526
f 3525/2292/2526 3531/2294/2529 3532/2296/2527
f 3533/2298/2517 3534/2299/2518 3536/2300/2515
f 3536/2300/2515 3534/2299/2518 3535/2301/2516
f 3536/2300/2510 3537/2302/2511 3533/2298/2508
f 3533/2298/2508 3537/2302/2511 3539/2303/2509
f 3537/2302/2511 3538/2304/2514 3539/2303/2512
f 3539/2303/2512 3538/2304/2514 3540/2305/2513
f 3541/2306/2530 3543/2307/2531 3559/2308/2201
f 3559/2308/2201 3543/2307/2531 3542/2309/2532
f 3543/2307/2531 3553/2306/2533 3542/2309/2532
f 3542/2309/2532 3553/2306/2533 3544/2308/2534
f 3553/2310/2533 3569/2311/2535 3544/2312/2534
f 3544/2312/2534 3569/2311/2535 3560/2313/2536
f 3545/2313/2537 3546/2314/2538 3551/2311/2539
f 3551/2311/2539 3546/2314/2538 3555/2315/2540
f 3547/2316/502 3562/2317/2201 3549/2318/112
f 3549/2318/112 3562/2317/2201 3548/2319/2541
f 3549/2318/112 3550/2320/112 3547/2316/502
f 3547/2316/502 3550/2320/112 3554/2321/502
f 3541/2322/2530 3572/2323/2539 3543/2324/2531
f 3543/2324/2531 3572/2323/2539 3551/2325/2539
f 3551/2310/2539 3572/2315/2539 3545/2312/2537
f 3545/2312/2537 3572/2315/2539 3552/2314/39
f 3553/2326/2533 3547/2327/502 3569/2307/2535
f 3569/2307/2535 3547/2327/502 3554/2328/502
f 3543/2324/2531 3551/2325/2539 3556/2329/1837
f 3556/2329/1837 3551/2325/2539 3555/2330/2540
f 3556/2331/1837 3555/2332/2540 3557/2333/47
f 3557/2333/47 3555/2332/2540 3546/2334/2538
f 3557/2333/47 3561/2335/47 3556/2331/1837
f 3556/2331/1837 3561/2335/47 3558/2336/1837
f 3556/2329/1837 3558/2337/1837 3543/2324/2531
f 3543/2324/2531 3558/2337/1837 3553/2326/2533
f 3542/2338/2532 3544/2339/2534 3559/2340/2201
f 3559/2340/2201 3544/2339/2534 3560/2309/2536
f 3558/2337/1837 3562/2341/2201 3553/2326/2533
f 3553/2326/2533 3562/2341/2201 3547/2327/502
f 3561/2335/47 3548/2342/2541 3558/2336/1837
f 3558/2336/1837 3548/2342/2541 3562/2343/2201
f 3569/2306/2535 3541/2307/2530 3560/2308/2536
f 3560/2308/2536 3541/2307/2530 3559/2309/2201
f 3541/2322/2530 3569/2307/2535 3566/2344/881
f 3566/2344/881 3569/2307/2535 3564/2345/881
f 3572/2337/2539 3570/2310/2534 3552/2346/39
f 3552/2346/39 3570/2310/2534 3563/2312/833
f 3564/2336/881 3565/2343/2542 3568/2335/25
f 3568/2335/25 3565/2343/2542 3571/2342/2543
f 3566/2331/881 3564/2336/881 3567/2333/25
f 3567/2333/25 3564/2336/881 3568/2335/25
f 3569/2307/2535 3554/2328/502 3564/2345/881
f 3564/2345/881 3554/2328/502 3565/2347/2542
f 3567/2333/25 3563/2334/833 3566/2331/881
f 3566/2331/881 3563/2334/833 3570/2332/2534
f 3550/2320/112 3571/2348/2543 3554/2321/502
f 3554/2321/502 3571/2348/2543 3565/2349/2542
f 3566/2344/881 3570/2350/2534 3541/2322/2530
f 3541/2322/2530 3570/2350/2534 3572/2323/2539
f 3583/2351/2544 3574/2352/2545 3584/2353/2546
f 3584/2353/2546 3574/2352/2545 3573/2354/2547
f 3575/2355/2548 3581/2356/2549 3583/2351/2544
f 3583/2351/2544 3581/2356/2549 3574/2352/2545
f 3581/2356/2549 3575/2355/2548 3578/2357/2550
f 3578/2357/2550 3575/2355/2548 3576/2358/2551
f 3577/2359/2552 3578/2352/2550 3582/2360/4
f 3582/2360/4 3578/2352/2550 3573/2354/2547
f 3584/2353/2546 3573/2354/2547 3576/2358/2551
f 3576/2358/2551 3573/2354/2547 3578/2357/2550
f 3579/2359/2553 3581/2352/2549 3577/2360/2552
f 3577/2360/2552 3581/2352/2549 3578/2354/2550
f 3580/2359/26 3574/2352/2545 3579/2360/2553
f 3579/2360/2553 3574/2352/2545 3581/2354/2549
f 3573/2359/2547 3574/2352/2545 3582/2360/4
f 3582/2360/4 3574/2352/2545 3580/2354/26
f 3583/2351/2544 3584/2353/2546 3575/2355/2548
f 3575/2355/2548 3584/2353/2546 3576/2358/2551
f 3658/2361/767 3588/2362/760 3585/2363/5
f 3585/2363/5 3588/2362/760 3586/2364/5
f 3656/2365/767 3587/2365/765 3658/2364/767
f 3658/2364/767 3587/2365/765 3588/2364/760
f 3666/2366/767 3623/2367/760 3589/2366/2
f 3589/2366/2 3623/2367/760 3590/2367/769
f 3589/2365/2 3590/2365/769 3652/2364/2
f 3652/2364/2 3590/2365/769 3591/2364/793
f 3592/2368/767 3593/2369/760 3621/2361/2
f 3621/2361/2 3593/2369/760 3622/2362/769
f 3599/2365/767 3649/2365/2554 3592/2364/767
f 3592/2364/767 3649/2365/2554 3593/2364/760
f 3594/2365/767 3599/2365/767 3595/2364/767
f 3595/2364/767 3599/2365/767 3592/2364/767
f 3595/2370/767 3592/2368/767 3596/2371/2
f 3596/2371/2 3592/2368/767 3621/2361/2
f 3589/2366/2 3597/2371/2 3666/2366/767
f 3666/2366/767 3597/2371/2 3657/2371/767
f 3652/2364/2 3596/2364/2 3589/2365/2
f 3589/2365/2 3596/2364/2 3597/2365/2
f 3611/2372/767 3595/2370/767 3652/2366/2
f 3652/2366/2 3595/2370/767 3596/2371/2
f 3640/2365/767 3594/2365/767 3611/2364/767
f 3611/2364/767 3594/2365/767 3595/2364/767
f 3638/2366/2 3598/2371/2 3640/2366/767
f 3640/2366/767 3598/2371/2 3594/2371/767
f 3598/2371/2 3648/2361/2 3594/2371/767
f 3594/2371/767 3648/2361/2 3599/2361/767
f 3600/2364/2 3601/2364/2 3638/2365/2
f 3638/2365/2 3601/2364/2 3598/2365/2
f 3601/2364/2 3602/2364/2 3598/2365/2
f 3598/2365/2 3602/2364/2 3648/2365/2
f 3603/2373/767 3605/2374/2555 3663/2375/2
f 3663/2375/2 3605/2374/2555 3604/2376/2
f 3605/2374/2555 3630/2377/767 3604/2376/2
f 3604/2376/2 3630/2377/767 3631/2378/2
f 3606/2371/767 3658/2361/767 3608/2379/5
f 3608/2379/5 3658/2361/767 3585/2363/5
f 3607/2366/767 3606/2371/767 3645/2380/5
f 3645/2380/5 3606/2371/767 3608/2379/5
f 3670/2361/2 3614/2362/793 3628/2361/767
f 3628/2361/767 3614/2362/793 3609/2362/765
f 3602/2364/2 3637/2364/769 3648/2365/2
f 3648/2365/2 3637/2364/769 3610/2365/793
f 3611/2364/767 3653/2364/765 3640/2365/767
f 3640/2365/767 3653/2364/765 3641/2365/760
f 3603/2364/767 3650/2364/765 3662/2365/767
f 3662/2365/767 3650/2364/765 3612/2365/760
f 3668/2364/2 3613/2364/769 3670/2365/2
f 3670/2365/2 3613/2364/769 3614/2365/793
f 3615/2364/2555 3616/2364/765 3617/2365/2555
f 3617/2365/2555 3616/2364/765 3618/2365/760
f 3631/2364/2 3632/2364/2556 3619/2365/2
f 3619/2365/2 3632/2364/2556 3620/2365/793
f 3621/2364/2 3622/2364/769 3655/2365/2
f 3655/2365/2 3622/2364/769 3651/2365/768
f 3607/2364/767 3647/2364/765 3666/2365/767
f 3666/2365/767 3647/2364/765 3623/2365/760
f 3661/2365/2 3624/2365/769 3659/2364/2
f 3659/2364/2 3624/2365/769 3625/2364/793
f 3659/2373/2 3625/2381/793 3626/2382/5
f 3626/2382/5 3625/2381/793 3627/2383/5
f 3662/2366/767 3612/2367/760 3661/2366/2
f 3661/2366/2 3612/2367/760 3624/2367/769
f 3628/2365/767 3609/2365/765 3630/2364/767
f 3630/2364/767 3609/2365/765 3629/2364/760
f 3630/2377/767 3629/2384/760 3631/2378/2
f 3631/2378/2 3629/2384/760 3632/2385/2556
f 3635/2365/2 3633/2365/769 3663/2364/2
f 3663/2364/2 3633/2365/769 3634/2364/793
f 3617/2366/2555 3618/2367/760 3635/2366/2
f 3635/2366/2 3618/2367/760 3633/2367/769
f 3672/2365/767 3654/2365/765 3673/2364/767
f 3673/2364/767 3654/2365/765 3636/2364/760
f 3673/2378/767 3636/2385/760 3602/2368/2
f 3602/2368/2 3636/2385/760 3637/2369/769
f 3638/2365/2 3642/2365/769 3600/2364/2
f 3600/2364/2 3642/2365/769 3639/2364/793
f 3640/2366/767 3641/2367/760 3638/2366/2
f 3638/2366/2 3641/2367/760 3642/2367/769
f 3643/2386/5 3644/2387/5 3668/2377/2
f 3668/2377/2 3644/2387/5 3613/2384/769
f 3645/2380/5 3646/2365/5 3607/2366/767
f 3607/2366/767 3646/2365/5 3647/2367/765
f 3648/2361/2 3610/2362/793 3599/2361/767
f 3599/2361/767 3610/2362/793 3649/2362/2554
f 3600/2372/2 3639/2388/793 3615/2375/2555
f 3615/2375/2555 3639/2388/793 3616/1325/765
f 3663/2375/2 3634/1325/793 3603/2373/767
f 3603/2373/767 3634/1325/793 3650/2381/765
f 3655/2361/2 3651/2362/768 3656/2361/767
f 3656/2361/767 3651/2362/768 3587/2362/765
f 3652/2366/2 3591/2367/793 3611/2372/767
f 3611/2372/767 3591/2367/793 3653/2388/765
f 3619/2361/2 3620/2362/793 3672/2361/767
f 3672/2361/767 3620/2362/793 3654/2362/765
f 3596/2364/2 3621/2364/2 3597/2365/2
f 3597/2365/2 3621/2364/2 3655/2365/2
f 3597/2371/2 3655/2361/2 3657/2371/767
f 3657/2371/767 3655/2361/2 3656/2361/767
f 3657/2365/767 3656/2365/767 3606/2364/767
f 3606/2364/767 3656/2365/767 3658/2364/767
f 3659/2364/2 3660/2364/2557 3661/2365/2
f 3661/2365/2 3660/2364/2557 3669/2365/2557
f 3626/2382/5 3667/2389/5 3659/2373/2
f 3659/2373/2 3667/2389/5 3660/2374/2557
f 3661/2366/2 3669/2371/2557 3662/2366/767
f 3662/2366/767 3669/2371/2557 3671/2371/767
f 3662/2365/767 3671/2365/767 3603/2364/767
f 3603/2364/767 3671/2365/767 3605/2364/2555
f 3663/2364/2 3604/2364/2 3635/2365/2
f 3635/2365/2 3604/2364/2 3664/2365/2
f 3635/2366/2 3664/2371/2 3617/2366/2555
f 3617/2366/2555 3664/2371/2 3665/2371/767
f 3617/2365/2555 3665/2365/767 3615/2364/2555
f 3615/2364/2555 3665/2365/767 3674/2364/767
f 3615/2375/2555 3674/2376/767 3600/2372/2
f 3600/2372/2 3674/2376/767 3601/2370/2
f 3666/2365/767 3657/2365/767 3607/2364/767
f 3607/2364/767 3657/2365/767 3606/2364/767
f 3667/2389/5 3643/2386/5 3660/2374/2557
f 3660/2374/2557 3643/2386/5 3668/2377/2
f 3660/2364/2557 3668/2364/2 3669/2365/2557
f 3669/2365/2557 3668/2364/2 3670/2365/2
f 3669/2371/2557 3670/2361/2 3671/2371/767
f 3671/2371/767 3670/2361/2 3628/2361/767
f 3671/2365/767 3628/2365/767 3605/2364/2555
f 3605/2364/2555 3628/2365/767 3630/2364/767
f 3604/2364/2 3631/2364/2 3664/2365/2
f 3664/2365/2 3631/2364/2 3619/2365/2
f 3664/2371/2 3619/2361/2 3665/2371/767
f 3665/2371/767 3619/2361/2 3672/2361/767
f 3665/2365/767 3672/2365/767 3674/2364/767
f 3674/2364/767 3672/2365/767 3673/2364/767
f 3674/2376/767 3673/2378/767 3601/2370/2
f 3601/2370/2 3673/2378/767 3602/2368/2
f 3951/2028/2558 3727/2101/2559 3815/2219/2560
f 3728/2050/2561 3720/2102/2562 3721/2046/2563
f 3687/2076/2564 3849/1990/2565 3833/2266/2566
f 3802/2193/2567 3843/1986/2568 3842/1983/2569
f 3850/2063/2570 3791/2072/2571 3852/2064/2572
f 3852/2064/2573 3851/2071/2574 3771/2067/2575
f 3771/2067/2575 3851/2071/2574 3768/2065/2576
f 3771/2067/2575 3768/2065/2576 3769/2066/2577
f 3769/2066/2577 3768/2065/2576 3797/2068/2578
f 3945/2030/2579 3946/2032/2580 3947/2029/2581
f 3947/2029/2581 3946/2032/2580 3950/2031/2582
f 3947/2029/2581 3950/2031/2583 3727/2101/2584
f 3727/2101/2584 3950/2031/2583 3684/2036/2585
f 3727/2101/2586 3684/2036/2585 3722/2100/2587
f 3722/2100/2587 3684/2036/2585 3724/2038/2588
f 3722/2100/2587 3724/2038/2589 3725/2044/2590
f 3725/2044/2590 3724/2038/2589 3723/1991/2591
f 3725/2044/2592 3723/1991/2591 3726/2043/2593
f 3726/2043/2593 3723/1991/2591 3806/2041/2594
f 3726/2043/2595 3806/2041/2596 3730/2075/2597
f 3730/2075/2597 3806/2041/2596 3807/2012/2598
f 3946/2032/2599 3861/2034/2600 3950/2031/2601
f 3950/2031/2601 3861/2034/2600 3949/2033/2602
f 3781/2244/2603 3780/2245/2604 3893/1999/2605
f 3893/1999/2605 3780/2245/2604 3675/2001/2606
f 3784/2270/2607 3785/2271/2608 3786/2241/2609
f 3677/2017/2610 3808/2019/2611 3898/2118/2612
f 3677/2017/2610 3898/2118/2612 3853/2122/2613
f 3853/2122/2613 3898/2118/2614 3776/2121/2615
f 3853/2122/2613 3776/2121/2615 3678/2124/2616
f 3865/2248/2617 3755/2209/2618 3822/2103/2619
f 3822/2103/2619 3755/2209/2618 3679/2106/2620
f 3859/1994/2621 3754/2210/2622 3891/2026/2623
f 3744/2239/2624 3680/2237/2625 3681/2246/2626
f 3744/2239/2624 3681/2246/2626 3897/2069/2627
f 3897/2069/2628 3681/2246/2626 3859/1994/2629
f 3683/2240/2630 3682/2238/2631 3680/2237/2632
f 3683/2240/2630 3680/2237/2632 3744/2239/2633
f 3849/1990/2565 3833/2266/2634 3843/1986/2568
f 3843/1986/2568 3833/2266/2634 3802/2193/2635
f 3842/1983/2569 3802/2193/2635 3850/2063/2636
f 3842/1983/2569 3850/2063/2636 3791/2072/2571
f 3899/2119/2637 3748/2264/2638 3774/2265/2639
f 3899/2119/2637 3774/2265/2639 3775/2120/2640
f 3952/2160/2641 3692/2162/2642 3693/2163/2643
f 3952/2160/2641 3693/2163/2643 3691/2161/2644
f 3862/2164/2645 3952/2160/2646 3691/2161/2647
f 3862/2164/2645 3691/2161/2647 3690/2165/2648
f 3818/2222/2649 3817/2223/2650 3953/2224/2651
f 3953/2224/2651 3817/2223/2650 3864/2156/2652
f 3687/2076/2564 3709/2053/2489 3686/2049/2653
f 3686/2049/2653 3709/2053/2489 3821/2048/2654
f 3686/2049/2653 3821/2048/2654 3728/2050/2655
f 3728/2050/2655 3821/2048/2654 3890/2051/2656
f 3815/2219/2560 3890/2051/2656 3816/2220/2657
f 3815/2219/2560 3816/2220/2657 3951/2028/2558
f 3821/2048/2654 3810/2104/2417 3890/2051/2656
f 3890/2051/2656 3810/2104/2417 3809/2018/2658
f 3890/2051/2656 3809/2018/2658 3819/2105/2659
f 3819/2105/2659 3809/2018/2658 3749/2263/2660
f 3819/2105/2659 3749/2263/2660 3745/2228/2661
f 3745/2228/2662 3749/2263/2660 3748/2264/2638
f 3745/2228/2662 3748/2264/2638 3746/2231/2663
f 3746/2231/2664 3748/2264/2638 3774/2265/2665
f 3746/2231/2664 3774/2265/2665 3747/2233/2666
f 3876/2006/2667 3772/2010/2668 3848/1980/2669
f 3862/2164/2645 3863/2166/2670 3690/2165/2671
f 3862/2164/2645 3690/2165/2648 3952/2160/2646
f 3952/2160/2646 3690/2165/2648 3691/2161/2647
f 3952/2160/2641 3691/2161/2644 3692/2162/2672
f 3692/2162/2672 3691/2161/2644 3693/2163/2643
f 3692/2162/2642 3693/2163/2673 3953/2224/2674
f 3953/2224/2674 3693/2163/2673 3694/2254/2675
f 3953/2224/2676 3694/2254/2677 3864/2156/2652
f 3864/2156/2652 3694/2254/2677 3695/2157/2678
f 3864/2156/2652 3695/2157/2679 3857/2158/2680
f 3857/2158/2680 3695/2157/2679 3696/2159/2681
f 3857/2158/2682 3696/2159/2681 3856/2230/2683
f 3856/2230/2683 3696/2159/2681 3697/2232/2684
f 3698/2022/2685 3847/2008/2686 3688/1988/2687
f 3688/1988/2687 3847/2008/2686 3800/2009/2688
f 3699/2021/2689 3698/2022/2685 3701/1987/2690
f 3701/1987/2690 3698/2022/2685 3688/1988/2691
f 3700/2020/2692 3699/2021/2693 3844/1985/2694
f 3844/1985/2694 3699/2021/2693 3701/1987/2695
f 3702/2078/2696 3700/2020/2692 3841/1984/2697
f 3841/1984/2697 3700/2020/2692 3844/1985/2698
f 3758/2023/2699 3702/2078/2700 3703/2077/2701
f 3703/2077/2701 3702/2078/2700 3841/1984/2702
f 3758/2023/2703 3703/2077/2704 3763/2258/2705
f 3806/2041/2596 3704/2047/2706 3705/2042/2707
f 3806/2041/2596 3705/2042/2707 3715/1992/2708
f 3689/2073/2709 3721/2046/2710 3686/2049/2653
f 3689/2073/2709 3686/2049/2653 3687/2076/2564
f 3721/2046/2710 3728/2050/2711 3686/2049/2653
f 3849/1990/2565 3689/2073/2709 3687/2076/2564
f 3707/2058/2712 3706/2123/2713 3777/2125/2714
f 3707/2058/2712 3777/2125/2714 3756/2059/2715
f 3710/2195/2716 3708/2052/2717 3860/2107/2718
f 3792/2196/2719 3710/2195/2716 3711/2197/2720
f 3811/2200/2721 3712/2206/2722 3792/2196/2719
f 3811/2200/2721 3792/2196/2719 3858/2198/2723
f 3713/2205/2724 3811/2200/2725 3714/2204/2726
f 3715/1992/2727 3716/1993/2728 3723/1991/2729
f 3723/1991/2591 3717/2037/2730 3724/2038/2588
f 3724/2038/2588 3717/2037/2730 3718/2039/2731
f 3798/2194/2732 3708/2052/2717 3710/2195/2716
f 3792/2196/2719 3793/2062/2733 3710/2195/2716
f 3835/2226/2734 3834/2247/2735 3712/2206/2736
f 3712/2206/2736 3834/2247/2735 3792/2196/2719
f 3725/2044/2737 3720/2102/2562 3721/2046/2563
f 3725/2044/2737 3721/2046/2563 3729/2045/2738
f 3720/2102/2562 3725/2044/2737 3722/2100/2739
f 3720/2102/2562 3722/2100/2739 3727/2101/2559
f 3727/2101/2584 3722/2100/2587 3724/2038/2588
f 3727/2101/2584 3724/2038/2588 3684/2036/2585
f 3684/2036/2740 3724/2038/2588 3719/2040/2741
f 3722/2100/2742 3725/2044/2737 3723/1991/2591
f 3722/2100/2742 3723/1991/2591 3724/2038/2743
f 3725/2044/2737 3729/2045/2738 3726/2043/2744
f 3730/2075/2597 3807/2012/2745 3726/2043/2593
f 3726/2043/2593 3807/2012/2745 3806/2041/2746
f 3727/2101/2559 3815/2219/2747 3720/2102/2562
f 3720/2102/2562 3815/2219/2747 3728/2050/2748
f 3728/2050/2748 3815/2219/2747 3890/2051/2749
f 3729/2045/2738 3801/2074/2750 3730/2075/2751
f 3812/2202/2752 3811/2200/2725 3714/2204/2753
f 3812/2202/2752 3805/2201/2754 3811/2200/2725
f 3811/2200/2725 3805/2201/2755 3820/2199/2756
f 3811/2200/2725 3820/2199/2756 3858/2198/2723
f 3858/2198/2723 3820/2199/2757 3711/2197/2720
f 3858/2198/2723 3711/2197/2720 3792/2196/2719
f 3793/2062/2758 3710/2195/2759 3798/2194/2760
f 3793/2062/2733 3834/2247/2761 3792/2196/2719
f 3792/2196/2719 3834/2247/2735 3835/2226/2734
f 3792/2196/2719 3835/2226/2734 3712/2206/2722
f 3712/2206/2762 3789/2208/2763 3813/2207/2764
f 3793/2062/2733 3852/2064/2572 3834/2247/2761
f 3684/2036/2765 3685/2070/2394 3719/2040/2741
f 3702/2078/2696 3841/1984/2766 3844/1985/2767
f 3702/2078/2696 3844/1985/2767 3700/2020/2692
f 3700/2020/2692 3844/1985/2694 3701/1987/2695
f 3700/2020/2692 3701/1987/2695 3699/2021/2693
f 3699/2021/2689 3701/1987/2695 3688/1988/2691
f 3699/2021/2689 3688/1988/2691 3698/2022/2685
f 3698/2022/2685 3688/1988/2691 3800/2009/2768
f 3698/2022/2685 3800/2009/2768 3847/2008/2686
f 3847/2008/2769 3800/2009/2770 3772/2010/2771
f 3847/2008/2769 3772/2010/2771 3848/1980/2772
f 3762/1982/2773 3876/2006/2667 3846/2007/2369
f 3797/2068/2578 3768/2065/2576 3763/2258/2774
f 3763/2258/2774 3768/2065/2576 3851/2071/2574
f 3763/2258/2774 3851/2071/2574 3703/2077/2704
f 3688/1988/2687 3845/1989/2775 3800/2009/2770
f 3800/2009/2776 3799/2252/2777 3772/2010/2778
f 3687/2076/2564 3708/2052/2779 3709/2053/2489
f 3709/2053/2489 3708/2052/2779 3821/2048/2654
f 3708/2052/2779 3860/2107/2718 3821/2048/2654
f 3821/2048/2654 3822/2103/2780 3810/2104/2417
f 3810/2104/2417 3822/2103/2780 3809/2018/2658
f 3865/2248/2781 3755/2209/2618 3779/2249/2782
f 3865/2248/2781 3779/2249/2782 3770/2250/2783
f 3770/2250/2784 3779/2249/2782 3707/2058/2785
f 3770/2250/2784 3707/2058/2785 3706/2123/2713
f 3706/2123/2713 3707/2058/2785 3756/2059/2715
f 3706/2123/2713 3756/2059/2715 3777/2125/2714
f 3755/2209/2618 3679/2106/2620 3859/1994/2786
f 3755/2209/2618 3859/1994/2786 3754/2210/2622
f 3754/2210/2622 3891/2026/2623 3781/2244/2603
f 3849/1990/2565 3845/1989/2775 3843/1986/2568
f 3789/2208/2763 3835/2226/2787 3790/2235/2788
f 3771/2067/2575 3788/2126/2789 3814/2227/2790
f 3771/2067/2575 3814/2227/2790 3835/2226/2787
f 3771/2067/2575 3835/2226/2787 3852/2064/2573
f 3713/2205/2724 3811/2200/2725 3712/2206/2722
f 3801/2074/2791 3849/1990/2565 3689/2073/2792
f 3801/2074/2791 3845/1989/2775 3849/1990/2565
f 3731/2137/2236 3939/2138/600 3732/2139/2237
f 3732/2139/2237 3939/2138/600 3733/2140/1196
f 3940/2143/2239 3941/2144/600 3916/2145/2793
f 3916/2145/2793 3941/2144/600 3734/2146/1838
f 3916/2147/2793 3734/2148/1838 3918/2133/2235
f 3918/2133/2235 3734/2148/1838 3735/2134/47
f 3918/2133/2235 3735/2134/47 3742/2117/2794
f 3742/2117/2794 3735/2134/47 3736/2109/47
f 3742/2117/2794 3736/2109/47 3737/2116/47
f 3737/2116/47 3736/2109/47 3738/2111/47
f 3936/2149/2795 3932/2150/2796 3739/2151/2241
f 3739/2151/2241 3932/2150/2796 3740/2091/2797
f 3739/2151/2241 3740/2091/2797 3905/2168/112
f 3905/2168/112 3740/2091/2797 3907/2169/2798
f 3933/2112/2799 3741/2082/2190 3743/2114/1059
f 3743/2114/1059 3741/2082/2190 3742/2080/2794
f 3743/2108/1059 3742/2109/2794 3943/2110/47
f 3943/2110/47 3742/2109/2794 3737/2111/47
f 3787/2242/2314 3676/2243/2800 3786/2241/2609
f 3786/2241/2609 3676/2243/2800 3785/2271/2608
f 3784/2270/2801 3785/2271/2608 3895/2027/2802
f 3782/1998/2803 3894/2000/2804 3675/2001/2805
f 3748/2264/2806 3899/2119/2807 3775/2120/2640
f 3748/2264/2806 3775/2120/2640 3774/2265/2639
f 3864/2156/2652 3857/2158/2808 3696/2159/2681
f 3864/2156/2652 3696/2159/2681 3695/2157/2679
f 3839/2003/2809 3840/2002/2810 3838/2004/2811
f 3845/1989/2775 3801/2074/2791 3799/2252/2777
f 3807/2012/2745 3837/2011/2402 3836/2005/2812
f 3793/2062/2733 3850/2063/2570 3852/2064/2572
f 3758/2023/2699 3703/2077/2701 3841/1984/2702
f 3758/2023/2699 3841/1984/2702 3702/2078/2700
f 3786/2241/2609 3683/2240/2630 3744/2239/2633
f 3819/2105/2813 3816/2220/2814 3745/2228/2662
f 3745/2228/2662 3855/2229/2815 3746/2231/2816
f 3746/2231/2816 3855/2229/2815 3856/2230/2683
f 3747/2233/2817 3856/2230/2818 3697/2232/2819
f 3748/2264/2638 3749/2263/2660 3746/2231/2820
f 3746/2231/2820 3749/2263/2660 3745/2228/2661
f 3779/2249/2821 3750/2267/2822 3755/2209/2618
f 3757/2211/2823 3755/2209/2618 3750/2267/2822
f 3751/2268/2824 3750/2267/2825 3778/2060/2826
f 3757/2211/2823 3754/2210/2827 3755/2209/2618
f 3778/2060/2826 3707/2058/2785 3756/2059/2828
f 3778/2060/2826 3756/2059/2828 3753/2061/2829
f 3751/2268/2824 3781/2244/2830 3754/2210/2831
f 3751/2268/2824 3754/2210/2831 3757/2211/2832
f 3875/2255/2348 3876/2006/2833 3760/2256/2834
f 3796/2261/2835 3764/2259/2352 3763/2258/2836
f 3848/1980/2669 3761/1981/2063 3762/1982/2837
f 3763/2258/2836 3764/2259/2352 3765/2260/2838
f 3763/2258/2839 3766/2262/2840 3767/2025/2841
f 3769/2066/2577 3771/2067/2575 3788/2126/2842
f 3772/2010/2843 3876/2006/2833 3773/2251/2844
f 3773/2251/2844 3876/2006/2833 3840/2002/2810
f 3748/2264/2638 3746/2231/2820 3747/2233/2666
f 3748/2264/2638 3747/2233/2666 3774/2265/2665
f 3748/2264/2806 3899/2119/2845 3900/2225/2846
f 3748/2264/2806 3900/2225/2846 3749/2263/2847
f 3898/2118/2848 3899/2119/2845 3775/2120/2849
f 3898/2118/2848 3775/2120/2849 3776/2121/2850
f 3706/2123/2713 3678/2124/2851 3777/2125/2852
f 3706/2123/2713 3707/2058/2712 3779/2249/2821
f 3706/2123/2713 3779/2249/2821 3770/2250/2783
f 3707/2058/2785 3778/2060/2826 3750/2267/2825
f 3707/2058/2785 3750/2267/2825 3779/2249/2853
f 3781/2244/2830 3751/2268/2854 3752/2269/2855
f 3781/2244/2830 3752/2269/2855 3780/2245/2856
f 3781/2244/2603 3893/1999/2605 3891/2026/2857
f 3893/1999/2858 3782/1998/2803 3892/1996/2859
f 3893/1999/2858 3892/1996/2859 3891/2026/2860
f 3784/2270/2861 3783/1997/2862 3895/2027/2863
f 3784/2270/2864 3786/2241/2609 3744/2239/2865
f 3784/2270/2864 3744/2239/2865 3897/2069/2627
f 3789/2208/2763 3835/2226/2787 3712/2206/2866
f 3703/2077/2704 3791/2072/2571 3851/2071/2574
f 3794/2253/2867 3795/2257/2868 3876/2006/2667
f 3796/2261/2835 3763/2258/2836 3797/2068/2869
f 3860/2107/2718 3711/2197/2720 3710/2195/2716
f 3845/1989/2775 3800/2009/2770 3799/2252/2777
f 3687/2076/2564 3708/2052/2717 3798/2194/2732
f 3687/2076/2564 3798/2194/2732 3802/2193/2635
f 3802/2193/2635 3798/2194/2732 3850/2063/2636
f 3798/2194/2732 3793/2062/2733 3850/2063/2636
f 3803/2236/2870 3804/2203/2273 3805/2201/2755
f 3900/2225/2871 3808/2019/2872 3809/2018/2873
f 3712/2206/2722 3713/2205/2724 3813/2207/2874
f 3816/2220/2814 3951/2028/2875 3817/2223/2876
f 3817/2223/2876 3951/2028/2875 3818/2222/2877
f 3817/2223/2878 3818/2222/2877 3864/2156/2652
f 3864/2156/2652 3818/2222/2877 3953/2224/2879
f 3816/2220/2814 3817/2223/2876 3854/2234/2880
f 3859/1994/2629 3820/2199/2881 3679/2106/2620
f 3680/2237/2632 3803/2236/2870 3805/2201/2755
f 3680/2237/2632 3805/2201/2755 3681/2246/2626
f 3681/2246/2626 3805/2201/2755 3820/2199/2881
f 3681/2246/2626 3820/2199/2881 3859/1994/2629
f 3822/2103/2619 3860/2107/2718 3821/2048/2882
f 3679/2106/2620 3860/2107/2718 3822/2103/2619
f 3711/2197/2720 3679/2106/2620 3820/2199/2881
f 3805/2201/2883 3811/2200/2884 3858/2198/2885
f 3805/2201/2883 3858/2198/2885 3820/2199/2881
f 3826/2013/2159 3823/2014/2157 3829/2015/2886
f 3826/2013/2159 3829/2015/2886 3824/2016/2154
f 3828/2015/2096 3825/2016/2156 3823/2013/2157
f 3828/2015/2096 3823/2013/2157 3826/2014/2159
f 3830/2016/2097 3827/2015/2098 3825/2014/2156
f 3830/2016/2097 3825/2014/2156 3828/2013/2096
f 3824/2056/2154 3829/2054/2886 3827/2055/2098
f 3824/2056/2154 3827/2055/2098 3830/2057/2097
f 3867/2014/2107 3831/2013/2103 3877/2016/2105
f 3867/2014/2107 3877/2016/2105 3832/2015/2106
f 3687/2076/2564 3802/2193/2635 3833/2266/2634
f 3835/2226/2734 3852/2064/2887 3834/2247/2735
f 3835/2226/2787 3790/2235/2888 3814/2227/2790
f 3773/2251/2889 3840/2002/2810 3730/2075/2890
f 3730/2075/2890 3840/2002/2810 3807/2012/2891
f 3836/2005/2812 3840/2002/2892 3838/2004/2893
f 3876/2006/2833 3839/2003/2809 3840/2002/2810
f 3703/2077/2704 3841/1984/2702 3791/2072/2571
f 3791/2072/2571 3841/1984/2702 3842/1983/2569
f 3841/1984/2702 3844/1985/2694 3842/1983/2569
f 3842/1983/2569 3844/1985/2694 3843/1986/2568
f 3844/1985/2694 3701/1987/2695 3843/1986/2568
f 3843/1986/2568 3701/1987/2695 3688/1988/2687
f 3843/1986/2568 3688/1988/2687 3845/1989/2775
f 3847/2008/2769 3848/1980/2772 3800/2009/2688
f 3800/2009/2688 3848/1980/2772 3772/2010/2778
f 3852/2064/2573 3851/2071/2574 3791/2072/2571
f 3812/2202/2752 3805/2201/2755 3804/2203/2273
f 3853/2122/2613 3770/2250/2784 3677/2017/2894
f 3854/2234/2880 3855/2229/2895 3816/2220/2814
f 3857/2158/2680 3856/2230/2818 3855/2229/2815
f 3857/2158/2680 3855/2229/2815 3854/2234/2880
f 3679/2106/2620 3711/2197/2720 3860/2107/2718
f 3857/2158/2896 3854/2234/2880 3864/2156/2897
f 3864/2156/2897 3854/2234/2880 3817/2223/2878
f 3822/2103/2619 3809/2018/2898 3865/2248/2617
f 3869/2015/2102 3866/2016/2101 3831/2013/2103
f 3869/2015/2102 3831/2013/2103 3867/2014/2107
f 3878/2014/2099 3868/2013/2100 3866/2016/2101
f 3878/2014/2099 3866/2016/2101 3869/2015/2102
f 3874/2014/2106 3870/2013/2105 3871/2016/2100
f 3874/2014/2106 3871/2016/2100 3881/2015/2099
f 3873/2014/2107 3872/2013/2103 3870/2016/2105
f 3873/2014/2107 3870/2016/2105 3874/2015/2106
f 3876/2006/2833 3875/2255/2348 3839/2003/2809
f 3877/2013/2105 3868/2016/2100 3832/2014/2106
f 3832/2014/2106 3868/2016/2100 3878/2015/2099
f 3879/2016/2101 3872/2015/2103 3880/2013/2102
f 3880/2013/2102 3872/2015/2103 3873/2014/2107
f 3871/2013/2100 3879/2016/2101 3881/2014/2099
f 3881/2014/2099 3879/2016/2101 3880/2015/2102
f 3885/2014/2096 3882/2015/2097 3886/2013/2095
f 3886/2013/2095 3882/2015/2097 3883/2016/2098
f 3884/2013/2159 3885/2016/2096 3887/2014/2157
f 3887/2014/2157 3885/2016/2096 3886/2015/2095
f 3888/2016/2154 3884/2015/2159 3889/2013/2886
f 3889/2013/2886 3884/2015/2159 3887/2014/2157
f 3882/2056/2097 3888/2057/2154 3883/2054/2098
f 3883/2054/2098 3888/2057/2154 3889/2055/2886
f 3859/1994/2621 3891/2026/2623 3892/1996/2899
f 3782/1998/2803 3893/1999/2605 3675/2001/2606
f 3783/1997/2862 3782/1998/2803 3894/2000/2900
f 3783/1997/2862 3894/2000/2900 3895/2027/2863
f 3783/1997/2901 3896/1995/2902 3782/1998/2803
f 3782/1998/2803 3896/1995/2902 3892/1996/2899
f 3784/2270/2861 3897/2069/2628 3783/1997/2862
f 3783/1997/2862 3897/2069/2628 3896/1995/2902
f 3898/2118/2903 3808/2019/2904 3899/2119/2905
f 3899/2119/2905 3808/2019/2904 3900/2225/2906
f 3904/2130/2234 3906/2167/2254 3901/2170/2907
f 3904/2130/2234 3901/2170/2907 3930/2132/2908
f 3914/2178/2228 3925/2176/2215 3919/2177/2909
f 3914/2178/2228 3919/2177/2909 3902/2133/2910
f 3935/2174/2231 3931/2172/2191 3932/2173/2796
f 3935/2174/2231 3932/2173/2796 3936/2175/2795
f 3913/2179/2257 3914/2178/2228 3902/2133/2910
f 3913/2179/2257 3902/2133/2910 3903/2147/2911
f 3908/2141/2229 3732/2142/2237 3733/2130/1196
f 3908/2141/2229 3733/2130/1196 3904/2132/2234
f 3712/2206/2722 3811/2200/2721 3858/2198/2723
f 3712/2206/2722 3858/2198/2723 3792/2196/2719
f 3906/2167/2254 3905/2168/112 3907/2169/2798
f 3906/2167/2254 3907/2169/2798 3901/2170/2907
f 3944/2155/1061 3942/2184/112 3924/2185/502
f 3944/2155/1061 3924/2185/502 3934/2153/2912
f 3912/2131/2913 3908/2129/2229 3904/2130/2234
f 3912/2131/2913 3904/2130/2234 3930/2132/2908
f 3903/2147/2911 3902/2133/2910 3909/2134/25
f 3903/2147/2911 3909/2134/25 3910/2148/2259
f 3917/2127/2914 3911/2128/2230 3935/2084/2231
f 3917/2127/2914 3935/2084/2231 3937/2083/2233
f 3911/2127/2230 3929/2128/2915 3931/2084/2191
f 3911/2127/2230 3931/2084/2191 3935/2083/2231
f 3925/2084/2215 3914/2083/2228 3908/2127/2229
f 3925/2084/2215 3908/2127/2229 3912/2128/2913
f 3914/2128/2228 3913/2127/2257 3732/2083/2237
f 3914/2128/2228 3732/2083/2237 3908/2084/2229
f 3913/2127/2257 3915/2083/2916 3731/2084/2236
f 3913/2127/2257 3731/2084/2236 3732/2128/2237
f 3915/2127/2916 3917/2083/2914 3937/2084/2233
f 3915/2127/2916 3937/2084/2233 3731/2128/2236
f 3925/2082/2215 3741/2080/2190 3919/2081/2909
f 3913/2221/2257 3903/2212/2911 3915/2183/2916
f 3915/2183/2916 3903/2212/2911 3940/2143/2239
f 3915/2183/2916 3940/2143/2239 3917/2179/2914
f 3917/2179/2914 3940/2143/2239 3916/2145/2793
f 3917/2179/2914 3916/2147/2793 3911/2178/2230
f 3911/2178/2230 3916/2147/2793 3918/2133/2235
f 3911/2178/2230 3918/2133/2235 3929/2181/2915
f 3929/2181/2915 3918/2133/2235 3742/2182/2794
f 3921/2112/1591 3919/2082/2909 3933/2114/2799
f 3933/2114/2799 3919/2082/2909 3741/2080/2190
f 3948/2035/2917 3685/2070/2394 3684/2036/2765
f 3689/2073/2792 3721/2046/2563 3729/2045/2738
f 3689/2073/2792 3729/2045/2738 3801/2074/2791
f 3801/2074/2791 3730/2075/2597 3799/2252/2777
f 3799/2252/2777 3730/2075/2597 3773/2251/2844
f 3799/2252/2777 3773/2251/2844 3772/2010/2778
f 3772/2010/2843 3773/2251/2889 3840/2002/2810
f 3772/2010/2843 3840/2002/2810 3876/2006/2667
f 3773/2251/2844 3730/2075/2597 3807/2012/2745
f 3773/2251/2844 3807/2012/2745 3840/2002/2918
f 3730/2075/2597 3729/2045/2919 3726/2043/2595
f 3717/2037/2730 3716/1993/2920 3723/1991/2591
f 3953/2224/2921 3692/2162/2642 3954/2079/2922
f 3953/2224/2921 3954/2079/2922 3818/2222/2877
f 3818/2222/2923 3954/2079/2924 3951/2028/2925
f 3862/2164/2645 3946/2032/2926 3952/2160/2641
f 3952/2160/2641 3946/2032/2926 3945/2030/2927
f 3952/2160/2928 3945/2030/2929 3692/2162/2930
f 3692/2162/2930 3945/2030/2929 3954/2079/2922
f 3861/2034/2931 3946/2032/2926 3862/2164/2645
f 3861/2034/2931 3862/2164/2645 3863/2166/2932
f 3724/2038/2933 3719/2040/2741 3718/2039/2934
f 3819/2105/2659 3816/2220/2657 3890/2051/2656
f 3767/2025/2841 3758/2023/2703 3759/2024/2122
f 3767/2025/2841 3763/2258/2774 3758/2023/2703
f 3763/2258/2935 3766/2262/2936 3765/2260/2838
f 3762/1982/2773 3848/1980/2669 3876/2006/2667
f 3807/2012/2745 3806/2041/2596 3704/2047/2937
f 3840/2002/2810 3807/2012/2745 3836/2005/2812
f 3876/2006/2667 3794/2253/2938 3846/2007/2369
f 3876/2006/2667 3760/2256/2939 3795/2257/2940
f 3770/2250/2783 3809/2018/2873 3865/2248/2781
f 3683/2240/2941 3787/2242/2314 3786/2241/2609
f 3715/1992/2708 3806/2041/2594 3723/1991/2591
f 3704/2047/2937 3837/2011/2402 3807/2012/2745
f 3951/2028/2925 3954/2079/2924 3945/2030/2942
f 3953/2224/2651 3694/2254/2675 3692/2162/2642
f 3692/2162/2642 3694/2254/2675 3693/2163/2673
f 3920/2110/25 3928/2111/25 3921/2108/1591
f 3921/2108/1591 3928/2111/25 3919/2109/2909
f 3920/2216/25 3921/2215/1591 3922/2095/835
f 3922/2095/835 3921/2215/1591 3923/2096/2943
f 3921/2279/1591 3933/2277/2799 3923/2189/2943
f 3923/2189/2943 3933/2277/2799 3924/2185/502
f 3925/2115/2215 3929/2115/2915 3741/2115/2190
f 3927/2111/25 3926/2109/25 3919/2117/2909
f 3927/2111/25 3919/2117/2909 3928/2116/25
f 3929/2115/2915 3925/2115/2215 3912/2115/2913
f 3929/2115/2915 3912/2115/2913 3931/2115/2191
f 3741/2082/2190 3929/2080/2915 3742/2081/2794
f 3912/2084/2913 3930/2085/2908 3931/2083/2191
f 3931/2083/2191 3930/2085/2908 3932/2086/2796
f 3933/2277/2799 3743/2281/1059 3924/2185/502
f 3924/2185/502 3743/2281/1059 3934/2153/2912
f 3935/2141/2231 3936/2142/2795 3937/2132/2233
f 3937/2132/2233 3936/2142/2795 3938/2130/1059
f 3937/2135/2233 3938/2136/1059 3731/2137/2236
f 3731/2137/2236 3938/2136/1059 3939/2138/600
f 3919/2117/2909 3926/2109/25 3902/2133/2910
f 3902/2133/2910 3926/2109/25 3909/2134/25
f 3903/2212/2911 3910/2213/2259 3940/2143/2239
f 3940/2143/2239 3910/2213/2259 3941/2214/600
f 3922/2188/835 3923/2189/2943 3942/2184/112
f 3942/2184/112 3923/2189/2943 3924/2185/502
f 3932/2085/2796 3907/2086/2798 3740/2091/2797
f 3932/2099/2796 3930/2192/2908 3907/2217/2798
f 3743/2215/1059 3943/2216/47 3934/2096/2912
f 3934/2096/2912 3943/2216/47 3944/2095/1061
f 3930/2085/2908 3901/2086/2907 3907/2091/2798
f 3857/2158/2682 3856/2230/2683 3697/2232/2684
f 3857/2158/2682 3697/2232/2684 3696/2159/2681
f 3856/2230/2818 3746/2231/2820 3747/2233/2817
f 3893/1999/2858 3891/2026/2944 3782/1998/2803
f 3782/1998/2803 3891/2026/2944 3892/1996/2899
f 3782/1998/2803 3892/1996/2899 3783/1997/2901
f 3783/1997/2901 3892/1996/2899 3896/1995/2945
f 3783/1997/2862 3896/1995/2902 3784/2270/2864
f 3784/2270/2864 3896/1995/2902 3897/2069/2628
f 3784/2270/2607 3897/2069/2627 3786/2241/2609
f 3786/2241/2609 3897/2069/2627 3744/2239/2865
f 3682/2238/2946 3680/2237/2947 3803/2236/2948
f 3859/1994/2621 3896/1995/2949 3892/1996/2950
f 3896/1995/2949 3859/1994/2621 3897/2069/2628
f 3950/2031/2583 3949/2033/2602 3946/2032/2951
f 3946/2032/2951 3949/2033/2602 3861/2034/2600
f 3945/2030/2942 3947/2029/2581 3950/2031/2952
f 3945/2030/2942 3950/2031/2952 3946/2032/2926
f 3945/2030/2953 3951/2028/2954 3947/2029/2955
f 3897/2069/2627 3681/2246/2956 3680/2237/2632
f 3897/2069/2627 3680/2237/2632 3744/2239/2865
f 3677/2017/2957 3808/2019/2958 3809/2018/2873
f 3809/2018/2658 3900/2225/2959 3749/2263/2660
f 3749/2263/2660 3900/2225/2906 3899/2119/2905
f 3749/2263/2660 3899/2119/2905 3748/2264/2806
f 3950/2031/2583 3948/2035/2960 3949/2033/2961
f 3950/2031/2583 3684/2036/2765 3948/2035/2960
f 3947/2029/2581 3727/2101/2584 3684/2036/2962
f 3947/2029/2581 3684/2036/2962 3950/2031/2952
f 3951/2028/2954 3727/2101/2963 3947/2029/2955
f 3952/2160/2964 3945/2030/2965 3862/2164/2645
f 3862/2164/2645 3945/2030/2965 3946/2032/2966
f 3677/2017/2957 3809/2018/2873 3770/2250/2783
f 3853/2122/2613 3770/2250/2784 3706/2123/2713
f 3853/2122/2613 3706/2123/2713 3678/2124/2967
f 3899/2119/2845 3900/2225/2906 3898/2118/2903
f 3898/2118/2903 3900/2225/2906 3808/2019/2968
f 3898/2118/2969 3808/2019/2904 3853/2122/2613
f 3853/2122/2613 3808/2019/2904 3677/2017/2970
f 3898/2118/2848 3776/2121/2850 3899/2119/2845
f 3899/2119/2845 3776/2121/2850 3775/2120/2849
f 3853/2122/2613 3678/2124/2616 3898/2118/2971
f 3898/2118/2971 3678/2124/2616 3776/2121/2615
f 3954/2079/2924 3945/2030/2579 3952/2160/2646
f 3954/2079/2924 3952/2160/2646 3692/2162/2972
f 3692/2162/2642 3953/2224/2651 3818/2222/2973
f 3692/2162/2642 3818/2222/2973 3954/2079/2974
f 3779/2249/2821 3750/2267/2975 3778/2060/2976
f 3779/2249/2821 3778/2060/2976 3707/2058/2785
f 3707/2058/2977 3778/2060/2978 3753/2061/2829
f 3707/2058/2977 3753/2061/2829 3756/2059/2828
f 3757/2211/2823 3754/2210/2831 3781/2244/2830
f 3757/2211/2823 3781/2244/2830 3751/2268/2979
f 3751/2268/2979 3781/2244/2980 3780/2245/2856
f 3751/2268/2979 3780/2245/2856 3752/2269/2855
f 3751/2268/2979 3750/2267/2981 3757/2211/2823
f 3778/2060/2978 3751/2268/2979 3752/2269/2982
f 3778/2060/2978 3752/2269/2982 3753/2061/2983
f 3857/2158/2984 3864/2156/2985 3817/2223/2986
f 3857/2158/2984 3817/2223/2986 3854/2234/2880
f 3855/2229/2815 3816/2220/2814 3745/2228/2661
f 3855/2229/2987 3745/2228/2662 3856/2230/2818
f 3856/2230/2818 3745/2228/2662 3746/2231/2820
f 3857/2158/2988 3854/2234/2880 3856/2230/2683
f 3856/2230/2683 3854/2234/2880 3855/2229/2895
usemtl RefRep.16_SH_initial_loader.003
f 3955/2390/39 3956/2391/39 4084/2392/39
f 4084/2392/39 3956/2391/39 4082/2393/39
f 3978/2394/39 3979/2395/39 3965/2396/39
f 3965/2396/39 3979/2395/39 4043/2397/39
f 3985/2394/39 3957/2395/39 4041/2396/39
f 4041/2396/39 3957/2395/39 3958/2397/39
f 4041/2396/39 4042/2398/39 3985/2394/39
f 3985/2394/39 4042/2398/39 3987/2399/39
f 3985/2394/39 3987/2399/39 3980/2400/39
f 3980/2400/39 3987/2399/39 4072/2401/39
f 3989/2394/39 3960/2395/39 3959/2400/39
f 3959/2400/39 3960/2395/39 4367/2402/39
f 3991/2396/39 4366/2397/39 3989/2394/39
f 3989/2394/39 4366/2397/39 3960/2395/39
f 3997/2403/39 3983/2404/39 3961/2405/39
f 3961/2405/39 3983/2404/39 4010/2406/39
f 3962/2394/39 4050/2399/39 4027/2400/39
f 4027/2400/39 4050/2399/39 4007/2401/39
f 3963/2407/39 3964/2408/39 4004/2409/39
f 4004/2409/39 3964/2408/39 4005/2410/39
f 4026/2411/39 4005/2410/39 3973/2412/39
f 3973/2412/39 4005/2410/39 3964/2408/39
f 3965/2396/39 4044/2398/39 3978/2394/39
f 3978/2394/39 4044/2398/39 4074/2399/39
f 3966/2413/39 3957/2414/39 4048/2415/39
f 4048/2415/39 3957/2414/39 4092/2416/39
f 3967/2413/39 4017/2417/39 4094/2418/39
f 4094/2418/39 4017/2417/39 4010/2419/39
f 3967/2413/39 3968/2414/39 4016/2415/39
f 4016/2415/39 3968/2414/39 3993/2416/39
f 4020/2420/39 4000/2404/39 4016/2415/39
f 4016/2415/39 4000/2404/39 4012/2421/39
f 4003/2422/39 3987/2423/39 4002/2424/39
f 4002/2424/39 3987/2423/39 4042/2425/39
f 3969/2426/39 4009/2427/39 4013/2428/39
f 4013/2428/39 4009/2427/39 3970/2429/39
f 4002/2396/39 4042/2397/39 4066/2430/39
f 4066/2430/39 4042/2397/39 4040/2431/39
f 3971/2432/39 4506/2433/39 4032/2434/39
f 4032/2434/39 4506/2433/39 3972/2435/39
f 3973/2412/39 3974/2436/39 4026/2411/39
f 4026/2411/39 3974/2436/39 4030/2437/39
f 3995/2438/39 4018/2397/39 3994/2439/39
f 3994/2439/39 4018/2397/39 3975/2395/39
f 3976/2440/39 4519/2406/39 4020/2420/39
f 4020/2420/39 4519/2406/39 4000/2404/39
f 3998/2441/39 4567/2442/39 4022/2443/39
f 4022/2443/39 4567/2442/39 3977/2444/39
f 3959/2400/39 4367/2402/39 3978/2394/39
f 3978/2394/39 4367/2402/39 3979/2395/39
f 3978/2394/39 4074/2399/39 3959/2400/39
f 3959/2400/39 4074/2399/39 3988/2401/39
f 3980/2400/39 4072/2401/39 3996/2394/39
f 3996/2394/39 4072/2401/39 3981/2399/39
f 4045/2445/39 3982/2421/39 3997/2403/39
f 3997/2403/39 3982/2421/39 3983/2404/39
f 3997/2403/39 3969/2426/39 4045/2445/39
f 4045/2445/39 3969/2426/39 3984/2446/39
f 4047/2447/39 3984/2446/39 4035/2448/39
f 4035/2448/39 3984/2446/39 4014/2449/39
f 3980/2400/39 4092/2402/39 3985/2394/39
f 3985/2394/39 4092/2402/39 3957/2395/39
f 3986/2450/39 4072/2451/39 4003/2422/39
f 4003/2422/39 4072/2451/39 3987/2423/39
f 4003/2422/39 3990/2399/39 3986/2450/39
f 3986/2450/39 3990/2399/39 3988/2401/39
f 3959/2400/39 3988/2401/39 3989/2394/39
f 3989/2394/39 3988/2401/39 3990/2399/39
f 3989/2394/39 3990/2399/39 3991/2396/39
f 3991/2396/39 3990/2399/39 4062/2398/39
f 3992/2452/39 4030/2437/39 4530/2453/39
f 4530/2453/39 4030/2437/39 3974/2436/39
f 3992/2452/39 4001/2454/39 4028/2455/39
f 4028/2455/39 4001/2454/39 3993/2416/39
f 3994/2439/39 3975/2395/39 4028/2455/39
f 4028/2455/39 3975/2395/39 4029/2402/39
f 3994/2439/39 3968/2414/39 3995/2438/39
f 3995/2438/39 3968/2414/39 4081/2456/39
f 3996/2394/39 3981/2399/39 3995/2396/39
f 3995/2396/39 3981/2399/39 4018/2398/39
f 3996/2394/39 4093/2395/39 3980/2400/39
f 3980/2400/39 4093/2395/39 4092/2402/39
f 3961/2405/39 4009/2427/39 3997/2403/39
f 3997/2403/39 4009/2427/39 3969/2426/39
f 4535/2457/39 4567/2442/39 3999/2458/39
f 3999/2458/39 4567/2442/39 3998/2441/39
f 3999/2458/39 4000/2459/39 4535/2457/39
f 4535/2457/39 4000/2459/39 4519/2460/39
f 4020/2420/39 4001/2454/39 3976/2440/39
f 3976/2440/39 4001/2454/39 4561/2461/39
f 4002/2424/39 4062/2398/39 4003/2422/39
f 4003/2422/39 4062/2398/39 3990/2399/39
f 4037/2418/39 3958/2456/39 3966/2413/39
f 3966/2413/39 3958/2456/39 3957/2414/39
f 4094/2418/39 4081/2456/39 3967/2413/39
f 3967/2413/39 4081/2456/39 3968/2414/39
f 4004/2409/39 4412/2462/39 3963/2407/39
f 3963/2407/39 4412/2462/39 4596/2463/39
f 4004/2409/39 4005/2410/39 4006/2450/39
f 4006/2450/39 4005/2410/39 4007/2401/39
f 4008/2464/39 3970/2429/39 4015/2465/39
f 4015/2465/39 3970/2429/39 4009/2427/39
f 4015/2465/39 4009/2427/39 4011/2466/39
f 4011/2466/39 4009/2427/39 3961/2405/39
f 4011/2466/39 3961/2405/39 4017/2467/39
f 4017/2467/39 3961/2405/39 4010/2406/39
f 4011/2466/39 4017/2467/39 4021/2468/39
f 4021/2468/39 4017/2467/39 4012/2469/39
f 4013/2428/39 4014/2449/39 3969/2426/39
f 3969/2426/39 4014/2449/39 3984/2446/39
f 4015/2465/39 4024/2470/39 4008/2464/39
f 4008/2464/39 4024/2470/39 4023/2471/39
f 4021/2468/39 4024/2470/39 4011/2466/39
f 4011/2466/39 4024/2470/39 4015/2465/39
f 4016/2415/39 4012/2421/39 3967/2413/39
f 3967/2413/39 4012/2421/39 4017/2417/39
f 4028/2455/39 3993/2416/39 3994/2439/39
f 3994/2439/39 3993/2416/39 3968/2414/39
f 4027/2400/39 4029/2402/39 3962/2394/39
f 3962/2394/39 4029/2402/39 3975/2395/39
f 3962/2394/39 3975/2395/39 4019/2396/39
f 4019/2396/39 3975/2395/39 4018/2397/39
f 4019/2396/39 4044/2398/39 3962/2394/39
f 3962/2394/39 4044/2398/39 4050/2399/39
f 4016/2415/39 3993/2416/39 4020/2420/39
f 4020/2420/39 3993/2416/39 4001/2454/39
f 4021/2468/39 4012/2469/39 3999/2458/39
f 3999/2458/39 4012/2469/39 4000/2459/39
f 3999/2458/39 3998/2441/39 4021/2468/39
f 4021/2468/39 3998/2441/39 4024/2470/39
f 4022/2443/39 4023/2471/39 3998/2441/39
f 3998/2441/39 4023/2471/39 4024/2470/39
f 4006/2450/39 4025/2451/39 4004/2409/39
f 4004/2409/39 4025/2451/39 4412/2462/39
f 4027/2400/39 4007/2401/39 4026/2411/39
f 4026/2411/39 4007/2401/39 4005/2410/39
f 4026/2411/39 4030/2437/39 4027/2400/39
f 4027/2400/39 4030/2437/39 4029/2402/39
f 3995/2396/39 4081/2397/39 3996/2394/39
f 3996/2394/39 4081/2397/39 4093/2395/39
f 4530/2453/39 4561/2461/39 3992/2452/39
f 3992/2452/39 4561/2461/39 4001/2454/39
f 4028/2455/39 4029/2402/39 3992/2452/39
f 3992/2452/39 4029/2402/39 4030/2437/39
f 4032/2434/39 4065/2472/39 3971/2432/39
f 3971/2432/39 4065/2472/39 4031/2473/39
f 4032/2434/39 3972/2435/39 4063/2474/39
f 4063/2474/39 3972/2435/39 4504/2475/39
f 4063/2474/39 4504/2475/39 4033/2476/39
f 4033/2476/39 4504/2475/39 4034/2477/39
f 4033/2476/39 4034/2477/39 3991/2424/39
f 3991/2424/39 4034/2477/39 4366/2425/39
f 4035/2448/39 4099/2478/39 4047/2447/39
f 4047/2447/39 4099/2478/39 4095/2479/39
f 4047/2447/39 4095/2479/39 4046/2480/39
f 4046/2480/39 4095/2479/39 4036/2481/39
f 4046/2480/39 4036/2481/39 4049/2417/39
f 4049/2417/39 4036/2481/39 4089/2419/39
f 4049/2417/39 4089/2419/39 3966/2413/39
f 3966/2413/39 4089/2419/39 4037/2418/39
f 4038/2422/39 4039/2423/39 4006/2450/39
f 4006/2450/39 4039/2423/39 4025/2451/39
f 4071/2482/39 4040/2431/39 4041/2438/39
f 4041/2438/39 4040/2431/39 4042/2397/39
f 3965/2424/39 4043/2425/39 4038/2422/39
f 4038/2422/39 4043/2425/39 4039/2423/39
f 4038/2422/39 4050/2399/39 3965/2424/39
f 3965/2424/39 4050/2399/39 4044/2398/39
f 4045/2445/39 3984/2446/39 4046/2480/39
f 4046/2480/39 3984/2446/39 4047/2447/39
f 4046/2480/39 4049/2417/39 4045/2445/39
f 4045/2445/39 4049/2417/39 3982/2421/39
f 4048/2415/39 3982/2421/39 3966/2413/39
f 3966/2413/39 3982/2421/39 4049/2417/39
f 4006/2450/39 4007/2401/39 4038/2422/39
f 4038/2422/39 4007/2401/39 4050/2399/39
f 4041/2438/39 3958/2456/39 4071/2482/39
f 4071/2482/39 3958/2456/39 4051/2483/39
f 4071/2482/39 4051/2483/39 4069/2484/39
f 4069/2484/39 4051/2483/39 4077/2485/39
f 4069/2484/39 4077/2485/39 4068/2486/39
f 4068/2486/39 4077/2485/39 4076/2487/39
f 4068/2486/39 4076/2487/39 4056/2488/39
f 4056/2488/39 4076/2487/39 4052/2489/39
f 4053/2490/39 4052/2489/39 4054/2491/39
f 4054/2491/39 4052/2489/39 4076/2487/39
f 4054/2491/39 4079/2492/39 4053/2490/39
f 4053/2490/39 4079/2492/39 4055/2493/39
f 4056/2488/39 4060/2494/39 4068/2486/39
f 4068/2486/39 4060/2494/39 4058/2495/39
f 4057/2496/39 4058/2495/39 4059/2497/39
f 4059/2497/39 4058/2495/39 4060/2494/39
f 4059/2497/39 4031/2473/39 4057/2496/39
f 4057/2496/39 4031/2473/39 4065/2472/39
f 4057/2496/39 4065/2472/39 4067/2498/39
f 4067/2498/39 4065/2472/39 4064/2499/39
f 4067/2498/39 4064/2499/39 4066/2430/39
f 4066/2430/39 4064/2499/39 4061/2500/39
f 4066/2430/39 4061/2500/39 4002/2396/39
f 4002/2396/39 4061/2500/39 4062/2398/39
f 3991/2424/39 4062/2398/39 4033/2476/39
f 4033/2476/39 4062/2398/39 4061/2500/39
f 4033/2476/39 4061/2500/39 4063/2474/39
f 4063/2474/39 4061/2500/39 4064/2499/39
f 4063/2474/39 4064/2499/39 4032/2434/39
f 4032/2434/39 4064/2499/39 4065/2472/39
f 4066/2430/39 4040/2431/39 4067/2498/39
f 4067/2498/39 4040/2431/39 4070/2501/39
f 4067/2498/39 4070/2501/39 4057/2496/39
f 4057/2496/39 4070/2501/39 4058/2495/39
f 4068/2486/39 4058/2495/39 4069/2484/39
f 4069/2484/39 4058/2495/39 4070/2501/39
f 4069/2484/39 4070/2501/39 4071/2482/39
f 4071/2482/39 4070/2501/39 4040/2431/39
f 4019/2424/39 4018/2425/39 4073/2422/39
f 4073/2422/39 4018/2425/39 3981/2423/39
f 4073/2422/39 3981/2423/39 3986/2450/39
f 3986/2450/39 3981/2423/39 4072/2451/39
f 4073/2422/39 4074/2399/39 4019/2424/39
f 4019/2424/39 4074/2399/39 4044/2398/39
f 4084/2392/39 4098/2502/39 3955/2390/39
f 3955/2390/39 4098/2502/39 4075/2503/39
f 4054/2491/39 4076/2487/39 4078/2504/39
f 4078/2504/39 4076/2487/39 4077/2485/39
f 4078/2504/39 4077/2485/39 4090/2505/39
f 4090/2505/39 4077/2485/39 4051/2483/39
f 4090/2505/39 4051/2483/39 4037/2418/39
f 4037/2418/39 4051/2483/39 3958/2456/39
f 4078/2504/39 4085/2506/39 4054/2491/39
f 4054/2491/39 4085/2506/39 4079/2492/39
f 4090/2505/39 4091/2507/39 4078/2504/39
f 4078/2504/39 4091/2507/39 4085/2506/39
f 4080/2413/39 3983/2417/39 4048/2415/39
f 4048/2415/39 3983/2417/39 3982/2421/39
f 4080/2413/39 4093/2414/39 4094/2418/39
f 4094/2418/39 4093/2414/39 4081/2456/39
f 4088/2508/39 4084/2392/39 4087/2509/39
f 4087/2509/39 4084/2392/39 4082/2393/39
f 4083/2510/39 4098/2502/39 4088/2508/39
f 4088/2508/39 4098/2502/39 4084/2392/39
f 4088/2508/39 4079/2492/39 4083/2510/39
f 4083/2510/39 4079/2492/39 4085/2506/39
f 4083/2510/39 4085/2506/39 4086/2511/39
f 4086/2511/39 4085/2506/39 4091/2507/39
f 4086/2511/39 4091/2507/39 4036/2481/39
f 4036/2481/39 4091/2507/39 4089/2419/39
f 4087/2509/39 4055/2493/39 4088/2508/39
f 4088/2508/39 4055/2493/39 4079/2492/39
f 4037/2418/39 4089/2419/39 4090/2505/39
f 4090/2505/39 4089/2419/39 4091/2507/39
f 3986/2450/39 3988/2401/39 4073/2422/39
f 4073/2422/39 3988/2401/39 4074/2399/39
f 4048/2415/39 4092/2416/39 4080/2413/39
f 4080/2413/39 4092/2416/39 4093/2414/39
f 4094/2418/39 4010/2419/39 4080/2413/39
f 4080/2413/39 4010/2419/39 3983/2417/39
f 4036/2481/39 4095/2479/39 4086/2511/39
f 4086/2511/39 4095/2479/39 4096/2512/39
f 4086/2511/39 4096/2512/39 4083/2510/39
f 4083/2510/39 4096/2512/39 4098/2502/39
f 4097/2513/39 4075/2503/39 4096/2512/39
f 4096/2512/39 4075/2503/39 4098/2502/39
f 4096/2512/39 4095/2479/39 4097/2513/39
f 4097/2513/39 4095/2479/39 4099/2478/39
f 4101/2514/39 4193/2515/39 4121/2516/39
f 4121/2516/39 4193/2515/39 4100/2517/39
f 4121/2516/39 4100/2517/39 4122/2518/39
f 4122/2518/39 4100/2517/39 4123/2519/39
f 4101/2514/39 4201/2520/39 4419/2521/39
f 4419/2521/39 4201/2520/39 4200/2522/39
f 4102/2523/39 4183/2524/39 4291/2525/39
f 4291/2525/39 4183/2524/39 4185/2526/39
f 4273/2527/39 4272/2528/39 4103/2529/39
f 4103/2529/39 4272/2528/39 4182/2530/39
f 4273/2527/39 4293/2531/39 4104/2532/39
f 4104/2532/39 4293/2531/39 4318/2533/39
f 4133/2534/39 4107/2535/39 4104/2532/39
f 4104/2532/39 4107/2535/39 4105/2536/39
f 4134/2537/39 4106/2538/39 4133/2534/39
f 4133/2534/39 4106/2538/39 4107/2535/39
f 4134/2537/39 4179/2539/39 4110/2540/39
f 4110/2540/39 4179/2539/39 4165/2541/39
f 4110/2540/39 4165/2541/39 4109/2542/39
f 4109/2542/39 4165/2541/39 4199/2543/39
f 4109/2542/39 4199/2543/39 4112/2544/39
f 4112/2544/39 4199/2543/39 4198/2545/39
f 4112/2544/39 4198/2545/39 4111/2546/39
f 4111/2546/39 4198/2545/39 4251/2547/39
f 4111/2546/39 4251/2547/39 4428/2548/39
f 4428/2548/39 4251/2547/39 4108/2549/39
f 4109/2542/39 4120/2550/39 4110/2540/39
f 4110/2540/39 4120/2550/39 4192/2551/39
f 4111/2546/39 4201/2552/39 4112/2544/39
f 4112/2544/39 4201/2552/39 4113/2553/39
f 4112/2544/39 4113/2553/39 4109/2542/39
f 4109/2542/39 4113/2553/39 4120/2550/39
f 4253/2554/39 4254/2555/39 4462/2556/39
f 4462/2556/39 4254/2555/39 4463/2557/39
f 4114/2558/39 4292/2559/39 4115/2560/39
f 4115/2560/39 4292/2559/39 4116/2561/39
f 4114/2558/39 4276/2562/39 4117/2563/39
f 4117/2563/39 4276/2562/39 4118/2564/39
f 4319/2565/39 4293/2531/39 4117/2563/39
f 4117/2563/39 4293/2531/39 4119/2566/39
f 4122/2518/39 4120/2567/39 4121/2516/39
f 4121/2516/39 4120/2567/39 4113/2568/39
f 4121/2516/39 4113/2568/39 4101/2514/39
f 4101/2514/39 4113/2568/39 4201/2520/39
f 4122/2518/39 4123/2519/39 4294/2569/39
f 4294/2569/39 4123/2519/39 4124/2570/39
f 4295/2571/39 4106/2572/39 4294/2569/39
f 4294/2569/39 4106/2572/39 4192/2573/39
f 4295/2571/39 4296/2574/39 4125/2575/39
f 4125/2575/39 4296/2574/39 4242/2576/39
f 4125/2575/39 4242/2576/39 4128/2577/39
f 4128/2577/39 4242/2576/39 4126/2578/39
f 4127/2579/39 4272/2580/39 4128/2577/39
f 4128/2577/39 4272/2580/39 4105/2581/39
f 4128/2577/39 4105/2581/39 4125/2575/39
f 4125/2575/39 4105/2581/39 4107/2582/39
f 4125/2575/39 4107/2582/39 4295/2571/39
f 4295/2571/39 4107/2582/39 4106/2572/39
f 4127/2579/39 4289/2583/39 4130/2584/39
f 4130/2584/39 4289/2583/39 4245/2585/39
f 4130/2584/39 4245/2585/39 4129/2586/39
f 4129/2586/39 4245/2585/39 4248/2587/39
f 4129/2586/39 4183/2588/39 4130/2584/39
f 4130/2584/39 4183/2588/39 4182/2589/39
f 4129/2586/39 4248/2587/39 4184/2590/39
f 4184/2590/39 4248/2587/39 4249/2591/39
f 4131/2592/39 4132/2593/39 4296/2574/39
f 4296/2574/39 4132/2593/39 4242/2576/39
f 4133/2534/39 4180/2594/39 4134/2537/39
f 4134/2537/39 4180/2594/39 4179/2539/39
f 4135/699/39 4191/2595/39 4178/2596/39
f 4178/2596/39 4191/2595/39 4136/2597/39
f 4178/2596/39 4136/2597/39 4137/2598/39
f 4137/2598/39 4136/2597/39 4138/2599/39
f 4139/2600/39 4157/2601/39 4305/2602/39
f 4305/2602/39 4157/2601/39 4140/2603/39
f 4305/2602/39 4140/2603/39 4304/2604/39
f 4304/2604/39 4140/2603/39 4155/2605/39
f 4304/2604/39 4155/2605/39 4298/2606/39
f 4298/2606/39 4155/2605/39 4241/2607/39
f 4141/2554/39 4254/2547/39 4142/2556/39
f 4142/2556/39 4254/2547/39 4233/2545/39
f 4310/2608/39 4311/2609/39 4142/2556/39
f 4142/2556/39 4311/2609/39 4303/2557/39
f 4142/2556/39 4303/2557/39 4141/2554/39
f 4141/2554/39 4303/2557/39 4143/2555/39
f 4141/2554/39 4143/2555/39 4167/2610/39
f 4167/2610/39 4143/2555/39 4300/2611/39
f 4144/2565/39 4145/2612/39 4317/2613/39
f 4317/2613/39 4145/2612/39 4308/2614/39
f 4144/2565/39 4240/2531/39 4278/2563/39
f 4278/2563/39 4240/2531/39 4174/2566/39
f 4278/2563/39 4174/2566/39 4146/2558/39
f 4146/2558/39 4174/2566/39 4173/2559/39
f 4146/2558/39 4173/2559/39 4181/2560/39
f 4181/2560/39 4173/2559/39 4147/2561/39
f 4146/2558/39 4148/2562/39 4278/2563/39
f 4278/2563/39 4148/2562/39 4279/2564/39
f 4152/2615/39 4314/2616/39 4149/2617/39
f 4149/2617/39 4314/2616/39 4150/2618/39
f 4149/2617/39 4150/2618/39 4151/2619/39
f 4151/2619/39 4150/2618/39 4161/2620/39
f 4151/2619/39 4161/2620/39 4307/2621/39
f 4307/2621/39 4161/2620/39 4159/2622/39
f 4307/2621/39 4159/2622/39 4139/2600/39
f 4139/2600/39 4159/2622/39 4157/2601/39
f 4152/2615/39 4148/2562/39 4153/2623/39
f 4153/2623/39 4148/2562/39 4154/2624/39
f 4283/2625/39 4155/2605/39 4281/2626/39
f 4281/2626/39 4155/2605/39 4140/2603/39
f 4281/2626/39 4140/2603/39 4156/2627/39
f 4156/2627/39 4140/2603/39 4157/2601/39
f 4156/2627/39 4157/2601/39 4158/2628/39
f 4158/2628/39 4157/2601/39 4159/2622/39
f 4158/2628/39 4159/2622/39 4160/2629/39
f 4160/2629/39 4159/2622/39 4161/2620/39
f 4160/2629/39 4161/2620/39 4162/2630/39
f 4162/2630/39 4161/2620/39 4150/2618/39
f 4162/2630/39 4150/2618/39 4163/2631/39
f 4163/2631/39 4150/2618/39 4314/2616/39
f 4163/2631/39 4314/2616/39 4186/2632/39
f 4186/2632/39 4314/2616/39 4313/2633/39
f 4170/2598/39 4169/2541/39 4164/2608/39
f 4164/2608/39 4169/2541/39 4234/2543/39
f 4137/2598/39 4165/2541/39 4178/2596/39
f 4178/2596/39 4165/2541/39 4179/2539/39
f 4253/2554/39 4312/2547/39 4252/2610/39
f 4252/2610/39 4312/2547/39 4166/2549/39
f 4164/2608/39 4234/2543/39 4252/2556/39
f 4252/2556/39 4234/2543/39 4233/2545/39
f 4167/2610/39 4463/2549/39 4141/2554/39
f 4141/2554/39 4463/2549/39 4254/2547/39
f 4176/2613/39 4239/2533/39 4168/699/39
f 4168/699/39 4239/2533/39 4238/2594/39
f 4168/699/39 4238/2594/39 4190/2596/39
f 4190/2596/39 4238/2594/39 4236/2539/39
f 4190/2596/39 4236/2539/39 4170/2598/39
f 4170/2598/39 4236/2539/39 4169/2541/39
f 4164/2608/39 4232/2609/39 4170/2598/39
f 4170/2598/39 4232/2609/39 4138/2599/39
f 4171/2560/39 4147/2561/39 4172/2558/39
f 4172/2558/39 4147/2561/39 4173/2559/39
f 4172/2558/39 4173/2559/39 4275/2563/39
f 4275/2563/39 4173/2559/39 4174/2566/39
f 4275/2563/39 4174/2566/39 4175/2565/39
f 4175/2565/39 4174/2566/39 4240/2531/39
f 4175/2565/39 4240/2531/39 4176/2613/39
f 4176/2613/39 4240/2531/39 4239/2533/39
f 4177/2608/39 4199/2543/39 4137/2598/39
f 4137/2598/39 4199/2543/39 4165/2541/39
f 4178/2596/39 4179/2539/39 4135/699/39
f 4135/699/39 4179/2539/39 4180/2594/39
f 4181/2560/39 4154/2624/39 4146/2558/39
f 4146/2558/39 4154/2624/39 4148/2562/39
f 4115/2560/39 4277/2624/39 4114/2558/39
f 4114/2558/39 4277/2624/39 4276/2562/39
f 4103/2529/39 4182/2530/39 4102/2523/39
f 4102/2523/39 4182/2530/39 4183/2524/39
f 4184/2590/39 4185/2634/39 4129/2586/39
f 4129/2586/39 4185/2634/39 4183/2588/39
f 4149/2617/39 4279/2564/39 4152/2615/39
f 4152/2615/39 4279/2564/39 4148/2562/39
f 4186/2632/39 4187/632/39 4163/2631/39
f 4163/2631/39 4187/632/39 4188/2635/39
f 4163/2631/39 4188/2635/39 4162/2630/39
f 4162/2630/39 4188/2635/39 4189/2636/39
f 4170/2598/39 4138/2599/39 4190/2596/39
f 4190/2596/39 4138/2599/39 4136/2597/39
f 4190/2596/39 4136/2597/39 4168/699/39
f 4168/699/39 4136/2597/39 4191/2595/39
f 4168/699/39 4191/2595/39 4176/2613/39
f 4176/2613/39 4191/2595/39 4321/2614/39
f 4110/2540/39 4192/2551/39 4134/2537/39
f 4134/2537/39 4192/2551/39 4106/2538/39
f 4193/2515/39 4194/2637/39 4229/2638/39
f 4229/2638/39 4194/2637/39 4344/2639/39
f 4283/2640/39 4282/2463/39 4195/2641/39
f 4195/2641/39 4282/2463/39 4597/2642/39
f 4195/2641/39 4597/2642/39 4287/2643/39
f 4287/2643/39 4597/2642/39 4286/2644/39
f 4137/2598/39 4138/2599/39 4177/2608/39
f 4177/2608/39 4138/2599/39 4232/2609/39
f 4177/2608/39 4232/2609/39 4196/2556/39
f 4196/2556/39 4232/2609/39 4166/2557/39
f 4196/2556/39 4166/2557/39 4250/2554/39
f 4250/2554/39 4166/2557/39 4312/2555/39
f 4250/2554/39 4312/2555/39 4417/2610/39
f 4417/2610/39 4312/2555/39 4197/2611/39
f 4250/2554/39 4251/2547/39 4196/2556/39
f 4196/2556/39 4251/2547/39 4198/2545/39
f 4196/2556/39 4198/2545/39 4177/2608/39
f 4177/2608/39 4198/2545/39 4199/2543/39
f 4428/2548/39 4200/2645/39 4111/2546/39
f 4111/2546/39 4200/2645/39 4201/2552/39
f 4294/2569/39 4192/2573/39 4122/2518/39
f 4122/2518/39 4192/2573/39 4120/2567/39
f 4206/2646/2989 4202/1827/2990 4205/2647/2989
f 4205/2647/2989 4202/1827/2990 4203/2648/2990
f 4204/2649/2991 4269/2650/2991 4205/2647/2989
f 4205/2647/2989 4269/2650/2991 4206/2646/2989
f 4227/2649/2991 4207/2650/2991 4208/2647/2992
f 4208/2647/2992 4207/2650/2991 4260/2646/2992
f 4224/2649/2991 4209/2650/2991 4264/2647/2992
f 4264/2647/2992 4209/2650/2991 4210/2646/2992
f 4211/2649/2991 4223/2650/2991 4212/2647/2992
f 4212/2647/2992 4223/2650/2991 4213/2646/2992
f 4214/2649/2993 4215/2650/2993 4267/2647/2992
f 4267/2647/2992 4215/2650/2993 4216/2646/2992
f 4217/2650/2992 4228/2649/2992 4218/2646/2991
f 4218/2646/2991 4228/2649/2992 4255/2647/2991
f 4219/2650/2992 4220/2649/2992 4258/2646/2991
f 4258/2646/2991 4220/2649/2992 4256/2647/2991
f 4214/2647/2993 4221/2648/2994 4215/2646/2993
f 4215/2646/2993 4221/2648/2994 4222/1827/2994
f 4211/2651/2991 4268/2652/2995 4223/2653/2991
f 4223/2653/2991 4268/2652/2995 4266/2654/2996
f 4224/2651/2991 4225/2652/2995 4209/2653/2991
f 4209/2653/2991 4225/2652/2995 4226/2654/2996
f 4227/2651/2991 4265/2652/2995 4207/2653/2991
f 4207/2653/2991 4265/2652/2995 4263/2654/2996
f 4217/2653/2992 4259/2654/2996 4228/2651/2992
f 4228/2651/2992 4259/2654/2996 4257/2652/2995
f 4229/2638/39 4231/2655/39 4193/2515/39
f 4193/2515/39 4231/2655/39 4100/2517/39
f 4123/2519/39 4100/2517/39 4230/2656/39
f 4230/2656/39 4100/2517/39 4231/2655/39
f 4252/2556/39 4166/2557/39 4164/2608/39
f 4164/2608/39 4166/2557/39 4232/2609/39
f 4142/2556/39 4233/2545/39 4310/2608/39
f 4310/2608/39 4233/2545/39 4234/2543/39
f 4310/2608/39 4234/2543/39 4235/2598/39
f 4235/2598/39 4234/2543/39 4169/2541/39
f 4235/2598/39 4169/2541/39 4315/2596/39
f 4315/2596/39 4169/2541/39 4236/2539/39
f 4315/2596/39 4236/2539/39 4237/699/39
f 4237/699/39 4236/2539/39 4238/2594/39
f 4237/699/39 4238/2594/39 4317/2613/39
f 4317/2613/39 4238/2594/39 4239/2533/39
f 4317/2613/39 4239/2533/39 4144/2565/39
f 4144/2565/39 4239/2533/39 4240/2531/39
f 4287/2643/39 4288/2657/39 4195/2641/39
f 4195/2641/39 4288/2657/39 4241/2658/39
f 4132/2593/39 4290/2659/39 4242/2576/39
f 4242/2576/39 4290/2659/39 4126/2578/39
f 4243/2660/39 4244/2661/39 4289/2583/39
f 4289/2583/39 4244/2661/39 4245/2585/39
f 4246/2662/39 4247/2663/39 4248/2587/39
f 4248/2587/39 4247/2663/39 4249/2591/39
f 4117/2563/39 4119/2566/39 4114/2558/39
f 4114/2558/39 4119/2566/39 4292/2559/39
f 4104/2532/39 4318/2533/39 4133/2534/39
f 4133/2534/39 4318/2533/39 4180/2594/39
f 4417/2610/39 4108/2549/39 4250/2554/39
f 4250/2554/39 4108/2549/39 4251/2547/39
f 4252/2610/39 4233/2611/39 4253/2554/39
f 4253/2554/39 4233/2611/39 4254/2555/39
f 4419/2521/39 4194/2637/39 4101/2514/39
f 4101/2514/39 4194/2637/39 4193/2515/39
f 4255/2651/2991 4262/2652/2995 4218/2653/2991
f 4218/2653/2991 4262/2652/2995 4261/2654/2996
f 4256/2651/2991 4257/2652/2995 4258/2653/2991
f 4258/2653/2991 4257/2652/2995 4259/2654/2996
f 4260/2653/2992 4261/2654/2996 4208/2651/2992
f 4208/2651/2992 4261/2654/2996 4262/2652/2995
f 4210/2653/2992 4263/2654/2996 4264/2651/2992
f 4264/2651/2992 4263/2654/2996 4265/2652/2995
f 4213/2653/2992 4226/2654/2996 4212/2651/2992
f 4212/2651/2992 4226/2654/2996 4225/2652/2995
f 4216/2653/2992 4266/2654/2996 4267/2651/2992
f 4267/2651/2992 4266/2654/2996 4268/2652/2995
f 4204/2649/2991 4271/2652/2995 4269/2650/2991
f 4269/2650/2991 4271/2652/2995 4270/2654/2996
f 4219/2650/2992 4270/2654/2996 4220/2649/2992
f 4220/2649/2992 4270/2654/2996 4271/2652/2995
f 4130/2584/39 4182/2589/39 4127/2579/39
f 4127/2579/39 4182/2589/39 4272/2580/39
f 4104/2532/39 4105/2536/39 4273/2527/39
f 4273/2527/39 4105/2536/39 4272/2528/39
f 4117/2563/39 4118/2564/39 4319/2565/39
f 4319/2565/39 4118/2564/39 4274/2612/39
f 4175/2565/39 4274/2612/39 4275/2563/39
f 4275/2563/39 4274/2612/39 4118/2564/39
f 4275/2563/39 4118/2564/39 4172/2558/39
f 4172/2558/39 4118/2564/39 4276/2562/39
f 4172/2558/39 4276/2562/39 4171/2560/39
f 4171/2560/39 4276/2562/39 4277/2624/39
f 4176/2613/39 4321/2614/39 4175/2565/39
f 4175/2565/39 4321/2614/39 4274/2612/39
f 4278/2563/39 4279/2564/39 4144/2565/39
f 4144/2565/39 4279/2564/39 4145/2612/39
f 4307/2621/39 4308/2614/39 4151/2619/39
f 4151/2619/39 4308/2614/39 4145/2612/39
f 4151/2619/39 4145/2612/39 4149/2617/39
f 4149/2617/39 4145/2612/39 4279/2564/39
f 4162/2630/39 4189/2636/39 4160/2629/39
f 4160/2629/39 4189/2636/39 4280/2664/39
f 4160/2629/39 4280/2664/39 4158/2628/39
f 4158/2628/39 4280/2664/39 4553/2665/39
f 4158/2628/39 4553/2665/39 4156/2627/39
f 4156/2627/39 4553/2665/39 4552/2666/39
f 4156/2627/39 4552/2666/39 4281/2626/39
f 4281/2626/39 4552/2666/39 4550/2667/39
f 4281/2626/39 4550/2667/39 4283/2625/39
f 4283/2625/39 4550/2667/39 4282/2668/39
f 4195/2641/39 4241/2658/39 4283/2640/39
f 4283/2640/39 4241/2658/39 4155/2669/39
f 4284/2641/39 4285/2642/39 4411/2643/39
f 4411/2643/39 4285/2642/39 4596/2644/39
f 4287/2640/39 4286/2463/39 4284/2641/39
f 4284/2641/39 4286/2463/39 4285/2642/39
f 4284/2641/39 4299/2658/39 4287/2640/39
f 4287/2640/39 4299/2658/39 4288/2669/39
f 4289/2583/39 4126/2578/39 4243/2660/39
f 4243/2660/39 4126/2578/39 4290/2659/39
f 4248/2587/39 4245/2585/39 4246/2662/39
f 4246/2662/39 4245/2585/39 4244/2661/39
f 4291/2525/39 4116/2561/39 4102/2523/39
f 4102/2523/39 4116/2561/39 4292/2559/39
f 4102/2523/39 4292/2559/39 4103/2529/39
f 4103/2529/39 4292/2559/39 4119/2566/39
f 4103/2529/39 4119/2566/39 4273/2527/39
f 4273/2527/39 4119/2566/39 4293/2531/39
f 4294/2569/39 4124/2570/39 4295/2571/39
f 4295/2571/39 4124/2570/39 4296/2574/39
f 4296/2574/39 4124/2570/39 4131/2592/39
f 4131/2592/39 4124/2570/39 4297/2670/39
f 4411/2643/39 4458/2657/39 4284/2641/39
f 4284/2641/39 4458/2657/39 4299/2658/39
f 4230/2656/39 4297/2670/39 4123/2519/39
f 4123/2519/39 4297/2670/39 4124/2570/39
f 4298/2606/39 4241/2607/39 4302/2671/39
f 4302/2671/39 4241/2607/39 4288/2657/39
f 4302/2671/39 4288/2657/39 4301/2672/39
f 4301/2672/39 4288/2657/39 4299/2658/39
f 4301/2672/39 4299/2658/39 4436/2673/39
f 4436/2673/39 4299/2658/39 4458/2669/39
f 4436/2673/39 4300/2611/39 4301/2672/39
f 4301/2672/39 4300/2611/39 4143/2555/39
f 4301/2672/39 4143/2555/39 4302/2671/39
f 4302/2671/39 4143/2555/39 4303/2557/39
f 4302/2671/39 4303/2557/39 4298/2606/39
f 4298/2606/39 4303/2557/39 4311/2609/39
f 4298/2606/39 4311/2609/39 4304/2604/39
f 4304/2604/39 4311/2609/39 4309/2599/39
f 4304/2604/39 4309/2599/39 4305/2602/39
f 4305/2602/39 4309/2599/39 4316/2597/39
f 4305/2602/39 4316/2597/39 4139/2600/39
f 4139/2600/39 4316/2597/39 4306/2595/39
f 4139/2600/39 4306/2595/39 4307/2621/39
f 4307/2621/39 4306/2595/39 4308/2614/39
f 4235/2598/39 4309/2599/39 4310/2608/39
f 4310/2608/39 4309/2599/39 4311/2609/39
f 4462/2556/39 4197/2545/39 4253/2554/39
f 4253/2554/39 4197/2545/39 4312/2547/39
f 4128/2577/39 4126/2578/39 4127/2579/39
f 4127/2579/39 4126/2578/39 4289/2583/39
f 4153/2623/39 4313/2633/39 4152/2615/39
f 4152/2615/39 4313/2633/39 4314/2616/39
f 4315/2596/39 4316/2597/39 4235/2598/39
f 4235/2598/39 4316/2597/39 4309/2599/39
f 4237/699/39 4306/2595/39 4315/2596/39
f 4315/2596/39 4306/2595/39 4316/2597/39
f 4317/2613/39 4308/2614/39 4237/699/39
f 4237/699/39 4308/2614/39 4306/2595/39
f 4320/2613/39 4318/2533/39 4319/2565/39
f 4319/2565/39 4318/2533/39 4293/2531/39
f 4135/699/39 4180/2594/39 4320/2613/39
f 4320/2613/39 4180/2594/39 4318/2533/39
f 4320/2613/39 4321/2614/39 4135/699/39
f 4135/699/39 4321/2614/39 4191/2595/39
f 4319/2565/39 4274/2612/39 4320/2613/39
f 4320/2613/39 4274/2612/39 4321/2614/39
f 4475/2674/39 4401/2675/39 4471/2676/39
f 4471/2676/39 4401/2675/39 4472/2677/39
f 4327/2678/39 4422/2679/39 4415/2680/39
f 4415/2680/39 4422/2679/39 4322/2681/39
f 4415/2680/39 4322/2681/39 4167/2610/39
f 4167/2610/39 4322/2681/39 4463/2549/39
f 4421/2678/39 4323/2682/39 4464/2680/39
f 4464/2680/39 4323/2682/39 4446/2683/39
f 4464/2680/39 4446/2683/39 4462/2610/39
f 4462/2610/39 4446/2683/39 4197/2611/39
f 4324/2684/39 4427/2685/39 4447/2686/39
f 4447/2686/39 4427/2685/39 4407/2687/39
f 4379/2688/39 4381/2568/39 4426/2689/39
f 4426/2689/39 4381/2568/39 4325/2567/39
f 4380/2516/39 4384/2517/39 4455/2518/39
f 4455/2518/39 4384/2517/39 4345/2519/39
f 4345/2519/39 4384/2517/39 4343/2656/39
f 4343/2656/39 4384/2517/39 4326/2655/39
f 4327/2676/39 4342/2677/39 4372/2690/39
f 4372/2690/39 4342/2677/39 4470/2691/39
f 4328/2692/39 4461/2693/39 4433/2690/39
f 4433/2690/39 4461/2693/39 4434/2676/39
f 4403/2694/39 4472/2451/39 4402/2674/39
f 4402/2674/39 4472/2451/39 4401/2423/39
f 4476/2424/39 4396/2398/39 4429/2476/39
f 4429/2476/39 4396/2398/39 4430/2500/39
f 4436/2673/39 4458/2669/39 4435/2695/39
f 4435/2695/39 4458/2669/39 4457/2696/39
f 4329/2697/39 4331/2698/39 4484/2699/39
f 4484/2699/39 4331/2698/39 4330/2700/39
f 4336/2701/39 4331/2698/39 4332/2702/39
f 4332/2702/39 4331/2698/39 4329/2697/39
f 4332/2702/39 4329/2697/39 4486/2703/39
f 4486/2703/39 4329/2697/39 4485/2704/39
f 4333/2705/39 4330/2700/39 4334/2706/39
f 4334/2706/39 4330/2700/39 4331/2698/39
f 4334/2706/39 4331/2698/39 4335/2707/39
f 4335/2707/39 4331/2698/39 4336/2701/39
f 4335/2707/39 4336/2701/39 4413/2708/39
f 4413/2708/39 4336/2701/39 4490/2709/39
f 4413/2708/39 4490/2709/39 4452/2710/39
f 4452/2710/39 4490/2709/39 4499/2711/39
f 4452/2710/39 4499/2711/39 4453/2712/39
f 4453/2712/39 4499/2711/39 4500/2713/39
f 4453/2712/39 4500/2713/39 4338/2714/39
f 4338/2714/39 4500/2713/39 4491/2715/39
f 4491/2715/39 4337/2716/39 4338/2714/39
f 4338/2714/39 4337/2716/39 4339/2717/39
f 4513/2474/39 4340/2499/39 4450/2434/39
f 4450/2434/39 4340/2499/39 4502/2472/39
f 4415/2680/39 4341/2683/39 4327/2678/39
f 4327/2678/39 4341/2683/39 4342/2682/39
f 4328/2692/39 4342/2682/39 4435/2695/39
f 4435/2695/39 4342/2682/39 4341/2683/39
f 4343/2656/39 4344/2670/39 4345/2519/39
f 4345/2519/39 4344/2670/39 4194/2570/39
f 4345/2519/39 4194/2570/39 4455/2518/39
f 4455/2518/39 4194/2570/39 4419/2569/39
f 4416/2718/39 4469/2719/39 4346/2720/39
f 4346/2720/39 4469/2719/39 4468/2721/39
f 4346/2720/39 4468/2721/39 4405/2722/39
f 4405/2722/39 4468/2721/39 4449/2723/39
f 4334/2706/39 4347/2724/39 4333/2705/39
f 4333/2705/39 4347/2724/39 4348/2725/39
f 4486/2703/39 4424/2726/39 4332/2702/39
f 4332/2702/39 4424/2726/39 4349/2727/39
f 4350/2728/39 4351/2729/39 4452/2710/39
f 4452/2710/39 4351/2729/39 4413/2708/39
f 4442/2730/39 4356/2731/39 4438/2732/39
f 4438/2732/39 4356/2731/39 4437/2733/39
f 4352/2734/39 4353/2735/39 4360/2736/39
f 4360/2736/39 4353/2735/39 4339/2737/39
f 4360/2736/39 4339/2737/39 4354/2738/39
f 4354/2738/39 4339/2737/39 4337/2739/39
f 4354/2738/39 4337/2739/39 4355/2740/39
f 4355/2740/39 4337/2739/39 4437/2741/39
f 4355/2740/39 4437/2741/39 4357/2691/39
f 4357/2691/39 4437/2741/39 4356/2742/39
f 4357/2691/39 4370/2677/39 4355/2740/39
f 4355/2740/39 4370/2677/39 4358/2743/39
f 4355/2740/39 4358/2743/39 4354/2738/39
f 4354/2738/39 4358/2743/39 4359/2744/39
f 4354/2738/39 4359/2744/39 4360/2736/39
f 4360/2736/39 4359/2744/39 4361/2745/39
f 4360/2736/39 4361/2745/39 4352/2734/39
f 4352/2734/39 4361/2745/39 4362/2746/39
f 4363/2476/39 4430/2500/39 4365/2424/39
f 4365/2424/39 4430/2500/39 4396/2398/39
f 4365/2424/39 4396/2398/39 4364/2422/39
f 4364/2422/39 4396/2398/39 4395/2399/39
f 4364/2422/39 4395/2399/39 4397/2450/39
f 4397/2450/39 4395/2399/39 4400/2401/39
f 4364/2422/39 3960/2423/39 4365/2424/39
f 4365/2424/39 3960/2423/39 4366/2425/39
f 4365/2424/39 4366/2425/39 4363/2476/39
f 4363/2476/39 4366/2425/39 4034/2477/39
f 4475/2674/39 3979/2694/39 4397/2423/39
f 4397/2423/39 3979/2694/39 4367/2451/39
f 4510/2747/39 4362/2746/39 4368/2748/39
f 4368/2748/39 4362/2746/39 4361/2745/39
f 4368/2748/39 4361/2745/39 4508/2749/39
f 4508/2749/39 4361/2745/39 4359/2744/39
f 4508/2749/39 4359/2744/39 4369/2750/39
f 4369/2750/39 4359/2744/39 4358/2743/39
f 4369/2750/39 4358/2743/39 4394/2675/39
f 4394/2675/39 4358/2743/39 4370/2677/39
f 4414/2751/39 4347/2724/39 4335/2707/39
f 4335/2707/39 4347/2724/39 4334/2706/39
f 4371/2752/39 4469/2682/39 4372/2690/39
f 4372/2690/39 4469/2682/39 4376/2692/39
f 4372/2690/39 4376/2692/39 4327/2676/39
f 4327/2676/39 4376/2692/39 4422/2693/39
f 4495/2521/39 4489/2637/39 4373/2514/39
f 4373/2514/39 4489/2637/39 4374/2515/39
f 4373/2514/39 4374/2515/39 4380/2516/39
f 4380/2516/39 4374/2515/39 4384/2517/39
f 4421/2722/39 4422/2753/39 4375/2754/39
f 4375/2754/39 4422/2753/39 4376/2755/39
f 4375/2754/39 4376/2755/39 4416/2756/39
f 4416/2756/39 4376/2755/39 4469/2757/39
f 4324/2684/39 4323/2758/39 4377/2759/39
f 4377/2759/39 4323/2758/39 4423/2760/39
f 4377/2759/39 4423/2760/39 4473/2761/39
f 4473/2761/39 4423/2760/39 4378/2723/39
f 4379/2688/39 4427/2568/39 4418/2762/39
f 4418/2762/39 4427/2568/39 4474/2520/39
f 4418/2762/39 4474/2520/39 4408/2763/39
f 4408/2763/39 4474/2520/39 4445/2522/39
f 4380/2516/39 4381/2568/39 4373/2514/39
f 4373/2514/39 4381/2568/39 4382/2520/39
f 4373/2514/39 4382/2520/39 4495/2521/39
f 4495/2521/39 4382/2520/39 4496/2522/39
f 4383/2638/39 4326/2655/39 4374/2515/39
f 4374/2515/39 4326/2655/39 4384/2517/39
f 4385/2764/39 4386/2765/39 4387/2766/39
f 4387/2766/39 4386/2765/39 4388/2767/39
f 4487/2768/39 4386/2765/39 4389/2769/39
f 4389/2769/39 4386/2765/39 4385/2764/39
f 4481/2770/39 4388/2767/39 4483/2771/39
f 4483/2771/39 4388/2767/39 4386/2765/39
f 4483/2771/39 4386/2765/39 4390/2772/39
f 4390/2772/39 4386/2765/39 4487/2768/39
f 4390/2772/39 4487/2768/39 4494/2773/39
f 4494/2773/39 4487/2768/39 4488/2774/39
f 4494/2773/39 4488/2774/39 4465/2775/39
f 4465/2775/39 4488/2774/39 4409/2776/39
f 4465/2775/39 4409/2776/39 4443/2777/39
f 4443/2777/39 4409/2776/39 4410/2778/39
f 4391/2779/39 4444/2719/39 4441/2780/39
f 4441/2780/39 4444/2719/39 4493/2781/39
f 4405/2718/39 4449/2782/39 4492/2783/39
f 4492/2783/39 4449/2782/39 4392/2784/39
f 4492/2783/39 4392/2784/39 4357/2785/39
f 4357/2785/39 4392/2784/39 4370/2786/39
f 4448/2694/39 4431/2693/39 4393/2674/39
f 4393/2674/39 4431/2693/39 4478/2676/39
f 4393/2674/39 4478/2676/39 4394/2675/39
f 4394/2675/39 4478/2676/39 4507/2677/39
f 4432/2450/39 4400/2401/39 4477/2422/39
f 4477/2422/39 4400/2401/39 4395/2399/39
f 4477/2422/39 4395/2399/39 4476/2424/39
f 4476/2424/39 4395/2399/39 4396/2398/39
f 4397/2450/39 4367/2451/39 4364/2422/39
f 4364/2422/39 4367/2451/39 3960/2423/39
f 4391/2779/39 4410/2778/39 4398/2787/39
f 4398/2787/39 4410/2778/39 4399/2788/39
f 4397/2423/39 4400/2425/39 4475/2674/39
f 4475/2674/39 4400/2425/39 4401/2675/39
f 4432/2675/39 4431/2677/39 4402/2674/39
f 4402/2674/39 4431/2677/39 4480/2676/39
f 4402/2674/39 4480/2676/39 4403/2694/39
f 4403/2694/39 4480/2676/39 4479/2693/39
f 4448/2676/39 4449/2693/39 4404/2690/39
f 4404/2690/39 4449/2693/39 4468/2692/39
f 4409/2776/39 4488/2774/39 4425/2789/39
f 4425/2789/39 4488/2774/39 4497/2790/39
f 4405/2722/39 4444/2753/39 4346/2720/39
f 4346/2720/39 4444/2753/39 4406/2791/39
f 4428/2792/39 4108/2793/39 4426/2689/39
f 4426/2689/39 4108/2793/39 4407/2687/39
f 4408/2763/39 4445/2794/39 4425/2789/39
f 4425/2789/39 4445/2794/39 4399/2788/39
f 4425/2789/39 4399/2788/39 4409/2776/39
f 4409/2776/39 4399/2788/39 4410/2778/39
f 4394/2675/39 4370/2425/39 4393/2674/39
f 4393/2674/39 4370/2425/39 4392/2423/39
f 4411/2640/39 4596/2463/39 4456/2795/39
f 4456/2795/39 4596/2463/39 4412/2462/39
f 4456/2795/39 4412/2462/39 4459/2694/39
f 4459/2694/39 4412/2462/39 4025/2451/39
f 4459/2694/39 4025/2451/39 4460/2674/39
f 4460/2674/39 4025/2451/39 4039/2423/39
f 4460/2674/39 4039/2423/39 4471/2675/39
f 4471/2675/39 4039/2423/39 4043/2425/39
f 4335/2707/39 4413/2708/39 4414/2751/39
f 4414/2751/39 4413/2708/39 4351/2729/39
f 4403/2691/39 4479/2742/39 4433/2690/39
f 4433/2690/39 4479/2742/39 4470/2752/39
f 4167/2610/39 4300/2611/39 4415/2680/39
f 4415/2680/39 4300/2611/39 4341/2683/39
f 4416/2756/39 4378/2758/39 4375/2754/39
f 4375/2754/39 4378/2758/39 4423/2760/39
f 4417/2796/39 4197/2797/39 4447/2686/39
f 4447/2686/39 4197/2797/39 4446/2798/39
f 4408/2763/39 4496/2794/39 4418/2762/39
f 4418/2762/39 4496/2794/39 4382/2799/39
f 4418/2762/39 4382/2799/39 4379/2688/39
f 4379/2688/39 4382/2799/39 4381/2685/39
f 4419/2569/39 4200/2573/39 4455/2518/39
f 4455/2518/39 4200/2573/39 4325/2567/39
f 4374/2515/39 4489/2637/39 4383/2638/39
f 4383/2638/39 4489/2637/39 4420/2639/39
f 4464/2680/39 4322/2681/39 4421/2678/39
f 4421/2678/39 4322/2681/39 4422/2679/39
f 4375/2754/39 4423/2760/39 4421/2722/39
f 4421/2722/39 4423/2760/39 4323/2723/39
f 4346/2720/39 4406/2791/39 4416/2718/39
f 4416/2718/39 4406/2791/39 4378/2782/39
f 4492/2783/39 4493/2781/39 4405/2718/39
f 4405/2718/39 4493/2781/39 4444/2719/39
f 4498/2800/39 4349/2727/39 4439/2801/39
f 4439/2801/39 4349/2727/39 4424/2726/39
f 4425/2789/39 4497/2790/39 4408/2763/39
f 4408/2763/39 4497/2790/39 4496/2522/39
f 4426/2689/39 4407/2687/39 4379/2688/39
f 4379/2688/39 4407/2687/39 4427/2685/39
f 4426/2689/39 4325/2567/39 4428/2792/39
f 4428/2792/39 4325/2567/39 4200/2573/39
f 4429/2476/39 4430/2500/39 4513/2474/39
f 4513/2474/39 4430/2500/39 4340/2499/39
f 4477/2422/39 4478/2423/39 4432/2450/39
f 4432/2450/39 4478/2423/39 4431/2451/39
f 4402/2674/39 4401/2423/39 4432/2675/39
f 4432/2675/39 4401/2423/39 4400/2425/39
f 4433/2690/39 4434/2676/39 4403/2691/39
f 4403/2691/39 4434/2676/39 4472/2677/39
f 4433/2690/39 4470/2752/39 4328/2692/39
f 4328/2692/39 4470/2752/39 4342/2682/39
f 4435/2695/39 4457/2696/39 4328/2692/39
f 4328/2692/39 4457/2696/39 4461/2693/39
f 4435/2695/39 4341/2683/39 4436/2673/39
f 4436/2673/39 4341/2683/39 4300/2611/39
f 4438/2732/39 4437/2733/39 4491/2715/39
f 4491/2715/39 4437/2733/39 4337/2716/39
f 4438/2732/39 4440/2802/39 4442/2730/39
f 4442/2730/39 4440/2802/39 4466/2803/39
f 4439/2801/39 4466/2803/39 4498/2800/39
f 4498/2800/39 4466/2803/39 4440/2802/39
f 4441/2780/39 4493/2781/39 4442/2730/39
f 4442/2730/39 4493/2781/39 4356/2731/39
f 4441/2780/39 4443/2777/39 4391/2779/39
f 4391/2779/39 4443/2777/39 4410/2778/39
f 4398/2787/39 4406/2721/39 4391/2779/39
f 4391/2779/39 4406/2721/39 4444/2719/39
f 4398/2787/39 4399/2788/39 4473/2761/39
f 4473/2761/39 4399/2788/39 4445/2794/39
f 4377/2759/39 4474/2799/39 4324/2684/39
f 4324/2684/39 4474/2799/39 4427/2685/39
f 4447/2686/39 4446/2798/39 4324/2684/39
f 4324/2684/39 4446/2798/39 4323/2758/39
f 4447/2686/39 4407/2687/39 4417/2796/39
f 4417/2796/39 4407/2687/39 4108/2793/39
f 4338/2714/39 4339/2717/39 4467/2804/39
f 4467/2804/39 4339/2717/39 4353/2805/39
f 4393/2674/39 4392/2423/39 4448/2694/39
f 4448/2694/39 4392/2423/39 4449/2451/39
f 4450/2434/39 4502/2472/39 4512/2432/39
f 4512/2432/39 4502/2472/39 4451/2473/39
f 4452/2710/39 4453/2712/39 4350/2728/39
f 4350/2728/39 4453/2712/39 4454/2806/39
f 4455/2518/39 4325/2567/39 4380/2516/39
f 4380/2516/39 4325/2567/39 4381/2568/39
f 4456/2795/39 4457/2696/39 4411/2640/39
f 4411/2640/39 4457/2696/39 4458/2669/39
f 4459/2694/39 4461/2693/39 4456/2795/39
f 4456/2795/39 4461/2693/39 4457/2696/39
f 4460/2674/39 4434/2676/39 4459/2694/39
f 4459/2694/39 4434/2676/39 4461/2693/39
f 4462/2610/39 4463/2549/39 4464/2680/39
f 4464/2680/39 4463/2549/39 4322/2681/39
f 4442/2730/39 4466/2803/39 4441/2780/39
f 4441/2780/39 4466/2803/39 4443/2777/39
f 4465/2775/39 4443/2777/39 4439/2801/39
f 4439/2801/39 4443/2777/39 4466/2803/39
f 4467/2804/39 4454/2806/39 4338/2714/39
f 4338/2714/39 4454/2806/39 4453/2712/39
f 4404/2690/39 4480/2691/39 4448/2676/39
f 4448/2676/39 4480/2691/39 4431/2677/39
f 4404/2690/39 4468/2692/39 4371/2752/39
f 4371/2752/39 4468/2692/39 4469/2682/39
f 4372/2690/39 4470/2691/39 4371/2752/39
f 4371/2752/39 4470/2691/39 4479/2742/39
f 4471/2675/39 4472/2677/39 4460/2674/39
f 4460/2674/39 4472/2677/39 4434/2676/39
f 4473/2761/39 4445/2794/39 4377/2759/39
f 4377/2759/39 4445/2794/39 4474/2799/39
f 4387/2766/39 4420/2639/39 4385/2764/39
f 4385/2764/39 4420/2639/39 4489/2637/39
f 4471/2676/39 4043/2693/39 4475/2674/39
f 4475/2674/39 4043/2693/39 3979/2694/39
f 4476/2424/39 4507/2425/39 4477/2422/39
f 4477/2422/39 4507/2425/39 4478/2423/39
f 4371/2752/39 4479/2742/39 4404/2690/39
f 4404/2690/39 4479/2742/39 4480/2691/39
f 4483/2771/39 4485/2807/39 4481/2770/39
f 4481/2770/39 4485/2807/39 4482/2808/39
f 4486/2703/39 4485/2807/39 4390/2772/39
f 4390/2772/39 4485/2807/39 4483/2771/39
f 4484/2699/39 4482/2809/39 4329/2697/39
f 4329/2697/39 4482/2809/39 4485/2704/39
f 4332/2702/39 4349/2727/39 4336/2701/39
f 4336/2701/39 4349/2727/39 4490/2709/39
f 4390/2772/39 4494/2773/39 4486/2703/39
f 4486/2703/39 4494/2773/39 4424/2726/39
f 4389/2769/39 4497/2790/39 4487/2768/39
f 4487/2768/39 4497/2790/39 4488/2774/39
f 4389/2769/39 4385/2764/39 4495/2521/39
f 4495/2521/39 4385/2764/39 4489/2637/39
f 4499/2711/39 4490/2709/39 4498/2800/39
f 4498/2800/39 4490/2709/39 4349/2727/39
f 4491/2715/39 4500/2713/39 4438/2732/39
f 4438/2732/39 4500/2713/39 4440/2802/39
f 4357/2785/39 4356/2731/39 4492/2783/39
f 4492/2783/39 4356/2731/39 4493/2781/39
f 4473/2761/39 4378/2723/39 4398/2787/39
f 4398/2787/39 4378/2723/39 4406/2721/39
f 4439/2801/39 4424/2726/39 4465/2775/39
f 4465/2775/39 4424/2726/39 4494/2773/39
f 4495/2521/39 4496/2522/39 4389/2769/39
f 4389/2769/39 4496/2522/39 4497/2790/39
f 4498/2800/39 4440/2802/39 4499/2711/39
f 4499/2711/39 4440/2802/39 4500/2713/39
f 4501/2432/39 4451/2473/39 4505/2434/39
f 4505/2434/39 4451/2473/39 4502/2472/39
f 4505/2434/39 4502/2472/39 4503/2474/39
f 4503/2474/39 4502/2472/39 4340/2499/39
f 4503/2474/39 4340/2499/39 4363/2476/39
f 4363/2476/39 4340/2499/39 4430/2500/39
f 4503/2474/39 4504/2475/39 4505/2434/39
f 4505/2434/39 4504/2475/39 3972/2435/39
f 4505/2434/39 3972/2435/39 4501/2432/39
f 4501/2432/39 3972/2435/39 4506/2433/39
f 4394/2675/39 4507/2425/39 4369/2750/39
f 4369/2750/39 4507/2425/39 4515/2477/39
f 4369/2750/39 4515/2477/39 4508/2749/39
f 4508/2749/39 4515/2477/39 4514/2475/39
f 4508/2749/39 4514/2475/39 4368/2748/39
f 4368/2748/39 4514/2475/39 4509/2435/39
f 4368/2748/39 4509/2435/39 4510/2747/39
f 4510/2747/39 4509/2435/39 4511/2433/39
f 4512/2432/39 4511/2433/39 4450/2434/39
f 4450/2434/39 4511/2433/39 4509/2435/39
f 4450/2434/39 4509/2435/39 4513/2474/39
f 4513/2474/39 4509/2435/39 4514/2475/39
f 4513/2474/39 4514/2475/39 4429/2476/39
f 4429/2476/39 4514/2475/39 4515/2477/39
f 4429/2476/39 4515/2477/39 4476/2424/39
f 4476/2424/39 4515/2477/39 4507/2425/39
f 4363/2476/39 4034/2477/39 4503/2474/39
f 4503/2474/39 4034/2477/39 4504/2475/39
f 4562/2810/39 4516/2811/39 4581/2812/39
f 4581/2812/39 4516/2811/39 4517/2813/39
f 4562/2810/39 4518/2467/39 3976/2440/39
f 3976/2440/39 4518/2467/39 4519/2406/39
f 4520/2814/39 4521/2815/39 4524/2816/39
f 4524/2816/39 4521/2815/39 4556/2817/39
f 4520/2814/39 4522/2459/39 4581/2812/39
f 4581/2812/39 4522/2459/39 4602/2469/39
f 4523/2818/39 4543/2819/39 4524/2816/39
f 4524/2816/39 4543/2819/39 4525/2460/39
f 4523/2818/39 4526/2820/39 4545/2821/39
f 4545/2821/39 4526/2820/39 4564/2822/39
f 4545/2821/39 4564/2822/39 4527/2823/39
f 4527/2823/39 4564/2822/39 4528/2824/39
f 4549/2825/39 4529/2826/39 4592/2827/39
f 4592/2827/39 4529/2826/39 4593/2828/39
f 4530/2453/39 3974/2436/39 4568/2829/39
f 4568/2829/39 3974/2436/39 4594/2830/39
f 4549/2825/39 4599/2831/39 4531/2832/39
f 4531/2832/39 4599/2831/39 4532/2833/39
f 4531/2832/39 4532/2833/39 4600/2834/39
f 4600/2834/39 4532/2833/39 4559/2835/39
f 4524/2816/39 4556/2817/39 4523/2818/39
f 4523/2818/39 4556/2817/39 4526/2820/39
f 4533/2836/39 4599/2831/39 4576/2837/39
f 4576/2837/39 4599/2831/39 4574/2838/39
f 4542/2457/39 4538/2442/39 4583/2458/39
f 4583/2458/39 4538/2442/39 4534/2441/39
f 4524/2816/39 4525/2460/39 4520/2814/39
f 4520/2814/39 4525/2460/39 4522/2459/39
f 4535/2405/39 4519/2406/39 4536/2466/39
f 4536/2466/39 4519/2406/39 4518/2467/39
f 4536/2466/39 4537/2465/39 4535/2405/39
f 4535/2405/39 4537/2465/39 4567/2427/39
f 4534/2441/39 4538/2442/39 4589/2443/39
f 4589/2443/39 4538/2442/39 4555/2444/39
f 4565/2839/39 4539/1565/39 4540/2840/39
f 4540/2840/39 4539/1565/39 4541/1612/39
f 4542/2457/39 4525/2460/39 4585/2841/39
f 4585/2841/39 4525/2460/39 4543/2819/39
f 4527/2823/39 4544/2842/39 4545/2821/39
f 4545/2821/39 4544/2842/39 4586/2843/39
f 4546/2844/39 4529/2826/39 4570/2845/39
f 4570/2845/39 4529/2826/39 4571/2846/39
f 4547/2847/39 4573/2848/39 4600/2834/39
f 4600/2834/39 4573/2848/39 4548/2849/39
f 4600/2834/39 4548/2849/39 4531/2832/39
f 4531/2832/39 4548/2849/39 4571/2846/39
f 4531/2832/39 4571/2846/39 4549/2825/39
f 4549/2825/39 4571/2846/39 4529/2826/39
f 4533/2836/39 4282/2668/39 4560/2850/39
f 4560/2850/39 4282/2668/39 4550/2667/39
f 4560/2850/39 4550/2667/39 4551/2851/39
f 4551/2851/39 4550/2667/39 4552/2666/39
f 4551/2851/39 4552/2666/39 4557/2852/39
f 4557/2852/39 4552/2666/39 4553/2665/39
f 4554/2853/39 4555/2444/39 4584/2854/39
f 4584/2854/39 4555/2444/39 4538/2442/39
f 4546/2844/39 4556/2817/39 4580/2855/39
f 4580/2855/39 4556/2817/39 4521/2815/39
f 4557/2852/39 4558/2856/39 4551/2851/39
f 4551/2851/39 4558/2856/39 4559/2835/39
f 4551/2851/39 4559/2835/39 4560/2850/39
f 4560/2850/39 4559/2835/39 4532/2833/39
f 4560/2850/39 4532/2833/39 4533/2836/39
f 4533/2836/39 4532/2833/39 4599/2831/39
f 3976/2440/39 4561/2461/39 4562/2810/39
f 4562/2810/39 4561/2461/39 4516/2811/39
f 4563/2857/39 4528/2824/39 4572/2858/39
f 4572/2858/39 4528/2824/39 4564/2822/39
f 4572/2858/39 4564/2822/39 4570/2845/39
f 4570/2845/39 4564/2822/39 4526/2820/39
f 4588/2859/39 4539/1565/39 4587/2860/39
f 4587/2860/39 4539/1565/39 4565/2839/39
f 4566/2464/39 3977/2429/39 4537/2465/39
f 4537/2465/39 3977/2429/39 4567/2427/39
f 4568/2829/39 4516/2811/39 4530/2453/39
f 4530/2453/39 4516/2811/39 4561/2461/39
f 4568/2829/39 4594/2830/39 4579/2861/39
f 4579/2861/39 4594/2830/39 4569/2862/39
f 4580/2855/39 4593/2828/39 4546/2844/39
f 4546/2844/39 4593/2828/39 4529/2826/39
f 4570/2845/39 4526/2820/39 4546/2844/39
f 4546/2844/39 4526/2820/39 4556/2817/39
f 4570/2845/39 4571/2846/39 4572/2858/39
f 4572/2858/39 4571/2846/39 4548/2849/39
f 4572/2858/39 4548/2849/39 4563/2857/39
f 4563/2857/39 4548/2849/39 4573/2848/39
f 4576/2837/39 4574/2838/39 4575/2863/39
f 4575/2863/39 4574/2838/39 4578/2864/39
f 4576/2837/39 4597/2865/39 4533/2836/39
f 4533/2836/39 4597/2865/39 4282/2668/39
f 4577/2866/39 4578/2864/39 4592/2827/39
f 4592/2827/39 4578/2864/39 4574/2838/39
f 4579/2861/39 4569/2862/39 4580/2855/39
f 4580/2855/39 4569/2862/39 4593/2828/39
f 4580/2855/39 4521/2815/39 4579/2861/39
f 4579/2861/39 4521/2815/39 4517/2813/39
f 4581/2812/39 4517/2813/39 4520/2814/39
f 4520/2814/39 4517/2813/39 4521/2815/39
f 4582/2468/39 4602/2469/39 4583/2458/39
f 4583/2458/39 4602/2469/39 4522/2459/39
f 4583/2458/39 4534/2441/39 4582/2468/39
f 4582/2468/39 4534/2441/39 4590/2470/39
f 4583/2458/39 4522/2459/39 4542/2457/39
f 4542/2457/39 4522/2459/39 4525/2460/39
f 4585/2841/39 4584/2854/39 4542/2457/39
f 4542/2457/39 4584/2854/39 4538/2442/39
f 4585/2841/39 4543/2819/39 4587/2860/39
f 4587/2860/39 4543/2819/39 4586/2843/39
f 4587/2860/39 4586/2843/39 4588/2859/39
f 4588/2859/39 4586/2843/39 4544/2842/39
f 4545/2821/39 4586/2843/39 4523/2818/39
f 4523/2818/39 4586/2843/39 4543/2819/39
f 4587/2860/39 4565/2839/39 4585/2841/39
f 4585/2841/39 4565/2839/39 4584/2854/39
f 4584/2854/39 4565/2839/39 4554/2853/39
f 4554/2853/39 4565/2839/39 4540/2840/39
f 4589/2443/39 4591/2471/39 4534/2441/39
f 4534/2441/39 4591/2471/39 4590/2470/39
f 4537/2465/39 4590/2470/39 4566/2464/39
f 4566/2464/39 4590/2470/39 4591/2471/39
f 4582/2468/39 4590/2470/39 4536/2466/39
f 4536/2466/39 4590/2470/39 4537/2465/39
f 4536/2466/39 4518/2467/39 4582/2468/39
f 4582/2468/39 4518/2467/39 4602/2469/39
f 4592/2827/39 4593/2828/39 4577/2866/39
f 4577/2866/39 4593/2828/39 4569/2862/39
f 4577/2866/39 4569/2862/39 4595/2867/39
f 4595/2867/39 4569/2862/39 4594/2830/39
f 4595/2867/39 4598/2868/39 4577/2866/39
f 4577/2866/39 4598/2868/39 4578/2864/39
f 4595/2867/39 4594/2830/39 3973/2412/39
f 3973/2412/39 4594/2830/39 3974/2436/39
f 3963/2407/39 4596/2463/39 4601/2869/39
f 4601/2869/39 4596/2463/39 4285/2642/39
f 4601/2869/39 4285/2642/39 4575/2863/39
f 4575/2863/39 4285/2642/39 4286/2644/39
f 4575/2863/39 4286/2644/39 4576/2837/39
f 4576/2837/39 4286/2644/39 4597/2865/39
f 3973/2412/39 3964/2408/39 4595/2867/39
f 4595/2867/39 3964/2408/39 4598/2868/39
f 4601/2869/39 4598/2868/39 3963/2407/39
f 3963/2407/39 4598/2868/39 3964/2408/39
f 4592/2827/39 4574/2838/39 4549/2825/39
f 4549/2825/39 4574/2838/39 4599/2831/39
f 4600/2834/39 4559/2835/39 4547/2847/39
f 4547/2847/39 4559/2835/39 4558/2856/39
f 4575/2863/39 4578/2864/39 4601/2869/39
f 4601/2869/39 4578/2864/39 4598/2868/39
f 4579/2861/39 4517/2813/39 4568/2829/39
f 4568/2829/39 4517/2813/39 4516/2811/39
f 4581/2812/39 4602/2469/39 4562/2810/39
f 4562/2810/39 4602/2469/39 4518/2467/39
usemtl RefRep.17_SH_initial_loader.002
f 4609/2870/47 4611/2871/47 4603/2872/47
f 4603/2872/47 4611/2871/47 4604/2873/47
f 4605/2874/47 4606/2875/47 4607/2876/47
f 4607/2876/47 4606/2875/47 4608/2877/47
f 4607/2876/47 4608/2877/47 4603/2872/47
f 4603/2872/47 4608/2877/47 4609/2870/47
f 4610/663/47 5420/2878/1 4605/2874/47
f 4605/2874/47 5420/2878/1 4606/2875/47
f 5227/2299/834 5220/2879/2997 4612/2880/47
f 4612/2880/47 5220/2879/2997 5217/2881/47
f 4612/2880/47 5217/2881/47 4609/2870/47
f 4609/2870/47 5217/2881/47 4611/2871/47
f 5420/2878/1 5422/2882/2 4606/2875/47
f 4606/2875/47 5422/2882/2 4614/2883/47
f 4606/2875/47 4614/2883/47 4608/2877/47
f 4608/2877/47 4614/2883/47 4615/2884/47
f 4608/2877/47 4615/2884/47 4609/2870/47
f 4609/2870/47 4615/2884/47 4612/2880/47
f 5228/2885/805 4614/2883/47 5214/2886/2998
f 5214/2886/2998 4614/2883/47 5422/2882/2
f 4613/2887/2999 4615/2884/47 5228/2885/805
f 5228/2885/805 4615/2884/47 4614/2883/47
f 4612/2880/47 4615/2884/47 5227/2299/834
f 5227/2299/834 4615/2884/47 4613/2887/2999
usemtl RefRep.18_SH_initial_loader.002
f 4664/2888/3000 4616/2889/3001 5749/2890/3002
f 4620/2891/3003 4619/2892/3004 4910/2893/3005
f 4620/2891/3003 4910/2893/3005 4621/2894/3006
f 4621/2894/3006 4910/2893/3005 4624/2895/3007
f 5936/2896/3008 5989/2897/3009 4622/2898/3010
f 4624/2895/3007 4910/2893/3005 4623/2899/3011
f 4910/2893/3005 4698/2900/3012 4625/2901/3013
f 4629/2902/3014 4626/2903/3015 4627/2904/3016
f 4629/2902/3014 4627/2904/3016 5990/2905/3017
f 4629/2902/3014 5990/2905/3017 4693/2906/3018
f 5863/2907/3019 4629/2902/3014 4921/2908/3020
f 4629/2902/3014 5863/2907/3019 5864/2909/3021
f 4921/2908/3020 4631/2910/3022 4630/2911/3023
f 4921/2908/3020 5862/2912/3024 4631/2910/3022
f 4632/2913/3025 5862/2912/3024 5923/2914/3026
f 5861/2915/3027 4633/2916/3028 5923/2914/3026
f 5857/2917/3029 5860/2918/3030 5977/2919/3031
f 5977/2919/3031 5858/2920/3032 5857/2917/3029
f 5858/2920/3032 5977/2919/3031 5972/2921/3033
f 5972/2921/3033 5859/2922/3034 4732/2923/3035
f 5972/2921/3033 4635/2924/3036 5858/2920/3032
f 4637/2925/3037 4638/2926/3038 4636/2927/3039
f 5880/2928/3040 4642/2929/3041 5711/2930/3042
f 4645/2931/3043 5856/2932/3044 4646/2933/3045
f 4648/2934/3046 5869/2935/3047 4646/2933/3045
f 5869/2935/3047 4645/2931/3043 4646/2933/3045
f 4649/2936/3048 4647/2937/3049 4648/2934/3046
f 4651/2938/3050 4654/2939/3051 4652/2940/3052
f 4653/2941/3053 4651/2938/3050 5880/2928/3040
f 4651/2938/3050 4653/2941/3053 4654/2939/3051
f 4655/2942/3054 4653/2941/3053 5880/2928/3040
f 4643/2943/3055 5879/2944/3056 5880/2928/3040
f 5879/2944/3056 4655/2942/3054 5880/2928/3040
f 4643/2943/3055 4658/2945/3057 4657/2946/3058
f 4643/2943/3055 5878/2947/3059 4659/2948/3060
f 5993/2949/3061 4662/2950/3062 5994/2951/3063
f 4662/2950/3062 5993/2949/3061 5749/2890/3002
f 4664/2888/3000 5749/2890/3002 5993/2949/3061
f 5995/2952/3064 4666/2953/3065 5752/2954/3066
f 5993/2949/3061 5750/2955/3067 4663/2956/3068
f 4616/2889/3001 5748/2957/3069 5749/2890/3002
f 5746/2958/3070 5747/2959/3071 5749/2890/3002
f 5996/2960/3072 4666/2953/3065 4667/2961/3073
f 4666/2953/3065 5996/2960/3072 4668/2962/3074
f 4669/2963/3075 4666/2953/3065 4668/2962/3074
f 4700/2964/3076 4671/2965/3077 5724/2966/3078
f 4672/2967/3079 5732/2968/3080 5719/2969/3081
f 5958/2970/3082 5960/2971/3083 5961/2972/3084
f 5961/2972/3084 5959/2973/3085 5958/2970/3082
f 5958/2970/3082 5959/2973/3085 5957/2974/3086
f 5957/2974/3086 4826/2975/3087 5958/2970/3082
f 4826/2975/3087 5957/2974/3086 5964/2976/3088
f 4826/2975/3087 4674/2977/3089 4941/2978/3090
f 4941/2978/3090 5965/2979/3091 4675/2980/3092
f 4941/2978/3090 4676/2981/3093 4940/2982/3094
f 5852/2983/3095 4943/2984/3096 4677/2985/3097
f 5998/2986/3098 5986/2987/3099 4910/2893/3005
f 5986/2987/3099 4683/2988/3100 4688/2989/3101
f 4686/2990/3102 4688/2989/3101 4683/2988/3100
f 4684/2991/3103 5989/2897/3009 4687/2992/3104
f 4687/2992/3104 5989/2897/3009 4689/2993/3105
f 4690/2994/3106 4688/2989/3101 5988/2995/3107
f 5989/2897/3009 4691/2996/3108 4689/2993/3105
f 4629/2902/3014 4693/2906/3018 5989/2897/3009
f 4694/2997/3109 4695/2998/3110 4696/2999/3111
f 6007/3000/3112 4694/2997/3109 4696/2999/3111
f 6007/3000/3112 6010/3001/3113 4694/2997/3109
f 6010/3001/3113 6008/3002/3114 6009/3003/3115
f 4697/3004/3116 6010/3001/3113 6009/3003/3115
f 4698/2900/3012 6010/3001/3113 6011/3005/3117
f 4910/2893/3005 6010/3001/3113 4698/2900/3012
f 6010/3001/3113 4910/2893/3005 4699/3006/3118
f 4700/2964/3076 5721/3007/3119 4671/2965/3077
f 5721/3007/3119 5723/3008/3120 5722/3009/3121
f 5719/2969/3081 4702/3010/3122 5720/3011/3123
f 4912/3012/3124 5699/3013/3125 4703/3014/3126
f 5699/3013/3125 4912/3012/3124 5719/2969/3081
f 5710/3015/3127 4912/3012/3124 4703/3014/3126
f 4912/3012/3124 5710/3015/3127 4704/3016/3128
f 4914/3017/3129 5709/3018/3130 5707/3019/3131
f 5709/3018/3130 4914/3017/3129 4705/3020/3132
f 4914/3017/3129 4912/3012/3124 4705/3020/3132
f 5708/3021/3133 4914/3017/3129 5707/3019/3131
f 4914/3017/3129 5708/3021/3133 5706/3022/3134
f 4706/3023/3135 4914/3017/3129 5706/3022/3134
f 4707/3024/3136 4914/3017/3129 4706/3023/3135
f 5698/3025/3137 4707/3024/3136 4706/3023/3135
f 4629/2902/3014 5989/2897/3009 4885/3026/3138
f 6010/3001/3113 4699/3006/3118 5780/3027/3139
f 5998/2986/3098 4910/2893/3005 5997/3028/3140
f 4769/3029/3141 4712/3030/3142 4708/3031/3143
f 4711/3032/3144 4769/3029/3141 4639/3033/3145
f 4711/3032/3144 4639/3033/3145 4709/3034/3146
f 4710/3035/3147 4639/3033/3145 4713/3036/3148
f 4639/3033/3145 5729/3037/3149 4713/3036/3148
f 5729/3037/3149 4639/3033/3145 4637/2925/3037
f 5729/3037/3149 4637/2925/3037 5717/3038/3150
f 5717/3038/3150 4637/2925/3037 4714/3039/3151
f 4637/2925/3037 6006/3040/3152 4714/3039/3151
f 6006/3040/3152 4637/2925/3037 6005/3041/3153
f 4637/2925/3037 4715/3042/3154 6005/3041/3153
f 4715/3042/3154 4637/2925/3037 6003/3043/3155
f 4637/2925/3037 6004/3044/3156 6003/3043/3155
f 4671/2965/3077 4717/3045/3157 5726/3046/3158
f 5725/3047/3159 4671/2965/3077 5726/3046/3158
f 5762/3048/3160 4717/3045/3157 5756/3049/3161
f 4717/3045/3157 4719/3050/3162 5756/3049/3161
f 4719/3050/3162 4895/3051/3163 4718/3052/3164
f 4717/3045/3157 4895/3051/3163 4719/3050/3162
f 4720/3053/3165 4895/3051/3163 4740/3054/3166
f 4895/3051/3163 4720/3053/3165 4718/3052/3164
f 4723/3055/3167 5920/3056/3168 4722/3057/3169
f 4721/3058/3170 5920/3056/3168 5921/3059/3171
f 5920/3056/3168 5922/3060/3172 5921/3059/3171
f 4849/3061/3173 5920/3056/3168 5918/3062/3174
f 5918/3062/3174 5920/3056/3168 5919/3063/3175
f 5985/3064/3176 4849/3061/3173 4725/3065/3177
f 5890/3066/3178 5985/3064/3176 5984/3067/3179
f 4727/3068/3180 4726/3069/3181 5984/3067/3179
f 4726/3069/3181 5890/3066/3178 5984/3067/3179
f 4726/3069/3181 4728/3070/3182 5983/3071/3183
f 5982/3072/3184 4726/3069/3181 5983/3071/3183
f 4726/3069/3181 5982/3072/3184 4729/3073/3185
f 5908/2888/3186 4726/3069/3181 4729/3073/3185
f 4726/3069/3181 5908/2888/3186 5873/2956/3187
f 4646/2933/3045 4733/3074/3188 5970/3075/3189
f 5971/3076/3190 4646/2933/3045 5972/2921/3033
f 4733/3074/3188 4646/2933/3045 5971/3076/3190
f 5973/3077/3191 5977/2919/3031 5974/3078/3192
f 6000/3079/3193 5727/3080/3194 4734/3081/3195
f 5727/3080/3194 5728/3082/3196 4735/3083/3197
f 5728/3082/3196 4777/3084/3198 4736/3085/3199
f 5712/3086/3200 4777/3084/3198 5713/3087/3201
f 4777/3084/3198 5900/3088/3202 4737/3089/3203
f 4737/3089/3203 5900/3088/3202 5715/3090/3204
f 4777/3084/3198 4737/3089/3203 5713/3087/3201
f 4739/3091/3205 4643/2943/3055 5716/3092/3206
f 4720/3053/3165 4740/3054/3166 5763/3093/3207
f 5765/3094/3208 4680/3095/3209 5764/3096/3210
f 5767/3097/3211 5766/3098/3212 5703/3099/3213
f 4651/2938/3050 4746/3100/3214 4745/3101/3215
f 5700/3102/3216 4651/2938/3050 4648/2934/3046
f 5700/3102/3216 4648/2934/3046 5701/3103/3217
f 5701/3103/3217 4648/2934/3046 5968/3104/3218
f 5727/3080/3194 5898/3105/3219 4778/3106/3220
f 5897/3107/3221 5898/3105/3219 5727/3080/3194
f 5727/3080/3194 4749/3108/3222 5897/3107/3221
f 4752/3109/3223 4716/3110/3224 4637/2925/3037
f 4754/3111/3225 4752/3109/3223 4637/2925/3037
f 4637/2925/3037 5911/3112/3226 4754/3111/3225
f 4755/3113/3227 5911/3112/3226 4637/2925/3037
f 4637/2925/3037 4756/3114/3228 4755/3113/3227
f 4758/3115/3229 5788/3116/3230 5926/3117/3231
f 5788/3116/3230 4757/3118/3232 5925/3119/3233
f 5925/3119/3233 4759/3120/3234 5788/3116/3230
f 4759/3120/3234 5925/3119/3233 4761/3121/3235
f 4760/3122/3236 4759/3120/3234 4761/3121/3235
f 4762/3123/3237 5948/3124/3238 4764/3125/3239
f 4789/3126/3240 4762/3123/3237 4764/3125/3239
f 4765/3127/3241 4640/3128/3242 4639/3033/3145
f 4768/3129/3243 4769/3029/3141 4773/3130/3244
f 4769/3029/3141 4768/3129/3243 4770/3131/3245
f 5867/3132/3246 4768/3129/3243 4773/3130/3244
f 4773/3130/3244 4771/3133/3247 5867/3132/3246
f 4772/3134/3248 4771/3133/3247 4773/3130/3244
f 5774/3135/3249 4829/3136/3250 5773/3137/3251
f 4643/2943/3055 4774/3138/3252 5878/2947/3059
f 5899/3139/3253 4774/3138/3252 5900/3088/3202
f 5877/3140/3254 5899/3139/3253 5900/3088/3202
f 4777/3084/3198 4775/3141/3255 5877/3140/3254
f 5739/3142/3256 5740/3143/3257 5741/3144/3258
f 5873/2956/3187 5907/3145/3259 4726/3069/3181
f 4781/3146/3260 5739/3142/3256 5742/3147/3261
f 5739/3142/3256 4781/3146/3260 5743/3148/3262
f 5739/3142/3256 5744/3149/3263 4782/3150/3264
f 4784/3151/3265 4783/3152/3266 5745/2011/3267
f 5768/3153/3268 4783/3152/3266 4784/3151/3265
f 4785/3154/3269 5768/3153/3268 4786/3155/3270
f 5769/3156/3271 4785/3154/3269 4786/3155/3270
f 4785/3154/3269 5769/3156/3271 4787/3157/3272
f 5771/3158/3273 5942/3159/3274 4785/3154/3269
f 4788/3160/3275 5942/3159/3274 5771/3158/3273
f 5814/3161/3276 4762/3123/3237 4791/3162/3277
f 4790/3163/3278 5814/3161/3276 4791/3162/3277
f 5814/3161/3276 4790/3163/3278 5815/2968/3279
f 5844/3164/3280 5839/3165/3281 5843/3166/3282
f 5839/3165/3281 5844/3164/3280 4873/2166/3283
f 5912/3167/3284 4797/3168/3285 4792/3133/3286
f 5786/3169/3287 5928/3170/3288 4794/3171/3289
f 4868/3172/3290 5929/3173/3291 5928/3170/3288
f 5929/3173/3291 4868/3172/3290 4796/3174/3292
f 4868/3172/3290 4797/3168/3285 4796/3174/3292
f 5839/3165/3281 4854/3175/3293 5842/3176/3294
f 5840/3177/3295 4854/3175/3293 4799/3178/3296
f 4802/3179/3297 4854/3175/3293 4803/3180/3298
f 5838/3181/3299 4804/3182/3300 4805/3183/3301
f 4804/3182/3300 5838/3181/3299 4806/3184/3302
f 4806/3184/3302 4854/3175/3293 4804/3182/3300
f 5788/3116/3230 4864/3185/3303 4810/3053/3304
f 4810/3053/3304 4811/3186/3305 5788/3116/3230
f 5788/3116/3230 4811/3186/3305 4812/3187/3306
f 5788/3116/3230 4812/3187/3306 5787/3188/3307
f 4816/3189/3308 5797/3190/3309 5796/3191/3310
f 4817/3192/3311 5795/3193/3312 4819/3194/3313
f 5797/3190/3309 5795/3193/3312 4817/3192/3311
f 5827/3195/3314 4820/3196/3315 4821/3197/3316
f 5827/3195/3314 4821/3197/3316 5828/3198/3317
f 5828/3198/3317 4821/3197/3316 4829/3136/3250
f 4829/3136/3250 4821/3197/3316 5773/3137/3251
f 5773/3137/3251 4821/3197/3316 5772/3199/3318
f 4821/3197/3316 5942/3159/3274 5772/3199/3318
f 5825/3200/3319 4821/3197/3316 5826/3201/3320
f 5825/3200/3319 4822/3202/3321 4821/3197/3316
f 5821/3203/3322 5958/2970/3082 4823/3204/3323
f 4824/3205/3324 4826/2975/3087 4825/3206/3325
f 4826/2975/3087 5835/3207/3326 4825/3206/3325
f 5835/3207/3326 4826/2975/3087 4828/3208/3327
f 4827/3209/3328 4826/2975/3087 5834/3210/3329
f 4809/3211/3330 5837/3212/3331 5855/3213/3332
f 5846/3214/3333 4830/3215/3334 4829/3136/3250
f 5845/3216/3335 4831/3217/3336 4829/3136/3250
f 5828/3198/3317 4829/3136/3250 4831/3217/3336
f 4822/3202/3321 5881/3218/3337 4821/3197/3316
f 5852/2983/3095 4833/3219/3338 5882/3220/3339
f 5852/2983/3095 5882/3220/3339 4834/3221/3340
f 5852/2983/3095 5853/3222/3341 4835/3223/3342
f 5852/2983/3095 5850/3224/3343 5851/3225/3344
f 5852/2983/3095 5851/3225/3344 5849/3226/3345
f 5852/2983/3095 5848/3227/3346 5847/3228/3347
f 5852/2983/3095 5847/3228/3347 5830/3229/3348
f 5881/3218/3337 5896/3230/3349 4821/3197/3316
f 5896/3230/3349 4838/3231/3350 4821/3197/3316
f 4821/3197/3316 4838/3231/3350 4938/3232/3351
f 5895/3233/3352 5894/3234/3353 4783/3152/3266
f 5739/3142/3256 4841/3235/3354 5893/3236/3355
f 5739/3142/3256 5893/3236/3355 4842/3237/3356
f 5739/3142/3256 4842/3237/3356 5892/3238/3357
f 5739/3142/3256 5892/3238/3357 4865/3239/3358
f 4726/3069/3181 5906/3240/3359 5890/3066/3178
f 5905/3241/3360 5906/3240/3359 4726/3069/3181
f 4726/3069/3181 5904/3242/3361 5905/3241/3360
f 4845/3243/3361 5904/3242/3361 4726/3069/3181
f 4726/3069/3181 5903/3244/3362 4845/3243/3361
f 4846/2951/3363 5903/3244/3362 4726/3069/3181
f 5907/3145/3259 4846/2951/3363 4726/3069/3181
f 4847/3245/3364 4846/2951/3363 5907/3145/3259
f 5907/3145/3259 5808/3246/3365 4847/3245/3364
f 5909/3247/3366 5808/3246/3365 5739/3142/3256
f 4848/3248/3367 4849/3061/3173 5890/3066/3178
f 5890/3066/3178 4843/3249/3368 4848/3248/3367
f 4848/3248/3367 5889/3250/3369 4849/3061/3173
f 4849/3061/3173 5889/3250/3369 5888/3251/3370
f 5920/3056/3168 5886/3252/3371 4852/3253/3372
f 4854/3175/3293 5820/3254/3373 5819/3255/3374
f 5819/3255/3374 5818/3256/3375 4854/3175/3293
f 5920/3056/3168 4853/3257/3376 4855/3258/3377
f 5920/3056/3168 4855/3258/3377 5884/3259/3378
f 5884/3259/3378 5883/3260/3379 4856/3011/3380
f 5922/3060/3172 5920/3056/3168 5884/3259/3378
f 5885/2040/3381 5884/3259/3378 5947/3261/3382
f 5815/2968/3279 5884/3259/3378 5814/3161/3276
f 5884/3259/3378 4857/3010/3383 5814/3161/3276
f 4857/3010/3383 4858/3262/3384 5814/3161/3276
f 4860/3263/3385 5809/3264/3386 4861/3265/3387
f 5829/3266/3388 4860/3263/3385 5811/3267/3389
f 4861/3265/3387 4863/3268/3390 4860/3263/3385
f 4860/3263/3385 4863/3268/3390 4759/3120/3234
f 4863/3268/3390 5789/3050/3391 4759/3120/3234
f 5891/3269/3392 5909/3247/3366 5739/3142/3256
f 4868/3172/3290 4869/3270/3393 5807/3271/3394
f 4797/3168/3285 4870/3272/3395 4871/3099/3396
f 4797/3168/3285 4871/3099/3396 5805/3273/3397
f 4797/3168/3285 5805/3273/3397 5804/3274/3398
f 4792/3133/3286 4872/3275/3399 5917/3132/3400
f 5917/3132/3400 4872/3275/3399 5790/3129/3401
f 4873/2166/3283 4872/3275/3399 5839/3165/3281
f 4874/3276/3402 5801/3277/3403 5839/3165/3281
f 5839/3165/3281 5801/3277/3403 5799/3278/3404
f 5799/3278/3404 5800/3035/3405 5839/3165/3281
f 5839/3165/3281 4875/3279/3406 4854/3175/3293
f 4798/3280/3407 4876/3281/3408 5822/3282/3409
f 4798/3280/3407 5980/3283/3410 4878/3284/3411
f 5979/3285/3412 5980/3283/3410 4798/3280/3407
f 5822/3282/3409 5963/3286/3413 5962/3287/3414
f 5822/3282/3409 5962/3287/3414 5958/2970/3082
f 5958/2970/3082 5962/3287/3414 5960/2971/3083
f 4880/3288/3415 5816/3289/3416 4854/3175/3293
f 4854/3175/3293 5816/3289/3416 5817/3290/3417
f 4925/2984/3418 4885/3026/3138 5953/3291/3419
f 5989/2897/3009 5954/3292/3420 4884/2985/3421
f 4886/3293/3422 5989/2897/3009 5981/3294/3423
f 4813/3295/3424 4888/3296/3425 4889/3297/3426
f 4813/3295/3424 4889/3297/3426 5797/3190/3309
f 5797/3190/3309 4889/3297/3426 4890/3298/3427
f 5797/3190/3309 4890/3298/3427 5933/3299/3428
f 5933/3299/3428 5934/3300/3429 5795/3193/3312
f 4740/3054/3166 4892/3117/3430 5902/3301/3431
f 4893/3115/3432 4892/3117/3430 4740/3054/3166
f 5901/3302/3433 4893/3115/3432 4740/3054/3166
f 4895/3051/3163 5757/3303/3434 5901/3302/3433
f 4895/3051/3163 4894/3121/3435 5757/3303/3434
f 4896/3304/3436 4894/3121/3435 4717/3045/3157
f 4671/2965/3077 4898/3305/3437 4717/3045/3157
f 4671/2965/3077 4897/3306/3438 4898/3305/3437
f 5758/3307/3439 4897/3306/3438 4671/2965/3077
f 4671/2965/3077 4899/3308/3440 5758/3307/3439
f 5730/3309/3441 4899/3308/3440 4671/2965/3077
f 5721/3007/3119 5731/3310/3442 4671/2965/3077
f 5731/3310/3442 5730/3309/3441 4671/2965/3077
f 5732/2968/3080 4900/3163/3443 5719/2969/3081
f 5837/3212/3331 4883/3311/3444 5952/3312/3445
f 5837/3212/3331 5952/3312/3445 4904/3313/3446
f 4904/3313/3446 5952/3312/3445 5951/3314/3447
f 4904/3313/3446 5951/3314/3447 4902/3315/3448
f 5855/3213/3332 5837/3212/3331 4904/3313/3446
f 5855/3213/3332 4904/3313/3446 5854/3316/3449
f 4904/3313/3446 4902/3315/3448 5949/3317/3450
f 5915/3318/3451 5950/3319/3452 5914/3320/3453
f 4904/3313/3446 5915/3318/3451 5785/3141/3454
f 5915/3318/3451 5784/3140/3455 5785/3141/3454
f 5784/3140/3455 5915/3318/3451 5783/3321/3456
f 4740/3054/3166 4907/3322/3457 4680/3095/3209
f 4740/3054/3166 5902/3301/3431 4907/3322/3457
f 5779/2005/3458 5778/3323/3459 5780/3027/3139
f 5780/3027/3139 5778/3323/3459 5777/3324/3460
f 5780/3027/3139 5777/3324/3460 4694/2997/3109
f 4694/2997/3109 5777/3324/3460 5776/3325/3461
f 4694/2997/3109 5776/3325/3461 4920/3326/3462
f 5780/3027/3139 5875/3327/3463 5876/3328/3464
f 5874/3329/3465 4909/3330/3466 4910/2893/3005
f 4690/2994/3106 4911/3331/3467 4688/2989/3101
f 5738/3332/3468 5737/3333/3469 4912/3012/3124
f 4912/3012/3124 5761/3334/3470 5738/3332/3468
f 5760/3335/3471 4913/3336/3472 4914/3017/3129
f 5759/3337/3473 5760/3335/3471 4914/3017/3129
f 5749/2890/3002 4916/3338/3474 4707/3024/3136
f 5749/2890/3002 4915/3339/3475 4916/3338/3474
f 4666/2953/3065 5754/3340/3476 5753/3341/3477
f 4918/3342/3478 4917/3343/3479 4666/2953/3065
f 5775/3344/3480 4919/3345/3481 4666/2953/3065
f 5924/3346/3482 5923/2914/3026 4926/3347/3483
f 4921/2908/3020 4923/3348/3484 5967/3349/3485
f 4922/3350/3486 4921/2908/3020 5967/3349/3485
f 4921/2908/3020 4922/3350/3486 4926/3347/3483
f 4924/3351/3487 4885/3026/3138 4925/2984/3418
f 5923/2914/3026 4921/2908/3020 4926/3347/3483
f 5976/3352/3488 5923/2914/3026 5924/3346/3482
f 5975/3353/3489 5977/2919/3031 5923/2914/3026
f 5831/2905/3490 5940/3354/3491 5852/2983/3095
f 4928/2909/3492 5940/3354/3491 5937/2903/3493
f 5940/3354/3491 4930/3355/3494 5939/3356/3495
f 4941/2978/3090 5940/3354/3491 5938/3357/3496
f 4931/3358/3497 5979/3285/3412 4798/3280/3407
f 4931/3358/3497 4798/3280/3407 5792/3359/3498
f 4932/3360/3499 4931/3358/3497 5792/3359/3498
f 4931/3358/3497 4932/3360/3499 4933/3361/3500
f 4935/3362/3501 4931/3358/3497 4934/3363/3502
f 4931/3358/3497 4935/3362/3501 5794/3364/3503
f 4818/3365/3504 4931/3358/3497 5794/3364/3503
f 5795/3193/3312 4931/3358/3497 4818/3365/3504
f 4931/3358/3497 4936/3366/3505 5979/3285/3412
f 4937/3367/3506 4936/3366/3505 4931/3358/3497
f 4931/3358/3497 5935/3368/3507 4937/3367/3506
f 5941/3369/3508 5943/3370/3509 5944/3371/3510
f 5945/3372/3511 5943/3370/3509 5941/3369/3508
f 4938/3232/3351 5946/3373/3512 5941/3369/3508
f 5941/3369/3508 4783/3152/3266 4785/3154/3269
f 5940/3354/3491 4939/3374/3513 5852/2983/3095
f 4939/3374/3513 5940/3354/3491 4941/2978/3090
f 4941/2978/3090 4940/2982/3094 4939/3374/3513
f 4939/3374/3513 4942/3375/3514 5966/3376/3515
f 4939/3374/3513 4943/2984/3096 5852/2983/3095
usemtl RefRep.19_SH_initial_loader.002
f 4944/3377/112 4950/3378/112 4945/3379/112
f 4945/3379/112 4950/3378/112 4946/3380/112
f 4945/3379/112 4946/3380/112 4951/3381/112
f 4951/3381/112 4946/3380/112 4947/369/112
f 5199/3382/112 4948/3383/112 5204/3384/112
f 5204/3384/112 4948/3383/112 4952/3385/112
f 5180/3386/112 4949/632/112 4944/3377/112
f 4944/3377/112 4949/632/112 4950/3378/112
f 4956/3387/112 5180/3386/112 4948/3383/112
f 4948/3383/112 5180/3386/112 4944/3377/112
f 4948/3383/112 4944/3377/112 4952/3385/112
f 4952/3385/112 4944/3377/112 4945/3379/112
f 4952/3385/112 4945/3379/112 4954/3388/112
f 4954/3388/112 4945/3379/112 4951/3381/112
f 5204/3385/112 4952/3379/112 4953/3388/112
f 4953/3388/112 4952/3379/112 4954/3381/112
f 4955/3389/112 4956/3387/112 5199/3382/112
f 5199/3382/112 4956/3387/112 4948/3383/112
f 4975/3390/3516 4992/3391/3517 5012/3392/3518
f 5012/3392/3518 4992/3391/3517 4957/3393/3519
f 4992/3391/3517 4991/3390/3520 4957/3393/3519
f 4957/3393/3519 4991/3390/3520 5013/3392/3521
f 4962/3394/47 4959/3395/3522 4963/3396/3523
f 4963/3396/3523 4959/3395/3522 4958/3397/25
f 4959/3394/3522 4961/3395/3524 4958/3396/25
f 4958/3396/25 4961/3395/3524 4960/3397/3525
f 4961/3394/3524 4962/3395/47 4960/3396/3525
f 4960/3396/3525 4962/3395/47 4963/3397/3523
f 5011/3398/3526 5008/3399/3527 5006/3400/3528
f 5006/3400/3528 5008/3399/3527 5009/3401/3529
f 5006/3400/3528 5009/3401/3529 4964/3402/3530
f 4983/3403/39 4965/3404/3531 4966/3405/3532
f 4966/3406/3532 4965/3407/3531 4970/3408/3533
f 4970/3408/3533 4965/3407/3531 4967/3409/3534
f 4968/3410/3535 4966/3406/3532 4969/3411/3536
f 4969/3411/3536 4966/3406/3532 4970/3408/3533
f 4966/3405/3532 4968/3412/3535 4983/3403/39
f 4983/3403/39 4968/3412/3535 4973/3413/3537
f 4983/3403/39 4973/3413/3537 4982/3414/3538
f 4983/3403/39 4971/3415/3539 4965/3404/3531
f 4973/3416/3537 4968/3410/3535 4974/3417/3540
f 4974/3417/3540 4968/3410/3535 4969/3411/3536
f 4965/3407/3531 4971/3418/3539 4967/3409/3534
f 4967/3409/3534 4971/3418/3539 4972/3419/3541
f 4982/3420/3538 4973/3416/3537 4985/3421/3542
f 4985/3421/3542 4973/3416/3537 4974/3417/3540
f 4994/3390/3543 4993/3391/3544 5015/3392/3545
f 5015/3392/3545 4993/3391/3544 5014/3393/3546
f 4993/3391/3544 4975/3390/3516 5014/3393/3546
f 5014/3393/3546 4975/3390/3516 5012/3392/3518
f 4976/3393/3547 4978/3422/3548 4988/3423/3549
f 4988/3423/3549 4978/3422/3548 4989/3424/3550
f 4977/3423/3551 5010/3424/3552 4976/3393/3547
f 4976/3393/3547 5010/3424/3552 4978/3422/3548
f 4971/3418/3539 4979/3425/3553 4972/3419/3541
f 4972/3419/3541 4979/3425/3553 4980/3426/3554
f 4979/3425/3553 4984/3427/3555 4980/3426/3554
f 4980/3426/3554 4984/3427/3555 4981/3428/3556
f 4982/3414/3538 4984/3429/3555 4983/3403/39
f 4983/3403/39 4984/3429/3555 4979/3430/3553
f 4983/3403/39 4979/3430/3553 4971/3415/3539
f 4981/3428/3556 4984/3427/3555 4982/3420/3538
f 4981/3428/3556 4982/3420/3538 4985/3421/3542
f 5002/3431/39 4999/3432/3557 5000/3433/3558
f 5002/3431/39 5000/3433/3558 5003/3434/3559
f 5007/3422/3560 5010/3424/3552 4977/3423/3551
f 5007/3422/3560 4977/3423/3551 4986/3393/3561
f 4987/3424/3562 5007/3422/3560 4986/3393/3561
f 4987/3424/3562 4986/3393/3561 5005/3423/3563
f 4987/3424/3562 5005/3423/3563 4988/3393/3549
f 4987/3424/3562 4988/3393/3549 4989/3422/3550
f 4997/3435/39 4990/3436/3564 4991/3437/3520
f 4997/3435/39 4991/3437/3520 4992/3438/3517
f 4997/3435/39 4992/3438/3517 4975/3439/3516
f 4997/3435/39 4975/3439/3516 4993/3440/3544
f 4997/3435/39 4993/3440/3544 4994/3441/3543
f 4997/3435/39 4994/3441/3543 4995/3442/3565
f 5013/3392/3521 4991/3390/3520 4990/3391/3564
f 5013/3392/3521 4990/3391/3564 5016/3393/3566
f 4997/3435/39 4996/3443/3567 4990/3436/3564
f 4990/3391/3564 4996/3390/3567 5016/3393/3566
f 5016/3393/3566 4996/3390/3567 5018/3392/3568
f 4995/3442/3565 4996/3443/3567 4997/3435/39
f 5018/3392/3568 4996/3390/3567 4995/3391/3565
f 5018/3392/3568 4995/3391/3565 4998/3393/3569
f 4998/3393/3569 4995/3391/3565 4994/3390/3543
f 4998/3393/3569 4994/3390/3543 5015/3392/3545
f 4977/3423/3551 5000/3444/3558 4999/3391/3557
f 4977/3423/3551 4999/3391/3557 4986/3393/3561
f 4976/3423/3547 5003/3444/3559 5000/3391/3558
f 4976/3423/3547 5000/3391/3558 4977/3393/3551
f 5002/3431/39 5001/3445/3570 4999/3432/3557
f 5004/3444/3550 5003/3391/3559 4988/3423/3549
f 4988/3423/3549 5003/3391/3559 4976/3393/3547
f 5003/3434/3559 5004/3446/3550 5002/3431/39
f 5002/3431/39 5004/3446/3550 5001/3445/3570
f 4999/3444/3557 5001/3391/3570 4986/3423/3561
f 4986/3423/3561 5001/3391/3570 5005/3393/3563
f 5001/3444/3570 5004/3391/3550 5005/3423/3563
f 5005/3423/3563 5004/3391/3550 4988/3393/3549
f 4989/3447/3550 4978/3448/3548 4964/3449/3530
f 4964/3449/3530 4978/3448/3548 5006/3450/3528
f 4978/3448/3548 5010/3447/3552 5006/3450/3528
f 5006/3450/3528 5010/3447/3552 5011/3449/3526
f 5007/3448/3560 4987/3447/3562 5008/3450/3527
f 5008/3450/3527 4987/3447/3562 5009/3449/3529
f 4987/3391/3562 4989/3444/3550 5009/3393/3529
f 5009/3393/3529 4989/3444/3550 4964/3423/3530
f 5010/3447/3552 5007/3448/3560 5011/3449/3526
f 5011/3449/3526 5007/3448/3560 5008/3450/3527
f 5012/3451/3518 4957/3452/3519 5017/3453/112
f 5017/3453/112 4957/3452/3519 5013/3454/3521
f 5017/3453/112 5013/3454/3521 5016/3455/3566
f 5017/3453/112 5014/3456/3546 5012/3451/3518
f 5015/3457/3545 5014/3456/3546 5017/3453/112
f 5017/3453/112 4998/3458/3569 5015/3457/3545
f 5018/3459/3568 4998/3458/3569 5017/3453/112
f 5017/3453/112 5016/3455/3566 5018/3459/3568
f 5019/3460/3571 5103/3461/3572 5020/3462/3573
f 5020/3462/3573 5103/3461/3572 5021/3463/3574
f 5024/3460/3575 5025/3461/3576 5030/3462/3577
f 5030/3462/3577 5025/3461/3576 5098/3463/3578
f 5022/3460/3579 5023/3461/3580 5024/3462/3575
f 5024/3462/3575 5023/3461/3580 5025/3463/3576
f 5050/3460/3581 5093/3461/3582 5051/3462/3583
f 5051/3462/3583 5093/3461/3582 5026/3463/3584
f 5036/3460/3585 5096/3461/3586 5050/3462/3581
f 5050/3462/3581 5096/3461/3586 5093/3463/3582
f 5027/3460/3587 5028/3461/3588 5036/3462/3585
f 5036/3462/3585 5028/3461/3588 5096/3463/3586
f 5029/3460/3589 5030/3461/3577 5027/3462/3587
f 5027/3462/3587 5030/3461/3577 5028/3463/3588
f 5031/3460/3590 5032/3461/3591 5101/3462/3592
f 5101/3462/3592 5032/3461/3591 5033/3463/3593
f 5101/3460/3592 5033/3461/3593 5034/3462/3594
f 5034/3462/3594 5033/3461/3593 5029/3463/3589
f 5034/3460/3594 5029/3461/3589 5035/3462/3595
f 5035/3462/3595 5029/3461/3589 5027/3463/3587
f 5035/3460/3595 5027/3461/3587 5069/3462/3596
f 5069/3462/3596 5027/3461/3587 5036/3463/3585
f 5049/3464/3597 5037/3465/3598 5047/3466/3599
f 5047/3466/3599 5037/3465/3598 5038/3467/1854
f 5064/3468/3600 5062/3469/3601 5083/3470/3602
f 5083/3470/3602 5062/3469/3601 5039/3471/3603
f 5040/3472/39 5041/3473/3604 5046/3474/146
f 5046/3474/146 5041/3473/3604 5048/3475/1842
f 5033/3460/3593 5024/3461/3575 5029/3462/3589
f 5029/3462/3589 5024/3461/3575 5030/3463/3577
f 5042/3476/3605 5043/3477/3606 5044/3478/1843
f 5044/3478/1843 5043/3477/3606 5045/3479/3607
f 5041/3477/3604 5042/3476/3605 5048/3479/1842
f 5048/3479/1842 5042/3476/3605 5044/3478/1843
f 5046/3480/146 5048/3476/1842 5038/3481/1854
f 5038/3481/1854 5048/3476/1842 5047/3482/3599
f 5048/3479/1842 5044/3478/1843 5047/3477/3599
f 5047/3477/3599 5044/3478/1843 5049/3476/3597
f 5044/3478/1843 5045/3483/3607 5049/3484/3597
f 5049/3484/3597 5045/3483/3607 5037/3485/3598
f 5103/3460/3572 5050/3461/3581 5021/3462/3574
f 5021/3462/3574 5050/3461/3581 5051/3463/3583
f 5066/3472/3608 5052/3473/3609 5053/3474/3610
f 5053/3474/3610 5052/3473/3609 5054/3475/3609
f 5055/3486/3611 5057/3487/3612 5073/3488/3613
f 5073/3488/3613 5057/3487/3612 5056/3489/3614
f 5057/3486/3612 5059/3487/3615 5056/3488/3614
f 5056/3488/3614 5059/3487/3615 5058/3489/3616
f 5080/3490/25 5059/3491/3615 5057/3492/3612
f 5061/3470/3617 5060/3468/1504 5064/3469/3600
f 5061/3470/3617 5064/3469/3600 5083/3471/3602
f 5084/3470/3618 5082/3468/3619 5060/3469/1504
f 5084/3470/3618 5060/3469/1504 5061/3471/3617
f 5062/3493/3601 5042/3494/3605 5063/3495/3620
f 5062/3493/3601 5063/3495/3620 5082/3496/3619
f 5064/3497/3600 5043/3498/3606 5042/3499/3605
f 5064/3497/3600 5042/3499/3605 5062/3500/3601
f 5082/3501/3619 5063/3502/3620 5067/3503/3621
f 5082/3501/3619 5067/3503/3621 5060/3504/1504
f 5060/3504/1504 5067/3503/3621 5043/3498/3606
f 5060/3504/1504 5043/3498/3606 5064/3497/3600
f 5065/3474/3622 5063/3472/3620 5066/3473/3608
f 5065/3474/3622 5066/3473/3608 5053/3475/3610
f 5068/3473/3623 5067/3475/3621 5063/3474/3620
f 5068/3473/3623 5063/3474/3620 5065/3472/3622
f 5103/3462/3572 5069/3460/3596 5036/3461/3585
f 5103/3462/3572 5036/3461/3585 5050/3463/3581
f 5059/3491/3615 5080/3490/25 5070/3505/3624
f 5059/3486/3615 5070/3487/3624 5058/3488/3616
f 5058/3488/3616 5070/3487/3624 5071/3489/3625
f 5080/3490/25 5057/3492/3612 5055/3506/3611
f 5070/3505/3624 5080/3490/25 5074/3507/3626
f 5070/3486/3624 5074/3487/3626 5071/3488/3625
f 5071/3488/3625 5074/3487/3626 5072/3489/3627
f 5077/3486/3628 5055/3487/3611 5079/3488/3629
f 5079/3488/3629 5055/3487/3611 5073/3489/3613
f 5080/3490/25 5075/3508/3630 5074/3507/3626
f 5072/3488/3627 5074/3486/3626 5075/3487/3630
f 5072/3488/3627 5075/3487/3630 5076/3489/3631
f 5077/3509/3628 5080/3490/25 5055/3506/3611
f 5080/3490/25 5081/3510/3632 5075/3508/3630
f 5076/3488/3631 5075/3486/3630 5081/3487/3632
f 5076/3488/3631 5081/3487/3632 5078/3489/3633
f 5078/3488/3633 5081/3486/3632 5077/3487/3628
f 5078/3488/3633 5077/3487/3628 5079/3489/3629
f 5081/3510/3632 5080/3490/25 5077/3509/3628
f 5062/3468/3601 5082/3469/3619 5039/3470/3603
f 5039/3470/3603 5082/3469/3619 5084/3471/3618
f 5032/3460/3591 5022/3461/3579 5033/3462/3593
f 5033/3462/3593 5022/3461/3579 5024/3463/3575
f 5083/3511/3602 5039/3512/3603 5061/3513/3617
f 5061/3513/3617 5039/3512/3603 5084/3514/3618
f 5042/3515/3605 5041/3516/3604 5063/3517/3620
f 5063/3517/3620 5041/3516/3604 5066/3518/3608
f 5097/3460/3634 5085/3461/3635 5095/3462/3636
f 5095/3462/3636 5085/3461/3635 5128/3463/3637
f 5086/3460/3638 5132/3461/3639 5097/3462/3634
f 5097/3462/3634 5132/3461/3639 5085/3463/3635
f 5098/3460/3578 5131/3461/3640 5086/3462/3638
f 5086/3462/3638 5131/3461/3640 5132/3463/3639
f 5134/3460/3641 5099/3461/3642 5087/3462/3643
f 5087/3462/3643 5099/3461/3642 5100/3463/3644
f 5087/3460/3643 5100/3461/3644 5137/3462/3645
f 5137/3462/3645 5100/3461/3644 5102/3463/3646
f 5137/3460/3645 5102/3461/3646 5089/3462/3647
f 5089/3462/3647 5102/3461/3646 5088/3463/3648
f 5089/3460/3647 5088/3461/3648 5090/3462/3649
f 5090/3462/3649 5088/3461/3648 5091/3463/3650
f 5090/3460/3649 5091/3461/3650 5092/3462/3651
f 5092/3462/3651 5091/3461/3650 5019/3463/3571
f 5092/3460/3651 5019/3461/3571 5141/3462/3652
f 5141/3462/3652 5019/3461/3571 5020/3463/3573
f 5025/3460/3576 5142/3461/3653 5098/3462/3578
f 5098/3462/3578 5142/3461/3653 5131/3463/3640
f 5023/3460/3580 5143/3461/3654 5025/3462/3576
f 5025/3462/3576 5143/3461/3654 5142/3463/3653
f 5093/3460/3582 5095/3461/3636 5026/3462/3584
f 5026/3462/3584 5095/3461/3636 5094/3463/3655
f 5096/3460/3586 5097/3461/3634 5093/3462/3582
f 5093/3462/3582 5097/3461/3634 5095/3463/3636
f 5028/3460/3588 5086/3461/3638 5096/3462/3586
f 5096/3462/3586 5086/3461/3638 5097/3463/3634
f 5030/3460/3577 5098/3461/3578 5028/3462/3588
f 5028/3462/3588 5098/3461/3578 5086/3463/3638
f 5099/3460/3642 5031/3461/3590 5100/3462/3644
f 5100/3462/3644 5031/3461/3590 5101/3463/3592
f 5100/3460/3644 5101/3461/3592 5102/3462/3646
f 5102/3462/3646 5101/3461/3592 5034/3463/3594
f 5102/3460/3646 5034/3461/3594 5088/3462/3648
f 5088/3462/3648 5034/3461/3594 5035/3463/3595
f 5088/3460/3648 5035/3461/3595 5091/3462/3650
f 5091/3462/3650 5035/3461/3595 5069/3463/3596
f 5091/3460/3650 5069/3461/3596 5019/3462/3571
f 5019/3462/3571 5069/3461/3596 5103/3463/3572
f 5104/3519/3656 5105/3520/3656 5106/3521/3656
f 5106/3521/3656 5105/3520/3656 5107/3522/3656
f 5108/3519/3656 5109/3520/3656 5110/3521/3656
f 5110/3521/3656 5109/3520/3656 5111/3522/3656
f 5112/3519/3657 5113/3520/3657 5114/3521/3657
f 5114/3521/3657 5113/3520/3657 5115/3522/3657
f 5116/3519/3656 5117/3520/3656 5118/3521/3656
f 5118/3521/3656 5117/3520/3656 5119/3522/3656
f 5120/3519/3657 5121/3520/3657 5122/3521/3657
f 5122/3521/3657 5121/3520/3657 5123/3522/3657
f 5124/3519/3656 5125/3520/3656 5126/3521/3656
f 5126/3521/3656 5125/3520/3656 5127/3522/3656
f 5128/3460/3637 5140/3461/3658 5129/3462/3659
f 5129/3462/3659 5140/3461/3658 5130/3463/3660
f 5085/3460/3635 5139/3461/3661 5128/3462/3637
f 5128/3462/3637 5139/3461/3661 5140/3463/3658
f 5132/3460/3639 5138/3461/3662 5085/3462/3635
f 5085/3462/3635 5138/3461/3662 5139/3463/3661
f 5131/3460/3640 5136/3461/3663 5132/3462/3639
f 5132/3462/3639 5136/3461/3663 5138/3463/3662
f 5133/3460/3664 5134/3461/3641 5135/3462/3665
f 5135/3462/3665 5134/3461/3641 5087/3463/3643
f 5135/3460/3665 5087/3461/3643 5136/3462/3663
f 5136/3462/3663 5087/3461/3643 5137/3463/3645
f 5136/3460/3663 5137/3461/3645 5138/3462/3662
f 5138/3462/3662 5137/3461/3645 5089/3463/3647
f 5138/3460/3662 5089/3461/3647 5139/3462/3661
f 5139/3462/3661 5089/3461/3647 5090/3463/3649
f 5139/3460/3661 5090/3461/3649 5140/3462/3658
f 5140/3462/3658 5090/3461/3649 5092/3463/3651
f 5140/3460/3658 5092/3461/3651 5130/3462/3660
f 5130/3462/3660 5092/3461/3651 5141/3463/3652
f 5142/3460/3653 5135/3461/3665 5131/3462/3640
f 5131/3462/3640 5135/3461/3665 5136/3463/3663
f 5143/3460/3654 5133/3461/3664 5142/3462/3653
f 5142/3462/3653 5133/3461/3664 5135/3463/3665
f 5095/3460/3636 5128/3461/3637 5094/3462/3655
f 5094/3462/3655 5128/3461/3637 5129/3463/3659
f 5144/2383/600 5145/3523/3666 5171/3524/1502
f 5171/3524/1502 5145/3523/3666 5170/3525/3667
f 5146/2383/3668 5147/3523/5 5149/3524/3669
f 5149/3524/3669 5147/3523/5 5148/3525/765
f 5145/3526/3666 5146/2383/3668 5170/3527/3667
f 5170/3527/3667 5146/2383/3668 5149/3524/3669
f 5183/3528/112 5151/3529/112 5186/3530/112
f 5186/3530/112 5151/3529/112 5165/3531/112
f 5150/3529/112 5151/2848/112 5152/3531/112
f 5152/3531/112 5151/2848/112 5162/2842/112
f 5181/3528/112 4955/3532/112 5162/3529/112
f 5162/3529/112 4955/3532/112 5153/3533/112
f 5166/3534/112 5154/3380/112 5160/417/112
f 5160/417/112 5154/3380/112 5155/369/112
f 5154/3380/112 5166/3534/112 5156/3378/112
f 5156/3378/112 5166/3534/112 5157/3535/112
f 5156/3378/112 5157/3535/112 5158/632/112
f 5158/632/112 5157/3535/112 5167/2636/112
f 5159/2842/112 5166/3534/112 5163/1612/112
f 5163/1612/112 5166/3534/112 5160/417/112
f 5159/2842/112 5165/3531/112 5150/2848/112
f 5150/2848/112 5165/3531/112 5151/3529/112
f 5186/3530/112 5165/2460/112 5161/3536/112
f 5161/3536/112 5165/2460/112 5164/2444/112
f 5162/2665/112 5151/2848/112 5181/3533/112
f 5181/3533/112 5151/2848/112 5183/3529/112
f 5152/3537/112 5162/3538/112 5198/3539/112
f 5198/3539/112 5162/3538/112 5153/3540/112
f 5163/1612/112 5164/3541/112 5159/2842/112
f 5159/2842/112 5164/3541/112 5165/3531/112
f 5198/3542/112 5168/3543/112 5152/2665/112
f 5152/2665/112 5168/3543/112 5167/2636/112
f 5152/2665/112 5167/2636/112 5150/2848/112
f 5150/2848/112 5167/2636/112 5157/3535/112
f 5150/2848/112 5157/3535/112 5159/2842/112
f 5159/2842/112 5157/3535/112 5166/3534/112
f 5167/2636/112 5168/3543/112 5158/632/112
f 5158/632/112 5168/3543/112 5169/3544/112
f 5149/3525/3669 5148/3524/765 5170/3545/3667
f 5170/3545/3667 5148/3524/765 5171/3546/1502
f 5177/2383/3669 5178/3523/765 5172/3524/3667
f 5172/3524/3667 5178/3523/765 5173/3525/1502
f 5174/3526/3666 5175/2383/3670 5172/3527/3667
f 5172/3527/3667 5175/2383/3670 5177/3524/3669
f 5175/2383/3670 5176/3523/5 5177/3524/3669
f 5177/3524/3669 5176/3523/5 5178/3525/765
f 5179/2383/600 5174/3523/3666 5173/3524/1502
f 5173/3524/1502 5174/3523/3666 5172/3525/3667
f 5182/3547/112 5192/3548/112 5184/3377/112
f 5184/3377/112 5192/3548/112 5193/3379/112
f 5182/3547/112 4956/3549/112 5181/3529/112
f 5181/3529/112 4956/3549/112 4955/3533/112
f 5185/3378/112 4949/632/112 5184/3377/112
f 5184/3377/112 4949/632/112 5180/3386/112
f 5184/3377/112 5180/3386/112 5182/3547/112
f 5182/3547/112 5180/3386/112 4956/3549/112
f 5181/3529/112 5183/3531/112 5182/3547/112
f 5182/3547/112 5183/3531/112 5192/3548/112
f 5186/3530/112 5187/3531/112 5183/3528/112
f 5183/3528/112 5187/3531/112 5192/3529/112
f 5184/3377/112 5193/3379/112 5185/3378/112
f 5185/3378/112 5193/3379/112 5189/3380/112
f 5161/2444/112 5191/3550/112 5186/2460/112
f 5186/2460/112 5191/3550/112 5187/3548/112
f 5188/3377/112 5194/3378/112 5193/3379/112
f 5193/3379/112 5194/3378/112 5189/3380/112
f 5188/3379/112 5187/3548/112 5190/3381/112
f 5190/3381/112 5187/3548/112 5191/3550/112
f 5187/3548/112 5188/3379/112 5192/3547/112
f 5192/3547/112 5188/3379/112 5193/3377/112
f 5194/3380/112 5188/3379/112 5195/369/112
f 5195/369/112 5188/3379/112 5190/3381/112
f 5196/3551/112 5201/3552/112 5197/3553/112
f 5197/3553/112 5201/3552/112 5203/3554/112
f 5198/3539/112 5153/3540/112 5200/3555/112
f 5200/3555/112 5153/3540/112 5202/3556/112
f 5199/2436/112 5202/3382/112 4955/2463/112
f 4955/2463/112 5202/3382/112 5153/3389/112
f 5200/3551/112 5202/3552/112 5196/3555/112
f 5196/3555/112 5202/3552/112 5201/3556/112
f 5204/3384/112 5201/3385/112 5199/3382/112
f 5199/3382/112 5201/3385/112 5202/3383/112
f 4953/176/112 5203/3388/112 5204/3384/112
f 5204/3384/112 5203/3388/112 5201/3385/112
usemtl RefRep.20_SH_initial_loader.002
f 5402/3557/26 5321/3558/26 5206/3559/26
f 5206/3559/26 5321/3558/26 5205/3560/26
f 5206/1428/26 5205/3561/26 5209/3562/5
f 5209/3562/5 5205/3561/26 5319/3563/5
f 5397/3564/26 5402/3565/26 5207/3566/3668
f 5207/3566/3668 5402/3565/26 5206/3567/26
f 5207/3564/3668 5206/3565/26 5208/2634/5
f 5208/2634/5 5206/3565/26 5209/3568/5
f 5210/2652/5 5211/3569/793 5213/3570/111
f 5213/3570/111 5211/3569/793 5212/3571/3671
f 5213/3572/111 5212/3573/3671 5408/3571/3670
f 5408/3571/3670 5212/3573/3671 5214/3570/2998
f 5617/3564/3672 5237/3574/834 5307/3566/3673
f 5307/3566/3673 5237/3574/834 5215/3575/805
f 5307/3564/3673 5215/3574/805 5308/2634/1838
f 5308/2634/1838 5215/3574/805 5216/3576/47
f 5221/3577/834 5219/3578/47 5220/3579/2997
f 5220/3579/2997 5219/3578/47 5217/3580/47
f 5237/3581/834 5218/3582/47 5221/3577/834
f 5221/3577/834 5218/3582/47 5219/3578/47
f 5223/3575/805 5222/3583/805 5227/3574/834
f 5227/3574/834 5222/3583/805 5220/3584/2997
f 5221/3574/834 5220/3584/2997 5238/3575/805
f 5238/3575/805 5220/3584/2997 5222/3583/805
f 5223/3584/805 5224/3574/805 5226/3585/47
f 5226/3585/47 5224/3574/805 5225/3576/47
f 5226/3585/47 5239/3576/47 5223/3584/805
f 5223/3584/805 5239/3576/47 5222/3574/805
f 5227/3584/834 4613/3574/2999 5223/3583/805
f 5223/3583/805 4613/3574/2999 5224/3575/805
f 4613/3574/2999 5228/3584/805 5224/3575/805
f 5224/3575/805 5228/3584/805 5229/3583/805
f 5224/3584/805 5229/3586/805 5225/3585/47
f 5225/3585/47 5229/3586/805 5230/3587/47
f 5617/2879/3672 5656/2881/3674 5237/3581/834
f 5237/3581/834 5656/2881/3674 5218/3582/47
f 5235/3588/47 5218/3582/47 5632/2871/3674
f 5632/2871/3674 5218/3582/47 5656/2881/3674
f 5231/3589/47 5235/3588/47 5232/2873/47
f 5232/2873/47 5235/3588/47 5632/2871/3674
f 5233/3590/47 5234/3591/47 5231/3589/47
f 5231/3589/47 5234/3591/47 5235/3588/47
f 4604/3592/47 4611/3593/47 5233/3590/47
f 5233/3590/47 4611/3593/47 5234/3591/47
f 4611/3593/47 5217/3580/47 5234/3591/47
f 5234/3591/47 5217/3580/47 5219/3578/47
f 5234/3591/47 5219/3578/47 5235/3588/47
f 5235/3588/47 5219/3578/47 5218/3582/47
f 5215/3574/805 5238/3584/805 5216/3576/47
f 5216/3576/47 5238/3584/805 5236/3585/47
f 5237/3574/834 5221/3584/834 5215/3575/805
f 5215/3575/805 5221/3584/834 5238/3583/805
f 5238/3584/805 5222/3574/805 5236/3585/47
f 5236/3585/47 5222/3574/805 5239/3576/47
f 5228/3586/805 5214/3570/2998 5229/3594/805
f 5229/3594/805 5214/3570/2998 5212/3573/3671
f 5229/3586/805 5212/3570/3671 5230/3587/47
f 5230/3587/47 5212/3570/3671 5211/2652/793
f 5246/3595/502 5240/3575/502 5249/3596/502
f 5249/3596/502 5240/3575/502 5284/3574/502
f 5241/3597/2799 5287/3585/600 5246/3596/502
f 5246/3596/502 5287/3585/600 5240/3584/502
f 5314/3587/765 5315/3586/3675 5250/3598/793
f 5250/3598/793 5315/3586/3675 5265/3599/3676
f 5276/3600/600 5278/3601/600 5291/3602/600
f 5291/3602/600 5278/3601/600 5242/3578/600
f 5243/3603/600 5258/3604/600 5277/3605/600
f 5277/3605/600 5258/3604/600 5244/3593/600
f 5277/3605/600 5244/3593/600 5245/3606/3677
f 5241/3597/2799 5246/3596/502 5247/3574/502
f 5241/3597/2799 5247/3574/502 5248/3576/600
f 5246/3595/502 5249/3596/502 5680/3584/1518
f 5246/3595/502 5680/3584/1518 5247/3583/502
f 5289/3607/600 5681/3608/600 5680/3579/1518
f 5289/3607/600 5680/3579/1518 5249/3609/502
f 5251/3610/47 5250/3611/793 5265/3612/3676
f 5251/3610/47 5265/3612/3676 5252/3613/1588
f 5261/3614/143 5253/3615/143 5254/3616/2543
f 5261/3614/143 5254/3616/2543 5255/3617/836
f 5262/3618/25 5261/3615/143 5255/3616/836
f 5262/3618/25 5255/3616/836 5256/3619/25
f 5288/3620/600 5267/3621/600 5242/3578/600
f 5288/3620/600 5242/3578/600 5278/3601/600
f 5267/3621/600 5596/3622/600 5585/3582/600
f 5267/3621/600 5585/3582/600 5242/3578/600
f 5242/3578/600 5585/3582/600 5578/3623/600
f 5242/3578/600 5578/3623/600 5291/3602/600
f 5291/3602/600 5578/3623/600 5579/3624/600
f 5291/3602/600 5579/3624/600 5263/3625/600
f 5263/3625/600 5579/3624/600 5589/3588/600
f 5263/3625/600 5589/3588/600 5264/3591/600
f 5264/3591/600 5589/3588/600 5588/3589/600
f 5264/3591/600 5588/3589/600 5260/3590/600
f 5269/3626/502 5257/3627/502 5247/3583/502
f 5269/3626/502 5247/3583/502 5680/3584/1518
f 5271/3628/502 5668/3629/502 5669/3574/502
f 5271/3628/502 5669/3574/502 5311/3575/502
f 5258/3604/600 5259/3630/600 5675/3592/600
f 5258/3604/600 5675/3592/600 5244/3593/600
f 5259/3630/600 5258/3604/600 5264/3591/600
f 5259/3630/600 5264/3591/600 5260/3590/600
f 5253/3615/143 5261/3614/143 5281/3617/3675
f 5253/3615/143 5281/3617/3675 5283/3616/3678
f 5261/3615/143 5262/3618/25 5282/3619/765
f 5261/3615/143 5282/3619/765 5281/3616/3675
f 5243/3603/600 5263/3625/600 5264/3591/600
f 5243/3603/600 5264/3591/600 5258/3604/600
f 5252/3586/1588 5265/3594/3676 5315/3631/3675
f 5252/3586/1588 5315/3631/3675 5266/3599/3679
f 5596/3622/600 5267/3621/600 5290/3632/600
f 5596/3622/600 5290/3632/600 5599/3633/600
f 5599/3633/600 5290/3632/600 5284/3577/502
f 5599/3633/600 5284/3577/502 5268/3581/502
f 5257/3627/502 5269/3626/502 5270/3596/502
f 5257/3627/502 5270/3596/502 5272/3595/502
f 5272/3595/502 5270/3596/502 5668/3629/502
f 5272/3595/502 5668/3629/502 5271/3628/502
f 5279/3634/600 5257/3626/502 5272/3596/502
f 5279/3634/600 5272/3596/502 5273/3597/600
f 5273/3597/600 5272/3596/502 5271/3629/502
f 5273/3597/600 5271/3629/502 5274/3635/600
f 5274/3635/600 5271/3629/502 5311/3574/502
f 5274/3635/600 5311/3574/502 5275/3576/600
f 5290/3632/600 5289/3607/600 5249/3609/502
f 5290/3632/600 5249/3609/502 5284/3577/502
f 5674/3636/600 5276/3600/600 5243/3603/600
f 5674/3636/600 5243/3603/600 5277/3605/600
f 5276/3600/600 5674/3636/600 5694/3580/600
f 5276/3600/600 5694/3580/600 5278/3601/600
f 5278/3601/600 5694/3580/600 5693/3637/600
f 5278/3601/600 5693/3637/600 5288/3620/600
f 5288/3620/600 5693/3637/600 5681/3608/600
f 5288/3620/600 5681/3608/600 5289/3607/600
f 5257/3626/502 5279/3634/600 5248/3585/600
f 5257/3626/502 5248/3585/600 5247/3584/502
f 5294/3638/760 5280/3639/831 5281/3570/3675
f 5294/3638/760 5281/3570/3675 5282/2652/765
f 5292/3639/763 5283/3570/3678 5281/3573/3675
f 5292/3639/763 5281/3573/3675 5280/3640/831
f 5285/3594/502 5268/3586/502 5284/3584/502
f 5285/3594/502 5284/3584/502 5240/3583/502
f 5286/3587/600 5285/3586/502 5240/3584/502
f 5286/3587/600 5240/3584/502 5287/3585/600
f 5267/3621/600 5288/3620/600 5289/3607/600
f 5267/3621/600 5289/3607/600 5290/3632/600
f 5276/3600/600 5291/3602/600 5263/3625/600
f 5276/3600/600 5263/3625/600 5243/3603/600
f 5293/3610/25 5292/3611/763 5280/3612/831
f 5293/3610/25 5280/3612/831 5294/3613/760
f 5296/3587/25 5295/3586/832 5299/3570/3680
f 5296/3587/25 5299/3570/3680 5297/2652/1502
f 5295/3594/832 5600/3586/143 5298/3570/3680
f 5295/3594/832 5298/3570/3680 5299/3573/3680
f 5299/3573/3680 5298/3570/3680 5268/3586/502
f 5299/3573/3680 5268/3586/502 5285/3594/502
f 5297/2652/1502 5299/3570/3680 5285/3586/502
f 5297/2652/1502 5285/3586/502 5286/3587/600
f 5310/3628/502 5311/3575/502 5641/3629/502
f 5641/3629/502 5311/3575/502 5669/3574/502
f 5303/3596/502 5305/3584/502 5300/3597/600
f 5300/3597/600 5305/3584/502 5301/3585/600
f 5302/3596/3681 5642/3584/502 5303/3595/502
f 5303/3595/502 5642/3584/502 5305/3583/502
f 5305/3584/502 5306/3574/502 5301/3585/600
f 5301/3585/600 5306/3574/502 5304/3576/600
f 5642/3584/502 5618/3574/502 5305/3583/502
f 5305/3583/502 5618/3574/502 5306/3575/502
f 5306/3574/502 5307/3564/3673 5304/3576/600
f 5304/3576/600 5307/3564/3673 5308/2634/1838
f 5618/3574/502 5617/3564/3672 5306/3575/502
f 5306/3575/502 5617/3564/3672 5307/3566/3673
f 5309/3635/600 5275/3576/600 5310/3629/502
f 5310/3629/502 5275/3576/600 5311/3574/502
f 5641/3629/502 5302/3596/3681 5310/3628/502
f 5310/3628/502 5302/3596/3681 5303/3595/502
f 5310/3629/502 5303/3596/502 5309/3635/600
f 5309/3635/600 5303/3596/502 5300/3597/600
f 5325/3559/3682 5312/3557/3683 5315/3560/3675
f 5315/3560/3675 5312/3557/3683 5266/3558/3679
f 5313/3563/25 5325/3561/3682 5314/3562/765
f 5314/3562/765 5325/3561/3682 5315/1428/3675
f 5322/3641/26 5354/3558/763 5316/3560/3675
f 5333/3642/5 5317/3643/26 5316/3557/3675
f 5333/3642/5 5316/3557/3675 5318/3644/765
f 5320/3558/26 5334/3645/5 5319/3563/5
f 5320/3558/26 5319/3563/5 5205/3561/26
f 5336/3558/26 5320/3560/26 5205/3559/26
f 5336/3558/26 5205/3559/26 5321/3557/26
f 5322/3641/26 5316/3560/3675 5317/3646/26
f 5317/3646/26 5335/3643/3684 5322/3641/26
f 5331/3643/143 5332/3646/3685 5323/3559/3685
f 5331/3643/143 5323/3559/3685 5330/3557/143
f 5324/3647/25 5332/3648/3685 5325/3561/3682
f 5324/3647/25 5325/3561/3682 5313/3563/25
f 5326/3643/143 5327/3646/143 5316/3559/3675
f 5326/3643/143 5316/3559/3675 5354/3557/763
f 5327/3643/143 5328/3642/25 5318/3644/765
f 5327/3643/143 5318/3644/765 5316/3557/3675
f 5328/3642/25 5327/3643/143 5323/3558/3685
f 5328/3642/25 5323/3558/3685 5329/3645/25
f 5329/3645/25 5323/3558/3685 5332/3648/3685
f 5329/3645/25 5332/3648/3685 5324/3647/25
f 5327/3646/143 5326/3643/143 5330/3558/143
f 5327/3646/143 5330/3558/143 5323/3560/3685
f 5332/3646/3685 5331/3643/143 5312/3558/3683
f 5332/3646/3685 5312/3558/3683 5325/3560/3682
f 5317/3643/26 5333/3642/5 5334/3645/5
f 5317/3643/26 5334/3645/5 5320/3558/26
f 5335/3643/3684 5317/3646/26 5320/3559/26
f 5335/3643/3684 5320/3559/26 5336/3557/26
usemtl RefRep.21_SH_initial_loader.002
f 5387/3649/767 5266/2886/3679 5371/3650/25
f 5371/3650/25 5266/2886/3679 5312/3651/3683
f 5355/3652/25 5352/3653/25 5363/3654/25
f 5363/3654/25 5352/3653/25 5337/3655/25
f 5353/3656/767 5563/2880/767 5351/3657/25
f 5351/3657/25 5563/2880/767 5337/3655/25
f 5346/3658/25 5350/3659/25 5338/3660/25
f 5338/3660/25 5350/3659/25 5349/3661/25
f 5366/3662/25 5358/3663/25 5365/3664/25
f 5365/3664/25 5358/3663/25 5339/3665/25
f 5340/3666/25 5362/3667/25 5364/3668/25
f 5364/3668/25 5362/3667/25 5361/3669/25
f 5370/3670/25 5352/3653/25 5348/3671/25
f 5348/3671/25 5352/3653/25 5349/3661/25
f 5359/3672/25 5362/3667/25 5356/3673/25
f 5356/3673/25 5362/3667/25 5339/3665/25
f 5568/3674/767 5552/2870/767 5360/3675/25
f 5360/3675/25 5552/2870/767 5361/3669/25
f 5341/3676/767 5570/2872/760 5343/3677/25
f 5344/3678/767 5367/3679/25 5342/3680/760
f 5556/3681/767 5568/3674/767 5363/3654/25
f 5363/3654/25 5568/3674/767 5360/3675/25
f 5343/3682/25 5364/3683/25 5341/3677/767
f 5341/3677/767 5364/3683/25 5553/3684/767
f 5366/3685/25 5367/3679/25 5344/3678/767
f 5366/3685/25 5344/3678/767 5379/2878/767
f 5366/3685/25 5379/2878/767 5358/3663/25
f 5358/3663/25 5379/2878/767 5380/3686/767
f 5358/3663/25 5380/3686/767 5357/3687/25
f 5357/3687/25 5380/3686/767 5345/3688/767
f 5357/3687/25 5345/3688/767 5346/3658/25
f 5346/3658/25 5345/3688/767 5347/2882/767
f 5346/3658/25 5347/2882/767 5350/3659/25
f 5350/3659/25 5347/2882/767 5387/3649/767
f 5350/3659/25 5387/3649/767 5371/3650/25
f 5371/3650/25 5348/3671/25 5349/3661/25
f 5371/3650/25 5349/3661/25 5350/3659/25
f 5370/3670/25 5348/3671/25 5331/3689/143
f 5370/3670/25 5331/3689/143 5330/3690/143
f 5370/3670/25 5351/3657/25 5337/3655/25
f 5370/3670/25 5337/3655/25 5352/3653/25
f 5353/3656/767 5351/3657/25 5326/3691/143
f 5353/3656/767 5326/3691/143 5354/2299/763
f 5355/3652/25 5338/3660/25 5349/3661/25
f 5355/3652/25 5349/3661/25 5352/3653/25
f 5346/3658/25 5338/3660/25 5356/3673/25
f 5346/3658/25 5356/3673/25 5357/3687/25
f 5357/3687/25 5356/3673/25 5339/3665/25
f 5357/3687/25 5339/3665/25 5358/3663/25
f 5338/3660/25 5355/3652/25 5359/3672/25
f 5338/3660/25 5359/3672/25 5356/3673/25
f 5355/3652/25 5363/3654/25 5360/3675/25
f 5355/3652/25 5360/3675/25 5359/3672/25
f 5359/3672/25 5360/3675/25 5361/3669/25
f 5359/3672/25 5361/3669/25 5362/3667/25
f 5556/3681/767 5363/3654/25 5337/3655/25
f 5556/3681/767 5337/3655/25 5563/2880/767
f 5553/3684/767 5364/3683/25 5361/3669/25
f 5553/3684/767 5361/3669/25 5552/2870/767
f 5340/3666/25 5364/3668/25 5343/3682/25
f 5340/3666/25 5343/3682/25 5368/3692/25
f 5340/3666/25 5365/3664/25 5339/3665/25
f 5340/3666/25 5339/3665/25 5362/3667/25
f 5366/3662/25 5365/3664/25 5369/3693/25
f 5366/3662/25 5369/3693/25 5367/3694/25
f 5365/3664/25 5340/3666/25 5368/3692/25
f 5365/3664/25 5368/3692/25 5369/3693/25
f 5351/3657/25 5370/3670/25 5330/3690/143
f 5351/3657/25 5330/3690/143 5326/3691/143
f 5348/3671/25 5371/3650/25 5312/3651/3683
f 5348/3671/25 5312/3651/3683 5331/3689/143
f 5372/3695/5 5378/3696/5 5373/3697/5
f 5373/3697/5 5378/3696/5 5377/3698/5
f 5373/3697/5 5374/3698/5 5372/3695/5
f 5372/3695/5 5374/3698/5 5375/3696/5
f 5375/3699/5 5374/3700/5 5384/3701/767
f 5384/3701/767 5374/3700/5 5376/3589/767
f 5344/3701/767 5342/3589/760 5378/3699/5
f 5378/3699/5 5342/3589/760 5377/3700/5
f 5378/3699/5 5382/3702/5 5344/3701/767
f 5344/3701/767 5382/3702/5 5379/3588/767
f 5380/3624/767 5379/3588/767 5381/3703/5
f 5381/3703/5 5379/3588/767 5382/3702/5
f 5345/3623/767 5380/3624/767 5383/3704/5
f 5383/3704/5 5380/3624/767 5381/3703/5
f 5384/3701/767 5388/3588/767 5375/3699/5
f 5375/3699/5 5388/3588/767 5389/3702/5
f 5385/3582/767 5283/3581/3678 5390/3705/5
f 5390/3705/5 5283/3581/3678 5292/3706/763
f 5386/3707/5 5252/3706/1588 5387/3633/767
f 5387/3633/767 5252/3706/1588 5266/3581/3679
f 5388/3588/767 5385/3582/767 5389/3702/5
f 5389/3702/5 5385/3582/767 5390/3705/5
f 5383/3704/5 5391/3705/5 5345/3623/767
f 5345/3623/767 5391/3705/5 5347/3582/767
f 5387/3633/767 5347/3582/767 5386/3707/5
f 5386/3707/5 5347/3582/767 5391/3705/5
usemtl RefRep.22_SH_initial_loader.002
f 5395/3608/5 5392/3580/5 5558/3632/5
f 5558/3632/5 5392/3580/5 5566/3578/5
f 5393/3708/5 5414/3592/5 5576/3709/5
f 5576/3709/5 5414/3592/5 5394/3590/5
f 5407/3710/5 5414/3592/5 5393/3708/5
f 5396/3711/5 5395/3608/5 5402/3579/26
f 5396/3711/5 5402/3579/26 5397/3712/26
f 5395/3608/5 5396/3711/5 5398/3713/5
f 5395/3608/5 5398/3713/5 5392/3580/5
f 5392/3580/5 5398/3713/5 5399/3714/5
f 5392/3580/5 5399/3714/5 5400/3636/5
f 5400/3636/5 5399/3714/5 5403/3715/5
f 5400/3636/5 5403/3715/5 5401/3605/5
f 5395/3608/5 5558/3632/5 5321/3577/26
f 5395/3608/5 5321/3577/26 5402/3579/26
f 5401/3605/5 5403/3715/5 5404/3716/5
f 5401/3605/5 5404/3716/5 5405/3593/5
f 5405/3593/5 5404/3716/5 5410/3717/5
f 5405/3593/5 5410/3717/5 5406/3718/5
f 5406/3718/5 5410/3717/5 5407/3719/5
f 5406/3718/5 5407/3719/5 5393/3708/5
f 5421/3720/5 5408/3721/3670 5214/2886/2998
f 5421/3720/5 5214/2886/2998 5422/2882/2
f 5409/3722/5 5407/3710/5 5410/3717/5
f 5409/3722/5 5410/3717/5 5416/657/5
f 5416/657/5 5410/3717/5 5415/3723/5
f 5411/3724/5 5417/3717/5 5423/657/5
f 5423/657/5 5417/3717/5 5412/3725/5
f 5416/657/5 5413/3725/5 5409/3722/5
f 5409/3722/5 5413/3725/5 5414/3592/5
f 5409/3722/5 5414/3592/5 5407/3710/5
f 5417/3726/5 5419/663/5 5412/3727/5
f 5415/3724/5 5425/3717/5 5416/657/5
f 5416/657/5 5425/3717/5 5424/3725/5
f 5417/3726/5 5418/3728/5 5419/663/5
f 5419/663/5 5418/3728/5 5420/2878/1
f 5421/3720/5 5422/2882/2 5418/3728/5
f 5418/3728/5 5422/2882/2 5420/2878/1
f 5423/657/5 5424/3725/5 5411/3724/5
f 5411/3724/5 5424/3725/5 5425/3717/5
f 5565/3602/5 5566/3578/5 5400/3636/5
f 5400/3636/5 5566/3578/5 5392/3580/5
f 5426/3729/3686 5466/3730/3687 5427/3731/3688
f 5427/3731/3688 5466/3730/3687 5428/3732/3689
f 5427/3731/3688 5428/3732/3689 5429/3733/3690
f 5429/3733/3690 5428/3732/3689 5430/3734/3691
f 5429/3733/3690 5430/3734/3691 5431/3735/3692
f 5431/3735/3692 5430/3734/3691 5432/3736/3693
f 5431/3735/3692 5432/3736/3693 5433/3737/3694
f 5433/3737/3694 5432/3736/3693 5434/3738/3695
f 5433/3737/3694 5434/3738/3695 5435/3739/3696
f 5435/3739/3696 5434/3738/3695 5436/3740/3697
f 5435/3739/3696 5436/3740/3697 5437/3741/3698
f 5437/3741/3698 5436/3740/3697 5438/3742/3699
f 5437/3741/3698 5438/3742/3699 5439/3743/3700
f 5439/3743/3700 5438/3742/3699 5440/3744/3701
f 5439/3743/3700 5440/3744/3701 5441/3745/3702
f 5441/3745/3702 5440/3744/3701 5442/3746/3703
f 5441/3745/3702 5442/3746/3703 5467/3747/3704
f 5467/3747/3704 5442/3746/3703 5443/3748/3705
f 5482/3749/3706 5444/3750/3707 5463/3751/3708
f 5463/3751/3708 5444/3750/3707 5445/3752/3709
f 5446/3753/3710 5480/3754/3711 5447/3755/3712
f 5447/3755/3712 5480/3754/3711 5448/3756/3713
f 5447/3755/3712 5448/3756/3713 5449/3757/3714
f 5449/3757/3714 5448/3756/3713 5450/3758/3715
f 5449/3757/3714 5450/3758/3715 5451/3759/3716
f 5451/3759/3716 5450/3758/3715 5452/3760/3717
f 5451/3759/3716 5452/3760/3717 5453/3761/3718
f 5453/3761/3718 5452/3760/3717 5454/3762/3719
f 5453/3761/3718 5454/3762/3719 5455/3763/3720
f 5455/3763/3720 5454/3762/3719 5456/3764/3721
f 5455/3763/3720 5456/3764/3721 5457/3765/3722
f 5457/3765/3722 5456/3764/3721 5458/3766/3723
f 5457/3765/3722 5458/3766/3723 5459/3767/3724
f 5459/3767/3724 5458/3766/3723 5460/3768/3725
f 5459/3767/3724 5460/3768/3725 5461/3769/3726
f 5461/3769/3726 5460/3768/3725 5462/3770/3727
f 5463/3751/3708 5445/3752/3709 5464/3771/3728
f 5464/3771/3728 5445/3752/3709 5465/3772/3729
f 5464/3771/3728 5465/3772/3729 5426/3729/3686
f 5426/3729/3686 5465/3772/3729 5466/3730/3687
f 5467/3747/3704 5443/3748/3705 5468/3773/3730
f 5468/3773/3730 5443/3748/3705 5469/3774/3731
f 5468/3773/3730 5469/3774/3731 5470/3775/3732
f 5470/3775/3732 5469/3774/3731 5471/3776/3733
f 5470/3775/3732 5471/3776/3733 5472/3777/3734
f 5472/3777/3734 5471/3776/3733 5473/3778/3735
f 5472/3777/3734 5473/3778/3735 5474/3779/3736
f 5474/3779/3736 5473/3778/3735 5475/3780/3737
f 5474/3779/3736 5475/3780/3737 5476/3781/3738
f 5476/3781/3738 5475/3780/3737 5477/3782/3739
f 5476/3781/3738 5477/3782/3739 5478/3783/3740
f 5478/3783/3740 5477/3782/3739 5479/3784/3741
f 5478/3783/3740 5479/3784/3741 5446/3753/3710
f 5446/3753/3710 5479/3784/3741 5480/3754/3711
f 5487/3785/3742 5481/3786/3743 5482/3749/3706
f 5482/3749/3706 5481/3786/3743 5444/3750/3707
f 5483/3787/3744 5484/3788/3745 5485/3789/3746
f 5485/3789/3746 5484/3788/3745 5486/3790/3747
f 5485/3789/3746 5486/3790/3747 5487/3785/3742
f 5487/3785/3742 5486/3790/3747 5481/3786/3743
f 5488/3791/3706 5507/3792/3748 5508/3793/3749
f 5508/3793/3749 5507/3792/3748 5489/3794/3709
f 5490/3795/3750 5515/3796/3705 5491/3797/3730
f 5491/3797/3730 5515/3796/3705 5492/3798/3731
f 5491/3797/3730 5492/3798/3731 5493/3799/3732
f 5493/3799/3732 5492/3798/3731 5494/3800/3733
f 5493/3799/3732 5494/3800/3733 5495/3801/3734
f 5495/3801/3734 5494/3800/3733 5496/3802/3735
f 5495/3801/3734 5496/3802/3735 5497/3803/3736
f 5497/3803/3736 5496/3802/3735 5498/3804/3737
f 5497/3803/3736 5498/3804/3737 5499/3805/3738
f 5499/3805/3738 5498/3804/3737 5500/3806/3739
f 5499/3805/3738 5500/3806/3739 5501/3807/3740
f 5501/3807/3740 5500/3806/3739 5502/3808/3751
f 5501/3807/3740 5502/3808/3751 5503/3809/3752
f 5503/3809/3752 5502/3808/3751 5504/3810/3753
f 5505/3811/3742 5506/3812/3743 5488/3791/3706
f 5488/3791/3706 5506/3812/3743 5507/3792/3748
f 5529/3813/3746 5530/3814/3747 5505/3811/3742
f 5505/3811/3742 5530/3814/3747 5506/3812/3743
f 5508/3793/3749 5489/3794/3709 5509/3815/3728
f 5509/3815/3728 5489/3794/3709 5510/3816/3729
f 5509/3815/3728 5510/3816/3729 5531/3817/3686
f 5531/3817/3686 5510/3816/3729 5511/3818/3687
f 5512/3819/3724 5538/3820/3725 5513/3821/3726
f 5513/3821/3726 5538/3820/3725 5514/3822/3727
f 5517/3823/3754 5518/3824/3703 5490/3795/3750
f 5490/3795/3750 5518/3824/3703 5515/3796/3705
f 5516/3825/3700 5520/3826/3701 5517/3823/3754
f 5517/3823/3754 5520/3826/3701 5518/3824/3703
f 5519/3827/3755 5522/3828/3699 5516/3825/3700
f 5516/3825/3700 5522/3828/3699 5520/3826/3701
f 5523/3829/3696 5521/3830/3697 5519/3827/3755
f 5519/3827/3755 5521/3830/3697 5522/3828/3699
f 5525/3831/3756 5526/3832/3695 5523/3829/3696
f 5523/3829/3696 5526/3832/3695 5521/3830/3697
f 5524/3833/3692 5536/3834/3757 5525/3831/3756
f 5525/3831/3756 5536/3834/3757 5526/3832/3695
f 5527/3835/3758 5528/3836/3745 5529/3813/3746
f 5529/3813/3746 5528/3836/3745 5530/3814/3747
f 5531/3817/3686 5511/3818/3687 5532/3837/3688
f 5532/3837/3688 5511/3818/3687 5533/3838/3689
f 5532/3837/3688 5533/3838/3689 5534/3839/3690
f 5534/3839/3690 5533/3838/3689 5535/3840/3691
f 5534/3839/3690 5535/3840/3691 5524/3833/3692
f 5524/3833/3692 5535/3840/3691 5536/3834/3757
f 5537/3841/3722 5540/3842/3723 5512/3819/3724
f 5512/3819/3724 5540/3842/3723 5538/3820/3725
f 5539/3843/3720 5541/3844/3721 5537/3841/3722
f 5537/3841/3722 5541/3844/3721 5540/3842/3723
f 5544/3845/3759 5545/3846/3719 5539/3843/3720
f 5539/3843/3720 5545/3846/3719 5541/3844/3721
f 5542/3847/3716 5543/3848/3717 5544/3845/3759
f 5544/3845/3759 5543/3848/3717 5545/3846/3719
f 5546/3849/3760 5549/3850/3761 5542/3847/3716
f 5542/3847/3716 5549/3850/3761 5543/3848/3717
f 5503/3809/3752 5504/3810/3753 5547/3851/3762
f 5547/3851/3762 5504/3810/3753 5548/3852/3713
f 5547/3851/3762 5548/3852/3713 5546/3849/3760
f 5546/3849/3760 5548/3852/3713 5549/3850/3761
f 5550/3853/5 5553/3854/767 5551/3855/5
f 5551/3855/5 5553/3854/767 5552/2871/767
f 5554/3856/5 5341/3857/767 5550/3853/5
f 5550/3853/5 5341/3857/767 5553/3854/767
f 5554/3856/5 5572/3858/5 5569/3859/5
f 5569/3859/5 5572/3858/5 5555/3860/5
f 5567/3861/5 5568/3862/767 5562/3863/5
f 5562/3863/5 5568/3862/767 5556/3864/767
f 5557/3865/5 5353/3866/767 5322/3867/26
f 5322/3867/26 5353/3866/767 5354/2879/763
f 5322/3867/26 5335/3868/3684 5557/3865/5
f 5557/3865/5 5335/3868/3684 5561/3869/5
f 5558/3632/5 5566/3578/5 5559/3633/5
f 5559/3633/5 5566/3578/5 5560/3582/5
f 5559/3633/5 5336/3581/26 5558/3632/5
f 5558/3632/5 5336/3581/26 5321/3577/26
f 5561/3869/5 5335/3868/3684 5559/3633/5
f 5559/3633/5 5335/3868/3684 5336/3581/26
f 5573/3870/5 5563/2881/767 5557/3865/5
f 5557/3865/5 5563/2881/767 5353/3866/767
f 5562/3863/5 5556/3864/767 5573/3870/5
f 5573/3870/5 5556/3864/767 5563/2881/767
f 5564/3623/5 5560/3582/5 5565/3602/5
f 5565/3602/5 5560/3582/5 5566/3578/5
f 5575/3871/5 5574/3872/5 5564/3623/5
f 5564/3623/5 5574/3872/5 5560/3582/5
f 5551/3855/5 5552/2871/767 5567/3861/5
f 5567/3861/5 5552/2871/767 5568/3862/767
f 5569/3859/5 5570/2873/760 5554/3856/5
f 5554/3856/5 5570/2873/760 5341/3857/767
f 5571/3873/5 5577/3589/5 5572/3858/5
f 5572/3858/5 5577/3589/5 5555/3860/5
f 5557/3865/5 5561/3869/5 5573/3870/5
f 5573/3870/5 5561/3869/5 5574/3872/5
f 5559/3633/5 5560/3582/5 5561/3869/5
f 5561/3869/5 5560/3582/5 5574/3872/5
f 5573/3870/5 5574/3872/5 5562/3863/5
f 5562/3863/5 5574/3872/5 5575/3871/5
f 5576/3873/5 5394/3589/5 5571/3709/5
f 5571/3709/5 5394/3589/5 5577/3590/5
usemtl RefRep.23_SH_initial_loader.002
f 5605/3874/881 5604/3875/881 5578/3876/600
f 5578/3876/600 5604/3875/881 5579/3877/600
f 5580/3878/25 5606/2883/25 5583/3879/881
f 5583/3879/881 5606/2883/25 5584/2882/881
f 5581/3880/25 5582/2874/25 5586/10/881
f 5586/10/881 5582/2874/25 5587/663/881
f 5607/3881/25 5611/3882/25 5253/3883/143
f 5253/3883/143 5611/3882/25 5254/3884/2543
f 5583/3885/881 5584/3886/881 5596/3887/600
f 5596/3887/600 5584/3886/881 5585/2614/600
f 5586/3888/881 5587/3889/881 5588/3890/600
f 5586/3888/881 5588/3890/600 5589/3891/600
f 5586/3888/881 5589/3891/600 5590/3892/881
f 5590/3892/881 5589/3891/600 5579/3877/600
f 5590/3892/881 5579/3877/600 5604/3875/881
f 5581/3880/25 5586/10/881 5590/2878/881
f 5581/3880/25 5590/2878/881 5601/2875/25
f 5595/3893/25 5608/3894/25 5594/3895/25
f 5595/3893/25 5594/3895/25 5591/3896/25
f 5593/3897/25 5592/3898/25 5594/3895/25
f 5593/3897/25 5594/3895/25 5608/3894/25
f 5581/3880/25 5595/3893/25 5591/3896/25
f 5581/3880/25 5591/3896/25 5582/2874/25
f 5592/3898/25 5593/3897/25 5384/3899/767
f 5592/3898/25 5384/3899/767 5376/3900/767
f 5583/3885/881 5596/3887/600 5599/3901/600
f 5583/3885/881 5599/3901/600 5597/3902/881
f 5580/3878/25 5583/3879/881 5597/3649/881
f 5580/3878/25 5597/3649/881 5598/3903/25
f 5597/3902/881 5599/3901/600 5268/3904/502
f 5597/3902/881 5268/3904/502 5298/3905/3680
f 5598/3903/25 5597/3649/881 5298/2886/3680
f 5598/3903/25 5298/2886/3680 5600/2885/143
f 5604/3686/881 5603/3906/25 5601/2875/25
f 5604/3686/881 5601/2875/25 5590/2878/881
f 5605/3688/881 5602/3907/25 5603/3906/25
f 5605/3688/881 5603/3906/25 5604/3686/881
f 5605/3874/881 5578/3876/600 5585/2614/600
f 5605/3874/881 5585/2614/600 5584/3886/881
f 5602/3907/25 5605/3688/881 5584/2882/881
f 5602/3907/25 5584/2882/881 5606/2883/25
f 5607/3881/25 5253/3883/143 5283/3908/3678
f 5607/3881/25 5283/3908/3678 5385/3909/767
f 5610/3910/25 5593/3897/25 5608/3894/25
f 5610/3910/25 5608/3894/25 5609/3911/25
f 5593/3897/25 5610/3910/25 5388/3912/767
f 5593/3897/25 5388/3912/767 5384/3899/767
f 5610/3910/25 5607/3881/25 5385/3909/767
f 5610/3910/25 5385/3909/767 5388/3912/767
f 5607/3881/25 5610/3910/25 5609/3911/25
f 5607/3881/25 5609/3911/25 5611/3882/25
usemtl RefRep.24_SH_initial_loader.002
f 5651/3903/600 5618/2885/502 5652/3913/600
f 5652/3913/600 5618/2885/502 5642/2887/502
f 5624/3914/600 5612/3915/600 5644/3916/600
f 5644/3916/600 5612/3915/600 5638/2884/600
f 5628/3917/600 5625/3918/600 5645/3919/600
f 5645/3919/600 5625/3918/600 5613/3920/600
f 5664/3921/600 5665/2880/600 5621/3922/600
f 5621/3922/600 5665/2880/600 5614/3923/600
f 5639/3924/600 5612/3915/600 5622/3925/600
f 5622/3925/600 5612/3915/600 5614/3923/600
f 5678/3926/600 5685/2870/600 5646/3927/600
f 5646/3927/600 5685/2870/600 5615/3928/600
f 5616/3649/600 5617/2886/3672 5651/3903/600
f 5651/3903/600 5617/2886/3672 5618/2885/502
f 5646/3927/600 5619/3929/600 5678/3926/600
f 5678/3926/600 5619/3929/600 5620/3674/600
f 5621/3922/600 5640/3930/600 5664/3921/600
f 5664/3921/600 5640/3930/600 5682/3656/600
f 5622/3925/600 5614/3923/600 5623/3681/600
f 5623/3681/600 5614/3923/600 5665/2880/600
f 5621/3922/600 5614/3923/600 5624/3914/600
f 5624/3914/600 5614/3923/600 5612/3915/600
f 5623/3681/600 5620/3674/600 5622/3925/600
f 5622/3925/600 5620/3674/600 5619/3929/600
f 5645/3919/600 5613/3920/600 5646/3927/600
f 5646/3927/600 5613/3920/600 5619/3929/600
f 5622/3925/600 5619/3929/600 5639/3924/600
f 5639/3924/600 5619/3929/600 5613/3920/600
f 5639/3924/600 5613/3920/600 5637/3931/600
f 5637/3931/600 5613/3920/600 5625/3918/600
f 5637/3931/600 5625/3918/600 5657/3907/600
f 5657/3907/600 5625/3918/600 5630/3906/600
f 5657/3907/600 5630/3906/600 5655/3688/600
f 5655/3688/600 5630/3906/600 5626/3686/600
f 5627/3932/600 5630/3906/600 5628/3917/600
f 5628/3917/600 5630/3906/600 5625/3918/600
f 5628/3917/600 5629/2877/600 5627/3932/600
f 5627/3932/600 5629/2877/600 5636/2875/600
f 5631/3933/600 5626/3686/600 5627/3932/600
f 5627/3932/600 5626/3686/600 5630/3906/600
f 5627/3932/600 5636/2875/600 5631/3933/600
f 5631/3933/600 5636/2875/600 5632/2878/1837
f 5615/3928/600 5685/2870/600 5648/3934/600
f 5648/3934/600 5685/2870/600 5676/2872/600
f 5633/2874/600 5636/2875/600 5634/2876/600
f 5634/2876/600 5636/2875/600 5629/2877/600
f 5635/663/600 5632/2878/1837 5633/2874/600
f 5633/2874/600 5632/2878/1837 5636/2875/600
f 5637/3931/600 5638/2884/600 5639/3924/600
f 5639/3924/600 5638/2884/600 5612/3915/600
f 5624/3914/600 5643/3935/600 5621/3922/600
f 5621/3922/600 5643/3935/600 5640/3930/600
f 5640/3930/600 5643/3935/600 5641/2298/502
f 5641/2298/502 5643/3935/600 5302/2303/3681
f 5652/3913/600 5642/2887/502 5643/3935/600
f 5643/3935/600 5642/2887/502 5302/2303/3681
f 5641/2298/502 5669/2299/502 5640/3930/600
f 5640/3930/600 5669/2299/502 5682/3656/600
f 5644/3916/600 5652/3913/600 5624/3914/600
f 5624/3914/600 5652/3913/600 5643/3935/600
f 5645/3919/600 5647/3936/600 5628/3917/600
f 5628/3917/600 5647/3936/600 5629/2877/600
f 5646/3927/600 5615/3928/600 5645/3919/600
f 5645/3919/600 5615/3928/600 5647/3936/600
f 5648/3934/600 5649/3937/600 5615/3928/600
f 5615/3928/600 5649/3937/600 5647/3936/600
f 5649/3937/600 5634/2876/600 5647/3936/600
f 5647/3936/600 5634/2876/600 5629/2877/600
f 5650/3879/600 5616/3649/600 5653/3878/600
f 5653/3878/600 5616/3649/600 5651/3903/600
f 5653/3878/600 5651/3903/600 5644/3916/600
f 5644/3916/600 5651/3903/600 5652/3913/600
f 5644/3916/600 5638/2884/600 5653/3878/600
f 5653/3878/600 5638/2884/600 5654/2883/600
f 5653/3878/600 5654/2883/600 5650/3879/600
f 5650/3879/600 5654/2883/600 5656/2882/1837
f 5657/3907/600 5654/2883/600 5637/3931/600
f 5637/3931/600 5654/2883/600 5638/2884/600
f 5655/3688/600 5656/2882/1837 5657/3907/600
f 5657/3907/600 5656/2882/1837 5654/2883/600
f 5658/3938/600 5684/3939/600 5683/3940/600
f 5683/3940/600 5684/3939/600 5659/3861/600
f 5660/3941/600 5661/3942/600 5666/3943/600
f 5666/3943/600 5661/3942/600 5662/3865/600
f 5668/3944/502 5270/3945/502 5667/3946/600
f 5667/3946/600 5270/3945/502 5661/3942/600
f 5663/3947/600 5671/3948/600 5664/3921/600
f 5664/3921/600 5671/3948/600 5665/2880/600
f 5663/3947/600 5667/3946/600 5660/3941/600
f 5660/3941/600 5667/3946/600 5661/3942/600
f 5666/3943/600 5673/3870/600 5660/3941/600
f 5660/3941/600 5673/3870/600 5692/3949/600
f 5666/3943/600 5662/3865/600 5693/3950/600
f 5693/3950/600 5662/3865/600 5681/3866/600
f 5662/3865/600 5661/3942/600 5269/3867/502
f 5269/3867/502 5661/3942/600 5270/3945/502
f 5667/3946/600 5682/3656/600 5668/3944/502
f 5668/3944/502 5682/3656/600 5669/2299/502
f 5670/3951/600 5677/3952/600 5623/3681/600
f 5623/3681/600 5677/3952/600 5620/3674/600
f 5670/3951/600 5671/3948/600 5695/3953/600
f 5695/3953/600 5671/3948/600 5692/3949/600
f 5672/3863/600 5659/3861/600 5695/3953/600
f 5695/3953/600 5659/3861/600 5684/3939/600
f 5672/3863/600 5673/3870/600 5674/3864/600
f 5674/3864/600 5673/3870/600 5694/2881/600
f 5683/3940/600 5659/3861/600 5245/3954/3677
f 5245/3954/3677 5659/3861/600 5277/3862/600
f 5687/3855/600 5244/2871/600 5686/3859/600
f 5686/3859/600 5244/2871/600 5675/2873/600
f 5690/3955/600 5676/2872/600 5689/3956/600
f 5689/3956/600 5676/2872/600 5685/2870/600
f 5695/3953/600 5684/3939/600 5670/3951/600
f 5670/3951/600 5684/3939/600 5677/3952/600
f 5678/3926/600 5620/3674/600 5679/3957/600
f 5679/3957/600 5620/3674/600 5677/3952/600
f 5674/3864/600 5277/3862/600 5672/3863/600
f 5672/3863/600 5277/3862/600 5659/3861/600
f 5269/3867/502 5680/2879/1518 5662/3865/600
f 5662/3865/600 5680/2879/1518 5681/3866/600
f 5664/3921/600 5682/3656/600 5663/3947/600
f 5663/3947/600 5682/3656/600 5667/3946/600
f 5245/3954/3677 5244/2871/600 5683/3940/600
f 5683/3940/600 5244/2871/600 5687/3855/600
f 5683/3940/600 5687/3855/600 5658/3938/600
f 5658/3938/600 5687/3855/600 5688/3958/600
f 5658/3938/600 5688/3958/600 5679/3957/600
f 5679/3957/600 5688/3958/600 5689/3956/600
f 5679/3957/600 5677/3952/600 5658/3938/600
f 5658/3938/600 5677/3952/600 5684/3939/600
f 5679/3957/600 5689/3956/600 5678/3926/600
f 5678/3926/600 5689/3956/600 5685/2870/600
f 5686/3859/600 5691/3959/600 5687/3855/600
f 5687/3855/600 5691/3959/600 5688/3958/600
f 5689/3956/600 5688/3958/600 5690/3955/600
f 5690/3955/600 5688/3958/600 5691/3959/600
f 5623/3681/600 5665/2880/600 5670/3951/600
f 5670/3951/600 5665/2880/600 5671/3948/600
f 5660/3941/600 5692/3949/600 5663/3947/600
f 5663/3947/600 5692/3949/600 5671/3948/600
f 5693/3950/600 5694/2881/600 5666/3943/600
f 5666/3943/600 5694/2881/600 5673/3870/600
f 5695/3953/600 5692/3949/600 5672/3863/600
f 5672/3863/600 5692/3949/600 5673/3870/600
usemtl RefRep.25_SH_initial_loader.002
f 5749/2890/3002 4707/3024/3136 5697/3960/3763
f 4661/3961/3764 5749/2890/3002 5697/3960/3763
f 5749/2890/3002 4661/3961/3764 5696/3962/3765
f 5991/3963/3765 5749/2890/3002 5696/3962/3765
f 4707/3024/3136 4660/3964/3766 5697/3960/3763
f 4660/3964/3766 4707/3024/3136 5698/3025/3137
f 5699/3013/3125 5719/2969/3081 5720/3011/3123
f 4769/3029/3141 4708/3031/3143 4731/3965/3767
f 5705/3966/3768 4773/3130/3244 4731/3965/3767
f 4651/2938/3050 5700/3102/3216 5702/3967/3769
f 4651/2938/3050 5702/3967/3769 4746/3100/3214
f 5880/2928/3040 4745/3101/3215 4642/2929/3041
f 4709/3034/3146 4639/3033/3145 4710/3035/3147
f 4769/3029/3141 4711/3032/3144 4712/3030/3142
f 5703/3099/3213 5766/3098/3212 4773/3130/3244
f 5703/3099/3213 4773/3130/3244 5704/3273/3770
f 4773/3130/3244 4730/3274/3771 5704/3273/3770
f 4730/3274/3771 4773/3130/3244 5705/3966/3768
f 4773/3130/3244 4769/3029/3141 4731/3965/3767
f 4699/3006/3118 5875/3327/3463 5780/3027/3139
f 6010/3001/3113 5780/3027/3139 4694/2997/3109
f 4705/3020/3132 4912/3012/3124 4704/3016/3128
f 4777/3084/3198 5712/3086/3200 4736/3085/3199
f 4643/2943/3055 5711/2930/3042 5714/3968/3772
f 5715/3090/3204 5900/3088/3202 5718/3969/3773
f 4643/2943/3055 5880/2928/3040 5711/2930/3042
f 4644/3970/3774 4643/2943/3055 5714/3968/3772
f 4643/2943/3055 4644/3970/3774 5716/3092/3206
f 5718/3969/3773 5900/3088/3202 4643/2943/3055
f 4643/2943/3055 4738/3971/3775 5718/3969/3773
f 4738/3971/3775 4643/2943/3055 4739/3091/3205
f 5719/2969/3081 5721/3007/3119 4701/3972/3776
f 4701/3972/3776 5721/3007/3119 5722/3009/3121
f 5719/2969/3081 4701/3972/3776 4702/3010/3122
f 5721/3007/3119 4700/2964/3076 5723/3008/3120
f 5724/2966/3078 4671/2965/3077 5725/3047/3159
f 5728/3082/3196 5727/3080/3194 4777/3084/3198
f 5880/2928/3040 4651/2938/3050 4745/3101/3215
f 4901/3973/3777 5731/3310/3442 5721/3007/3119
f 5719/2969/3081 4900/3163/3443 5721/3007/3119
f 4900/3163/3443 4901/3973/3777 5721/3007/3119
f 4912/3012/3124 5733/3974/3778 5719/2969/3081
f 5733/3974/3778 4672/2967/3079 5719/2969/3081
f 4912/3012/3124 5734/3975/3779 5733/3974/3778
f 5735/2039/3780 5734/3975/3779 4912/3012/3124
f 4912/3012/3124 5736/3976/3781 5735/2039/3780
f 5737/3333/3469 5736/3976/3781 4912/3012/3124
f 5739/3142/3256 4779/3977/3782 5740/3143/3257
f 5739/3142/3256 5741/3144/3258 5742/3147/3261
f 5744/3149/3263 5739/3142/3256 5743/3148/3262
f 5745/2011/3267 4783/3152/3266 5739/3142/3256
f 5739/3142/3256 4782/3150/3264 5745/2011/3267
f 4785/3154/3269 4783/3152/3266 5768/3153/3268
f 5747/2959/3071 5770/3978/3783 5749/2890/3002
f 5748/2957/3069 5746/2958/3070 5749/2890/3002
f 5993/2949/3061 4663/2956/3068 4664/2888/3000
f 5750/2955/3067 5993/2949/3061 4666/2953/3065
f 4666/2953/3065 5993/2949/3061 5751/3245/3784
f 4666/2953/3065 5751/3245/3784 5752/2954/3066
f 5753/3341/3477 5750/2955/3067 4666/2953/3065
f 5755/3979/3785 5754/3340/3476 4666/2953/3065
f 4666/2953/3065 4917/3343/3479 5755/3979/3785
f 4894/3121/3435 4895/3051/3163 4717/3045/3157
f 4898/3305/3437 4896/3304/3436 4717/3045/3157
f 5759/3337/3473 4914/3017/3129 4707/3024/3136
f 4914/3017/3129 4913/3336/3472 5761/3334/3470
f 5761/3334/3470 4912/3012/3124 4914/3017/3129
f 4717/3045/3157 5762/3048/3160 5726/3046/3158
f 4740/3054/3166 4741/3187/3786 5763/3093/3207
f 4741/3187/3786 4740/3054/3166 4742/3980/3787
f 4740/3054/3166 4680/3095/3209 4743/3981/3788
f 4742/3980/3787 4740/3054/3166 4743/3981/3788
f 4680/3095/3209 4744/3982/3789 4743/3981/3788
f 4744/3982/3789 4680/3095/3209 5765/3094/3208
f 4680/3095/3209 5766/3098/3212 5764/3096/3210
f 5766/3098/3212 5767/3097/3211 5764/3096/3210
f 5770/3978/3783 4915/3339/3475 5749/2890/3002
f 5771/3158/3273 4785/3154/3269 4787/3157/3272
f 5772/3199/3318 5942/3159/3274 4788/3160/3275
f 5846/3214/3333 4829/3136/3250 5774/3135/3249
f 4919/3345/3481 4918/3342/3478 4666/2953/3065
f 4920/3326/3462 5775/3344/3480 4666/2953/3065
f 4694/2997/3109 4920/3326/3462 4666/2953/3065
f 4694/2997/3109 4666/2953/3065 4670/3983/3790
f 4670/3983/3790 4666/2953/3065 4669/2963/3075
f 5780/3027/3139 5876/3328/3464 5779/2005/3458
f 4707/3024/3136 4916/3338/3474 5759/3337/3473
f 4813/3295/3424 5798/3984/3791 5782/3985/3792
f 5781/3986/3793 4813/3295/3424 5782/3985/3792
f 5915/3318/3451 4813/3295/3424 5783/3321/3456
f 5783/3321/3456 4813/3295/3424 5781/3986/3793
f 4903/3987/3794 4904/3313/3446 5785/3141/3454
f 4869/3270/3393 4868/3172/3290 5786/3169/3287
f 5786/3169/3287 4866/3988/3795 4867/3989/3796
f 5787/3188/3307 4866/3988/3795 5786/3169/3287
f 5788/3116/3230 5787/3188/3307 5786/3169/3287
f 5789/3050/3391 4864/3185/3303 4759/3120/3234
f 4759/3120/3234 4864/3185/3303 5788/3116/3230
f 4872/3275/3399 4873/2166/3283 5790/3129/3401
f 5792/3359/3498 4798/3280/3407 5791/2935/3797
f 4931/3358/3497 4933/3361/3500 5793/3990/3798
f 4934/3363/3502 4931/3358/3497 5793/3990/3798
f 5795/3193/3312 4818/3365/3504 4819/3194/3313
f 5796/3191/3310 5797/3190/3309 4817/3192/3311
f 4816/3189/3308 4813/3295/3424 5797/3190/3309
f 4813/3295/3424 4816/3189/3308 4815/3991/3799
f 4814/3992/3800 4813/3295/3424 4815/3991/3799
f 4813/3295/3424 4814/3992/3800 5798/3984/3791
f 4854/3175/3293 4875/3279/3406 5820/3254/3373
f 5800/3035/3405 4875/3279/3406 5839/3165/3281
f 4872/3275/3399 5802/3993/3801 4874/3276/3402
f 4872/3275/3399 4874/3276/3402 5839/3165/3281
f 4872/3275/3399 5803/3994/3802 5802/3993/3801
f 5804/3274/3398 5803/3994/3802 4872/3275/3399
f 4797/3168/3285 5804/3274/3398 4872/3275/3399
f 4797/3168/3285 5806/3995/3803 4870/3272/3395
f 5807/3271/3394 5806/3995/3803 4868/3172/3290
f 4868/3172/3290 5806/3995/3803 4797/3168/3285
f 4867/3989/3796 4869/3270/3393 5786/3169/3287
f 5739/3142/3256 5808/3246/3365 5907/3145/3259
f 4860/3263/3385 4862/3996/3804 5809/3264/3386
f 5810/3997/3805 4862/3996/3804 4762/3123/3237
f 4762/3123/3237 4862/3996/3804 4860/3263/3385
f 4762/3123/3237 4860/3263/3385 5829/3266/3388
f 5812/3998/3806 5810/3997/3805 4762/3123/3237
f 4762/3123/3237 4859/3999/3807 5812/3998/3806
f 5813/4000/3808 4859/3999/3807 5814/3161/3276
f 5814/3161/3276 4859/3999/3807 4762/3123/3237
f 4858/3262/3384 5813/4000/3808 5814/3161/3276
f 4856/3011/3380 4857/3010/3383 5884/3259/3378
f 4854/3175/3293 5817/3290/3417 4804/3182/3300
f 4804/3182/3300 5817/3290/3417 4881/4001/3809
f 4804/3182/3300 4881/4001/3809 4882/4002/3810
f 4879/4003/3811 4880/3288/3415 4854/3175/3293
f 4854/3175/3293 5818/3256/3375 4879/4003/3811
f 5958/2970/3082 4826/2975/3087 4824/3205/3324
f 5958/2970/3082 4824/3205/3324 4823/3204/3323
f 5821/3203/3322 5822/3282/3409 5958/2970/3082
f 5823/4004/3812 5822/3282/3409 5821/3203/3322
f 5822/3282/3409 5823/4004/3812 5824/2931/3813
f 5824/2931/3813 4798/3280/3407 5822/3282/3409
f 4798/3280/3407 5824/2931/3813 5791/2935/3797
f 5826/3201/3320 4821/3197/3316 4820/3196/3315
f 4762/3123/3237 5829/3266/3388 4763/4005/3814
f 5811/3267/3389 4860/3263/3385 4760/3122/3236
f 5852/2983/3095 5830/3229/3348 5831/2905/3490
f 5834/3210/3329 4941/2978/3090 5833/2912/3815
f 4941/2978/3090 5832/4006/3816 5833/2912/3815
f 5832/4006/3816 4941/2978/3090 5938/3357/3496
f 4826/2975/3087 4827/3209/3328 4828/3208/3327
f 4826/2975/3087 4941/2978/3090 5834/3210/3329
f 5836/4007/3817 5837/3212/3331 4808/4008/3818
f 5837/3212/3331 4809/3211/3330 4808/4008/3818
f 4807/4009/3819 5837/3212/3331 5836/4007/3817
f 4804/3182/3300 4807/4009/3819 4805/3183/3301
f 4807/4009/3819 4804/3182/3300 5837/3212/3331
f 4803/3180/3298 4854/3175/3293 4806/3184/3302
f 4801/4010/3820 4854/3175/3293 4802/3179/3297
f 4854/3175/3293 4801/4010/3820 4800/4011/3821
f 4799/3178/3296 4854/3175/3293 4800/4011/3821
f 4854/3175/3293 5840/3177/3295 5842/3176/3294
f 5841/4012/3822 5839/3165/3281 5842/3176/3294
f 5839/3165/3281 5841/4012/3822 5843/3166/3282
f 4830/3215/3334 5845/3216/3335 4829/3136/3250
f 5830/3229/3348 5847/3228/3347 4836/4013/3823
f 5849/3226/3345 5848/3227/3346 5852/2983/3095
f 5852/2983/3095 4835/3223/3342 5850/3224/3343
f 5852/2983/3095 4834/3221/3340 5853/3222/3341
f 5854/3316/3449 4904/3313/3446 4903/3987/3794
f 5856/2932/3044 5972/2921/3033 4646/2933/3045
f 5972/2921/3033 5856/2932/3044 4635/2924/3036
f 5972/2921/3033 5977/2919/3031 5859/2922/3034
f 5923/2914/3026 5860/2918/3030 4634/4014/3824
f 5923/2914/3026 4634/4014/3824 5861/2915/3027
f 5977/2919/3031 5860/2918/3030 5923/2914/3026
f 5923/2914/3026 4633/2916/3028 4632/2913/3025
f 5923/2914/3026 5862/2912/3024 4921/2908/3020
f 4630/2911/3023 5863/2907/3019 4921/2908/3020
f 4629/2902/3014 5864/2909/3021 4628/4015/3825
f 4680/3095/3209 4907/3322/3457 4682/3171/3826
f 4680/3095/3209 4682/3171/3826 4681/4016/3827
f 4680/3095/3209 4681/4016/3827 4679/4017/3828
f 4680/3095/3209 4679/4017/3828 5766/3098/3212
f 5766/3098/3212 4679/4017/3828 5865/4018/3829
f 5865/4018/3829 5866/4019/3830 5766/3098/3212
f 5766/3098/3212 5866/4019/3830 4773/3130/3244
f 5866/4019/3830 4772/3134/3248 4773/3130/3244
f 4769/3029/3141 4770/3131/3245 4766/4020/3831
f 4769/3029/3141 4766/4020/3831 4767/4021/3832
f 4769/3029/3141 4767/4021/3832 4639/3033/3145
f 4639/3033/3145 4767/4021/3832 5868/4022/3833
f 4639/3033/3145 5868/4022/3833 4765/3127/3241
f 5870/4023/3834 5871/4024/3835 4648/2934/3046
f 4648/2934/3046 5871/4024/3835 4650/4025/3836
f 4648/2934/3046 4650/4025/3836 5872/4026/3837
f 4648/2934/3046 5872/4026/3837 4649/2936/3048
f 4648/2934/3046 4647/2937/3049 5869/2935/3047
f 4779/3977/3782 5739/3142/3256 5907/3145/3259
f 4779/3977/3782 5907/3145/3259 4780/4027/3838
f 4780/4027/3838 5907/3145/3259 5873/2956/3187
f 4911/3331/3467 5874/3329/3465 4688/2989/3101
f 5874/3329/3465 4910/2893/3005 4688/2989/3101
f 4910/2893/3005 4909/3330/3466 4699/3006/3118
f 4699/3006/3118 4909/3330/3466 4908/4028/3839
f 4699/3006/3118 4908/4028/3839 5875/3327/3463
f 4628/4015/3825 4626/2903/3015 4629/2902/3014
f 4777/3084/3198 5877/3140/3254 5900/3088/3202
f 4643/2943/3055 4659/2948/3060 4658/2945/3057
f 5900/3088/3202 4774/3138/3252 4643/2943/3055
f 4657/2946/3058 4656/4029/3840 4643/2943/3055
f 4643/2943/3055 4656/4029/3840 5879/2944/3056
f 4651/2938/3050 4652/2940/3052 4648/2934/3046
f 4648/2934/3046 4652/2940/3052 5870/4023/3834
f 4837/4030/3841 5896/3230/3349 5881/3218/3337
f 4832/4031/3842 4833/3219/3338 5852/2983/3095
f 5884/3259/3378 4855/3258/3377 5883/3260/3379
f 5922/3060/3172 5884/3259/3378 5885/2040/3381
f 4852/3253/3372 4853/3257/3376 5920/3056/3168
f 5887/4032/3843 5886/3252/3371 5920/3056/3168
f 4849/3061/3173 4851/4033/3844 5887/4032/3843
f 5887/4032/3843 5920/3056/3168 4849/3061/3173
f 4849/3061/3173 4850/4034/3845 4851/4033/3844
f 5888/3251/3370 4850/4034/3845 4849/3061/3173
f 5890/3066/3178 4844/4035/3846 4843/3249/3368
f 5739/3142/3256 4865/3239/3358 5891/3269/3392
f 4840/4036/3847 4841/3235/3354 5739/3142/3256
f 4783/3152/3266 4839/4037/3848 4840/4036/3847
f 4840/4036/3847 5739/3142/3256 4783/3152/3266
f 4783/3152/3266 5894/3234/3353 4839/4037/3848
f 4750/4009/3849 4751/4038/3850 4716/3110/3224
f 4716/3110/3224 4753/4039/3851 4750/4009/3849
f 4752/3109/3223 4753/4039/3851 4716/3110/3224
f 4637/2925/3037 4716/3110/3224 6004/3044/3156
f 5727/3080/3194 4751/4038/3850 4749/3108/3222
f 4716/3110/3224 4751/4038/3850 5727/3080/3194
f 4778/3106/3220 4776/4040/3852 4777/3084/3198
f 5727/3080/3194 4778/3106/3220 4777/3084/3198
f 4776/4040/3852 4775/3141/3255 4777/3084/3198
f 5901/3302/3433 4740/3054/3166 4895/3051/3163
f 5906/3240/3359 4844/4035/3846 5890/3066/3178
f 4639/3033/3145 4640/3128/3242 5910/4041/3853
f 4639/3033/3145 5910/4041/3853 4637/2925/3037
f 5910/4041/3853 4638/2926/3038 4637/2925/3037
f 4637/2925/3037 4636/2927/3039 4756/3114/3228
f 4797/3168/3285 5912/3167/3284 5913/4042/3854
f 4793/4043/3855 4797/3168/3285 5913/4042/3854
f 5914/3320/3453 4905/4044/3856 5915/3318/3451
f 5915/3318/3451 4905/4044/3856 4813/3295/3424
f 4905/4044/3856 4906/4045/3857 4813/3295/3424
f 4813/3295/3424 4906/4045/3857 5916/4046/3858
f 4813/3295/3424 5916/4046/3858 5932/4047/3859
f 4797/3168/3285 4872/3275/3399 4792/3133/3286
f 5919/3063/3175 5920/3056/3168 4723/3055/3167
f 4722/3057/3169 5920/3056/3168 4721/3058/3170
f 4760/3122/3236 4860/3263/3385 4759/3120/3234
f 5788/3116/3230 4758/3115/3229 4757/3118/3232
f 5788/3116/3230 4795/3301/3860 5926/3117/3231
f 4795/3301/3860 5788/3116/3230 5786/3169/3287
f 4795/3301/3860 5786/3169/3287 5927/4048/3861
f 5927/4048/3861 5786/3169/3287 4794/3171/3289
f 5786/3169/3287 4868/3172/3290 5928/3170/3288
f 4797/3168/3285 4793/4043/3855 4796/3174/3292
f 4804/3182/3300 4882/4002/3810 5930/4049/3862
f 4804/3182/3300 5930/4049/3862 5837/3212/3331
f 5837/3212/3331 5930/4049/3862 5931/4050/3863
f 5837/3212/3331 5931/4050/3863 4883/3311/3444
f 4813/3295/3424 5932/4047/3859 4887/4051/3864
f 4887/4051/3864 4888/3296/3425 4813/3295/3424
f 5933/3299/3428 5795/3193/3312 5797/3190/3309
f 5795/3193/3312 5934/3300/3429 4891/4052/3865
f 5795/3193/3312 4891/4052/3865 5935/3368/3507
f 5795/3193/3312 5935/3368/3507 4931/3358/3497
f 5989/2897/3009 5936/2896/3008 5955/4053/3866
f 5940/3354/3491 5831/2905/3490 5937/2903/3493
f 5940/3354/3491 4928/2909/3492 4929/4054/3867
f 4930/3355/3494 5940/3354/3491 4929/4054/3867
f 5938/3357/3496 5940/3354/3491 5939/3356/3495
f 5941/3369/3508 4785/3154/3269 5942/3159/3274
f 4821/3197/3316 5941/3369/3508 5942/3159/3274
f 5944/3371/3510 5895/3233/3352 5941/3369/3508
f 5941/3369/3508 5895/3233/3352 4783/3152/3266
f 5946/3373/3512 5945/3372/3511 5941/3369/3508
f 4938/3232/3351 5941/3369/3508 4821/3197/3316
f 5852/2983/3095 5956/4055/3868 4678/4056/3869
f 5852/2983/3095 4678/4056/3869 4832/4031/3842
f 5947/3261/3382 5884/3259/3378 5815/2968/3279
f 4791/3162/3277 4762/3123/3237 4789/3126/3240
f 5948/3124/3238 4762/3123/3237 4763/4005/3814
f 4904/3313/3446 5949/3317/3450 5950/3319/3452
f 5950/3319/3452 5915/3318/3451 4904/3313/3446
f 4885/3026/3138 4884/2985/3421 5953/3291/3419
f 5989/2897/3009 4886/3293/3422 5954/3292/3420
f 5981/3294/3423 5989/2897/3009 5955/4053/3866
f 5966/3376/3515 4943/2984/3096 4939/3374/3513
f 5852/2983/3095 4677/2985/3097 5956/4055/3868
f 5822/3282/3409 4876/3281/3408 5963/3286/3413
f 4877/3075/3870 4876/3281/3408 4798/3280/3407
f 5978/4057/3871 4877/3075/3870 4798/3280/3407
f 4826/2975/3087 5964/2976/3088 4673/4058/3872
f 4673/4058/3872 4674/2977/3089 4826/2975/3087
f 4941/2978/3090 4674/2977/3089 5965/2979/3091
f 4941/2978/3090 4675/2980/3092 4676/2981/3093
f 4940/2982/3094 4942/3375/3514 4939/3374/3513
f 4921/2908/3020 4885/3026/3138 4924/3351/3487
f 4921/2908/3020 4924/3351/3487 4923/3348/3484
f 4885/3026/3138 5989/2897/3009 4884/2985/3421
f 4747/4059/3873 4648/2934/3046 4646/2933/3045
f 4648/2934/3046 4747/4059/3873 5968/3104/3218
f 4747/4059/3873 4646/2933/3045 5969/4060/3874
f 4646/2933/3045 4748/4057/3875 5969/4060/3874
f 4748/4057/3875 4646/2933/3045 5970/3075/3189
f 5971/3076/3190 5972/2921/3033 4732/2923/3035
f 5859/2922/3034 5977/2919/3031 5973/3077/3191
f 5974/3078/3192 5977/2919/3031 4927/4061/3876
f 5975/3353/3489 5923/2914/3026 5976/3352/3488
f 5977/2919/3031 5975/3353/3489 4927/4061/3876
f 4798/3280/3407 4878/3284/3411 5978/4057/3871
f 4728/3070/3182 4726/3069/3181 4727/3068/3180
f 5890/3066/3178 4849/3061/3173 5985/3064/3176
f 4725/3065/3177 4849/3061/3173 4724/4062/3877
f 4849/3061/3173 5918/3062/3174 4724/4062/3877
f 4641/4063/3878 5989/2897/3009 4685/4064/3879
f 5986/2987/3099 4688/2989/3101 4910/2893/3005
f 4685/4064/3879 5989/2897/3009 5987/4065/3880
f 5987/4065/3880 5989/2897/3009 4684/2991/3103
f 5988/2995/3107 4688/2989/3101 4686/2990/3102
f 4691/2996/3108 4692/4066/3881 4689/2993/3105
f 4693/2906/3018 4691/2996/3108 5989/2897/3009
f 5749/2890/3002 5991/3963/3765 5992/4067/3882
f 4662/2950/3062 5749/2890/3002 5992/4067/3882
f 5751/3245/3784 5993/2949/3061 5994/2951/3063
f 4665/4068/3883 4666/2953/3065 5995/2952/3064
f 4666/2953/3065 4665/4068/3883 4667/2961/3073
f 4619/2892/3004 5997/3028/3140 4910/2893/3005
f 5989/2897/3009 4641/4063/3878 4617/4069/3884
f 4921/2908/3020 4629/2902/3014 4885/3026/3138
f 4624/2895/3007 4623/2899/3011 5999/4070/3885
f 4623/2899/3011 4910/2893/3005 4625/2901/3013
f 5989/2897/3009 4618/4071/3886 4622/2898/3010
f 5989/2897/3009 4617/4069/3884 4618/4071/3886
f 4734/3081/3195 5727/3080/3194 4735/3083/3197
f 6002/4072/3887 4716/3110/3224 6000/3079/3193
f 4716/3110/3224 5727/3080/3194 6000/3079/3193
f 6001/4002/3888 4716/3110/3224 6002/4072/3887
f 4716/3110/3224 6001/4002/3888 6004/3044/3156
f 4695/2998/3110 4694/2997/3109 4670/3983/3790
f 6010/3001/3113 6007/3000/3112 6008/3002/3114
f 6010/3001/3113 4697/3004/3116 6011/3005/3117
usemtl RefRep.26_SH_initial_loader.002
f 6012/4073/39 6013/4074/39 6014/2383/39
f 6014/2383/39 6013/4074/39 6015/4075/39
f 6016/4076/5 6017/4077/5 6033/4078/5
f 6033/4078/5 6017/4077/5 6018/4079/1561
f 6019/4080/5 6027/4081/5 6016/4076/5
f 6016/4076/5 6027/4081/5 6017/4077/5
f 6032/4082/5 6020/4083/5 6021/4084/5
f 6021/4084/5 6020/4083/5 6022/4085/5
f 6019/4086/5 6032/4082/5 6023/4087/5
f 6023/4087/5 6032/4082/5 6021/4084/5
f 6189/4088/112 6024/4075/112 6187/2769/112
f 6187/2769/112 6024/4075/112 6025/4089/112
f 6023/4090/5 6026/4091/5 6019/4092/5
f 6019/4092/5 6026/4091/5 6027/2735/5
f 6028/4093/5 6029/4094/3889 6030/4095/5
f 6030/4095/5 6029/4094/3889 6031/4096/5
f 6030/4095/5 6031/4096/5 6032/4097/5
f 6032/4097/5 6031/4096/5 6020/4098/5
f 6033/4099/5 6028/4093/5 6016/4100/5
f 6016/4100/5 6028/4093/5 6030/4095/5
f 6016/4100/5 6030/4095/5 6019/4101/5
f 6019/4101/5 6030/4095/5 6032/4097/5
f 6034/4102/112 6071/4103/112 6036/4104/112
f 6036/4104/112 6071/4103/112 6035/4105/112
f 6036/4104/112 6035/4105/112 6037/4106/112
f 6037/4106/112 6035/4105/112 6085/4107/112
f 6038/4108/25 6039/4109/25 6040/4110/25
f 6040/4110/25 6039/4109/25 6041/4111/25
f 6042/4110/600 6043/4111/600 6044/4108/600
f 6044/4108/600 6043/4111/600 6045/4109/600
f 6040/4110/25 6047/4112/1196 6038/4108/25
f 6038/4108/25 6047/4112/1196 6046/4113/1502
f 6044/4108/600 6046/4114/1502 6042/4110/600
f 6042/4110/600 6046/4114/1502 6047/4115/1196
f 6048/4073/39 6049/4074/39 6050/2383/39
f 6050/2383/39 6049/4074/39 6051/4075/39
f 6052/4105/112 6090/4104/112 6054/4107/112
f 6054/4107/112 6090/4104/112 6053/4106/112
f 6054/4116/112 6053/4117/112 6055/4118/112
f 6055/4118/112 6053/4117/112 6056/4119/112
f 6055/4118/112 6056/4119/112 6078/4120/112
f 6078/4120/112 6056/4119/112 6057/4121/112
f 6052/4105/112 6058/4122/112 6100/4103/112
f 6100/4103/112 6058/4122/112 6059/4079/112
f 6060/4123/112 6061/4124/112 6142/4125/112
f 6142/4125/112 6061/4124/112 6101/4126/112
f 6092/4127/25 6062/4128/25 6063/4129/25
f 6063/4129/25 6062/4128/25 6064/4079/25
f 6037/4106/112 6088/4130/112 6036/4104/112
f 6036/4104/112 6088/4130/112 6082/4131/112
f 6036/4104/112 6082/4131/112 6034/4102/112
f 6034/4102/112 6082/4131/112 6065/4077/112
f 6066/4094/5 6067/4085/5 6068/4079/5
f 6068/4079/5 6067/4085/5 6069/4091/5
f 6054/4107/112 6070/4132/112 6052/4105/112
f 6052/4105/112 6070/4132/112 6058/4122/112
f 6071/4103/112 6072/4079/112 6035/4105/112
f 6035/4105/112 6072/4079/112 6073/4122/112
f 6085/4116/112 6086/4133/112 6074/4118/112
f 6074/4118/112 6086/4133/112 6075/4134/112
f 6074/4118/112 6075/4134/112 6076/4120/112
f 6076/4120/112 6075/4134/112 6077/4091/112
f 6078/4120/112 6079/4091/112 6055/4118/112
f 6055/4118/112 6079/4091/112 6080/4134/112
f 6055/4118/112 6080/4134/112 6054/4116/112
f 6054/4116/112 6080/4134/112 6070/4133/112
f 6081/4102/112 6065/4077/112 6090/4104/112
f 6090/4104/112 6065/4077/112 6082/4131/112
f 6053/4117/112 6088/4130/112 6056/4119/112
f 6056/4119/112 6088/4130/112 6084/4135/112
f 6056/4119/112 6084/4135/112 6057/4121/112
f 6057/4121/112 6084/4135/112 6083/4077/112
f 6089/4121/112 6083/4077/112 6087/4119/112
f 6087/4119/112 6083/4077/112 6084/4135/112
f 6035/4105/112 6073/4122/112 6085/4107/112
f 6085/4107/112 6073/4122/112 6086/4132/112
f 6087/4119/112 6084/4135/112 6037/4117/112
f 6037/4117/112 6084/4135/112 6088/4130/112
f 6037/4117/112 6085/4116/112 6087/4119/112
f 6087/4119/112 6085/4116/112 6074/4118/112
f 6087/4119/112 6074/4118/112 6089/4121/112
f 6089/4121/112 6074/4118/112 6076/4120/112
f 6090/4136/112 6082/4131/112 6053/4117/112
f 6053/4117/112 6082/4131/112 6088/4130/112
f 6092/4127/25 6094/4137/25 6095/4138/25
f 6095/4138/25 6094/4137/25 6091/4139/25
f 6095/4138/25 6099/4140/25 6092/4127/25
f 6092/4127/25 6099/4140/25 6062/4128/25
f 6063/4129/25 6093/4141/25 6092/4127/25
f 6092/4127/25 6093/4141/25 6094/4142/25
f 6095/4142/25 6091/4127/25 6097/4141/25
f 6097/4141/25 6091/4127/25 6096/4129/25
f 6097/4129/25 6098/4079/25 6095/4127/25
f 6095/4127/25 6098/4079/25 6099/4128/25
f 6100/4103/112 6081/4102/112 6052/4105/112
f 6052/4105/112 6081/4102/112 6090/4104/112
f 6142/4125/112 6101/4126/112 6140/4088/112
f 6140/4088/112 6101/4126/112 6102/4143/112
f 6103/4144/39 6104/4145/39 6105/2383/39
f 6105/2383/39 6104/4145/39 6106/4146/39
f 6107/4073/39 6108/4074/39 6109/2383/39
f 6109/2383/39 6108/4074/39 6110/4075/39
f 6111/4116/112 6112/4117/112 6120/4118/112
f 6120/4118/112 6112/4117/112 6126/4119/112
f 6116/4105/112 6115/4104/112 6111/4107/112
f 6111/4107/112 6115/4104/112 6112/4106/112
f 6113/4103/112 6114/4102/112 6116/4105/112
f 6116/4105/112 6114/4102/112 6115/4104/112
f 6115/4136/112 6131/4131/112 6112/4117/112
f 6112/4117/112 6131/4131/112 6130/4130/112
f 6116/4105/112 6117/4122/112 6113/4103/112
f 6113/4103/112 6117/4122/112 6118/4079/112
f 6145/4104/112 6131/4131/112 6143/4102/112
f 6143/4102/112 6131/4131/112 6119/4077/112
f 6120/4118/112 6126/4119/112 6121/4120/112
f 6121/4120/112 6126/4119/112 6122/4121/112
f 6142/4125/112 6123/4147/112 6060/4123/112
f 6060/4123/112 6123/4147/112 6124/3947/112
f 6125/4106/112 6130/4130/112 6145/4104/112
f 6145/4104/112 6130/4130/112 6131/4131/112
f 6112/4117/112 6130/4130/112 6126/4119/112
f 6126/4119/112 6130/4130/112 6129/4135/112
f 6126/4119/112 6129/4135/112 6122/4121/112
f 6122/4121/112 6129/4135/112 6127/4077/112
f 6128/4121/112 6127/4077/112 6147/4119/112
f 6147/4119/112 6127/4077/112 6129/4135/112
f 6147/4119/112 6129/4135/112 6125/4117/112
f 6125/4117/112 6129/4135/112 6130/4130/112
f 6114/4102/112 6119/4077/112 6115/4104/112
f 6115/4104/112 6119/4077/112 6131/4131/112
f 6121/4120/112 6132/4091/112 6120/4118/112
f 6120/4118/112 6132/4091/112 6133/4134/112
f 6120/4118/112 6133/4134/112 6111/4116/112
f 6111/4116/112 6133/4134/112 6139/4133/112
f 6144/4103/112 6134/4079/112 6135/4105/112
f 6135/4105/112 6134/4079/112 6136/4122/112
f 6135/4105/112 6136/4122/112 6137/4107/112
f 6137/4107/112 6136/4122/112 6138/4132/112
f 6111/4107/112 6139/4132/112 6116/4105/112
f 6116/4105/112 6139/4132/112 6117/4122/112
f 6140/4088/112 6141/4075/112 6142/4125/112
f 6142/4125/112 6141/4075/112 6123/4147/112
f 6143/4102/112 6144/4103/112 6145/4104/112
f 6145/4104/112 6144/4103/112 6135/4105/112
f 6145/4104/112 6135/4105/112 6125/4106/112
f 6125/4106/112 6135/4105/112 6137/4107/112
f 6147/4119/112 6148/4118/112 6128/4121/112
f 6128/4121/112 6148/4118/112 6146/4120/112
f 6125/4117/112 6137/4116/112 6147/4119/112
f 6147/4119/112 6137/4116/112 6148/4118/112
f 6137/4116/112 6138/4133/112 6148/4118/112
f 6148/4118/112 6138/4133/112 6149/4134/112
f 6148/4118/112 6149/4134/112 6146/4120/112
f 6146/4120/112 6149/4134/112 6150/4091/112
f 6151/4148/112 6152/4149/112 6160/4150/112
f 6160/4150/112 6152/4149/112 6155/4151/112
f 6153/4152/112 6157/4153/112 6151/4148/112
f 6151/4148/112 6157/4153/112 6152/4149/112
f 6151/4148/112 6162/4154/112 6153/4152/112
f 6153/4152/112 6162/4154/112 6154/4155/112
f 6152/4149/112 6159/4156/112 6155/4151/112
f 6155/4151/112 6159/4156/112 6156/4157/112
f 6157/4153/112 6158/4085/112 6152/4149/112
f 6152/4149/112 6158/4085/112 6159/4156/112
f 6160/4150/112 6161/4158/112 6151/4148/112
f 6151/4148/112 6161/4158/112 6162/4154/112
f 6193/4159/112 6165/4160/112 6163/4161/112
f 6163/4161/112 6165/4160/112 6164/4162/112
f 6165/4160/112 6172/4163/112 6164/4162/112
f 6164/4162/112 6172/4163/112 6166/4164/112
f 6193/4165/112 6175/4166/112 6167/4167/112
f 6167/4167/112 6175/4166/112 6168/4168/112
f 6167/4167/112 6168/4168/112 6169/4169/112
f 6169/4169/112 6168/4168/112 6170/4170/112
f 6192/4171/112 6171/4172/112 6165/4173/112
f 6165/4173/112 6171/4172/112 6172/4174/112
f 6191/4175/112 6173/4176/112 6192/4171/112
f 6192/4171/112 6173/4176/112 6171/4172/112
f 6163/4177/112 6174/4091/112 6193/4178/112
f 6193/4178/112 6174/4091/112 6175/4179/112
f 6195/4180/25 6179/4181/25 6176/4182/25
f 6176/4182/25 6179/4181/25 6181/4183/25
f 6198/4184/25 6197/4185/25 6177/4186/25
f 6177/4186/25 6197/4185/25 6178/4187/25
f 6199/4188/25 6202/4189/25 6179/4181/25
f 6179/4181/25 6202/4189/25 6180/4190/25
f 6179/4181/25 6180/4190/25 6181/4183/25
f 6181/4183/25 6180/4190/25 6182/4191/25
f 6183/2383/112 6184/4075/112 6185/4192/112
f 6185/4192/112 6184/4075/112 6186/4089/112
f 6187/2769/112 6188/4193/112 6189/4088/112
f 6189/4088/112 6188/4193/112 6190/4143/112
f 6169/4194/112 6191/4175/112 6167/4195/112
f 6167/4195/112 6191/4175/112 6192/4171/112
f 6167/4195/112 6192/4171/112 6193/4196/112
f 6193/4196/112 6192/4171/112 6165/4173/112
f 6176/4182/25 6194/4197/25 6195/4180/25
f 6195/4180/25 6194/4197/25 6196/4198/25
f 6195/4180/25 6196/4198/25 6198/4184/25
f 6198/4184/25 6196/4198/25 6197/4185/25
f 6198/4184/25 6199/4188/25 6195/4180/25
f 6195/4180/25 6199/4188/25 6179/4181/25
f 6177/4186/25 6200/4199/25 6198/4184/25
f 6198/4184/25 6200/4199/25 6199/4188/25
f 6200/4199/25 6201/4200/25 6199/4188/25
f 6199/4188/25 6201/4200/25 6202/4189/25
