# Blender 5.1.1
# www.blender.org
mtllib Room1.mtl
o Room1
v 20.412720 0.001745 -30.780619
v 20.205177 4.759464 -31.317099
v 20.202726 0.001412 -31.313105
v 20.204432 4.759903 -30.784914
v 20.201971 0.001859 -30.780918
v 20.415171 4.759797 -30.784616
v 20.414873 4.759973 -30.573849
v 20.412420 0.001930 -30.569853
v 20.731768 4.759367 -31.100327
v 20.733480 9.517868 -30.577398
v 0.696768 6.666918 -29.001926
v 0.643927 6.667032 -28.896624
v -0.587511 7.444049 -23.903837
v -0.587345 7.312768 -24.072346
v -0.587274 7.443909 -24.072451
v -1.189812 10.275195 -24.265373
v -1.294949 10.169716 -24.476200
v -1.347588 10.276425 -24.476368
v -1.242451 10.381930 -24.265539
v -1.359294 10.434685 -24.265751
v -1.464432 10.329178 -24.476568
v -0.667339 10.761065 -24.212347
v -0.721928 7.072679 -24.209328
v 0.363493 7.019425 -24.207754
v -0.669262 7.019960 -24.209211
v 0.365416 10.760530 -24.210890
v 0.428550 10.718385 -24.158075
v 0.418082 10.707811 -24.210775
v 0.416211 7.072090 -24.207720
v 0.373944 7.008930 -24.155035
v -0.720057 10.708400 -24.212381
v -0.730666 10.718982 -24.159718
v -0.679889 7.009466 -24.156521
v -0.218503 7.312574 -24.071819
v -0.563607 7.336488 -24.067400
v -0.563563 7.420162 -24.067472
v -0.563396 7.336365 -24.214956
v -0.563352 7.420039 -24.215027
v -0.087530 7.443786 -23.903135
v -0.087292 7.443645 -24.071749
v -0.218670 7.443856 -23.903320
v -0.218433 7.443715 -24.071934
v -0.087600 7.312654 -23.903021
v -0.218740 7.312715 -23.903204
v -0.087363 7.312504 -24.071634
v -0.194766 7.336295 -24.066875
v -0.194722 7.419978 -24.066944
v -0.194555 7.336172 -24.214437
v -0.194511 7.419855 -24.214499
v -0.111091 7.336259 -24.066759
v -0.110881 7.336137 -24.214315
v -0.110837 7.419811 -24.214384
v 0.281479 7.312320 -24.071117
v 0.174076 7.336110 -24.066357
v 0.174286 7.335987 -24.213911
v 0.174330 7.419662 -24.213982
v -0.479933 7.336444 -24.067280
v -0.479722 7.336321 -24.214832
v -0.479889 7.420118 -24.067348
v -0.479678 7.419995 -24.214903
v 0.257750 7.336066 -24.066235
v 0.257961 7.335943 -24.213795
v 0.257794 7.419741 -24.066303
v -0.456441 7.312838 -23.903547
v -0.456204 7.312697 -24.072163
v -0.456371 7.443979 -23.903652
v -0.456134 7.443838 -24.072268
v 0.258004 7.419618 -24.213867
v 0.174119 7.419785 -24.066427
v -0.045455 9.811878 -23.899797
v -0.122763 9.847938 -24.152849
v -0.045095 9.811667 -24.152718
v 0.004040 9.741438 -24.152586
v 0.003688 9.741649 -23.899666
v 0.011127 9.656244 -23.899586
v 0.011478 9.656025 -24.152506
v -0.024791 9.578357 -24.152491
v -0.279257 8.138954 -24.151638
v -0.372266 8.507744 -24.196890
v -0.181004 8.408455 -24.151726
v -0.211557 8.582592 -24.196726
v 9.981952 4.765347 -30.588594
v 10.298101 4.765181 -30.588146
v 10.295642 0.007129 -30.584150
v 15.355143 0.140904 -31.314798
v 10.507524 0.143398 -31.321657
v 15.366515 22.165989 -31.338556
v 20.214153 22.163494 -31.331705
v 10.295686 0.091435 -30.584230
v 15.354388 0.115006 -30.787865
v 20.202787 0.138410 -31.307949
v -0.056468 8.556861 -24.196486
v -0.279459 7.945181 -24.196285
v -0.248081 7.933738 -24.196234
v -0.208509 9.840727 -23.900053
v -0.208149 9.840516 -24.152973
v -0.307587 9.628520 -23.900009
v -0.307236 9.628309 -24.152929
v -0.314674 9.713714 -24.153008
v 15.365760 22.166435 -30.806379
v -0.278405 9.791381 -24.153027
v 0.641248 10.738214 -25.517239
v -0.862368 10.761205 -24.159937
v -0.862219 10.761118 -24.265320
v 0.744726 11.055540 -24.052525
v 0.751725 11.051378 -29.005537
v 0.751830 11.262144 -29.005713
v -0.258479 9.558291 -23.899885
v -0.258119 9.558080 -24.152805
v -0.095398 9.529434 -23.899632
v -0.180785 9.522022 -23.899746
v -0.095047 9.529222 -24.152542
v -0.180425 9.521802 -24.152666
v -0.315798 8.216877 -23.898842
v -0.307921 8.302062 -24.151814
v -0.474014 8.362596 -24.196909
v 20.211983 17.948183 -31.328175
v -0.264231 7.939727 -23.878651
v -0.025090 8.545444 -24.196426
v -0.041240 8.551407 -23.878855
v 0.097286 9.475714 -23.879433
v -0.390067 9.906987 -24.198093
v -0.411539 9.881432 -24.198093
v -0.401255 9.894463 -23.880495
v 0.087003 9.462683 -24.197041
v 0.108474 9.488238 -24.197033
v 0.644032 10.209480 -27.677145
v 0.644304 10.736405 -27.677593
v 9.982688 4.764900 -31.115511
v 9.980239 0.006848 -31.111513
v 9.979492 0.007295 -30.584599
v 10.300550 9.523233 -30.592142
v 10.509157 4.764891 -30.798622
v 10.298399 4.765005 -30.798912
v 10.509912 4.764452 -31.330799
v 10.512371 9.522496 -31.334797
v 10.511616 9.522943 -30.802610
v 20.213406 22.163942 -30.799528
v 20.424154 22.163828 -30.799231
v 0.749582 10.630986 -27.645742
v 20.421976 17.948526 -30.795692
v 20.728571 0.001763 -30.569407
v 20.729319 0.001324 -31.096329
v 20.735649 13.733188 -30.580938
v 20.736395 13.732749 -31.107853
v 20.734217 9.517420 -31.104313
v 10.302729 13.738563 -30.595682
v 10.506707 0.006848 -30.794626
v 20.211227 17.948631 -30.795990
v 10.307374 22.169035 -30.813528
v 10.303019 13.738378 -30.806450
v 10.300849 9.523057 -30.802908
v 9.987316 13.738281 -31.123047
v 9.986580 13.738720 -30.596130
v 9.985147 9.522953 -31.119505
v 9.984401 9.523392 -30.592590
v 10.304897 17.953909 -30.599222
v 9.988749 17.954048 -30.599670
v 10.305197 17.953733 -30.809988
v 10.307076 22.169210 -30.602762
v 15.354036 0.004529 -30.577011
v 20.412464 0.086236 -30.569923
v 20.202032 0.112512 -30.781015
v 20.412764 0.099225 -30.780708
v 20.209059 13.733284 -30.792452
v 20.207634 9.517508 -31.321087
v 15.365462 22.166613 -30.595613
v 0.281549 7.443460 -24.071222
v 0.150171 7.443663 -23.902803
v -0.587582 7.312909 -23.903725
v 0.150101 7.312531 -23.902687
v 0.150338 7.312390 -24.071301
v 0.150408 7.443522 -24.071405
v 0.281241 7.312460 -23.902504
v 0.281312 7.443601 -23.902609
v -0.111048 7.419934 -24.066832
v -1.243987 7.389048 -24.263029
v -1.191243 7.495713 -24.263037
v -0.864151 7.009475 -24.262169
v -1.360893 7.336417 -24.263142
v 0.637402 7.008790 -24.154667
v 0.644102 7.004811 -28.896904
v 9.989495 17.953602 -31.126577
v 9.991199 22.696293 -30.603649
v 15.366481 22.693079 -31.122969
v 20.740269 22.690762 -30.588455
v 20.741016 22.690313 -31.115372
v 20.419807 13.733179 -30.792152
v 20.417629 9.517850 -30.788610
v 20.417332 9.518026 -30.577847
v 20.738575 17.948078 -31.111395
v 20.209805 13.732837 -31.324636
v 20.206881 9.517956 -30.788910
v 9.991937 22.695845 -31.130564
v 15.365734 22.693527 -30.596050
v 20.421677 17.948702 -30.584925
v 20.423847 22.164003 -30.588455
v 20.737820 17.948517 -30.584476
v 10.507462 0.006400 -31.326803
v 20.731022 4.759815 -30.573400
v 20.419500 13.733355 -30.581387
v 10.513785 13.738272 -30.806150
v 10.514540 13.737824 -31.338337
v 10.516719 17.953169 -31.341867
v 10.515963 17.953617 -30.809689
v 10.518888 22.168482 -31.345413
v 10.518132 22.168930 -30.813231
v 15.354080 0.088836 -30.577082
v 10.506768 0.117500 -30.794714
v 10.295993 0.104432 -30.794996
v 10.295940 0.006953 -30.794916
v -0.095626 8.400928 -24.151602
v -0.034987 8.567047 -24.196461
v 0.110161 8.465300 -24.196171
v -0.025424 8.351724 -24.151463
v 0.185000 8.304590 -24.195934
v 0.169465 8.128021 -24.195801
v 0.067718 7.982856 -24.195829
v -0.045965 8.118431 -24.151297
v -0.092992 7.908033 -24.195986
v -0.123676 8.082241 -24.151373
v -0.124036 8.082452 -23.898455
v -0.209054 8.089767 -24.151497
v 0.002880 8.188845 -23.898357
v 0.003241 8.188634 -24.151278
v -0.025784 8.351934 -23.898542
v 0.010767 8.274012 -24.151340
v -0.308272 8.302272 -23.898903
v -0.258733 8.372265 -24.151806
v -0.315447 8.216666 -24.151752
v -0.259085 8.372475 -23.898886
v -0.414727 8.025325 -24.196541
v -0.489549 8.186026 -24.196785
v -0.181356 8.408666 -23.898806
v -0.095987 8.401139 -23.898682
v -0.269561 7.923578 -24.196249
v -0.152692 8.245559 -23.898630
v -0.279608 8.139166 -23.898718
v -0.209405 8.089978 -23.898577
v -0.046325 8.118642 -23.898376
v 0.010407 8.274223 -23.898428
v 0.637235 6.671020 -24.154379
v -0.864300 7.009562 -24.156784
v -0.732545 7.062193 -24.156643
v -0.677948 10.771647 -24.159681
v 0.426662 7.061595 -24.155010
v 0.375884 10.771111 -24.158190
v -0.025151 9.578568 -23.899570
v -0.123123 9.848147 -23.899929
v -0.278756 9.791601 -23.900106
v -0.151954 9.685076 -23.899841
v -0.315026 9.713924 -23.900097
v -0.413761 9.905081 -24.198122
v -0.268490 10.006679 -24.198006
v -0.091903 10.022038 -24.197769
v 0.068727 9.947049 -24.197470
v 0.170326 9.801805 -24.197206
v 0.185685 9.625192 -24.197041
v 0.110670 9.464588 -24.197006
v -0.034574 9.362989 -24.197128
v -0.211162 9.347631 -24.197365
v -0.371792 9.422619 -24.197655
v -0.473390 9.567863 -24.197918
v -0.488750 9.744476 -24.198093
v 0.746623 10.632751 -25.548616
v 0.693992 10.580033 -25.611870
v 0.640976 10.211299 -25.516790
v 0.696776 10.578374 -27.582537
v -32.337795 6.506413 20.479761
v -32.784763 6.414915 20.348410
v -32.784992 6.321449 20.479296
v -33.231998 6.506871 20.478506
v -33.165627 6.572893 20.347742
v -33.416965 6.954073 20.477863
v -33.323200 6.953915 20.347198
v -33.165222 7.334753 20.347094
v -33.231537 7.401073 20.477751
v -32.784340 7.586048 20.478235
v -32.784199 7.492353 20.347506
v -32.337341 7.400617 20.479015
v -32.403347 7.334357 20.348173
v -32.245762 6.953353 20.348719
v -32.152367 6.953424 20.479656
v -32.403740 6.572498 20.348814
v -32.246674 6.953897 20.993937
v -32.152912 6.953740 20.863243
v -32.338341 6.506739 20.863365
v -32.404655 6.573042 20.994032
v -32.785538 6.321774 20.862883
v -32.785675 6.415460 20.993628
v -33.232536 6.507196 20.862093
v -32.404259 7.334902 20.993391
v -32.785114 7.492898 20.992723
v -32.337883 7.400933 20.862610
v -33.166138 7.335288 20.992319
v -33.232079 7.401398 20.861345
v -32.784885 7.586364 20.861820
v -33.166531 6.573438 20.992960
v -33.324116 6.954451 20.992416
v -33.417507 6.954389 20.861460
v -32.152710 8.028859 21.113159
v -32.156063 1.537253 21.118612
v -31.935215 1.157926 21.308926
v -31.840309 1.284333 21.308952
v -33.642426 1.158804 21.306520
v -33.420654 1.537911 21.116821
v -33.689831 1.190445 21.306423
v -33.737209 1.285308 21.306273
v -33.417309 8.029518 21.111368
v -33.638622 8.535604 21.300320
v -31.887785 1.189515 21.308969
v -31.884008 8.503084 21.302830
v -31.836639 8.408213 21.302971
v -33.416412 8.028982 20.479095
v -31.883112 8.502557 20.670549
v -31.835743 8.407685 20.670698
v -33.419758 1.537376 20.484539
v -32.151825 8.028333 20.480877
v -31.886889 1.188979 20.676697
v -33.416946 8.029299 20.858475
v -31.930517 8.534189 20.670462
v -33.637726 8.535068 20.668045
v -33.641529 1.158268 20.674236
v -33.685165 8.503479 20.668001
v -33.736313 1.284781 20.674000
v -33.420303 1.537692 20.863918
v -32.155704 1.537051 20.865711
v -32.152355 8.028648 20.860256
v -33.732639 8.408660 20.668020
v -32.155170 1.536726 20.486332
v -31.839413 1.283806 20.676678
v -31.934320 1.157390 20.676653
v -33.688942 1.189910 20.674141
v -34.417175 0.526066 20.311790
v -34.453892 0.891306 20.518982
v -34.480976 0.737166 20.671022
v -34.416965 0.947599 20.311430
v -34.481197 0.315642 20.671375
v -34.454269 0.161194 20.519606
v -34.380486 0.160808 20.104588
v -34.380104 0.890920 20.103966
v -34.490959 0.526452 20.726805
v -33.972187 0.526259 20.819035
v -34.417393 0.104533 20.312141
v -33.898609 0.104340 20.404367
v -33.962200 0.736982 20.763252
v -33.898178 0.947405 20.403658
v -33.935101 0.891122 20.611219
v -33.898399 0.525873 20.404009
v -33.824615 0.525486 19.988993
v -33.861324 0.890736 20.196192
v -33.417984 1.420348 19.167355
v -33.418503 1.420664 19.536196
v -31.895372 1.194029 26.683443
v -33.744797 1.289831 26.680738
v -31.844227 8.412726 26.677446
v -31.891596 8.507598 26.677305
v -33.740677 8.413438 26.358616
v -33.741123 8.413710 26.674767
v -31.942812 1.162440 26.683399
v -33.697426 1.194960 26.680897
v -33.650021 1.163319 26.680992
v -32.058918 1.331273 26.872782
v -33.534275 1.332028 26.870701
v -32.055351 8.244403 26.866976
v -33.693649 8.508529 26.674757
v -33.646217 8.540117 26.674793
v -31.939009 8.539239 26.677208
v -33.530708 8.245167 26.864895
v -32.230392 6.320369 19.533754
v -32.282276 7.743025 19.479790
v -32.282990 6.373043 19.480940
v -33.336136 7.743560 19.478306
v -34.493755 0.165787 25.968742
v -33.927109 0.109003 25.937918
v -34.015884 0.165357 25.746727
v -34.251057 0.320402 26.490822
v -33.749298 0.530765 26.319855
v -33.773186 0.319963 26.268822
v -34.315781 0.896128 26.350414
v -33.772976 0.741505 26.268471
v -33.837910 0.895698 26.128407
v -33.926678 0.952069 25.937208
v -34.582363 0.530738 25.777279
v -34.558468 0.741540 25.828329
v -34.015507 0.895469 25.746113
v -32.343552 2.293193 23.012482
v -32.790508 2.201712 22.881104
v -32.790745 2.108246 23.011997
v -33.237743 2.293650 23.011208
v -33.171371 2.359690 22.880426
v -33.328953 2.740712 22.879890
v -33.422707 2.740870 23.010576
v -33.237286 3.187870 23.010460
v -33.170975 3.121549 22.879793
v -32.789951 3.279150 22.880198
v -32.790092 3.372844 23.010944
v -32.407314 6.574624 22.877968
v -32.340916 7.402742 23.008186
v -32.155949 6.955549 23.008827
v -32.249336 6.955479 22.877872
v -32.787914 7.588173 23.007406
v -32.787785 7.494479 22.876659
v -32.406921 7.336483 22.877325
v -32.341370 6.508540 23.008942
v -32.788574 6.323575 23.008459
v -32.788338 6.417041 22.877563
v -33.169189 6.575019 22.876888
v -33.235573 6.508996 23.007677
v -33.326775 6.956040 22.876343
v -33.420540 6.956199 23.007034
v -33.235111 7.403199 23.006922
v -33.168804 7.336878 22.876255
v -32.408230 6.575168 23.523211
v -32.156487 6.955865 23.392422
v -32.341915 6.508864 23.392536
v -32.789108 6.323891 23.392061
v -32.789242 6.417585 23.522808
v -33.170105 6.575554 23.522131
v -33.236111 6.509321 23.391272
v -33.327686 6.956577 23.521587
v -33.421085 6.956515 23.390631
v -32.788689 7.495023 23.521902
v -32.407833 7.337027 23.522572
v -32.341450 7.403059 23.391781
v -33.169712 7.337414 23.521490
v -32.788452 7.588490 23.391001
v -33.235653 7.403524 23.390516
v -32.790867 3.279694 23.525433
v -32.410011 3.121698 23.526110
v -32.343628 3.187730 23.395319
v -32.410397 2.359839 23.526741
v -32.791420 2.202256 23.526346
v -32.791286 2.108562 23.395601
v -33.172283 2.360234 23.525669
v -33.329857 2.741256 23.525126
v -33.238281 2.293975 23.394810
v -33.423256 2.741186 23.394171
v -33.237823 3.188195 23.394054
v -33.171886 3.122085 23.525028
v -32.790627 3.373160 23.394539
v -32.250248 6.956023 23.523115
v -32.252419 2.740694 23.526646
v -32.158665 2.740536 23.395952
v -32.344093 2.293518 23.396076
v -32.343082 3.187414 23.011724
v -32.158119 2.740220 23.012358
v -32.409100 3.121154 22.880865
v -32.251514 2.740159 22.881411
v -32.409485 2.359295 22.881506
v -32.248852 2.738569 20.997475
v -32.340511 2.291393 20.866896
v -32.155090 2.738411 20.866791
v -32.154545 2.738086 20.483187
v -32.339977 2.291068 20.483311
v -32.247940 2.738033 20.352257
v -32.405918 2.357178 20.352352
v -34.080601 0.741101 25.606331
v -34.080818 0.319568 25.606682
v -34.104511 0.530308 25.555271
v -34.493374 0.895900 25.968138
v -34.404545 0.952499 26.159231
v -34.250835 0.741935 26.490469
v -34.404766 0.530967 26.159584
v -34.227169 0.531195 26.541870
v -34.316154 0.166016 26.351038
v -34.404980 0.109434 26.159935
v -34.558678 0.320007 25.828680
v -31.846563 1.288057 25.734976
v -31.842882 8.411936 25.728996
v -32.162842 1.541293 25.924009
v -31.941467 1.161641 25.734951
v -33.696083 1.194161 25.732447
v -33.427441 1.541952 25.922224
v -32.159496 8.032899 25.918554
v -33.424095 8.033548 25.916771
v -31.890261 8.506807 25.728857
v -32.158962 8.032583 25.539183
v -31.894030 1.193238 25.734995
v -32.162315 1.540977 25.544628
v -33.426918 1.541627 25.542845
v -33.648678 1.162519 25.732534
v -33.743458 1.289032 25.732298
v -33.423561 8.033233 25.537394
v -33.739788 8.412911 25.726318
v -33.692314 8.507730 25.726309
v -31.937666 8.538440 25.728760
v -33.644875 8.539318 25.726343
v -34.473309 1.158260 20.146145
v -34.473423 0.947493 20.146320
v -34.526264 0.947607 20.251633
v -34.526161 1.158374 20.251450
v -34.536942 0.947695 20.356998
v -34.526562 0.947783 20.462391
v -34.526447 1.158550 20.462215
v -34.473907 1.158611 20.567678
v -32.734322 1.631632 20.200891
v -32.523727 1.157259 20.148903
v -31.627972 1.156793 20.150167
v -31.207035 1.156934 20.572298
v -31.154196 1.156811 20.466984
v -33.336842 6.373587 19.479446
v -33.388874 7.796331 19.530874
v -32.229637 7.795725 19.532515
v -33.389629 6.320966 19.532112
v -32.206604 1.420031 19.537907
v -32.205261 3.000472 19.167740
v -32.206078 1.419724 19.169067
v -31.154001 0.945869 20.256401
v -31.207140 0.946167 20.572462
v -31.153896 1.156635 20.256216
v -31.132969 1.156714 20.361637
v -31.133074 0.945948 20.361813
v -31.154301 0.946044 20.467161
v -33.962414 0.315449 20.763601
v -33.935471 0.161001 20.611832
v -33.861710 0.160614 20.196808
v -33.834599 0.314772 20.044775
v -34.353401 0.314966 19.952530
v -34.343388 0.525679 19.896763
v -32.786510 3.370710 20.481773
v -32.405525 3.119028 20.351711
v -32.406834 2.357714 20.997580
v -32.787853 2.200131 20.997166
v -32.787704 2.106445 20.866421
v -33.168697 2.358100 20.996498
v -33.234715 2.291850 20.865641
v -33.326283 2.739131 20.995955
v -33.419689 2.739061 20.865000
v -33.168312 3.119968 20.995857
v -33.234249 3.186061 20.864883
v -32.787292 3.277569 20.996262
v -32.787052 3.371044 20.865358
v -32.406437 3.119573 20.996939
v -32.340054 3.185605 20.866148
v -32.786377 3.277033 20.351044
v -33.233711 3.185745 20.481289
v -33.167400 3.119424 20.350639
v -33.234169 2.291524 20.482037
v -33.167793 2.357565 20.351282
v -33.419144 2.738744 20.481405
v -33.325378 2.738586 20.350739
v -32.787170 2.106120 20.482826
v -32.786934 2.199586 20.351948
v -33.417843 8.029825 21.490747
v -32.153244 8.029176 21.492537
v -31.931414 8.534725 21.302734
v -32.156590 1.537578 21.497984
v -33.686062 8.504015 21.300285
v -33.733528 8.409187 21.300293
v -33.421188 1.538228 21.496199
v -33.232887 6.507406 21.110804
v -33.166512 6.573421 20.980017
v -32.404240 7.334893 20.980453
v -33.232433 7.401609 21.110050
v -32.785236 7.586574 21.110523
v -32.785095 7.492888 20.979788
v -33.324097 6.954442 20.979471
v -33.417862 6.954600 21.110163
v -33.166119 7.335279 20.979383
v -32.338772 7.401469 21.494909
v -32.153809 6.954275 21.495550
v -32.786011 7.493424 21.625023
v -32.405155 7.335429 21.625689
v -32.785774 7.586899 21.494118
v -33.325008 6.954987 21.624716
v -33.167042 7.335824 21.624619
v -33.232975 7.401926 21.493645
v -32.247570 6.954433 21.626236
v -32.405548 6.573569 21.626331
v -33.167427 6.573965 21.625259
v -33.233433 6.507731 21.494400
v -33.418404 6.954925 21.493757
v -32.339230 6.507266 21.495665
v -32.786560 6.415986 21.625927
v -32.786430 6.322300 21.495182
v -32.788742 2.200658 21.629467
v -32.788609 2.106972 21.498720
v -33.169201 3.120495 21.628157
v -32.787949 3.371571 21.497658
v -33.327179 2.739658 21.628254
v -33.420574 2.739596 21.497299
v -33.235146 3.186606 21.497183
v -33.169594 2.358636 21.628798
v -33.235611 2.292385 21.497940
v -33.234600 3.186281 21.113588
v -32.787407 3.371246 21.114063
v -33.168297 3.119951 20.982924
v -33.420036 2.739272 21.113705
v -33.326275 2.739114 20.983011
v -33.235065 2.292060 21.114336
v -33.168682 2.358100 20.983555
v -32.340870 2.291595 21.115610
v -32.788067 2.106647 21.115126
v -32.406807 2.357705 20.984634
v -32.787827 2.200122 20.984222
v -31.837526 8.408749 21.935270
v -32.153606 8.029395 21.745457
v -31.936111 1.158453 21.941225
v -33.421551 1.538439 21.749119
v -32.156952 1.537789 21.750902
v -33.418205 8.030045 21.743675
v -33.734425 8.409723 21.932592
v -33.686958 8.504541 21.932585
v -32.157486 1.538105 22.130283
v -33.422085 1.538755 22.128498
v -33.643322 1.159331 21.938808
v -33.418739 8.030361 22.123047
v -33.639515 8.536139 21.932617
v -32.154140 8.029712 22.124836
v -31.932310 8.535253 21.935034
v -33.738094 1.285844 21.938572
v -33.690723 1.190973 21.938721
v -32.153263 6.953950 21.111956
v -32.404636 6.573033 20.981096
v -32.338226 7.401144 21.111315
v -32.246658 6.953889 20.980989
v -32.339508 3.185288 20.482553
v -32.340405 3.185815 21.114853
v -32.248829 2.738560 20.984531
v -32.787273 3.277560 20.983326
v -32.406422 3.119564 20.983995
v -32.249741 2.739105 21.629774
v -32.407719 2.358241 21.629869
v -32.341408 2.291920 21.499195
v -32.407326 3.120100 21.629238
v -32.155987 2.738946 21.499088
v -32.788177 3.278096 21.628561
v -32.340950 3.186140 21.498440
v -32.155441 2.738622 21.115486
v -33.233326 7.402136 21.742350
v -32.786125 7.587101 21.742823
v -32.785992 7.493416 21.612078
v -32.339123 7.401680 21.743614
v -32.405136 7.335420 21.612753
v -32.154160 6.954486 21.744247
v -32.247555 6.954415 21.613298
v -32.339588 6.507476 21.744360
v -32.405525 6.573561 21.613386
v -32.786781 6.322512 21.743887
v -32.786545 6.415978 21.612982
v -33.233784 6.507933 21.743095
v -33.167408 6.573956 21.612316
v -33.418758 6.955136 21.742462
v -33.324989 6.954978 21.611771
v -33.167004 7.335815 21.611673
v -33.167927 7.336351 22.256891
v -32.786667 7.587427 22.126417
v -33.325897 6.955514 22.256989
v -33.233860 7.402462 22.125944
v -32.406040 7.335965 22.257971
v -32.248466 6.954961 22.258516
v -32.154694 6.954811 22.127850
v -32.406437 6.574105 22.258612
v -32.340126 6.507802 22.127964
v -32.787457 6.416523 22.258209
v -32.787319 6.322828 22.127481
v -33.168324 6.574501 22.257540
v -33.234325 6.508259 22.126690
v -33.419292 6.955452 22.126057
v -32.342304 2.292455 22.131495
v -32.789639 2.201194 22.261749
v -32.789494 2.107508 22.131020
v -33.170490 2.359172 22.261082
v -33.236496 2.292912 22.130239
v -33.328075 2.740194 22.260529
v -33.421471 2.740124 22.129599
v -33.170105 3.121031 22.260441
v -33.236038 3.187133 22.129482
v -32.788845 3.372098 22.129959
v -32.156326 2.739157 21.747793
v -32.249733 2.739096 21.616829
v -32.341759 2.292131 21.747910
v -32.407700 2.358232 21.616926
v -32.788952 2.107183 21.747425
v -32.788723 2.200649 21.616522
v -33.235962 2.292587 21.746634
v -33.169586 2.358627 21.615854
v -33.420925 2.739807 21.746002
v -33.327160 2.739649 21.615311
v -33.235497 3.186808 21.745888
v -33.169182 3.120486 21.615213
v -32.788303 3.371773 21.746372
v -32.788170 3.278087 21.615618
v -33.644207 1.159867 22.571093
v -33.422447 1.538966 22.381401
v -32.157848 1.538316 22.383184
v -31.937008 1.158989 22.573505
v -31.838421 8.409275 22.567553
v -33.640404 8.536666 22.564892
v -32.154503 8.029922 22.377731
v -31.885792 8.504147 22.567411
v -32.158382 1.538641 22.762554
v -31.889566 1.190577 22.573542
v -31.842102 1.285396 22.573534
v -31.933207 8.535788 22.567314
v -33.422981 1.539290 22.760773
v -32.155037 8.030247 22.757111
v -33.419624 8.030897 22.755327
v -33.691620 1.191508 22.571003
v -33.738991 1.286371 22.570856
v -33.735317 8.410259 22.564873
v -33.687855 8.505077 22.564856
v -33.419102 8.030572 22.375948
v -31.242847 0.313402 19.999899
v -31.255371 0.524125 19.944670
v -31.722000 0.159569 20.268223
v -31.627762 0.159868 20.679085
v -31.593195 0.314281 20.829344
v -31.768938 0.524494 20.062479
v -31.674700 0.524792 20.473333
v -31.592983 0.735814 20.828983
v -31.674480 0.946325 20.472980
v -31.756205 0.735295 20.117357
v -31.674919 0.103260 20.473694
v -31.161343 0.102891 20.355902
v -31.208422 0.159209 20.150423
v -31.756416 0.313771 20.117710
v -32.256004 2.742820 26.055798
v -32.347660 2.295644 25.925219
v -32.413586 3.123824 26.055252
v -32.347202 3.189864 25.924473
v -32.162239 2.742662 25.925106
v -32.794441 3.281820 26.054586
v -32.411407 7.339152 26.051723
v -32.253822 6.958148 26.052259
v -32.160061 6.957991 25.921568
v -32.411804 6.577293 26.052355
v -32.345490 6.510990 25.921680
v -32.792824 6.419710 26.051950
v -32.792683 6.326016 25.921207
v -33.173679 6.577688 26.051275
v -33.239685 6.511446 25.920424
v -33.331261 6.958702 26.050741
v -33.424648 6.958649 25.919783
v -33.173294 7.339539 26.050642
v -33.239227 7.405649 25.919670
v -32.792263 7.497149 26.051046
v -32.792034 7.590614 25.920143
v -32.345024 7.405184 25.920935
v -32.344490 7.404859 25.537338
v -32.410496 7.338608 25.406479
v -32.159515 6.957675 25.537981
v -32.252911 6.957603 25.407024
v -32.344948 6.510665 25.538086
v -32.410889 6.576749 25.407120
v -32.413971 2.361965 26.055895
v -32.794994 2.204382 26.055492
v -32.794853 2.110687 25.924746
v -33.175850 2.362360 26.054815
v -33.241863 2.296100 25.923954
v -33.333431 2.743373 26.054279
v -33.426826 2.743320 25.923323
v -33.175461 3.124210 26.054174
v -33.241398 3.190321 25.923208
v -32.794205 3.375286 25.923681
v -33.240860 3.189996 25.539614
v -32.793667 3.374970 25.540087
v -32.793530 3.281275 25.409351
v -32.346657 3.189539 25.540878
v -32.412663 3.123280 25.410019
v -32.161694 2.742345 25.541512
v -32.255089 2.742284 25.410563
v -32.347126 2.295319 25.541624
v -32.413067 2.361420 25.410662
v -32.794319 2.110362 25.541151
v -32.794079 2.203837 25.410257
v -33.241318 2.295784 25.540369
v -33.174946 2.361815 25.409580
v -33.426292 2.742995 25.539728
v -33.332520 2.742837 25.409044
v -33.174549 3.123675 25.408937
v -33.330349 6.958157 25.405495
v -33.172379 7.339003 25.405399
v -33.239140 6.511121 25.536821
v -33.424114 6.958324 25.536188
v -32.791912 6.419166 25.406715
v -33.172764 6.577135 25.406040
v -32.792141 6.325691 25.537611
v -30.896111 7.484810 26.574266
v -31.001415 7.642938 26.573986
v -31.212139 7.432189 26.468479
v -32.371510 7.116636 26.467110
v -31.212183 7.643043 26.573687
v -31.212032 7.642955 26.468302
v -31.001266 7.642841 26.468601
v -32.371662 7.116724 26.572493
v -31.159647 7.326867 26.574020
v -32.371880 6.695190 26.572844
v -31.212288 7.432276 26.573872
v -32.371731 6.695103 26.467461
v -30.886732 7.479224 19.935141
v -31.202654 7.637378 19.829170
v -30.992027 7.637352 19.934851
v -31.202793 7.637465 19.934551
v -32.362282 7.111146 19.933359
v -31.202898 7.426699 19.934736
v -31.150269 7.321290 19.934895
v -30.992044 7.321114 19.829731
v -33.424458 8.033760 26.169691
v -32.159859 8.033110 26.171482
v -31.938562 8.538976 26.361059
v -31.843779 8.412463 26.361305
v -32.163204 1.541504 26.176929
v -33.693211 8.508265 26.358599
v -33.645771 8.539854 26.358643
v -31.891148 8.507334 26.361156
v -33.744354 1.289559 26.364597
v -33.696980 1.194688 26.364746
v -33.649574 1.163055 26.364843
v -33.427803 1.542162 26.175144
v -32.160526 1.539914 24.280056
v -33.425125 1.540564 24.278273
v -31.841101 8.410873 24.464434
v -32.157181 8.031521 24.274611
v -31.844770 1.286994 24.470404
v -31.892244 1.192176 24.470421
v -33.421780 8.032170 24.272829
v -33.737995 8.411849 24.461744
v -32.161060 1.540230 24.659435
v -31.939686 1.160578 24.470377
v -33.646896 1.161457 24.467962
v -33.643093 8.538256 24.461771
v -33.741669 1.287960 24.467726
v -33.694302 1.193098 24.467875
v -33.690521 8.506667 24.461727
v -33.425659 1.540889 24.657654
v -33.422314 8.032486 24.652199
v -32.791492 7.590298 25.536558
v -31.888479 8.505745 24.464285
v -31.935884 8.537377 24.464186
v -32.157715 8.031837 24.653982
v -31.894926 1.193766 26.367292
v -31.942364 1.162177 26.367249
v -33.427177 2.743522 26.172028
v -33.333416 2.743364 26.041334
v -33.241749 3.190531 26.171913
v -33.175434 3.124202 26.041237
v -32.794556 3.375497 26.172388
v -32.794422 3.281802 26.041649
v -32.347553 3.190066 26.173178
v -32.413559 3.123815 26.042318
v -32.162582 2.742872 26.173811
v -32.255978 2.742811 26.042862
v -32.413952 2.361956 26.042959
v -30.895962 7.484714 26.468884
v -31.150120 7.321193 19.829512
v -30.991888 7.637264 19.829468
v -31.202759 7.426611 19.829355
v -32.362133 7.111050 19.827974
v -31.885546 1.188188 19.728249
v -31.932985 1.156591 19.728205
v -33.636837 8.534541 20.035746
v -33.683823 8.502680 19.719553
v -33.520355 8.239002 19.530321
v -31.929184 8.533400 19.722013
v -31.881779 8.501758 19.722109
v -32.044991 8.238247 19.532402
v -31.834398 8.406886 19.722250
v -31.838528 1.283271 20.044378
v -31.834846 8.407150 20.038399
v -31.838079 1.283007 19.728230
v -32.048557 1.325107 19.538206
v -32.205788 3.000780 19.536573
v -33.417694 3.001403 19.534861
v -33.417168 3.001096 19.166019
v -33.640640 1.157742 20.041937
v -33.640194 1.157478 19.725788
v -33.523922 1.325863 19.536125
v -33.687599 1.189111 19.725691
v -33.684280 8.502952 20.035702
v -33.636383 8.534278 19.719597
v -33.731747 8.408134 20.035721
v -33.731297 8.407862 19.719572
v -33.734978 1.283982 19.725552
v -33.735416 1.284245 20.041700
v -32.403362 7.334366 20.361116
v -32.336987 7.400406 20.230337
v -32.245789 6.953371 20.361662
v -32.152016 6.953212 20.230970
v -32.403759 6.572507 20.361757
v -32.337448 6.506203 20.231083
v -32.247959 2.738042 20.365202
v -32.154194 2.737884 20.234509
v -32.405937 2.357178 20.365299
v -32.339626 2.290857 20.234623
v -32.786957 2.199604 20.364895
v -32.786816 2.105909 20.234148
v -33.167812 2.357573 20.364218
v -33.233818 2.291322 20.233358
v -33.325394 2.738595 20.363674
v -33.418793 2.738533 20.232727
v -33.167419 3.119432 20.363577
v -33.233360 3.185534 20.232611
v -32.786396 3.277033 20.363989
v -32.786167 3.370508 20.233076
v -31.001574 7.326779 26.574247
v -31.159498 7.326779 26.468647
v -31.001425 7.326700 26.468874
v -30.886583 7.479136 19.829750
v -30.992193 7.321210 19.935123
v -33.103336 1.157548 20.148077
v -33.946507 0.947221 20.147066
v -31.628075 0.946027 20.150343
v -32.892395 1.631711 20.200670
v -32.892841 1.631975 20.516821
v -31.628567 1.157144 20.571701
v -31.628674 0.946378 20.571875
v -33.103924 1.157908 20.569609
v -33.946991 1.158339 20.568424
v -33.946400 1.157987 20.146891
v -34.536839 1.158471 20.356823
v -32.362499 6.689614 19.933718
v -32.362350 6.689526 19.828327
v -31.206543 0.945807 20.150940
v -31.206440 1.156574 20.150764
v -33.947105 0.947572 20.568600
v -34.474010 0.947845 20.567852
v -32.784225 7.492362 20.360451
v -32.784779 6.414924 20.361355
v -32.784641 6.321238 20.230610
v -33.165634 6.572902 20.360680
v -33.231647 6.506669 20.229818
v -33.323219 6.953924 20.360136
v -33.416615 6.953862 20.229177
v -33.165249 7.334761 20.360037
v -33.231182 7.400863 20.229073
v -32.783989 7.585836 20.229546
v -32.405540 3.119037 20.364658
v -32.339169 3.185077 20.233868
v -31.089016 0.894240 26.074154
v -31.209635 0.950638 25.901281
v -31.762352 0.894547 26.030130
v -31.850750 0.740205 25.903757
v -31.330315 0.894073 25.728514
v -31.883192 0.529421 25.857616
v -31.418715 0.739731 25.602123
v -31.850971 0.318672 25.904108
v -31.762730 0.164426 26.030735
v -31.418934 0.318198 25.602476
v -31.000765 0.740020 26.200787
v -31.433039 0.318962 26.502773
v -31.089384 0.164119 26.074766
v -31.210066 0.107572 25.901991
v -31.330694 0.163952 25.729128
v -31.641689 0.951112 26.202904
v -31.642118 0.108046 26.203615
v -31.521069 0.894714 26.375769
v -31.641909 0.529588 26.203257
v -31.400608 0.529746 26.548904
v -31.432817 0.740495 26.502413
v -31.521446 0.164602 26.376385
v -31.885994 1.188452 20.044390
v -32.154808 1.536515 20.233412
v -31.882227 8.502021 20.038260
v -31.929632 8.533663 20.038162
v -33.688046 1.189374 20.041842
v -31.933434 1.156863 20.044353
v -33.416061 8.028771 20.226175
v -33.419399 1.537165 20.231619
v -32.151463 8.028112 20.227957
v -32.524326 1.157601 20.570436
v -32.734776 1.631896 20.517040
v -32.793037 6.326227 26.169910
v -32.792797 6.419693 26.039007
v -33.240036 6.511657 26.169128
v -33.173660 6.577671 26.038340
v -33.425011 6.958851 26.168489
v -33.331245 6.958693 26.037804
v -33.173267 7.339530 26.037699
v -33.239578 7.405851 26.168373
v -32.792377 7.590826 26.168848
v -32.792244 7.497131 26.038103
v -32.345375 7.405395 26.169638
v -32.411392 7.339135 26.038778
v -32.348019 2.295854 26.173923
v -32.795204 2.110898 26.173450
v -32.794975 2.204373 26.042545
v -33.242214 2.296311 26.172659
v -33.175831 2.362342 26.041880
v -32.160412 6.958201 26.170279
v -32.345840 6.511200 26.170385
v -32.411785 6.577276 26.039419
v -32.253807 6.958139 26.039324
v -31.847448 1.288584 26.367275
v -31.847906 1.288848 26.683426
v -31.893141 1.192703 25.102695
v -31.845667 1.287521 25.102686
v -32.161957 1.540766 25.291710
v -32.158611 8.032364 25.286263
v -31.936779 8.537912 25.096460
v -33.738892 8.412375 25.094019
v -33.426556 1.541416 25.289925
v -33.423199 8.033022 25.284473
v -33.643978 8.538791 25.094053
v -33.647781 1.161992 25.100245
v -33.695194 1.193625 25.100147
v -33.742565 1.288496 25.099998
v -33.691418 8.507203 25.094000
v -33.426022 1.541091 24.910545
v -33.422676 8.032697 24.905094
v -31.940582 1.161114 25.102652
v -32.161423 1.540441 24.912329
v -33.174564 3.123683 25.421883
v -33.240501 3.189785 25.290909
v -32.793308 3.374759 25.291386
v -33.174961 2.361824 25.422523
v -33.332535 2.742846 25.421980
v -33.425941 2.742785 25.291025
v -32.794098 2.203855 25.423193
v -32.793964 2.110160 25.292446
v -33.240967 2.295573 25.291666
v -32.413074 2.361438 25.423595
v -32.255108 2.742293 25.423500
v -32.346771 2.295108 25.292931
v -32.410908 6.576758 25.420055
v -32.344597 6.510454 25.289381
v -32.791927 6.419175 25.419653
v -32.791786 6.325489 25.288908
v -33.238789 6.510920 25.288124
v -32.252937 6.957622 25.419960
v -32.410511 7.338617 25.419424
v -32.159164 6.957463 25.289268
v -33.172783 6.577153 25.418985
v -33.423763 6.958114 25.287483
v -33.330364 6.958175 25.418442
v -33.238331 7.405114 25.287371
v -33.172398 7.339012 25.418344
v -32.791138 7.590087 25.287844
v -32.791367 7.496613 25.418747
v -32.344139 7.404657 25.288635
v -32.346230 2.294792 24.909336
v -32.412170 2.360893 24.778378
v -32.793194 2.203310 24.777973
v -32.793423 2.109835 24.908859
v -33.240421 2.295248 24.908072
v -32.160797 2.741810 24.909220
v -32.345764 3.189003 24.908579
v -32.254192 2.741748 24.778282
v -32.411777 3.122744 24.777746
v -32.792763 3.374434 24.907797
v -32.792633 3.280748 24.777069
v -33.425396 2.742460 24.907429
v -33.239964 3.189469 24.907314
v -33.173653 3.123139 24.776665
v -33.174049 2.361289 24.777306
v -33.331631 2.742301 24.776762
v -32.158619 6.957138 24.905682
v -32.252026 6.957077 24.774744
v -32.409996 6.576213 24.774839
v -32.344059 6.510138 24.905794
v -32.791016 6.418630 24.774435
v -32.791245 6.325164 24.905321
v -33.171871 6.576609 24.773767
v -32.343594 7.404332 24.905039
v -32.790604 7.589763 24.904259
v -32.409599 7.338073 24.774208
v -33.171482 7.338468 24.773127
v -32.790455 7.496068 24.773531
v -33.237789 7.404788 24.903776
v -33.329460 6.957630 24.773224
v -33.238243 6.510594 24.904530
v -33.423218 6.957788 24.903889
v -33.238682 7.405325 25.536074
v -32.791359 7.496604 25.405811
v -31.451139 0.528938 25.555992
v -31.209846 0.529105 25.901630
v -33.926899 0.530536 25.937569
v -33.838280 0.165585 26.129013
v -32.787800 7.494488 22.889595
v -32.787563 7.587962 22.758701
v -33.326794 6.956049 22.889288
v -33.420189 6.955988 22.758331
v -33.168816 7.336887 22.889191
v -33.234756 7.402988 22.758217
v -32.406937 7.336492 22.890272
v -32.340553 7.402532 22.759481
v -32.249355 6.955496 22.890808
v -32.155590 6.955338 22.760122
v -32.407333 6.574633 22.890911
v -32.341030 6.508329 22.760237
v -32.788345 6.417050 22.890499
v -32.788216 6.323364 22.759762
v -33.169209 6.575028 22.889832
v -33.235214 6.508794 22.758972
v -32.409512 2.359312 22.894451
v -32.790524 2.201721 22.894047
v -32.790390 2.108035 22.763302
v -33.171387 2.359699 22.893370
v -33.237392 2.293448 22.762510
v -33.328968 2.740721 22.892826
v -33.422367 2.740659 22.761871
v -33.170990 3.121558 22.892738
v -33.236927 3.187660 22.761755
v -32.789734 3.372633 22.762230
v -33.421822 2.740334 22.378277
v -33.328056 2.740185 22.247591
v -33.236389 3.187343 22.378160
v -33.170078 3.121014 22.247486
v -33.236847 2.293123 22.378916
v -32.342655 2.292666 22.380180
v -32.408596 2.358768 22.249207
v -32.789848 2.107710 22.379698
v -32.789612 2.201185 22.248802
v -33.170475 2.359154 22.248127
v -32.787678 6.323039 22.376167
v -32.787441 6.416514 22.245264
v -33.234676 6.508469 22.375378
v -33.168297 6.574483 22.244596
v -33.419651 6.955663 22.374735
v -33.325878 6.955505 22.244053
v -33.234215 7.402672 22.374630
v -33.167912 7.336342 22.243956
v -32.787022 7.587638 22.375095
v -32.786888 7.493952 22.244360
v -32.340019 7.402207 22.375887
v -32.406025 7.335947 22.245028
v -32.155052 6.955013 22.376528
v -32.248440 6.954952 22.245573
v -32.340485 6.508013 22.376642
v -32.406422 6.574097 22.245668
v -32.789200 3.372308 22.378645
v -32.789059 3.278623 22.247898
v -32.789970 3.279167 22.893143
v -32.342735 3.187203 22.763020
v -31.079380 0.735445 20.711174
v -31.208054 0.889322 20.149807
v -31.580452 0.525082 20.884214
v -31.627375 0.889980 20.678471
v -31.113806 0.889620 20.560659
v -31.160912 0.945956 20.355190
v -31.721621 0.889691 20.267618
v -31.242628 0.734935 19.999538
v -32.788803 7.588700 23.639677
v -33.236004 7.403726 23.639202
v -32.788670 7.495005 23.508932
v -33.421436 6.956726 23.639318
v -33.169693 7.337405 23.508528
v -33.236462 6.509532 23.639957
v -33.327671 6.956577 23.508625
v -32.789463 6.324101 23.640739
v -33.170086 6.575546 23.509169
v -32.342266 6.509075 23.641214
v -32.408211 6.575160 23.510248
v -32.789234 6.417567 23.509836
v -32.790005 6.324426 24.024336
v -32.790138 6.418112 24.155071
v -33.237007 6.509857 24.023544
v -33.171001 6.576090 24.154404
v -33.170605 7.337950 24.153763
v -32.789345 7.589025 24.023272
v -33.328583 6.957112 24.153858
v -33.421970 6.957051 24.022913
v -33.236538 7.404051 24.022789
v -32.411293 2.360375 24.159025
v -32.792175 2.109098 24.027874
v -32.792316 2.202783 24.158621
v -33.239174 2.294511 24.027082
v -33.173168 2.360761 24.157953
v -33.330753 2.741784 24.157400
v -33.424149 2.741722 24.026451
v -33.238720 3.188722 24.026346
v -33.172783 3.122621 24.157301
v -32.791523 3.373696 24.026812
v -32.791763 3.280230 24.157705
v -32.410900 3.122235 24.158382
v -32.344524 3.188266 24.027603
v -32.344437 2.293729 23.644753
v -32.410378 2.359831 23.513788
v -32.791401 2.202247 23.513386
v -32.791641 2.108773 23.644279
v -33.238640 2.294185 23.643488
v -33.172256 2.360226 23.512709
v -33.423603 2.741397 23.642857
v -33.329849 2.741239 23.512165
v -33.171871 3.122076 23.512066
v -33.238182 3.188406 23.642742
v -32.790981 3.373371 23.643217
v -32.790848 3.279677 23.512470
v -32.251144 6.956559 24.155388
v -32.409126 6.575695 24.155483
v -32.157383 6.956401 24.024704
v -32.342804 6.509391 24.024809
v -32.408730 7.337554 24.154842
v -32.342346 7.403594 24.024061
v -32.341801 7.403270 23.640467
v -32.156837 6.956076 23.641100
v -32.407818 7.337010 23.509607
v -32.250233 6.956015 23.510153
v -32.409985 3.121690 23.513147
v -31.841997 8.411401 25.096697
v -31.889366 8.506271 25.096558
v -32.158073 8.032047 24.906883
v -31.934092 8.536315 23.199606
v -31.886686 8.504683 23.199701
v -31.839308 8.409811 23.199850
v -33.419987 8.031107 23.008247
v -32.155396 8.030457 23.010031
v -33.736214 8.410786 23.197165
v -33.645103 1.160394 23.203392
v -31.842989 1.285923 23.205833
v -33.688740 8.505604 23.197157
v -33.739887 1.286906 23.203156
v -33.692516 1.192035 23.203304
v -32.155922 8.030774 23.389410
v -33.641300 8.537193 23.197191
v -33.423866 1.539826 23.393072
v -32.159279 1.539168 23.394863
v -33.420521 8.031424 23.387627
v -31.890463 1.191113 23.205841
v -31.937893 1.159516 23.205797
v -32.158745 1.538851 23.015484
v -33.423332 1.539501 23.013693
v -23.244246 10.426475 -5.657710
v -23.354326 10.508946 -5.657929
v -23.354546 10.077385 -5.657569
v -23.600765 10.159917 -5.657991
v -23.422501 10.293200 -5.656436
v -23.600624 10.426659 -5.658210
v -23.642725 10.293315 -5.658157
v -23.490419 10.509017 -5.658123
v -23.334671 10.571483 -5.822081
v -23.193213 10.465036 -5.821791
v -23.202267 10.293086 -5.657534
v -23.139248 10.292911 -5.821572
v -23.244385 10.159733 -5.657482
v -23.193398 10.120854 -5.821502
v -23.334963 10.014549 -5.821616
v -23.490639 10.077445 -5.657762
v -23.509853 10.014637 -5.821861
v -23.651287 10.121082 -5.822151
v -23.705261 10.293209 -5.822371
v -23.651112 10.465265 -5.822442
v -23.509563 10.571570 -5.822327
v -22.505465 16.779686 -5.825305
v -22.502575 22.364988 -5.829995
v -22.508345 11.194377 -5.820614
v -22.508759 11.194621 -5.525542
v -22.505877 16.779932 -5.530232
v -30.724293 16.444304 -5.836634
v -30.729931 5.500090 -5.827446
v -30.727119 10.972201 -5.832040
v -31.045982 5.613456 -5.827991
v -31.048864 0.028172 -5.823301
v -31.049276 0.028418 -5.528228
v -31.040222 16.784079 -5.837371
v -31.037342 22.369379 -5.842052
v -31.046406 5.613711 -5.532918
v -31.043104 11.198768 -5.832672
v -31.040644 16.784323 -5.542298
v -30.721895 21.916653 -5.546154
v -30.733170 0.028260 -5.527780
v -30.730352 5.500345 -5.532373
v -30.727533 10.972447 -5.536967
v -31.043524 11.199014 -5.537599
v -30.724714 16.444550 -5.541560
v -23.336771 11.667924 -5.625709
v -23.135384 11.613046 -5.822802
v -23.146669 11.398090 -5.625207
v -23.067921 11.397881 -5.822520
v -23.199343 11.231400 -5.625146
v -23.135603 11.182784 -5.822442
v -23.337044 11.128449 -5.625252
v -23.312550 11.049932 -5.822582
v -23.531176 11.050035 -5.822889
v -23.708000 11.183083 -5.823249
v -23.775446 11.398249 -5.823530
v -23.707783 11.613344 -5.823609
v -23.530815 11.746198 -5.823469
v -23.312191 11.746092 -5.823161
v -23.199165 11.564806 -5.625427
v -23.507202 11.128538 -5.625498
v -23.644796 11.231629 -5.625779
v -23.421972 11.398231 -5.623917
v -23.506922 11.668012 -5.625946
v -23.644621 11.565044 -5.626060
v -23.697296 11.398372 -5.625989
v -23.056749 11.398609 -5.254197
v -23.142963 11.398547 -5.381035
v -23.126654 11.620704 -5.254487
v -23.196392 11.569857 -5.381254
v -23.196568 11.227283 -5.380964
v -23.336735 11.121486 -5.381070
v -23.536860 11.039515 -5.254575
v -23.509924 11.121573 -5.381316
v -23.649971 11.227519 -5.381606
v -23.789989 11.398987 -5.255234
v -23.703400 11.398837 -5.381825
v -23.719856 11.621012 -5.255322
v -23.649796 11.570093 -5.381896
v -23.509644 11.675872 -5.381782
v -23.527998 11.733938 -5.168969
v -23.536482 11.758168 -5.255181
v -23.697630 11.191952 -5.168749
v -23.762184 11.399039 -5.169013
v -23.720085 11.176866 -5.254952
v -23.310286 11.039402 -5.254259
v -23.149574 11.191671 -5.167976
v -23.126883 11.176558 -5.254109
v -23.309906 11.758054 -5.254856
v -23.336454 11.675784 -5.381545
v -23.423626 11.398952 -5.069873
v -23.343330 11.655278 -5.100962
v -23.318663 11.733825 -5.168670
v -23.213781 11.557272 -5.100689
v -23.164339 11.398793 -5.100496
v -23.149355 11.605766 -5.168319
v -23.084755 11.398697 -5.168056
v -23.213945 11.240341 -5.100426
v -23.343603 11.142466 -5.100531
v -23.319006 11.063781 -5.168108
v -23.528339 11.063885 -5.168398
v -23.633249 11.557483 -5.101286
v -23.697409 11.606047 -5.169092
v -23.503557 11.655367 -5.101181
v -23.503820 11.142545 -5.100760
v -23.633415 11.240560 -5.101023
v -23.682821 11.399056 -5.101225
v -23.455730 11.506161 -5.325102
v -23.455238 11.505986 -5.684521
v -23.390156 11.505950 -5.684424
v -23.318066 11.398679 -5.324813
v -23.317432 11.398380 -5.684231
v -23.338184 11.332296 -5.324786
v -23.337597 11.331910 -5.684205
v -23.390797 11.291293 -5.324830
v -23.390261 11.290863 -5.684248
v -23.455835 11.291328 -5.324918
v -23.455355 11.290898 -5.684336
v -23.508423 11.332385 -5.325032
v -23.507999 11.331997 -5.684451
v -23.528498 11.398793 -5.325111
v -23.528111 11.398486 -5.684538
v -23.508352 11.465150 -5.325147
v -23.507931 11.464931 -5.684556
v -22.511637 5.609311 -5.520852
v -22.511215 5.609065 -5.815925
v -22.514519 0.024027 -5.516162
v -22.514105 0.023781 -5.811234
v -22.822159 16.440485 -5.530390
v -22.821747 16.440239 -5.825463
v -22.818918 21.912342 -5.830056
v -22.830202 0.023939 -5.811683
v -22.830624 0.024185 -5.516609
v -22.824564 10.968136 -5.820869
v -22.827383 5.496024 -5.816276
v -22.827805 5.496270 -5.521203
v -30.721464 21.916409 -5.841226
v -22.819338 21.912586 -5.534991
v -22.824976 10.968382 -5.525796
v -22.502996 22.365234 -5.534922
v -31.037764 22.369635 -5.546979
v -30.732758 0.028005 -5.822853
v -34.978527 11.274549 19.241051
v -34.984287 0.103927 19.250431
v -34.762112 22.234262 19.232155
v -34.750565 22.227402 11.064963
v -34.741711 22.222132 4.794697
v -34.961330 22.227507 11.064665
v -34.972878 22.234377 19.231855
v -34.972782 22.128904 19.126560
v -34.741108 22.538019 4.478275
v -34.773521 0.103821 19.250729
v -34.767757 11.274443 19.241350
v -34.768208 11.274706 19.557501
v -34.762394 22.550684 19.548040
v -34.747360 11.262304 4.803893
v -34.753117 0.091693 4.813273
v -34.752670 0.091429 4.497123
v -33.111370 1.162335 25.838743
v -33.954552 0.951999 25.837734
v -34.481468 0.952271 25.836987
v -34.964035 0.091886 4.918358
v -34.958126 11.262418 4.803594
v -34.963886 0.091798 4.812974
v -34.952477 22.222248 4.794399
v -34.958275 11.262498 4.908978
v -35.385357 0.091754 4.495955
v -35.379597 11.262365 4.486576
v -35.373783 22.538343 4.477108
v -34.746918 11.262041 4.487743
v -34.750404 22.543552 11.064700
v -35.383091 22.543877 11.063549
v -35.395069 22.551010 19.546890
v -34.978374 11.274460 19.135677
v -34.984138 0.103839 19.145048
v -35.400887 11.275032 19.556349
v -35.406643 0.104410 19.565729
v -34.773968 0.104085 19.566879
v -31.934988 8.536850 23.831888
v -33.646000 1.160930 23.835663
v -31.938789 1.160051 23.838079
v -32.156818 8.031309 24.021692
v -31.840204 8.410337 23.832134
v -33.689636 8.506140 23.829428
v -33.421417 8.031960 24.019899
v -33.424763 1.540353 24.025354
v -32.160164 1.539703 24.027145
v -31.843874 1.286459 23.838104
v -33.737103 8.411312 23.829447
v -33.420883 8.031634 23.640520
v -33.642197 8.537728 23.829472
v -31.887583 8.505209 23.831985
v -33.740780 1.287442 23.835426
v -32.159630 1.539378 23.647758
v -32.156284 8.030984 23.642311
v -33.424229 1.540037 23.645966
v -33.693405 1.192562 23.835567
v -35.172539 22.122238 11.064199
v -35.163822 22.117056 4.899299
v -34.961391 22.122131 11.064754
v -34.952679 22.116951 4.899870
v -35.183929 22.129011 19.126007
v -31.162230 1.161597 26.157667
v -31.162344 0.950831 26.157854
v -31.054081 7.400495 26.468750
v -31.044842 7.395005 19.934999
v -31.104445 7.419735 19.934895
v -31.113605 7.544431 26.468550
v -31.044762 7.563610 19.934860
v -31.104383 7.538941 19.934799
v -31.113667 7.425207 26.468647
v -31.138344 7.484836 26.468567
v -31.129114 7.479347 19.934807
v -30.969728 7.484757 26.468803
v -30.994459 7.425137 26.468813
v -30.985229 7.419673 19.935072
v -30.960501 7.479259 19.935053
v -31.053993 7.569108 26.468611
v -30.994398 7.544369 26.468716
v -30.985168 7.538888 19.934965
v -34.353184 0.736498 19.952169
v -33.834389 0.736305 20.044422
v -32.343979 3.187941 23.644009
v -32.252403 2.740685 23.513691
v -32.159016 2.740747 23.644640
v -32.789585 7.495550 24.154175
v -32.253315 2.741230 24.158926
v -32.159550 2.741072 24.028242
v -32.344982 2.294045 24.028347
v -31.891359 1.191640 23.838121
v -31.162045 0.950655 25.947079
v -31.214588 0.950585 25.841606
v -31.214483 1.161351 25.841433
v -34.534599 0.952570 26.153084
v -34.481953 1.163389 26.258345
v -34.534195 1.163152 25.942142
v -34.534302 0.952385 25.942310
v -34.544987 0.952482 26.047684
v -34.544884 1.163248 26.047508
v -34.534492 1.163327 26.152901
v -32.742809 1.636674 26.207735
v -32.900436 1.636489 25.891356
v -31.636007 1.161571 25.840834
v -32.532360 1.162388 26.261095
v -34.482056 0.952622 26.258520
v -33.955032 1.163117 26.259083
v -31.636707 0.951165 26.262543
v -33.955139 0.952359 26.259266
v -31.636604 1.161931 26.262367
v -31.215073 1.161711 26.262955
v -31.215185 0.950945 26.263140
v -32.531765 1.162036 25.839560
v -32.742363 1.636410 25.891584
v -31.636120 0.950804 25.841009
v -31.141109 0.950725 26.052496
v -31.161940 1.161422 25.946901
v -31.141012 1.161501 26.052322
v -33.954437 1.162765 25.837559
v -34.481354 1.163037 25.836811
v -33.111969 1.162686 26.260277
v -32.900887 1.636761 26.207506
v -32.342197 3.186878 22.379425
v -32.408203 3.120627 22.248566
v -32.157223 2.739684 22.380066
v -32.250622 2.739623 22.249111
v -32.409115 3.121172 22.893810
v -32.157768 2.740009 22.763662
v -32.789074 3.278632 22.260834
v -32.341846 3.186667 22.130739
v -32.251534 2.740167 22.894354
v -32.343197 2.292982 22.763775
v -32.338692 6.506950 21.112068
v -32.785889 6.321976 21.111588
v -32.785656 6.415442 20.980682
v -31.884905 8.503611 21.935131
v -31.888672 1.190042 21.941269
v -31.841206 1.284860 21.941250
v -33.173668 3.123148 24.789612
v -32.792648 3.280757 24.790012
v -32.792419 3.374223 24.659111
v -33.331650 2.742319 24.789698
v -33.239613 3.189258 24.658638
v -33.174065 2.361297 24.790243
v -33.425045 2.742258 24.658741
v -32.793213 2.203319 24.790909
v -33.240082 2.295038 24.659382
v -32.412189 2.360902 24.791323
v -32.345875 2.294581 24.660656
v -32.793068 2.109633 24.660173
v -32.791031 6.418648 24.787378
v -32.790901 6.324954 24.656633
v -33.237904 6.510384 24.655844
v -33.171886 6.576617 24.786711
v -33.422874 6.957577 24.655212
v -33.329472 6.957639 24.786158
v -33.171501 7.338476 24.786062
v -32.790478 7.496086 24.786467
v -33.237434 7.404587 24.655096
v -32.790241 7.589552 24.655571
v -32.409615 7.338081 24.787142
v -32.343243 7.404121 24.656361
v -32.345333 2.294256 24.277052
v -32.792290 2.202775 24.145674
v -32.792526 2.109308 24.276579
v -33.239536 2.294713 24.275787
v -33.239067 3.188933 24.275043
v -32.791737 3.280212 24.144770
v -33.172764 3.122612 24.144365
v -33.424500 2.741933 24.275146
v -33.173153 2.360753 24.145006
v -33.330738 2.741775 24.144463
v -32.157730 6.956612 24.273399
v -32.251129 6.956550 24.142445
v -32.343163 6.509603 24.273514
v -32.409100 6.575686 24.142548
v -32.790119 6.418103 24.142136
v -32.790356 6.324637 24.273039
v -33.237358 6.510068 24.272249
v -33.170982 6.576081 24.141468
v -33.328568 6.957103 24.140924
v -33.422321 6.957261 24.271618
v -33.170589 7.337941 24.140827
v -33.236893 7.404262 24.271502
v -32.789707 7.589236 24.271976
v -32.789566 7.495542 24.141232
v -32.408710 7.337545 24.141909
v -32.342697 7.403796 24.272766
v -32.250637 2.739640 22.262047
v -32.408615 2.358777 22.262152
v -32.156872 2.739474 22.131388
v -32.408218 3.120636 22.261511
v -32.786907 7.493960 22.257303
v -32.339668 7.401996 22.127209
v -32.341301 3.186351 21.747152
v -32.407307 3.120091 21.616295
v -30.968554 0.529272 26.247271
v -31.000986 0.318479 26.201139
v -32.412689 3.123288 25.422956
v -32.161343 2.742135 25.292807
v -32.793545 3.281284 25.422287
v -32.346306 3.189328 25.292173
v -31.066885 0.524713 20.766403
v -31.079599 0.313921 20.711525
v -31.114183 0.159508 20.561275
v -31.161123 0.524424 20.355549
v -32.254211 2.741757 24.791225
v -32.160446 2.741599 24.660534
v -32.411797 3.122761 24.790682
v -32.345421 3.188793 24.659891
v -32.253300 2.741221 24.145983
v -32.791878 3.373907 24.275517
v -32.344875 3.188477 24.276297
v -32.410881 3.122217 24.145447
v -32.252041 6.957086 24.787687
v -32.410011 6.576222 24.787783
v -32.158268 6.956928 24.656994
v -32.343700 6.509927 24.657108
v -23.390684 11.506126 -5.325006
v -23.337526 11.464842 -5.684319
v -23.338116 11.465062 -5.324901
v -32.159901 2.741283 24.276937
v -32.411274 2.360358 24.146088
v 1.374513 9.006683 23.077633
v 1.549801 9.308958 24.996943
v 1.371703 9.309196 25.174532
v 2.085868 9.006324 23.078644
v 2.085991 9.138062 23.045738
v 0.001484 9.309152 24.283428
v 0.003311 8.517451 22.703348
v 2.267223 9.307983 24.286634
v 2.264580 8.518935 25.868040
v -0.001159 8.520103 25.864845
v 1.548940 9.581145 25.708069
v 2.266819 8.517610 24.287302
v 2.269252 8.911470 22.706221
v 1.552813 9.226988 22.839520
v 1.374223 9.265444 23.379591
v 0.001080 8.518777 24.284096
v -0.000746 9.310477 25.864178
v 2.269050 8.516283 22.706553
v 0.003522 8.912639 22.703014
v 1.550811 9.308352 24.285625
v 1.549985 9.664618 24.996635
v 1.904468 9.309362 25.708797
v 1.906778 9.653227 24.199886
v 2.085578 9.265084 23.380602
v 1.905469 9.308765 24.997444
v 2.083154 9.486670 25.175383
v 2.082566 9.309126 25.531202
v 1.904600 9.580960 25.708570
v 1.374074 9.092905 23.422710
v 1.374627 9.138431 23.044735
v 1.551109 9.653413 24.199387
v 1.551698 9.135937 23.595503
v 1.551996 9.480996 23.509283
v 1.908481 9.226804 22.840021
v 1.907665 9.480812 23.509792
v 2.083066 9.308826 25.175531
v 2.082636 9.444921 25.531086
v 1.371800 9.487038 25.174383
v 1.371273 9.445289 25.530087
v 1.371202 9.309494 25.530199
v 1.905653 9.664433 24.997145
v 1.907366 9.135753 23.596014
v 2.085428 9.092546 23.423721
v 1.548800 9.309546 25.708288
v 1.908244 8.963310 22.905851
v 1.552585 8.963494 22.905340
v 1.906479 9.308177 24.286125
v 2.264993 9.309319 25.867382
v -23.815273 10.607260 -5.821967
v -23.816360 8.489865 -5.820193
v -29.754143 5.109698 -5.825743
v -23.818098 5.106642 -5.817347
v -23.819847 1.723419 -5.814510
v -22.776211 21.965015 -5.830038
v -29.755880 1.726475 -5.822897
v -30.775412 0.028031 -5.822915
v -29.748260 16.517292 -5.835316
v -22.783157 8.489329 -5.818735
v -30.769958 10.610844 -5.831794
v -30.771048 8.493440 -5.830019
v -29.752396 8.492912 -5.828579
v -29.756762 0.027505 -5.821474
v -29.746311 20.306898 -5.838495
v -23.809406 21.965542 -5.831505
v -29.745451 21.968597 -5.839891
v -30.764101 21.969124 -5.841332
v -30.764954 20.307415 -5.839935
v -30.766911 16.517818 -5.836757
v -30.768869 12.728237 -5.833577
v -22.784906 5.106106 -5.815889
v -30.772795 5.110216 -5.827174
v -29.751307 10.610315 -5.830363
v -29.750210 12.727711 -5.832137
v -22.779020 16.513708 -5.825471
v -22.777063 20.303307 -5.828650
v -23.810266 20.303843 -5.830108
v -23.812216 16.514235 -5.826930
v -23.814175 12.724664 -5.823741
v -22.780981 12.724128 -5.822283
v -23.820726 0.024448 -5.813078
v -22.787523 0.023922 -5.811621
v -22.786644 1.722883 -5.813053
v -30.774544 1.726993 -5.824337
v -22.782068 10.606733 -5.820509
v -17.067093 4.281544 -14.675114
v -13.258307 8.344242 -18.275188
v -15.031431 6.071837 -14.876273
v -16.283728 4.280218 -15.770054
v -16.285009 1.790609 -15.767964
v -11.996166 6.066709 -19.118746
v -12.174738 7.278606 -19.247963
v -13.577503 8.325079 -19.553135
v -13.217190 7.912346 -20.056709
v -13.578039 7.279072 -19.552258
v -16.127329 8.495555 -15.663258
v -14.077564 1.786876 -18.853399
v -15.049996 2.699574 -14.885485
v -15.877782 2.700980 -13.728465
v -10.036259 2.489239 -11.298204
v -10.036697 1.646173 -11.297503
v -7.829235 1.642440 -14.382920
v -10.151873 2.699996 -11.381177
v -10.864043 2.490635 -10.141176
v -10.979658 2.701393 -10.224148
v -12.623715 7.066971 -20.560240
v -13.030924 6.646123 -19.991013
v -10.924042 6.653377 -10.057819
v -10.862199 6.168509 -10.144197
v -10.863183 4.282149 -10.142599
v -16.879854 4.281640 -14.447161
v -13.919885 8.491831 -18.748693
v -13.423197 8.490988 -19.442940
v -13.335842 8.196889 -19.890896
v -12.605432 6.776412 -20.911665
v -12.468907 6.535277 -21.102455
v -12.968196 7.956730 -20.078848
v -6.529535 7.067480 -16.200211
v -12.210131 5.701555 -21.137335
v -12.377777 1.639313 -20.902515
v -16.778316 8.330472 -15.079233
v -12.226033 2.485137 -17.529585
v -11.475346 2.483732 -18.741791
v -16.778852 7.284482 -15.078355
v -16.281637 8.329629 -15.773454
v -13.002559 7.280003 -18.090937
v -12.823987 6.068113 -17.961708
v -9.960690 0.065433 -11.241158
v -11.395535 0.067857 -9.235619
v -10.114303 1.646164 -11.352968
v -7.828805 2.485506 -14.383633
v -7.000967 2.484110 -15.540723
v -7.001406 1.641044 -15.540020
v -12.303113 7.820628 -19.602850
v -12.039041 7.017160 -19.675381
v -16.900017 8.365134 -14.583220
v -16.624008 8.496398 -14.969037
v -17.068375 1.791926 -14.673024
v -6.295040 6.961701 -16.527962
v -12.389211 6.961184 -20.887964
v -13.291089 6.066682 -19.952618
v -17.565819 1.648078 -13.651992
v -17.676998 0.067514 -13.496411
v -17.763500 4.282720 -13.701136
v -17.764862 1.648140 -13.698922
v -16.881197 1.647060 -14.444965
v -14.076282 4.276494 -18.855492
v -14.075360 6.068008 -18.857000
v -11.549150 1.648588 -9.347430
v -16.130974 1.645654 -15.657531
v -11.660328 0.068024 -9.191841
v -11.549966 0.067840 -9.346095
v -17.720690 0.067312 -13.760879
v -17.566635 0.067330 -13.650665
v -6.307229 0.058987 -16.674084
v -6.416819 1.639920 -16.521103
v -14.078381 0.061165 -18.851881
v -13.923520 1.641922 -18.742985
v -12.433481 1.639410 -20.825674
v -12.588350 0.058644 -20.934561
v -12.434298 0.058662 -20.824337
v -7.906850 1.642440 -14.438422
v -7.753236 0.061701 -14.326612
v -6.263206 0.059180 -16.409290
v -16.285835 0.064897 -15.766427
v -12.323900 0.058477 -20.978645
v -6.417627 0.059171 -16.519777
v -15.859234 6.073234 -13.719182
v -15.338404 2.490257 -13.342236
v -14.433479 2.488861 -14.444149
v -15.209994 7.283727 -15.005500
v -15.465742 8.347975 -15.189762
v -16.037806 7.285132 -13.848410
v -16.039616 8.348809 -14.550754
v -17.019539 8.203108 -14.742050
v -16.282173 7.283639 -15.772584
v -16.282804 6.071733 -15.771564
v -13.147346 8.358792 -19.828493
v -12.543000 8.214048 -19.395948
v -12.838802 8.343398 -19.024658
v -12.072781 6.572803 -19.319948
v -13.092907 6.161465 -19.903534
v -6.936745 6.646641 -15.630994
v -6.764127 6.962501 -15.872293
v -12.858307 6.961983 -20.232323
v -6.230888 1.639876 -16.454035
v -6.871381 6.129632 -15.559322
v -7.162089 2.800391 -15.464820
v -11.410473 4.540224 -16.902880
v -11.230400 4.384002 -14.587258
v -11.943826 4.275369 -18.887657
v -13.590334 4.543904 -13.855995
v -12.098178 4.064594 -18.997828
v -15.795662 4.070838 -13.829695
v -11.013960 2.701243 -10.407014
v -7.316467 2.694999 -15.575139
v -10.859573 2.806644 -10.296695
v -11.124296 2.806811 -10.252795
v -14.074737 7.279915 -18.858009
v -10.864544 1.647569 -10.140387
v -11.045505 6.854299 -9.725106
v -11.626623 6.572013 -8.912804
v -11.800383 6.170090 -8.832862
v -11.676293 6.137746 -8.843329
v -11.745417 5.711586 -8.909633
v -11.580052 5.358271 -9.140730
v -11.480843 1.648746 -9.115982
v -17.018204 6.652859 -14.417830
v -11.096344 6.969817 -9.817027
v -11.330812 7.075595 -9.489304
v -6.815528 6.563889 -15.637439
v -6.999097 6.161984 -15.543778
v -6.872321 4.275546 -15.557786
v -6.873682 1.640965 -15.555573
v -13.018111 1.640534 -19.844564
v -7.000045 4.275624 -15.542233
v -13.016732 4.275115 -19.846813
v -17.424982 7.075077 -13.849315
v -13.292302 4.275167 -19.951292
v -13.293592 1.785550 -19.949200
v -12.597291 1.639410 -20.921844
v -7.116581 2.694867 -15.623694
v -7.944428 2.696264 -14.466613
v -12.014724 2.694454 -19.128019
v -12.842552 2.695851 -17.970928
v -13.271347 6.693449 -19.980860
v -17.065916 6.073058 -14.676387
v -17.025036 6.706886 -14.408293
v -14.074192 8.325923 -18.858889
v -17.762840 5.556505 -13.702198
v -17.888880 5.825741 -13.526076
v -12.469004 5.816564 -21.101654
v -12.595956 4.273991 -20.924023
v -16.295670 8.220390 -14.150675
v -16.414482 7.827575 -13.856216
v -12.426763 6.165822 -21.160738
v -12.868555 5.857417 -20.543369
v -17.190506 6.969299 -14.177038
v -17.394537 6.784509 -14.217725
v -16.955984 6.167991 -14.503936
v -12.784125 6.857021 -20.661898
v -13.094418 6.536340 -20.228149
v -17.489443 5.865216 -14.084572
v -12.962891 6.777018 -20.412027
v -12.595280 5.547775 -20.925129
v -17.573214 6.865110 -13.967984
v -6.115853 6.645253 -16.778387
v -11.479465 4.283327 -9.118230
v -10.836679 4.282238 -10.016684
v -10.838032 1.647657 -10.014471
v -10.835704 6.136332 -10.018255
v -15.751822 4.071041 -13.565042
v -11.013144 4.282009 -10.408340
v -11.123647 4.071436 -10.253858
v -10.858924 4.071260 -10.297758
v -11.237680 4.544106 -12.172815
v -15.641320 4.281622 -13.719525
v -7.315650 4.275765 -15.576466
v -7.161431 4.065016 -15.465882
v -7.205446 4.064814 -15.730482
v -9.057819 4.540426 -15.219690
v -11.833622 4.064418 -19.041668
v -7.206096 2.800198 -15.729420
v -17.751978 6.785106 -13.718121
v -17.263256 6.543375 -14.401197
v -13.097201 7.011328 -20.224321
v -13.024031 6.700132 -20.000654
v -12.844493 7.027821 -20.251642
v -17.204231 7.035181 -14.157859
v -16.398779 7.024529 -13.581596
v -6.450665 6.940967 -16.147474
v -6.660860 6.846896 -15.853660
v -6.080006 6.562642 -16.665512
v -6.240548 6.846184 -16.441143
v -6.451077 6.128920 -16.146790
v -11.627062 5.726928 -8.912101
v -11.478902 5.410357 -9.119143
v -11.255586 6.949083 -9.431465
v -10.891128 6.570775 -9.940852
v -11.256008 6.137044 -9.430788
v -11.465799 6.855011 -9.137630
v -17.138464 7.918968 -14.575783
v -17.079571 7.963677 -14.332206
v -17.675751 1.648263 -13.497351
v -17.674374 4.282843 -13.499599
v -17.673836 5.357752 -13.500468
v -17.839201 5.711067 -13.269372
v -17.894159 6.169572 -13.192617
v -17.930742 6.175113 -13.467588
v -17.839094 6.654247 -13.270435
v -17.888784 6.544428 -13.526876
v -16.073786 6.579556 -13.727579
v -17.659594 6.970089 -13.521370
v -11.565422 6.970608 -9.161360
v -11.744933 6.654765 -8.910424
v -11.580579 4.283362 -9.139859
v -11.581967 1.648781 -9.137611
v -6.030783 6.128217 -16.734257
v -17.085552 6.699869 -14.649603
v -17.259382 7.018354 -14.406668
v -12.210015 6.644735 -21.138397
v -12.154707 6.159876 -21.214855
v -6.060914 6.160394 -16.855114
v -12.375872 5.348803 -20.905624
v -6.282078 5.349321 -16.545885
v -6.116336 5.702074 -16.777588
v -6.080445 5.717556 -16.664801
v -12.376433 4.273894 -20.904711
v -6.282649 4.274412 -16.544971
v -6.228947 5.401486 -16.457197
v -6.283992 1.639832 -16.542776
v -6.229527 4.274456 -16.456247
v -5.549375 0.087882 18.204863
v -5.248427 5.673035 18.199032
v -5.324408 2.827723 18.201710
v -5.324970 0.087952 18.427555
v -5.326682 0.087575 17.980457
v -4.874430 5.673149 18.570210
v -5.025208 2.827819 18.498636
v -1.683172 5.352529 15.204954
v -6.704216 5.993040 21.905228
v -7.215176 8.311734 21.902557
v -7.217099 5.993734 22.416670
v -7.215896 8.312164 22.414721
v -7.051235 8.315633 26.654514
v -7.044640 8.311717 21.988155
v -7.045403 6.836351 21.989395
v -7.219778 0.092063 22.165533
v -6.963696 0.091931 22.165901
v -6.709486 8.315317 26.484287
v -7.222123 5.996720 25.973345
v -7.221648 8.315581 26.483559
v -7.307316 8.315765 26.654154
v -6.708766 8.314887 25.972124
v -7.220928 8.315150 25.971395
v 2.685674 6.831345 22.003147
v -7.051999 6.840277 26.655754
v 2.936029 8.521262 26.668461
v -7.300256 8.522395 21.731537
v -7.307210 8.526531 26.653971
v -7.300361 8.311629 21.731714
v 2.686429 8.306711 22.001907
v -6.963336 0.091711 21.909821
v -1.950863 2.828795 21.549559
v -1.651662 2.828891 21.846485
v -1.657950 5.674176 21.762161
v -5.099871 4.724507 18.199251
v -1.659004 4.725595 21.613913
v -6.704937 5.993470 22.417389
v -6.703743 8.311901 22.415440
v -6.703014 8.311471 21.903278
v 1.159962 5.564323 18.174618
v -4.652336 5.567335 18.196836
v -4.801479 5.356648 18.197582
v -1.612477 1.189488 14.768517
v -1.843267 1.611144 14.769046
v -1.381267 1.610906 14.767271
v -5.169425 1.615544 17.971113
v -5.167651 1.615930 18.433113
v -5.168748 1.194204 18.202465
v -1.312987 2.822893 14.907572
v -1.837154 0.082946 14.613798
v -1.390057 0.082718 14.612085
v -1.610616 5.352055 14.683052
v -1.981775 5.352555 15.057057
v -1.339921 10.992155 14.258857
v -1.614462 0.082648 14.389394
v -3.335080 1.507859 16.354588
v -6.969809 0.095567 26.490822
v -6.969449 0.095347 26.234739
v -7.219418 0.091843 21.909460
v -7.216371 5.993303 21.904507
v -1.607770 5.352678 15.428218
v -1.909122 2.823200 14.909845
v -4.877285 5.672525 17.825045
v -5.027482 2.827319 17.902500
v -4.503280 5.672648 18.196205
v -6.710680 5.996886 26.486227
v -0.012470 1.509221 20.023075
v -0.009590 1.192922 19.840769
v -3.338259 1.191859 16.537445
v 0.173118 1.508966 19.836082
v -3.520643 1.508114 16.541609
v -7.225530 0.095479 26.234379
v -7.225890 0.095699 26.490461
v -7.222843 5.997150 26.485508
v -6.709960 5.996456 25.974064
v -1.354745 2.828487 21.547295
v -1.429532 0.088813 21.847952
v -1.876620 0.089042 21.849648
v -2.031982 5.674053 21.391018
v -5.099546 5.356806 18.198723
v 1.634485 8.267305 17.695589
v 1.455272 6.059580 17.802078
v -1.312381 6.058702 15.055503
v -1.534529 6.081051 15.279354
v 1.880309 11.030559 18.195036
v 1.747210 1.612277 18.332167
v 1.746103 1.190551 18.101519
v 1.745436 1.611890 17.870167
v -1.429348 1.616730 21.682703
v -1.660567 1.195320 21.683939
v -1.891348 1.616967 21.684467
v 1.506295 11.030436 17.823877
v 1.085087 5.353530 18.100534
v 1.459092 5.353653 18.471693
v -1.652216 0.089121 22.072340
v -1.682496 5.563418 15.353807
v -1.659812 5.357649 21.315317
v -1.660277 5.568293 21.166105
v 2.679842 8.310628 26.668278
v 2.337505 5.992232 26.499014
v 1.233124 6.081930 18.025930
v 1.412346 8.289656 17.919424
v -1.430112 8.288751 15.098621
v -1.325686 10.496477 14.917881
v -1.207973 8.266401 14.874779
v 1.813707 10.475031 17.589090
v -1.660822 5.673544 21.017014
v -1.286808 5.673667 21.388172
v 2.338234 5.991802 25.986851
v 2.339428 8.310232 25.984911
v 2.338708 8.310662 26.497074
v 2.345172 8.306816 21.916065
v 2.343257 5.988816 22.430176
v 2.344452 8.307246 22.428226
v 2.855420 5.988553 22.430897
v 2.856614 8.306983 22.428955
v 2.857334 8.306553 21.916794
v 2.679079 6.835271 26.669506
v -1.658670 5.357895 21.613377
v 1.680862 4.720924 18.098812
v 1.681187 5.353223 18.098286
v -1.610405 4.719878 14.832618
v -1.612196 2.822796 14.610637
v 1.308886 5.353478 18.174223
v -1.610080 5.352178 14.832082
v -1.710150 11.029417 14.631923
v -1.236611 5.352169 15.054213
v -1.336145 11.029540 15.003082
v -0.965907 10.992270 14.630017
v -1.103555 10.474101 14.694055
v 1.591568 10.497399 17.812923
v 1.902905 0.084132 18.325367
v 1.903458 2.823912 18.099524
v 2.125597 0.083834 18.100964
v 2.853092 0.086662 21.923687
v 2.856140 5.988122 21.918734
v 2.596660 0.087013 22.179409
v 2.852741 0.086881 22.179770
v 2.597020 0.086794 21.923328
v 2.343977 5.988385 21.918015
v 2.935924 8.310505 26.668638
v 2.942879 8.306360 21.746187
v 2.942984 8.517136 21.746012
v 2.850862 8.310399 26.497793
v 2.851591 8.309969 25.985630
v 2.846629 0.090517 26.504696
v 2.850397 5.991539 25.987579
v 2.590548 0.090649 26.504337
v 2.849668 5.991969 26.499743
v 2.590908 0.090430 26.248245
v 2.846989 0.090298 26.248606
v 1.604257 2.823815 17.802597
v 1.606532 2.824316 18.398726
v 1.901192 0.083763 17.878271
v 1.456247 5.353030 17.726528
v 1.830252 5.353144 18.097679
v 2.250538 10.993298 17.821972
v 1.876533 10.993174 17.450811
v -14.490869 0.124404 -8.073584
v -14.767719 0.125107 -7.407860
v -14.563073 0.124738 -7.713191
v -15.005226 4.181167 -9.101623
v -15.853447 4.181605 -9.102818
v -16.098051 0.124668 -8.741960
v -16.455299 4.183125 -7.655661
v -16.215553 4.183300 -7.295777
v -16.099930 0.125792 -7.409749
v -15.794608 0.125801 -7.205103
v -15.073620 0.125432 -7.204085
v -14.447574 0.083472 -8.073487
v -14.359201 4.181324 -8.520426
v -14.407494 4.182071 -7.652762
v -7.055740 6.674980 -24.165249
v -7.101573 10.582388 -27.593559
v -7.051990 10.215259 -25.527670
v -7.104357 10.584047 -25.622892
v -7.157110 10.636818 -25.559786
v -16.302696 0.125028 -8.436638
v -14.271575 4.181650 -8.076675
v -15.008116 4.182888 -7.053817
v -4.961784 7.338270 -24.268236
v -15.792150 0.124343 -8.945735
v -15.431554 0.124097 -9.016931
v -16.501133 4.182422 -8.523447
v -16.590006 4.182844 -8.079960
v -16.539045 4.182817 -8.079881
v -16.251646 4.183353 -7.259789
v -15.875902 4.183371 -7.007976
v -15.856345 4.183327 -7.055020
v -15.432432 4.183221 -6.919102
v -14.648250 4.182501 -7.293564
v -14.360456 4.182062 -7.633188
v -14.322519 4.181676 -8.076754
v -14.737158 0.084201 -7.377159
v -14.523124 0.083823 -7.696531
v -15.057111 0.084543 -7.164021
v -14.612262 4.182510 -7.257470
v -5.068089 7.391015 -24.268429
v -5.683668 10.721538 -24.166718
v -5.685556 7.064740 -24.163643
v -5.696015 7.075234 -24.216360
v -5.120728 7.497733 -24.268597
v -5.013668 10.171621 -24.481462
v -7.049039 6.670992 -28.907486
v -7.101573 6.670931 -29.012949
v -14.406289 4.181360 -8.500975
v -14.646036 4.181184 -8.860858
v -14.985661 4.181114 -9.148660
v -15.429156 4.181272 -9.237534
v -15.429227 4.181316 -9.186572
v -15.872899 4.181571 -9.149906
v 0.689777 6.671081 -24.048899
v 0.689619 6.375990 -24.048653
v -7.108572 6.675094 -24.059929
v -7.108730 6.379994 -24.059673
v -7.101731 6.375840 -29.012701
v 0.696618 6.371827 -29.001680
v -4.856050 7.443426 -24.478941
v -14.522053 0.083191 -8.450654
v -14.609942 4.181131 -8.896847
v -14.562055 0.124132 -8.434179
v -15.432880 0.124887 -8.074910
v -14.765840 0.123983 -8.740071
v -5.448471 7.011925 -24.163263
v -15.432363 4.183177 -6.970064
v -14.735191 0.083033 -8.770623
v -15.434216 0.125678 -7.132890
v -15.054537 0.083024 -8.984666
v -15.431510 0.083147 -9.060208
v -15.808686 0.083401 -8.985728
v -16.128656 0.083753 -8.772591
v -15.071161 0.123965 -8.944716
v -5.746802 10.763674 -24.219530
v -6.832275 10.711543 -24.221014
v -6.781489 7.023105 -24.217854
v -4.960186 10.436538 -24.270834
v -5.446381 10.763479 -24.271801
v -5.119297 10.277216 -24.270933
v -5.066553 10.383898 -24.270941
v -7.048662 10.740357 -27.688465
v -7.048934 10.213441 -27.688017
v -7.154150 10.635053 -27.656912
v -7.051718 10.742174 -25.528109
v -5.446538 10.763568 -24.166409
v -5.448321 7.011837 -24.268648
v 0.639492 11.055506 -24.158056
v -7.159007 11.059607 -24.063694
v 0.646192 11.051527 -28.900301
v -16.303715 0.125634 -7.715650
v -7.158902 11.270373 -24.063879
v -16.342697 0.084130 -8.453227
v -16.418240 0.084482 -8.076271
v -16.343760 0.084763 -7.699105
v -16.502388 4.183169 -7.636209
v -16.130623 0.084921 -7.379135
v -15.811250 0.084938 -7.165093
v -15.434303 0.084807 -7.089541
v -14.988682 4.182914 -7.006729
v -16.249327 4.181974 -8.899165
v -16.213339 4.181992 -8.863070
v -16.454098 4.182414 -8.503863
v -7.048864 7.008763 -28.907776
v -7.055564 7.012751 -24.165541
v -7.046773 11.055479 -28.911175
v 0.744831 11.266308 -24.052700
v -7.151902 11.266210 -29.016884
v -7.152008 11.055444 -29.016706
v -6.842884 10.722125 -24.168350
v -7.053474 11.059466 -24.168938
v -6.792107 7.012619 -24.165161
v -6.834154 7.075822 -24.217968
v -6.779557 10.764208 -24.220989
v -5.736333 10.774256 -24.166830
v -5.694137 10.710956 -24.219418
v -5.738274 7.012074 -24.163668
v -5.748734 7.022569 -24.216387
v -6.844772 7.065337 -24.165285
v -6.790165 10.774792 -24.168324
v -16.374910 0.125370 -8.076244
v -1.349019 7.494308 -24.474022
v -4.854566 10.330925 -24.481363
v -4.960924 10.278287 -24.481470
v -4.509462 9.930311 -24.459463
v -5.014994 7.602905 -24.479301
v -1.465916 7.441678 -24.474154
v -1.800560 7.842336 -24.443338
v -4.962355 7.496170 -24.479134
v -1.296275 7.600999 -24.474039
v -1.799489 9.928924 -24.445095
v -2.252066 8.190338 -24.433741
v -2.251354 9.581396 -24.434908
v -4.058018 9.582327 -24.437454
v -4.058738 8.191269 -24.436287
v -4.510533 7.843724 -24.457714
v -3.155059 8.886351 -24.414515
vn -0.7081 0.0010 0.7061
vn -0.4486 0.0010 0.8937
vn -0.8950 0.0010 0.4460
vn -1.0000 0.0005 -0.0014
vn -0.2439 0.0009 0.9698
vn 1.0000 -0.0005 0.0014
vn 0.7061 0.0002 0.7081
vn 0.2684 0.8012 -0.5348
vn 0.5346 0.8017 0.2674
vn 0.8950 -0.0006 -0.4461
vn 0.4461 0.0006 0.8950
vn 0.2684 0.8013 -0.5347
vn 0.3235 0.4871 0.8112
vn -0.5785 -0.5765 0.5770
vn 0.3322 -0.6662 0.6677
vn -0.5778 0.5781 0.5761
vn 0.8160 0.4084 0.4090
vn -0.7075 -0.7067 -0.0004
vn -0.7067 0.7075 -0.0016
vn -0.4947 -0.0707 0.8662
vn -0.4215 -0.3420 0.8399
vn -0.4335 -0.1380 0.8905
vn -0.3166 -0.4195 0.8508
vn -0.1334 -0.4639 0.8758
vn -0.0766 -0.5718 0.8168
vn -0.4238 -0.7267 0.5407
vn 0.1772 -0.6922 0.6996
vn -0.5795 -0.1480 0.8014
vn 0.5058 -0.2942 0.8109
vn -0.5081 0.2956 0.8090
vn 0.5772 0.1494 0.8028
vn -0.1791 0.6934 0.6979
vn 0.4222 0.7276 0.5407
vn 0.2932 -0.5065 0.8109
vn -0.1798 -0.6920 0.6992
vn -0.2954 0.5078 0.8092
vn 0.1481 0.5787 0.8020
vn -0.6088 -0.3522 0.7109
vn -0.5792 0.1500 0.8013
vn 0.6916 -0.1782 0.7000
vn 0.5060 0.2950 0.8105
vn -0.5785 -0.5766 0.5770
vn 0.3322 -0.6662 0.6676
vn -0.5779 0.5781 0.5760
vn 0.8160 0.4083 0.4091
vn 0.4478 0.8941 -0.0001
vn 0.8941 -0.4478 0.0017
vn -0.7068 0.7075 -0.0016
vn 0.8946 0.4469 0.0009
vn 0.8941 -0.4479 0.0017
vn -0.3500 0.7469 0.5654
vn 0.0700 0.8215 0.5660
vn -0.2285 0.7484 0.6227
vn 0.1760 0.7620 0.6232
vn 0.4710 0.6761 0.5666
vn 0.5329 0.5717 0.6239
vn 0.7455 0.3497 0.5673
vn 0.7469 0.2283 0.6245
vn 0.8202 -0.0703 0.5678
vn 0.7606 -0.1762 0.6248
vn 0.6747 -0.4714 0.5679
vn 0.5702 -0.5333 0.6248
vn -0.5827 -0.5830 0.5662
vn -0.7965 -0.2138 0.5656
vn -0.6257 -0.4692 0.6231
vn -0.7769 -0.0937 0.6226
vn -0.4706 0.6254 0.6224
vn -0.0951 0.7766 0.6228
vn -0.1423 0.2031 0.9688
vn -0.0223 0.2464 0.9689
vn 0.3055 0.7198 0.6234
vn 0.1033 0.2240 0.9691
vn 0.0004 0.9988 0.0491
vn 0.0004 0.9963 0.0862
vn -0.0151 0.9959 0.0893
vn -0.0005 -1.0000 0.0008
vn -0.2193 -0.8724 0.4368
vn -0.0007 0.6624 0.7491
vn -0.0217 0.6732 0.7391
vn -0.0014 0.0008 1.0000
vn 0.7062 0.0003 0.7080
vn 0.0160 0.9974 0.0708
vn 0.9004 0.4205 0.1118
vn -0.6860 0.7262 0.0454
vn -0.9008 -0.4201 0.1099
vn -0.9057 -0.4224 0.0362
vn 0.6858 -0.7262 0.0486
vn -0.5348 -0.5705 0.6233
vn -0.4726 -0.6752 0.5664
vn -0.7472 -0.3487 0.5657
vn -0.7488 -0.2271 0.6227
vn -0.5719 0.5344 0.6223
vn -0.6763 0.4723 0.5653
vn -0.8217 0.0712 0.5654
vn -0.7624 0.1773 0.6224
vn 0.2350 -0.9427 0.2369
vn 0.8942 -0.4478 0.0016
vn 0.7081 -0.0010 -0.7061
vn 0.5344 -0.8023 -0.2658
vn 0.1459 -0.4416 0.8853
vn 0.9609 -0.1764 0.2135
vn 0.9502 -0.2795 0.1382
vn 0.7055 0.5865 0.3978
vn -0.2193 0.4372 0.8722
vn -0.3137 -0.1554 0.9367
vn -0.3135 0.1571 0.9365
vn -0.2197 -0.4356 0.8729
vn 0.5345 -0.8023 -0.2659
vn 0.2661 -0.8015 0.5356
vn 0.8160 0.4082 0.4091
vn 0.3348 0.6659 -0.6667
vn -0.0717 -0.8204 0.5672
vn -0.1776 -0.7610 0.6240
vn 0.3484 -0.7459 0.5676
vn 0.2267 -0.7474 0.6245
vn -0.7970 0.2127 0.5652
vn -0.7201 0.3068 0.6223
vn -0.2246 0.1055 0.9687
vn -0.8950 0.0008 0.4461
vn 0.9054 0.4228 0.0381
vn -0.0869 0.9901 0.1098
vn 0.0866 -0.9900 0.1116
vn 0.9169 0.3961 0.0479
vn -0.0872 0.9955 0.0362
vn -0.9171 -0.3961 0.0460
vn 0.0871 -0.9955 0.0380
vn 0.9804 0.1387 -0.1398
vn 0.9753 -0.1667 -0.1450
vn 0.6422 0.4551 -0.6168
vn -0.8172 -0.4075 0.4075
vn -0.2687 -0.5336 0.8019
vn -0.8008 0.0009 0.5990
vn 0.8937 -0.0001 0.4486
vn 0.4461 0.0007 0.8950
vn 0.5990 0.0003 0.8008
vn 0.6655 -0.3333 0.6679
vn 0.8312 -0.0000 0.5560
vn 0.2281 -0.6878 0.6892
vn -0.3026 0.3024 0.9039
vn -0.0014 -0.7065 0.7077
vn -0.0006 0.7077 0.7065
vn -0.2438 0.0009 0.9698
vn 0.0190 0.9156 0.4016
vn 0.0627 0.9961 0.0615
vn -0.5494 0.1702 0.8180
vn -0.5739 0.0821 0.8148
vn -0.3291 0.4340 0.8387
vn -0.4095 0.3298 0.8506
vn -0.0806 0.5934 0.8008
vn -0.1311 0.4367 0.8900
vn 0.0005 1.0000 -0.0009
vn 0.2664 0.5351 0.8017
vn -0.0618 0.9962 0.0613
vn 0.6240 0.4702 0.6240
vn 0.2009 0.1417 0.9693
vn 0.7751 0.0948 0.6246
vn 0.2443 0.0217 0.9695
vn 0.7184 -0.3058 0.6249
vn 0.2218 -0.1038 0.9695
vn 0.4688 -0.6243 0.6248
vn 0.1395 -0.2014 0.9695
vn 0.0934 -0.7755 0.6244
vn 0.0195 -0.2448 0.9694
vn -0.3071 -0.7187 0.6238
vn -0.1060 -0.2224 0.9692
vn -0.2131 -0.7958 0.5669
vn 0.2135 -0.7952 0.5675
vn 0.5826 -0.5815 0.5679
vn 0.7954 -0.2118 0.5678
vn 0.7949 0.2147 0.5675
vn 0.5811 0.5838 0.5669
vn 0.2115 0.7967 0.5662
vn -0.5843 0.5823 0.5652
vn -0.2470 -0.0201 0.9688
vn -0.2150 0.7962 0.5656
vn -0.2036 -0.1401 0.9690
vn -0.2393 0.0652 0.9687
vn -0.1753 0.1756 0.9687
vn -0.0646 0.2391 0.9688
vn 0.0629 0.2388 0.9690
vn 0.1733 0.1747 0.9692
vn 0.2369 0.0641 0.9694
vn 0.2366 -0.0636 0.9695
vn 0.1726 -0.1739 0.9695
vn 0.0619 -0.2375 0.9694
vn -0.0657 -0.2372 0.9692
vn -0.1761 -0.1731 0.9690
vn -0.2396 -0.0624 0.9689
vn 0.9355 -0.3289 -0.1289
vn 0.8660 -0.4820 0.1331
vn 0.6509 -0.4935 -0.5769
vn 0.1119 -0.8088 -0.5774
vn 0.4932 -0.6511 -0.5769
vn -0.1111 -0.8087 -0.5777
vn -0.4922 -0.6506 -0.5783
vn -0.6498 -0.4929 -0.5787
vn -0.8075 -0.1115 -0.5793
vn -0.8074 0.1115 -0.5794
vn -0.6492 0.4926 -0.5795
vn -0.4916 0.6501 -0.5794
vn -0.1103 0.8078 -0.5791
vn 0.1127 0.8077 -0.5787
vn 0.4938 0.6496 -0.5781
vn 0.6514 0.4919 -0.5777
vn 0.8091 0.1105 -0.5772
vn 0.8090 -0.1124 -0.5770
vn 0.8075 0.1115 0.5792
vn 0.6493 -0.4926 0.5795
vn 0.8074 -0.1114 0.5794
vn 0.4916 -0.6501 0.5794
vn 0.1102 -0.8079 0.5790
vn -0.1127 -0.8078 0.5786
vn -0.4939 -0.6496 0.5780
vn -0.6515 -0.4919 0.5776
vn 0.4922 0.6506 0.5783
vn 0.6498 0.4929 0.5787
vn -0.1118 0.8088 0.5773
vn 0.1111 0.8087 0.5776
vn -0.6509 0.4935 0.5768
vn -0.4932 0.6511 0.5769
vn -0.8092 -0.1106 0.5771
vn -0.8090 0.1123 0.5769
vn -0.1935 0.8476 0.4941
vn 0.1944 0.8465 -0.4956
vn -0.1782 0.1971 -0.9641
vn 0.1810 0.1364 -0.9740
vn -0.2427 -0.1455 -0.9591
vn 0.2459 -0.2131 -0.9456
vn -0.1969 -0.8954 -0.3993
vn 0.1959 -0.8950 0.4009
vn 0.7639 0.6454 0.0005
vn 0.9922 0.1244 0.0013
vn 0.9776 -0.2103 0.0015
vn 0.7567 -0.6538 0.0016
vn -0.7574 -0.6530 -0.0005
vn -0.9779 -0.2093 -0.0012
vn -0.9921 0.1254 -0.0015
vn -0.7632 0.6462 -0.0016
vn 0.1783 0.1986 0.9637
vn 0.2425 -0.1441 0.9594
vn -0.2140 0.1641 -0.9630
vn -0.1835 0.9830 -0.0011
vn 0.1554 0.1687 -0.9733
vn 0.2810 0.9597 -0.0004
vn 0.9247 0.1422 -0.3533
vn 0.9260 -0.1548 0.3443
vn 0.7567 -0.6537 0.0017
vn 0.1930 -0.1677 0.9668
vn -0.2321 0.1192 0.9654
vn 0.2299 0.1713 0.9580
vn -0.1962 -0.2454 0.9494
vn -0.9272 -0.1538 0.3416
vn -0.1968 -0.8954 -0.3993
vn -0.9235 0.1432 -0.3558
vn -0.9846 0.0004 -0.1750
vn -0.6756 0.4746 0.5642
vn -0.6181 0.7480 0.2418
vn -0.5445 0.8209 -0.1720
vn -0.7014 0.0742 0.7089
vn -0.4745 0.6739 -0.5663
vn -0.4268 0.3464 -0.8354
vn -0.4142 -0.0738 -0.9072
vn -0.6888 -0.3460 0.6371
vn -0.6411 -0.6735 0.3679
vn -0.5711 -0.8205 -0.0263
vn -0.4975 -0.7476 -0.4400
vn -0.4400 -0.4742 -0.7626
vn 0.6760 0.4731 -0.5650
vn 0.6190 0.7469 -0.2430
vn 0.5454 0.8207 0.1706
vn 0.4752 0.6744 0.5651
vn 0.4271 0.3474 0.8348
vn 0.4141 -0.0727 0.9073
vn 0.4395 -0.4734 0.7634
vn 0.4967 -0.7473 0.4414
vn 0.5702 -0.8211 0.0277
vn 0.6404 -0.6748 -0.3668
vn 0.6885 -0.3478 -0.6365
vn 0.9846 -0.0004 0.1750
vn 0.7015 0.0723 -0.7090
vn -0.4461 -0.0005 -0.8950
vn -0.8156 0.4084 -0.4099
vn -0.4469 0.8946 -0.0014
vn 0.3052 -0.6333 -0.7112
vn 0.6321 -0.6385 -0.4390
vn 0.3285 -0.8258 0.4584
vn 0.7436 -0.5810 0.3310
vn -0.7135 -0.5445 -0.4409
vn -0.3178 -0.6922 -0.6480
vn -0.6691 -0.6663 0.3291
vn -0.3432 -0.7867 0.5132
vn -0.8963 -0.1512 -0.4169
vn -0.8828 -0.2223 0.4137
vn 0.8298 -0.2154 -0.5148
vn 0.9285 -0.1672 0.3317
vn 0.3670 -0.2562 0.8943
vn 0.8745 0.2174 0.4336
vn 0.2637 0.3183 0.9106
vn 0.6582 0.5754 0.4855
vn 0.2725 0.9039 0.3298
vn 0.6965 0.6095 -0.3786
vn 0.1836 0.6937 -0.6965
vn 0.8944 0.1468 -0.4226
vn -0.9229 0.1607 0.3498
vn -0.8248 0.2116 -0.5243
vn -0.6236 0.6308 -0.4617
vn -0.7320 0.5624 0.3846
vn -0.3326 0.1916 0.9234
vn -0.3081 -0.4381 0.8445
vn -0.1830 0.8631 -0.4706
vn -0.2754 0.8226 0.4974
vn 0.2682 -0.5352 -0.8010
vn 0.4053 -0.2031 -0.8913
vn 0.5357 0.2664 -0.8013
vn 0.1618 0.3195 -0.9337
vn -0.1592 -0.3210 -0.9336
vn -0.4027 0.2016 -0.8928
vn 0.3680 0.7467 -0.5540
vn 0.5451 0.8204 -0.1729
vn 0.9069 -0.0008 -0.4213
vn 0.7138 0.6740 0.1905
vn 0.8289 0.3469 0.4389
vn 0.8596 -0.0733 0.5058
vn -0.6603 -0.7472 -0.0753
vn -0.7981 -0.4737 -0.3723
vn 0.3138 -0.6749 -0.6679
vn 0.1988 -0.3478 -0.9163
vn -0.4833 -0.8203 0.3058
vn 0.4825 -0.8213 -0.3045
vn -0.3145 -0.6734 0.6690
vn 0.6595 -0.7478 0.0765
vn -0.1990 -0.3460 0.9169
vn 0.7976 -0.4740 0.3731
vn -0.1680 0.0741 0.9830
vn -0.2295 0.4747 0.8497
vn -0.3672 0.7481 0.5527
vn -0.5442 0.8212 0.1715
vn -0.7131 0.6744 -0.1916
vn -0.8596 -0.0733 -0.5056
vn 0.1680 0.0723 -0.9831
vn -0.8285 0.3470 -0.4394
vn 0.2300 0.4731 -0.8505
vn 0.6510 -0.4935 -0.5768
vn 0.1119 -0.8088 -0.5773
vn -0.1110 -0.8087 -0.5777
vn -0.6498 -0.4928 -0.5787
vn -0.8075 -0.1115 -0.5792
vn -0.8074 0.1114 -0.5794
vn -0.6493 0.4926 -0.5795
vn -0.1102 0.8078 -0.5790
vn 0.4938 0.6497 -0.5780
vn 0.6515 0.4919 -0.5776
vn 0.8092 0.1106 -0.5771
vn 0.6509 -0.4936 -0.5768
vn 0.8090 -0.1124 -0.5769
vn 0.4939 0.6496 -0.5780
vn 0.6514 0.4919 -0.5776
vn -0.1102 0.8079 -0.5790
vn 0.1118 -0.8088 -0.5773
vn -0.1111 -0.8087 -0.5776
vn -0.4923 -0.6506 -0.5783
vn -0.6499 -0.4928 -0.5786
vn 0.6493 -0.4926 0.5794
vn 0.4916 -0.6501 0.5793
vn -0.1127 -0.8077 0.5787
vn -0.8092 -0.1105 0.5771
vn -0.8090 0.1124 0.5769
vn -0.1119 0.8088 0.5773
vn 0.4923 0.6506 0.5783
vn 0.1103 -0.8078 0.5790
vn -0.6509 0.4936 0.5768
vn -0.4931 0.6512 0.5769
vn 0.8091 0.1106 -0.5771
vn 0.8090 -0.1123 -0.5769
vn 0.4931 -0.6511 -0.5770
vn -0.9069 0.0008 0.4213
vn 0.1945 0.8465 -0.4956
vn 0.2127 -0.1850 0.9594
vn 0.9777 -0.2102 0.0015
vn 0.1970 -0.8956 -0.3988
vn -0.1808 0.1383 0.9737
vn -0.7632 0.6461 -0.0016
vn -0.9245 0.1438 0.3530
vn -0.2857 -0.1678 0.9435
vn -0.9262 -0.1545 -0.3440
vn -0.1980 -0.8948 0.4003
vn 0.2856 -0.1697 -0.9432
vn -0.1658 -0.2119 -0.9631
vn -0.2297 0.1698 -0.9583
vn -0.9413 0.0002 -0.3376
vn -0.8075 0.5608 -0.1827
vn -0.3931 0.6610 -0.6392
vn -0.5245 -0.0004 -0.8514
vn -0.9994 0.0005 -0.0347
vn -0.9476 0.3180 0.0300
vn -0.9761 0.0007 0.2172
vn -0.6610 0.7128 0.2344
vn -0.5269 0.0010 0.8499
vn -0.2595 0.8703 0.4185
vn -0.2679 0.7690 0.5804
vn 0.6449 0.6787 0.3513
vn 0.2687 0.7678 -0.5817
vn -0.6442 0.6788 -0.3524
vn 0.0015 0.4415 -0.8973
vn 0.8169 0.1832 -0.5469
vn 0.1609 0.4434 0.8817
vn -0.0004 0.8004 0.5995
vn 0.3418 0.7610 -0.5514
vn 0.6560 0.7093 -0.2577
vn 0.3938 0.6616 0.6381
vn 0.8260 0.5610 -0.0543
vn 0.9092 0.3182 0.2683
vn -0.5335 -0.2678 -0.8023
vn -0.2659 0.5339 -0.8027
vn 0.8950 -0.0008 -0.4461
vn 0.9598 -0.0007 -0.2806
vn 0.5269 -0.0010 -0.8499
vn 0.9299 -0.0002 0.3677
vn 0.5245 0.0004 0.8514
vn 0.9977 -0.0005 0.0679
vn -0.1102 0.8078 -0.5791
vn 0.4939 0.6496 -0.5781
vn -0.4938 -0.6497 0.5780
vn -0.6514 -0.4919 0.5777
vn -0.1120 0.8088 0.5773
vn -0.6493 0.4925 -0.5796
vn -0.4922 -0.6506 -0.5784
vn -0.1808 0.1382 0.9738
vn -0.2462 -0.2112 0.9459
vn -0.4922 -0.6507 -0.5783
vn -0.1110 -0.8087 -0.5776
vn -0.4915 0.6501 -0.5794
vn -0.6514 -0.4919 0.5776
vn 0.6493 -0.4925 0.5795
vn 0.1102 -0.8078 0.5790
vn -0.1126 -0.8077 0.5787
vn 0.6509 -0.4935 -0.5768
vn 0.7639 0.6454 0.0006
vn 0.9237 0.1428 0.3556
vn 0.2326 0.1696 -0.9577
vn 0.7567 -0.6537 0.0016
vn 0.1683 -0.2121 -0.9627
vn -0.1968 -0.8954 -0.3994
vn -0.2831 -0.1694 -0.9440
vn -0.9272 -0.1539 0.3416
vn 0.9270 -0.1554 -0.3414
vn -0.9235 0.1431 -0.3559
vn -0.1781 0.1366 -0.9745
vn 0.8091 -0.1124 -0.5769
vn 0.8092 0.1105 -0.5771
vn -0.6493 0.4925 -0.5795
vn 0.1128 0.8077 -0.5787
vn -0.6498 -0.4929 -0.5786
vn -0.8075 -0.1116 -0.5792
vn -0.4932 0.6511 0.5770
vn -0.6509 0.4935 0.5769
vn -0.1118 0.8088 0.5774
vn 0.1111 0.8087 0.5777
vn -0.8090 0.1123 0.5770
vn -0.8091 -0.1106 0.5771
vn 0.8075 0.1115 0.5793
vn 0.8074 -0.1113 0.5794
vn 0.4915 -0.6501 0.5795
vn 0.6493 -0.4925 0.5796
vn 0.1102 -0.8078 0.5791
vn -0.4938 -0.6496 0.5781
vn -0.8091 -0.1105 0.5772
vn -0.8090 0.1124 0.5770
vn -0.1119 0.8088 0.5774
vn 0.8091 0.1107 -0.5771
vn 0.1960 -0.2472 -0.9489
vn 0.1959 -0.8949 0.4009
vn 0.9270 -0.1554 -0.3413
vn 0.2322 0.1174 -0.9656
vn 0.9237 0.1427 0.3557
vn 0.7639 0.6453 0.0006
vn -0.1935 0.8476 0.4942
vn 0.1783 0.1985 0.9637
vn -0.7574 -0.6529 -0.0005
vn 0.9747 -0.0007 -0.2236
vn 0.6294 -0.7476 0.2120
vn 0.5354 -0.8212 -0.1974
vn 0.4459 -0.6749 -0.5880
vn 0.3849 -0.3479 -0.8549
vn 0.3687 0.0723 -0.9267
vn -0.9747 0.0007 0.2236
vn -0.7031 -0.4739 -0.5301
vn -0.6301 -0.7473 -0.2108
vn -0.5362 -0.8203 0.1988
vn -0.4466 -0.6734 0.5891
vn -0.3852 -0.3460 0.8555
vn -0.3688 0.0742 0.9266
vn -0.4012 0.4748 0.7833
vn -0.7357 -0.0735 -0.6733
vn -0.7192 0.3468 -0.6021
vn -0.4742 0.7481 0.4642
vn -0.5682 0.8211 0.0545
vn -0.6578 0.6742 -0.3358
vn 0.7027 -0.4738 0.5308
vn 0.6494 -0.4925 0.5794
vn 0.1110 0.8087 0.5776
vn 0.6515 0.4918 -0.5776
vn 0.8090 -0.1125 -0.5769
vn 0.6510 -0.4935 -0.5769
vn 0.4931 -0.6512 -0.5769
vn 0.1118 -0.8088 -0.5774
vn 0.5803 0.7358 0.3492
vn 0.5246 -0.1163 0.8434
vn 0.7699 0.1697 -0.6151
vn 0.2498 0.7620 -0.5974
vn -0.1957 0.6711 -0.7151
vn 0.1066 -0.1664 -0.9803
vn 0.3804 -0.5974 -0.7060
vn -0.2913 0.6433 -0.7081
vn -0.2932 0.6444 0.7063
vn -0.0992 0.6936 0.7135
vn 0.3785 -0.5962 0.7080
vn 0.2385 -0.3766 0.8952
vn -0.0015 -0.4466 0.8947
vn 0.2893 -0.8909 0.3501
vn 0.4961 0.6301 0.5973
vn 0.7680 -0.1706 0.6173
vn 0.7699 0.1698 -0.6151
vn -0.1168 0.8190 0.5618
vn -0.2932 0.6444 0.7062
vn -0.2912 0.6432 -0.7081
vn 0.3784 -0.5963 0.7080
vn 0.1683 -0.2661 0.9492
vn 0.2473 -0.7623 0.5981
vn -0.0014 -0.7064 0.7078
vn 0.0001 -0.8948 -0.4465
vn 0.4972 -0.6306 -0.5959
vn -0.1781 0.1972 -0.9641
vn -0.1932 -0.1691 -0.9665
vn -0.9262 -0.1544 -0.3440
vn -0.2297 0.1699 -0.9583
vn -0.9245 0.1438 0.3529
vn 0.2322 0.1173 -0.9656
vn 0.9237 0.1429 0.3556
vn -0.1935 0.8475 0.4942
vn -0.1103 0.8078 -0.5790
vn 0.3804 -0.5975 -0.7059
vn 0.7218 -0.6364 -0.2720
vn 0.6249 -0.5488 0.5553
vn 0.3171 -0.6914 0.6492
vn 0.3424 -0.7879 -0.5118
vn -0.1643 0.8517 -0.4977
vn -0.2707 0.7621 0.5881
vn 0.1839 0.8637 0.4692
vn 0.3301 0.8556 -0.3988
vn 0.6242 0.6310 0.4606
vn 0.7326 0.5610 -0.3855
vn 0.3728 -0.3796 -0.8467
vn -0.3159 0.2643 -0.9113
vn -0.8742 0.2175 -0.4341
vn -0.6524 0.6512 -0.3878
vn 0.2287 0.2719 -0.9348
vn 0.8930 0.1321 -0.4303
vn 0.8862 -0.2103 -0.4128
vn 0.9143 -0.2124 0.3448
vn 0.8250 0.2117 0.5240
vn -0.3673 -0.2573 -0.8938
vn -0.3294 -0.8262 -0.4571
vn -0.3059 -0.6318 0.7123
vn -0.6328 -0.6371 0.4401
vn -0.7442 -0.5808 -0.3300
vn -0.7084 0.5366 0.4586
vn -0.8942 0.1485 0.4223
vn -0.8301 -0.2137 0.5151
vn -0.9286 -0.1668 -0.3314
vn 0.6498 0.4928 0.5787
vn 0.4922 0.6507 0.5783
vn -0.8091 -0.1107 0.5771
vn -0.6510 0.4935 0.5768
vn 0.0002 -0.8948 -0.4465
vn -0.3678 0.7158 -0.5936
vn 0.0015 0.5543 -0.8323
vn 0.0014 -0.0008 -1.0000
vn -0.5643 0.5548 0.6113
vn -0.0009 0.5850 0.8110
vn 0.1103 -0.8079 0.5790
vn -0.8092 -0.1107 0.5771
vn 0.8200 -0.0009 -0.5724
vn 0.8926 0.3467 0.2883
vn 0.9343 -0.0735 0.3487
vn 0.7361 0.6739 0.0637
vn 0.5069 0.8203 -0.2649
vn 0.2663 0.7468 -0.6094
vn 0.0788 0.4731 -0.8775
vn -0.0052 0.0724 -0.9974
vn -0.7354 0.6745 -0.0648
vn -0.5061 0.8213 0.2635
vn -0.8922 0.3471 -0.2889
vn -0.9344 -0.0730 -0.3486
vn 0.0364 -0.3477 -0.9369
vn -0.8507 -0.4736 -0.2281
vn 0.1929 -0.6749 -0.7123
vn -0.6635 -0.7471 0.0404
vn -0.2655 0.7481 0.6081
vn -0.0785 0.4746 0.8767
vn 0.0053 0.0741 0.9972
vn -0.0368 -0.3461 0.9375
vn 0.8502 -0.4741 0.2289
vn -0.1936 -0.6735 0.7134
vn 0.6628 -0.7477 -0.0392
vn -0.4230 -0.8203 0.3850
vn 0.4221 -0.8213 -0.3837
vn -0.8200 0.0009 0.5724
vn 0.6515 0.4918 -0.5777
vn 0.8091 0.1105 -0.5771
vn 0.7567 -0.6538 0.0017
vn 0.1958 -0.8950 0.4009
vn 0.9236 0.1428 0.3557
vn 0.2811 0.9597 -0.0004
vn -0.7632 0.6461 -0.0017
vn 0.2037 0.1483 -0.9677
vn -0.6515 -0.4918 0.5776
vn 0.4915 -0.6501 0.5794
vn 0.4915 -0.6502 0.5794
vn 0.8075 0.1117 0.5792
vn 0.4932 -0.6510 -0.5770
vn -0.1111 -0.8086 -0.5777
vn 0.8090 -0.1123 -0.5770
vn 0.1127 0.8077 -0.5788
vn -0.4916 0.6501 -0.5795
vn -0.8075 -0.1116 -0.5793
vn -0.6492 0.4926 -0.5796
vn -0.4915 0.6501 -0.5795
vn 0.1110 0.8087 0.5777
vn -0.6510 0.4934 0.5768
vn -0.8090 0.1125 0.5769
vn 0.4916 -0.6502 0.5793
vn 0.1104 -0.8078 0.5790
vn -0.1127 -0.8078 0.5787
vn -0.4939 -0.6497 0.5779
vn -0.4938 -0.6496 0.5780
vn -0.8091 -0.1105 0.5771
vn -0.4921 -0.6507 -0.5783
vn 0.6498 0.4928 0.5786
vn 0.7195 0.3470 0.6016
vn 0.7357 -0.0730 0.6733
vn 0.6585 0.6741 0.3346
vn 0.5690 0.8204 -0.0559
vn 0.4750 0.7468 -0.4654
vn 0.4017 0.4730 -0.7841
vn -0.4922 -0.6506 -0.5782
vn 0.1120 -0.8088 -0.5773
vn -0.1112 -0.8087 -0.5776
vn -0.4915 0.6502 -0.5794
vn 0.2705 0.1369 -0.9529
vn 0.1682 -0.2121 -0.9627
vn -0.2008 0.1485 -0.9683
vn -0.2321 -0.2027 -0.9514
vn -0.1936 0.8475 0.4942
vn -0.9803 0.1976 -0.0015
vn -0.9909 -0.1349 -0.0013
vn 0.1959 -0.8950 0.4008
vn -0.2774 0.6006 0.7499
vn 0.1377 0.6453 0.7514
vn 0.4973 0.4391 0.7482
vn 0.6628 0.0694 0.7455
vn 0.5797 -0.3244 0.7475
vn 0.2753 -0.5993 0.7517
vn -0.1399 -0.6440 0.7521
vn -0.4995 -0.4379 0.7475
vn -0.5818 0.3256 0.7453
vn -0.6650 -0.0682 0.7437
vn -0.1953 0.9087 0.3689
vn 0.3898 0.8443 0.3677
vn 0.8149 0.4543 0.3599
vn 0.9289 -0.0978 0.3572
vn 0.6985 -0.6162 0.3638
vn 0.1943 -0.9081 0.3710
vn -0.3908 -0.8437 0.3680
vn -0.8160 -0.4537 0.3582
vn -0.9299 0.0984 0.3543
vn -0.6995 0.6169 0.3607
vn 0.2172 0.4371 0.8728
vn 0.8942 -0.4477 0.0017
vn 0.2168 -0.4357 0.8736
vn -0.6674 0.3344 0.6654
vn 0.8937 -0.0001 0.4487
vn 0.3877 0.8397 0.3801
vn 0.1364 0.6391 0.7569
vn 0.4926 0.4350 0.7537
vn 0.8107 0.4520 0.3721
vn 0.6567 0.0688 0.7510
vn 0.9242 -0.0973 0.3693
vn 0.5743 -0.3213 0.7529
vn 0.6949 -0.6130 0.3761
vn 0.2727 -0.5935 0.7572
vn 0.1932 -0.9032 0.3834
vn -0.1385 -0.6379 0.7576
vn -0.3888 -0.8391 0.3804
vn -0.4948 -0.4338 0.7530
vn -0.8118 -0.4514 0.3704
vn -0.6589 -0.0675 0.7492
vn -0.9253 0.0979 0.3664
vn -0.5765 0.3226 0.7507
vn -0.6960 0.6136 0.3730
vn -0.2748 0.5948 0.7554
vn -0.1943 0.9038 0.3813
vn 0.8245 -0.0875 -0.5590
vn 0.9896 -0.0073 -0.1438
vn 0.8028 -0.5772 -0.1495
vn 0.6227 -0.5477 -0.5588
vn 0.7242 0.4013 -0.5608
vn 0.8119 0.5651 -0.1465
vn 0.3484 0.7500 -0.5623
vn 0.3204 0.9346 -0.1547
vn 0.3051 -0.9395 -0.1556
vn 0.1749 -0.8095 -0.5604
vn -0.3200 -0.9348 -0.1540
vn -0.3468 -0.7508 -0.5621
vn -0.8116 -0.5652 -0.1478
vn -0.7226 -0.4022 -0.5622
vn -0.9892 0.0071 -0.1466
vn -0.8229 0.0866 -0.5616
vn -0.8024 0.5770 -0.1527
vn -0.6211 0.5468 -0.5615
vn -0.3047 0.9392 -0.1581
vn -0.1733 0.8085 -0.5623
vn -0.6874 0.4643 0.5584
vn -0.2801 0.7811 0.5581
vn -0.8309 -0.0151 0.5563
vn -0.6715 -0.4913 0.5547
vn -0.2490 -0.7926 0.5566
vn 0.2785 -0.7801 0.5602
vn 0.6859 -0.4634 0.5611
vn 0.8293 0.0160 0.5585
vn 0.6329 0.5010 0.5903
vn 0.2110 0.8378 0.5035
vn -0.1837 0.4054 0.8955
vn 0.1511 0.4521 0.8791
vn 0.3216 0.2267 0.9193
vn 0.4509 0.0424 0.8916
vn 0.3908 -0.2222 0.8932
vn 0.1812 -0.4039 0.8967
vn -0.1005 -0.4305 0.8970
vn -0.3431 -0.2904 0.8933
vn -0.4539 -0.0407 0.8901
vn -0.3934 0.2237 0.8917
vn -0.2150 0.9766 -0.0008
vn -0.4302 0.9027 -0.0010
vn 0.2161 0.9764 -0.0001
vn 0.4312 0.9022 0.0002
vn 0.9949 -0.1008 0.0018
vn 0.9950 0.0999 0.0016
vn 0.8794 -0.4761 0.0020
vn 0.7604 -0.6494 0.0019
vn 0.4303 -0.9027 0.0017
vn 0.2150 -0.9766 0.0014
vn -0.2160 -0.9764 0.0009
vn -0.4311 -0.9023 0.0005
vn -0.7610 -0.6488 -0.0002
vn -0.8797 -0.4755 -0.0005
vn -0.9950 -0.1000 -0.0010
vn -0.9949 0.1009 -0.0012
vn -0.8792 0.4764 -0.0013
vn -0.7603 0.6496 -0.0013
vn -0.6678 -0.3324 0.6660
vn -0.4477 -0.8942 0.0001
vn -0.4487 0.0010 0.8937
vn 0.7082 -0.0010 -0.7060
vn 0.8024 0.5339 -0.2666
vn 0.8009 -0.2673 0.5358
vn 0.4487 -0.0010 -0.8937
vn 0.8024 -0.2682 -0.5332
vn 0.8020 -0.5350 -0.2657
vn 0.7067 -0.7075 0.0016
vn 0.7068 -0.7075 0.0016
vn 0.8011 -0.5347 0.2689
vn 0.8319 -0.5550 0.0007
vn 0.9484 -0.3169 0.0016
vn 0.7075 0.7067 0.0004
vn 0.8011 0.2673 0.5355
vn 0.7060 0.0002 0.7083
vn 0.4489 -0.0010 -0.8936
vn 0.4461 0.0004 0.8950
vn 0.4418 0.6693 -0.5974
vn -0.2339 0.8952 -0.3793
vn 0.0010 0.9330 -0.3599
vn 0.0014 0.5995 -0.8004
vn -0.5246 -0.0004 -0.8514
vn 0.0018 -0.0008 -1.0000
vn 0.0019 0.4466 -0.8947
vn 0.0005 1.0000 -0.0008
vn -0.0005 0.8947 0.4466
vn -0.0018 0.0008 1.0000
vn -0.2858 -0.1678 0.9435
vn -0.1777 -0.9841 0.0005
vn 0.2720 -0.9623 0.0012
vn -0.9779 -0.2092 -0.0012
vn -0.9921 0.1255 -0.0015
vn 0.9776 -0.2102 0.0015
vn 0.2154 -0.1866 -0.9585
vn 0.1811 0.1969 -0.9635
vn 0.9092 0.3182 0.2684
vn 0.3938 0.6617 0.6381
vn 0.5245 0.0005 0.8514
vn 0.7967 -0.6044 0.0016
vn 0.1361 -0.9907 0.0010
vn 0.6034 -0.7974 0.0015
vn -0.1371 -0.9906 0.0006
vn -0.6042 -0.7968 -0.0002
vn -0.7974 -0.6035 -0.0006
vn -0.7967 0.6043 -0.0016
vn -0.1362 0.9907 -0.0010
vn -0.6035 0.7974 -0.0015
vn 0.1372 0.9905 -0.0006
vn -0.9907 -0.1361 -0.0013
vn -0.9905 0.1372 -0.0016
vn 0.9907 0.1362 0.0013
vn 0.9905 -0.1371 0.0015
vn 0.6043 0.7968 0.0002
vn 0.7973 0.6035 0.0005
vn 0.8092 0.1107 -0.5771
vn 0.6561 0.7093 -0.2577
vn 0.9598 -0.0007 -0.2807
vn 0.3419 0.7610 -0.5514
vn -0.6610 0.7129 0.2345
vn -0.2595 0.8703 0.4186
vn -0.9413 0.0002 -0.3375
vn -0.8076 0.5608 -0.1827
vn 0.3392 0.8606 0.3798
vn -0.0001 0.9007 0.4343
vn -0.0004 0.7978 0.6029
vn -0.8311 0.4312 0.3511
vn -0.0014 0.0009 1.0000
vn 0.8260 0.5611 -0.0543
vn 0.9977 -0.0004 0.0679
vn 0.4921 0.6506 0.5783
vn 0.4923 0.6505 0.5783
vn -0.1128 -0.8077 0.5786
vn 0.8073 -0.1114 0.5795
vn 0.7612 0.6485 0.0008
vn 0.8798 0.4753 0.0012
vn -0.4438 0.6294 -0.6379
vn -0.3815 -0.2237 -0.8969
vn -0.8770 0.1036 -0.4692
vn -0.9672 -0.0607 -0.2467
vn -0.4822 0.8745 -0.0529
vn -0.9233 0.0002 -0.3840
vn -0.8955 0.2181 -0.3880
vn -0.9671 0.0003 -0.2542
vn 0.3838 -0.2241 -0.8958
vn 0.4599 0.1793 -0.8697
vn 0.8636 -0.1230 -0.4890
vn 0.9187 0.2813 -0.2770
vn -0.7089 0.6956 -0.1163
vn -0.7844 0.3810 -0.4895
vn 0.7099 0.7020 -0.0569
vn 0.3038 0.5858 -0.7513
vn 0.8160 0.4083 0.4092
vn 0.4461 0.0005 0.8950
vn -0.8950 0.0007 0.4461
vn -0.3341 0.6674 0.6656
vn -0.4595 0.3861 0.7999
vn -0.9183 0.3415 0.2002
vn -0.8054 0.5844 0.0993
vn -0.9302 0.3654 0.0341
vn -0.7087 0.6955 -0.1189
vn -0.3840 0.0009 0.9233
vn 0.3814 0.0006 0.9244
vn 0.4447 0.7651 0.4658
vn 0.7097 0.7017 -0.0629
vn 0.8057 0.5412 -0.2407
vn 0.9244 -0.0008 -0.3814
vn -0.9244 0.0932 0.3700
vn -0.8636 0.1229 0.4890
vn 0.4835 0.8596 -0.1655
vn 0.8959 0.3047 0.3234
vn 0.8636 -0.0009 -0.5041
vn 0.9307 0.3448 -0.1217
vn 0.8772 0.2134 0.4301
vn 0.9671 -0.0003 0.2542
vn -0.8636 0.0009 0.5041
vn 0.9672 0.0608 0.2467
vn 0.9234 0.0923 0.3726
vn -0.8133 -0.0002 -0.5818
vn -0.8134 -0.0000 -0.5818
vn -0.9948 0.0004 -0.1020
vn -0.2161 0.9639 -0.1558
vn -0.2904 0.9338 -0.2089
vn 0.3989 0.8613 0.3146
vn 0.5599 0.7419 0.3688
vn 0.8071 0.1954 0.5571
vn 0.7989 0.1881 0.5713
vn 0.7988 0.1889 0.5712
vn 0.7851 0.1933 0.5884
vn 0.7746 0.2621 0.5756
vn 0.7989 0.2446 0.5495
vn -0.8133 -0.0000 -0.5818
vn -0.8133 -0.0001 -0.5819
vn 0.8284 -0.3065 -0.4689
vn 0.8942 0.2652 0.3608
vn 0.9985 0.0547 0.0087
vn 0.8820 0.0821 -0.4640
vn 0.7979 0.4967 -0.3416
vn -0.5185 0.3641 -0.7737
vn -0.6546 0.4815 -0.5828
vn -0.4436 0.1715 -0.8797
vn -0.4278 -0.2358 -0.8726
vn -0.7404 0.4132 -0.5302
vn -0.2895 0.9561 -0.0451
vn 0.4510 0.7485 0.4861
vn -0.8132 -0.0000 -0.5820
vn -0.8132 -0.0001 -0.5820
vn 0.2512 0.9513 0.1785
vn 0.3821 0.8831 0.2723
vn 0.7778 0.2927 0.5562
vn 0.7779 0.2926 0.5562
vn 0.8133 0.0001 0.5819
vn 0.9846 -0.0007 -0.1749
vn 0.7498 0.3881 0.5359
vn -0.5902 0.7953 0.1382
vn 0.0881 0.7568 0.6477
vn 0.3570 0.8921 0.2768
vn -0.3235 0.9126 -0.2502
vn -0.1335 0.4055 0.9043
vn -0.6614 0.5042 0.5553
vn -0.5846 0.1092 0.8040
vn -0.2336 0.0954 0.9676
vn 0.1633 0.4149 -0.8951
vn 0.7959 0.4352 -0.4209
vn 0.8373 0.1043 -0.5366
vn 0.0834 0.1578 -0.9839
vn 0.8372 -0.0009 -0.5469
vn 0.5819 -0.0010 -0.8133
vn -0.7646 0.4111 -0.4964
vn -0.0870 0.9742 -0.2084
vn 0.0841 0.7836 -0.6155
vn -0.7969 0.0500 -0.6021
vn 0.2476 -0.3940 -0.8851
vn -0.6674 0.4308 0.6075
vn -0.5316 0.8017 0.2733
vn -0.9690 0.2324 -0.0837
vn -0.8485 0.4263 -0.3136
vn 0.2378 0.3989 -0.8856
vn -0.0616 0.7781 -0.6251
vn 0.1393 0.4061 -0.9031
vn -0.5931 0.3450 -0.7275
vn -0.5020 0.1590 -0.8501
vn 0.2087 -0.0172 -0.9778
vn -0.4761 -0.0323 -0.8788
vn 0.2177 -0.2504 -0.9433
vn -0.9250 0.2982 -0.2357
vn -0.8410 0.3928 -0.3720
vn -0.7140 0.4255 -0.5561
vn 0.6098 0.7855 -0.1052
vn 0.8465 0.3509 0.4004
vn 0.7345 0.3760 0.5649
vn 0.1449 -0.4020 -0.9041
vn -0.5223 -0.2103 -0.8264
vn 0.3470 -0.0010 -0.9379
vn 0.2606 -0.0009 -0.9654
vn -0.4901 -0.0005 -0.8717
vn -0.4176 -0.0005 -0.9086
vn 0.8370 0.1762 0.5181
vn 0.4619 0.1072 0.8804
vn 0.8075 0.1193 0.5776
vn 0.1631 0.0851 0.9829
vn 0.7979 0.1941 0.5706
vn 0.1385 0.0008 0.9904
vn 0.5013 0.7878 0.3578
vn 0.6494 0.7604 0.0034
vn 0.6527 0.6748 0.3445
vn 0.1269 0.6930 0.7097
vn -0.8134 -0.0001 -0.5817
vn 0.7897 0.4349 -0.4327
vn -0.8132 -0.0000 -0.5819
vn -0.9802 0.1127 0.1625
vn -0.9865 0.0006 0.1636
vn -0.9835 0.0849 0.1595
vn 0.9846 -0.0007 -0.1748
vn -0.8133 -0.0001 -0.5818
vn -0.8801 0.0484 -0.4723
vn 0.1637 0.0007 0.9865
vn -0.1527 0.1074 0.9824
vn -0.8075 0.1189 -0.5778
vn -0.9824 0.0848 0.1665
vn 0.9836 0.0836 -0.1597
vn 0.1529 0.1057 -0.9826
vn 0.9803 0.1116 -0.1627
vn -0.1630 0.0834 -0.9831
vn 0.9865 -0.0006 -0.1636
vn -0.4618 0.1059 -0.8806
vn -0.1636 -0.0007 -0.9865
vn 0.9825 0.0837 -0.1666
vn 0.5097 0.1148 0.8527
vn 0.7608 0.1763 0.6246
vn 0.6304 0.2656 0.7294
vn 0.5103 0.0005 0.8600
vn 0.6295 0.0003 0.7770
vn 0.9992 -0.0005 0.0407
vn 0.9849 -0.0006 -0.1732
vn 0.5164 0.0285 0.8559
vn 0.9564 -0.1718 0.2361
vn -0.0498 0.9987 -0.0075
vn -0.0022 1.0000 -0.0001
vn 0.0271 0.9979 -0.0582
vn 0.5088 0.2280 0.8302
vn 0.4470 -0.6066 0.6574
vn 0.9208 -0.3327 0.2037
vn 0.8684 0.4234 0.2582
vn 0.0651 0.9977 0.0180
vn -0.0042 0.8889 -0.4580
vn -0.4586 0.8885 0.0161
vn -0.0201 0.9978 0.0630
vn 0.1555 0.6342 -0.7574
vn -0.4698 0.6540 -0.5930
vn -0.7564 0.6353 -0.1557
vn 0.1565 -0.2870 0.9451
vn 0.2540 -0.8517 0.4583
vn 0.4768 -0.8646 0.1588
vn 0.8871 -0.4376 -0.1471
vn -0.0480 0.4458 0.8938
vn -0.5008 -0.1808 -0.8465
vn 0.6124 0.3144 0.7253
vn -0.3736 0.2974 -0.8786
vn 0.9981 -0.0005 0.0613
vn 0.9787 -0.0003 0.2053
vn 0.9594 0.0477 0.2779
vn 0.9446 0.2232 0.2405
vn 0.6180 0.7791 -0.1051
vn 0.8481 0.3446 0.4025
vn 0.3573 0.8917 0.2780
vn 0.7337 0.3771 0.5652
vn 0.0878 0.7641 0.6391
vn 0.6094 0.3235 0.7239
vn -0.1433 0.4041 0.9034
vn 0.4810 0.1629 0.8614
vn -0.2584 -0.0151 0.9659
vn 0.4056 -0.0392 0.9132
vn -0.2356 -0.4127 0.8799
vn 0.4145 -0.2695 0.8692
vn -0.3029 -0.3032 0.9035
vn 0.4178 -0.1022 0.9028
vn -0.4040 0.0010 0.9148
vn 0.3612 0.0006 0.9325
vn -0.3397 0.0010 0.9405
vn 0.5518 0.0004 0.8340
vn -0.0475 0.7766 -0.6282
vn -0.3243 0.9117 -0.2524
vn 0.4954 0.1630 0.8532
vn -0.2473 0.0009 0.9689
vn -0.5819 0.0010 0.8133
vn -0.5942 0.7953 0.1196
vn -0.7272 -0.4152 0.5466
vn -0.9672 -0.1854 -0.1735
vn -0.9687 -0.1500 -0.1978
vn -0.8133 -0.0002 -0.5819
vn -0.3991 -0.0957 -0.9119
vn 0.0212 0.4555 0.8900
vn -0.2345 -0.0775 0.9690
vn -0.8679 -0.2516 0.4284
vn -0.5774 0.3541 -0.7356
vn -0.7121 0.4278 -0.5567
vn -0.9858 0.0271 -0.1657
vn -0.9432 0.2332 -0.2365
vn -0.8403 0.3845 -0.3822
vn 0.2070 -0.2776 -0.9381
vn 0.9455 0.2294 0.2313
vn -0.5920 0.6551 0.4695
vn 0.1020 0.8760 0.4714
vn 0.4257 0.8998 -0.0959
vn 0.8252 0.4206 -0.3770
vn -0.2054 -0.1866 0.9607
vn 0.9776 -0.1891 0.0925
vn -0.9535 -0.2793 -0.1135
vn -0.9691 -0.1210 -0.2150
vn -0.7152 0.0010 0.6989
vn -0.7756 0.0009 0.6312
vn -0.7857 -0.3102 0.5352
vn -0.8191 -0.3739 0.4351
vn -0.8585 0.0072 0.5127
vn -0.7985 0.4382 0.4128
vn 0.9941 0.0270 0.1052
vn 0.8232 -0.0005 -0.5678
vn 0.7547 -0.4011 -0.5192
vn 0.7328 -0.3228 -0.5991
vn 0.7353 -0.0010 -0.6777
vn 0.6868 -0.0010 -0.7269
vn -0.9985 0.0550 0.0038
vn 0.4774 -0.0992 -0.8731
vn -0.9471 0.0774 -0.3116
vn 0.3735 -0.0671 -0.9252
vn -0.8566 0.4277 0.2887
vn -0.2392 0.6629 -0.7094
vn 0.0022 0.8120 0.5836
vn 0.1988 -0.0855 0.9763
vn 0.3806 -0.0656 0.9224
vn 0.9590 0.2834 -0.0039
vn -0.3910 0.9099 -0.1383
vn 0.1346 0.9068 -0.3994
vn 0.0052 0.7232 -0.6906
vn -0.5634 0.8047 0.1870
vn -0.1961 0.7567 -0.6237
vn -0.4851 0.8599 0.1592
vn -0.8731 -0.1001 -0.4771
vn -0.9253 -0.0660 -0.3735
vn -0.3115 0.0781 0.9470
vn 0.0038 0.0557 0.9984
vn 0.4486 -0.0011 -0.8937
vn 0.7080 -0.0112 -0.7062
vn -0.7061 -0.0002 -0.7081
vn -0.8937 0.0002 -0.4486
vn -0.7082 -0.0195 0.7057
vn 0.7058 -0.0300 0.7078
vn -0.3329 -0.6670 -0.6665
vn -0.5344 -0.8018 -0.2674
vn 0.2676 -0.8024 -0.5333
vn 0.8168 -0.4091 -0.4068
vn -0.8946 -0.4469 -0.0009
vn -0.4478 -0.8942 0.0001
vn -0.8950 -0.0186 0.4457
vn 0.4453 -0.0576 0.8935
vn 0.8937 -0.0000 0.4486
vn 0.7057 -0.0202 0.7082
vn 0.7078 -0.0312 -0.7058
vn 0.4486 -0.0010 -0.8937
vn -0.8937 0.0001 -0.4486
vn -0.7062 -0.0105 -0.7080
vn -0.6658 0.6667 -0.3350
vn -0.2670 -0.8021 -0.5342
vn 0.4469 -0.8946 0.0014
vn 0.4097 0.4074 -0.8162
vn 0.5345 -0.8023 -0.2658
vn 0.8941 -0.0396 -0.4460
vn -0.8676 0.4016 0.2931
vn 0.2352 0.6786 0.6958
vn -0.8610 -0.4111 -0.2995
vn 0.0116 -0.5809 0.8139
vn 0.0067 0.9067 0.4217
vn 0.0037 -0.8139 -0.5809
vn 0.4873 0.8569 -0.1682
vn 0.2189 0.7641 0.6068
vn -0.1268 0.9098 0.3952
vn -0.6865 0.1467 -0.7122
vn 0.4540 -0.7570 0.4699
vn -0.4517 -0.7596 -0.4680
vn -0.3430 0.8687 -0.3575
vn 0.3440 0.8696 0.3542
vn 0.6876 0.1474 0.7110
vn 0.8729 -0.1064 0.4761
vn -0.9758 -0.0938 0.1973
vn -0.9224 -0.0653 0.3807
vn 0.9252 -0.0663 0.3736
vn -0.0050 -0.0310 -0.9995
vn -0.0036 0.0546 -0.9985
vn -0.9812 0.0023 -0.1931
vn -0.2087 0.6309 -0.7473
vn -0.8410 0.4694 0.2690
vn -0.1499 -0.0291 0.9883
vn 0.2693 0.6980 0.6635
vn 0.3116 0.0762 -0.9472
vn 0.6990 0.1229 -0.7044
vn -0.4405 -0.7802 0.4441
vn 0.4397 -0.7814 -0.4428
vn 0.3501 0.8677 -0.3530
vn 0.4457 -0.0189 0.8950
vn 0.8934 -0.0589 -0.4453
vn 0.8647 -0.4061 -0.2957
vn -0.3491 0.8686 0.3515
vn -0.6989 0.1248 0.7042
vn -0.4461 -0.0393 -0.8941
vn 0.9764 -0.0852 -0.1987
vn 0.9223 -0.0669 -0.3806
vn -0.0027 0.5787 -0.8155
vn 0.8256 0.5642 -0.0031
vn 0.7015 -0.0910 -0.7068
vn 0.6002 -0.5234 -0.6048
vn 0.2672 -0.9253 -0.2690
vn -0.3612 -0.8584 0.3642
vn -0.6551 -0.3678 0.6600
vn 0.0215 0.3785 0.9253
vn 0.7457 0.6078 -0.2728
vn -0.5294 0.8474 -0.0398
vn -0.2712 0.3856 -0.8819
vn 0.3590 0.8695 0.3392
vn 0.7174 0.1476 0.6809
vn 0.4739 -0.7567 0.4504
vn -0.4716 -0.7592 -0.4486
vn -0.7162 0.1473 -0.6822
vn -0.3577 0.8689 -0.3422
vn -0.9998 -0.0222 0.0027
vn 0.1912 -0.0549 -0.9800
vn -0.4760 -0.1053 0.8731
vn 0.2009 0.0135 0.9795
vn -0.1973 -0.0952 -0.9757
vn 0.4036 0.9066 0.1230
vn 0.8942 -0.4477 0.0018
vn -0.7080 -0.0092 0.7062
vn 0.8937 0.0001 0.4486
vn -0.7015 0.0910 0.7068
vn -0.6003 0.5235 0.6047
vn -0.2672 0.9253 0.2689
vn 0.6549 0.3678 -0.6602
vn 0.3612 0.8584 -0.3643
vn -0.7058 -0.0305 -0.7078
vn 0.7082 -0.0214 -0.7057
vn 0.4486 -0.0009 -0.8937
vn -0.7057 -0.0207 -0.7082
vn -0.7078 -0.0293 0.7058
vn -0.4486 0.0011 0.8937
vn 0.7062 -0.0100 0.7080
vn 0.5744 0.7992 0.1773
vn 0.9998 -0.0169 -0.0037
vn 0.8855 0.3449 -0.3114
vn 0.9985 0.0548 -0.0036
vn 0.9471 0.0769 0.3115
vn -0.3737 -0.0652 0.9253
vn -0.3807 -0.0667 -0.9223
vn 0.4461 -0.0382 0.8942
vn 0.8950 -0.0007 -0.4461
vn -0.8935 -0.0573 0.4454
vn -0.4457 -0.0199 -0.8950
vn 0.8950 -0.0204 -0.4457
vn -0.8942 -0.0379 0.4461
vn -0.4453 -0.0586 -0.8934
vn 0.9999 -0.0148 -0.0030
vn -0.6846 0.7274 -0.0470
vn -0.6502 0.7276 0.2187
vn -0.8096 0.5847 0.0520
vn -0.7279 0.5849 0.3580
vn -0.6147 0.7272 -0.3056
vn -0.7680 0.5844 -0.2619
vn -0.6095 0.5841 -0.5360
vn -0.5168 0.7277 0.4509
vn -0.5353 0.5850 0.6093
vn -0.3046 0.7278 0.6145
vn -0.2611 0.5850 0.7679
vn -0.0460 0.7277 0.6843
vn 0.0528 0.5848 0.8094
vn 0.2197 0.7275 0.6500
vn 0.3588 0.5846 0.7277
vn 0.4519 0.7273 0.5165
vn 0.6102 0.5843 0.5351
vn 0.6154 0.7270 0.3044
vn 0.7687 0.5840 0.2609
vn 0.6853 0.7268 0.0458
vn 0.8102 0.5837 -0.0530
vn 0.6509 0.7266 -0.2199
vn 0.7285 0.5835 -0.3589
vn 0.5175 0.7265 -0.4522
vn 0.5359 0.5834 -0.6103
vn 0.3053 0.7264 -0.6157
vn 0.2617 0.5834 -0.7688
vn -0.3582 0.5838 -0.7286
vn 0.9968 -0.0427 0.0675
vn 0.9467 -0.0430 -0.3191
vn 0.7145 0.6980 -0.0469
vn 0.6425 0.6978 -0.3167
vn -0.4512 0.7269 -0.5178
vn -0.5336 0.8019 -0.2687
vn -0.1969 0.5891 0.7837
vn -0.9037 -0.3902 -0.1763
vn -0.9914 -0.0609 0.1157
vn -0.9041 -0.4145 0.1041
vn -0.9789 -0.0943 -0.1814
vn -0.9611 -0.1758 -0.2133
vn -0.9755 -0.1655 0.1453
vn -0.2189 0.7267 -0.6512
vn 0.0844 -0.5888 0.8038
vn 0.1383 -0.4330 0.8907
vn 0.4241 0.3390 0.8398
vn 0.1409 0.4591 0.8771
vn 0.3294 0.4169 0.8472
vn 0.0818 0.5768 0.8128
vn -0.6772 0.6986 -0.2311
vn -0.7138 0.6988 0.0457
vn -0.6418 0.6990 0.3155
vn -0.4719 0.6991 0.5372
vn -0.2301 0.6991 0.6769
vn 0.0467 0.6990 0.7136
vn 0.0467 0.7265 -0.6856
vn 0.3165 0.6988 0.6415
vn 0.5381 0.6985 0.4717
vn 0.6779 0.6983 0.2299
vn 0.8951 -0.0424 0.4438
vn 0.6571 -0.0420 0.7526
vn 0.3191 -0.0417 0.9468
vn 0.1814 0.3658 0.9129
vn 0.5885 0.0860 0.8039
vn -0.6088 -0.3522 0.7108
vn 0.5355 0.1675 0.8277
vn 0.3377 -0.4241 0.8403
vn 0.4159 -0.3289 0.8479
vn 0.4574 -0.1410 0.8780
vn 0.4749 -0.0687 0.8773
vn -0.5338 0.8018 -0.2687
vn 0.4726 0.6977 -0.5383
vn 0.2308 0.6978 -0.6781
vn -0.0460 0.6979 -0.7148
vn -0.3157 0.6980 -0.6427
vn -0.5374 0.6983 -0.4728
vn -0.2676 0.8024 0.5335
vn -0.8950 0.0009 0.4461
vn 0.7526 -0.0432 -0.6571
vn 0.3639 0.1833 0.9132
vn -0.0522 0.5835 -0.8104
vn 0.4438 -0.0433 -0.8951
vn 0.0674 -0.0432 -0.9968
vn -0.3192 -0.0429 -0.9467
vn -0.6572 -0.0426 -0.7525
vn -0.8951 -0.0422 -0.4438
vn -0.4238 -0.7266 0.5407
vn 0.1771 -0.6922 0.6996
vn 0.3638 -0.1819 0.9136
vn -0.7049 0.5866 -0.3988
vn -0.6418 0.4568 0.6161
vn 0.1812 -0.3644 0.9134
vn -0.5353 -0.8013 0.2672
vn -0.2553 -0.3800 0.8890
vn -0.2670 -0.8021 -0.5343
vn -0.2668 -0.8022 -0.5341
vn -0.1504 -0.5774 0.8025
vn -0.9968 -0.0418 -0.0674
vn -0.9468 -0.0415 0.3192
vn -0.7526 -0.0414 0.6572
vn -0.4438 -0.0413 0.8952
vn -0.0675 -0.0414 0.9969
vn -0.2955 0.5078 0.8092
vn 0.1482 0.5788 0.8019
vn 0.3518 -0.6072 0.7124
vn 0.0296 -0.0277 0.9992
vn -0.0291 0.0235 0.9993
vn -0.0225 -0.0307 0.9993
vn 0.0184 0.0337 0.9993
vn 0.0096 -0.0201 0.9998
vn 0.0103 0.0160 0.9998
vn -0.0161 0.0240 0.9996
vn -0.0247 -0.0173 0.9995
vt 0.029000 0.131000
vt 0.029000 0.003000
vt 0.014000 0.131000
vt 0.014000 0.003000
vt 0.024000 0.131000
vt 0.024000 0.003000
vt 0.001000 0.131000
vt 0.001000 0.003000
vt 0.023000 0.131000
vt 0.023000 0.003000
vt 0.003000 0.131000
vt 0.003000 0.003000
vt 0.014000 0.259000
vt 0.021000 0.131000
vt 0.021000 0.259000
vt 0.731000 0.796000
vt 0.614000 0.796000
vt 0.731000 0.812000
vt 0.614000 0.812000
vt 0.731000 0.794000
vt 0.614000 0.794000
vt 0.640000 0.563000
vt 0.632000 0.563000
vt 0.640000 0.556000
vt 0.632000 0.556000
vt 0.622000 0.556000
vt 0.612000 0.556000
vt 0.622000 0.575000
vt 0.612000 0.575000
vt 0.411000 0.679000
vt 0.413000 0.675000
vt 0.417000 0.683000
vt 0.419000 0.679000
vt 0.417000 0.673000
vt 0.423000 0.677000
vt 0.354000 0.667000
vt 0.388000 0.667000
vt 0.353000 0.669000
vt 0.390000 0.669000
vt 0.353000 0.784000
vt 0.390000 0.784000
vt 0.354000 0.786000
vt 0.388000 0.786000
vt 0.390000 0.665000
vt 0.353000 0.665000
vt 0.353000 0.788000
vt 0.390000 0.788000
vt 0.353000 0.661000
vt 0.354000 0.663000
vt 0.351000 0.663000
vt 0.351000 0.786000
vt 0.392000 0.667000
vt 0.392000 0.786000
vt 0.622000 0.583000
vt 0.612000 0.583000
vt 0.630000 0.558000
vt 0.630000 0.575000
vt 0.622000 0.558000
vt 0.681000 0.563000
vt 0.681000 0.562000
vt 0.702000 0.563000
vt 0.702000 0.562000
vt 0.681000 0.565000
vt 0.702000 0.565000
vt 0.681000 0.567000
vt 0.702000 0.567000
vt 0.681000 0.569000
vt 0.702000 0.569000
vt 0.664000 0.560000
vt 0.660000 0.558000
vt 0.670000 0.554000
vt 0.662000 0.550000
vt 0.656000 0.559000
vt 0.653000 0.551000
vt 0.030000 0.352000
vt 0.030000 0.452000
vt 0.001000 0.352000
vt 0.001000 0.452000
vt 0.024000 0.353000
vt 0.024000 0.259000
vt 0.001000 0.353000
vt 0.001000 0.259000
vt 0.005000 0.082000
vt 0.005000 0.003000
vt 0.022000 0.082000
vt 0.022000 0.003000
vt 0.012000 0.095000
vt 0.012000 0.002000
vt 0.008000 0.095000
vt 0.008000 0.002000
vt 0.032000 0.313000
vt 0.032000 0.220000
vt 0.001000 0.314000
vt 0.001000 0.208000
vt 0.001000 0.446000
vt 0.024000 0.446000
vt 0.654000 0.551000
vt 0.665000 0.581000
vt 0.664000 0.582000
vt 0.702000 0.579000
vt 0.681000 0.579000
vt 0.681000 0.581000
vt 0.702000 0.581000
vt 0.022000 0.161000
vt 0.005000 0.161000
vt 0.614000 0.788000
vt 0.731000 0.788000
vt 0.731000 0.593000
vt 0.614000 0.593000
vt 0.001000 0.196000
vt 0.030000 0.189000
vt 0.030000 0.251000
vt 0.001000 0.251000
vt 0.703000 0.619000
vt 0.700000 0.605000
vt 0.703000 0.603000
vt 0.397000 0.788000
vt 0.397000 0.661000
vt 0.399000 0.786000
vt 0.399000 0.663000
vt 0.345000 0.661000
vt 0.608000 0.661000
vt 0.345000 0.659000
vt 0.608000 0.659000
vt 0.614000 0.585000
vt 0.731000 0.585000
vt 0.681000 0.577000
vt 0.702000 0.577000
vt 0.681000 0.571000
vt 0.702000 0.571000
vt 0.667000 0.564000
vt 0.676000 0.561000
vt 0.652000 0.552000
vt 0.671000 0.556000
vt 0.646000 0.577000
vt 0.671000 0.555000
vt 0.672000 0.557000
vt 0.647000 0.578000
vt 0.651000 0.605000
vt 0.648000 0.619000
vt 0.648000 0.603000
vt 0.022000 0.147000
vt 0.022000 0.159000
vt 0.005000 0.159000
vt 0.023000 0.259000
vt 0.003000 0.259000
vt 0.021000 0.003000
vt 0.014000 0.067000
vt 0.021000 0.067000
vt 0.023000 0.195000
vt 0.003000 0.195000
vt 0.029000 0.259000
vt 0.029000 0.067000
vt 0.014000 0.195000
vt 0.029000 0.195000
vt 0.021000 0.195000
vt 0.001000 0.142000
vt 0.030000 0.128000
vt 0.001000 0.022000
vt 0.030000 0.001000
vt 0.005000 0.131000
vt 0.030000 0.126000
vt 0.005000 0.237000
vt 0.008000 0.188000
vt 0.012000 0.188000
vt 0.032000 0.407000
vt 0.001000 0.421000
vt 0.032000 0.421000
vt 0.001000 0.067000
vt 0.024000 0.067000
vt 0.005000 0.005000
vt 0.022000 0.081000
vt 0.022000 0.015000
vt 0.411000 0.767000
vt 0.417000 0.763000
vt 0.413000 0.771000
vt 0.419000 0.767000
vt 0.417000 0.772000
vt 0.423000 0.769000
vt 0.399000 0.667000
vt 0.022000 0.005000
vt 0.003000 0.067000
vt 0.023000 0.067000
vt 0.005000 0.024000
vt 0.024000 0.195000
vt 0.001000 0.195000
vt 0.032000 0.208000
vt 0.652000 0.561000
vt 0.645000 0.556000
vt 0.650000 0.565000
vt 0.641000 0.563000
vt 0.651000 0.569000
vt 0.642000 0.572000
vt 0.653000 0.573000
vt 0.647000 0.579000
vt 0.657000 0.574000
vt 0.656000 0.583000
vt 0.662000 0.574000
vt 0.665000 0.582000
vt 0.681000 0.575000
vt 0.702000 0.575000
vt 0.681000 0.573000
vt 0.702000 0.573000
vt 0.667000 0.568000
vt 0.676000 0.569000
vt 0.665000 0.572000
vt 0.672000 0.577000
vt 0.659000 0.566000
vt 0.347000 0.794000
vt 0.397000 0.665000
vt 0.347000 0.788000
vt 0.347000 0.659000
vt 0.351000 0.667000
vt 0.659000 0.567000
vt 0.660000 0.575000
vt 0.656000 0.575000
vt 0.652000 0.572000
vt 0.650000 0.568000
vt 0.651000 0.564000
vt 0.653000 0.560000
vt 0.657000 0.558000
vt 0.662000 0.559000
vt 0.665000 0.561000
vt 0.667000 0.565000
vt 0.667000 0.570000
vt 0.664000 0.573000
vt 0.676000 0.564000
vt 0.672000 0.556000
vt 0.665000 0.550000
vt 0.656000 0.550000
vt 0.648000 0.553000
vt 0.642000 0.561000
vt 0.642000 0.570000
vt 0.645000 0.578000
vt 0.653000 0.583000
vt 0.662000 0.584000
vt 0.670000 0.580000
vt 0.675000 0.573000
vt 0.697000 0.608000
vt 0.654000 0.608000
vt 0.714000 0.278000
vt 0.724000 0.283000
vt 0.715000 0.277000
vt 0.724000 0.280000
vt 0.735000 0.278000
vt 0.733000 0.277000
vt 0.739000 0.267000
vt 0.737000 0.267000
vt 0.735000 0.257000
vt 0.733000 0.258000
vt 0.724000 0.252000
vt 0.724000 0.254000
vt 0.714000 0.257000
vt 0.715000 0.258000
vt 0.710000 0.267000
vt 0.712000 0.267000
vt 0.796000 0.236000
vt 0.753000 0.236000
vt 0.790000 0.242000
vt 0.757000 0.242000
vt 0.790000 0.430000
vt 0.757000 0.430000
vt 0.796000 0.436000
vt 0.753000 0.436000
vt 0.751000 0.236000
vt 0.751000 0.238000
vt 0.751000 0.434000
vt 0.751000 0.436000
vt 0.798000 0.436000
vt 0.798000 0.434000
vt 0.798000 0.238000
vt 0.798000 0.236000
vt 0.741000 0.242000
vt 0.749000 0.236000
vt 0.747000 0.236000
vt 0.708000 0.242000
vt 0.706000 0.236000
vt 0.704000 0.236000
vt 0.704000 0.238000
vt 0.708000 0.430000
vt 0.704000 0.434000
vt 0.741000 0.430000
vt 0.704000 0.436000
vt 0.749000 0.436000
vt 0.749000 0.434000
vt 0.747000 0.436000
vt 0.706000 0.436000
vt 0.749000 0.238000
vt 0.921000 0.479000
vt 0.897000 0.466000
vt 0.909000 0.456000
vt 0.921000 0.452000
vt 0.894000 0.479000
vt 0.935000 0.456000
vt 0.944000 0.466000
vt 0.948000 0.479000
vt 0.897000 0.493000
vt 0.907000 0.501000
vt 0.921000 0.505000
vt 0.935000 0.501000
vt 0.944000 0.493000
vt 0.999000 0.470000
vt 0.952000 0.470000
vt 0.952000 0.460000
vt 0.999000 0.460000
vt 0.952000 0.450000
vt 0.999000 0.450000
vt 0.952000 0.479000
vt 0.999000 0.479000
vt 0.952000 0.489000
vt 0.999000 0.489000
vt 0.952000 0.497000
vt 0.999000 0.497000
vt 0.952000 0.507000
vt 0.999000 0.507000
vt 0.974000 0.427000
vt 0.983000 0.427000
vt 0.974000 0.378000
vt 0.983000 0.378000
vt 0.899000 0.437000
vt 0.942000 0.437000
vt 0.944000 0.437000
vt 0.945000 0.435000
vt 0.897000 0.435000
vt 0.903000 0.434000
vt 0.897000 0.240000
vt 0.903000 0.243000
vt 0.899000 0.238000
vt 0.900000 0.237000
vt 0.945000 0.240000
vt 0.944000 0.238000
vt 0.940000 0.243000
vt 0.940000 0.434000
vt 0.943000 0.237000
vt 0.983000 0.290000
vt 0.981000 0.290000
vt 0.983000 0.235000
vt 0.981000 0.235000
vt 0.947000 0.290000
vt 0.978000 0.290000
vt 0.947000 0.237000
vt 0.978000 0.237000
vt 0.810000 0.414000
vt 0.820000 0.418000
vt 0.811000 0.413000
vt 0.820000 0.416000
vt 0.832000 0.414000
vt 0.830000 0.412000
vt 0.835000 0.404000
vt 0.834000 0.404000
vt 0.832000 0.394000
vt 0.830000 0.396000
vt 0.820000 0.390000
vt 0.820000 0.392000
vt 0.810000 0.394000
vt 0.812000 0.396000
vt 0.806000 0.267000
vt 0.810000 0.278000
vt 0.808000 0.267000
vt 0.811000 0.277000
vt 0.810000 0.257000
vt 0.811000 0.258000
vt 0.820000 0.252000
vt 0.820000 0.254000
vt 0.820000 0.283000
vt 0.820000 0.280000
vt 0.831000 0.278000
vt 0.829000 0.277000
vt 0.831000 0.257000
vt 0.829000 0.258000
vt 0.835000 0.267000
vt 0.833000 0.267000
vt 0.808000 0.404000
vt 0.806000 0.404000
vt 0.712000 0.404000
vt 0.715000 0.413000
vt 0.710000 0.404000
vt 0.714000 0.414000
vt 0.716000 0.396000
vt 0.714000 0.394000
vt 0.957000 0.373000
vt 0.967000 0.373000
vt 0.967000 0.371000
vt 0.957000 0.371000
vt 0.957000 0.375000
vt 0.967000 0.375000
vt 0.947000 0.337000
vt 0.947000 0.333000
vt 0.957000 0.333000
vt 0.957000 0.337000
vt 0.957000 0.309000
vt 0.957000 0.329000
vt 0.947000 0.329000
vt 0.947000 0.309000
vt 0.957000 0.299000
vt 0.955000 0.297000
vt 0.947000 0.299000
vt 0.953000 0.297000
vt 0.949000 0.297000
vt 0.946000 0.294000
vt 0.946000 0.292000
vt 0.979000 0.294000
vt 0.979000 0.292000
vt 0.946000 0.427000
vt 0.946000 0.378000
vt 0.957000 0.297000
vt 0.967000 0.297000
vt 0.967000 0.299000
vt 0.724000 0.392000
vt 0.724000 0.390000
vt 0.724000 0.416000
vt 0.724000 0.418000
vt 0.734000 0.412000
vt 0.735000 0.414000
vt 0.737000 0.404000
vt 0.739000 0.404000
vt 0.734000 0.396000
vt 0.735000 0.394000
vt 0.773000 0.283000
vt 0.784000 0.278000
vt 0.773000 0.280000
vt 0.782000 0.277000
vt 0.773000 0.252000
vt 0.763000 0.257000
vt 0.773000 0.254000
vt 0.764000 0.258000
vt 0.784000 0.257000
vt 0.782000 0.258000
vt 0.788000 0.267000
vt 0.786000 0.267000
vt 0.761000 0.267000
vt 0.759000 0.267000
vt 0.764000 0.277000
vt 0.763000 0.278000
vt 0.764000 0.413000
vt 0.773000 0.416000
vt 0.763000 0.414000
vt 0.773000 0.418000
vt 0.783000 0.412000
vt 0.784000 0.414000
vt 0.783000 0.396000
vt 0.773000 0.392000
vt 0.784000 0.394000
vt 0.773000 0.390000
vt 0.786000 0.404000
vt 0.788000 0.404000
vt 0.804000 0.242000
vt 0.800000 0.236000
vt 0.800000 0.436000
vt 0.804000 0.430000
vt 0.843000 0.436000
vt 0.837000 0.430000
vt 0.845000 0.436000
vt 0.845000 0.434000
vt 0.845000 0.238000
vt 0.837000 0.242000
vt 0.845000 0.236000
vt 0.843000 0.236000
vt 0.890000 0.430000
vt 0.898000 0.436000
vt 0.896000 0.436000
vt 0.898000 0.434000
vt 0.765000 0.396000
vt 0.763000 0.394000
vt 0.759000 0.404000
vt 0.761000 0.404000
vt 0.882000 0.258000
vt 0.884000 0.257000
vt 0.873000 0.252000
vt 0.873000 0.254000
vt 0.863000 0.257000
vt 0.864000 0.258000
vt 0.859000 0.267000
vt 0.861000 0.267000
vt 0.863000 0.278000
vt 0.864000 0.277000
vt 0.873000 0.283000
vt 0.873000 0.280000
vt 0.884000 0.278000
vt 0.882000 0.277000
vt 0.888000 0.267000
vt 0.886000 0.267000
vt 0.865000 0.396000
vt 0.863000 0.394000
vt 0.859000 0.404000
vt 0.861000 0.404000
vt 0.863000 0.414000
vt 0.864000 0.413000
vt 0.873000 0.418000
vt 0.873000 0.416000
vt 0.884000 0.414000
vt 0.883000 0.412000
vt 0.888000 0.404000
vt 0.886000 0.404000
vt 0.884000 0.394000
vt 0.883000 0.396000
vt 0.873000 0.390000
vt 0.873000 0.392000
vt 0.855000 0.430000
vt 0.851000 0.436000
vt 0.894000 0.436000
vt 0.888000 0.430000
vt 0.849000 0.436000
vt 0.849000 0.434000
vt 0.855000 0.242000
vt 0.849000 0.238000
vt 0.888000 0.242000
vt 0.849000 0.236000
vt 0.894000 0.236000
vt 0.851000 0.236000
vt 0.896000 0.434000
vt 0.896000 0.238000
vt 0.896000 0.236000
vt 0.884000 0.509000
vt 0.882000 0.513000
vt 0.890000 0.509000
vt 0.890000 0.515000
vt 0.921000 0.536000
vt 0.921000 0.524000
vt 0.888000 0.519000
vt 0.884000 0.519000
vt 0.895000 0.238000
vt 0.888000 0.248000
vt 0.896000 0.240000
vt 0.851000 0.437000
vt 0.894000 0.437000
vt 0.856000 0.429000
vt 0.888000 0.429000
vt 0.856000 0.248000
vt 0.851000 0.237000
vt 0.894000 0.237000
vt 0.848000 0.240000
vt 0.848000 0.435000
vt 0.850000 0.238000
vt 0.896000 0.435000
vt 0.895000 0.437000
vt 0.850000 0.437000
vt 0.883000 0.395000
vt 0.882000 0.396000
vt 0.872000 0.391000
vt 0.872000 0.393000
vt 0.861000 0.395000
vt 0.863000 0.396000
vt 0.856000 0.404000
vt 0.861000 0.413000
vt 0.863000 0.412000
vt 0.974000 0.437000
vt 0.946000 0.437000
vt 0.861000 0.261000
vt 0.863000 0.262000
vt 0.859000 0.270000
vt 0.856000 0.270000
vt 0.861000 0.280000
vt 0.872000 0.415000
vt 0.872000 0.417000
vt 0.882000 0.412000
vt 0.883000 0.413000
vt 0.967000 0.327000
vt 0.967000 0.341000
vt 0.983000 0.333000
vt 0.983000 0.337000
vt 0.967000 0.361000
vt 0.957000 0.361000
vt 0.967000 0.309000
vt 0.957000 0.341000
vt 0.947000 0.341000
vt 0.947000 0.361000
vt 0.947000 0.371000
vt 0.949000 0.373000
vt 0.955000 0.373000
vt 0.951000 0.375000
vt 0.872000 0.257000
vt 0.872000 0.259000
vt 0.872000 0.282000
vt 0.872000 0.284000
vt 0.882000 0.278000
vt 0.883000 0.280000
vt 0.886000 0.270000
vt 0.888000 0.270000
vt 0.882000 0.262000
vt 0.883000 0.261000
vt 0.806000 0.430000
vt 0.800000 0.434000
vt 0.802000 0.436000
vt 0.800000 0.238000
vt 0.806000 0.242000
vt 0.802000 0.236000
vt 0.839000 0.430000
vt 0.847000 0.436000
vt 0.847000 0.434000
vt 0.839000 0.242000
vt 0.847000 0.238000
vt 0.847000 0.236000
vt 0.832000 0.396000
vt 0.822000 0.392000
vt 0.834000 0.394000
vt 0.822000 0.390000
vt 0.837000 0.404000
vt 0.832000 0.412000
vt 0.834000 0.414000
vt 0.822000 0.416000
vt 0.822000 0.418000
vt 0.813000 0.413000
vt 0.812000 0.414000
vt 0.810000 0.404000
vt 0.813000 0.277000
vt 0.822000 0.280000
vt 0.812000 0.278000
vt 0.822000 0.283000
vt 0.831000 0.277000
vt 0.833000 0.278000
vt 0.810000 0.267000
vt 0.813000 0.258000
vt 0.812000 0.257000
vt 0.837000 0.267000
vt 0.831000 0.258000
vt 0.833000 0.257000
vt 0.822000 0.254000
vt 0.822000 0.252000
vt 0.812000 0.394000
vt 0.814000 0.396000
vt 0.871000 0.252000
vt 0.871000 0.254000
vt 0.862000 0.258000
vt 0.861000 0.257000
vt 0.882000 0.257000
vt 0.880000 0.258000
vt 0.884000 0.267000
vt 0.857000 0.267000
vt 0.862000 0.277000
vt 0.861000 0.278000
vt 0.871000 0.280000
vt 0.871000 0.283000
vt 0.880000 0.277000
vt 0.861000 0.414000
vt 0.862000 0.413000
vt 0.871000 0.416000
vt 0.871000 0.418000
vt 0.881000 0.412000
vt 0.883000 0.414000
vt 0.884000 0.404000
vt 0.881000 0.396000
vt 0.883000 0.394000
vt 0.871000 0.392000
vt 0.871000 0.390000
vt 0.861000 0.394000
vt 0.680000 0.889000
vt 0.686000 0.906000
vt 0.692000 0.889000
vt 0.700000 0.896000
vt 0.702000 0.906000
vt 0.700000 0.917000
vt 0.692000 0.924000
vt 0.682000 0.924000
vt 0.672000 0.917000
vt 0.672000 0.896000
vt 0.669000 0.906000
vt 0.678000 0.878000
vt 0.694000 0.878000
vt 0.709000 0.889000
vt 0.713000 0.906000
vt 0.709000 0.924000
vt 0.696000 0.935000
vt 0.680000 0.935000
vt 0.664000 0.926000
vt 0.659000 0.906000
vt 0.664000 0.889000
vt 0.923000 0.893000
vt 0.907000 0.893000
vt 0.907000 0.999000
vt 0.923000 0.999000
vt 0.923000 0.681000
vt 0.907000 0.681000
vt 0.907000 0.787000
vt 0.923000 0.787000
vt 0.926000 0.681000
vt 0.907000 0.575000
vt 0.927000 0.575000
vt 0.925000 0.893000
vt 0.926000 0.787000
vt 0.923000 0.575000
vt 0.940000 0.693000
vt 0.940000 0.591000
vt 0.940000 0.897000
vt 0.940000 0.999000
vt 0.925000 0.999000
vt 0.940000 0.795000
vt 0.708000 0.826000
vt 0.703000 0.832000
vt 0.705000 0.844000
vt 0.714000 0.844000
vt 0.696000 0.817000
vt 0.694000 0.824000
vt 0.680000 0.817000
vt 0.681000 0.824000
vt 0.701000 0.855000
vt 0.708000 0.861000
vt 0.692000 0.863000
vt 0.696000 0.872000
vt 0.681000 0.863000
vt 0.678000 0.872000
vt 0.672000 0.855000
vt 0.663000 0.861000
vt 0.669000 0.844000
vt 0.660000 0.844000
vt 0.672000 0.832000
vt 0.663000 0.828000
vt 0.676000 0.836000
vt 0.687000 0.844000
vt 0.683000 0.830000
vt 0.692000 0.830000
vt 0.698000 0.836000
vt 0.699000 0.844000
vt 0.698000 0.851000
vt 0.690000 0.857000
vt 0.683000 0.857000
vt 0.676000 0.851000
vt 0.674000 0.844000
vt 0.714000 0.872000
vt 0.705000 0.872000
vt 0.927000 0.681000
vt 0.927000 0.893000
vt 0.927000 0.999000
vt 0.927000 0.787000
vt 0.999000 0.604000
vt 0.991000 0.604000
vt 0.991000 0.868000
vt 0.999000 0.868000
vt 0.942000 0.693000
vt 0.942000 0.591000
vt 0.942000 0.795000
vt 0.942000 0.897000
vt 0.942000 0.999000
vt 0.987000 0.606000
vt 0.987000 0.866000
vt 0.970000 0.880000
vt 0.970000 0.589000
vt 0.927000 0.794000
vt 0.942000 0.794000
vt 0.942000 0.593000
vt 0.913000 0.792000
vt 0.923000 0.792000
vt 0.913000 0.999000
vt 0.913000 0.575000
vt 0.909000 0.792000
vt 0.925000 0.792000
vt 0.909000 0.999000
vt 0.989000 0.866000
vt 0.974000 0.866000
vt 0.972000 0.589000
vt 0.987000 0.604000
vt 0.927000 0.577000
vt 0.925000 0.575000
vt 0.909000 0.575000
vt 0.909000 0.794000
vt 0.909000 0.577000
vt 0.999000 0.661000
vt 0.991000 0.661000
vt 0.999000 0.556000
vt 0.999000 0.562000
vt 0.845000 0.556000
vt 0.845000 0.562000
vt 0.999000 0.544000
vt 0.999000 0.538000
vt 0.845000 0.544000
vt 0.845000 0.538000
vt 0.999000 0.550000
vt 0.845000 0.550000
vt 0.857000 0.404000
vt 0.110000 0.827000
vt 0.063000 0.827000
vt 0.110000 0.753000
vt 0.063000 0.753000
vt 0.110000 0.999000
vt 0.063000 0.999000
vt 0.110000 0.925000
vt 0.063000 0.925000
vt 0.108000 0.874000
vt 0.108000 0.999000
vt 0.063000 0.874000
vt 0.188000 0.874000
vt 0.188000 0.999000
vt 0.343000 0.874000
vt 0.343000 0.999000
vt 0.108000 0.751000
vt 0.063000 0.751000
vt 0.157000 0.986000
vt 0.160000 0.926000
vt 0.169000 0.976000
vt 0.170000 0.941000
vt 0.161000 0.835000
vt 0.161000 0.775000
vt 0.172000 0.821000
vt 0.171000 0.782000
vt 0.108000 0.753000
vt 0.110000 0.921000
vt 0.110000 0.831000
vt 0.063000 0.921000
vt 0.063000 0.831000
vt 0.128000 0.774000
vt 0.126000 0.835000
vt 0.118000 0.783000
vt 0.118000 0.826000
vt 0.124000 0.926000
vt 0.126000 0.986000
vt 0.116000 0.936000
vt 0.116000 0.979000
vt 0.124000 0.878000
vt 0.160000 0.878000
vt 0.343000 0.751000
vt 0.188000 0.751000
vt 0.886000 0.804000
vt 0.886000 0.843000
vt 0.909000 0.804000
vt 0.909000 0.843000
vt 0.759000 0.804000
vt 0.759000 0.843000
vt 0.822000 0.968000
vt 0.759000 0.968000
vt 0.822000 0.843000
vt 0.886000 0.614000
vt 0.909000 0.614000
vt 0.886000 0.575000
vt 0.733000 0.968000
vt 0.759000 0.999000
vt 0.733000 0.999000
vt 0.822000 0.765000
vt 0.759000 0.765000
vt 0.822000 0.614000
vt 0.759000 0.614000
vt 0.909000 0.905000
vt 0.909000 0.968000
vt 0.886000 0.905000
vt 0.886000 0.968000
vt 0.733000 0.804000
vt 0.733000 0.843000
vt 0.886000 0.999000
vt 0.759000 0.575000
vt 0.733000 0.575000
vt 0.733000 0.614000
vt 0.759000 0.689000
vt 0.733000 0.689000
vt 0.733000 0.765000
vt 0.759000 0.905000
vt 0.733000 0.905000
vt 0.886000 0.765000
vt 0.909000 0.689000
vt 0.886000 0.689000
vt 0.909000 0.765000
vt 0.222000 0.347000
vt 0.206000 0.380000
vt 0.233000 0.380000
vt 0.167000 0.308000
vt 0.063000 0.308000
vt 0.063000 0.321000
vt 0.167000 0.321000
vt 0.167000 0.438000
vt 0.167000 0.362000
vt 0.063000 0.362000
vt 0.063000 0.438000
vt 0.063000 0.341000
vt 0.167000 0.341000
vt 0.063000 0.204000
vt 0.167000 0.204000
vt 0.167000 0.147000
vt 0.063000 0.147000
vt 0.300000 0.265000
vt 0.288000 0.278000
vt 0.298000 0.249000
vt 0.302000 0.351000
vt 0.301000 0.333000
vt 0.298000 0.341000
vt 0.296000 0.302000
vt 0.288000 0.302000
vt 0.304000 0.288000
vt 0.304000 0.274000
vt 0.167000 0.278000
vt 0.063000 0.278000
vt 0.063000 0.302000
vt 0.167000 0.302000
vt 0.261000 0.321000
vt 0.261000 0.308000
vt 0.288000 0.308000
vt 0.288000 0.321000
vt 0.261000 0.204000
vt 0.298000 0.204000
vt 0.298000 0.147000
vt 0.261000 0.147000
vt 0.261000 0.278000
vt 0.261000 0.302000
vt 0.063000 0.124000
vt 0.108000 0.124000
vt 0.108000 0.001000
vt 0.063000 0.001000
vt 0.171000 0.126000
vt 0.306000 0.126000
vt 0.306000 0.146000
vt 0.171000 0.146000
vt 0.171000 0.124000
vt 0.306000 0.124000
vt 0.063000 0.146000
vt 0.108000 0.146000
vt 0.108000 0.126000
vt 0.063000 0.126000
vt 0.456000 0.099000
vt 0.313000 0.099000
vt 0.313000 0.108000
vt 0.456000 0.108000
vt 0.313000 0.089000
vt 0.456000 0.089000
vt 0.456000 0.079000
vt 0.313000 0.079000
vt 0.313000 0.046000
vt 0.454000 0.046000
vt 0.298000 0.308000
vt 0.306000 0.265000
vt 0.304000 0.249000
vt 0.310000 0.288000
vt 0.306000 0.302000
vt 0.456000 0.116000
vt 0.456000 0.124000
vt 0.462000 0.116000
vt 0.462000 0.124000
vt 0.456000 0.132000
vt 0.462000 0.132000
vt 0.310000 0.274000
vt 0.462000 0.079000
vt 0.462000 0.089000
vt 0.462000 0.099000
vt 0.462000 0.108000
vt 0.313000 0.116000
vt 0.308000 0.116000
vt 0.308000 0.108000
vt 0.456000 0.140000
vt 0.462000 0.140000
vt 0.456000 0.169000
vt 0.456000 0.214000
vt 0.462000 0.169000
vt 0.462000 0.214000
vt 0.261000 0.438000
vt 0.298000 0.438000
vt 0.298000 0.362000
vt 0.325000 0.243000
vt 0.394000 0.243000
vt 0.394000 0.216000
vt 0.321000 0.216000
vt 0.456000 0.245000
vt 0.321000 0.245000
vt 0.321000 0.272000
vt 0.456000 0.272000
vt 0.298000 0.321000
vt 0.319000 0.333000
vt 0.319000 0.351000
vt 0.313000 0.124000
vt 0.261000 0.249000
vt 0.321000 0.243000
vt 0.233000 0.435000
vt 0.206000 0.435000
vt 0.313000 0.001000
vt 0.454000 0.001000
vt 0.063000 0.249000
vt 0.167000 0.249000
vt 0.325000 0.302000
vt 0.470000 0.302000
vt 0.321000 0.274000
vt 0.474000 0.274000
vt 0.323000 0.216000
vt 0.323000 0.243000
vt 0.474000 0.302000
vt 0.321000 0.302000
vt 0.261000 0.362000
vt 0.261000 0.341000
vt 0.319000 0.321000
vt 0.319000 0.358000
vt 0.300000 0.358000
vt 0.319000 0.362000
vt 0.171000 0.001000
vt 0.306000 0.001000
vt 0.206000 0.341000
vt 0.206000 0.265000
vt 0.206000 0.321000
vt 0.233000 0.265000
vt 0.233000 0.321000
vt 0.206000 0.226000
vt 0.233000 0.241000
vt 0.442000 0.364000
vt 0.415000 0.392000
vt 0.389000 0.364000
vt 0.470000 0.333000
vt 0.470000 0.308000
vt 0.362000 0.308000
vt 0.362000 0.333000
vt 0.389000 0.418000
vt 0.362000 0.337000
vt 0.470000 0.337000
vt 0.442000 0.418000
vt 0.358000 0.337000
vt 0.333000 0.448000
vt 0.333000 0.444000
vt 0.329000 0.444000
vt 0.362000 0.448000
vt 0.358000 0.444000
vt 0.308000 0.099000
vt 0.208000 0.331000
vt 0.308000 0.001000
vt 0.308000 0.046000
vt 0.308000 0.079000
vt 0.308000 0.089000
vt 0.308000 0.124000
vt 0.313000 0.132000
vt 0.308000 0.132000
vt 0.313000 0.140000
vt 0.308000 0.140000
vt 0.313000 0.147000
vt 0.308000 0.147000
vt 0.313000 0.169000
vt 0.308000 0.169000
vt 0.313000 0.214000
vt 0.308000 0.214000
vt 0.233000 0.356000
vt 0.241000 0.349000
vt 0.243000 0.341000
vt 0.241000 0.331000
vt 0.233000 0.323000
vt 0.224000 0.321000
vt 0.214000 0.323000
vt 0.462000 0.147000
vt 0.456000 0.147000
vt 0.474000 0.337000
vt 0.470000 0.444000
vt 0.474000 0.444000
vt 0.470000 0.448000
vt 0.362000 0.444000
vt 0.224000 0.226000
vt 0.214000 0.208000
vt 0.208000 0.216000
vt 0.233000 0.208000
vt 0.224000 0.206000
vt 0.241000 0.216000
vt 0.241000 0.233000
vt 0.243000 0.226000
vt 0.671000 0.329000
vt 0.687000 0.329000
vt 0.671000 0.437000
vt 0.687000 0.437000
vt 0.671000 0.229000
vt 0.687000 0.229000
vt 0.985000 0.026000
vt 0.999000 0.026000
vt 0.985000 0.126000
vt 0.999000 0.126000
vt 0.985000 0.233000
vt 0.999000 0.233000
vt 0.968000 0.126000
vt 0.968000 0.233000
vt 0.954000 0.126000
vt 0.954000 0.233000
vt 0.968000 0.024000
vt 0.954000 0.024000
vt 0.954000 0.124000
vt 0.733000 0.200000
vt 0.733000 0.034000
vt 0.720000 0.024000
vt 0.720000 0.216000
vt 0.741000 0.040000
vt 0.733000 0.206000
vt 0.741000 0.198000
vt 0.267000 0.438000
vt 0.267000 0.563000
vt 0.296000 0.563000
vt 0.296000 0.438000
vt 0.298000 0.563000
vt 0.327000 0.563000
vt 0.327000 0.438000
vt 0.263000 0.749000
vt 0.218000 0.749000
vt 0.218000 0.438000
vt 0.263000 0.438000
vt 0.720000 0.483000
vt 0.720000 0.438000
vt 0.874000 0.438000
vt 0.874000 0.483000
vt 0.298000 0.749000
vt 0.327000 0.749000
vt 0.202000 0.749000
vt 0.202000 0.438000
vt 0.485000 0.221000
vt 0.485000 0.374000
vt 0.639000 0.374000
vt 0.639000 0.221000
vt 0.063000 0.749000
vt 0.061000 0.451000
vt 0.056000 0.444000
vt 0.056000 0.748000
vt 0.061000 0.741000
vt 0.735000 0.224000
vt 0.735000 0.233000
vt 0.933000 0.233000
vt 0.933000 0.224000
vt 0.751000 0.485000
vt 0.751000 0.515000
vt 0.874000 0.515000
vt 0.874000 0.485000
vt 0.896000 0.040000
vt 0.896000 0.198000
vt 0.751000 0.204000
vt 0.751000 0.218000
vt 0.921000 0.218000
vt 0.921000 0.204000
vt 0.499000 0.431000
vt 0.493000 0.415000
vt 0.634000 0.415000
vt 0.630000 0.431000
vt 0.485000 0.392000
vt 0.491000 0.376000
vt 0.636000 0.376000
vt 0.640000 0.392000
vt 0.491000 0.407000
vt 0.636000 0.407000
vt 0.938000 0.122000
vt 0.954000 0.122000
vt 0.938000 0.233000
vt 0.688000 0.222000
vt 0.688000 0.325000
vt 0.673000 0.325000
vt 0.673000 0.222000
vt 0.688000 0.001000
vt 0.673000 0.001000
vt 0.657000 0.222000
vt 0.657000 0.001000
vt 0.688000 0.437000
vt 0.673000 0.437000
vt 0.640000 0.417000
vt 0.640000 0.403000
vt 0.485000 0.403000
vt 0.485000 0.417000
vt 0.640000 0.229000
vt 0.485000 0.229000
vt 0.485000 0.376000
vt 0.640000 0.376000
vt 0.296000 0.749000
vt 0.267000 0.749000
vt 0.938000 0.019000
vt 0.673000 0.321000
vt 0.954000 0.026000
vt 0.968000 0.026000
vt 0.720000 0.218000
vt 0.704000 0.218000
vt 0.704000 0.233000
vt 0.720000 0.233000
vt 0.188000 0.451000
vt 0.188000 0.444000
vt 0.640000 0.390000
vt 0.485000 0.390000
vt 0.970000 0.106000
vt 0.954000 0.106000
vt 0.954000 0.214000
vt 0.970000 0.214000
vt 0.970000 0.007000
vt 0.983000 0.007000
vt 0.640000 0.116000
vt 0.640000 0.202000
vt 0.485000 0.116000
vt 0.485000 0.202000
vt 0.640000 0.218000
vt 0.640000 0.208000
vt 0.485000 0.218000
vt 0.485000 0.208000
vt 0.718000 0.030000
vt 0.704000 0.030000
vt 0.718000 0.017000
vt 0.704000 0.017000
vt 0.954000 0.001000
vt 0.938000 0.001000
vt 0.954000 0.210000
vt 0.938000 0.210000
vt 0.968000 0.003000
vt 0.954000 0.104000
vt 0.968000 0.104000
vt 0.903000 0.032000
vt 0.733000 0.032000
vt 0.903000 0.206000
vt 0.903000 0.034000
vt 0.188000 0.748000
vt 0.188000 0.741000
vt 0.640000 0.030000
vt 0.485000 0.030000
vt 0.954000 0.007000
vt 0.702000 0.222000
vt 0.702000 0.325000
vt 0.702000 0.437000
vt 0.954000 0.146000
vt 0.954000 0.206000
vt 0.938000 0.146000
vt 0.921000 0.216000
vt 0.921000 0.024000
vt 0.938000 0.013000
vt 0.954000 0.013000
vt 0.702000 0.001000
vt 0.485000 0.017000
vt 0.640000 0.017000
vt 0.954000 0.003000
vt 0.954000 0.212000
vt 0.968000 0.212000
vt 0.634000 0.815000
vt 0.654000 0.815000
vt 0.634000 0.996000
vt 0.654000 0.996000
vt 0.615000 0.815000
vt 0.615000 0.996000
vt 0.596000 0.996000
vt 0.520000 0.996000
vt 0.347000 0.996000
vt 0.347000 0.815000
vt 0.366000 0.815000
vt 0.366000 0.996000
vt 0.385000 0.815000
vt 0.385000 0.996000
vt 0.404000 0.815000
vt 0.404000 0.996000
vt 0.424000 0.815000
vt 0.424000 0.996000
vt 0.443000 0.815000
vt 0.443000 0.996000
vt 0.462000 0.815000
vt 0.462000 0.996000
vt 0.481000 0.815000
vt 0.481000 0.996000
vt 0.500000 0.815000
vt 0.500000 0.996000
vt 0.519000 0.815000
vt 0.519000 0.996000
vt 0.539000 0.815000
vt 0.539000 0.996000
vt 0.577000 0.996000
vt 0.634000 0.998000
vt 0.654000 0.998000
vt 0.596000 0.815000
vt 0.347000 0.796000
vt 0.612000 0.788000
vt 0.612000 0.796000
vt 0.577000 0.815000
vt 0.538000 0.673000
vt 0.532000 0.677000
vt 0.542000 0.771000
vt 0.538000 0.772000
vt 0.536000 0.767000
vt 0.532000 0.769000
vt 0.558000 0.815000
vt 0.615000 0.998000
vt 0.596000 0.998000
vt 0.577000 0.998000
vt 0.554000 0.786000
vt 0.544000 0.767000
vt 0.562000 0.786000
vt 0.562000 0.667000
vt 0.563000 0.669000
vt 0.563000 0.784000
vt 0.538000 0.763000
vt 0.542000 0.675000
vt 0.536000 0.679000
vt 0.544000 0.679000
vt 0.538000 0.683000
vt 0.345000 0.796000
vt 0.347000 0.812000
vt 0.612000 0.812000
vt 0.345000 0.812000
vt 0.347000 0.998000
vt 0.366000 0.998000
vt 0.556000 0.788000
vt 0.612000 0.794000
vt 0.558000 0.996000
vt 0.385000 0.998000
vt 0.404000 0.998000
vt 0.424000 0.998000
vt 0.443000 0.998000
vt 0.462000 0.998000
vt 0.565000 0.667000
vt 0.599000 0.667000
vt 0.601000 0.669000
vt 0.601000 0.784000
vt 0.565000 0.786000
vt 0.599000 0.786000
vt 0.554000 0.667000
vt 0.556000 0.661000
vt 0.554000 0.663000
vt 0.556000 0.665000
vt 0.612000 0.655000
vt 0.345000 0.655000
vt 0.347000 0.655000
vt 0.610000 0.649000
vt 0.610000 0.659000
vt 0.345000 0.649000
vt 0.612000 0.659000
vt 0.563000 0.665000
vt 0.481000 0.998000
vt 0.500000 0.998000
vt 0.519000 0.998000
vt 0.539000 0.998000
vt 0.558000 0.998000
vt 0.345000 0.646000
vt 0.610000 0.646000
vt 0.610000 0.532000
vt 0.345000 0.532000
vt 0.608000 0.646000
vt 0.608000 0.534000
vt 0.345000 0.534000
vt 0.345000 0.647000
vt 0.612000 0.647000
vt 0.563000 0.788000
vt 0.601000 0.788000
vt 0.603000 0.786000
vt 0.603000 0.667000
vt 0.601000 0.665000
vt 0.599000 0.663000
vt 0.601000 0.661000
vt 0.603000 0.663000
vt 0.522000 0.757000
vt 0.433000 0.690000
vt 0.433000 0.757000
vt 0.522000 0.690000
vt 0.505000 0.743000
vt 0.505000 0.704000
vt 0.476000 0.724000
vt 0.448000 0.704000
vt 0.448000 0.743000
s 1
usemtl RefRep.14_SH_initial_loader.002
f 4/1/1 5/2/2 6/3/1
f 6/3/1 5/2/2 1/4/3
f 2/5/4 3/6/4 4/7/1
f 4/7/1 3/6/4 5/8/2
f 6/9/1 1/10/3 7/11/1
f 7/11/1 1/10/3 8/12/5
f 9/3/6 146/13/6 200/14/7
f 200/14/7 146/13/6 10/15/7
f 11/16/8 2096/17/9 2101/18/10
f 2101/18/10 2096/17/9 2097/19/11
f 12/20/12 242/21/13 11/16/8
f 11/16/8 242/21/13 2096/17/9
f 170/22/14 64/23/15 13/24/16
f 13/24/16 64/23/15 66/25/17
f 170/26/14 13/27/16 14/28/18
f 14/28/18 13/27/16 15/29/19
f 16/30/20 19/31/21 17/32/22
f 17/32/22 19/31/21 18/33/23
f 19/31/21 20/34/24 18/33/23
f 18/33/23 20/34/24 21/35/25
f 26/36/26 22/37/27 28/38/28
f 28/38/28 22/37/27 31/39/29
f 28/38/28 31/39/29 29/40/30
f 29/40/30 31/39/29 23/41/31
f 29/40/30 23/41/31 24/42/32
f 24/42/32 23/41/31 25/43/33
f 245/44/34 22/37/27 247/45/35
f 247/45/35 22/37/27 26/36/26
f 30/46/36 24/42/32 33/47/37
f 33/47/37 24/42/32 25/43/33
f 247/48/35 26/49/26 27/50/38
f 27/50/38 26/49/26 28/45/28
f 27/50/38 28/45/28 246/51/39
f 246/51/39 28/45/28 29/40/30
f 246/51/39 29/40/30 30/46/36
f 30/46/36 29/40/30 24/42/32
f 22/37/27 245/44/34 31/39/29
f 31/39/29 245/44/34 32/52/40
f 31/39/29 32/52/40 23/41/31
f 23/41/31 32/52/40 244/53/41
f 23/41/31 244/53/41 25/43/33
f 25/43/33 244/53/41 33/47/37
f 44/22/42 43/23/43 41/24/44
f 41/24/44 43/23/43 39/25/45
f 44/26/42 41/27/44 34/28/18
f 34/28/18 41/27/44 42/29/19
f 35/28/4 36/29/19 37/54/4
f 37/54/4 36/29/19 38/55/19
f 39/27/45 40/29/46 41/26/44
f 41/26/44 40/29/46 42/28/19
f 43/26/43 45/28/47 39/27/45
f 39/27/45 45/28/47 40/29/46
f 44/56/42 34/57/18 43/58/43
f 43/58/43 34/57/18 45/28/47
f 46/28/4 47/29/48 48/54/4
f 48/54/4 47/29/48 49/55/19
f 59/29/49 60/55/46 36/28/19
f 36/28/19 60/55/46 38/54/19
f 50/28/6 51/54/6 176/29/49
f 176/29/49 51/54/6 52/55/46
f 171/56/14 172/57/18 174/58/15
f 174/58/15 172/57/18 53/28/47
f 54/28/4 69/29/19 55/54/4
f 55/54/4 69/29/19 56/55/19
f 57/28/6 58/54/6 59/29/49
f 59/29/49 58/54/6 60/55/46
f 61/28/6 62/54/6 63/29/49
f 63/29/49 62/54/6 68/55/46
f 66/27/17 67/29/46 13/26/16
f 13/26/16 67/29/46 15/28/19
f 64/26/15 65/28/50 66/27/17
f 66/27/17 65/28/50 67/29/46
f 63/29/49 68/55/46 69/28/19
f 69/28/19 68/55/46 56/54/19
f 95/59/51 249/60/52 96/61/53
f 96/61/53 249/60/52 71/62/54
f 249/60/52 70/59/55 71/62/54
f 71/62/54 70/59/55 72/61/56
f 70/59/55 74/63/57 72/61/56
f 72/61/56 74/63/57 73/64/58
f 74/63/57 75/65/59 73/64/58
f 73/64/58 75/65/59 76/66/60
f 75/65/59 248/67/61 76/66/60
f 76/66/60 248/67/61 77/68/62
f 238/67/63 114/65/64 78/68/65
f 78/68/65 114/65/64 230/66/66
f 229/69/67 80/70/68 79/71/69
f 79/71/69 80/70/68 81/72/70
f 80/70/68 212/73/71 81/72/70
f 81/72/70 212/73/71 213/74/72
f 82/75/1 131/76/2 83/77/7
f 83/77/7 131/76/2 84/78/7
f 85/79/73 86/80/73 90/81/74
f 90/81/74 86/80/73 209/82/75
f 87/83/76 88/84/18 100/85/76
f 100/85/76 88/84/18 138/86/77
f 208/87/78 89/88/79 161/89/80
f 161/89/80 89/88/79 84/90/81
f 90/91/74 209/92/75 208/93/78
f 208/93/78 209/92/75 89/94/79
f 90/81/74 163/95/82 85/79/73
f 85/79/73 163/95/82 91/96/73
f 120/74/83 92/97/84 118/98/85
f 118/98/85 92/97/84 93/98/86
f 93/98/86 94/99/87 118/98/85
f 109/100/88 108/101/89 97/102/90
f 109/100/88 97/102/90 98/103/91
f 101/64/92 250/63/93 95/59/51
f 101/64/92 95/59/51 96/61/53
f 98/66/91 97/65/90 252/65/94
f 98/66/91 252/65/94 99/66/95
f 87/83/76 100/85/76 207/104/96
f 87/83/76 207/104/96 206/105/97
f 99/66/95 252/65/94 250/63/93
f 99/66/95 250/63/93 101/64/92
f 181/106/7 182/107/98 2132/108/99
f 181/106/7 2132/108/99 2130/109/100
f 147/110/7 154/111/1 156/112/1
f 147/110/7 156/112/1 132/113/7
f 132/113/7 156/112/1 82/75/1
f 132/113/7 82/75/1 83/77/7
f 267/114/101 265/115/102 102/116/103
f 243/117/104 103/118/105 179/119/106
f 179/119/106 103/118/105 104/120/107
f 106/121/108 105/122/109 2132/123/99
f 2132/123/99 105/122/109 2130/124/100
f 105/109/109 106/108/108 2149/125/110
f 2149/125/110 106/108/108 107/126/111
f 111/127/112 108/101/89 113/128/113
f 113/128/113 108/101/89 109/100/88
f 248/67/61 110/129/114 77/68/62
f 77/68/62 110/129/114 112/130/115
f 110/129/114 111/127/112 112/130/115
f 112/130/115 111/127/112 113/128/113
f 114/65/64 228/63/116 230/66/66
f 230/66/66 228/63/116 115/64/117
f 115/131/117 229/69/67 116/132/118
f 116/132/118 229/69/67 79/71/69
f 117/5/4 149/7/119 88/80/18
f 88/80/18 149/7/119 138/82/77
f 118/98/85 94/99/87 120/74/83
f 120/74/83 94/99/87 119/133/120
f 119/133/120 92/97/84 120/74/83
f 124/134/121 121/135/122 126/135/123
f 124/134/121 126/135/123 122/136/124
f 124/134/121 122/136/124 123/137/125
f 124/134/121 123/137/125 121/135/122
f 121/135/122 123/137/125 125/138/126
f 125/138/126 126/135/123 121/135/122
f 140/139/127 127/140/128 128/141/129
f 129/3/4 130/13/4 82/14/1
f 82/14/1 130/13/4 131/15/2
f 134/9/7 152/10/7 83/11/7
f 83/11/7 152/10/7 132/12/7
f 133/1/7 137/2/7 134/3/7
f 134/3/7 137/2/7 152/4/7
f 135/5/6 136/6/6 133/7/7
f 133/7/7 136/6/6 137/8/7
f 138/142/77 139/143/130 197/144/131
f 102/116/103 265/115/102 140/139/127
f 102/116/103 140/139/127 128/141/129
f 139/145/130 141/9/2 196/11/132
f 139/145/130 196/11/132 197/146/131
f 9/3/6 200/14/7 142/147/133
f 9/3/6 142/147/133 143/4/6
f 145/148/6 144/149/7 10/147/7
f 145/148/6 10/147/7 146/4/6
f 151/150/7 147/151/7 132/146/7
f 151/150/7 132/146/7 152/145/7
f 133/1/7 134/3/7 211/13/134
f 133/1/7 211/13/134 148/152/133
f 4/1/1 6/3/1 189/13/1
f 4/1/1 189/13/1 193/152/1
f 138/152/77 149/1/119 141/3/2
f 138/152/77 141/3/2 139/13/130
f 165/153/1 188/148/1 141/3/2
f 165/153/1 141/3/2 149/1/119
f 129/3/4 82/14/1 156/147/1
f 129/3/4 156/147/1 155/4/4
f 205/1/135 207/2/96 150/4/136
f 205/1/135 150/4/136 159/3/137
f 151/154/7 202/155/7 205/1/135
f 151/154/7 205/1/135 159/3/137
f 202/155/7 151/154/7 152/13/7
f 202/155/7 152/13/7 137/152/7
f 154/156/1 153/154/4 155/13/4
f 154/156/1 155/13/4 156/15/1
f 154/111/1 147/110/7 157/157/7
f 154/111/1 157/157/7 158/158/132
f 158/158/132 157/157/7 160/159/138
f 158/158/132 160/159/138 184/160/139
f 147/151/7 151/150/7 159/9/137
f 147/151/7 159/9/137 157/11/7
f 157/11/7 159/9/137 150/10/136
f 157/11/7 150/10/136 160/12/138
f 167/161/140 195/162/141 184/112/139
f 167/161/140 184/112/139 160/163/138
f 208/87/78 161/89/80 8/164/142
f 208/87/78 8/164/142 162/165/143
f 163/166/82 162/167/143 164/168/144
f 165/169/1 149/7/119 192/170/4
f 192/170/4 149/7/119 117/5/4
f 4/7/1 193/82/1 2/5/4
f 2/5/4 193/82/1 166/80/4
f 167/83/140 160/171/138 100/172/76
f 100/172/76 160/171/138 207/173/96
f 178/174/145 16/30/20 2172/175/146
f 2172/175/146 16/30/20 17/32/22
f 177/176/147 178/174/145 2164/177/148
f 2164/177/148 178/174/145 2172/175/146
f 174/26/15 53/28/47 175/27/45
f 175/27/45 53/28/47 168/29/46
f 175/27/45 168/29/46 169/26/44
f 169/26/44 168/29/46 173/28/48
f 170/56/14 14/57/18 64/58/15
f 64/58/15 14/57/18 65/28/50
f 171/26/14 169/27/44 172/28/18
f 172/28/18 169/27/44 173/29/48
f 171/22/14 174/23/15 169/24/44
f 169/24/44 174/23/15 175/25/45
f 176/29/49 52/55/46 47/28/48
f 47/28/48 52/55/46 49/54/19
f 180/178/149 177/176/147 2169/179/150
f 2169/179/150 177/176/147 2164/177/148
f 20/34/24 19/31/21 104/180/107
f 104/180/107 19/31/21 16/30/20
f 104/180/107 16/30/20 179/119/106
f 179/119/106 16/30/20 178/174/145
f 179/119/106 178/174/145 177/176/147
f 180/178/149 179/119/106 177/176/147
f 181/106/7 242/21/13 182/107/98
f 182/107/98 242/21/13 12/20/12
f 160/171/138 150/181/136 207/173/96
f 194/4/19 183/3/4 158/14/132
f 194/4/19 158/14/132 184/147/139
f 185/3/151 195/14/141 186/147/152
f 185/3/151 186/147/152 187/4/49
f 200/75/7 7/77/1 8/78/5
f 200/75/7 8/78/5 142/76/133
f 188/148/1 165/153/1 193/2/1
f 188/148/1 193/2/1 189/4/1
f 201/182/1 188/183/1 189/10/1
f 201/182/1 189/10/1 190/12/1
f 144/149/7 145/148/6 191/3/6
f 144/149/7 191/3/6 198/14/7
f 198/14/7 191/3/6 187/13/49
f 198/14/7 187/13/49 186/15/152
f 165/169/1 192/170/4 166/6/4
f 165/169/1 166/6/4 193/8/1
f 195/14/141 185/3/151 194/13/19
f 195/14/141 194/13/19 184/15/139
f 195/162/141 167/161/140 197/184/131
f 195/162/141 197/184/131 186/160/152
f 196/157/132 198/158/7 186/160/152
f 196/157/132 186/160/152 197/159/131
f 201/110/1 144/111/7 198/158/7
f 201/110/1 198/158/7 196/157/132
f 153/154/4 154/156/1 158/14/132
f 153/154/4 158/14/132 183/3/4
f 167/83/140 100/172/76 138/142/77
f 167/83/140 138/142/77 197/144/131
f 135/5/6 133/7/7 148/82/133
f 135/5/6 148/82/133 199/80/6
f 7/77/1 200/75/7 10/112/7
f 7/77/1 10/112/7 190/113/1
f 190/113/1 10/112/7 144/111/7
f 190/113/1 144/111/7 201/110/1
f 6/9/1 7/11/1 190/146/1
f 6/9/1 190/146/1 189/145/1
f 203/185/6 202/186/7 137/82/7
f 203/185/6 137/82/7 136/80/6
f 202/186/7 203/185/6 204/5/6
f 202/186/7 204/5/6 205/7/135
f 205/7/135 204/5/6 206/6/97
f 205/7/135 206/6/97 207/8/96
f 188/183/1 201/182/1 196/11/132
f 188/183/1 196/11/132 141/9/2
f 90/91/74 208/93/78 162/167/143
f 90/91/74 162/167/143 163/166/82
f 89/94/79 209/92/75 210/187/153
f 83/11/7 84/146/7 134/9/7
f 134/9/7 84/146/7 211/145/134
f 212/73/71 215/188/154 213/74/72
f 213/74/72 215/188/154 214/189/155
f 215/188/154 227/190/156 214/189/155
f 214/189/155 227/190/156 216/191/157
f 227/190/156 225/192/158 216/191/157
f 216/191/157 225/192/158 217/193/159
f 225/192/158 219/194/160 217/193/159
f 217/193/159 219/194/160 218/195/161
f 219/194/160 221/196/162 218/195/161
f 218/195/161 221/196/162 220/197/163
f 221/196/162 223/198/164 220/197/163
f 220/197/163 223/198/164 236/199/165
f 239/200/166 238/67/63 223/201/164
f 223/201/164 238/67/63 78/68/65
f 222/202/167 239/200/166 221/203/162
f 221/203/162 239/200/166 223/201/164
f 240/129/168 222/202/167 219/130/160
f 219/130/160 222/202/167 221/203/162
f 224/67/169 240/129/168 225/68/158
f 225/68/158 240/129/168 219/130/160
f 241/65/170 224/67/169 227/66/156
f 227/66/156 224/67/169 225/68/158
f 226/63/171 241/65/170 215/64/154
f 215/64/154 241/65/170 227/66/156
f 235/59/172 226/63/171 212/61/71
f 212/61/71 226/63/171 215/64/154
f 228/63/116 231/59/173 115/64/117
f 115/64/117 231/59/173 229/61/67
f 230/204/66 115/131/117 233/205/174
f 233/205/174 115/131/117 116/132/118
f 231/59/173 234/60/175 229/61/67
f 229/61/67 234/60/175 80/62/68
f 78/206/65 230/204/66 232/207/176
f 232/207/176 230/204/66 233/205/174
f 234/60/175 235/59/172 80/62/68
f 80/62/68 235/59/172 212/61/71
f 223/198/164 78/206/65 236/199/165
f 236/199/165 78/206/65 232/207/176
f 226/188/171 235/73/172 237/208/80
f 237/208/80 235/73/172 234/70/175
f 237/208/80 234/70/175 231/69/173
f 237/208/80 231/69/173 228/131/116
f 237/208/80 228/131/116 114/204/64
f 237/208/80 114/204/64 238/206/63
f 237/208/80 238/206/63 239/198/166
f 237/208/80 239/198/166 222/196/167
f 237/208/80 222/196/167 240/194/168
f 237/208/80 240/194/168 224/192/169
f 237/208/80 224/192/169 241/190/170
f 237/208/80 241/190/170 226/188/171
f 242/209/13 33/47/37 243/117/104
f 243/117/104 33/47/37 244/53/41
f 243/117/104 244/53/41 103/210/105
f 103/210/105 244/53/41 32/52/40
f 103/210/105 32/52/40 245/44/34
f 33/47/37 242/209/13 30/46/36
f 242/209/13 181/211/7 30/46/36
f 30/46/36 181/211/7 246/51/39
f 181/211/7 2130/212/100 246/51/39
f 246/51/39 2130/212/100 27/213/38
f 247/45/35 27/213/38 2130/212/100
f 2130/212/100 245/44/34 247/45/35
f 2130/212/100 103/210/105 245/44/34
f 251/214/80 111/215/112 110/216/114
f 251/214/80 110/216/114 248/217/61
f 251/214/80 248/217/61 75/218/59
f 251/214/80 75/218/59 74/219/57
f 251/214/80 74/219/57 70/220/55
f 251/214/80 70/220/55 249/221/52
f 251/214/80 249/221/52 95/222/51
f 251/214/80 95/222/51 250/223/93
f 251/214/80 250/223/93 252/224/94
f 251/214/80 252/224/94 97/225/90
f 251/214/80 97/225/90 108/226/89
f 251/214/80 108/226/89 111/215/112
f 264/227/177 99/224/95 101/223/92
f 264/227/177 101/223/92 253/228/178
f 253/228/178 101/223/92 96/222/53
f 253/228/178 96/222/53 254/229/179
f 254/229/179 96/222/53 71/221/54
f 254/229/179 71/221/54 255/230/180
f 255/230/180 71/221/54 72/220/56
f 255/230/180 72/220/56 256/231/181
f 256/231/181 72/220/56 73/219/58
f 256/231/181 73/219/58 257/232/182
f 257/232/182 73/219/58 76/218/60
f 257/232/182 76/218/60 258/233/183
f 258/233/183 76/218/60 77/217/62
f 258/233/183 77/217/62 259/234/184
f 259/234/184 77/217/62 112/216/115
f 259/234/184 112/216/115 260/235/185
f 260/235/185 112/216/115 113/215/113
f 260/235/185 113/215/113 261/236/186
f 261/236/186 113/215/113 109/226/88
f 261/236/186 109/226/88 262/237/187
f 262/237/187 109/226/88 98/225/91
f 262/237/187 98/225/91 263/238/188
f 263/238/188 98/225/91 99/224/95
f 263/238/188 99/224/95 264/227/177
f 267/114/101 266/239/189 265/115/102
f 140/139/127 265/115/102 268/240/190
f 268/240/190 265/115/102 266/239/189
f 268/240/190 266/239/189 127/140/128
f 127/140/128 266/239/189 267/114/101
f 268/240/190 127/140/128 140/139/127
f 269/241/191 271/242/192 284/243/193
f 284/243/193 271/242/192 270/244/194
f 271/242/192 272/245/195 270/244/194
f 270/244/194 272/245/195 273/246/196
f 272/245/195 274/247/197 273/246/196
f 273/246/196 274/247/197 275/248/198
f 274/247/197 277/249/199 275/248/198
f 275/248/198 277/249/199 276/250/200
f 277/249/199 278/251/201 276/250/200
f 276/250/200 278/251/201 279/252/202
f 278/251/201 280/253/203 279/252/202
f 279/252/202 280/253/203 281/254/204
f 280/253/203 283/255/205 281/254/204
f 281/254/204 283/255/205 282/256/206
f 283/255/205 269/241/191 282/256/206
f 282/256/206 269/241/191 284/243/193
f 285/256/207 288/243/208 286/255/209
f 286/255/209 288/243/208 287/241/210
f 288/243/208 290/244/211 287/241/210
f 287/241/210 290/244/211 289/242/212
f 290/244/211 298/246/213 289/242/212
f 289/242/212 298/246/213 291/245/214
f 292/254/215 285/256/207 294/253/216
f 294/253/216 285/256/207 286/255/209
f 293/252/217 292/254/215 297/251/218
f 297/251/218 292/254/215 294/253/216
f 295/250/219 293/252/217 296/249/220
f 296/249/220 293/252/217 297/251/218
f 298/246/213 299/248/221 291/245/214
f 291/245/214 299/248/221 300/247/222
f 299/248/221 295/250/219 300/247/222
f 300/247/222 295/250/219 296/249/220
f 310/257/223 547/258/224 309/259/225
f 309/259/225 547/258/224 301/260/226
f 309/259/225 301/260/226 306/261/227
f 306/261/227 301/260/226 302/262/228
f 306/261/227 302/262/228 305/263/229
f 305/263/229 302/262/228 303/264/230
f 547/258/224 312/265/231 301/260/226
f 301/260/226 312/265/231 313/266/232
f 301/260/226 313/266/232 302/262/228
f 302/262/228 313/266/232 304/267/233
f 302/262/228 304/267/233 311/268/234
f 306/261/227 305/263/229 307/269/235
f 306/261/227 307/269/235 308/270/236
f 306/261/227 308/270/236 550/271/237
f 306/261/227 550/271/237 309/259/225
f 309/259/225 550/271/237 549/272/238
f 309/259/225 549/272/238 310/257/223
f 302/262/228 311/268/234 303/264/230
f 312/265/231 547/258/224 546/260/239
f 312/265/231 546/260/239 313/266/232
f 311/268/234 304/267/233 548/262/240
f 548/262/240 304/267/233 313/266/232
f 548/262/240 313/266/232 546/260/239
f 314/273/241 324/274/238 322/275/242
f 314/273/241 322/275/242 318/276/243
f 318/276/243 322/275/242 321/277/244
f 318/276/243 321/277/244 315/278/231
f 318/276/243 315/278/231 316/279/245
f 318/276/243 316/279/245 330/280/228
f 330/280/228 316/279/245 331/281/246
f 330/280/228 317/282/227 318/276/243
f 318/276/243 317/282/227 314/273/241
f 319/283/247 331/281/246 327/280/248
f 322/275/242 320/273/249 328/276/250
f 322/275/242 328/276/250 321/277/244
f 321/277/244 328/276/250 315/278/231
f 320/273/249 322/275/242 324/274/238
f 333/284/235 326/282/251 325/285/252
f 333/284/235 323/286/253 326/282/251
f 326/282/251 323/286/253 332/287/230
f 326/282/251 332/287/230 327/280/248
f 327/280/248 332/287/230 319/283/247
f 324/274/238 329/288/254 320/273/249
f 320/273/249 329/288/254 325/285/252
f 320/273/249 325/285/252 326/282/251
f 320/273/249 326/282/251 327/280/248
f 320/273/249 327/280/248 328/276/250
f 328/276/250 327/280/248 331/281/246
f 328/276/250 331/281/246 316/279/245
f 315/278/231 328/276/250 316/279/245
f 314/273/241 329/288/254 324/274/238
f 319/283/247 330/280/228 331/281/246
f 319/283/247 332/287/230 330/280/228
f 330/280/228 332/287/230 323/286/253
f 330/280/228 323/286/253 317/282/227
f 317/282/227 323/286/253 333/284/235
f 317/282/227 333/284/235 325/285/252
f 317/282/227 325/285/252 329/288/254
f 317/282/227 329/288/254 314/273/241
f 334/289/255 336/290/256 335/291/257
f 334/289/255 335/291/257 337/292/258
f 334/289/255 342/293/259 336/290/256
f 337/292/258 341/294/260 334/289/255
f 334/289/255 341/294/260 1432/295/261
f 334/289/255 1432/295/261 520/296/262
f 334/289/255 338/297/263 342/293/259
f 339/298/264 338/297/263 334/289/255
f 334/289/255 344/299/265 339/298/264
f 340/300/266 344/299/265 334/289/255
f 334/289/255 519/301/267 340/300/266
f 520/296/262 519/301/267 334/289/255
f 1433/302/268 1432/303/261 341/304/260
f 1433/302/268 341/304/260 351/305/269
f 351/305/269 341/304/260 337/306/258
f 351/305/269 337/306/258 347/307/270
f 347/307/270 337/306/258 335/304/257
f 347/307/270 335/304/257 348/305/271
f 348/305/271 335/304/257 336/303/256
f 348/305/271 336/303/256 346/302/272
f 346/302/272 336/303/256 342/308/259
f 346/302/272 342/308/259 343/309/273
f 343/309/273 342/308/259 338/310/263
f 343/309/273 338/310/263 515/311/274
f 515/311/274 338/310/263 339/312/264
f 515/311/274 339/312/264 516/313/275
f 516/313/275 339/312/264 344/314/265
f 516/313/275 344/314/265 345/315/276
f 345/315/276 344/314/265 340/312/266
f 345/315/276 340/312/266 517/313/277
f 517/313/277 340/312/266 519/310/267
f 517/313/277 519/310/267 518/311/278
f 349/289/279 348/291/271 346/290/272
f 347/292/270 348/291/271 349/289/279
f 349/289/279 350/296/280 1433/295/268
f 349/289/279 1433/295/268 351/294/269
f 349/289/279 351/294/269 347/292/270
f 352/316/281 353/317/4 866/318/282
f 866/318/282 353/317/4 865/319/283
f 834/320/284 833/320/285 360/320/286
f 360/320/286 833/320/285 354/320/287
f 809/321/288 810/321/289 361/322/290
f 361/322/290 810/321/289 362/321/291
f 808/323/292 809/321/288 355/323/293
f 355/323/293 809/321/288 361/322/290
f 833/320/285 985/324/294 354/320/287
f 354/320/287 985/324/294 986/324/295
f 354/320/287 986/324/295 363/325/296
f 363/325/296 986/324/295 356/326/297
f 363/325/296 356/326/297 365/327/298
f 365/327/298 356/326/297 357/328/299
f 365/327/298 357/328/299 368/329/300
f 368/329/300 357/328/299 807/328/301
f 368/329/300 807/328/301 802/329/302
f 356/326/297 803/326/303 807/328/301
f 356/326/297 807/328/301 357/328/299
f 359/330/304 358/330/305 808/323/292
f 359/330/304 808/323/292 355/323/293
f 354/320/287 363/325/296 360/320/286
f 805/331/306 358/330/305 366/331/307
f 366/331/307 358/330/305 359/330/304
f 366/331/307 359/330/304 369/332/308
f 369/332/308 359/330/304 355/323/293
f 369/332/308 355/323/293 364/333/309
f 364/333/309 355/323/293 361/321/290
f 364/333/309 361/321/290 362/321/291
f 360/320/286 363/325/296 364/333/309
f 360/320/286 364/333/309 362/321/291
f 369/332/308 364/333/309 363/325/296
f 369/332/308 363/325/296 365/327/298
f 368/329/300 802/329/302 806/334/310
f 368/329/300 806/334/310 367/334/311
f 367/334/311 806/334/310 805/331/306
f 367/334/311 805/331/306 366/331/307
f 367/334/311 369/332/308 365/327/298
f 367/334/311 365/327/298 368/329/300
f 366/331/307 369/332/308 367/334/311
f 370/335/312 372/336/313 504/337/314
f 504/337/314 372/336/313 371/338/315
f 372/339/313 502/340/316 371/341/315
f 371/341/315 502/340/316 373/342/317
f 386/294/318 383/292/319 1068/289/320
f 1068/289/320 383/292/319 382/291/321
f 1068/289/320 382/291/321 381/290/322
f 1068/289/320 381/290/322 378/293/323
f 374/312/324 468/310/325 376/313/326
f 376/313/326 468/310/325 459/311/327
f 467/314/328 374/312/324 375/315/329
f 375/315/329 374/312/324 376/313/326
f 466/312/330 467/314/328 1069/313/331
f 1069/313/331 467/314/328 375/315/329
f 377/310/332 466/312/330 379/311/333
f 379/311/333 466/312/330 1069/313/331
f 465/308/334 377/310/332 378/309/323
f 378/309/323 377/310/332 379/311/333
f 463/303/335 465/308/334 381/302/322
f 381/302/322 465/308/334 378/309/323
f 380/304/336 463/303/335 382/305/321
f 382/305/321 463/303/335 381/302/322
f 462/306/337 380/304/336 383/307/319
f 383/307/319 380/304/336 382/305/321
f 461/304/338 462/306/337 386/305/318
f 386/305/318 462/306/337 383/307/319
f 468/310/325 384/308/339 459/311/327
f 459/311/327 384/308/339 460/309/340
f 384/308/339 385/303/341 460/309/340
f 460/309/340 385/303/341 458/302/342
f 385/303/341 461/304/338 458/302/342
f 458/302/342 461/304/338 386/305/318
f 387/343/343 389/344/344 450/345/193
f 450/345/193 389/344/344 388/346/345
f 389/344/344 390/347/195 388/346/345
f 388/346/345 390/347/195 391/348/346
f 390/347/195 393/349/347 391/348/346
f 391/348/346 393/349/347 392/350/348
f 393/349/347 394/351/349 392/350/348
f 392/350/348 394/351/349 395/352/200
f 394/351/349 397/353/350 395/352/200
f 395/352/200 397/353/350 396/354/202
f 397/353/350 446/355/351 396/354/202
f 396/354/202 446/355/351 448/356/352
f 400/357/353 405/358/354 401/359/355
f 401/359/355 405/358/354 398/360/193
f 399/361/356 400/357/353 404/362/357
f 404/362/357 400/357/353 401/359/355
f 402/363/358 399/361/356 403/364/202
f 403/364/202 399/361/356 404/362/357
f 405/358/354 406/365/359 398/360/193
f 398/360/193 406/365/359 407/366/360
f 406/365/359 409/367/361 407/366/360
f 407/366/360 409/367/361 408/368/362
f 412/369/349 402/363/358 413/370/200
f 413/370/200 402/363/358 403/364/202
f 409/367/361 411/371/347 408/368/362
f 408/368/362 411/371/347 410/372/348
f 411/371/347 412/369/349 410/372/348
f 410/372/348 412/369/349 413/370/200
f 442/359/207 414/360/363 415/357/209
f 415/357/209 414/360/363 416/358/364
f 414/360/363 418/366/211 416/358/364
f 416/358/364 418/366/211 417/365/365
f 418/366/211 419/368/213 417/365/365
f 417/365/365 419/368/213 420/367/214
f 419/368/213 421/372/366 420/367/214
f 420/367/214 421/372/366 422/371/367
f 423/364/368 424/362/215 427/363/218
f 427/363/218 424/362/215 425/361/216
f 426/370/219 423/364/368 428/369/220
f 428/369/220 423/364/368 427/363/218
f 421/372/366 426/370/219 422/371/367
f 422/371/367 426/370/219 428/369/220
f 429/354/368 430/356/369 441/353/218
f 441/353/218 430/356/369 431/355/216
f 432/345/208 433/346/370 445/343/210
f 445/343/210 433/346/370 434/344/365
f 433/346/370 435/348/213 434/344/365
f 434/344/365 435/348/213 437/347/214
f 435/348/213 436/350/221 437/347/214
f 437/347/214 436/350/221 438/349/222
f 436/350/221 440/352/371 438/349/222
f 438/349/222 440/352/371 439/351/372
f 440/352/371 429/354/368 439/351/372
f 439/351/372 429/354/368 441/353/218
f 424/362/215 442/359/207 425/361/216
f 425/361/216 442/359/207 415/357/209
f 430/356/369 443/373/207 431/355/216
f 431/355/216 443/373/207 444/374/209
f 443/373/207 432/345/208 444/374/209
f 444/374/209 432/345/208 445/343/210
f 446/355/351 447/374/373 448/356/352
f 448/356/352 447/374/373 449/373/374
f 447/374/373 387/343/343 449/373/374
f 449/373/374 387/343/343 450/345/193
f 451/375/207 523/376/208 453/377/209
f 453/377/209 523/376/208 452/378/210
f 534/379/215 451/375/207 535/380/216
f 535/380/216 451/375/207 453/377/209
f 454/377/205 455/378/191 456/375/206
f 456/375/206 455/378/191 457/376/375
f 458/295/342 386/294/318 1068/289/320
f 1068/289/320 459/301/327 460/296/340
f 1068/289/320 460/296/340 458/295/342
f 464/289/376 462/292/337 461/294/338
f 464/289/376 461/294/338 385/295/341
f 464/289/376 380/291/336 462/292/337
f 463/290/335 380/291/336 464/289/376
f 464/289/376 465/293/334 463/290/335
f 377/297/332 465/293/334 464/289/376
f 464/289/376 466/298/330 377/297/332
f 467/299/328 466/298/330 464/289/376
f 464/289/376 374/300/324 467/299/328
f 468/301/325 374/300/324 464/289/376
f 464/289/376 384/296/339 468/301/325
f 385/295/341 384/296/339 464/289/376
f 475/260/239 477/265/231 487/258/377
f 475/260/239 470/266/232 477/265/231
f 471/262/378 469/267/379 470/266/232
f 471/262/378 470/266/232 475/260/239
f 471/262/378 479/268/234 469/267/379
f 471/262/378 472/264/380 479/268/234
f 476/259/381 486/272/382 485/271/383
f 476/259/381 485/271/383 474/261/384
f 474/261/384 485/271/383 483/270/385
f 474/261/384 483/270/385 473/269/235
f 474/261/384 473/269/235 482/263/386
f 474/261/384 482/263/386 471/262/378
f 471/262/378 482/263/386 472/264/380
f 474/261/384 471/262/378 476/259/381
f 476/259/381 471/262/378 475/260/239
f 476/259/381 475/260/239 488/257/223
f 488/257/223 475/260/239 487/258/377
f 476/259/381 488/257/223 486/272/382
f 478/260/226 477/265/231 470/266/232
f 478/260/226 470/266/232 480/262/387
f 480/262/387 470/266/232 469/267/379
f 480/262/387 469/267/379 479/268/234
f 480/262/387 479/268/234 472/264/380
f 480/262/387 472/264/380 481/261/388
f 481/261/388 472/264/380 482/263/386
f 481/261/388 482/263/386 473/269/235
f 481/261/388 473/269/235 483/270/385
f 481/261/388 483/270/385 484/259/389
f 484/259/389 483/270/385 485/271/383
f 484/259/389 485/271/383 486/272/382
f 478/260/226 487/258/377 477/265/231
f 480/262/387 481/261/388 478/260/226
f 478/260/226 481/261/388 484/259/389
f 478/260/226 484/259/389 487/258/377
f 487/258/377 484/259/389 488/257/223
f 486/272/382 488/257/223 484/259/389
f 491/381/390 492/382/391 489/383/392
f 491/381/390 489/383/392 490/384/393
f 492/382/391 491/381/390 493/385/394
f 492/382/391 493/385/394 912/386/395
f 912/386/395 493/385/394 494/381/396
f 912/386/395 494/381/396 495/382/397
f 495/382/397 494/381/396 918/384/398
f 495/382/397 918/384/398 496/383/399
f 906/387/400 963/388/401 497/389/402
f 906/387/400 497/389/402 905/390/403
f 499/391/404 498/392/405 962/393/406
f 499/391/404 962/393/406 907/394/407
f 916/395/408 499/391/404 907/394/407
f 916/395/408 907/394/407 511/396/409
f 511/396/409 907/394/407 500/397/410
f 511/396/409 500/397/410 512/398/411
f 512/398/411 500/397/410 501/399/412
f 502/336/316 505/335/413 373/338/317
f 373/338/317 505/335/413 503/337/414
f 504/400/314 371/401/315 503/402/414
f 503/402/414 371/401/315 373/403/317
f 505/402/413 502/403/316 370/400/312
f 370/400/312 502/403/316 372/401/313
f 506/317/6 508/316/415 864/319/49
f 864/319/49 508/316/415 507/318/111
f 508/404/415 352/316/281 507/405/111
f 507/405/111 352/316/281 866/318/282
f 509/406/416 915/395/417 511/407/409
f 511/407/409 915/395/417 916/408/408
f 501/407/412 500/408/410 514/406/418
f 514/406/418 500/408/410 510/395/419
f 513/406/420 509/406/416 512/407/411
f 512/407/411 509/406/416 511/407/409
f 512/407/411 501/407/412 513/406/420
f 513/406/420 501/407/412 514/406/418
f 346/290/272 343/293/273 349/289/279
f 349/289/279 343/293/273 515/297/274
f 349/289/279 515/297/274 516/298/275
f 349/289/279 516/298/275 345/299/276
f 349/289/279 345/299/276 517/300/277
f 349/289/279 517/300/277 518/301/278
f 349/289/279 518/301/278 350/296/280
f 518/311/278 519/310/267 520/308/262
f 518/311/278 520/308/262 350/309/280
f 536/409/202 521/410/421 618/380/422
f 536/409/202 618/380/422 522/379/204
f 452/378/210 523/376/208 524/411/211
f 452/378/210 524/411/211 525/412/365
f 525/412/365 524/411/211 526/413/423
f 525/412/365 526/413/423 527/414/424
f 527/414/424 526/413/423 528/415/366
f 527/414/424 528/415/366 529/416/222
f 529/416/222 528/415/366 530/417/371
f 529/416/222 530/417/371 531/418/220
f 531/418/220 530/417/371 532/409/425
f 531/418/220 532/409/425 533/410/218
f 533/410/218 532/409/425 534/379/215
f 533/410/218 534/379/215 535/380/216
f 538/417/200 537/418/426 521/410/421
f 538/417/200 521/410/421 536/409/202
f 542/415/198 541/416/347 537/418/426
f 542/415/198 537/418/426 538/417/200
f 540/413/346 539/414/427 541/416/347
f 540/413/346 541/416/347 542/415/198
f 457/376/375 455/378/191 543/412/192
f 457/376/375 543/412/192 544/411/345
f 544/411/345 543/412/192 539/414/427
f 544/411/345 539/414/427 540/413/346
f 310/257/223 545/259/428 546/260/239
f 310/257/223 546/260/239 547/258/224
f 549/272/238 545/259/428 310/257/223
f 548/262/240 303/264/230 311/268/234
f 545/259/428 549/272/238 550/271/237
f 545/259/428 550/271/237 551/261/429
f 551/261/429 550/271/237 308/270/236
f 551/261/429 308/270/236 307/269/235
f 545/259/428 551/261/429 548/262/240
f 545/259/428 548/262/240 546/260/239
f 303/264/230 548/262/240 551/261/429
f 303/264/230 551/261/429 305/263/229
f 305/263/229 551/261/429 307/269/235
f 1484/419/344 552/420/430 1485/421/431
f 1485/421/431 552/420/430 553/422/362
f 556/423/350 616/424/356 557/425/202
f 557/425/202 616/424/356 554/426/357
f 555/427/349 556/423/350 560/428/432
f 560/428/432 556/423/350 557/425/202
f 552/420/430 559/429/347 553/422/362
f 553/422/362 559/429/347 558/430/348
f 559/429/347 555/427/349 558/430/348
f 558/430/348 555/427/349 560/428/432
f 564/426/369 569/431/207 561/424/216
f 561/424/216 569/431/207 562/432/209
f 563/425/217 564/426/369 565/423/218
f 565/423/218 564/426/369 561/424/216
f 567/428/219 563/425/217 568/427/220
f 568/427/220 563/425/217 565/423/218
f 566/430/221 567/428/219 573/429/222
f 573/429/222 567/428/219 568/427/220
f 569/431/207 570/433/208 562/432/209
f 562/432/209 570/433/208 574/434/210
f 571/422/213 566/430/221 572/420/433
f 572/420/433 566/430/221 573/429/222
f 570/433/208 575/421/211 574/434/210
f 574/434/210 575/421/211 576/419/365
f 575/421/211 571/422/213 576/419/365
f 576/419/365 571/422/213 572/420/433
f 624/435/434 577/436/435 625/437/210
f 625/437/210 577/436/435 578/438/436
f 577/436/435 584/439/213 578/438/436
f 578/438/436 584/439/213 585/440/433
f 579/441/219 628/442/217 583/443/220
f 583/443/220 628/442/217 580/444/218
f 581/445/366 579/441/219 582/446/367
f 582/446/367 579/441/219 583/443/220
f 584/439/213 581/445/366 585/440/433
f 585/440/433 581/445/366 582/446/367
f 586/443/349 587/444/350 588/441/200
f 588/441/200 587/444/350 621/442/202
f 589/446/347 586/443/349 590/445/348
f 590/445/348 586/443/349 588/441/200
f 591/440/195 589/446/347 592/439/196
f 592/439/196 589/446/347 590/445/348
f 594/438/344 591/440/195 596/436/431
f 596/436/431 591/440/195 592/439/196
f 593/437/437 594/438/344 595/435/193
f 595/435/193 594/438/344 596/436/431
f 1486/272/438 597/271/439 598/447/440
f 598/447/440 611/448/244 1486/272/438
f 1487/269/441 599/449/230 601/450/442
f 601/450/442 599/449/230 607/451/443
f 601/450/442 607/451/443 600/452/444
f 600/452/444 607/451/443 613/453/235
f 600/452/444 613/453/235 612/454/445
f 1487/269/441 601/450/442 1488/270/446
f 612/454/445 603/455/447 600/452/444
f 600/452/444 603/455/447 602/456/448
f 602/456/448 603/455/447 604/457/238
f 602/456/448 604/457/238 609/458/242
f 602/456/448 609/458/242 598/447/440
f 598/447/440 609/458/242 611/448/244
f 597/271/439 1488/270/446 598/447/440
f 598/447/440 1488/270/446 601/450/442
f 598/447/440 601/450/442 602/456/448
f 602/456/448 601/450/442 600/452/444
f 605/450/240 599/449/230 1487/269/441
f 599/449/230 605/450/240 606/452/251
f 599/449/230 606/452/251 607/451/443
f 604/457/238 608/456/249 609/458/242
f 608/456/249 610/447/239 609/458/242
f 609/458/242 610/447/239 611/448/244
f 604/457/238 603/455/447 608/456/249
f 608/456/249 603/455/447 612/454/445
f 608/456/249 612/454/445 606/452/251
f 608/456/249 606/452/251 605/450/240
f 608/456/249 605/450/240 610/447/239
f 606/459/251 613/460/235 607/461/443
f 606/459/251 612/462/445 613/460/235
f 617/431/449 614/432/450 1483/434/354
f 617/431/449 1483/434/354 615/433/193
f 554/426/357 616/424/356 614/432/450
f 554/426/357 614/432/450 617/431/449
f 522/379/204 618/380/422 454/377/205
f 522/379/204 454/377/205 456/375/206
f 622/463/204 619/464/356 630/465/353
f 622/463/204 630/465/353 620/466/374
f 621/442/202 587/444/350 619/464/356
f 621/442/202 619/464/356 622/463/204
f 627/465/209 623/466/207 624/435/434
f 627/465/209 624/435/434 625/437/210
f 629/464/216 626/463/369 623/466/207
f 629/464/216 623/466/207 627/465/209
f 580/444/218 628/442/217 626/463/369
f 580/444/218 626/463/369 629/464/216
f 620/466/374 630/465/353 593/437/437
f 620/466/374 593/437/437 595/435/193
f 646/467/200 631/468/451 632/469/350
f 646/467/200 632/469/350 633/470/452
f 633/470/452 632/469/350 634/471/356
f 633/470/452 634/471/356 635/472/204
f 635/472/204 634/471/356 636/473/373
f 635/472/204 636/473/373 637/474/355
f 637/474/355 636/473/373 638/475/343
f 637/474/355 638/475/343 639/476/193
f 639/476/193 638/475/343 640/477/359
f 639/476/193 640/477/359 641/478/431
f 641/478/431 640/477/359 642/479/361
f 641/478/431 642/479/361 643/480/453
f 643/480/453 642/479/361 644/481/454
f 643/480/453 644/481/454 645/482/348
f 645/482/348 644/481/454 631/468/451
f 645/482/348 631/468/451 646/467/200
f 650/369/455 647/370/456 1543/364/457
f 650/369/455 1543/364/457 648/363/458
f 660/371/459 649/372/460 647/370/456
f 660/371/459 647/370/456 650/369/455
f 1544/361/216 651/362/215 652/359/461
f 1544/361/216 652/359/461 653/357/462
f 653/357/462 652/359/461 654/360/434
f 653/357/462 654/360/434 655/358/210
f 655/358/210 654/360/434 656/366/370
f 655/358/210 656/366/370 657/365/365
f 657/365/365 656/366/370 658/368/213
f 657/365/365 658/368/213 659/367/433
f 659/367/433 658/368/213 649/372/460
f 659/367/433 649/372/460 660/371/459
f 661/343/463 1540/345/464 662/346/465
f 661/343/463 662/346/465 663/344/365
f 663/344/365 662/346/465 664/348/466
f 663/344/365 664/348/466 665/347/424
f 665/347/424 664/348/466 666/350/467
f 665/347/424 666/350/467 667/349/468
f 667/349/468 666/350/467 668/352/456
f 667/349/468 668/352/456 669/351/220
f 669/351/220 668/352/456 1479/354/469
f 669/351/220 1479/354/469 670/353/458
f 1546/483/357 1545/484/356 671/485/470
f 1546/483/357 671/485/470 672/486/355
f 672/486/355 671/485/470 673/487/354
f 672/486/355 673/487/354 674/488/193
f 674/488/193 673/487/354 675/489/359
f 674/488/193 675/489/359 676/490/431
f 676/490/431 675/489/359 677/491/195
f 676/490/431 677/491/195 678/492/196
f 678/492/196 677/491/195 679/493/347
f 678/492/196 679/493/347 680/494/348
f 680/494/348 679/493/347 681/495/349
f 680/494/348 681/495/349 682/496/200
f 682/496/200 681/495/349 683/497/358
f 682/496/200 683/497/358 684/498/452
f 687/499/471 688/500/472 685/501/229
f 687/499/471 685/501/229 686/502/227
f 694/503/441 687/499/471 695/504/473
f 694/503/441 688/500/472 687/499/471
f 691/505/474 689/506/475 695/504/473
f 691/505/474 695/504/473 687/499/471
f 691/505/474 687/499/471 686/502/227
f 691/505/474 686/502/227 704/507/225
f 691/505/474 692/508/476 689/506/475
f 690/509/477 696/510/224 704/507/225
f 704/507/225 696/510/224 691/505/474
f 696/510/224 692/508/476 691/505/474
f 693/499/240 694/503/441 695/504/473
f 693/499/240 688/500/472 694/503/441
f 693/499/240 695/504/473 689/506/475
f 693/499/240 689/506/475 698/505/478
f 698/505/478 689/506/475 692/508/476
f 698/505/478 692/508/476 696/510/224
f 688/500/472 693/499/240 697/502/251
f 688/500/472 697/502/251 685/501/229
f 685/501/229 697/502/251 700/461/479
f 697/502/251 701/511/445 700/461/479
f 699/507/249 702/512/447 701/511/445
f 699/507/249 701/511/445 697/502/251
f 699/507/249 697/502/251 693/499/240
f 699/507/249 693/499/240 698/505/478
f 699/507/249 703/513/238 702/512/447
f 699/507/249 698/505/478 690/509/477
f 690/509/477 698/505/478 696/510/224
f 699/507/249 690/509/477 703/513/238
f 686/502/227 685/501/229 700/461/479
f 686/502/227 700/461/479 701/511/445
f 686/502/227 701/511/445 702/512/447
f 686/502/227 702/512/447 704/507/225
f 704/507/225 702/512/447 703/513/238
f 703/513/238 690/509/477 704/507/225
f 1556/289/480 1555/298/481 716/299/482
f 1556/289/480 716/299/482 717/300/483
f 1556/289/480 705/301/484 706/296/485
f 717/300/483 705/301/484 1556/289/480
f 711/289/486 718/301/487 707/300/488
f 711/289/486 707/300/488 715/299/489
f 711/289/486 715/299/489 708/298/490
f 711/289/486 708/298/490 709/297/491
f 711/289/486 709/297/491 1128/293/492
f 711/289/486 1128/293/492 712/290/493
f 711/289/486 710/296/494 718/301/487
f 714/295/495 710/296/494 711/289/486
f 711/289/486 712/290/493 1129/291/496
f 711/289/486 1129/291/496 713/292/497
f 711/289/486 713/292/497 1132/294/498
f 711/289/486 1132/294/498 714/295/495
f 1554/311/499 709/310/491 708/312/490
f 1554/311/499 708/312/490 1555/313/481
f 1555/313/481 708/312/490 715/314/489
f 1555/313/481 715/314/489 716/315/482
f 716/315/482 715/314/489 707/312/488
f 716/315/482 707/312/488 717/313/483
f 717/313/483 707/312/488 718/310/487
f 717/313/483 718/310/487 705/311/484
f 705/311/484 718/310/487 710/308/494
f 705/311/484 710/308/494 706/309/485
f 723/465/209 719/466/207 747/435/208
f 723/465/209 747/435/208 720/437/210
f 722/464/216 721/463/215 719/466/207
f 722/464/216 719/466/207 723/465/209
f 756/444/458 724/442/217 721/463/215
f 756/444/458 721/463/215 722/464/216
f 740/424/216 725/426/215 726/431/207
f 740/424/216 726/431/207 727/432/209
f 727/432/209 726/431/207 728/433/500
f 727/432/209 728/433/500 729/434/210
f 729/434/210 728/433/500 730/421/211
f 729/434/210 730/421/211 731/419/365
f 731/419/365 730/421/211 732/422/213
f 731/419/365 732/422/213 733/420/214
f 733/420/214 732/422/213 734/430/221
f 733/420/214 734/430/221 735/429/367
f 735/429/367 734/430/221 736/428/371
f 735/429/367 736/428/371 737/427/220
f 737/427/220 736/428/371 738/425/368
f 737/427/220 738/425/368 739/423/501
f 739/423/501 738/425/368 725/426/215
f 739/423/501 725/426/215 740/424/216
f 759/442/202 758/444/350 760/464/356
f 759/442/202 760/464/356 761/463/352
f 742/426/502 741/424/356 743/432/353
f 742/426/502 743/432/353 744/431/355
f 744/431/355 743/432/353 745/434/437
f 744/431/355 745/434/437 746/433/193
f 720/437/210 747/435/208 748/436/211
f 720/437/210 748/436/211 749/438/365
f 749/438/365 748/436/211 750/439/213
f 749/438/365 750/439/213 751/440/424
f 751/440/424 750/439/213 752/445/221
f 751/440/424 752/445/221 753/446/367
f 753/446/367 752/445/221 754/441/219
f 753/446/367 754/441/219 755/443/220
f 755/443/220 754/441/219 724/442/217
f 755/443/220 724/442/217 756/444/458
f 772/441/200 757/443/349 758/444/350
f 772/441/200 758/444/350 759/442/202
f 761/463/352 760/464/356 762/465/373
f 761/463/352 762/465/373 763/466/503
f 763/466/503 762/465/373 764/437/504
f 763/466/503 764/437/504 765/435/505
f 765/435/505 764/437/504 766/438/506
f 765/435/505 766/438/506 767/436/194
f 767/436/194 766/438/506 768/440/195
f 767/436/194 768/440/195 769/439/196
f 769/439/196 768/440/195 770/446/347
f 769/439/196 770/446/347 771/445/348
f 771/445/348 770/446/347 757/443/349
f 771/445/348 757/443/349 772/441/200
f 773/430/348 776/429/347 1064/427/349
f 773/430/348 1064/427/349 774/428/200
f 778/422/453 775/420/361 776/429/347
f 778/422/453 776/429/347 773/430/348
f 777/421/431 779/419/359 775/420/361
f 777/421/431 775/420/361 778/422/453
f 746/433/193 745/434/437 779/419/359
f 746/433/193 779/419/359 777/421/431
f 781/514/507 780/515/508 846/515/509
f 781/514/507 846/515/509 786/514/510
f 785/516/511 782/517/512 791/518/513
f 785/516/511 791/518/513 783/519/514
f 787/519/515 784/516/516 785/516/511
f 787/519/515 785/516/511 783/519/514
f 786/514/510 785/516/511 784/516/516
f 786/514/510 784/516/516 781/514/507
f 787/519/515 789/518/517 790/517/518
f 787/519/515 790/517/518 784/516/516
f 784/516/516 790/517/518 780/515/508
f 784/516/516 780/515/508 781/514/507
f 788/520/519 780/515/508 790/517/518
f 788/520/519 897/521/520 780/515/508
f 790/517/518 789/518/517 791/518/513
f 790/517/518 791/518/513 782/517/512
f 794/514/521 792/515/522 900/515/523
f 794/514/521 900/515/523 848/514/510
f 848/514/510 793/516/511 795/516/524
f 848/514/510 795/516/524 794/514/521
f 796/519/525 795/516/524 793/516/511
f 796/519/525 793/516/511 850/519/526
f 796/519/525 913/518/527 797/517/528
f 796/519/525 797/517/528 795/516/524
f 795/516/524 797/517/528 794/514/521
f 792/515/522 794/514/521 797/517/528
f 901/521/529 797/517/528 798/520/530
f 901/521/529 792/515/522 797/517/528
f 901/521/529 798/520/530 847/520/531
f 901/521/529 847/520/531 799/521/532
f 805/522/306 800/523/533 358/524/305
f 834/525/284 810/526/289 804/527/471
f 804/527/471 810/526/289 811/528/227
f 804/527/471 811/528/227 801/529/474
f 801/529/474 811/528/227 800/523/533
f 801/529/474 800/523/533 802/530/302
f 802/530/302 800/523/533 806/531/310
f 803/532/303 985/533/294 801/529/474
f 801/529/474 985/533/294 804/527/471
f 805/522/306 806/531/310 800/523/533
f 801/529/474 802/530/302 807/534/301
f 801/529/474 807/534/301 803/532/303
f 811/528/227 808/535/292 358/524/305
f 811/528/227 358/524/305 800/523/533
f 811/528/227 809/536/288 808/535/292
f 810/526/289 809/536/288 811/528/227
f 812/280/471 821/287/230 822/286/443
f 812/280/471 822/286/443 813/282/534
f 813/282/534 822/286/443 825/284/479
f 813/282/534 825/284/479 824/285/535
f 812/280/471 817/283/441 821/287/230
f 818/273/536 819/288/537 826/274/238
f 815/276/538 831/277/224 830/278/231
f 815/276/538 830/278/231 814/279/539
f 815/276/538 814/279/539 816/281/446
f 815/276/538 816/281/446 812/280/471
f 812/280/471 816/281/446 817/283/441
f 826/274/238 823/275/540 818/273/536
f 818/273/536 823/275/540 831/277/224
f 818/273/536 831/277/224 815/276/538
f 815/276/538 812/280/471 813/282/534
f 815/276/538 813/282/534 818/273/536
f 818/273/536 813/282/534 824/285/535
f 818/273/536 824/285/535 819/288/537
f 817/283/441 820/280/240 821/287/230
f 820/280/240 827/282/429 821/287/230
f 821/287/230 827/282/429 822/286/443
f 828/273/428 832/276/239 823/275/540
f 823/275/540 832/276/239 831/277/224
f 828/273/428 823/275/540 826/274/238
f 825/284/479 827/282/429 824/285/535
f 825/284/479 822/286/443 827/282/429
f 828/273/428 826/274/238 819/288/537
f 828/273/428 819/288/537 827/282/429
f 827/282/429 819/288/537 824/285/535
f 827/282/429 820/280/240 828/273/428
f 828/273/428 820/280/240 832/276/239
f 817/283/441 816/281/446 820/280/240
f 1065/425/452 829/423/541 741/424/356
f 1065/425/452 741/424/356 742/426/502
f 832/276/239 830/278/231 831/277/224
f 832/276/239 814/279/539 830/278/231
f 820/280/240 816/281/446 814/279/539
f 820/280/240 814/279/539 832/276/239
f 833/537/285 804/527/471 985/533/294
f 833/537/285 834/525/284 804/527/471
f 836/494/348 835/493/347 837/538/349
f 836/494/348 837/538/349 838/539/200
f 838/539/200 837/538/349 839/540/541
f 838/539/200 839/540/541 840/541/452
f 840/541/452 839/540/541 841/542/351
f 840/541/452 841/542/351 842/543/502
f 842/543/502 841/542/351 843/544/450
f 842/543/502 843/544/450 844/485/355
f 844/485/355 843/544/450 976/545/437
f 844/485/355 976/545/437 845/546/505
f 899/521/532 846/515/509 780/515/508
f 899/521/532 780/515/508 897/521/520
f 849/517/512 799/521/532 847/520/531
f 900/515/523 799/521/532 849/517/512
f 849/517/512 848/514/510 900/515/523
f 849/517/512 793/516/511 848/514/510
f 793/516/511 849/517/512 914/518/542
f 793/516/511 914/518/542 850/519/526
f 851/320/543 953/320/544 958/320/545
f 851/320/543 958/320/545 852/320/546
f 872/334/547 853/334/548 956/329/549
f 872/334/547 956/329/549 856/329/550
f 856/329/550 956/329/549 955/328/551
f 856/329/550 955/328/551 857/328/552
f 863/325/553 851/320/543 852/320/546
f 855/332/554 874/330/555 854/331/556
f 855/332/554 854/331/556 872/334/547
f 855/332/554 872/334/547 858/327/557
f 858/327/557 872/334/547 856/329/550
f 858/327/557 856/329/550 857/328/552
f 858/327/557 857/328/552 859/326/558
f 858/327/557 859/326/558 863/325/553
f 863/325/553 859/326/558 862/324/559
f 863/325/553 862/324/559 851/320/543
f 851/320/543 862/324/559 860/324/560
f 851/320/543 860/324/560 953/320/544
f 859/326/558 861/326/561 860/324/560
f 859/326/558 860/324/560 862/324/559
f 858/327/557 863/325/553 869/333/562
f 858/327/557 869/333/562 855/332/554
f 865/547/283 864/548/49 507/404/111
f 865/547/283 507/404/111 866/316/282
f 868/321/563 867/321/564 957/322/565
f 868/321/563 957/322/565 870/322/566
f 863/325/553 852/320/546 868/321/563
f 863/325/553 868/321/563 869/333/562
f 869/333/562 868/321/563 870/322/566
f 871/331/567 853/334/548 854/331/556
f 854/331/556 853/334/548 872/334/547
f 873/330/568 871/331/567 874/330/555
f 874/330/555 871/331/567 854/331/556
f 957/321/565 876/323/569 870/322/566
f 870/322/566 876/323/569 875/323/570
f 876/323/569 873/330/568 875/323/570
f 875/323/570 873/330/568 874/330/555
f 875/323/570 874/330/555 869/333/562
f 869/333/562 874/330/555 855/332/554
f 870/321/566 875/323/570 869/333/562
f 857/328/552 955/328/551 861/326/561
f 857/328/552 861/326/561 859/326/558
f 878/549/571 877/550/572 879/551/207
f 878/549/571 879/551/207 880/552/209
f 880/552/209 879/551/207 881/475/363
f 880/552/209 881/475/363 882/553/210
f 884/544/209 883/485/207 885/546/208
f 884/544/209 885/546/208 886/545/210
f 886/545/210 885/546/208 887/554/370
f 886/545/210 887/554/370 888/555/365
f 888/555/365 887/554/370 889/556/213
f 888/555/365 889/556/213 890/557/424
f 890/557/424 889/556/213 891/494/573
f 890/557/424 891/494/573 892/493/367
f 892/493/367 891/494/573 893/539/574
f 892/493/367 893/539/574 894/538/372
f 894/538/372 893/539/574 895/541/217
f 894/538/372 895/541/217 896/540/218
f 897/521/520 788/520/519 898/520/575
f 897/521/520 898/520/575 899/521/532
f 786/514/510 782/517/512 785/516/511
f 782/517/512 846/515/509 899/521/532
f 782/517/512 786/514/510 846/515/509
f 900/515/523 792/515/522 799/521/532
f 799/521/532 792/515/522 901/521/529
f 498/558/405 902/559/576 497/560/402
f 497/560/402 902/559/576 905/561/403
f 911/562/577 903/563/578 489/383/392
f 489/383/392 903/563/578 490/384/393
f 902/559/576 498/558/405 911/562/577
f 911/562/577 498/558/405 499/564/404
f 911/562/577 499/564/404 903/563/578
f 903/563/578 499/564/404 904/391/578
f 902/565/576 909/566/579 905/390/403
f 905/390/403 909/566/579 906/387/400
f 909/559/579 962/558/406 906/561/400
f 906/561/400 962/558/406 963/560/401
f 907/564/407 908/391/80 500/408/410
f 500/408/410 908/391/80 510/395/419
f 908/391/80 907/564/407 917/563/80
f 917/563/80 907/564/407 962/558/406
f 917/563/80 962/558/406 910/562/580
f 910/562/580 962/558/406 909/559/579
f 910/567/580 911/563/577 496/568/399
f 496/568/399 911/563/577 489/384/392
f 496/568/399 489/384/392 495/569/397
f 495/569/397 489/384/392 492/570/391
f 495/569/397 492/570/391 912/571/395
f 910/567/580 909/566/579 902/565/576
f 910/567/580 902/565/576 911/563/577
f 797/517/528 913/518/527 914/518/542
f 797/517/528 914/518/542 849/517/512
f 915/395/417 904/391/578 499/564/404
f 915/395/417 499/564/404 916/408/408
f 918/384/398 917/563/80 910/562/580
f 918/384/398 910/562/580 496/383/399
f 1068/289/320 378/293/323 379/297/333
f 1068/289/320 379/297/333 1069/298/331
f 928/572/218 919/573/217 877/550/572
f 928/572/218 877/550/572 878/549/571
f 882/553/210 881/475/363 920/574/581
f 882/553/210 920/574/581 921/575/212
f 921/575/212 920/574/581 922/576/213
f 921/575/212 922/576/213 923/577/214
f 923/577/214 922/576/213 924/578/582
f 923/577/214 924/578/582 925/579/222
f 925/579/222 924/578/582 926/580/219
f 925/579/222 926/580/219 927/581/372
f 927/581/372 926/580/219 919/573/217
f 927/581/372 919/573/217 928/572/218
f 930/542/216 929/543/215 883/485/207
f 930/542/216 883/485/207 884/544/209
f 896/540/218 895/541/217 929/543/215
f 896/540/218 929/543/215 930/542/216
f 1067/289/583 941/290/584 1547/293/585
f 931/291/586 941/290/584 1067/289/583
f 1067/289/583 932/292/587 931/291/586
f 935/294/588 932/292/587 1067/289/583
f 1067/289/583 937/295/589 935/294/588
f 1066/296/590 937/295/589 1067/289/583
f 935/305/588 933/304/591 946/306/592
f 935/305/588 946/306/592 932/307/587
f 937/302/589 934/303/593 933/304/591
f 937/302/589 933/304/591 935/305/588
f 1066/309/590 936/308/594 934/303/593
f 1066/309/590 934/303/593 937/302/589
f 940/311/595 938/310/596 936/308/594
f 940/311/595 936/308/594 1066/309/590
f 945/313/597 939/312/598 938/310/596
f 945/313/597 938/310/596 940/311/595
f 932/307/587 946/306/592 948/304/599
f 932/307/587 948/304/599 931/305/586
f 931/305/586 948/304/599 951/303/600
f 931/305/586 951/303/600 941/302/584
f 941/302/584 951/303/600 950/308/601
f 941/302/584 950/308/601 1547/309/585
f 1547/309/585 950/308/601 942/310/602
f 1547/309/585 942/310/602 1548/311/603
f 1548/311/603 942/310/602 952/312/604
f 1548/311/603 952/312/604 943/313/605
f 943/313/605 952/312/604 947/314/606
f 943/313/605 947/314/606 944/315/607
f 944/315/607 947/314/606 939/312/598
f 944/315/607 939/312/598 945/313/597
f 949/289/608 946/292/592 933/294/591
f 949/289/608 933/294/591 934/295/593
f 949/289/608 934/295/593 936/296/594
f 949/289/608 936/296/594 938/301/596
f 949/289/608 938/301/596 939/300/598
f 949/289/608 939/300/598 947/299/606
f 949/289/608 948/291/599 946/292/592
f 951/290/600 948/291/599 949/289/608
f 949/289/608 950/293/601 951/290/600
f 942/297/602 950/293/601 949/289/608
f 949/289/608 952/298/604 942/297/602
f 947/299/606 952/298/604 949/289/608
f 953/537/544 954/527/240 958/525/545
f 953/537/544 860/533/560 954/527/240
f 954/527/240 860/533/560 861/532/561
f 954/527/240 861/532/561 961/529/239
f 961/529/239 861/532/561 955/534/551
f 961/529/239 955/534/551 956/530/549
f 957/536/565 960/528/251 876/535/569
f 957/536/565 867/526/564 960/528/251
f 960/528/251 867/526/564 958/525/545
f 960/528/251 958/525/545 954/527/240
f 959/523/249 960/528/251 954/527/240
f 959/523/249 954/527/240 961/529/239
f 959/523/249 873/524/568 876/535/569
f 959/523/249 876/535/569 960/528/251
f 959/523/249 871/522/567 873/524/568
f 959/523/249 853/531/548 871/522/567
f 853/531/548 959/523/249 961/529/239
f 853/531/548 961/529/239 956/530/549
f 963/388/401 962/393/406 498/392/405
f 963/388/401 498/392/405 497/389/402
f 983/475/193 982/553/437 964/575/359
f 983/475/193 964/575/359 965/574/360
f 965/574/360 964/575/359 966/577/361
f 965/574/360 966/577/361 967/576/453
f 967/576/453 966/577/361 968/579/347
f 967/576/453 968/579/347 969/578/348
f 969/578/348 968/579/347 971/581/349
f 969/578/348 971/581/349 970/580/200
f 970/580/200 971/581/349 972/572/350
f 970/580/200 972/572/350 973/573/202
f 973/573/202 972/572/350 974/549/356
f 973/573/202 974/549/356 975/550/609
f 845/546/505 976/545/437 977/555/344
f 845/546/505 977/555/344 978/554/431
f 978/554/431 977/555/344 979/557/195
f 978/554/431 979/557/195 980/556/346
f 980/556/346 979/557/195 835/493/347
f 980/556/346 835/493/347 836/494/348
f 984/551/374 981/552/610 982/553/437
f 984/551/374 982/553/437 983/475/193
f 975/550/609 974/549/356 981/552/610
f 975/550/609 981/552/610 984/551/374
f 986/324/295 985/324/294 803/326/303
f 986/324/295 803/326/303 356/326/297
f 989/582/240 987/449/611 988/583/446
f 989/582/240 1002/584/612 987/449/611
f 989/582/240 988/583/446 1191/585/613
f 989/582/240 1191/585/613 990/586/239
f 990/586/239 1191/585/613 1192/448/231
f 990/586/239 1192/448/231 991/587/614
f 1002/584/612 989/582/240 993/588/251
f 1002/584/612 993/588/251 996/453/253
f 996/453/253 993/588/251 997/589/235
f 993/588/251 998/590/445 997/589/235
f 994/591/249 992/592/254 998/590/445
f 994/591/249 998/590/445 993/588/251
f 994/591/249 993/588/251 989/582/240
f 994/591/249 989/582/240 990/586/239
f 994/591/249 999/593/615 992/592/254
f 994/591/249 990/586/239 995/457/242
f 995/457/242 990/586/239 991/587/614
f 994/591/249 995/457/242 999/593/615
f 1000/588/227 996/453/253 997/589/235
f 1000/588/227 997/589/235 998/590/445
f 1001/591/241 999/593/615 995/457/242
f 1001/591/241 995/457/242 1193/586/616
f 1193/586/616 995/457/242 991/587/614
f 1001/591/241 992/592/254 999/593/615
f 1000/588/227 998/590/445 992/592/254
f 1000/588/227 992/592/254 1001/591/241
f 1193/586/616 1003/582/471 1000/588/227
f 1193/586/616 1000/588/227 1001/591/241
f 1003/582/471 1002/584/612 996/453/253
f 1003/582/471 996/453/253 1000/588/227
f 1003/582/471 987/449/611 1002/584/612
f 1004/594/219 1551/595/217 1005/596/220
f 1005/596/220 1551/595/217 1006/597/458
f 1008/349/221 1004/594/219 1009/598/367
f 1009/598/367 1004/594/219 1005/596/220
f 1007/599/423 1008/349/221 1012/600/617
f 1012/600/617 1008/349/221 1009/598/367
f 1010/601/435 1007/599/423 1011/602/436
f 1011/602/436 1007/599/423 1012/600/617
f 1013/603/434 1010/601/435 1015/604/618
f 1015/604/618 1010/601/435 1011/602/436
f 1014/605/207 1013/603/434 1550/373/209
f 1550/373/209 1013/603/434 1015/604/618
f 1016/606/208 1018/607/211 1017/608/619
f 1017/608/619 1018/607/211 1019/609/365
f 1018/607/211 1024/610/213 1019/609/365
f 1019/609/365 1024/610/213 1020/611/433
f 1021/612/620 1016/606/208 1023/359/209
f 1023/359/209 1016/606/208 1017/608/619
f 1022/613/369 1021/612/620 1031/614/216
f 1031/614/216 1021/612/620 1023/359/209
f 1024/610/213 1026/371/582 1020/611/433
f 1020/611/433 1026/371/582 1025/615/222
f 1026/371/582 1028/616/219 1025/615/222
f 1025/615/222 1028/616/219 1027/617/220
f 1028/616/219 1030/618/217 1027/617/220
f 1027/617/220 1030/618/217 1029/619/458
f 1030/618/217 1022/613/369 1029/619/458
f 1029/619/458 1022/613/369 1031/614/216
f 1032/604/191 1035/602/192 1033/603/621
f 1033/603/621 1035/602/192 1034/601/622
f 1035/602/192 1036/600/427 1034/601/622
f 1034/601/622 1036/600/427 1046/599/346
f 1037/373/205 1032/604/191 1039/605/623
f 1039/605/623 1032/604/191 1033/603/621
f 1038/620/203 1037/373/205 1040/621/204
f 1040/621/204 1037/373/205 1039/605/623
f 1041/597/421 1038/620/203 1042/595/624
f 1042/595/624 1038/620/203 1040/621/204
f 1044/596/451 1041/597/421 1045/594/625
f 1045/594/625 1041/597/421 1042/595/624
f 1043/598/626 1044/596/451 1047/349/348
f 1047/349/348 1044/596/451 1045/594/625
f 1036/600/427 1043/598/626 1046/599/346
f 1046/599/346 1043/598/626 1047/349/348
f 1048/359/205 1051/608/191 1049/612/206
f 1049/612/206 1051/608/191 1050/606/193
f 1051/608/191 1053/609/506 1050/606/193
f 1050/606/193 1053/609/506 1052/607/345
f 1053/609/506 1062/611/195 1052/607/345
f 1052/607/345 1062/611/195 1054/610/346
f 1055/614/203 1048/359/205 1057/613/204
f 1057/613/204 1048/359/205 1049/612/206
f 1056/619/421 1055/614/203 1059/618/202
f 1059/618/202 1055/614/203 1057/613/204
f 1060/617/627 1056/619/421 1058/616/628
f 1058/616/628 1056/619/421 1059/618/202
f 1063/615/347 1060/617/627 1061/371/348
f 1061/371/348 1060/617/627 1058/616/628
f 1062/611/195 1063/615/347 1054/610/346
f 1054/610/346 1063/615/347 1061/371/348
f 899/521/532 898/520/575 782/517/512
f 774/428/200 1064/427/349 829/423/541
f 774/428/200 829/423/541 1065/425/452
f 1067/289/583 940/301/595 1066/296/590
f 945/300/597 940/301/595 1067/289/583
f 1067/289/583 944/299/607 945/300/597
f 376/300/326 459/301/327 1068/289/320
f 1068/289/320 375/299/329 376/300/326
f 1069/298/331 375/299/329 1068/289/320
f 1071/622/629 1070/623/368 1076/624/215
f 1071/622/629 1076/624/215 1077/625/216
f 1075/626/220 1074/627/630 1070/623/368
f 1075/626/220 1070/623/368 1071/622/629
f 1073/482/631 1072/628/582 1074/627/630
f 1073/482/631 1074/627/630 1075/626/220
f 1077/625/216 1076/624/215 1078/473/207
f 1077/625/216 1078/473/207 1079/629/209
f 1079/629/209 1078/473/207 1080/630/363
f 1079/629/209 1080/630/363 1081/631/632
f 1081/631/632 1080/630/363 1082/632/633
f 1081/631/632 1082/632/633 1083/633/634
f 1083/633/634 1082/632/633 1084/634/635
f 1083/633/634 1084/634/635 1085/576/617
f 1085/576/617 1084/634/635 1072/628/582
f 1085/576/617 1072/628/582 1073/482/631
f 1482/635/619 1086/636/208 1087/637/370
f 1482/635/619 1087/637/370 1088/638/436
f 1088/638/436 1087/637/370 1089/639/636
f 1088/638/436 1089/639/636 1090/640/424
f 1090/640/424 1089/639/636 1091/641/637
f 1090/640/424 1091/641/637 1092/494/367
f 1092/494/367 1091/641/637 1093/642/219
f 1092/494/367 1093/642/219 1094/643/220
f 1094/643/220 1093/642/219 1124/644/368
f 1094/643/220 1124/644/368 1095/645/218
f 1097/641/348 1096/494/347 1098/643/349
f 1097/641/348 1098/643/349 1099/642/200
f 1105/639/196 1100/640/638 1096/494/347
f 1105/639/196 1096/494/347 1097/641/348
f 1102/636/193 1101/635/191 1103/638/359
f 1102/636/193 1103/638/359 1104/637/431
f 1104/637/431 1103/638/359 1100/640/638
f 1104/637/431 1100/640/638 1105/639/196
f 1121/630/505 1120/631/354 1106/633/359
f 1121/630/505 1106/633/359 1107/632/360
f 1107/632/360 1106/633/359 1108/576/195
f 1107/632/360 1108/576/195 1109/634/453
f 1109/634/453 1108/576/195 1110/482/347
f 1109/634/453 1110/482/347 1111/628/348
f 1111/628/348 1110/482/347 1112/626/349
f 1111/628/348 1112/626/349 1113/627/200
f 1113/627/200 1112/626/349 1114/622/350
f 1113/627/200 1114/622/350 1115/623/202
f 1115/623/202 1114/622/350 1116/625/356
f 1115/623/202 1116/625/356 1117/624/204
f 1117/624/204 1116/625/356 1118/629/373
f 1117/624/204 1118/629/373 1119/473/355
f 1119/473/355 1118/629/373 1120/631/354
f 1119/473/355 1120/631/354 1121/630/505
f 1099/642/200 1098/643/349 1122/645/350
f 1099/642/200 1122/645/350 1123/644/202
f 1123/644/202 1122/645/350 1473/646/356
f 1123/644/202 1473/646/356 1474/543/357
f 1095/645/218 1124/644/368 1477/543/215
f 1095/645/218 1477/543/215 1125/646/639
f 1556/289/480 1126/290/640 1553/293/641
f 1130/291/642 1126/290/640 1556/289/480
f 1556/289/480 1131/292/643 1130/291/642
f 1127/294/644 1131/292/643 1556/289/480
f 1556/289/480 1133/295/645 1127/294/644
f 1128/308/492 709/310/491 1553/309/641
f 1553/309/641 709/310/491 1554/311/499
f 712/303/493 1128/308/492 1126/302/640
f 1126/302/640 1128/308/492 1553/309/641
f 1129/304/496 712/303/493 1130/305/642
f 1130/305/642 712/303/493 1126/302/640
f 710/308/494 714/303/495 706/309/485
f 706/309/485 714/303/495 1133/302/645
f 713/306/497 1129/304/496 1131/307/643
f 1131/307/643 1129/304/496 1130/305/642
f 1132/304/498 713/306/497 1127/305/644
f 1127/305/644 713/306/497 1131/307/643
f 714/303/495 1132/304/498 1133/302/645
f 1133/302/645 1132/304/498 1127/305/644
f 1134/619/350 1186/614/356 1136/618/202
f 1136/618/202 1186/614/356 1188/613/204
f 1135/617/451 1134/619/350 1138/616/200
f 1138/616/200 1134/619/350 1136/618/202
f 1137/615/347 1135/617/451 1140/371/348
f 1140/371/348 1135/617/451 1138/616/200
f 1139/611/646 1137/615/347 1142/610/453
f 1142/610/453 1137/615/347 1140/371/348
f 1141/609/647 1139/611/646 1145/607/360
f 1145/607/360 1139/611/646 1142/610/453
f 1143/608/354 1141/609/647 1144/606/505
f 1144/606/505 1141/609/647 1145/607/360
f 1181/606/208 1147/607/211 1183/608/619
f 1183/608/619 1147/607/211 1146/609/365
f 1147/607/211 1149/610/423 1146/609/365
f 1146/609/365 1149/610/423 1148/611/433
f 1149/610/423 1152/371/366 1148/611/433
f 1148/611/433 1152/371/366 1153/615/367
f 1150/616/219 1437/618/368 1154/617/220
f 1154/617/220 1437/618/368 1151/619/218
f 1152/371/366 1150/616/219 1153/615/367
f 1153/615/367 1150/616/219 1154/617/220
f 1155/603/208 1157/601/435 1440/604/210
f 1440/604/210 1157/601/435 1156/602/365
f 1157/601/435 1159/599/213 1156/602/365
f 1156/602/365 1159/599/213 1158/600/424
f 1159/599/213 1160/349/460 1158/600/424
f 1158/600/424 1160/349/460 1161/598/222
f 1160/349/460 1163/594/630 1161/598/222
f 1161/598/222 1163/594/630 1162/596/220
f 1163/594/630 1165/595/368 1162/596/220
f 1162/596/220 1165/595/368 1164/597/218
f 1165/595/368 1166/621/369 1164/597/218
f 1164/597/218 1166/621/369 1167/620/571
f 1168/604/354 1171/602/359 1169/603/193
f 1169/603/193 1171/602/359 1170/601/648
f 1171/602/359 1172/600/195 1170/601/648
f 1170/601/648 1172/600/195 1173/599/196
f 1172/600/195 1174/598/347 1173/599/196
f 1173/599/196 1174/598/347 1175/349/348
f 1174/598/347 1177/596/349 1175/349/348
f 1175/349/348 1177/596/349 1176/594/649
f 1187/359/610 1143/608/354 1189/612/355
f 1189/612/355 1143/608/354 1144/606/505
f 1177/596/349 1178/597/350 1176/594/649
f 1176/594/649 1178/597/350 1179/595/202
f 1180/612/207 1181/606/208 1182/359/209
f 1182/359/209 1181/606/208 1183/608/619
f 1184/613/369 1180/612/207 1185/614/571
f 1185/614/571 1180/612/207 1182/359/209
f 1186/614/356 1187/359/610 1188/613/204
f 1188/613/204 1187/359/610 1189/612/355
f 1178/597/350 1434/620/356 1179/595/202
f 1179/595/202 1434/620/356 1190/621/357
f 1003/582/471 988/583/446 987/449/611
f 1193/586/616 1191/585/613 988/583/446
f 1193/586/616 988/583/446 1003/582/471
f 1193/586/616 1192/448/231 1191/585/613
f 991/587/614 1192/448/231 1193/586/616
f 1198/447/650 1194/448/224 1195/272/231
f 1198/447/650 1195/272/231 1196/271/613
f 1210/269/441 1212/450/651 1201/270/446
f 1196/271/613 1201/270/446 1198/447/650
f 1198/447/650 1201/270/446 1212/450/651
f 1198/447/650 1212/450/651 1197/456/652
f 1197/456/652 1212/450/651 1213/452/653
f 1206/458/654 1194/448/224 1197/456/652
f 1197/456/652 1194/448/224 1198/447/650
f 1202/457/238 1206/458/654 1197/456/652
f 1202/457/238 1197/456/652 1199/455/655
f 1200/451/253 1204/453/235 1213/452/653
f 1213/452/653 1204/453/235 1203/454/656
f 1213/452/653 1203/454/656 1197/456/652
f 1197/456/652 1203/454/656 1199/455/655
f 1201/270/446 1196/271/613 1208/450/240
f 1208/450/240 1196/271/613 1205/447/239
f 1202/457/238 1199/455/655 1209/456/249
f 1209/456/249 1199/455/655 1203/454/656
f 1209/456/249 1203/454/656 1207/452/251
f 1207/452/251 1203/454/656 1204/453/235
f 1207/452/251 1204/453/235 1200/451/253
f 1195/272/231 1205/447/239 1196/271/613
f 1195/272/231 1194/448/224 1205/447/239
f 1205/447/239 1194/448/224 1206/458/654
f 1205/447/239 1206/458/654 1209/456/249
f 1209/456/249 1206/458/654 1202/457/238
f 1207/452/251 1208/450/240 1209/456/249
f 1209/456/249 1208/450/240 1205/447/239
f 1208/450/240 1211/449/657 1210/269/441
f 1211/449/657 1208/450/240 1207/452/251
f 1211/449/657 1207/452/251 1200/451/253
f 1208/450/240 1210/269/441 1201/270/446
f 1210/269/441 1211/449/657 1212/450/651
f 1212/450/651 1211/449/657 1200/451/253
f 1212/450/651 1200/451/253 1213/452/653
f 1221/647/658 1218/648/80 1215/649/659
f 1218/648/80 1214/650/660 1215/649/659
f 1214/650/660 1218/648/80 1224/651/661
f 1218/648/80 1226/652/662 1224/651/661
f 1226/652/662 1218/648/80 1216/653/663
f 1218/648/80 1229/654/664 1216/653/663
f 1229/654/664 1218/648/80 1217/655/665
f 1218/648/80 1221/647/658 1219/656/666
f 1218/648/80 1219/656/666 1220/657/667
f 1218/648/80 1220/657/667 1217/655/665
f 1234/658/668 1221/647/658 1215/649/659
f 1234/658/668 1215/649/659 1222/659/669
f 1222/659/669 1215/649/659 1214/650/660
f 1222/659/669 1214/650/660 1223/660/670
f 1223/660/670 1214/650/660 1224/651/661
f 1223/660/670 1224/651/661 1225/661/671
f 1225/661/671 1224/651/661 1226/652/662
f 1225/661/671 1226/652/662 1227/662/672
f 1227/662/672 1226/652/662 1216/653/663
f 1227/662/672 1216/653/663 1228/663/673
f 1228/663/673 1216/653/663 1229/654/664
f 1228/663/673 1229/654/664 1230/664/674
f 1230/664/674 1229/654/664 1217/655/665
f 1230/664/674 1217/655/665 1231/665/675
f 1231/665/675 1217/655/665 1220/657/667
f 1231/665/675 1220/657/667 1232/666/676
f 1232/666/676 1220/657/667 1219/656/666
f 1232/666/676 1219/656/666 1233/667/677
f 1233/667/677 1219/656/666 1221/647/658
f 1233/667/677 1221/647/658 1234/658/668
f 1239/668/7 1235/669/6 1236/670/49
f 1239/668/7 1236/670/49 1351/671/678
f 1336/672/7 1337/673/6 1237/674/6
f 1336/672/7 1237/674/6 1238/675/7
f 1238/675/7 1237/674/6 1235/669/6
f 1238/675/7 1235/669/6 1239/668/7
f 1256/676/7 1240/673/6 1348/677/679
f 1256/676/7 1348/677/679 1251/678/680
f 1253/679/7 1241/669/6 1242/674/6
f 1253/679/7 1242/674/6 1254/680/7
f 1254/680/7 1242/674/6 1240/673/6
f 1254/680/7 1240/673/6 1256/676/7
f 1248/668/1 1243/669/4 1244/670/4
f 1248/668/1 1244/670/4 1245/671/2
f 1246/673/4 1250/672/1 1352/681/681
f 1246/673/4 1352/681/681 1247/677/283
f 1243/669/4 1248/668/1 1255/675/1
f 1243/669/4 1255/675/1 1249/674/4
f 1249/674/4 1255/675/1 1250/672/1
f 1249/674/4 1250/672/1 1246/673/4
f 1250/682/1 1256/676/7 1251/678/680
f 1250/682/1 1251/678/680 1352/683/681
f 1253/679/7 1248/684/1 1245/685/2
f 1253/679/7 1245/685/2 1252/686/682
f 1248/684/1 1253/679/7 1254/680/7
f 1248/684/1 1254/680/7 1255/687/1
f 1255/687/1 1254/680/7 1256/676/7
f 1255/687/1 1256/676/7 1250/682/1
f 1270/659/683 1257/649/684 1271/650/685
f 1270/659/683 1271/650/685 1258/660/686
f 1258/660/686 1271/650/685 1259/651/687
f 1258/660/686 1259/651/687 1260/661/688
f 1260/661/688 1259/651/687 1261/652/689
f 1260/661/688 1261/652/689 1262/662/690
f 1262/662/690 1261/652/689 1263/653/691
f 1262/662/690 1263/653/691 1264/663/692
f 1264/663/692 1263/653/691 1272/654/693
f 1264/663/692 1272/654/693 1265/664/694
f 1265/664/694 1272/654/693 1273/655/695
f 1265/664/694 1273/655/695 1266/665/696
f 1266/665/696 1273/655/695 1277/657/697
f 1266/665/696 1277/657/697 1267/666/698
f 1267/666/698 1277/657/697 1276/656/699
f 1267/666/698 1276/656/699 1268/667/700
f 1268/667/700 1276/656/699 1275/647/701
f 1268/667/700 1275/647/701 1269/658/702
f 1269/658/702 1275/647/701 1257/649/684
f 1269/658/702 1257/649/684 1270/659/683
f 1257/649/684 1274/648/80 1271/650/685
f 1274/648/80 1259/651/687 1271/650/685
f 1259/651/687 1274/648/80 1261/652/689
f 1274/648/80 1263/653/691 1261/652/689
f 1263/653/691 1274/648/80 1272/654/693
f 1274/648/80 1257/649/684 1275/647/701
f 1272/654/693 1274/648/80 1273/655/695
f 1274/648/80 1275/647/701 1276/656/699
f 1274/648/80 1276/656/699 1277/657/697
f 1274/648/80 1277/657/697 1273/655/695
f 1279/688/703 1278/689/704 1299/690/705
f 1279/688/703 1299/690/705 1282/691/706
f 1281/692/707 1280/693/708 1278/689/704
f 1281/692/707 1278/689/704 1279/688/703
f 1301/694/709 1300/695/710 1280/693/708
f 1301/694/709 1280/693/708 1281/692/707
f 1282/691/706 1299/690/705 1297/696/711
f 1282/691/706 1297/696/711 1283/697/712
f 1283/697/712 1297/696/711 1284/698/713
f 1283/697/712 1284/698/713 1285/699/714
f 1285/699/714 1284/698/713 1296/700/715
f 1285/699/714 1296/700/715 1286/701/716
f 1286/701/716 1296/700/715 1287/702/717
f 1286/701/716 1287/702/717 1288/703/718
f 1288/703/718 1287/702/717 1289/704/719
f 1288/703/718 1289/704/719 1290/705/720
f 1290/705/720 1289/704/719 1293/706/721
f 1290/705/720 1293/706/721 1291/707/722
f 1289/704/719 1314/704/723 1292/706/724
f 1289/704/719 1292/706/724 1293/706/721
f 1287/702/717 1295/702/725 1314/704/723
f 1287/702/717 1314/704/723 1289/704/719
f 1296/700/715 1294/700/726 1295/702/725
f 1296/700/715 1295/702/725 1287/702/717
f 1284/698/713 1312/698/727 1294/700/726
f 1284/698/713 1294/700/726 1296/700/715
f 1297/696/711 1311/696/728 1312/698/727
f 1297/696/711 1312/698/727 1284/698/713
f 1299/690/705 1298/690/729 1311/696/728
f 1299/690/705 1311/696/728 1297/696/711
f 1278/689/704 1308/689/730 1298/690/729
f 1278/689/704 1298/690/729 1299/690/705
f 1280/693/708 1307/693/731 1308/689/730
f 1280/693/708 1308/689/730 1278/689/704
f 1300/695/710 1304/695/732 1307/693/731
f 1300/695/710 1307/693/731 1280/693/708
f 1291/707/722 1293/706/721 1300/695/710
f 1291/707/722 1300/695/710 1301/694/709
f 1293/706/721 1292/706/724 1304/695/732
f 1293/706/721 1304/695/732 1300/695/710
f 1315/708/733 1302/709/80 1303/710/734
f 1315/708/733 1303/710/734 1292/706/724
f 1292/706/724 1303/710/734 1304/695/732
f 1302/709/80 1305/711/735 1303/710/734
f 1303/710/734 1305/711/735 1307/693/731
f 1303/710/734 1307/693/731 1304/695/732
f 1305/711/735 1302/709/80 1306/712/736
f 1305/711/735 1306/712/736 1307/693/731
f 1307/693/731 1306/712/736 1308/689/730
f 1306/712/736 1309/713/737 1308/689/730
f 1308/689/730 1309/713/737 1298/690/729
f 1302/709/80 1309/713/737 1306/712/736
f 1298/690/729 1309/713/737 1310/714/738
f 1298/690/729 1310/714/738 1311/696/728
f 1311/696/728 1310/714/738 1316/715/739
f 1311/696/728 1316/715/739 1312/698/727
f 1312/698/727 1316/715/739 1317/716/740
f 1312/698/727 1317/716/740 1294/700/726
f 1294/700/726 1317/716/740 1318/717/741
f 1294/700/726 1318/717/741 1295/702/725
f 1295/702/725 1318/717/741 1313/718/742
f 1295/702/725 1313/718/742 1314/704/723
f 1314/704/723 1313/718/742 1315/708/733
f 1314/704/723 1315/708/733 1292/706/724
f 1313/718/742 1302/709/80 1315/708/733
f 1302/709/80 1310/714/738 1309/713/737
f 1310/714/738 1302/709/80 1316/715/739
f 1302/709/80 1317/716/740 1316/715/739
f 1317/716/740 1302/709/80 1318/717/741
f 1302/709/80 1313/718/742 1318/717/741
f 1320/690/743 1319/691/744 1569/719/745
f 1320/690/743 1569/719/745 1321/720/746
f 1323/720/747 1322/719/748 1324/691/749
f 1323/720/747 1324/691/749 1325/690/750
f 1325/690/750 1324/691/749 1326/719/751
f 1325/690/750 1326/719/751 1327/720/752
f 1327/720/752 1326/719/751 1328/691/753
f 1327/720/752 1328/691/753 1329/690/754
f 1329/690/754 1328/691/753 1330/719/755
f 1329/690/754 1330/719/755 1331/720/756
f 1331/720/756 1330/719/755 1332/691/757
f 1331/720/756 1332/691/757 1333/690/758
f 1333/690/758 1332/691/757 1334/719/759
f 1333/690/758 1334/719/759 1335/720/760
f 1335/720/760 1334/719/759 1319/691/744
f 1335/720/760 1319/691/744 1320/690/743
f 1337/673/6 1336/672/7 1338/681/133
f 1337/673/6 1338/681/133 1339/677/6
f 1341/673/4 1340/721/1 1349/678/761
f 1341/673/4 1349/678/761 1342/677/762
f 1347/722/1 1346/669/4 1343/670/4
f 1347/722/1 1343/670/4 1344/723/763
f 1340/721/1 1341/673/4 1345/674/4
f 1340/721/1 1345/674/4 1350/724/1
f 1350/724/1 1345/674/4 1346/669/4
f 1350/724/1 1346/669/4 1347/722/1
f 1342/725/762 1349/726/761 1251/727/680
f 1342/725/762 1251/727/680 1348/728/679
f 1247/725/283 1352/726/681 1351/727/678
f 1247/725/283 1351/727/678 1236/728/49
f 1340/721/1 1239/729/7 1351/730/678
f 1340/721/1 1351/730/678 1349/678/761
f 1239/729/7 1340/721/1 1350/724/1
f 1239/729/7 1350/724/1 1238/731/7
f 1238/731/7 1350/724/1 1347/722/1
f 1238/731/7 1347/722/1 1336/732/7
f 1336/732/7 1347/722/1 1344/723/763
f 1336/732/7 1344/723/763 1338/733/133
f 1251/734/680 1349/735/761 1351/736/678
f 1251/734/680 1351/736/678 1352/737/681
f 1241/669/6 1253/679/7 1252/686/682
f 1241/669/6 1252/686/682 1353/670/6
f 1367/738/7 1381/739/764 1362/740/765
f 1367/738/7 1362/740/765 1358/678/766
f 1354/741/98 1364/742/98 1363/671/767
f 1354/741/98 1363/671/767 1355/743/415
f 1364/742/98 1354/741/98 1360/744/768
f 1364/742/98 1360/744/768 1356/681/769
f 1359/745/770 1357/746/771 1356/686/769
f 1359/745/770 1356/686/769 1360/747/768
f 1357/746/771 1359/745/770 1376/747/772
f 1357/746/771 1376/747/772 1358/686/766
f 1411/746/770 1359/745/770 1360/747/768
f 1411/746/770 1360/747/768 1361/686/773
f 1359/745/770 1411/746/770 1412/686/774
f 1359/745/770 1412/686/774 1376/747/772
f 1357/748/771 1382/749/775 1366/750/776
f 1357/748/771 1366/750/776 1356/751/769
f 1382/749/775 1357/748/771 1358/751/766
f 1382/749/775 1358/751/766 1362/750/765
f 1364/739/98 1365/738/777 1389/723/682
f 1364/739/98 1389/723/682 1363/733/767
f 1365/738/777 1364/739/98 1356/730/769
f 1365/738/777 1356/730/769 1366/752/776
f 1381/738/764 1367/739/7 1368/733/133
f 1381/738/764 1368/733/133 1369/723/778
f 1367/746/7 1374/745/7 1375/747/779
f 1367/746/7 1375/747/779 1368/686/133
f 1374/745/7 1367/746/7 1358/753/766
f 1374/745/7 1358/753/766 1376/754/772
f 1464/560/402 1463/558/780 1370/559/781
f 1464/560/402 1370/559/781 1453/561/403
f 1469/562/782 1370/559/781 1463/558/780
f 1469/562/782 1463/558/780 1371/563/578
f 1371/563/578 1463/558/780 1454/564/783
f 1371/563/578 1454/564/783 1465/391/578
f 1470/383/392 1469/562/782 1371/563/578
f 1470/383/392 1371/563/578 1372/384/784
f 1556/289/480 706/296/485 1133/295/645
f 1377/746/6 1373/686/6 1374/745/7
f 1374/745/7 1373/686/6 1375/747/779
f 1374/745/7 1376/754/772 1377/746/6
f 1377/746/6 1376/754/772 1412/753/774
f 1381/738/764 1369/723/778 1379/755/785
f 1379/755/785 1369/723/778 1378/747/785
f 1379/755/785 1380/756/786 1381/738/764
f 1381/738/764 1380/756/786 1362/752/765
f 1382/738/775 1362/752/765 1383/755/787
f 1383/755/787 1362/752/765 1380/756/786
f 1383/755/787 1384/756/788 1382/738/775
f 1382/738/775 1384/756/788 1366/752/776
f 1385/742/6 1361/681/773 1354/741/98
f 1354/741/98 1361/681/773 1360/744/768
f 1354/741/98 1355/744/415 1385/742/6
f 1385/742/6 1355/744/415 1386/681/6
f 1365/738/777 1366/752/776 1387/755/789
f 1387/755/789 1366/752/776 1384/756/788
f 1387/755/789 1388/747/789 1365/738/777
f 1365/738/777 1388/747/789 1389/723/682
f 1396/591/381 1402/457/242 1395/593/238
f 1402/457/242 1396/591/381 1393/586/239
f 1402/457/242 1393/586/239 1390/587/614
f 1397/588/790 1408/589/235 1391/453/791
f 1397/588/790 1391/453/791 1398/582/378
f 1398/582/378 1391/453/791 1392/584/792
f 1398/582/378 1392/584/792 1441/449/234
f 1408/589/235 1397/588/790 1404/590/793
f 1393/586/239 1394/585/232 1403/448/231
f 1396/591/381 1395/593/238 1400/592/794
f 1396/591/381 1400/592/794 1397/588/790
f 1397/588/790 1400/592/794 1404/590/793
f 1399/583/795 1394/585/232 1398/582/378
f 1398/582/378 1394/585/232 1393/586/239
f 1397/588/790 1398/582/378 1396/591/381
f 1396/591/381 1398/582/378 1393/586/239
f 1441/449/234 1399/583/795 1398/582/378
f 1441/449/234 1405/582/796 1399/583/795
f 1401/591/448 1400/592/794 1395/593/238
f 1401/591/448 1395/593/238 1402/457/242
f 1401/591/448 1402/457/242 1406/586/797
f 1406/586/797 1402/457/242 1390/587/614
f 1406/586/797 1390/587/614 1403/448/231
f 1406/586/797 1403/448/231 1394/585/232
f 1406/586/797 1394/585/232 1405/582/796
f 1405/582/796 1394/585/232 1399/583/795
f 1404/590/793 1400/592/794 1407/588/444
f 1407/588/444 1400/592/794 1401/591/448
f 1407/588/444 1401/591/448 1405/582/796
f 1405/582/796 1401/591/448 1406/586/797
f 1392/584/792 1391/453/791 1405/582/796
f 1405/582/796 1391/453/791 1407/588/444
f 1408/589/235 1404/590/793 1407/588/444
f 1407/588/444 1391/453/791 1408/589/235
f 1409/757/76 1410/728/76 1411/758/770
f 1411/758/770 1410/728/76 1412/727/774
f 1411/758/770 1361/727/773 1409/757/76
f 1409/757/76 1361/727/773 1413/728/76
f 1414/407/798 1461/408/799 1415/406/418
f 1415/406/418 1461/408/799 1462/395/800
f 1426/759/801 1416/760/802 1427/761/803
f 1427/761/803 1416/760/802 1417/762/804
f 1416/760/802 1422/759/805 1417/762/804
f 1417/762/804 1422/759/805 1418/761/806
f 1419/763/807 1429/764/808 1421/765/809
f 1421/765/809 1429/764/808 1420/766/810
f 1423/767/811 1419/763/807 1424/768/812
f 1424/768/812 1419/763/807 1421/765/809
f 1422/759/805 1423/767/811 1418/761/806
f 1418/761/806 1423/767/811 1424/768/812
f 1425/767/813 1426/759/801 1428/768/814
f 1428/768/814 1426/759/801 1427/761/803
f 1430/763/815 1425/767/813 1431/765/816
f 1431/765/816 1425/767/813 1428/768/814
f 1429/764/808 1430/763/815 1420/766/810
f 1420/766/810 1430/763/815 1431/765/816
f 520/308/262 1432/303/261 350/309/280
f 350/309/280 1432/303/261 1433/302/268
f 1166/621/369 1438/605/207 1167/620/571
f 1167/620/571 1438/605/207 1439/373/209
f 1434/620/356 1436/373/817 1190/621/357
f 1190/621/357 1436/373/817 1435/605/374
f 1436/373/817 1168/604/354 1435/605/374
f 1435/605/374 1168/604/354 1169/603/193
f 1437/618/368 1184/613/369 1151/619/218
f 1151/619/218 1184/613/369 1185/614/571
f 1438/605/207 1155/603/208 1439/373/209
f 1439/373/209 1155/603/208 1440/604/210
f 1441/449/234 1392/584/792 1405/582/796
f 1467/407/818 1442/406/819 1443/395/417
f 1467/407/818 1443/395/417 1444/408/820
f 1451/382/821 1445/381/396 1456/384/398
f 1451/382/821 1456/384/398 1446/383/822
f 1448/381/823 1447/382/824 1470/383/392
f 1448/381/823 1470/383/392 1372/384/784
f 1447/382/824 1448/381/823 1449/385/394
f 1447/382/824 1449/385/394 1450/386/395
f 1450/386/395 1449/385/394 1445/381/396
f 1450/386/395 1445/381/396 1451/382/821
f 1472/387/400 1452/388/401 1464/389/402
f 1472/387/400 1464/389/402 1453/390/403
f 1454/391/783 1463/392/780 1455/393/825
f 1454/391/783 1455/393/825 1460/394/826
f 1457/567/827 1471/566/828 1370/565/781
f 1457/567/827 1370/565/781 1469/563/782
f 1472/561/400 1471/559/828 1455/558/825
f 1472/561/400 1455/558/825 1452/560/401
f 1456/384/398 1459/563/829 1457/562/827
f 1456/384/398 1457/562/827 1446/383/822
f 1459/563/829 1458/391/80 1460/564/826
f 1459/563/829 1460/564/826 1457/562/827
f 1457/562/827 1460/564/826 1455/558/825
f 1457/562/827 1455/558/825 1471/559/828
f 1461/408/799 1460/564/826 1458/391/80
f 1461/408/799 1458/391/80 1462/395/800
f 1452/388/401 1455/393/825 1463/392/780
f 1452/388/401 1463/392/780 1464/389/402
f 1443/395/417 1465/391/578 1454/564/783
f 1443/395/417 1454/564/783 1444/408/820
f 1468/407/830 1466/406/831 1442/406/819
f 1468/407/830 1442/406/819 1467/407/818
f 1466/406/831 1468/407/830 1414/407/798
f 1466/406/831 1414/407/798 1415/406/418
f 1444/395/820 1454/391/783 1460/394/826
f 1444/395/820 1460/394/826 1467/396/818
f 1467/396/818 1460/394/826 1461/397/799
f 1467/396/818 1461/397/799 1468/398/830
f 1468/398/830 1461/397/799 1414/399/798
f 1457/567/827 1469/563/782 1446/568/822
f 1446/568/822 1469/563/782 1470/384/392
f 1446/568/822 1470/384/392 1451/569/821
f 1451/569/821 1470/384/392 1447/570/824
f 1451/569/821 1447/570/824 1450/571/395
f 1453/390/403 1370/565/781 1471/566/828
f 1453/390/403 1471/566/828 1472/387/400
f 1474/543/357 1473/646/356 1475/769/610
f 1474/543/357 1475/769/610 1476/485/355
f 1125/646/639 1477/543/215 1481/485/207
f 1125/646/639 1481/485/207 1478/769/209
f 670/353/458 1479/354/469 1542/356/832
f 670/353/458 1542/356/832 1480/355/216
f 1476/485/355 1475/769/610 1101/635/191
f 1476/485/355 1101/635/191 1102/636/193
f 1478/769/209 1481/485/207 1086/636/208
f 1478/769/209 1086/636/208 1482/635/619
f 615/433/193 1483/434/354 1484/419/344
f 615/433/193 1484/419/344 1485/421/431
f 610/447/239 1486/272/438 611/448/244
f 610/447/239 597/271/439 1486/272/438
f 605/450/240 1488/270/446 597/271/439
f 605/450/240 597/271/439 610/447/239
f 605/450/240 1487/269/441 1488/270/446
f 1490/409/217 1559/379/833 1491/410/458
f 1491/410/458 1559/379/833 1560/380/571
f 1489/417/219 1490/409/217 1493/418/220
f 1493/418/220 1490/409/217 1491/410/458
f 1492/415/366 1489/417/219 1495/416/367
f 1495/416/367 1489/417/219 1493/418/220
f 1494/413/636 1492/415/366 1497/414/424
f 1497/414/424 1492/415/366 1495/416/367
f 1496/411/435 1494/413/636 1500/412/365
f 1500/412/365 1494/413/636 1497/414/424
f 1498/376/208 1496/411/435 1499/378/463
f 1499/378/463 1496/411/435 1500/412/365
f 1566/243/363 1501/244/211 1568/241/210
f 1568/241/210 1501/244/211 1502/242/834
f 1501/244/211 1504/246/213 1502/242/834
f 1502/242/834 1504/246/213 1503/245/433
f 1504/246/213 1506/248/460 1503/245/433
f 1503/245/433 1506/248/460 1505/247/367
f 1506/248/460 1507/250/219 1505/247/367
f 1505/247/367 1507/250/219 1509/249/220
f 1507/250/219 1508/252/368 1509/249/220
f 1509/249/220 1508/252/368 1510/251/458
f 1508/252/368 1511/254/215 1510/251/458
f 1510/251/458 1511/254/215 1512/253/571
f 1513/378/437 1515/412/344 1573/376/193
f 1573/376/193 1515/412/344 1514/411/360
f 1515/412/344 1516/414/195 1514/411/360
f 1514/411/360 1516/414/195 1521/413/196
f 1517/418/451 1562/410/358 1519/417/200
f 1519/417/200 1562/410/358 1518/409/202
f 1520/416/454 1517/418/451 1522/415/348
f 1522/415/348 1517/418/451 1519/417/200
f 1516/414/195 1520/416/454 1521/413/196
f 1521/413/196 1520/416/454 1522/415/348
f 1523/255/373 1525/241/354 1524/256/374
f 1524/256/374 1525/241/354 1526/243/193
f 1525/241/354 1528/242/359 1526/243/193
f 1526/243/193 1528/242/359 1527/244/648
f 1528/242/359 1529/245/361 1527/244/648
f 1527/244/648 1529/245/361 1530/246/453
f 1529/245/361 1532/247/347 1530/246/453
f 1530/246/453 1532/247/347 1531/248/198
f 1532/247/347 1534/249/349 1531/248/198
f 1531/248/198 1534/249/349 1533/250/649
f 1534/249/349 1535/251/350 1533/250/649
f 1533/250/649 1535/251/350 1536/252/202
f 1535/251/350 1538/253/356 1536/252/202
f 1536/252/202 1538/253/356 1537/254/204
f 1538/253/356 1523/255/373 1537/254/204
f 1537/254/204 1523/255/373 1524/256/374
f 1539/373/461 1540/345/464 1541/374/835
f 1541/374/835 1540/345/464 661/343/463
f 1542/356/832 1539/373/461 1480/355/216
f 1480/355/216 1539/373/461 1541/374/835
f 1543/364/457 651/362/215 648/363/458
f 648/363/458 651/362/215 1544/361/216
f 683/497/358 1545/484/356 684/498/452
f 684/498/452 1545/484/356 1546/483/357
f 1547/293/585 1548/297/603 1067/289/583
f 1067/289/583 1548/297/603 943/298/605
f 1067/289/583 943/298/605 944/299/607
f 1552/620/216 1549/621/215 1014/605/207
f 1552/620/216 1014/605/207 1550/373/209
f 1006/597/458 1551/595/217 1549/621/215
f 1006/597/458 1549/621/215 1552/620/216
f 1556/289/480 1553/293/641 1554/297/499
f 1554/297/499 1555/298/481 1556/289/480
f 1393/586/239 1403/448/231 1390/587/614
f 1557/375/207 1498/376/208 1558/377/209
f 1558/377/209 1498/376/208 1499/378/463
f 1559/379/833 1557/375/207 1560/380/571
f 1560/380/571 1557/375/207 1558/377/209
f 1563/380/356 1572/377/373 1564/379/204
f 1564/379/204 1572/377/373 1561/375/355
f 1562/410/358 1563/380/356 1518/409/202
f 1518/409/202 1563/380/356 1564/379/204
f 1511/254/215 1565/256/207 1512/253/571
f 1512/253/571 1565/256/207 1567/255/209
f 1565/256/207 1566/243/363 1567/255/209
f 1567/255/209 1566/243/363 1568/241/210
f 1569/719/745 1571/691/836 1321/720/746
f 1321/720/746 1571/691/836 1570/690/837
f 1571/691/836 1322/719/748 1570/690/837
f 1570/690/837 1322/719/748 1323/720/747
f 1572/377/373 1513/378/437 1561/375/355
f 1561/375/355 1513/378/437 1573/376/193
f 1587/770/838 1619/771/839 1603/772/840
f 1603/772/840 1619/771/839 1574/773/841
f 1594/774/842 1575/775/843 1611/772/844
f 1611/772/844 1575/775/843 1576/773/845
f 1618/776/846 1607/777/847 1577/774/848
f 1577/774/848 1607/777/847 1578/775/849
f 1579/778/850 1592/779/851 1589/780/4
f 1589/780/4 1592/779/851 1580/775/281
f 1581/781/852 1586/782/853 1579/783/850
f 1579/783/850 1586/782/853 1592/784/851
f 1581/778/852 1621/785/854 1585/780/6
f 1585/780/6 1621/785/854 1582/786/855
f 1583/778/856 1582/785/855 1590/780/857
f 1590/780/857 1582/785/855 1621/786/854
f 1584/787/858 1594/788/842 1612/789/859
f 1612/789/859 1594/788/842 1611/790/844
f 1585/780/6 1591/775/415 1581/778/852
f 1581/778/852 1591/775/415 1586/779/853
f 1606/791/860 1587/792/838 1588/793/861
f 1588/793/861 1587/792/838 1603/794/840
f 1589/780/4 1583/786/856 1579/778/850
f 1579/778/850 1583/786/856 1590/785/857
f 1591/779/415 1580/785/281 1586/775/853
f 1586/775/853 1580/785/281 1592/786/851
f 1593/780/4 1575/773/843 1604/778/862
f 1604/778/862 1575/773/843 1594/795/842
f 1617/796/863 1595/797/864 1584/798/858
f 1584/798/858 1595/797/864 1601/799/865
f 1596/780/866 1614/773/867 1620/778/6
f 1620/778/6 1614/773/867 1598/795/868
f 1605/774/869 1606/775/860 1602/772/870
f 1602/772/870 1606/775/860 1588/773/861
f 1607/800/847 1608/801/871 1578/802/849
f 1578/802/849 1608/801/871 1597/803/872
f 1598/774/868 1614/775/867 1609/772/873
f 1609/772/873 1614/775/867 1599/773/874
f 1601/776/865 1595/777/864 1610/774/875
f 1610/774/875 1595/777/864 1600/775/876
f 1614/804/867 1601/805/865 1599/806/874
f 1599/806/874 1601/805/865 1610/807/875
f 1602/774/870 1588/775/861 1574/772/841
f 1574/772/841 1588/775/861 1603/773/840
f 1604/780/862 1606/773/860 1593/778/4
f 1593/778/4 1606/773/860 1605/795/869
f 1606/791/860 1608/801/871 1587/792/838
f 1587/792/838 1608/801/871 1607/800/847
f 1596/808/866 1608/801/871 1604/809/862
f 1604/809/862 1608/801/871 1606/791/860
f 1609/774/873 1599/775/874 1600/772/876
f 1600/772/876 1599/775/874 1610/773/875
f 1611/774/844 1576/775/845 1612/772/859
f 1612/772/859 1576/775/845 1613/773/877
f 1614/804/867 1594/788/842 1601/805/865
f 1601/805/865 1594/788/842 1584/787/858
f 1604/809/862 1594/788/842 1596/808/866
f 1596/808/866 1594/788/842 1614/804/867
f 1597/774/872 1616/775/878 1578/772/849
f 1578/772/849 1616/775/878 1577/773/848
f 1608/774/871 1615/775/879 1597/772/872
f 1597/772/872 1615/775/879 1616/773/878
f 1617/770/863 1584/771/858 1613/772/877
f 1613/772/877 1584/771/858 1612/773/859
f 1618/798/846 1619/799/839 1607/796/847
f 1607/796/847 1619/799/839 1587/797/838
f 1620/780/6 1615/773/879 1596/778/866
f 1596/778/866 1615/773/879 1608/795/871
f 1579/783/850 1590/810/857 1581/781/852
f 1581/781/852 1590/810/857 1621/811/854
f 1622/812/80 1623/813/80 1657/814/80
f 1657/814/80 1623/813/80 1631/815/80
f 1645/816/80 1634/817/80 1622/812/80
f 1622/812/80 1634/817/80 1623/813/80
f 1624/818/80 1628/819/80 1625/820/80
f 1625/820/80 1628/819/80 1626/817/80
f 1649/821/80 1648/822/80 1637/823/80
f 1637/823/80 1648/822/80 1627/754/80
f 1628/819/80 1656/824/80 1635/825/80
f 1635/825/80 1656/824/80 1629/826/80
f 1630/827/80 1646/828/80 1650/829/80
f 1650/829/80 1646/828/80 1651/830/80
f 1643/831/80 1631/832/80 1625/833/80
f 1625/833/80 1631/832/80 1623/834/80
f 1632/835/80 1633/836/80 1645/816/80
f 1645/816/80 1633/836/80 1634/817/80
f 1635/837/80 1653/825/80 1628/834/80
f 1628/834/80 1653/825/80 1626/819/80
f 1636/830/80 1649/821/80 1638/838/80
f 1638/838/80 1649/821/80 1637/823/80
f 1638/838/80 1639/839/80 1636/830/80
f 1636/830/80 1639/839/80 1640/840/80
f 1636/830/80 1640/840/80 1630/841/80
f 1630/841/80 1640/840/80 1641/842/80
f 1630/841/80 1641/842/80 1646/828/80
f 1646/828/80 1641/842/80 1642/843/80
f 1646/828/80 1642/843/80 1645/816/80
f 1645/816/80 1642/843/80 1632/835/80
f 1625/833/80 1626/813/80 1643/831/80
f 1643/831/80 1626/813/80 1655/815/80
f 1625/820/80 1623/813/80 1624/818/80
f 1624/818/80 1623/813/80 1634/834/80
f 1624/844/80 1634/817/80 1644/845/80
f 1644/845/80 1634/817/80 1633/836/80
f 1650/829/80 1649/821/80 1630/827/80
f 1630/827/80 1649/821/80 1636/846/80
f 1622/812/80 1651/846/80 1645/816/80
f 1645/816/80 1651/846/80 1646/828/80
f 1647/847/80 1648/822/80 1650/848/80
f 1650/848/80 1648/822/80 1649/821/80
f 1650/848/80 1651/846/80 1647/847/80
f 1647/847/80 1651/846/80 1652/849/80
f 1653/837/80 1654/747/80 1626/834/80
f 1626/834/80 1654/747/80 1655/832/80
f 1644/845/80 1656/824/80 1624/844/80
f 1624/844/80 1656/824/80 1628/819/80
f 1657/814/80 1652/849/80 1622/812/80
f 1622/812/80 1652/849/80 1651/846/80
f 1815/850/880 1658/851/881 1716/852/882
f 1684/853/883 1668/854/884 1744/855/885
f 1684/853/883 1744/855/885 1659/856/886
f 1694/857/887 1699/858/888 1660/859/889
f 1694/857/887 1660/859/889 1742/860/890
f 1743/861/891 1698/862/892 1659/856/886
f 1743/861/891 1659/856/886 1744/855/885
f 1661/863/893 1719/864/894 1669/865/894
f 1661/863/893 1669/865/894 1662/866/894
f 1753/867/895 1664/868/896 1663/869/897
f 1707/870/898 1706/871/899 1664/872/896
f 1686/873/900 1667/868/880 1665/874/901
f 1666/875/902 1838/876/903 1667/868/880
f 1771/877/894 1748/878/894 1697/879/904
f 1771/877/894 1697/879/904 1801/880/904
f 1744/881/885 1668/882/884 1709/883/905
f 1744/881/885 1709/883/905 1746/884/906
f 1719/885/894 1791/886/907 1792/887/908
f 1719/885/894 1792/887/908 1669/888/894
f 1667/868/880 1771/889/894 1801/890/904
f 1667/868/880 1801/890/904 1665/874/901
f 1677/891/909 1675/892/910 1670/893/787
f 1677/891/909 1670/893/787 1671/894/787
f 1703/895/911 1672/896/912 1673/897/913
f 1703/895/911 1673/897/913 1674/898/913
f 1795/899/910 1675/900/910 1672/896/912
f 1795/899/910 1672/896/912 1703/895/911
f 1772/901/914 1673/902/913 1672/903/912
f 1772/901/914 1672/903/912 1676/904/915
f 1676/904/915 1672/903/912 1675/892/910
f 1676/904/915 1675/892/910 1677/891/909
f 1757/905/916 1756/906/917 1690/907/918
f 1757/905/916 1690/907/918 1678/908/919
f 1755/909/920 1679/910/921 1754/911/922
f 1755/909/920 1754/911/922 1784/912/923
f 1780/910/924 1680/909/925 1681/912/926
f 1780/910/924 1681/912/926 1812/911/927
f 1812/911/927 1681/912/926 1682/913/928
f 1812/911/927 1682/913/928 1683/914/929
f 1693/874/930 1709/883/905 1668/882/884
f 1693/874/930 1668/882/884 1697/890/904
f 1697/879/904 1668/854/884 1684/853/883
f 1697/879/904 1684/853/883 1801/880/904
f 1665/874/901 1685/883/931 1750/915/932
f 1665/874/901 1750/915/932 1686/873/900
f 1713/869/933 1839/916/934 1754/917/922
f 1855/918/935 1708/919/936 1854/875/937
f 1854/875/937 1708/919/936 1747/873/938
f 1750/919/932 1689/918/939 1686/873/900
f 1686/873/900 1689/918/939 1666/875/902
f 1712/920/940 1873/921/941 1687/922/942
f 1687/922/942 1873/921/941 1688/923/943
f 1873/921/941 1874/924/944 1688/923/943
f 1688/923/943 1874/924/944 1808/925/945
f 1689/918/939 1840/926/946 1666/875/902
f 1666/875/902 1840/926/946 1838/876/903
f 1754/911/922 1679/910/921 1713/927/933
f 1713/927/933 1679/910/921 1814/928/947
f 1757/905/916 1678/908/919 1816/929/948
f 1816/929/948 1678/908/919 1813/930/949
f 1678/908/919 1712/920/940 1813/930/949
f 1813/930/949 1712/920/940 1687/922/942
f 1712/920/940 1678/908/919 1711/931/950
f 1711/931/950 1678/908/919 1690/907/918
f 1711/931/950 1690/907/918 1846/932/951
f 1846/932/951 1690/907/918 1843/933/952
f 1874/924/944 1691/934/953 1808/925/945
f 1808/925/945 1691/934/953 1804/935/954
f 1880/936/955 1692/937/956 1805/938/957
f 1805/938/957 1692/937/956 1793/939/958
f 1708/915/936 1709/883/905 1747/873/938
f 1747/873/938 1709/883/905 1693/874/930
f 1694/940/887 1695/941/959 1663/942/897
f 1748/889/894 1696/868/894 1693/874/930
f 1748/889/894 1693/874/930 1697/890/904
f 1698/862/892 1743/861/891 1660/859/889
f 1698/862/892 1660/859/889 1699/858/888
f 1701/943/960 1700/944/961 1702/945/961
f 1701/943/960 1702/945/961 1721/946/962
f 1734/947/961 1702/948/961 1700/949/961
f 1734/947/961 1700/949/961 1735/950/961
f 1704/904/963 1703/903/911 1674/902/913
f 1704/904/963 1674/902/913 1705/901/964
f 1794/891/965 1795/892/910 1703/903/911
f 1794/891/965 1703/903/911 1704/904/963
f 1751/951/966 1750/915/932 1685/883/931
f 1751/951/966 1685/883/931 1752/884/967
f 1689/952/939 1706/871/899 1707/870/898
f 1689/952/939 1707/870/898 1840/953/946
f 1708/915/936 1806/951/968 1746/884/906
f 1708/915/936 1746/884/906 1709/883/905
f 1658/886/881 1661/885/893 1662/888/894
f 1658/886/881 1662/888/894 1710/887/969
f 1696/868/894 1747/873/938 1693/874/930
f 1711/931/950 1819/954/970 1712/920/940
f 1712/920/940 1819/954/970 1873/921/941
f 1719/885/894 1720/955/971 1791/886/907
f 1791/886/907 1720/955/971 1713/869/933
f 1714/946/972 1726/956/973 1715/943/974
f 1717/957/882 1716/852/882 1658/851/881
f 1717/957/882 1658/851/881 1710/958/969
f 1683/914/929 1682/913/928 1772/959/975
f 1683/914/929 1772/959/975 1718/960/929
f 1719/864/894 1661/863/893 1749/961/976
f 1719/864/894 1749/961/976 1720/962/971
f 1661/885/893 1658/886/881 1799/869/977
f 1661/885/893 1799/869/977 1749/955/976
f 1701/943/960 1721/946/962 1724/956/978
f 1715/963/974 1723/964/979 1714/965/972
f 1714/965/972 1723/964/979 1721/966/962
f 1722/945/980 1737/944/980 1714/967/972
f 1714/967/972 1737/944/980 1725/968/981
f 1723/964/979 1724/969/978 1721/966/962
f 1714/965/972 1725/970/981 1726/970/973
f 1727/964/982 1738/963/983 1728/966/984
f 1728/966/984 1738/963/983 1731/965/985
f 1728/966/984 1739/969/986 1727/964/982
f 1732/943/987 1729/944/980 1730/945/980
f 1732/943/987 1730/945/980 1731/946/985
f 1732/943/987 1731/946/985 1733/956/988
f 1734/945/961 1735/944/961 1728/946/984
f 1728/946/984 1735/944/961 1736/943/989
f 1737/949/980 1722/948/980 1729/950/980
f 1729/950/980 1722/948/980 1730/947/980
f 1738/963/983 1733/970/988 1731/965/985
f 1728/946/984 1736/943/989 1739/956/986
f 1740/942/990 1741/941/991 1742/940/890
f 1740/942/990 1742/940/890 1660/971/889
f 1740/942/990 1660/971/889 1745/872/992
f 1745/872/992 1660/971/889 1743/972/891
f 1745/872/992 1743/972/891 1746/884/906
f 1746/884/906 1743/972/891 1744/881/885
f 1663/942/897 1699/971/888 1694/940/887
f 1806/951/968 1745/872/992 1746/884/906
f 1854/875/937 1747/873/938 1696/868/894
f 1664/872/896 1698/972/892 1699/971/888
f 1664/872/896 1699/971/888 1663/942/897
f 1696/868/894 1748/889/894 1749/955/976
f 1696/868/894 1749/955/976 1799/869/977
f 1706/871/899 1689/952/939 1750/973/932
f 1706/871/899 1750/973/932 1751/951/966
f 1664/872/896 1706/871/899 1751/951/966
f 1664/872/896 1751/951/966 1752/884/967
f 1698/972/892 1664/872/896 1752/884/967
f 1698/972/892 1752/884/967 1659/881/886
f 1659/881/886 1752/884/967 1685/883/931
f 1659/881/886 1685/883/931 1684/882/883
f 1839/974/934 1753/975/895 1663/942/897
f 1839/974/934 1663/942/897 1754/976/922
f 1675/900/910 1795/899/910 1797/977/787
f 1675/900/910 1797/977/787 1670/978/787
f 1679/910/921 1755/909/920 1756/906/917
f 1679/910/921 1756/906/917 1757/905/916
f 1658/851/881 1815/850/880 1799/979/977
f 1785/980/993 1786/981/994 1884/982/995
f 1884/982/995 1786/981/994 1758/983/996
f 1759/984/997 1785/980/993 1882/985/998
f 1882/985/998 1785/980/993 1884/982/995
f 1764/986/999 1762/987/1000 1761/988/1001
f 1827/989/1002 1769/990/1003 1760/991/1004
f 1827/989/1002 1760/991/1004 1831/992/1005
f 1833/993/1006 1761/988/1001 1762/987/1000
f 1761/988/1001 1763/994/1007 1764/986/999
f 1764/986/999 1763/994/1007 1829/995/1008
f 1828/996/1009 1762/987/1000 1764/986/999
f 1763/994/1007 1834/997/1010 1765/992/1011
f 1763/994/1007 1765/992/1011 1829/995/1008
f 1829/995/1008 1765/992/1011 1766/989/1012
f 1769/998/1003 1770/999/1013 1767/1000/1014
f 1768/999/1015 1835/1000/1016 1760/998/1004
f 1767/990/1014 1768/991/1015 1769/990/1003
f 1769/990/1003 1768/991/1015 1760/991/1004
f 1769/998/1003 1827/1001/1002 1770/999/1013
f 1770/999/1013 1827/1001/1002 1826/1002/1017
f 1686/873/900 1666/875/902 1667/868/880
f 1771/889/894 1667/868/880 1713/869/933
f 1771/889/894 1713/869/933 1720/955/971
f 1667/868/880 1798/867/1018 1713/869/933
f 1771/877/894 1720/962/971 1748/878/894
f 1748/878/894 1720/962/971 1749/961/976
f 1690/907/918 1756/906/917 1843/933/952
f 1843/933/952 1756/906/917 1844/1003/1019
f 1837/1004/1020 1799/979/977 1815/850/880
f 1822/1005/1021 1772/959/975 1682/913/928
f 1822/1005/1021 1682/913/928 1821/1006/1022
f 1821/1006/1022 1682/913/928 1681/912/926
f 1821/1006/1022 1681/912/926 1823/1007/1023
f 1823/1007/1023 1681/912/926 1680/909/925
f 1823/1007/1023 1680/909/925 1851/1008/1024
f 1851/1008/1024 1680/909/925 1781/906/1025
f 1851/1008/1024 1781/906/1025 1773/1003/1026
f 1773/1003/1026 1781/906/1025 1782/907/1027
f 1773/1003/1026 1782/907/1027 1850/933/1028
f 1850/933/1028 1782/907/1027 1866/931/1029
f 1850/933/1028 1866/931/1029 1853/932/1030
f 1853/932/1030 1866/931/1029 1867/954/1031
f 1853/932/1030 1867/954/1031 1774/1009/1032
f 1774/1009/1032 1867/954/1031 1775/1010/1033
f 1774/1009/1032 1775/1010/1033 1776/1011/1034
f 1776/1011/1034 1775/1010/1033 1777/1012/1035
f 1776/1011/1034 1777/1012/1035 1848/1013/1036
f 1848/1013/1036 1777/1012/1035 1778/1014/1037
f 1848/1013/1036 1778/1014/1037 1849/1015/1038
f 1849/1015/1038 1778/1014/1037 1868/1016/1039
f 1849/1015/1038 1868/1016/1039 1820/1017/1040
f 1820/1017/1040 1868/1016/1039 1869/1018/1041
f 1820/1017/1040 1869/1018/1041 1779/1019/1042
f 1680/909/925 1780/910/924 1810/905/1043
f 1680/909/925 1810/905/1043 1781/906/1025
f 1781/906/1025 1810/905/1043 1790/908/1044
f 1781/906/1025 1790/908/1044 1782/907/1027
f 1844/1003/1019 1756/906/917 1755/909/920
f 1844/1003/1019 1755/909/920 1783/1008/1045
f 1783/1008/1045 1755/909/920 1784/912/923
f 1783/1008/1045 1784/912/923 1759/1007/997
f 1759/1007/997 1784/912/923 1788/913/1046
f 1759/1007/997 1788/913/1046 1785/1006/993
f 1785/1006/993 1788/913/1046 1705/959/964
f 1785/1006/993 1705/959/964 1786/1005/994
f 1788/913/1046 1789/914/1047 1787/960/1047
f 1788/913/1046 1787/960/1047 1705/959/964
f 1789/914/1047 1788/913/1046 1784/912/923
f 1789/914/1047 1784/912/923 1754/911/922
f 1865/920/1048 1866/931/1029 1782/907/1027
f 1865/920/1048 1782/907/1027 1790/908/1044
f 1792/958/908 1791/851/907 1805/852/957
f 1792/958/908 1805/852/957 1793/957/958
f 1795/892/910 1794/891/965 1796/894/787
f 1795/892/910 1796/894/787 1797/893/787
f 1839/916/934 1713/869/933 1798/867/1018
f 1799/869/977 1812/917/927 1800/916/1049
f 1801/890/904 1684/882/883 1685/883/931
f 1801/890/904 1685/883/931 1665/874/901
f 1838/876/903 1840/926/946 1839/916/934
f 1838/876/903 1839/916/934 1798/867/1018
f 1815/850/880 1716/852/882 1802/1020/1050
f 1815/850/880 1802/1020/1050 1803/1021/1051
f 1809/850/1052 1791/851/907 1713/979/933
f 1805/852/957 1791/851/907 1809/850/1052
f 1809/850/1052 1804/1021/954 1817/1020/1053
f 1809/850/1052 1817/1020/1053 1805/852/957
f 1745/872/992 1806/951/968 1807/871/1054
f 1745/872/992 1807/871/1054 1842/870/1055
f 1842/870/1055 1807/871/1054 1855/952/935
f 1842/870/1055 1855/952/935 1841/953/1056
f 1855/952/935 1807/871/1054 1806/951/968
f 1855/952/935 1806/951/968 1708/973/936
f 1804/1021/954 1809/850/1052 1808/1022/945
f 1809/850/1052 1688/1023/943 1808/1022/945
f 1688/1023/943 1809/850/1052 1687/1024/942
f 1810/905/1043 1780/910/924 1811/929/1057
f 1811/929/1057 1780/910/924 1837/928/1020
f 1790/908/1044 1810/905/1043 1818/930/1058
f 1818/930/1058 1810/905/1043 1811/929/1057
f 1780/910/924 1812/911/927 1837/928/1020
f 1837/928/1020 1812/911/927 1799/927/977
f 1809/850/1052 1813/1025/949 1687/1024/942
f 1813/1025/949 1809/850/1052 1816/1026/948
f 1809/850/1052 1814/1004/947 1816/1026/948
f 1814/1004/947 1809/850/1052 1713/979/933
f 1803/1021/1051 1861/1022/1059 1815/850/880
f 1815/850/880 1861/1022/1059 1863/1023/1060
f 1815/850/880 1863/1023/1060 1836/1024/1061
f 1814/928/947 1679/910/921 1757/905/916
f 1814/928/947 1757/905/916 1816/929/948
f 1817/1027/1053 1876/1028/1062 1880/936/955
f 1817/1027/1053 1880/936/955 1805/938/957
f 1804/935/954 1691/934/953 1876/1028/1062
f 1804/935/954 1876/1028/1062 1817/1027/1053
f 1836/922/1061 1865/920/1048 1790/908/1044
f 1836/922/1061 1790/908/1044 1818/930/1058
f 1845/1009/1063 1819/954/970 1711/931/950
f 1845/1009/1063 1711/931/950 1846/932/951
f 1821/980/1022 1820/982/1040 1779/983/1042
f 1821/980/1022 1779/983/1042 1822/981/1021
f 1823/984/1023 1849/985/1038 1820/982/1040
f 1823/984/1023 1820/982/1040 1821/980/1022
f 1829/995/1008 1766/989/1012 1824/1029/1064
f 1829/995/1008 1824/1029/1064 1825/1030/1065
f 1825/1030/1065 1824/1029/1064 1826/1031/1017
f 1825/1030/1065 1826/1031/1017 1827/1032/1002
f 1828/996/1009 1764/986/999 1829/995/1008
f 1828/996/1009 1829/995/1008 1825/1030/1065
f 1831/1001/1005 1830/1033/1066 1825/1030/1065
f 1831/1001/1005 1825/1030/1065 1827/1032/1002
f 1830/1033/1066 1831/1001/1005 1832/1002/1067
f 1833/993/1006 1762/987/1000 1828/996/1009
f 1761/988/1001 1833/993/1006 1830/1033/1066
f 1761/988/1001 1830/1033/1066 1763/994/1007
f 1763/994/1007 1830/1033/1066 1832/1002/1067
f 1763/994/1007 1832/1002/1067 1834/997/1010
f 1833/993/1006 1828/996/1009 1825/1030/1065
f 1833/993/1006 1825/1030/1065 1830/1033/1066
f 1832/1002/1067 1831/1001/1005 1760/998/1004
f 1832/1002/1067 1760/998/1004 1835/1000/1016
f 1815/850/880 1836/1024/1061 1818/1025/1058
f 1818/1025/1058 1811/1026/1057 1815/850/880
f 1837/1004/1020 1815/850/880 1811/1026/1057
f 1753/975/895 1707/870/898 1664/872/896
f 1798/867/1018 1667/868/880 1838/876/903
f 1839/974/934 1840/953/946 1753/975/895
f 1753/975/895 1840/953/946 1707/870/898
f 1864/975/1068 1842/870/1055 1800/974/1049
f 1800/974/1049 1842/870/1055 1841/953/1056
f 1745/872/992 1842/870/1055 1864/975/1068
f 1847/1034/913 1844/1035/1019 1783/1036/1045
f 1847/1034/913 1783/1036/1045 1759/984/997
f 1847/1034/913 1846/1037/951 1843/1038/952
f 1847/1034/913 1843/1038/952 1844/1035/1019
f 1847/1034/913 1845/1039/1063 1846/1037/951
f 1847/1034/913 1882/985/998 1879/1040/1069
f 1759/984/997 1882/985/998 1847/1034/913
f 1774/1039/1032 1776/1041/1034 1852/1034/913
f 1852/1034/913 1776/1041/1034 1848/1040/1036
f 1852/1034/913 1848/1040/1036 1849/985/1038
f 1852/1034/913 1773/1035/1026 1850/1038/1028
f 1852/1034/913 1850/1038/1028 1853/1037/1030
f 1773/1035/1026 1852/1034/913 1851/1036/1024
f 1852/1034/913 1853/1037/1030 1774/1039/1032
f 1799/869/977 1800/916/1049 1871/867/1070
f 1799/869/977 1871/867/1070 1696/868/894
f 1696/868/894 1871/867/1070 1872/876/1071
f 1696/868/894 1872/876/1071 1854/875/937
f 1854/875/937 1872/876/1071 1841/926/1056
f 1854/875/937 1841/926/1056 1855/918/935
f 1717/939/882 1856/937/1072 1857/936/1073
f 1717/939/882 1857/936/1073 1716/938/882
f 1716/938/882 1857/936/1073 1858/1028/1074
f 1716/938/882 1858/1028/1074 1802/1027/1050
f 1802/1027/1050 1858/1028/1074 1859/934/1075
f 1802/1027/1050 1859/934/1075 1803/935/1051
f 1803/935/1051 1859/934/1075 1860/924/1076
f 1803/935/1051 1860/924/1076 1861/925/1059
f 1861/925/1059 1860/924/1076 1862/921/1077
f 1861/925/1059 1862/921/1077 1863/923/1060
f 1863/923/1060 1862/921/1077 1865/920/1048
f 1863/923/1060 1865/920/1048 1836/922/1061
f 1745/872/992 1864/975/1068 1740/942/990
f 1800/974/1049 1812/976/927 1864/975/1068
f 1864/975/1068 1812/976/927 1740/942/990
f 1847/1034/913 1870/1041/1078 1845/1039/1063
f 1849/985/1038 1823/984/1023 1852/1034/913
f 1852/1034/913 1823/984/1023 1851/1036/1024
f 1866/931/1029 1865/920/1048 1862/921/1077
f 1866/931/1029 1862/921/1077 1867/954/1031
f 1867/954/1031 1862/921/1077 1860/924/1076
f 1867/954/1031 1860/924/1076 1775/1010/1033
f 1775/1010/1033 1860/924/1076 1859/934/1075
f 1775/1010/1033 1859/934/1075 1777/1012/1035
f 1777/1012/1035 1859/934/1075 1858/1028/1074
f 1777/1012/1035 1858/1028/1074 1778/1014/1037
f 1778/1014/1037 1858/1028/1074 1857/936/1073
f 1778/1014/1037 1857/936/1073 1868/1016/1039
f 1868/1016/1039 1857/936/1073 1856/937/1072
f 1868/1016/1039 1856/937/1072 1869/1018/1041
f 1847/1034/913 1879/1040/1069 1870/1041/1078
f 1800/916/1049 1841/926/1056 1871/867/1070
f 1871/867/1070 1841/926/1056 1872/876/1071
f 1875/1010/1079 1819/954/970 1870/1011/1078
f 1870/1011/1078 1819/954/970 1845/1009/1063
f 1874/924/944 1873/921/941 1875/1010/1079
f 1875/1010/1079 1873/921/941 1819/954/970
f 1691/934/953 1874/924/944 1878/1012/1080
f 1878/1012/1080 1874/924/944 1875/1010/1079
f 1878/1012/1080 1875/1010/1079 1879/1013/1069
f 1879/1013/1069 1875/1010/1079 1870/1011/1078
f 1878/1012/1080 1877/1014/1081 1691/934/953
f 1691/934/953 1877/1014/1081 1876/1028/1062
f 1877/1014/1081 1878/1012/1080 1882/1015/998
f 1882/1015/998 1878/1012/1080 1879/1013/1069
f 1877/1014/1081 1881/1016/1082 1876/1028/1062
f 1876/1028/1062 1881/1016/1082 1880/936/955
f 1881/1016/1082 1877/1014/1081 1884/1017/995
f 1884/1017/995 1877/1014/1081 1882/1015/998
f 1883/1018/1083 1881/1016/1082 1758/1019/996
f 1758/1019/996 1881/1016/1082 1884/1017/995
f 1881/1016/1082 1883/1018/1083 1880/936/955
f 1880/936/955 1883/1018/1083 1692/937/956
f 1887/1042/1084 1948/1043/1085 1885/1044/1086
f 1885/1044/1086 1948/1043/1085 1889/1045/1087
f 1886/1046/1088 1947/1047/1089 1887/1042/1084
f 1887/1042/1084 1947/1047/1089 1948/1043/1085
f 1890/1048/1090 1886/1049/1088 1891/1050/1091
f 1891/1050/1091 1886/1049/1088 1887/1051/1084
f 1891/1050/1091 1887/1051/1084 1888/1052/1092
f 1888/1052/1092 1887/1051/1084 1885/1053/1086
f 1891/1054/1091 1888/1055/1092 1948/1056/1085
f 1948/1056/1085 1888/1055/1092 1889/1057/1087
f 1949/1058/1093 1890/1059/1090 1891/1060/1091
f 1926/1061/1094 1892/1062/1095 2009/1063/1096
f 1926/1061/1094 2009/1063/1096 1964/1064/1097
f 1980/1065/1098 1892/1062/1095 1926/1066/1094
f 1980/1065/1098 1926/1066/1094 1925/1067/1099
f 1916/1050/1100 1962/1052/1101 1979/1053/1102
f 1916/1050/1100 1979/1053/1102 1917/1051/1103
f 1923/1068/1104 1893/1069/1105 1944/1070/1106
f 1923/1068/1104 1944/1070/1106 1894/1071/1107
f 1894/1071/1107 1944/1070/1106 1895/1069/1108
f 1894/1071/1107 1895/1069/1108 1896/1068/2
f 1896/941/2 1895/1072/1108 1921/1073/1109
f 1896/941/2 1921/1073/1109 1922/1074/133
f 1899/1075/1110 1898/1076/1111 1914/1077/1112
f 1899/1075/1110 1914/1077/1112 1908/1078/1113
f 1909/1079/1114 1897/1080/1115 1898/1081/1111
f 1909/1079/1114 1898/1081/1111 1899/1082/1110
f 1895/1072/1108 1900/1083/1116 1901/1084/1117
f 1895/1072/1108 1901/1084/1117 1921/1073/1109
f 1902/1074/1118 1950/1073/1119 1959/1072/1120
f 1902/1074/1118 1959/1072/1120 1906/941/1121
f 1904/941/2 1958/1072/1 1950/1073/1119
f 1904/941/2 1950/1073/1119 1902/1074/1118
f 1907/1071/1122 1903/1070/1123 1958/1069/1
f 1907/1071/1122 1958/1069/1 1904/1068/2
f 1911/1085/1124 1913/1076/1125 1905/1077/1114
f 1911/1085/1124 1905/1077/1114 1912/1086/48
f 1906/941/1121 1959/1072/1120 1903/1073/1123
f 1906/941/1121 1903/1073/1123 1907/1074/1122
f 1899/1087/1110 1908/1088/1113 2002/1089/1126
f 1899/1087/1110 2002/1089/1126 1909/1090/1114
f 1910/1091/775 2027/1085/1127 1911/1086/1124
f 1910/1091/775 1911/1086/1124 1912/860/48
f 1898/1092/1111 1913/1093/1125 2026/1094/1128
f 1898/1092/1111 2026/1094/1128 1914/1095/1112
f 1921/1073/1109 1901/1084/1117 1915/1083/1129
f 1921/1073/1109 1915/1083/1129 1893/1072/1105
f 2027/1085/1127 2026/1076/1128 1913/1077/1125
f 2027/1085/1127 1913/1077/1125 1911/1086/1124
f 1963/1048/1130 1916/1050/1100 1917/1051/1103
f 1963/1048/1130 1917/1051/1103 1918/1049/1131
f 1964/1096/1097 1919/1097/1132 1920/1098/1133
f 1964/1096/1097 1920/1098/1133 2003/1099/1134
f 2009/1100/1096 2006/1101/1135 1919/1102/1132
f 2009/1100/1096 1919/1102/1132 1964/1103/1097
f 1922/1074/133 1921/1073/1109 1893/1072/1105
f 1922/1074/133 1893/1072/1105 1923/941/1104
f 1924/1104/1136 1980/1065/1098 1925/1067/1099
f 1924/1104/1136 1925/1067/1099 1982/1105/1137
f 1925/1106/1099 1926/1107/1094 1981/1108/1138
f 1925/1106/1099 1981/1108/1138 1982/1109/1137
f 1928/1110/1139 1927/1111/1140 1932/1112/1141
f 1928/1110/1139 1932/1112/1141 1930/1113/1142
f 1929/1114/1143 1928/1115/1139 1930/1116/1142
f 1929/1114/1143 1930/1116/1142 1931/1117/1144
f 1927/1118/1140 1929/1114/1143 1931/1117/1144
f 1927/1118/1140 1931/1117/1144 1932/1119/1141
f 1933/1120/1145 1946/1121/1146 1934/1057/1147
f 1933/1120/1145 1934/1057/1147 1935/1122/1148
f 1936/1123/1149 2007/1124/1150 1946/1125/1146
f 1936/1123/1149 1946/1125/1146 1937/1126/1151
f 1938/1127/1152 1936/1123/1149 1937/1126/1151
f 1938/1127/1152 1937/1126/1151 2010/1128/1153
f 2010/1128/1153 1937/1126/1151 1945/1129/1154
f 2010/1128/1153 1945/1129/1154 2012/1130/1155
f 2007/1124/1150 1939/1131/1156 1934/1132/1147
f 2007/1124/1150 1934/1132/1147 1946/1125/1146
f 1954/1133/1157 1952/1134/1158 1953/1135/1159
f 1954/1133/1157 1953/1135/1159 1940/1136/1160
f 1950/1073/1119 1941/1084/1161 1942/1083/1162
f 1950/1073/1119 1942/1083/1162 1959/1072/1120
f 2006/1137/1135 2004/1138/1163 1920/1139/1133
f 2006/1137/1135 1920/1139/1133 1919/1140/1132
f 1944/1070/1106 1943/1141/281 1900/1142/1116
f 1944/1070/1106 1900/1142/1116 1895/1069/1108
f 1945/1143/1154 1946/1121/1146 1933/1120/1145
f 1945/1129/1154 1937/1126/1151 1946/1144/1146
f 1893/1069/1105 1915/1142/1129 1943/1141/281
f 1893/1069/1105 1943/1141/281 1944/1070/1106
f 1949/1145/1093 1948/1054/1085 1947/1146/1089
f 1949/1145/1093 1891/1056/1091 1948/1054/1085
f 1947/1147/1089 1886/1148/1088 1890/1149/1090
f 1947/1147/1089 1890/1149/1090 1949/1150/1093
f 1958/1072/1 1957/1083/856 1941/1084/1161
f 1958/1072/1 1941/1084/1161 1950/1073/1119
f 1897/1151/1115 1905/1152/1114 1913/1093/1125
f 1897/1151/1115 1913/1093/1125 1898/1092/1111
f 1952/1134/1158 1951/1153/1164 1955/1154/1165
f 1952/1134/1158 1955/1154/1165 1953/1135/1159
f 1951/1153/1164 1954/1140/1157 1940/1139/1160
f 1951/1153/1164 1940/1139/1160 1955/1154/1165
f 1903/1070/1123 1956/1141/1166 1957/1142/856
f 1903/1070/1123 1957/1142/856 1958/1069/1
f 1959/1072/1120 1942/1083/1162 1956/1084/1166
f 1959/1072/1120 1956/1084/1166 1903/1073/1123
f 1916/1155/1100 1960/1156/1167 1961/1157/1168
f 1916/1155/1100 1961/1157/1168 1962/1158/1101
f 1991/1159/1169 1960/1156/1167 1916/1155/1100
f 1991/1159/1169 1916/1155/1100 1963/1160/1130
f 1991/1148/1169 1963/1149/1130 1918/1150/1131
f 1991/1148/1169 1918/1150/1131 1992/1147/1170
f 1981/1108/1138 1926/1107/1094 1964/1096/1097
f 1981/1108/1138 1964/1096/1097 2003/1099/1134
f 1965/1161/1171 1966/1162/1172 1989/1163/1171
f 1989/1163/1171 1966/1162/1172 1967/1164/1173
f 1966/1165/1172 1985/1166/1174 1967/1167/1173
f 1967/1167/1173 1985/1166/1174 1968/1168/1175
f 1969/1169/1176 2041/1170/1177 1976/1171/1178
f 1976/1171/1178 2041/1170/1177 2042/1172/1179
f 1970/1110/1180 1973/1113/1181 1971/1111/1182
f 1971/1111/1182 1973/1113/1181 1974/1112/1183
f 1972/1114/1184 1975/1117/1185 1970/1115/1180
f 1970/1115/1180 1975/1117/1185 1973/1116/1181
f 1971/1118/1182 1974/1119/1183 1972/1114/1184
f 1972/1114/1184 1974/1119/1183 1975/1117/1185
f 1976/1173/1178 2042/1174/1179 1977/1175/1186
f 1977/1175/1186 2042/1174/1179 2039/1176/1187
f 2037/1144/1188 1978/1126/1189 1977/1129/1186
f 1977/1129/1186 1978/1126/1189 1969/1128/1176
f 1977/1129/1186 1969/1128/1176 1976/1130/1178
f 1977/1177/1186 2036/1178/1190 2037/1179/1188
f 1979/1044/1102 1961/1045/1168 1917/1042/1103
f 1917/1042/1103 1961/1045/1168 1960/1043/1167
f 1917/1042/1103 1960/1043/1167 1918/1046/1131
f 1918/1046/1131 1960/1043/1167 1992/1047/1170
f 2008/1180/1191 1892/1181/1095 1924/1104/1136
f 1924/1104/1136 1892/1181/1095 1980/1065/1098
f 1981/1182/1138 2008/1183/1191 1982/1105/1137
f 1982/1105/1137 2008/1183/1191 1924/1104/1136
f 2026/1094/1128 2025/1184/1126 1914/1095/1112
f 1914/1095/1112 2025/1184/1126 1983/1185/1192
f 1984/1072/1193 2033/1073/7 1995/941/2
f 1995/941/2 2033/1073/7 2028/1074/1194
f 1987/1163/1195 1968/1164/1175 1986/1161/1195
f 1986/1161/1195 1968/1164/1175 1985/1162/1174
f 1986/1161/1195 2015/1186/1196 1987/1163/1195
f 1987/1163/1195 2015/1186/1196 1988/1187/1197
f 1989/1163/1171 2014/1187/1198 1965/1161/1171
f 1965/1161/1171 2014/1187/1198 1990/1186/1199
f 1991/1159/1169 1992/1188/1170 1960/1156/1167
f 1994/941/1122 1993/1072/1200 1984/1073/1193
f 1994/941/1122 1984/1073/1193 1995/1074/2
f 2029/941/1121 2031/1072/1201 1993/1073/1200
f 2029/941/1121 1993/1073/1200 1994/1074/1122
f 2001/1068/1202 2020/1069/98 2024/1070/1203
f 2001/1068/1202 2024/1070/1203 1996/1071/1122
f 1996/941/1122 2024/1072/1203 1997/1073/1204
f 1996/941/1122 1997/1073/1204 1998/1074/1205
f 1998/941/1205 1997/1072/1204 1999/1073/1206
f 1998/941/1205 1999/1073/1206 2000/1074/133
f 2000/1068/133 1999/1069/1206 2020/1070/98
f 2000/1068/133 2020/1070/98 2001/1071/1202
f 1908/1079/1113 1914/1080/1112 1983/1081/1192
f 1908/1079/1113 1983/1081/1192 2002/1082/1126
f 2005/1103/1207 2003/1100/1134 1920/1101/1133
f 2005/1103/1207 1920/1101/1133 2004/1102/1163
f 2009/1103/1096 2005/1100/1207 2004/1101/1163
f 2009/1103/1096 2004/1101/1163 2006/1102/1135
f 2011/1189/1208 1933/1190/1145 2007/1124/1150
f 2011/1189/1208 2007/1124/1150 1936/1123/1149
f 1933/1190/1145 1935/1191/1148 1939/1131/1156
f 1933/1190/1145 1939/1131/1156 2007/1124/1150
f 1945/1192/1154 1933/1193/1145 2011/1194/1208
f 2008/1182/1191 2005/1195/1207 1892/1183/1095
f 1892/1183/1095 2005/1195/1207 2009/1196/1096
f 2010/1169/1153 2012/1170/1155 1938/1171/1152
f 1938/1171/1152 2012/1170/1155 2013/1172/1209
f 1945/1194/1154 2011/1192/1208 2012/1197/1155
f 2012/1197/1155 2011/1192/1208 2013/1198/1209
f 2011/1189/1208 1936/1123/1149 2013/1199/1209
f 2013/1199/1209 1936/1123/1149 1938/1127/1152
f 2014/1200/1198 1988/1187/1197 1990/1201/1199
f 1990/1201/1199 1988/1187/1197 2015/1186/1196
f 2017/1124/1210 2037/1125/1188 2018/1131/1211
f 2018/1131/1211 2037/1125/1188 2016/1132/1212
f 2036/1190/1190 2017/1124/1210 2038/1191/1213
f 2038/1191/1213 2017/1124/1210 2018/1131/1211
f 2022/1142/1214 2019/1141/1215 1999/1069/1206
f 1999/1069/1206 2019/1141/1215 2020/1070/98
f 2021/1083/1216 2022/1084/1214 1997/1072/1204
f 1997/1072/1204 2022/1084/1214 1999/1073/1206
f 2023/1083/1217 2021/1084/1216 2024/1072/1203
f 2024/1072/1203 2021/1084/1216 1997/1073/1204
f 2019/1142/1215 2023/1141/1217 2020/1069/98
f 2020/1069/98 2023/1141/1217 2024/1070/1203
f 2025/1076/1126 2026/1077/1128 1910/1085/775
f 1910/1085/775 2026/1077/1128 2027/1086/1127
f 2033/1069/7 2031/1070/1201 2028/1068/1194
f 2028/1068/1194 2031/1070/1201 2029/1071/1121
f 2030/1142/779 2035/1141/1218 2033/1069/7
f 2033/1069/7 2035/1141/1218 2031/1070/1201
f 2032/1083/1219 2030/1084/779 1984/1072/1193
f 1984/1072/1193 2030/1084/779 2033/1073/7
f 2034/1083/1220 2032/1084/1219 1993/1072/1200
f 1993/1072/1200 2032/1084/1219 1984/1073/1193
f 2035/1083/1218 2034/1084/1220 2031/1072/1201
f 2031/1072/1201 2034/1084/1220 1993/1073/1200
f 1981/1182/1138 2003/1195/1134 2008/1183/1191
f 2008/1183/1191 2003/1195/1134 2005/1196/1207
f 1977/1177/1186 2039/1202/1187 2036/1178/1190
f 2037/1179/1188 2036/1178/1190 2038/1203/1213
f 2037/1179/1188 2038/1203/1213 2016/1204/1212
f 2036/1190/1190 2039/1189/1187 2040/1123/1221
f 2036/1190/1190 2040/1123/1221 2017/1124/1210
f 2017/1124/1210 2040/1123/1221 1978/1126/1189
f 2017/1124/1210 1978/1126/1189 2037/1125/1188
f 1969/1128/1176 1978/1126/1189 2040/1123/1221
f 1969/1128/1176 2040/1123/1221 2041/1127/1177
f 2041/1127/1177 2040/1123/1221 2039/1189/1187
f 2041/1127/1177 2039/1189/1187 2042/1199/1179
f 2077/1205/1222 2090/1206/1223 2043/1207/1224
f 2043/1207/1224 2090/1206/1223 2105/1208/1225
f 2056/1209/1226 2077/1205/1222 2045/1210/1227
f 2045/1210/1227 2077/1205/1222 2043/1207/1224
f 2044/1211/1228 2045/1210/1227 2106/1212/787
f 2105/1213/1225 2090/1214/1223 2091/1215/1229
f 2105/1213/1225 2091/1215/1229 2107/1216/1230
f 2107/1216/1230 2091/1215/1229 2046/1217/1231
f 2107/1216/1230 2046/1217/1231 2116/1218/1232
f 2116/1218/1232 2046/1217/1231 2094/1219/1233
f 2116/1218/1232 2094/1219/1233 2067/1220/1234
f 2067/1220/1234 2094/1219/1233 2047/1221/1235
f 2067/1220/1234 2047/1221/1235 2066/1222/1236
f 2066/1222/1236 2047/1221/1235 2144/1223/1237
f 2066/1222/1236 2144/1223/1237 2048/1224/1238
f 2048/1224/1238 2144/1223/1237 2145/1225/1239
f 2048/1224/1238 2145/1225/1239 2062/1226/1240
f 2062/1226/1240 2145/1225/1239 2070/1227/1241
f 2062/1226/1240 2070/1227/1241 2163/1228/1242
f 2163/1228/1242 2070/1227/1241 2049/1229/1243
f 2163/1228/1242 2049/1229/1243 2133/1230/1244
f 2133/1230/1244 2049/1229/1243 2050/1231/1245
f 2133/1230/1244 2050/1231/1245 2051/1232/1246
f 2051/1232/1246 2050/1231/1245 2073/1233/1247
f 2051/1232/1246 2073/1233/1247 2052/1234/1248
f 2106/1212/787 2053/1235/1249 2044/1211/1228
f 2054/1236/1250 2103/1237/1251 2063/1205/1252
f 2063/1205/1252 2103/1237/1251 2055/1206/1253
f 2075/1238/1254 2056/1209/1226 2044/1211/1228
f 2044/1211/1228 2056/1209/1226 2045/1210/1227
f 182/211/98 12/1239/12 2146/1240/1106
f 2146/1240/1106 12/1239/12 2088/1241/1255
f 2146/107/1106 2088/20/1255 2147/106/1
f 2147/106/1 2088/20/1255 2057/21/1256
f 2060/239/1257 2061/115/1258 2058/240/1259
f 2058/240/1259 2061/115/1258 2126/139/1260
f 2126/139/1260 2125/140/1261 2058/240/1259
f 2058/240/1259 2125/140/1261 2059/114/1262
f 2058/240/1259 2059/114/1262 2060/239/1257
f 2060/239/1257 2059/114/1262 2061/115/1258
f 2048/1224/1238 2062/1226/1240 2106/1212/787
f 2077/1205/1222 2063/1205/1252 2055/1206/1253
f 2077/1205/1222 2055/1206/1253 2090/1206/1223
f 2106/1212/787 2043/1207/1224 2105/1208/1225
f 2064/1242/1263 2075/1238/1254 2053/1235/1249
f 2053/1235/1249 2075/1238/1254 2044/1211/1228
f 20/34/24 2120/1243/1264 21/35/25
f 21/35/25 2120/1243/1264 2165/1244/1265
f 2082/1245/1266 2065/1246/1267 2171/1247/1268
f 2171/1247/1268 2065/1246/1267 2102/1248/1269
f 2066/1222/1236 2048/1224/1238 2106/1212/787
f 2106/1212/787 2067/1220/1234 2066/1222/1236
f 2068/1225/1270 2069/1227/1271 2145/1225/1239
f 2145/1225/1239 2069/1227/1271 2070/1227/1241
f 2069/1227/1271 2138/1229/1272 2070/1227/1241
f 2070/1227/1241 2138/1229/1272 2049/1229/1243
f 2138/1229/1272 2071/1231/1273 2049/1229/1243
f 2049/1229/1243 2071/1231/1273 2050/1231/1245
f 2071/1231/1273 2072/1233/1274 2050/1231/1245
f 2050/1231/1245 2072/1233/1274 2073/1233/1247
f 2072/1233/1274 2074/1249/1275 2073/1233/1247
f 2073/1233/1247 2074/1249/1275 2109/1249/1276
f 2074/1249/1275 2142/1242/1277 2109/1249/1276
f 2109/1249/1276 2142/1242/1277 2064/1242/1263
f 2142/1242/1277 2081/1238/1278 2064/1242/1263
f 2064/1242/1263 2081/1238/1278 2075/1238/1254
f 2081/1238/1278 2076/1209/1279 2075/1238/1254
f 2075/1238/1254 2076/1209/1279 2056/1209/1226
f 2076/1209/1279 2063/1205/1252 2056/1209/1226
f 2056/1209/1226 2063/1205/1252 2077/1205/1222
f 2045/1210/1227 2043/1207/1224 2106/1212/787
f 2076/1209/1279 2079/1250/1280 2054/1236/1250
f 2076/1209/1279 2054/1236/1250 2063/1205/1252
f 2081/1238/1278 2078/1251/1281 2079/1250/1280
f 2081/1238/1278 2079/1250/1280 2076/1209/1279
f 2142/1242/1277 2080/1252/1282 2078/1251/1281
f 2142/1242/1277 2078/1251/1281 2081/1238/1278
f 179/119/106 180/178/149 2065/1246/1267
f 179/119/106 2065/1246/1267 2129/1253/1283
f 2129/1253/1283 2065/1246/1267 2082/1245/1266
f 2129/1253/1283 2082/1245/1266 2086/1254/1284
f 2084/1255/39 2083/1256/1285 2158/1257/28
f 2084/1255/39 2158/1257/28 2085/1258/30
f 2168/1259/1286 2086/1254/1284 2082/1245/1266
f 2168/1259/1286 2082/1245/1266 2171/1247/1268
f 2165/1244/1265 2120/1243/1264 2123/1260/1287
f 2165/1244/1265 2123/1260/1287 2166/1261/1288
f 2166/1261/1288 2123/1260/1287 2122/1262/1289
f 2166/1261/1288 2122/1262/1289 2087/1263/1290
f 2087/1263/1290 2122/1262/1289 2086/1254/1284
f 2087/1263/1290 2086/1254/1284 2168/1259/1286
f 2089/1241/1291 2088/1241/1255 12/1239/12
f 2089/1241/1291 12/1239/12 11/1264/8
f 2090/1214/1223 2055/1214/1253 2104/1215/1292
f 2090/1214/1223 2104/1215/1292 2091/1215/1229
f 2091/1215/1229 2104/1215/1292 2092/1217/1293
f 2091/1215/1229 2092/1217/1293 2046/1217/1231
f 2046/1217/1231 2092/1217/1293 2093/1219/1294
f 2046/1217/1231 2093/1219/1294 2094/1219/1233
f 2094/1219/1233 2093/1219/1294 2095/1221/1295
f 2094/1219/1233 2095/1221/1295 2047/1221/1235
f 2047/1221/1235 2095/1221/1295 2143/1223/1296
f 2047/1221/1235 2143/1223/1296 2144/1223/1237
f 2097/1265/11 2096/1239/9 2098/1241/1297
f 2097/1265/11 2098/1241/1297 2099/1266/1298
f 2099/19/1298 2098/17/1297 2089/16/1291
f 2099/19/1298 2089/16/1291 2100/18/281
f 2100/1266/281 2089/1241/1291 11/1264/8
f 2100/1266/281 11/1264/8 2101/1267/10
f 2102/1248/1269 2065/1246/1267 180/178/149
f 2102/1248/1269 180/178/149 2169/179/150
f 2055/1214/1253 2103/1268/1251 2110/1269/1299
f 2055/1214/1253 2110/1269/1299 2104/1215/1292
f 2106/1212/787 2105/1213/1225 2107/1216/1230
f 2106/1212/787 2107/1216/1230 2116/1218/1232
f 2108/1270/1300 2057/1271/1256 242/209/13
f 2108/1270/1300 242/209/13 243/117/104
f 2111/1272/1301 2109/1249/1276 2064/1242/1263
f 2111/1272/1301 2064/1242/1263 2053/1235/1249
f 2104/1215/1292 2110/1269/1299 2112/1273/1302
f 2104/1215/1292 2112/1273/1302 2092/1217/1293
f 2052/1234/1248 2073/1233/1247 2109/1249/1276
f 2052/1234/1248 2109/1249/1276 2111/1272/1301
f 2092/1217/1293 2112/1273/1302 2113/1274/1303
f 2092/1217/1293 2113/1274/1303 2093/1219/1294
f 2093/1219/1294 2113/1274/1303 2114/1275/1304
f 2093/1219/1294 2114/1275/1304 2095/1221/1295
f 2095/1221/1295 2114/1275/1304 2115/1276/1305
f 2095/1221/1295 2115/1276/1305 2143/1223/1296
f 2143/1223/1296 2115/1276/1305 2135/1277/1306
f 2143/1223/1296 2135/1277/1306 2068/1225/1270
f 2106/1212/787 2116/1218/1232 2067/1220/1234
f 2117/1278/1307 2156/1279/1308 2158/1257/28
f 2158/1257/28 2156/1279/1308 2118/1280/29
f 2158/1257/28 2118/1280/29 2085/1258/30
f 2085/1258/30 2118/1280/29 2155/1281/31
f 2085/1258/30 2155/1281/31 2160/1282/32
f 2160/1282/32 2155/1281/31 2119/1283/33
f 2120/1243/1264 20/34/24 2121/1284/1309
f 2121/1284/1309 20/34/24 104/180/107
f 2086/1254/1284 2122/1262/1289 2129/1253/1283
f 2129/1253/1283 2122/1262/1289 2121/1284/1309
f 2122/1262/1289 2123/1260/1287 2121/1284/1309
f 2121/1284/1309 2123/1260/1287 2120/1243/1264
f 2126/139/1260 2124/141/1310 2125/140/1261
f 2124/141/1310 2126/139/1260 2061/115/1258
f 2124/141/1310 2061/115/1258 2127/116/1311
f 2061/115/1258 2059/114/1262 2127/116/1311
f 2108/1270/1300 243/117/104 2129/1253/1283
f 2129/1253/1283 243/117/104 179/119/106
f 2128/1285/1312 2108/1270/1300 2121/1286/1309
f 2121/1286/1309 2108/1270/1300 2129/1253/1283
f 103/210/105 2128/1287/1312 104/180/107
f 104/180/107 2128/1287/1312 2121/1284/1309
f 2057/21/1256 2088/20/1255 2098/17/1297
f 2098/17/1297 2088/20/1255 2089/16/1291
f 105/121/109 2131/122/1313 2130/123/100
f 2130/123/100 2131/122/1313 2153/124/1314
f 2131/121/1313 2151/122/1315 2153/123/1314
f 2153/123/1314 2151/122/1315 2148/124/1316
f 2151/1288/1315 106/1289/108 2148/1288/1316
f 2148/1288/1316 106/1289/108 2132/1290/99
f 2133/1230/1244 2051/1232/1246 2106/1212/787
f 2106/1212/787 2051/1232/1246 2052/1234/1248
f 2106/1212/787 2052/1234/1248 2111/1272/1301
f 2134/1291/857 2131/1292/1313 105/123/109
f 2134/1291/857 105/123/109 2149/1293/110
f 2150/126/282 2151/108/1315 2131/109/1313
f 2150/126/282 2131/109/1313 2134/125/857
f 103/210/105 2130/212/100 2153/1294/1314
f 103/210/105 2153/1294/1314 2128/1287/1312
f 2128/1287/1312 2153/1294/1314 2157/1295/1317
f 2128/1287/1312 2157/1295/1317 2083/1256/1285
f 2084/1255/39 2108/1270/1300 2128/1287/1312
f 2084/1255/39 2128/1287/1312 2083/1256/1285
f 2068/1225/1270 2135/1277/1306 2136/1296/1318
f 2068/1225/1270 2136/1296/1318 2069/1227/1271
f 2069/1227/1271 2136/1296/1318 2137/1297/1319
f 2069/1227/1271 2137/1297/1319 2138/1229/1272
f 2138/1229/1272 2137/1297/1319 2139/1298/1320
f 2138/1229/1272 2139/1298/1320 2071/1231/1273
f 2071/1231/1273 2139/1298/1320 2140/1299/1321
f 2071/1231/1273 2140/1299/1321 2072/1233/1274
f 2072/1233/1274 2140/1299/1321 2141/1300/1322
f 2072/1233/1274 2141/1300/1322 2074/1249/1275
f 2074/1249/1275 2141/1300/1322 2080/1252/1282
f 2074/1249/1275 2080/1252/1282 2142/1242/1277
f 2144/1223/1237 2143/1223/1296 2068/1225/1270
f 2144/1223/1237 2068/1225/1270 2145/1225/1239
f 182/1301/98 2146/1302/1106 2148/1303/1316
f 182/1301/98 2148/1303/1316 2132/1304/99
f 2146/107/1106 2147/106/1 2153/109/1314
f 2146/107/1106 2153/109/1314 2148/108/1316
f 2096/1239/9 242/209/13 2057/1271/1256
f 2096/1239/9 2057/1271/1256 2098/1241/1297
f 2134/1301/857 2149/1305/110 107/1306/111
f 2134/1301/857 107/1306/111 2150/1307/282
f 107/1308/111 106/1289/108 2151/1288/1315
f 107/1308/111 2151/1288/1315 2150/1309/282
f 2108/1270/1300 2084/1255/39 2159/1310/1323
f 2108/1270/1300 2159/1310/1323 2057/1271/1256
f 2057/1271/1256 2159/1310/1323 2154/1311/1324
f 2057/1271/1256 2154/1311/1324 2147/1240/1
f 2147/1240/1 2154/1311/1324 2161/1312/41
f 2147/1240/1 2161/1312/41 2153/1294/1314
f 2153/1294/1314 2161/1312/41 2152/1313/40
f 2153/1294/1314 2152/1313/40 2162/1314/1325
f 2106/1212/787 2111/1272/1301 2053/1235/1249
f 2153/1294/1314 2162/1314/1325 2157/1295/1317
f 2161/1312/41 2154/1311/1324 2119/1283/33
f 2161/1312/41 2119/1283/33 2155/1281/31
f 2118/1314/29 2156/1315/1308 2162/1316/1325
f 2118/1314/29 2162/1316/1325 2152/1317/40
f 2085/1258/30 2160/1282/32 2159/1310/1323
f 2085/1258/30 2159/1310/1323 2084/1255/39
f 2083/1256/1285 2157/1295/1317 2117/1278/1307
f 2083/1256/1285 2117/1278/1307 2158/1257/28
f 2154/1311/1324 2159/1310/1323 2160/1282/32
f 2154/1311/1324 2160/1282/32 2119/1283/33
f 2155/1281/31 2118/1314/29 2152/1317/40
f 2155/1281/31 2152/1317/40 2161/1312/41
f 2157/1295/1317 2162/1314/1325 2156/1279/1308
f 2157/1295/1317 2156/1279/1308 2117/1278/1307
f 2106/1212/787 2163/1228/1242 2133/1230/1244
f 2062/1226/1240 2163/1228/1242 2106/1212/787
f 2172/1259/146 2170/1318/1326 2164/1247/148
f 2165/35/1265 2166/33/1288 2167/1319/1327
f 2167/1319/1327 2166/33/1288 2087/32/1290
f 2167/1319/1327 2087/32/1290 2178/1320/1328
f 2178/1320/1328 2087/32/1290 2168/175/1286
f 2178/1320/1328 2168/175/1286 2171/177/1268
f 2165/35/1265 2167/1319/1327 2173/1321/1329
f 2165/35/1265 2173/1321/1329 21/1244/25
f 21/1244/25 2173/1321/1329 18/1261/23
f 2169/1248/150 2164/1247/148 2170/1318/1326
f 2169/1248/150 2170/1318/1326 2178/1320/1328
f 2169/1248/150 2178/1320/1328 2102/179/1269
f 2102/179/1269 2178/1320/1328 2171/177/1268
f 2172/1259/146 17/1263/22 2170/1318/1326
f 2170/1318/1326 17/1263/22 2173/1321/1329
f 2170/1318/1326 2173/1321/1329 2174/1322/1330
f 2174/1322/1330 2173/1321/1329 2175/1323/1331
f 2174/1322/1330 2175/1323/1331 2179/1324/80
f 2179/1324/80 2175/1323/1331 2176/1325/1332
f 2179/1324/80 2176/1325/1332 2177/1326/1333
f 2177/1326/1333 2176/1325/1332 2167/1319/1327
f 2177/1326/1333 2167/1319/1327 2178/1320/1328
f 2177/1326/1333 2174/1322/1330 2179/1324/80
f 2167/1319/1327 2176/1325/1332 2173/1321/1329
f 2173/1321/1329 2176/1325/1332 2175/1323/1331
f 2170/1318/1326 2174/1322/1330 2178/1320/1328
f 2178/1320/1328 2174/1322/1330 2177/1326/1333
f 17/1263/22 18/1261/23 2173/1321/1329
