# Blender 5.1.1
# www.blender.org
mtllib Room2.mtl
o Room2
v 5.208838 4.914696 6.094276
v 4.779032 1.331895 6.096674
v 12.056999 5.796455 6.166437
v 5.164112 1.339132 14.949417
v 18.984207 7.196982 24.618092
v 19.221485 6.888806 24.851498
v 18.983837 7.126041 24.850962
v 18.983444 7.012956 25.091349
v 18.745865 7.433330 25.090654
v 4.874185 1.333616 8.204478
v 7.644094 5.381711 5.928710
v 7.643981 5.798721 6.160202
v 5.361002 5.526042 6.325820
v 5.036369 1.334521 9.385007
v 6.811295 0.192423 23.950533
v 6.810153 0.193099 24.754122
v 7.044201 2.359531 7.654475
v 5.966552 2.360084 7.652956
v 6.143841 0.178941 7.507799
v 5.968221 2.359092 6.475482
v 6.145089 0.178204 6.624837
v 6.866332 0.177826 6.625847
v 7.045861 2.358538 6.477010
v 6.865076 0.178572 7.508809
v 20.011658 2.352874 7.672741
v 19.832533 0.171916 7.527075
v 19.111290 0.172293 7.526057
v 18.934010 2.353427 7.671222
v 18.935671 2.352444 6.493775
v 19.112537 0.171547 6.643095
v 20.013317 2.351890 6.495294
v 19.833780 0.171178 6.644113
v 13.883203 5.795506 6.168852
v 12.057131 5.796446 6.166270
v 12.970277 5.378971 5.936069
v 12.057237 5.379445 5.934778
v 7.644217 5.381711 5.928543
v 7.644104 5.798721 6.160035
v 5.208970 4.914696 6.094109
v 20.807697 1.323649 6.119164
v 21.107002 1.323631 6.288208
v 18.746233 7.480550 24.850328
v 18.746576 7.496165 24.617502
v 18.274179 7.270241 22.318567
v 5.338547 5.758659 22.301714
v 5.186285 5.594340 22.301636
v 4.989553 1.345394 22.304920
v 4.900837 1.343866 20.428976
v 5.104271 1.339861 15.792404
v 5.071945 1.341222 17.394176
v 4.958148 1.338385 13.937449
v 5.348936 5.752476 14.945967
v 7.635076 6.159325 12.588271
v 5.203226 5.584267 10.309033
v 5.130239 1.335250 10.312503
v 5.032593 1.336506 11.745584
v 12.957753 6.057375 14.956469
v 19.163692 0.186697 24.771027
v 19.983221 2.367322 24.904381
v 19.820097 0.186363 24.771959
v 19.984734 2.366417 23.832766
v 19.821230 0.185687 23.968367
v 19.164825 0.186021 23.967445
v 19.003958 2.366918 23.831377
v 19.002438 2.367822 24.902994
v 6.973269 2.374049 24.886528
v 5.992494 2.374558 24.885139
v 6.153748 0.193433 24.753193
v 5.994013 2.373653 23.813515
v 6.974788 2.373153 23.814903
v 6.154881 0.192756 23.949600
v 14.504507 7.897816 24.844130
v 14.504138 7.845325 25.084490
v 15.379135 7.839609 25.085728
v 20.344616 5.631276 10.330242
v 20.713430 1.326459 9.407006
v 20.722204 1.325458 8.226732
v 19.221855 6.972919 24.618608
v 4.924865 1.341793 17.984119
v 4.839285 1.343181 19.585823
v 9.917790 6.374035 12.591317
v 8.849249 6.389113 14.950382
v 5.352273 5.750500 12.585390
v 5.355487 5.748585 10.309114
v 5.200012 5.586181 12.585320
v 4.918595 1.337270 12.588482
v 14.479486 6.061064 14.958611
v 18.296106 5.793241 6.175254
v 18.296211 5.376230 5.943762
v 13.883194 5.378505 5.937527
v 13.883088 5.795506 6.169019
v 12.970154 5.378971 5.936236
v 12.970075 5.850780 6.167684
v 12.057113 5.379445 5.934946
v 6.515291 7.032145 24.600782
v 20.174765 4.093912 25.224878
v 5.665428 4.101385 25.204372
v 12.920703 5.265079 25.213648
v 16.366865 5.390301 25.126072
v 5.667993 9.083693 25.233555
v 9.293377 5.266950 25.208517
v 9.293473 5.330461 25.162308
v 9.474935 5.393849 25.116333
v 5.345397 5.590133 17.390997
v 7.628199 5.992390 17.393887
v 12.954381 6.220106 17.401220
v 12.951263 6.184407 19.593216
v 12.920580 5.107750 25.247141
v 20.175274 5.104018 25.257387
v 16.547932 5.105889 25.252268
v 20.173975 3.907884 25.713636
v 20.176302 7.090132 25.255730
v 20.176689 9.076614 25.709270
v 20.025105 4.008832 25.055283
v 5.665279 3.914962 25.237909
v 5.664638 3.915349 25.693121
v 5.663865 2.420505 25.694378
v 20.173843 2.412663 25.259672
v 20.173212 2.413040 25.714884
v 12.488218 7.919972 24.841265
v 12.944739 7.919735 24.841908
v 12.487841 7.846406 25.081644
v 13.401610 7.950920 24.609730
v 12.945089 7.951157 24.609087
v 13.883316 5.378505 5.937360
v 20.350149 5.434024 6.346906
v 20.578348 4.696026 6.116003
v 18.296343 5.376230 5.943595
v 20.740112 1.327223 10.334423
v 20.029510 4.006206 21.936262
v 5.669837 3.912257 22.016926
v 5.664515 2.420127 25.239166
v 12.946636 4.081870 6.434181
v 12.947241 5.249305 6.433197
v 20.201891 5.245573 6.443455
v 5.669933 4.098706 22.016768
v 5.692564 5.253038 6.422949
v 12.945774 2.400586 6.435595
v 5.691089 2.404319 6.425338
v 5.669064 2.417423 22.018171
v 5.666025 5.268812 25.203390
v 6.033347 5.393023 22.016186
v 5.667351 9.084079 25.688766
v 13.857402 7.850208 25.083578
v 12.944369 7.846169 25.082285
v 13.400881 7.845932 25.082926
v 7.808765 7.670591 24.834864
v 7.808387 7.597025 25.075233
v 6.514518 6.821783 25.074057
v 5.335280 6.374115 24.832458
v 5.334850 6.195165 25.072916
v 4.824022 1.347801 25.076271
v 5.182518 5.879095 25.072968
v 12.920904 5.392075 25.121199
v 5.670530 5.266132 22.015783
v 20.179174 3.904792 22.037430
v 20.200426 2.396854 6.445844
v 6.028974 5.395623 25.111460
v 12.925278 5.389474 22.025936
v 19.817209 5.385927 22.035675
v 20.179867 5.258677 22.036289
v 19.812826 5.388527 25.130947
v 20.175362 5.261347 25.223894
v 5.810312 4.016139 25.035189
v 5.836316 4.000681 6.629254
v 5.814721 4.013521 21.916168
v 5.691862 3.899162 6.424081
v 9.294659 9.082209 25.693893
v 12.921985 9.080347 25.699024
v 12.922626 9.079961 25.243813
v 16.549335 9.078476 25.704144
v 12.919965 3.911230 25.248167
v 5.691958 4.085602 6.423932
v 12.943711 3.997019 6.639300
v 20.051105 3.993366 6.649346
v 20.201296 4.078138 6.444429
v 20.179270 4.091241 22.037273
v 12.967299 6.088727 8.211917
v 16.010740 6.029871 8.216272
v 18.287035 5.821870 12.603604
v 20.562408 5.021670 17.412970
v 20.778936 1.333643 18.006523
v 20.818586 1.333125 17.416439
v 20.780069 1.331799 15.814551
v 20.714151 1.331123 14.971398
v 20.813467 1.330227 13.959851
v 20.334385 5.443317 17.412294
v 16.004515 5.973587 12.600250
v 17.142618 6.251448 14.962212
v 15.997910 6.333928 17.405426
v 18.280149 5.640366 17.409229
v 5.196674 5.588157 14.945895
v 5.193153 5.451107 17.390900
v 20.199257 3.891697 6.444587
v 12.946539 3.895430 6.434339
v 20.174616 3.907497 25.258415
v 20.178402 2.409958 22.038677
v 5.666324 7.097983 25.690435
v 5.665305 5.111870 25.692093
v 20.175661 7.090518 25.710939
v 20.174633 5.104405 25.712601
v 16.548037 5.263217 25.218775
v 16.548134 5.326728 25.172565
v 11.436134 6.273499 14.954133
v 9.910957 6.299037 17.396845
v 8.842679 6.360151 19.587261
v 7.621893 7.217216 22.303717
v 11.429653 6.410664 19.590879
v 9.923797 6.010576 8.207685
v 12.961196 6.267492 12.595710
v 11.442650 6.195226 10.317342
v 20.813580 1.330227 13.959711
v 20.569557 5.439163 12.607012
v 20.566227 5.441147 14.967587
v 20.714273 1.331123 14.971249
v 20.780191 1.331799 15.814404
v 20.818718 1.333125 17.416288
v 11.426246 7.251403 22.309055
v 10.738576 7.946977 24.605970
v 10.737856 7.841989 25.079168
v 11.460670 7.838941 25.080196
v 10.738224 7.915564 24.838789
v 7.809116 7.702013 24.602047
v 7.314456 7.517848 24.601501
v 20.779058 1.333643 18.006374
v 20.694111 1.335031 19.608084
v 20.697098 1.335734 20.451159
v 20.738073 1.337288 22.327032
v 20.766291 1.339203 24.625528
v 20.552406 5.733991 24.854351
v 20.579710 1.339695 25.098366
v 20.551968 5.555041 25.094791
v 18.270437 7.617988 25.089828
v 18.270798 7.659948 24.849504
v 18.271141 7.680823 24.616667
v 20.327675 5.641350 22.322834
v 14.473199 6.329343 19.595104
v 13.857533 7.850208 25.083401
v 20.341402 5.633182 12.606520
v 20.807573 1.323649 6.119331
v 4.509348 1.332106 6.180603
v 17.136181 6.464998 19.598898
v 14.469705 7.243043 22.313370
v 13.858130 7.955196 24.610371
v 13.857788 7.923775 24.843197
v 13.401267 7.919498 24.842556
v 9.904504 7.234859 22.306923
v 5.342385 5.756375 19.582827
v 5.190132 5.592056 19.582750
v 5.206203 5.582492 8.201379
v 5.358464 5.746810 8.201448
v 8.855764 6.321668 10.313582
v 7.641206 6.021070 8.204453
v 5.208583 5.336519 6.431151
v 4.285795 1.332571 6.601820
v 4.315619 1.332343 6.348944
v 20.878962 1.328348 11.767827
v 20.930906 1.329033 12.610972
v 14.473077 6.329343 19.595245
v 12.947979 7.257428 22.311199
v 6.914843 7.242710 24.601158
v 6.914096 7.085030 25.074409
v 5.182949 6.058044 24.832510
v 5.183344 6.194849 24.599606
v 5.058860 1.347282 24.603495
v 6.514923 6.948040 24.833635
v 5.335684 6.510920 24.599550
v 6.914483 7.184942 24.834003
v 7.313736 7.412859 25.074697
v 7.314105 7.486425 24.834311
v 20.696964 1.335734 20.451300
v 20.559528 5.445038 19.604589
v 20.693979 1.335031 19.608232
v 4.779164 1.331895 6.096507
v 4.880991 1.332975 7.445728
v 4.820176 1.332685 7.066261
v 4.683028 1.332580 6.855301
v 4.484354 1.332615 6.770714
v 20.817122 1.324966 7.700089
v 20.988270 1.324439 7.173418
v 20.722055 1.325458 8.226872
v 21.235262 1.324009 6.815466
v 21.254004 1.323702 6.457190
v 20.578207 4.696026 6.116178
v 21.106871 1.323631 6.288366
v 20.350018 5.434024 6.347073
v 20.575607 5.435482 8.223220
v 20.337944 5.635167 14.967244
v 20.577890 5.012457 6.453132
v 20.713308 1.326459 9.407156
v 20.572630 5.437248 10.330875
v 20.739988 1.327223 10.334563
v 20.878822 1.328348 11.767977
v 20.347469 5.629501 8.222728
v 20.566078 5.441147 14.967736
v 20.930775 1.329033 12.611113
v 20.569416 5.439163 12.607152
v 20.341270 5.633182 12.606669
v 18.293333 6.011332 8.219504
v 20.344492 5.631276 10.330392
v 17.149160 6.228307 10.325377
v 4.683160 1.332580 6.855152
v 4.484487 1.332615 6.770564
v 4.285926 1.332571 6.601670
v 4.315750 1.332343 6.348776
v 4.509471 1.332106 6.180436
v 5.208706 5.336519 6.430975
v 5.355610 5.748585 10.308973
v 5.196806 5.588157 14.945746
v 5.338670 5.758659 22.301567
v 5.183475 6.194849 24.599430
v 5.335807 6.510920 24.599386
v 5.335403 6.374115 24.832308
v 5.182641 5.879095 25.072802
v 5.059000 1.347282 24.603329
v 4.824180 1.347801 25.076094
v 5.183072 6.058044 24.832359
v 5.186409 5.594340 22.301487
v 4.900987 1.343857 20.428837
v 4.989684 1.345394 22.304781
v 5.190255 5.592056 19.582598
v 4.839434 1.343190 19.585672
v 4.924988 1.341793 17.983971
v 5.193276 5.451107 17.390751
v 5.072076 1.341222 17.394035
v 5.104394 1.339861 15.792255
v 5.164243 1.339132 14.949268
v 4.958298 1.338385 13.937299
v 4.918727 1.337270 12.588342
v 5.200143 5.586172 12.585171
v 5.032716 1.336506 11.745434
v 5.130371 1.335250 10.312363
v 5.036492 1.334521 9.384850
v 5.203358 5.584267 10.308893
v 4.874316 1.333616 8.204329
v 5.206335 5.582492 8.201229
v 4.881123 1.332975 7.445579
v 4.820299 1.332685 7.066112
v 20.578041 5.012457 6.452965
v 20.988394 1.324439 7.173268
v 20.817268 1.324966 7.699947
v 17.149292 6.228307 10.325228
v 21.235394 1.324009 6.815317
v 21.254126 1.323702 6.457023
v 20.572779 5.437248 10.330726
v 20.575748 5.435474 8.223070
v 20.347593 5.629501 8.222587
v 20.327543 5.641350 22.322983
v 20.331392 5.639066 19.604105
v 14.469827 7.243043 22.313217
v 11.436257 6.273499 14.953983
v 8.855886 6.321668 10.313433
v 7.641328 6.021070 8.204303
v 5.358596 5.746810 8.201308
v 11.429775 6.410664 19.590731
v 12.488692 7.951394 24.608271
v 12.487972 7.846406 25.081469
v 13.858253 7.955196 24.610205
v 14.486082 6.139934 10.321689
v 12.964384 6.208776 10.319475
v 13.857910 7.923775 24.843048
v 13.401012 7.845932 25.082762
v 12.488570 7.951385 24.608438
v 18.274048 7.270241 22.318716
v 18.271009 7.680823 24.616844
v 18.745752 7.433330 25.090822
v 12.488350 7.919972 24.841116
v 12.944870 7.919735 24.841757
v 12.945213 7.951157 24.608923
v 12.948102 7.257428 22.311060
v 13.401391 7.919498 24.842407
v 13.401733 7.950920 24.609564
v 15.379258 7.839609 25.085552
v 14.504270 7.845325 25.084314
v 14.504630 7.897816 24.843979
v 14.504972 7.929228 24.611143
v 17.167610 7.791062 24.847836
v 15.379618 7.871013 24.845234
v 15.379960 7.902435 24.612400
v 17.167953 7.822475 24.614990
v 12.031453 7.851148 25.080820
v 11.461171 7.912508 24.839666
v 11.460793 7.838941 25.080021
v 10.737979 7.841989 25.079000
v 7.808896 7.670591 24.834713
v 7.808510 7.597025 25.075066
v 7.313859 7.412859 25.074522
v 6.914632 7.184942 24.833862
v 6.914245 7.085030 25.074232
v 6.514641 6.821783 25.073889
v 5.334973 6.195165 25.072748
v 6.515054 6.948040 24.833492
v 6.515423 7.032145 24.600615
v 7.314236 7.486434 24.834169
v 10.738357 7.915555 24.838650
v 12.031831 7.924714 24.840467
v 12.032182 7.956136 24.607622
v 7.635208 6.159325 12.588121
v 11.426368 7.251403 22.308907
v 12.951395 6.184407 19.593077
v 5.361134 5.526042 6.325654
v 12.970198 5.850780 6.167517
v 17.167252 7.759649 25.088152
v 12.944493 7.846169 25.082117
v 15.991552 7.228667 22.315378
v 20.555689 5.447322 22.323467
v 20.737942 1.337288 22.327181
v 5.352396 5.750500 12.585242
v 5.349059 5.752476 14.945825
v 8.849380 6.389113 14.950233
v 9.911090 6.299037 17.396706
v 11.461522 7.943929 24.606833
v 7.628331 5.992390 17.393736
v 5.345520 5.590133 17.390848
v 5.342508 5.756375 19.582678
v 8.842812 6.360151 19.587112
v 9.904626 7.234859 22.306774
v 6.915001 7.242710 24.600990
v 7.622016 7.217216 22.303568
v 7.809239 7.702013 24.601879
v 10.738699 7.946977 24.605804
v 7.314579 7.517848 24.601336
v 19.221083 6.762548 25.091894
v 17.167831 7.822484 24.615166
v 17.167128 7.759649 25.088320
v 20.324366 6.155638 24.853666
v 20.324760 6.292443 24.620741
v 20.552801 5.870795 24.621418
v 20.555830 5.447322 22.323326
v 20.331512 5.639066 19.603958
v 20.559679 5.445038 19.604439
v 20.562557 5.021670 17.412828
v 14.504858 7.929237 24.611311
v 15.379828 7.902435 24.612566
v 15.991428 7.228667 22.315527
v 12.031707 7.924714 24.840616
v 11.461400 7.943929 24.606998
v 11.461048 7.912508 24.839815
v 12.031329 7.851148 25.080986
v 12.032049 7.956136 24.607798
v 15.379486 7.871013 24.845394
v 17.167479 7.791062 24.847984
v 18.270666 7.659948 24.849653
v 18.270306 7.617988 25.089996
v 20.323925 5.976688 25.094116
v 20.338064 5.635167 14.967104
v 20.334518 5.443317 17.412144
v 18.280273 5.640366 17.409079
v 17.136303 6.464998 19.598749
v 19.221704 6.972919 24.618784
v 12.954513 6.220106 17.401070
v 12.961329 6.267492 12.595560
v 14.486214 6.139934 10.321540
v 18.287159 5.821861 12.603455
v 9.917913 6.374035 12.591168
v 16.004637 5.973587 12.600109
v 12.957876 6.057375 14.956320
v 14.479618 6.061064 14.958463
v 12.921607 7.093864 25.245481
v 16.549976 9.078090 25.248940
v 20.177330 9.076228 25.254061
v 18.296230 5.793241 6.175087
v 20.551826 5.555041 25.094959
v 5.666965 7.097597 25.235224
v 9.295319 9.081831 25.238682
v 9.293272 5.109622 25.242020
v 20.579559 1.339695 25.098541
v 5.665946 5.111483 25.236893
v 9.294291 7.095735 25.240343
v 16.548950 7.092002 25.250601
v 9.923921 6.010576 8.207535
v 15.998033 6.333928 17.405277
v 16.010862 6.029871 8.216124
v 12.967431 6.088727 8.211767
v 18.983688 7.126041 24.851101
v 18.984056 7.196982 24.618256
v 18.746445 7.496165 24.617668
v 19.220932 6.762548 25.092070
v 20.324234 6.155638 24.853815
v 20.323803 5.976688 25.094282
v 18.983294 7.012956 25.091515
v 20.766142 1.339203 24.625696
v 18.293455 6.011332 8.219364
v 17.142740 6.251448 14.962064
v 11.442773 6.195226 10.317192
v 12.964516 6.208776 10.319335
v 18.746113 7.480550 24.850470
v 19.221336 6.888806 24.851637
v 20.552660 5.870787 24.621586
v 20.552256 5.733991 24.854490
v 20.324629 6.292443 24.620909
v 1.586044 6.447062 -27.821829
v 2.533887 6.449565 -24.265146
v 2.846006 6.446509 -27.707592
v 1.690338 6.693282 -27.811764
v 1.378219 6.690304 -24.369307
v 1.273934 6.450110 -24.379379
v 1.755632 7.635346 -24.333117
v 2.067750 7.646771 -27.775557
v 4.684065 6.561060 -24.269491
v 3.698433 6.993360 -23.671259
v 1.830111 7.006358 -26.579369
v 2.815717 6.559577 -27.177610
v 3.880052 6.445842 -27.861338
v 4.994120 6.757134 -28.590168
v 5.748391 6.447317 -24.953217
v 6.862458 6.752585 -25.682039
v 2.462261 15.957058 27.771154
v -6.379004 15.961722 27.895655
v -6.378811 15.961607 27.758657
v -6.375685 22.395578 27.890255
v -6.379470 15.284899 27.980524
v -7.062125 15.285249 27.979568
v -6.375158 23.046013 27.752710
v -7.058120 23.046549 27.973051
v -6.375474 23.046196 27.974016
v 2.465607 23.041647 27.986504
v -6.379154 15.284705 27.759230
v 2.461603 15.280349 27.993031
v -6.375492 22.395464 27.753258
v 2.465924 23.041462 27.765209
v -7.061809 15.285065 27.758263
v -7.061457 15.961959 27.757692
v -7.061773 15.962143 27.978996
v -7.058137 22.395815 27.752291
v 2.462068 15.957172 27.908154
v 2.465388 22.391029 27.902742
v -7.058454 22.396000 27.973597
v -7.057804 23.046362 27.751745
v 3.117885 15.280006 27.993952
v 3.121864 22.390572 27.766685
v 3.122197 23.041119 27.766140
v 3.118553 15.956724 27.772076
v 3.118237 15.956909 27.993391
v 3.121556 22.390764 27.987989
v 2.465581 22.390913 27.765753
v 3.118193 15.279822 27.772648
v 3.121890 23.041313 27.987436
v 2.461919 15.280165 27.771717
v -17.922558 14.579407 -12.108015
v -17.919460 20.413414 -12.112916
v -18.167189 20.157461 -15.881559
v -18.170015 14.829297 -15.877090
v -18.169796 14.576158 -16.129791
v -17.916876 14.576026 -16.129438
v -18.166697 20.410172 -16.134691
v -18.172380 20.413553 -12.113276
v -17.913776 20.410040 -16.134331
v -18.175478 14.579539 -12.108375
v -18.172150 20.160425 -12.365976
v -18.174986 14.832247 -12.361506
v 10.446788 16.685526 -30.808075
v 10.449633 22.207605 -30.812702
v 12.226754 22.206631 -30.883959
v 12.226648 22.206692 -30.810190
v 12.372340 5.640309 -30.869835
v 12.369496 0.118238 -30.865200
v 12.369390 0.118299 -30.791430
v 14.223441 16.683584 -30.802734
v 14.226295 22.205666 -30.807364
v 14.220701 11.161442 -30.871864
v 14.220595 11.161504 -30.798096
v 12.375081 11.162452 -30.800705
v 12.375186 11.162390 -30.874474
v 14.380102 11.161364 -30.871635
v 14.223547 16.683514 -30.876493
v 14.377151 5.639344 -30.793230
v 14.379996 11.161425 -30.797869
v 14.382851 16.683496 -30.802505
v 18.213751 5.637368 -30.787811
v 16.384912 11.160389 -30.795031
v 18.216604 11.159449 -30.792450
v 12.220949 11.162531 -30.800915
v 12.218103 5.640459 -30.796288
v 10.443942 11.163445 -30.803436
v 18.222391 22.203541 -30.875484
v 14.385801 22.205515 -30.880903
v 14.217750 5.639431 -30.793459
v 18.211010 0.115225 -30.856943
v 18.367846 22.203529 -30.801504
v 18.367952 22.203468 -30.875282
v 16.222666 5.638395 -30.790621
v 16.219812 0.116314 -30.785994
v 16.222763 5.638333 -30.864391
v 16.219917 0.116253 -30.859755
v 16.387863 16.682407 -30.873438
v 16.390709 22.204489 -30.878075
v 12.377935 16.684532 -30.805334
v 12.380780 22.206614 -30.809973
v 12.215364 0.118317 -30.865417
v 18.356564 0.115155 -30.856741
v 18.356457 0.115217 -30.782965
v 20.241720 5.636322 -30.784941
v 20.238874 0.114251 -30.780312
v 18.219545 16.681467 -30.870846
v 18.222296 22.203600 -30.801716
v 18.219440 16.681530 -30.797087
v 16.387758 16.682468 -30.799671
v 16.390602 22.204550 -30.804306
v 16.379318 0.116174 -30.859526
v 16.379213 0.116235 -30.785767
v 16.382172 5.638254 -30.864172
v 16.231201 22.204628 -30.804525
v 14.385695 22.205578 -30.807144
v 14.377257 5.639282 -30.866999
v 14.374306 0.117263 -30.788595
v 14.217855 5.639361 -30.867226
v 14.215002 0.117289 -30.862591
v 14.374402 0.117201 -30.862371
v 20.247419 16.680485 -30.794216
v 20.250263 22.202564 -30.798855
v 10.441088 5.641372 -30.798798
v 10.438243 0.119291 -30.794163
v 12.215258 0.118378 -30.791641
v 14.382948 16.683435 -30.876265
v 14.226400 22.205603 -30.881130
v 18.210905 0.115296 -30.783176
v 12.380886 22.206543 -30.883749
v 12.372235 5.640379 -30.796068
v 14.214896 0.117351 -30.788822
v 16.231308 22.204565 -30.878302
v 12.378040 16.684471 -30.879103
v 12.223900 16.684549 -30.879322
v 12.221055 11.162470 -30.874681
v 12.223794 16.684610 -30.805553
v 18.359301 5.637297 -30.787601
v 18.362146 11.159369 -30.792238
v 18.359407 5.637227 -30.861378
v 18.213856 5.637306 -30.861580
v 16.382067 5.638316 -30.790403
v 16.385017 11.160327 -30.868799
v 16.225616 11.160415 -30.869026
v 12.218209 5.640397 -30.870054
v 20.244562 11.158403 -30.789577
v 18.365000 16.681450 -30.796877
v 18.362263 11.159316 -30.866005
v 18.365107 16.681389 -30.870646
v 18.216702 11.159387 -30.866217
v 16.228462 16.682486 -30.873667
v 16.228355 16.682549 -30.799898
v 16.225512 11.160467 -30.795259
v -11.077717 7.430924 25.048519
v -9.271633 5.570383 25.052637
v -16.421850 7.973006 24.567410
v -16.422569 7.868019 25.040607
v -12.687279 6.480340 19.556580
v -9.267770 5.462673 22.281147
v -9.495906 5.656692 22.280664
v -9.085518 1.352630 22.284863
v -9.057319 1.354545 24.583376
v -24.633327 5.607399 19.540428
v -24.984165 1.358532 19.543501
v -18.387325 6.288841 14.911822
v -16.862263 6.282834 12.553390
v -17.766451 5.811788 6.124125
v -19.905668 6.389385 12.548998
v -24.640940 5.894436 25.030649
v -24.488609 6.210507 25.030594
v -23.519382 6.812579 24.791147
v -23.519787 6.686321 25.031570
v -22.909363 7.100372 25.032087
v -22.509731 7.410462 25.032387
v -22.015045 7.645844 25.032887
v -19.085648 7.774693 25.036917
v -17.766346 5.394787 5.892634
v -16.853306 5.394313 5.893925
v -15.940266 5.393847 5.895207
v -16.853384 5.866122 6.125364
v -11.527238 5.391572 5.901451
v -9.473442 5.449367 6.304752
v -24.790857 1.351848 11.703262
v -24.904854 1.352612 12.546171
v -15.965663 7.945861 24.800869
v -15.318970 7.875202 24.801834
v -15.343972 6.076406 14.916291
v -16.865705 6.072726 14.914149
v -12.680841 6.266789 14.919901
v -11.543308 5.655708 17.366907
v -9.257380 5.456489 14.925416
v -9.043391 1.347141 15.772232
v -9.004872 1.348467 17.374117
v -24.865309 1.353727 13.895128
v -24.659338 1.354474 14.907098
v -24.719187 1.355212 15.750083
v -24.751505 1.356573 17.351866
v -24.898594 1.357144 17.941801
v -22.195251 6.007731 17.351566
v -20.974211 6.404455 14.908062
v -24.478062 5.605475 17.348677
v -24.626785 5.603508 14.903576
v -24.630306 5.466449 17.348579
v -24.474514 5.767817 14.903654
v -24.471186 5.765842 12.543070
v -24.481075 5.771718 19.540508
v -19.912500 6.314388 17.354534
v -22.188375 6.174667 12.545951
v -24.467962 5.763927 10.266802
v -16.876780 4.097212 6.392097
v -9.622120 4.093480 6.402346
v -9.621514 5.260915 6.401371
v -24.132326 2.419661 6.383246
v -24.154350 2.432764 21.976089
v -24.158901 2.435470 25.197100
v -24.158777 3.930691 25.651039
v -24.159542 2.435856 25.652296
v -23.790068 5.408365 21.974104
v -23.794441 5.410964 25.069376
v -16.903450 3.926572 25.206102
v -24.158136 3.930304 25.195847
v -24.157476 5.126825 25.194826
v -9.270799 5.886137 24.579266
v -18.362078 7.921333 24.564714
v -18.362427 7.889912 24.797531
v -18.362806 7.816346 25.037901
v -17.791744 7.946827 24.798288
v -17.791401 7.978223 24.565468
v -14.443666 7.835139 24.570326
v -12.656014 7.723766 24.805733
v -12.656375 7.692353 25.046070
v -14.444367 7.772304 25.043478
v -11.552423 7.729641 24.574497
v -13.832030 7.244018 22.273209
v -15.319339 7.822712 25.042204
v -12.655672 7.755188 24.572916
v -9.245252 4.711368 6.073858
v -9.015886 1.338991 6.077011
v -25.140421 1.347922 6.812981
v -25.044426 1.347237 6.054362
v -25.314110 1.347448 6.138282
v -9.245568 5.027807 6.410820
v -8.835189 1.339781 7.131098
v -8.588197 1.339351 6.773146
v -8.569456 1.339043 6.414870
v -8.716589 1.338982 6.246046
v -9.247851 5.450824 8.180899
v -9.110151 1.341801 9.364836
v -15.965329 7.977283 24.568050
v -9.250829 5.452599 10.288564
v -24.462448 5.541384 6.283500
v -24.464985 5.762153 8.159138
v -17.792120 7.873235 25.038666
v -17.335609 7.868493 25.039307
v -16.879089 7.868256 25.039957
v -15.966049 7.872295 25.041248
v -14.444009 7.803717 24.803143
v -15.318627 7.906615 24.569025
v -11.553127 7.666807 25.047659
v -11.552767 7.708758 24.807306
v -10.839762 7.141383 24.808790
v -10.286078 6.659518 24.809975
v -9.499226 6.170979 24.811495
v -9.499656 5.992030 25.051962
v -9.271203 5.749332 24.812172
v -9.243899 1.355037 25.056221
v -9.083471 1.342565 10.292243
v -9.010001 1.345569 13.917541
v -8.892674 1.344375 12.568793
v -11.530128 6.026674 8.177185
v -9.485517 5.650508 14.924924
v -11.536424 5.837213 12.561284
v -25.537655 1.347913 6.559499
v -25.339096 1.347957 6.728394
v -9.006339 1.340308 7.657777
v -9.101404 1.340800 8.184552
v -13.818945 5.988938 12.557930
v -22.182255 6.036413 8.162132
v -22.179478 5.814063 6.117882
v -20.967695 6.337010 10.271262
v -15.337377 6.155285 10.279369
v -9.126493 1.351076 20.408979
v -9.129471 1.350373 19.565914
v -9.263931 5.460389 19.562267
v -24.623438 5.601523 12.542992
v -24.620234 5.599608 10.266714
v -16.878361 7.973243 24.566769
v -16.875481 7.272770 22.268888
v -16.872187 6.199749 19.550898
v -9.261050 5.037012 17.370657
v -9.044523 1.348985 17.964203
v -9.109308 1.346465 14.929078
v -8.944638 1.343698 11.725657
v -20.980782 6.375493 19.544943
v -19.918955 7.250200 22.264603
v -22.509012 7.515450 24.559189
v -22.908609 7.258051 24.558847
v -18.397213 7.266746 22.266737
v -9.492068 5.654408 19.561787
v -16.869070 6.235447 17.358900
v -15.350383 6.344686 19.552925
v -10.658635 0.201372 23.925276
v -10.821021 2.383164 24.860823
v -10.002229 0.201029 23.926197
v -10.819502 2.382268 23.789207
v -10.003361 0.201705 24.729805
v -9.838726 2.381759 23.790596
v -10.659767 0.202039 24.728884
v -9.840238 2.382664 24.862211
v -10.887790 2.367786 6.451622
v -9.989679 0.186520 6.601969
v -16.859076 6.224118 10.277164
v -9.482180 5.648533 12.564349
v -9.254043 5.454504 12.564832
v -24.787090 1.349863 9.342678
v -24.693213 1.350592 10.270192
v -24.949266 1.348958 8.162159
v -24.942469 1.348317 7.403408
v -24.617247 5.597834 8.159059
v -11.527352 5.808583 6.132934
v -13.812718 6.045212 8.173944
v -16.856152 6.104068 8.169597
v -15.940379 5.810849 6.126698
v -19.899662 6.025918 8.165363
v -25.507833 1.347685 6.306623
v -22.179365 5.397053 5.886390
v -24.614613 4.930047 6.051956
v -18.380808 6.210568 10.275022
v -12.674298 6.243658 10.283057
v -9.475988 5.644844 8.180416
v -9.478966 5.646618 10.288072
v -16.422192 7.941584 24.800219
v -22.014326 7.750823 24.559700
v -19.084927 7.879681 24.563730
v -19.085270 7.848259 24.796547
v -22.014677 7.719410 24.792509
v -9.489073 5.458659 17.369982
v -11.549412 7.285583 22.276398
v -13.825549 6.349279 17.363106
v -24.764599 1.362625 24.561174
v -24.640511 6.073386 24.790180
v -24.999428 1.363143 25.033951
v -22.509356 7.484028 24.792009
v -15.353756 7.258394 22.271048
v -10.889449 2.368778 7.629068
v -10.710913 0.186898 6.600950
v -9.811801 2.368225 7.630588
v -10.712169 0.187635 7.483912
v -22.777599 2.373880 6.434857
v -22.779259 2.374873 7.612304
v -23.855238 2.374434 6.433338
v -23.678371 0.193546 6.582657
v -22.957129 0.193177 6.583676
v -25.003283 1.348027 7.023949
v -24.614876 5.351861 6.388831
v -9.810142 2.367233 6.453150
v -9.990926 0.187267 7.484922
v -23.856907 2.375426 7.610785
v -23.679617 0.194283 7.465620
v -22.958376 0.193914 7.466647
v -22.850182 2.389399 24.844357
v -23.013306 0.208441 24.711943
v -23.829447 2.389004 23.771372
v -22.848669 2.388495 23.772749
v -23.012165 0.207765 23.908361
v -23.668579 0.208107 23.907431
v -23.830965 2.389900 24.842970
v -23.669710 0.208775 24.711021
v -18.393806 6.426006 19.548559
v -11.077014 7.493759 24.575365
v -10.839402 7.212324 24.575937
v -11.077356 7.478144 24.808167
v -10.840165 7.028298 25.049196
v -10.286482 6.533260 25.050388
v -10.285701 6.743632 24.577114
v -9.498822 6.307785 24.578590
v -16.878712 7.941822 24.799578
v -17.335232 7.942059 24.798937
v -17.334888 7.973480 24.566120
v -10.010589 5.403878 25.088854
v -9.644250 3.920135 21.995338
v -9.624157 3.907039 6.402504
v -9.643548 5.274018 21.994205
v -16.898146 5.404817 21.983845
v -10.006215 5.401278 21.993591
v -16.902519 5.407417 25.079115
v -9.644154 4.106584 21.995190
v -9.645015 2.425300 21.996595
v -9.622989 2.412196 6.403761
v -24.008694 4.028863 21.874105
v -9.648659 4.109262 25.182795
v -9.772308 4.008708 6.607264
v -9.793912 4.021548 21.894188
v -16.879704 4.012361 6.597217
v -24.131554 3.914504 6.381999
v -23.987101 4.016023 6.587171
v -24.153587 3.927599 21.974833
v -9.648799 3.922848 25.216351
v -9.648782 5.119747 25.670517
v -9.648141 5.119360 25.215332
v -9.646735 9.091957 25.667179
v -9.646086 9.091571 25.211994
v -16.900789 9.095311 25.201738
v -9.798312 4.024174 25.013216
v -9.649563 2.428005 25.217606
v -9.650213 2.428391 25.672802
v -9.649441 3.923226 25.671545
v -24.013103 4.031489 24.993122
v -9.648052 5.276698 25.181810
v -24.157988 4.116727 25.162281
v -24.157389 5.284162 25.161304
v -16.902836 5.123102 25.205074
v -24.155432 9.099035 25.191488
v -24.153490 4.114048 21.974684
v -24.152885 5.281483 21.973700
v -24.131458 4.100945 6.381840
v -24.130859 5.268380 6.380857
v -16.876173 5.264647 6.391114
v -16.876877 3.910772 6.392247
v -16.877649 2.415928 6.393503
v -16.901430 9.095689 25.656931
v -24.158119 5.127212 25.650011
v -24.156063 9.099422 25.646685
v -24.487774 6.526262 24.557232
v -24.640108 6.210191 24.557283
v -24.484913 5.774001 22.259384
v -24.922621 1.359208 20.386654
v -24.833906 1.360736 22.262598
v -24.637175 5.609682 22.259315
v -22.201565 7.232557 22.261389
v -24.488171 6.389456 24.790129
v -22.908968 7.200293 24.791681
v -23.519005 6.896675 24.558294
vn -0.5267 0.3302 -0.7833
vn -0.2969 0.0350 -0.9543
vn -0.6955 0.1375 -0.7053
vn 0.0039 0.9955 -0.0944
vn 0.0654 0.8309 -0.5526
vn 0.0208 0.8244 -0.5656
vn 0.0032 0.9960 -0.0895
vn 0.0007 0.7560 -0.6546
vn -0.0203 0.8304 -0.5568
vn 0.0016 0.9936 -0.1128
vn 0.0147 0.9979 -0.0624
vn -0.9220 0.3863 0.0279
vn -0.9962 0.0436 0.0760
vn -0.9979 0.0077 0.0649
vn -0.4386 -0.8762 0.1997
vn -0.5923 -0.7925 -0.1452
vn -0.7296 -0.6819 -0.0516
vn -0.5970 -0.7260 -0.3413
vn -0.7470 -0.6248 -0.2272
vn -0.6266 -0.7690 -0.1266
vn -0.7935 -0.5664 -0.2226
vn -0.5523 -0.8192 -0.1547
vn -0.9367 0.3501 0.0022
vn -0.9947 0.0924 0.0454
vn -0.9950 0.0778 0.0632
vn -0.9959 0.0447 0.0784
vn -0.9467 0.3152 0.0665
vn -0.8646 0.2023 -0.4599
vn -0.0494 0.4847 -0.8733
vn -0.0725 0.8210 -0.5663
vn -0.4629 0.7904 -0.4013
vn -0.9997 0.0172 0.0164
vn -0.9445 0.3284 0.0038
vn 0.8909 -0.0944 -0.4444
vn 0.4465 -0.0889 -0.8904
vn 0.8896 -0.0936 0.4470
vn 0.4440 -0.0873 0.8918
vn 0.4436 -0.0959 0.8911
vn 0.8888 -0.1028 0.4467
vn -0.4462 -0.0955 0.8898
vn -0.8901 -0.1019 0.4442
vn -0.8889 -0.1026 -0.4465
vn -0.4437 -0.0969 -0.8909
vn 0.4461 -0.0974 -0.8897
vn 0.8900 -0.1035 -0.4440
vn -0.4437 -0.0970 -0.8909
vn -0.0034 0.9994 -0.0358
vn 0.0063 0.9510 -0.3090
vn 0.0005 0.9993 -0.0362
vn -0.0213 -0.8291 0.5586
vn -0.0019 -0.7560 0.6546
vn -0.0112 -0.4705 0.8823
vn 0.0073 -0.4555 0.8902
vn 0.0198 -0.8257 0.5638
vn -0.0015 -0.4854 0.8743
vn 0.0447 -0.8326 0.5521
vn 0.0850 -0.4506 0.8887
vn 0.4770 -0.7571 0.4465
vn 0.6224 -0.2774 0.7319
vn -0.6146 -0.3136 0.7238
vn -0.4915 -0.0326 0.8703
vn -0.7957 -0.1131 0.5950
vn -0.6477 -0.7616 0.0193
vn -0.6303 -0.6918 -0.3524
vn -0.3422 0.9190 -0.1959
vn -0.6578 0.7467 -0.0993
vn -0.7197 0.6932 0.0381
vn -0.9389 0.3402 -0.0529
vn -0.9802 0.1953 0.0333
vn -0.9990 0.0394 0.0213
vn -0.9900 0.0330 -0.1372
vn -0.9971 0.0654 0.0394
vn -0.9355 0.3532 -0.0054
vn -0.9993 0.0196 -0.0304
vn -0.9336 0.3548 -0.0507
vn -0.9909 0.0291 -0.1315
vn -0.9932 0.0586 -0.1008
vn -0.9599 0.2796 -0.0195
vn -0.9965 0.0660 -0.0523
vn -0.5740 0.8189 -0.0015
vn -0.3798 0.9246 0.0302
vn -0.1465 0.9892 -0.0086
vn -0.0828 0.9963 0.0239
vn -0.9969 0.0408 -0.0678
vn 0.0210 0.9992 -0.0344
vn 0.0717 0.9973 0.0132
vn -0.0315 0.9994 -0.0136
vn 0.0376 0.9802 -0.1945
vn -0.0147 0.9994 -0.0318
vn 0.0690 0.9976 0.0112
vn -0.8910 -0.0927 0.4445
vn 0.4440 -0.0874 0.8918
vn -0.4466 -0.0869 0.8905
vn 0.8896 -0.0937 0.4470
vn 0.4465 -0.0888 -0.8904
vn -0.4441 -0.0883 -0.8916
vn -0.8897 -0.0935 -0.4469
vn -0.4441 -0.0884 -0.8916
vn 0.0306 0.9833 0.1794
vn 0.0143 0.9825 0.1856
vn 0.0309 0.9885 0.1480
vn 0.0315 0.9911 0.1296
vn -0.1150 -0.9934 0.0015
vn -0.0632 -0.9977 -0.0239
vn -0.3833 -0.9235 -0.0121
vn -0.8985 -0.4381 0.0282
vn -0.9993 -0.0367 0.0067
vn -0.9227 -0.3849 0.0189
vn -0.9961 -0.0650 -0.0591
vn -0.7388 -0.6672 -0.0949
vn -0.9966 0.0823 0.0096
vn 0.3833 0.9235 0.0121
vn 0.5397 0.8390 -0.0698
vn 0.1246 0.9898 -0.0690
vn -0.0039 0.9999 -0.0158
vn -0.0526 0.9968 -0.0594
vn -0.4259 0.9047 -0.0107
vn 0.0546 0.9984 0.0155
vn 0.4889 0.7277 -0.4811
vn 0.7141 0.2559 -0.6516
vn 0.1104 0.4381 -0.8921
vn 0.0015 0.4854 -0.8743
vn 0.0103 0.4555 -0.8902
vn -0.0082 0.4705 -0.8824
vn -0.4302 0.8869 0.1682
vn -0.6475 0.3043 0.6987
vn -0.9232 0.2842 -0.2588
vn 0.0012 0.8502 -0.5264
vn -0.4910 -0.6359 0.5954
vn 0.6060 -0.6466 0.4633
vn 0.2247 0.3762 0.8989
vn -0.6094 0.3840 0.6937
vn -0.0010 0.4643 0.8857
vn -0.0003 0.8222 0.5693
vn -0.0005 0.7897 0.6135
vn -0.0012 0.3092 0.9510
vn -0.0005 0.7793 0.6267
vn -0.0008 0.5886 0.8085
vn -0.7061 -0.0002 -0.7081
vn -1.0000 0.0005 -0.0014
vn -0.8941 0.4478 -0.0016
vn -0.3322 0.6662 -0.6677
vn -0.0008 0.5885 0.8085
vn -0.0002 0.8915 0.4531
vn -0.5075 0.8616 0.0037
vn -0.4771 0.8740 -0.0917
vn -0.1604 0.9870 -0.0015
vn -0.0435 0.9802 -0.1930
vn 0.0262 0.9835 -0.1789
vn -0.0092 0.9564 -0.2920
vn 0.1096 0.9654 -0.2366
vn 0.0641 0.9965 -0.0530
vn -0.8312 -0.0000 -0.5560
vn 0.0014 -0.0008 -1.0000
vn 0.7081 -0.0010 -0.7061
vn 0.8183 0.4063 -0.4066
vn 1.0000 -0.0005 0.0014
vn 0.8172 0.4076 -0.4075
vn 0.4478 0.8941 -0.0000
vn 0.7543 -0.0078 0.6565
vn 0.0002 0.9769 0.2139
vn 0.0050 0.9768 0.2139
vn 0.0035 0.9562 0.2926
vn 0.0001 0.9562 0.2926
vn -0.0046 0.9768 0.2140
vn 0.0099 0.9732 0.2298
vn -0.0061 0.9562 0.2926
vn 0.0119 0.9638 0.2664
vn -0.0701 -0.4842 0.8722
vn -0.1018 -0.8145 0.5711
vn -0.5644 -0.7577 0.3276
vn -0.9972 -0.0405 0.0627
vn 0.9992 -0.0399 0.0014
vn 0.8639 -0.5037 0.0016
vn -0.9992 -0.0395 -0.0014
vn -0.8682 -0.4962 -0.0008
vn -0.7799 -0.0181 -0.6256
vn -0.6123 -0.6621 -0.4320
vn 0.8891 0.4577 0.0009
vn -0.8869 0.4620 -0.0016
vn -0.4461 -0.0005 -0.8950
vn 0.0009 -0.5561 -0.8311
vn 0.4866 -0.6519 -0.5816
vn 0.8950 -0.0008 -0.4461
vn -0.9620 0.2731 -0.0016
vn 0.0015 0.5269 -0.8499
vn -0.5198 0.6142 -0.5938
vn -0.8937 0.0001 -0.4486
vn -0.2227 0.9749 -0.0011
vn -0.0745 0.9285 0.3637
vn 0.0014 0.7065 -0.7077
vn 0.0005 1.0000 -0.0008
vn -0.4763 0.8565 0.1986
vn -0.4347 0.8614 0.2629
vn -0.2131 0.9546 0.2080
vn -0.1666 0.9429 0.2883
vn -0.6579 0.6457 0.3875
vn -0.5753 0.6848 0.4474
vn -0.4393 0.8184 0.3706
vn -0.4712 0.7927 0.3866
vn -0.9661 0.2471 0.0745
vn -0.9236 0.3084 0.2279
vn -0.9776 0.0641 -0.2006
vn 0.1121 0.9937 -0.0007
vn 0.2476 0.9278 0.2791
vn 0.8839 0.4676 0.0008
vn 0.7993 -0.0837 -0.5951
vn 0.6232 0.6343 -0.4575
vn 0.4486 0.0002 -0.8937
vn 0.0014 -0.0340 -0.9994
vn 0.0235 0.9996 -0.0155
vn 0.0629 0.9977 0.0245
vn 0.0368 0.9993 0.0066
vn 0.1150 0.9934 -0.0015
vn 0.0996 0.9948 -0.0212
vn 0.4504 0.8918 0.0421
vn 0.2022 0.9789 -0.0310
vn 0.5531 0.8331 -0.0037
vn 0.5097 0.8503 -0.1313
vn 0.9331 0.3595 0.0036
vn 0.9251 0.3795 -0.0161
vn 0.9979 0.0530 0.0367
vn 0.9992 0.0327 0.0247
vn 0.9974 0.0693 0.0214
vn 0.9981 0.0531 -0.0304
vn 0.9512 0.3071 0.0293
vn 0.9993 0.0360 0.0099
vn 0.9962 0.0611 0.0618
vn 0.4386 0.8762 -0.1997
vn 0.0164 0.9612 -0.2753
vn 0.1820 0.9816 -0.0581
vn 0.0858 0.9931 -0.0794
vn -0.0851 0.9768 -0.1964
vn -0.0553 0.9539 -0.2949
vn -0.5148 0.8538 0.0774
vn -0.4172 0.9069 -0.0587
vn -0.5386 0.8005 0.2629
vn 0.0065 0.9993 -0.0358
vn -0.9160 -0.4011 -0.0044
vn -0.9962 -0.0610 -0.0618
vn -0.9512 -0.3070 -0.0293
vn -0.9993 -0.0360 -0.0099
vn -0.9981 -0.0531 0.0304
vn -0.9561 -0.2925 -0.0184
vn -0.9974 -0.0693 -0.0214
vn -0.9979 -0.0530 -0.0367
vn -0.9964 -0.0676 0.0522
vn -0.0068 0.9967 -0.0806
vn -0.0485 0.9982 -0.0339
vn -0.0387 0.9761 0.2137
vn -0.0087 0.9768 0.2140
vn -0.0243 0.9559 0.2926
vn -0.0127 0.9562 0.2926
vn -0.2429 0.9675 -0.0706
vn -0.9961 -0.0876 -0.0125
vn -0.9440 -0.3295 0.0178
vn -0.9992 -0.0327 -0.0247
vn -0.9993 -0.0369 0.0080
vn -0.8989 -0.4372 0.0300
vn -0.9989 -0.0452 0.0137
vn -0.9467 -0.3221 -0.0018
vn -0.9907 -0.0407 -0.1299
vn -0.9426 -0.2499 -0.2213
vn -0.9816 -0.0166 -0.1901
vn -0.9204 -0.3129 -0.2346
vn -0.2377 -0.9616 -0.1370
vn -0.2429 -0.9555 -0.1672
vn -0.2073 -0.9774 0.0405
vn -0.6887 -0.7183 0.0987
vn -0.4664 -0.8776 0.1110
vn -0.4452 -0.8954 0.0001
vn -0.4504 -0.8918 -0.0421
vn -0.0996 -0.9948 0.0212
vn -0.2022 -0.9788 0.0310
vn -0.0641 -0.9965 0.0530
vn -0.1096 -0.9654 0.2365
vn 0.0435 -0.9802 0.1930
vn -0.0164 -0.9612 0.2753
vn -0.0153 -0.9536 0.3008
vn -0.0304 -0.9966 0.0759
vn -0.0185 -0.9967 0.0795
vn -0.0307 -0.9867 -0.1597
vn -0.0095 -0.9796 -0.2005
vn -0.0172 -0.9706 -0.2400
vn 0.0040 -0.9562 -0.2926
vn 0.7957 0.1131 -0.5950
vn 0.4915 0.0326 -0.8703
vn 0.0153 0.9536 -0.3008
vn 0.0302 0.9925 -0.1184
vn 0.0146 0.9987 -0.0487
vn -0.5348 0.8428 -0.0611
vn -0.0861 0.9924 -0.0876
vn -0.9064 0.2241 0.3582
vn -0.5709 0.7679 0.2907
vn 0.9993 0.0369 -0.0081
vn 0.6955 -0.1375 0.7053
vn 0.2969 -0.0350 0.9543
vn -0.9235 0.1459 0.3549
vn -0.6341 0.1633 0.7558
vn -0.5183 0.1649 0.8392
vn 0.9594 0.2804 -0.0310
vn 0.8816 0.1831 0.4351
vn 0.9284 0.1964 0.3153
vn 0.9598 0.1438 0.2410
vn 0.9961 0.0650 0.0590
vn 0.9310 0.1703 -0.3229
vn 0.9003 0.4341 -0.0322
vn 0.9228 0.3849 -0.0189
vn 0.4452 0.8954 -0.0001
vn 0.9160 0.4011 0.0044
vn 0.9993 0.0368 -0.0068
vn 0.9972 0.0405 -0.0627
vn 0.9963 0.0676 -0.0522
vn 0.9961 0.0876 0.0124
vn 0.6340 -0.1633 -0.7559
vn 0.5183 -0.1649 -0.8392
vn 0.9601 -0.2668 -0.0836
vn 0.9063 -0.2241 -0.3582
vn 0.8647 -0.2023 0.4598
vn 0.9419 -0.3358 0.0080
vn 0.5180 -0.8543 0.0428
vn 0.9445 -0.3284 -0.0038
vn 0.4259 -0.9047 0.0107
vn 0.9388 -0.3441 0.0170
vn 0.5373 -0.8434 0.0015
vn 0.9450 -0.3262 -0.0246
vn 0.4268 -0.9038 -0.0320
vn 0.9342 -0.3551 0.0357
vn 0.5074 -0.8616 0.0131
vn 0.9314 -0.3638 0.0137
vn 0.4880 -0.8687 0.0850
vn 0.9413 -0.3371 0.0169
vn 0.6989 -0.7050 0.1205
vn 0.9437 -0.3305 0.0140
vn 0.6764 -0.7274 -0.1160
vn 0.9661 -0.2471 -0.0744
vn 0.6616 -0.6317 -0.4041
vn 0.9236 -0.3084 -0.2279
vn 0.6572 -0.6052 -0.4493
vn 0.9776 -0.0641 0.2006
vn 0.9939 -0.0364 0.1045
vn 0.9982 -0.0462 -0.0386
vn 0.9971 -0.0654 -0.0394
vn 0.9966 -0.0823 -0.0096
vn 0.9932 -0.0586 0.1008
vn 0.9908 -0.0291 0.1321
vn 0.9993 -0.0196 0.0304
vn 0.9979 -0.0077 -0.0649
vn 0.9962 -0.0436 -0.0760
vn 0.9965 -0.0660 0.0523
vn 0.9969 -0.0408 0.0678
vn 0.9997 -0.0172 -0.0164
vn 0.9959 -0.0447 -0.0784
vn 0.9950 -0.0778 -0.0632
vn 0.9947 -0.0924 -0.0454
vn 0.9235 -0.1459 -0.3549
vn -0.9598 -0.1437 -0.2410
vn -0.9761 -0.2163 0.0198
vn -0.8816 -0.1831 -0.4351
vn -0.4295 -0.9019 0.0467
vn -0.1247 -0.9898 0.0690
vn -0.9284 -0.1964 -0.3153
vn -0.9310 -0.1701 0.3229
vn 0.9522 0.3038 -0.0320
vn 0.6825 0.7263 -0.0821
vn -0.0063 -0.9510 0.3090
vn -0.0262 -0.9835 0.1789
vn -0.0376 -0.9802 0.1945
vn -0.0210 -0.9992 0.0344
vn 0.0315 -0.9994 0.0136
vn -0.0716 -0.9973 -0.0132
vn 0.0829 -0.9963 -0.0239
vn 0.0040 -0.9999 0.0158
vn 0.1467 -0.9891 0.0084
vn 0.0525 -0.9968 0.0595
vn 0.0861 -0.9924 0.0877
vn 0.0092 -0.9564 0.2920
vn 0.0050 -0.9924 0.1227
vn -0.0055 -1.0000 0.0071
vn 0.0056 -0.9823 -0.1872
vn -0.0049 -0.9707 -0.2404
vn 0.0057 -0.9562 -0.2927
vn -0.0048 -0.9562 -0.2927
vn 0.0182 0.9990 -0.0413
vn 0.0054 -0.9993 0.0358
vn 0.0046 -0.9768 -0.2140
vn 0.0033 -0.9562 -0.2927
vn -0.0078 0.9968 -0.0796
vn 0.5461 0.8368 -0.0398
vn 0.2387 0.9640 0.1171
vn 0.6073 0.7843 0.1267
vn 0.2781 0.9450 0.1721
vn 0.7092 0.6815 0.1809
vn -0.0002 -0.9769 -0.2139
vn -0.0001 -0.9562 -0.2927
vn -0.0006 -0.9993 0.0361
vn -0.0371 -0.9906 -0.1316
vn -0.0268 -0.9871 -0.1576
vn -0.0391 -0.9988 0.0293
vn -0.0858 -0.9931 0.0794
vn -0.0822 -0.9888 -0.1247
vn -0.0826 -0.9867 -0.1398
vn 0.0085 -0.9769 -0.2138
vn 0.0046 -0.9562 -0.2927
vn 0.0389 -0.9762 -0.2132
vn 0.0522 -0.9549 -0.2922
vn 0.2145 -0.9540 -0.2094
vn 0.2524 -0.9254 -0.2828
vn 0.4650 -0.8613 -0.2048
vn 0.5137 -0.8127 -0.2751
vn 0.5362 -0.8016 -0.2645
vn 0.5311 -0.7725 -0.3482
vn 0.4416 -0.8153 -0.3745
vn 0.4327 -0.7751 -0.4604
vn 0.4477 -0.8871 -0.1127
vn 0.5347 -0.8442 -0.0375
vn 0.3714 -0.9258 0.0706
vn 0.1881 -0.9797 0.0690
vn 0.0307 -0.9990 0.0338
vn 0.0110 -0.9967 0.0807
vn -0.0015 -0.9936 0.1128
vn -0.0031 -0.9960 0.0896
vn 0.9989 0.0443 -0.0171
vn 0.1601 -0.9871 0.0009
vn 0.0852 -0.9768 0.1964
vn 0.0553 -0.9539 0.2949
vn 0.3422 -0.9190 0.1959
vn -0.6835 -0.6234 -0.3796
vn -0.6257 -0.6511 -0.4296
vn 0.0767 0.9891 0.1254
vn 0.0955 0.9851 0.1432
vn -0.5742 -0.8182 0.0286
vn 0.0376 0.9993 -0.0017
vn -0.0057 0.9769 0.2137
vn 0.6807 0.7260 0.0976
vn -0.0006 0.9562 0.2927
vn 0.6261 0.7737 0.0964
vn -0.0546 -0.9984 -0.0155
vn -0.0694 -0.9975 -0.0112
vn -0.0145 -0.9980 0.0623
vn -0.0182 -0.9990 0.0413
vn -0.0234 -0.9996 0.0156
vn -0.0368 -0.9993 -0.0066
vn 0.0146 -0.9994 0.0318
vn -0.0037 -0.9955 0.0944
vn 0.9403 0.2484 0.2326
vn 0.6901 0.6133 0.3842
vn 0.7344 0.5438 0.4060
vn 0.9548 0.2376 0.1785
vn 0.9816 0.0166 0.1901
vn 0.7592 0.6137 0.2167
vn 0.7569 0.6535 0.0054
vn 0.5945 0.7272 0.3432
vn 0.5653 0.7077 0.4238
vn 0.7390 0.6044 0.2975
vn 0.9946 0.0417 0.0954
vn 0.9175 0.3943 0.0516
vn 0.8268 -0.2276 -0.5145
vn 0.8364 0.0700 -0.5436
vn -0.8281 0.2223 0.5147
vn -0.8365 -0.0678 0.5438
vn 0.8363 0.0699 -0.5437
vn -0.1919 0.9737 0.1227
vn 0.1884 -0.9747 -0.1205
vn -0.8281 0.2224 0.5145
vn 0.2952 0.9363 -0.1901
vn 0.8268 -0.2276 -0.5144
vn -0.3038 -0.9324 0.1957
vn 0.5570 -0.8290 0.0502
vn 0.1044 0.9945 0.0094
vn -0.5553 0.8301 -0.0501
vn -0.1019 -0.9948 -0.0092
vn 0.1044 0.9945 0.0096
vn -0.2073 -0.9781 -0.0180
vn 0.2024 0.9792 0.0174
vn -0.5552 0.8302 -0.0501
vn 0.9220 -0.3780 0.0839
vn 0.5569 -0.8290 0.0504
vn -0.9236 0.3740 -0.0840
vn -0.4350 0.2178 -0.8737
vn 0.1842 0.3642 -0.9129
vn 0.8172 0.4075 -0.4075
vn 0.4374 -0.2192 -0.8721
vn 0.3341 -0.6674 -0.6656
vn -0.1816 -0.3657 -0.9128
vn -0.8161 -0.4082 -0.4091
vn -0.0005 -1.0000 0.0009
vn -0.4478 -0.8941 -0.0000
vn 0.0006 -0.7077 -0.7065
vn -0.8160 -0.4084 -0.4091
vn -0.8941 0.4478 -0.0015
vn -0.0005 -1.0000 0.0008
vn 0.8941 -0.4478 0.0016
vn 0.4478 0.8941 -0.0001
vn 0.8922 -0.4047 -0.2006
vn 0.8310 0.5063 0.2304
vn 0.9342 0.1595 -0.3191
vn 0.9725 0.1897 0.1354
vn 0.9331 -0.1605 0.3218
vn 0.8429 -0.1655 -0.5120
vn 0.8418 -0.5136 0.1663
vn 0.8920 0.4038 0.2031
vn 0.0010 -0.4481 -0.8940
vn -0.0014 -0.7065 0.7077
vn 0.0011 0.8940 -0.4481
vn -0.0006 0.7077 0.7065
vn 0.7061 0.0002 0.7081
vn 0.4461 0.0005 0.8950
vn -0.0014 0.0008 1.0000
vn 0.8937 -0.0001 0.4486
vn 0.4460 0.0005 0.8950
vn -0.7081 0.0010 0.7061
vn -0.8950 0.0007 0.4461
vn -0.4486 0.0010 0.8937
vn -0.8950 0.0008 0.4461
vn 0.8938 0.0001 0.4486
vn 0.7062 0.0002 0.7081
vn -0.4486 0.0011 0.8937
vn 0.8937 -0.0002 0.4486
vn 0.4460 0.0006 0.8950
vn -0.8950 0.0008 0.4460
vn 0.8937 -0.0001 0.4487
vn -0.4487 0.0010 0.8937
vn -0.8950 0.0009 0.4461
vn -0.7082 0.0010 0.7060
vn -0.8361 -0.2581 0.4841
vn -0.3212 0.9436 0.0806
vn -0.1750 0.1817 0.9677
vn -0.1823 0.0085 -0.9832
vn -0.1737 0.9836 -0.0492
vn -0.0213 0.9994 0.0264
vn 0.0885 0.9922 -0.0879
vn -0.0185 -0.9970 0.0753
vn 0.0452 0.9974 -0.0567
vn 0.0253 0.9997 -0.0042
vn 0.0095 0.9921 -0.1254
vn -0.0039 0.9925 -0.1224
vn -0.1757 0.9844 -0.0086
vn 0.0947 0.9902 -0.1026
vn -0.3193 -0.9472 -0.0284
vn -0.3196 -0.9471 -0.0284
vn -0.9522 -0.3019 0.0476
vn -0.8543 -0.5196 0.0139
vn -0.9349 -0.3529 0.0385
vn -0.9989 -0.0288 -0.0375
vn -0.9843 0.0497 0.1694
vn -0.9475 0.0641 -0.3131
vn 0.8306 -0.5566 -0.0158
vn -0.4239 0.9021 -0.0808
vn -0.9822 -0.1416 -0.1231
vn -0.9823 -0.1415 -0.1231
vn -0.3212 0.9436 0.0807
vn -0.5778 -0.7785 0.2453
vn -0.3211 0.9436 0.0806
vn -0.1735 0.9842 0.0354
vn -0.9974 0.0427 0.0581
vn -0.9974 0.0426 0.0580
vn 0.2681 0.9628 0.0349
vn 0.7422 -0.6017 0.2951
vn 0.2681 0.9628 0.0348
vn 0.7422 -0.6016 0.2952
vn 0.7335 -0.6797 0.0016
vn 0.7441 -0.6662 -0.0495
vn 0.7335 -0.6796 0.0016
vn 0.7440 -0.6663 -0.0496
vn 0.1477 -0.9889 0.0166
vn 0.9996 -0.0282 0.0015
vn 0.8305 -0.5567 -0.0160
vn 0.9879 -0.0399 0.1499
vn -0.9823 -0.1414 -0.1230
vn -0.9992 0.0359 0.0169
vn 0.4241 0.8960 0.1319
vn 0.7280 0.6640 0.1704
vn 0.5885 0.7962 0.1402
vn 0.3937 0.9178 0.0515
vn 0.9811 0.1217 0.1507
vn -0.4821 -0.7024 -0.5236
vn -0.9198 -0.2297 -0.3181
vn -0.0017 0.0803 0.9968
vn -0.6855 0.0850 -0.7231
vn 0.7016 -0.1864 0.6878
vn 0.0091 -0.9910 -0.1337
vn 0.7018 -0.1866 0.6875
vn 0.4582 0.2595 -0.8501
vn -0.0001 -0.9563 -0.2925
vn -0.1045 -0.9739 0.2014
vn 0.0663 0.9571 -0.2820
vn 0.0216 0.9771 -0.2115
vn 0.1733 0.9613 -0.2142
vn 0.9569 0.2422 -0.1600
vn 0.0499 0.9863 -0.1575
vn 0.3176 0.8064 -0.4989
vn 0.9360 0.3507 0.0290
vn 0.9742 0.2072 0.0888
vn 0.6908 0.7209 -0.0559
vn -0.8650 -0.5010 0.0291
vn -0.8650 -0.5009 0.0292
vn 0.6907 0.7209 -0.0559
vn 0.9569 0.2422 -0.1602
vn 0.9840 0.0534 -0.1700
vn 0.0170 0.0017 0.9999
vn 0.9743 0.2073 0.0887
vn 0.9361 0.3505 0.0291
vn 0.0452 0.9974 -0.0568
vn 0.0253 0.9997 -0.0043
vn -0.1755 0.9844 -0.0086
vn -0.9136 -0.0756 0.3995
vn 0.9778 0.1240 -0.1691
vn 0.9991 0.0406 0.0140
vn -0.9999 0.0073 -0.0075
vn 0.6959 0.5769 -0.4276
vn -0.5080 -0.4365 -0.7426
vn -0.6047 0.1193 -0.7875
vn 0.7554 0.6256 0.1951
vn 0.8999 0.0158 0.4357
vn 0.6959 0.5768 -0.4277
vn 0.7554 0.6256 0.1952
vn -0.9496 0.2522 0.1859
vn -0.5629 0.8030 0.1955
vn 0.0579 0.6257 -0.7779
vn -0.1165 -0.3766 0.9190
vn -0.5645 0.7998 0.2040
vn -0.0690 -0.9976 -0.0112
vn -0.9842 0.1250 0.1251
vn -0.0406 -0.9985 0.0379
vn -0.1823 0.0082 -0.9832
vn -0.0603 -0.9647 0.2565
vn -0.9333 -0.3580 -0.0279
vn -0.0074 -0.9495 0.3138
vn 0.0339 -0.9550 0.2948
vn -0.0068 -0.9585 0.2851
vn 0.1002 -0.9949 -0.0079
vn 0.1002 -0.9949 -0.0082
vn 0.9778 0.1241 -0.1691
vn -0.0065 0.2134 -0.9770
vn -0.0154 0.2127 -0.9770
vn 0.9778 0.1242 -0.1690
vn 0.9991 0.0405 0.0138
vn -0.0953 0.9519 0.2913
vn -0.8233 0.3675 0.4325
vn 0.1137 -0.9624 0.2469
vn -0.1196 0.3209 -0.9395
vn 0.9000 0.0157 0.4356
vn -0.1964 0.0656 0.9783
vn -0.9497 0.2521 0.1859
vn 0.9000 0.0156 0.4356
vn 0.6960 0.5768 -0.4276
vn -0.5081 -0.4364 -0.7426
vn -0.6047 0.1192 -0.7875
vn -0.1165 -0.3769 0.9189
vn -0.6419 0.7525 0.1477
vn -0.1164 -0.3769 0.9189
vn -0.6418 0.7525 0.1478
vn -0.5082 0.8237 0.2513
vn -0.5644 0.7999 0.2040
vn -0.4825 0.8702 0.0996
vn 0.5626 0.4516 -0.6925
vn 0.9725 0.2221 0.0695
vn 0.5627 0.4515 -0.6925
vn 0.9726 0.2220 0.0695
vn 0.0570 -0.9981 0.0247
vn -0.9988 -0.0463 -0.0157
vn -0.4983 -0.7715 -0.3956
vn 0.6877 0.6670 0.2866
vn -0.0838 0.9900 -0.1137
vn -0.0125 -0.9984 0.0555
vn 1.0000 -0.0003 0.0014
vn -0.4985 -0.7714 -0.3956
vn -0.0021 0.9933 -0.1156
vn -0.0838 0.9900 -0.1138
vn -0.4988 0.7719 0.3942
vn 1.0000 -0.0006 0.0014
vn 0.0262 0.9911 -0.1308
vn -0.0020 0.9933 -0.1156
vn 0.6248 -0.7212 -0.2992
vn -0.4988 0.7720 0.3941
vn 0.0010 0.9962 -0.0875
vn 0.0261 0.9911 -0.1308
vn -0.4531 -0.1563 0.8776
vn 0.6247 -0.7212 -0.2994
vn 0.1903 0.8493 -0.4924
vn 0.0012 0.9962 -0.0875
vn -0.4529 -0.1564 0.8777
vn 0.1901 0.8493 -0.4925
vn -0.2243 -0.8326 0.5063
vn 0.9979 0.0085 -0.0637
vn -0.9964 0.0659 -0.0527
vn -0.9734 0.0173 0.2286
vn 0.9786 0.0323 0.2032
vn -0.0212 0.9994 0.0264
vn -0.9843 0.1249 0.1251
vn -0.1824 0.0083 -0.9832
vn -0.0726 -0.2016 0.9768
vn 0.0417 -0.9762 -0.2129
vn 0.0481 0.9663 0.2530
vn -0.1420 0.2240 -0.9642
vn 0.1162 0.9923 0.0433
vn -0.0675 -0.0838 -0.9942
vn 0.1154 0.9927 -0.0349
vn 0.7685 -0.6127 0.1844
vn 0.4076 0.9095 -0.0812
vn -0.9975 -0.0549 0.0450
vn -0.5530 0.6872 -0.4712
vn 0.7684 -0.6128 0.1844
vn -0.0952 -0.9899 -0.1048
vn 0.9924 0.0507 -0.1124
vn -0.9975 -0.0549 0.0451
vn 0.0212 0.0023 -0.9998
vn -0.9733 0.0173 0.2288
vn 0.0650 0.0003 0.9979
vn 0.7422 -0.6016 0.2953
vn 0.7422 -0.6017 0.2952
vn -0.9978 0.0434 0.0502
vn -0.1316 0.0047 0.9913
vn 0.0219 0.9962 0.0844
vn -0.0885 -0.9942 0.0612
vn -0.6321 -0.7613 -0.1449
vn 0.9218 -0.3876 0.0016
vn -0.5528 0.6872 -0.4713
vn 0.2680 0.9628 0.0348
vn -0.0214 0.9994 0.0264
vn -0.9909 -0.1244 0.0511
vn -0.1730 0.9843 0.0354
vn -0.9974 0.0426 0.0581
vn -0.5777 -0.7785 0.2453
vn -0.5776 -0.7786 0.2453
vn 0.9570 -0.0457 0.2865
vn -0.1735 0.9842 0.0355
vn 0.2679 0.9628 0.0348
vn -0.9974 0.0425 0.0581
vn 0.7336 -0.6796 0.0016
vn 0.1478 -0.9889 0.0167
vn 0.9996 -0.0284 -0.0074
vn 0.7332 -0.6800 0.0012
vn 0.7441 -0.6663 -0.0496
vn -0.1749 0.1814 0.9677
vn -0.1822 0.0082 -0.9832
vn -0.0603 -0.9647 0.2564
vn -0.0021 -0.9967 0.0807
vn 0.1479 -0.9889 0.0167
vn -0.9956 -0.0935 -0.0042
vn 0.0216 0.0005 -0.9998
vn 0.8980 0.4398 0.0104
vn 0.8980 0.4399 0.0104
vn 0.3679 0.9120 -0.1817
vn -0.0952 -0.9899 -0.1049
vn 0.3678 0.9120 -0.1816
vn 0.4077 0.9095 -0.0812
vn -0.0885 -0.9942 0.0613
vn 0.1161 0.9923 0.0432
vn 0.0220 0.9962 0.0843
vn -0.0886 -0.9942 0.0611
vn 0.9217 -0.3879 0.0016
vn 0.9218 -0.3877 0.0016
vn -0.6321 -0.7613 -0.1448
vn -0.5529 0.6873 -0.4711
vn -0.5528 0.6873 -0.4712
vn -0.9814 -0.0630 -0.1811
vn 0.0100 -0.0005 -0.9999
vn -0.5776 -0.7785 0.2453
vn 0.9570 -0.0457 0.2864
vn 0.0011 0.9962 -0.0875
vn 0.0263 0.9911 -0.1308
vn -0.0006 -0.9985 0.0555
vn 0.6877 0.6671 0.2865
vn -0.0124 -0.9984 0.0556
vn 0.1135 -0.9624 0.2468
vn -0.1198 0.3210 -0.9395
vn 0.9736 -0.2279 0.0138
vn -0.2244 -0.8326 0.5064
vn 0.1902 0.8493 -0.4925
vn -0.0245 -0.9947 0.0999
vn -0.0125 -0.9984 0.0556
vn -0.0123 -0.9984 0.0556
vn 0.1314 -0.9883 0.0771
vn 0.1137 -0.9624 0.2468
vn 0.0217 0.9771 -0.2115
vn -0.0079 -0.9495 0.3137
vn -0.0543 -0.9813 0.1846
vn -0.0543 -0.9814 0.1843
vn -0.0727 -0.2014 0.9768
vn 0.0416 -0.9762 -0.2128
vn 0.0416 -0.9762 -0.2129
vn -0.0728 -0.2015 0.9768
vn 0.9569 0.2424 -0.1600
vn 0.0498 0.9863 -0.1575
vn -0.0185 -0.9970 0.0755
vn -0.9815 -0.0631 -0.1810
vn -0.6320 -0.7613 -0.1449
vn 0.0127 0.0001 -0.9999
vn 0.0628 -0.0006 0.9980
vn -0.9990 -0.0279 0.0337
vn -0.0022 -0.9967 0.0807
vn 0.9786 0.0325 0.2032
vn -0.9513 0.2929 -0.0961
vn -0.9620 0.2732 -0.0016
vn -0.5516 0.6350 0.5409
vn -0.0907 0.9709 0.2216
vn -0.0002 0.8914 0.4532
vn 0.0014 -0.0009 -1.0000
vn -0.9816 -0.0166 -0.1902
vn -0.9548 -0.2376 -0.1785
vn -0.9198 -0.2297 -0.3180
vn 0.9811 0.1216 0.1507
vn 0.6082 0.7547 0.2460
vn 0.4201 0.8190 0.3909
vn 0.3645 0.8286 0.4249
vn 0.3935 0.9179 0.0514
vn -0.9135 -0.0756 0.3997
vn -0.9807 0.1206 0.1538
vn 0.3136 0.4893 0.8138
vn 0.0632 -0.0041 0.9980
vn 0.9991 0.0204 0.0360
vn 0.1903 0.8493 -0.4925
vn 0.0339 -0.9550 0.2947
vn 0.1002 -0.9949 -0.0081
vn -0.0439 0.9904 0.1313
vn -0.0031 0.2131 -0.9770
vn -0.0953 0.9519 0.2912
vn 0.0570 -0.9981 0.0246
vn -0.9988 -0.0464 -0.0156
vn -0.0154 0.2124 -0.9771
vn 0.1002 -0.9949 -0.0080
vn -0.0078 -0.9495 0.3137
vn 0.0690 0.9912 -0.1129
vn 0.0131 -0.0613 -0.9980
vn -0.0437 -0.9764 -0.2113
vn 0.0689 0.9912 -0.1126
vn -0.0686 -0.9966 -0.0455
vn 0.0497 0.9863 -0.1576
vn -0.1424 0.2208 -0.9649
vn -0.0619 -0.9832 -0.1714
vn 0.4239 0.8960 0.1319
vn 0.0497 0.9863 -0.1574
vn 0.0130 -0.0613 -0.9980
vn -0.8234 0.3675 0.4325
vn -0.7624 0.0316 -0.6463
vn 0.9598 0.1437 0.2410
vn -0.2243 -0.8327 0.5064
vn -0.1198 0.3209 -0.9395
vn 0.9736 -0.2278 0.0139
vn -0.3278 0.0343 0.9441
vn -0.2243 -0.8327 0.5063
vn -0.3172 -0.0592 -0.9465
vn -0.8962 -0.0532 0.4405
vn 0.0624 0.0034 0.9980
vn 0.1136 -0.9623 0.2469
vn 0.0850 -0.9963 0.0159
vn 0.3135 0.4893 0.8138
vn -0.0154 0.2125 -0.9770
vn 0.9778 0.1239 -0.1690
vn -0.9135 -0.0755 0.3997
vn 0.1961 -0.2661 -0.9438
vn -0.0098 -0.9585 0.2851
vn 0.7017 -0.1866 0.6876
vn -0.9135 -0.0756 0.3996
vn -0.9999 0.0073 -0.0074
vn 0.4583 0.2594 -0.8501
vn -0.0000 -0.9562 -0.2926
vn 0.0480 0.9663 0.2530
vn -0.0727 -0.2015 0.9768
vn -0.0543 -0.9813 0.1845
vn 0.0690 0.9912 -0.1126
vn 0.4240 0.8960 0.1319
vn -0.0436 -0.9764 -0.2113
vn -0.0747 -0.9934 -0.0870
vn 0.7281 0.6640 0.1705
vn 0.3176 0.8063 -0.4990
vn 0.5887 0.7961 0.1402
vn 0.6075 -0.5531 -0.5701
vn 0.3174 0.8064 -0.4990
vn 0.9811 0.1215 0.1506
vn 0.5057 0.7391 0.4450
vn 0.6082 0.7547 0.2462
vn 0.9810 0.1217 0.1507
vn 0.9360 0.3507 0.0292
vn -0.8650 -0.5009 0.0291
vn -0.5528 0.6873 -0.4711
vn 0.1902 0.8493 -0.4924
vn 0.3579 -0.0427 0.9328
vn -0.8365 0.1057 -0.5376
vn -0.8233 0.3675 0.4326
vn 0.0885 0.9922 -0.0878
vn 0.9996 0.0221 0.0196
vn 0.1961 -0.2660 -0.9438
vn -0.6856 0.0852 -0.7230
vn -0.0075 -0.9495 0.3138
vn 0.0098 -0.0005 -1.0000
vn -0.8362 -0.2581 0.4840
vn 0.0581 0.6256 -0.7780
vn -0.5629 0.8031 0.1954
vn 0.0580 0.6258 -0.7778
vn -0.5629 0.8031 0.1955
vn -0.1166 -0.3767 0.9190
vn -0.3996 0.8308 -0.3874
vn 0.3680 0.9119 -0.1816
vn 0.9742 0.2075 0.0887
vn -0.0405 -0.9985 0.0379
vn 0.8979 0.4400 0.0103
vn -0.9975 -0.0550 0.0451
vn -0.0951 -0.9899 -0.1049
vn -0.8909 -0.0928 0.4445
vn -0.3195 -0.9472 -0.0283
vn 0.0119 0.0056 -0.9999
vn 0.0849 -0.9963 0.0159
vn 0.1477 -0.9889 0.0167
vn 0.9996 -0.0284 0.0015
vn 0.9991 0.0204 0.0361
vn 0.3134 0.4894 0.8138
vn 0.0643 0.0063 0.9979
vn -0.0124 -0.9984 0.0555
vn -0.3195 -0.9472 -0.0284
vn -0.0543 -0.9813 0.1844
vn -0.0034 0.0803 0.9968
vn -0.0439 0.9904 0.1311
vn 0.5625 0.4517 -0.6925
vn -0.3998 0.8307 -0.3874
vn 0.5628 0.4514 -0.6924
vn -0.3997 0.8308 -0.3873
vn -0.5644 0.7999 0.2039
vn 0.0579 0.6258 -0.7779
vn -0.0075 -0.9494 0.3139
vn 0.6076 -0.5531 -0.5700
vn 0.4202 0.8189 0.3909
vn 0.3647 0.8285 0.4249
vn 0.5058 0.7391 0.4449
vn -0.5013 -0.8653 0.0038
vn 0.4202 0.8189 0.3908
vn -0.8650 -0.5010 0.0292
vn 0.5057 0.7392 0.4449
vn 0.7016 -0.1864 0.6877
vn -0.6855 0.0851 -0.7231
vn -0.9136 -0.0754 0.3996
vn 0.1962 -0.2661 -0.9438
vn 0.1823 0.9577 0.2225
vn 0.3016 0.4823 0.8224
vn 0.8645 0.4295 -0.2610
vn 0.8838 0.4678 0.0008
vn 0.6232 0.6344 -0.4574
vn 0.7685 -0.6127 0.1843
vn -0.4469 0.8946 -0.0014
vn -0.8156 0.4084 -0.4098
vn -0.7799 -0.0181 -0.6257
vn -0.6447 0.3021 0.7022
vn 0.0014 -0.0339 -0.9994
vn -0.9991 0.0317 -0.0268
vn -0.9909 -0.1242 0.0511
vn 0.1135 -0.9624 0.2469
vn 0.0848 -0.9963 0.0159
vn 0.9996 -0.0283 -0.0074
vn 0.3134 0.4893 0.8138
vn -0.9909 -0.1242 0.0512
vn 0.0647 0.0003 0.9979
vn 0.7421 -0.6018 0.2953
vn -0.5079 -0.4365 -0.7426
vn 0.4812 -0.8442 0.2360
vn 0.4811 -0.8443 0.2359
vn -0.8362 -0.2580 0.4840
vn 0.8306 -0.5567 -0.0161
vn 0.6960 0.5768 -0.4277
vn -0.9475 0.0641 -0.3132
vn -0.9476 0.0642 -0.3131
vn 0.4812 -0.8443 0.2360
vn 0.9879 -0.0400 0.1500
vn 0.8306 -0.5567 -0.0160
vn -0.1963 0.0656 0.9783
vn -0.9974 0.0427 0.0580
vn -0.1319 0.0047 0.9913
vn -0.4529 -0.1563 0.8778
vn -0.3175 -0.0592 -0.9464
vn -0.3280 0.0343 0.9440
vn -0.1197 0.3209 -0.9395
vn 0.7440 -0.6664 -0.0496
vn 0.9979 0.0085 -0.0636
vn 0.3581 -0.0428 0.9327
vn -0.7623 0.0315 -0.6465
vn -0.8367 0.1057 -0.5374
vn 0.9840 0.0535 -0.1702
vn -0.9733 0.0173 0.2287
vn -0.9476 0.0641 -0.3131
vn -0.1164 -0.3767 0.9190
vn -0.5079 -0.4366 -0.7426
vn 0.8946 0.4469 0.0009
vn 0.3348 0.6659 -0.6667
vn 0.0570 -0.9981 0.0245
vn -0.0154 0.2126 -0.9770
vn 0.5886 0.7962 0.1402
vn 0.3175 0.8064 -0.4990
vn 0.6077 -0.5530 -0.5700
vn 0.5057 0.7391 0.4449
vn -0.5014 -0.8652 0.0037
vn -0.5013 -0.8653 0.0037
vn -0.8650 -0.5009 0.0293
vn 0.9811 0.1217 0.1506
vn -0.8650 -0.5009 0.0290
vn -0.9198 -0.2298 -0.3181
vn 0.9360 0.3507 0.0291
vn 0.0170 0.0016 0.9999
vn 0.9742 0.2074 0.0888
vn 0.9996 0.0221 0.0197
vn 0.9569 0.2423 -0.1600
vn -0.5013 -0.8652 0.0040
vn 0.8305 -0.5568 -0.0160
vn -0.4240 0.9020 -0.0809
vn -0.9822 -0.1417 -0.1230
vn -0.9476 0.0639 -0.3131
vn -0.8361 -0.2580 0.4840
vn -0.4240 0.9020 -0.0808
vn 0.6908 0.7209 -0.0560
vn 0.9742 0.2074 0.0887
vn -0.0018 0.0803 0.9968
vn -0.6855 0.0852 -0.7231
vn 0.1962 -0.2660 -0.9438
vn -0.0068 -0.9585 0.2850
vn 0.1962 -0.2662 -0.9438
vn -0.9136 -0.0753 0.3996
vn -0.9991 0.0317 -0.0267
vn -0.9992 0.0360 0.0169
vn -0.5777 -0.7786 0.2453
vn -0.4240 0.9020 -0.0807
vn -0.5777 -0.7785 0.2454
vn -0.3214 0.9435 0.0806
vn 0.6959 0.5769 -0.4277
vn -0.9475 0.0640 -0.3132
vn 0.8306 -0.5566 -0.0160
vn 0.0091 -0.9910 -0.1338
vn -0.0542 -0.9814 0.1843
vn -0.0001 -0.9562 -0.2926
vn 0.7016 -0.1863 0.6877
vn -0.6856 0.0851 -0.7230
vn 0.7017 -0.1863 0.6877
vn -0.0014 0.0803 0.9968
vn 0.7017 -0.1865 0.6877
vn 0.7016 -0.1865 0.6878
vn 0.4812 -0.8443 0.2359
vn 0.6960 0.5767 -0.4278
vn -0.5080 -0.4366 -0.7425
vn -0.1165 -0.3767 0.9190
vn -0.5629 0.8031 0.1956
vn -0.0687 -0.9966 -0.0456
vn -0.0728 -0.2014 0.9768
vn -0.0728 -0.2016 0.9768
vn -0.0686 -0.9966 -0.0456
vn 0.0497 0.9863 -0.1575
vn -0.0437 -0.9764 -0.2114
vn 0.4241 0.8959 0.1319
vn 0.0689 0.9912 -0.1127
vn -0.0749 -0.9934 -0.0869
vn -0.0619 -0.9833 -0.1714
vn 0.5626 0.4514 -0.6925
vn -0.5645 0.7999 0.2039
vn -0.0438 0.9904 0.1313
vn 0.5627 0.4516 -0.6924
vn -0.0439 0.9904 0.1312
vt 0.003000 0.087000
vt 0.003000 0.009000
vt 0.007000 0.009000
vt 0.058000 0.382000
vt 0.011000 0.448000
vt 0.011000 0.323000
vt 0.058000 0.298000
vt 0.011000 0.298000
vt 0.011000 0.271000
vt 0.060000 0.212000
vt 0.107000 0.254000
vt 0.216000 0.087000
vt 0.192000 0.009000
vt 0.218000 0.009000
vt 0.376000 0.448000
vt 0.421000 0.476000
vt 0.421000 0.468000
vt 0.425000 0.476000
vt 0.425000 0.468000
vt 0.425000 0.462000
vt 0.429000 0.468000
vt 0.429000 0.462000
vt 0.060000 0.087000
vt 0.038000 0.009000
vt 0.060000 0.009000
vt 0.085000 0.009000
vt 0.013000 0.087000
vt 0.013000 0.009000
vt 0.003000 0.146000
vt 0.011000 0.146000
vt 0.011000 0.099000
vt 0.106000 0.009000
vt 0.106000 0.087000
vt 0.501000 0.534000
vt 0.624000 0.534000
vt 0.624000 0.593000
vt 0.501000 0.593000
vt 0.421000 0.310000
vt 0.376000 0.298000
vt 0.421000 0.296000
vt 0.003000 0.323000
vt 0.003000 0.298000
vt 0.003000 0.271000
vt 0.003000 0.507000
vt 0.003000 0.585000
vt 0.011000 0.585000
vt 0.421000 0.462000
vt 0.429000 0.476000
vt 0.376000 0.146000
vt 0.376000 0.099000
vt 0.421000 0.099000
vt 0.376000 0.087000
vt 0.421000 0.087000
vt 0.376000 0.009000
vt 0.421000 0.009000
vt 0.347000 0.009000
vt 0.327000 0.087000
vt 0.237000 0.009000
vt 0.274000 0.087000
vt 0.274000 0.009000
vt 0.288000 0.009000
vt 0.161000 0.087000
vt 0.161000 0.009000
vt 0.161000 0.099000
vt 0.216000 0.099000
vt 0.161000 0.146000
vt 0.216000 0.179000
vt 0.140000 0.009000
vt 0.274000 0.298000
vt 0.216000 0.255000
vt 0.274000 0.210000
vt 0.327000 0.255000
vt 0.216000 0.341000
vt 0.216000 0.298000
vt 0.499000 0.577000
vt 0.438000 0.577000
vt 0.499000 0.456000
vt 0.438000 0.456000
vt 0.425000 0.341000
vt 0.429000 0.341000
vt 0.425000 0.366000
vt 0.429000 0.366000
vt 0.161000 0.448000
vt 0.106000 0.415000
vt 0.106000 0.495000
vt 0.058000 0.507000
vt 0.087000 0.585000
vt 0.106000 0.507000
vt 0.058000 0.585000
vt 0.421000 0.495000
vt 0.327000 0.009000
vt 0.058000 0.495000
vt 0.058000 0.448000
vt 0.161000 0.212000
vt 0.107000 0.180000
vt 0.106000 0.099000
vt 0.161000 0.298000
vt 0.011000 0.495000
vt 0.003000 0.448000
vt 0.421000 0.114000
vt 0.501000 0.454000
vt 0.501000 0.470000
vt 0.765000 0.454000
vt 0.983000 0.372000
vt 0.983000 0.253000
vt 0.893000 0.253000
vt 0.893000 0.372000
vt 0.893000 0.283000
vt 0.893000 0.342000
vt 0.893000 0.312000
vt 0.885000 0.312000
vt 0.877000 0.253000
vt 0.885000 0.253000
vt 0.444000 0.082000
vt 0.437000 0.082000
vt 0.437000 0.153000
vt 0.444000 0.153000
vt 0.792000 0.253000
vt 0.791000 0.254000
vt 0.875000 0.253000
vt 0.274000 0.099000
vt 0.327000 0.099000
vt 0.274000 0.146000
vt 0.327000 0.341000
vt 0.327000 0.298000
vt 0.376000 0.255000
vt 0.327000 0.415000
vt 0.274000 0.384000
vt 0.452000 0.194000
vt 0.452000 0.245000
vt 0.440000 0.194000
vt 0.440000 0.245000
vt 0.765000 0.530000
vt 0.633000 0.530000
vt 0.501000 0.530000
vt 0.438000 0.250000
vt 0.440000 0.165000
vt 0.452000 0.165000
vt 0.425000 0.296000
vt 0.425000 0.284000
vt 0.429000 0.284000
vt 0.429000 0.296000
vt 0.425000 0.310000
vt 0.425000 0.323000
vt 0.429000 0.310000
vt 0.429000 0.323000
vt 0.108000 0.585000
vt 0.995000 0.372000
vt 0.995000 0.253000
vt 0.439000 0.372000
vt 0.539000 0.372000
vt 0.439000 0.253000
vt 0.539000 0.253000
vt 0.554000 0.165000
vt 0.554000 0.245000
vt 0.999000 0.452000
vt 0.999000 0.376000
vt 0.702000 0.452000
vt 0.702000 0.376000
vt 0.438000 0.452000
vt 0.438000 0.376000
vt 0.998000 0.253000
vt 0.998000 0.372000
vt 0.700000 0.167000
vt 0.700000 0.249000
vt 0.989000 0.167000
vt 0.989000 0.249000
vt 0.989000 0.165000
vt 0.989000 0.245000
vt 0.895000 0.372000
vt 0.895000 0.253000
vt 0.877000 0.372000
vt 0.845000 0.011000
vt 0.989000 0.011000
vt 0.845000 0.001000
vt 0.989000 0.001000
vt 0.425000 0.138000
vt 0.429000 0.138000
vt 0.425000 0.151000
vt 0.429000 0.151000
vt 0.425000 0.099000
vt 0.429000 0.099000
vt 0.425000 0.114000
vt 0.429000 0.114000
vt 0.425000 0.087000
vt 0.429000 0.087000
vt 0.429000 0.009000
vt 0.550000 0.372000
vt 0.711000 0.372000
vt 0.711000 0.253000
vt 0.550000 0.253000
vt 0.630000 0.253000
vt 0.994000 0.253000
vt 0.894000 0.253000
vt 0.994000 0.372000
vt 0.894000 0.372000
vt 0.446000 0.157000
vt 0.446000 0.165000
vt 0.554000 0.157000
vt 0.989000 0.157000
vt 0.794000 0.253000
vt 0.450000 0.157000
vt 0.450000 0.165000
vt 0.700000 0.157000
vt 0.700000 0.001000
vt 0.700000 0.011000
vt 0.573000 0.001000
vt 0.573000 0.011000
vt 0.446000 0.001000
vt 0.446000 0.011000
vt 0.626000 0.254000
vt 0.627000 0.253000
vt 0.545000 0.253000
vt 0.107000 0.340000
vt 0.161000 0.382000
vt 0.216000 0.415000
vt 0.216000 0.495000
vt 0.274000 0.448000
vt 0.274000 0.495000
vt 0.327000 0.495000
vt 0.274000 0.507000
vt 0.327000 0.507000
vt 0.290000 0.585000
vt 0.327000 0.585000
vt 0.274000 0.585000
vt 0.237000 0.585000
vt 0.216000 0.507000
vt 0.216000 0.585000
vt 0.194000 0.585000
vt 0.376000 0.384000
vt 0.421000 0.448000
vt 0.421000 0.417000
vt 0.448000 0.167000
vt 0.448000 0.247000
vt 0.700000 0.247000
vt 0.444000 0.011000
vt 0.437000 0.011000
vt 0.708000 0.255000
vt 0.710000 0.253000
vt 0.327000 0.179000
vt 0.376000 0.210000
vt 0.448000 0.157000
vt 0.421000 0.126000
vt 0.421000 0.138000
vt 0.425000 0.126000
vt 0.421000 0.284000
vt 0.161000 0.507000
vt 0.144000 0.585000
vt 0.421000 0.255000
vt 0.421000 0.233000
vt 0.425000 0.233000
vt 0.425000 0.255000
vt 0.429000 0.233000
vt 0.429000 0.255000
vt 0.421000 0.151000
vt 0.161000 0.585000
vt 0.347000 0.585000
vt 0.376000 0.507000
vt 0.376000 0.585000
vt 0.421000 0.507000
vt 0.421000 0.585000
vt 0.425000 0.507000
vt 0.429000 0.585000
vt 0.429000 0.507000
vt 0.425000 0.448000
vt 0.429000 0.448000
vt 0.376000 0.495000
vt 0.161000 0.495000
vt 0.376000 0.341000
vt 0.421000 0.341000
vt 0.421000 0.323000
vt 0.060000 0.099000
vt 0.060000 0.144000
vt 0.017000 0.009000
vt 0.429000 0.126000
vt 0.032000 0.009000
vt 0.026000 0.009000
vt 0.021000 0.009000
vt 0.011000 0.507000
vt 0.038000 0.585000
vt 0.026000 0.585000
vt 0.046000 0.585000
vt 0.019000 0.585000
vt 0.421000 0.271000
vt 0.425000 0.271000
vt 0.429000 0.271000
vt 0.106000 0.298000
vt 0.421000 0.366000
vt 0.425000 0.417000
vt 0.429000 0.417000
vt 0.425000 0.495000
vt 0.429000 0.495000
vt 0.700000 0.082000
vt 0.573000 0.082000
vt 0.446000 0.082000
vt 0.845000 0.082000
vt 0.989000 0.082000
vt 0.700000 0.153000
vt 0.845000 0.153000
vt 0.446000 0.153000
vt 0.573000 0.153000
vt 0.989000 0.153000
vt 0.124000 0.999000
vt 0.062000 0.999000
vt 0.124000 0.845000
vt 0.062000 0.845000
vt 0.001000 0.999000
vt 0.001000 0.845000
vt 0.187000 0.845000
vt 0.187000 0.999000
vt 0.687000 0.905000
vt 0.749000 0.905000
vt 0.687000 0.751000
vt 0.749000 0.751000
vt 0.624000 0.905000
vt 0.563000 0.905000
vt 0.624000 0.751000
vt 0.563000 0.751000
vt 0.687000 0.749000
vt 0.749000 0.749000
vt 0.687000 0.595000
vt 0.749000 0.595000
vt 0.624000 0.595000
vt 0.624000 0.749000
vt 0.563000 0.595000
vt 0.563000 0.749000
vt 0.015000 0.821000
vt 0.015000 0.610000
vt 0.021000 0.821000
vt 0.021000 0.610000
vt 0.313000 0.632000
vt 0.313000 0.843000
vt 0.319000 0.632000
vt 0.319000 0.843000
vt 0.319000 0.817000
vt 0.313000 0.817000
vt 0.005000 0.790000
vt 0.005000 0.804000
vt 0.001000 0.790000
vt 0.001000 0.804000
vt 0.001000 0.647000
vt 0.005000 0.647000
vt 0.015000 0.827000
vt 0.015000 0.841000
vt 0.296000 0.827000
vt 0.296000 0.841000
vt 0.296000 0.610000
vt 0.296000 0.595000
vt 0.015000 0.595000
vt 0.313000 0.827000
vt 0.313000 0.841000
vt 0.007000 0.765000
vt 0.007000 0.786000
vt 0.001000 0.765000
vt 0.001000 0.786000
vt 0.001000 0.616000
vt 0.007000 0.616000
vt 0.313000 0.610000
vt 0.294000 0.817000
vt 0.294000 0.610000
vt 0.021000 0.817000
vt 0.313000 0.595000
vt 0.001000 0.595000
vt 0.007000 0.595000
vt 0.003000 0.827000
vt 0.003000 0.610000
vt 0.319000 0.610000
vt 0.003000 0.595000
vt 0.001000 0.630000
vt 0.005000 0.630000
vt 0.003000 0.841000
vt 0.337000 0.610000
vt 0.325000 0.601000
vt 0.337000 0.796000
vt 0.325000 0.812000
vt 0.462000 0.610000
vt 0.472000 0.601000
vt 0.472000 0.812000
vt 0.462000 0.796000
vt 0.319000 0.601000
vt 0.319000 0.812000
vt 0.804000 0.649000
vt 0.804000 0.532000
vt 0.751000 0.649000
vt 0.751000 0.532000
vt 0.751000 0.999000
vt 0.804000 0.882000
vt 0.804000 0.999000
vt 0.856000 0.649000
vt 0.856000 0.532000
vt 0.856000 0.766000
vt 0.804000 0.766000
vt 0.856000 0.882000
vt 0.958000 0.882000
vt 0.958000 0.766000
vt 0.907000 0.882000
vt 0.907000 0.766000
vt 0.958000 0.649000
vt 0.907000 0.649000
vt 0.751000 0.766000
vt 0.751000 0.882000
vt 0.958000 0.999000
vt 0.999000 0.882000
vt 0.999000 0.999000
vt 0.958000 0.532000
vt 0.907000 0.532000
vt 0.999000 0.649000
vt 0.999000 0.532000
vt 0.856000 0.999000
vt 0.907000 0.999000
vt 0.999000 0.766000
s 1
usemtl RefRep.15_SH_initial_loader.003
f 1/1/1 2/2/2 241/3/3
f 179/4/4 88/5/5 91/6/6
f 179/4/4 91/6/6 178/7/7
f 178/7/7 91/6/6 93/8/8
f 178/7/7 93/8/8 3/9/9
f 178/7/7 3/9/9 209/10/10
f 178/7/7 209/10/10 211/11/11
f 192/12/12 51/13/13 4/14/14
f 44/15/15 78/16/16 5/17/17
f 5/17/17 78/16/16 6/18/18
f 5/17/17 6/18/18 7/19/19
f 42/20/20 7/19/19 8/21/21
f 42/20/20 8/21/21 9/22/22
f 250/23/23 275/24/24 10/25/25
f 250/23/23 10/25/25 14/26/26
f 254/27/27 241/3/3 256/28/28
f 11/29/29 1/1/1 12/30/30
f 12/30/30 1/1/1 13/31/31
f 14/26/26 55/32/32 54/33/33
f 15/34/34 70/35/35 66/36/36
f 15/34/34 66/36/36 16/37/37
f 24/35/38 17/34/39 18/37/40
f 24/35/38 18/37/40 19/36/41
f 19/34/41 18/37/40 20/36/42
f 19/34/41 20/36/42 21/35/43
f 21/35/43 20/34/42 23/37/44
f 21/35/43 23/37/44 22/36/45
f 22/35/45 23/34/44 17/37/39
f 22/35/45 17/37/39 24/36/38
f 26/35/38 25/34/39 28/37/40
f 26/35/38 28/37/40 27/36/41
f 27/36/41 28/37/40 29/34/42
f 27/36/41 29/34/42 30/35/46
f 30/35/46 29/34/42 31/37/44
f 30/35/46 31/37/44 32/36/45
f 32/35/45 31/34/44 25/37/39
f 32/35/45 25/37/39 26/36/38
f 123/38/47 260/39/48 124/40/49
f 33/6/50 402/8/51 125/41/52
f 125/41/52 402/8/51 35/42/53
f 402/8/51 34/9/54 35/42/53
f 35/42/53 34/9/54 36/43/55
f 34/9/54 38/30/56 36/43/55
f 36/43/55 38/30/56 37/29/57
f 38/30/56 401/31/58 37/29/57
f 37/29/57 401/31/58 39/1/59
f 127/44/60 40/45/61 41/46/62
f 7/19/19 42/20/20 43/47/63
f 7/19/19 43/47/63 5/17/17
f 5/17/17 43/47/63 44/15/15
f 6/18/18 423/48/64 7/19/19
f 7/19/19 423/48/64 8/21/21
f 207/49/65 45/50/66 267/51/67
f 267/51/67 45/50/66 46/52/68
f 267/51/67 46/52/68 264/53/69
f 264/53/69 46/52/68 47/54/70
f 264/53/69 47/54/70 265/55/71
f 46/52/68 48/56/72 47/54/70
f 46/52/68 249/57/73 48/56/72
f 49/58/74 193/59/75 192/12/12
f 49/58/74 50/60/76 193/59/75
f 193/59/75 50/60/76 79/61/77
f 85/62/78 86/63/79 51/13/13
f 85/62/78 51/13/13 192/12/12
f 85/62/78 192/12/12 83/64/80
f 83/64/80 192/12/12 52/65/81
f 83/64/80 52/65/81 53/66/82
f 53/66/82 52/65/81 82/67/83
f 54/33/33 55/32/32 56/68/84
f 106/69/85 204/70/86 205/71/87
f 106/69/85 205/71/87 208/72/88
f 106/69/85 87/73/89 57/74/90
f 58/75/91 60/76/92 65/77/93
f 65/77/93 60/76/92 59/78/94
f 60/36/92 62/35/34 59/37/94
f 59/37/94 62/35/34 61/34/95
f 62/37/34 63/34/96 61/36/95
f 61/36/95 63/34/96 64/35/97
f 63/35/96 58/36/91 64/34/97
f 64/34/97 58/36/91 65/37/93
f 66/77/36 67/78/93 16/75/37
f 16/75/37 67/78/93 68/76/91
f 67/37/93 69/36/97 68/34/91
f 68/34/91 69/36/97 71/35/98
f 69/34/97 70/37/35 71/35/98
f 71/35/98 70/37/35 15/36/34
f 72/79/99 73/80/100 441/81/101
f 441/81/101 73/80/100 74/82/102
f 454/83/103 342/84/104 75/85/105
f 346/86/106 76/87/107 345/88/108
f 346/86/106 77/89/109 76/87/107
f 78/16/16 44/15/15 427/90/110
f 79/61/77 80/91/111 249/57/73
f 79/61/77 249/57/73 193/59/75
f 300/85/112 294/92/113 299/93/114
f 81/94/115 252/95/116 53/66/82
f 81/94/115 53/66/82 82/67/83
f 53/66/82 84/96/117 83/64/80
f 84/96/117 54/33/33 83/64/80
f 83/64/80 54/33/33 85/62/78
f 56/68/84 85/62/78 54/33/33
f 85/62/78 56/68/84 86/63/79
f 210/97/118 57/74/90 87/73/89
f 286/98/119 284/44/120 89/99/121
f 286/98/119 89/99/121 88/5/5
f 88/5/5 89/99/121 90/41/122
f 88/5/5 90/41/122 91/6/6
f 91/6/6 90/41/122 92/42/123
f 91/6/6 92/42/123 93/8/8
f 93/8/8 92/42/123 94/43/124
f 93/8/8 94/43/124 3/9/9
f 3/9/9 94/43/124 11/29/29
f 3/9/9 11/29/29 12/30/30
f 95/100/125 207/49/65 267/51/67
f 164/101/126 115/102/127 172/103/128
f 97/104/129 96/105/130 163/106/131
f 97/104/129 163/106/131 141/107/132
f 141/107/132 163/106/131 202/108/133
f 141/107/132 202/108/133 101/109/134
f 101/109/134 202/108/133 98/110/135
f 99/111/136 154/112/137 203/113/138
f 464/114/139 198/115/140 143/116/141
f 464/114/139 143/116/141 100/117/142
f 101/118/134 102/119/143 141/120/132
f 102/110/143 154/107/137 103/111/144
f 84/96/117 53/66/82 252/95/116
f 104/121/145 193/59/75 248/122/146
f 248/122/146 193/59/75 249/57/73
f 105/123/147 104/121/145 248/122/146
f 259/124/148 106/69/85 107/125/149
f 259/124/148 107/125/149 260/39/48
f 260/39/48 107/125/149 208/72/88
f 260/39/48 208/72/88 218/126/150
f 242/127/151 190/128/152 259/124/148
f 468/129/153 115/130/127 199/131/140
f 199/131/140 115/130/127 116/132/140
f 108/133/154 172/103/128 466/134/154
f 466/134/154 172/103/128 115/101/127
f 466/134/154 115/101/127 468/135/153
f 110/134/154 109/133/155 196/103/156
f 110/134/154 196/103/156 108/135/154
f 108/135/154 196/103/156 172/101/128
f 201/131/157 111/132/157 109/129/155
f 109/129/155 111/132/157 196/130/156
f 112/114/155 461/117/158 200/115/157
f 200/115/157 461/117/158 113/116/159
f 114/136/160 164/136/126 172/136/128
f 116/137/140 115/138/127 132/130/140
f 116/137/140 132/130/140 117/132/140
f 119/132/157 118/130/157 196/138/156
f 119/132/157 196/138/156 111/137/157
f 164/136/126 114/136/160 96/136/130
f 164/136/126 96/136/130 97/136/129
f 121/139/161 120/140/162 122/141/163
f 121/139/161 122/141/163 145/142/164
f 121/139/161 246/143/165 123/38/47
f 121/139/161 123/38/47 124/40/49
f 245/144/166 246/143/165 146/145/167
f 245/144/166 146/145/167 144/146/168
f 128/99/169 462/5/170 33/6/50
f 128/99/169 33/6/50 125/41/52
f 127/44/60 126/98/171 462/5/170
f 127/44/60 462/5/170 128/99/169
f 345/88/108 76/87/107 129/147/172
f 130/104/173 177/148/174 114/105/160
f 114/105/160 177/148/174 96/149/130
f 164/149/126 97/105/129 166/148/175
f 166/148/175 97/105/129 136/104/176
f 166/149/175 136/105/176 165/148/177
f 165/148/177 136/105/176 173/104/178
f 177/150/174 161/151/179 96/152/130
f 96/152/130 161/151/179 163/153/131
f 131/154/180 140/155/140 115/138/127
f 115/138/127 140/155/140 132/130/140
f 173/156/178 137/157/181 133/158/182
f 133/158/182 137/157/181 134/159/154
f 133/158/182 134/159/154 176/160/183
f 176/160/183 134/159/154 135/161/184
f 136/162/176 155/163/185 173/153/178
f 173/153/178 155/163/185 137/151/181
f 195/164/186 138/165/154 167/166/187
f 167/166/187 138/165/154 139/167/188
f 167/168/187 139/169/188 131/154/180
f 131/154/180 139/169/188 140/155/140
f 155/170/185 141/171/132 142/172/189
f 142/172/189 141/171/132 158/112/190
f 465/173/191 100/174/142 168/175/192
f 168/175/192 100/174/142 143/176/141
f 245/144/166 144/146/168 72/79/99
f 72/79/99 144/146/168 73/80/100
f 121/139/161 145/142/164 246/143/165
f 246/143/165 145/142/164 146/145/167
f 270/177/193 269/178/194 147/179/195
f 147/179/195 269/178/194 148/180/196
f 150/181/197 151/182/198 266/183/199
f 266/183/199 151/182/198 149/184/200
f 263/185/201 153/186/202 150/181/197
f 150/181/197 153/186/202 151/182/198
f 152/187/203 153/186/202 263/185/201
f 160/188/204 159/189/192 154/190/137
f 160/188/204 154/190/137 162/191/205
f 162/191/205 154/190/137 99/192/136
f 176/163/183 135/151/184 177/162/174
f 177/162/174 135/151/184 161/153/179
f 97/193/129 141/194/132 136/195/176
f 136/195/176 141/194/132 155/196/185
f 114/197/160 196/198/156 130/199/173
f 130/199/173 196/198/156 156/154/206
f 130/199/173 156/154/206 175/200/207
f 175/200/207 156/154/206 194/168/208
f 156/154/206 197/155/157 194/168/208
f 194/168/208 197/155/157 157/169/209
f 142/172/189 158/112/190 159/189/192
f 159/189/192 158/112/190 103/201/144
f 159/189/192 103/201/144 154/190/137
f 161/151/179 160/188/204 162/191/205
f 161/151/179 162/191/205 163/153/131
f 164/202/126 166/199/175 131/154/180
f 164/202/126 131/154/180 115/203/127
f 166/199/175 165/200/177 167/168/187
f 166/199/175 167/168/187 131/154/180
f 165/200/177 174/204/210 195/164/186
f 165/200/177 195/164/186 167/166/187
f 465/173/191 168/175/192 169/205/192
f 465/173/191 169/205/192 170/206/191
f 170/206/191 169/205/192 171/207/192
f 170/206/191 171/207/192 460/208/191
f 460/208/191 171/207/192 113/209/159
f 460/208/191 113/209/159 461/210/158
f 203/211/138 202/212/133 163/213/131
f 103/111/144 158/112/190 102/110/143
f 102/110/143 158/112/190 141/106/132
f 172/101/128 196/102/156 114/103/160
f 174/148/210 165/104/177 173/105/178
f 174/148/210 173/105/178 133/149/182
f 175/148/207 174/104/210 133/105/182
f 175/148/207 133/105/182 176/149/183
f 130/149/173 175/148/207 176/104/183
f 130/149/173 176/104/183 177/105/174
f 178/7/7 359/214/211 179/4/4
f 179/4/4 359/214/211 301/84/212
f 301/84/212 359/214/211 188/215/213
f 301/84/212 188/215/213 180/83/214
f 180/83/214 188/215/213 189/216/215
f 180/83/214 189/216/215 288/217/216
f 288/217/216 189/216/215 191/218/217
f 288/217/216 191/218/217 187/219/218
f 187/219/218 191/218/217 349/220/219
f 187/219/218 349/220/219 181/221/220
f 181/221/220 349/220/219 272/222/221
f 181/221/220 272/222/221 182/223/222
f 182/223/222 272/222/221 273/224/223
f 182/223/222 183/225/224 181/221/220
f 181/221/220 183/225/224 184/226/225
f 181/221/220 184/226/225 295/227/226
f 295/227/226 184/226/225 185/228/227
f 295/227/226 185/228/227 186/229/228
f 181/221/220 295/227/226 288/217/216
f 181/221/220 288/217/216 187/219/218
f 359/214/211 210/97/118 188/215/213
f 87/73/89 188/215/213 210/97/118
f 189/216/215 188/215/213 87/73/89
f 189/216/215 87/73/89 190/128/152
f 190/128/152 87/73/89 106/69/85
f 190/128/152 106/69/85 259/124/148
f 189/216/215 190/128/152 191/218/217
f 242/127/151 191/218/217 190/128/152
f 349/220/219 191/218/217 242/127/151
f 349/220/219 242/127/151 364/15/229
f 364/15/229 242/127/151 435/230/230
f 364/15/229 435/230/230 365/231/231
f 365/231/231 435/230/230 424/232/232
f 192/12/12 4/14/14 49/58/74
f 104/121/145 52/65/81 192/12/12
f 104/121/145 192/12/12 193/59/75
f 105/123/147 52/65/81 104/121/145
f 105/123/147 82/67/83 52/65/81
f 195/164/186 194/233/208 157/234/209
f 195/164/186 157/234/209 138/235/154
f 156/154/206 196/138/156 118/130/157
f 156/154/206 118/130/157 197/155/157
f 198/115/140 464/114/139 468/236/153
f 198/115/140 468/236/153 199/237/140
f 112/114/155 200/115/157 201/237/157
f 112/114/155 201/237/157 109/236/155
f 202/212/133 203/211/138 154/238/137
f 202/212/133 154/238/137 98/239/135
f 98/239/135 154/238/137 102/119/143
f 98/239/135 102/119/143 101/118/134
f 99/111/136 203/113/138 163/106/131
f 99/111/136 163/106/131 162/107/205
f 81/94/115 82/67/83 204/70/86
f 205/71/87 204/70/86 82/67/83
f 205/71/87 82/67/83 105/123/147
f 205/71/87 105/123/147 206/240/233
f 206/240/233 105/123/147 248/122/146
f 206/240/233 248/122/146 207/49/65
f 205/71/87 206/240/233 208/72/88
f 247/241/234 208/72/88 206/240/233
f 252/95/116 81/94/115 211/11/11
f 252/95/116 211/11/11 209/10/10
f 12/30/30 209/10/10 3/9/9
f 175/242/207 194/233/208 174/204/210
f 174/204/210 194/233/208 195/164/186
f 261/243/235 224/244/236 207/49/65
f 268/245/237 270/177/193 224/244/236
f 268/245/237 224/244/236 261/243/235
f 204/70/86 106/69/85 57/74/90
f 204/70/86 57/74/90 210/97/118
f 204/70/86 210/97/118 81/94/115
f 211/11/11 81/94/115 210/97/118
f 106/69/85 208/72/88 107/125/149
f 363/246/238 124/40/49 260/39/48
f 213/247/239 212/229/240 214/227/241
f 212/229/240 215/228/242 214/227/241
f 214/227/241 215/228/242 216/226/243
f 214/227/241 216/226/243 432/221/244
f 432/221/244 216/226/243 217/225/245
f 432/221/244 217/225/245 225/223/246
f 257/248/247 345/88/108 129/147/172
f 257/248/247 213/247/239 345/88/108
f 437/249/248 218/126/150 247/241/234
f 437/249/248 247/241/234 219/250/249
f 222/251/250 438/252/251 437/249/248
f 222/251/250 437/249/248 219/250/249
f 438/252/251 222/251/250 220/253/252
f 438/252/251 220/253/252 221/254/253
f 222/251/250 147/179/195 148/180/196
f 222/251/250 148/180/196 220/253/252
f 147/179/195 222/251/250 219/250/249
f 147/179/195 219/250/249 223/255/254
f 223/255/254 219/250/249 247/241/234
f 223/255/254 247/241/234 224/244/236
f 224/244/236 247/241/234 207/49/65
f 213/247/239 258/256/255 212/229/240
f 432/221/244 225/223/246 431/222/256
f 225/223/246 226/224/257 431/222/256
f 431/222/256 226/224/257 227/257/258
f 431/222/256 227/257/258 429/258/259
f 429/258/259 227/257/258 228/259/260
f 429/258/259 228/259/260 428/260/261
f 428/260/261 228/259/260 229/261/262
f 428/260/261 229/261/262 230/262/263
f 230/262/263 229/261/262 231/263/264
f 230/262/263 231/263/264 232/264/265
f 234/265/266 42/20/20 9/22/22
f 234/265/266 9/22/22 233/266/267
f 42/20/20 234/265/266 235/231/268
f 42/20/20 235/231/268 43/47/63
f 43/47/63 235/231/268 44/15/15
f 44/15/15 236/267/269 427/90/110
f 44/15/15 430/220/270 236/267/269
f 75/85/105 239/268/271 454/83/103
f 454/83/103 239/268/271 446/217/272
f 454/83/103 446/217/272 484/216/273
f 484/216/273 446/217/272 448/218/274
f 484/216/273 448/218/274 472/128/275
f 472/128/275 448/218/274 449/127/276
f 472/128/275 449/127/276 237/124/277
f 237/124/277 449/127/276 405/230/278
f 237/124/277 405/230/278 350/269/279
f 350/269/279 405/230/278 376/270/280
f 350/269/279 376/270/280 358/271/281
f 358/271/281 376/270/280 375/79/282
f 358/271/281 375/79/282 361/144/283
f 361/144/283 375/79/282 374/80/284
f 361/144/283 374/80/284 238/146/285
f 213/247/239 214/227/241 446/217/272
f 213/247/239 446/217/272 239/268/271
f 284/44/120 285/46/286 240/45/287
f 241/3/3 254/27/27 1/1/1
f 1/1/1 254/27/27 13/31/31
f 242/127/151 259/124/148 435/230/230
f 435/230/230 259/124/148 243/269/288
f 435/230/230 243/269/288 433/270/289
f 433/270/289 243/269/288 244/271/290
f 433/270/289 244/271/290 72/79/99
f 72/79/99 244/271/290 245/144/166
f 245/144/166 244/271/290 246/143/165
f 246/143/165 244/271/290 123/38/47
f 123/38/47 244/271/290 260/39/48
f 260/39/48 244/271/290 243/269/288
f 208/72/88 247/241/234 218/126/150
f 247/241/234 206/240/233 207/49/65
f 248/122/146 45/50/66 207/49/65
f 45/50/66 248/122/146 249/57/73
f 45/50/66 249/57/73 46/52/68
f 48/56/72 249/57/73 80/91/111
f 121/139/161 124/40/49 120/140/162
f 120/140/162 124/40/49 363/246/238
f 14/26/26 54/33/33 250/23/23
f 250/23/23 54/33/33 84/96/117
f 250/23/23 84/96/117 251/272/291
f 251/272/291 84/96/117 253/273/292
f 251/272/291 253/273/292 13/31/31
f 13/31/31 253/273/292 12/30/30
f 13/31/31 254/27/27 251/272/291
f 251/272/291 254/27/27 250/23/23
f 12/30/30 253/273/292 209/10/10
f 209/10/10 253/273/292 252/95/116
f 84/96/117 252/95/116 253/273/292
f 255/274/293 254/27/27 256/28/28
f 213/247/239 239/268/271 345/88/108
f 345/88/108 239/268/271 75/85/105
f 257/248/247 258/256/255 213/247/239
f 243/269/288 259/124/148 260/39/48
f 207/49/65 95/100/125 261/243/235
f 261/243/235 95/100/125 266/183/199
f 261/243/235 266/183/199 268/245/237
f 268/245/237 266/183/199 149/184/200
f 268/245/237 149/184/200 262/275/294
f 263/185/201 265/55/71 152/187/203
f 263/185/201 264/53/69 265/55/71
f 150/181/197 266/183/199 95/100/125
f 150/181/197 95/100/125 267/51/67
f 263/185/201 150/181/197 267/51/67
f 263/185/201 267/51/67 264/53/69
f 270/177/193 268/245/237 262/275/294
f 270/177/193 262/275/294 269/178/194
f 270/177/193 147/179/195 223/255/254
f 270/177/193 223/255/254 224/244/236
f 272/222/221 271/257/295 273/224/223
f 306/3/296 274/2/297 39/1/59
f 254/27/27 275/24/24 250/23/23
f 276/276/298 275/24/24 254/27/27
f 276/276/298 254/27/27 277/277/299
f 254/27/27 278/278/300 277/277/299
f 254/27/27 255/274/293 278/278/300
f 289/279/301 280/280/302 282/281/303
f 289/279/301 279/282/304 280/280/302
f 289/279/301 281/89/305 279/282/304
f 289/279/301 282/281/303 283/283/306
f 289/279/301 283/283/306 285/46/286
f 285/46/286 284/44/120 289/279/301
f 284/44/120 286/98/119 289/279/301
f 289/279/301 286/98/119 294/92/113
f 289/279/301 294/92/113 287/86/307
f 287/86/307 294/92/113 300/85/112
f 287/86/307 300/85/112 291/88/308
f 291/88/308 300/85/112 298/268/309
f 291/88/308 298/268/309 297/247/310
f 297/247/310 298/268/309 288/217/216
f 297/247/310 288/217/216 295/227/226
f 281/89/305 289/279/301 287/86/307
f 281/89/305 287/86/307 290/87/311
f 290/87/311 287/86/307 291/88/308
f 290/87/311 291/88/308 292/147/312
f 292/147/312 291/88/308 293/248/313
f 299/93/114 294/92/113 286/98/119
f 299/93/114 286/98/119 88/5/5
f 299/93/114 88/5/5 179/4/4
f 186/229/228 297/247/310 295/227/226
f 186/229/228 296/256/314 297/247/310
f 297/247/310 296/256/314 293/248/313
f 297/247/310 293/248/313 291/88/308
f 180/83/214 288/217/216 298/268/309
f 180/83/214 298/268/309 300/85/112
f 180/83/214 300/85/112 301/84/212
f 299/93/114 301/84/212 300/85/112
f 179/4/4 301/84/212 299/93/114
f 302/277/315 303/278/316 307/27/317
f 307/27/317 303/278/316 304/274/318
f 307/27/317 304/274/318 305/28/319
f 306/3/296 307/27/317 305/28/319
f 39/1/59 307/27/317 306/3/296
f 307/27/317 39/1/59 401/31/58
f 307/27/317 401/31/58 336/23/320
f 336/23/320 401/31/58 354/272/321
f 336/23/320 354/272/321 334/33/322
f 334/33/322 354/272/321 308/96/323
f 334/33/322 308/96/323 330/62/324
f 330/62/324 308/96/323 408/64/325
f 330/62/324 408/64/325 309/12/326
f 309/12/326 408/64/325 409/65/327
f 309/12/326 409/65/327 324/59/328
f 324/59/328 409/65/327 414/121/329
f 324/59/328 414/121/329 321/57/330
f 321/57/330 414/121/329 415/122/331
f 321/57/330 415/122/331 318/52/332
f 318/52/332 415/122/331 310/50/333
f 318/52/332 310/50/333 311/53/334
f 311/53/334 310/50/333 312/51/335
f 311/53/334 312/51/335 317/185/336
f 317/185/336 312/51/335 313/181/337
f 317/185/336 313/181/337 314/186/338
f 314/186/338 313/181/337 391/182/339
f 317/185/336 314/186/338 316/187/340
f 315/55/341 317/185/336 316/187/340
f 315/55/341 311/53/334 317/185/336
f 318/52/332 311/53/334 315/55/341
f 318/52/332 315/55/341 320/54/342
f 319/56/343 318/52/332 320/54/342
f 319/56/343 321/57/330 318/52/332
f 321/57/330 319/56/343 322/91/344
f 321/57/330 322/91/344 323/61/345
f 321/57/330 323/61/345 324/59/328
f 323/61/345 325/60/346 324/59/328
f 324/59/328 325/60/346 326/58/347
f 324/59/328 326/58/347 309/12/326
f 309/12/326 326/58/347 327/14/348
f 309/12/326 327/14/348 328/13/349
f 328/13/349 330/62/324 309/12/326
f 328/13/349 329/63/350 330/62/324
f 330/62/324 329/63/350 331/68/351
f 330/62/324 331/68/351 334/33/322
f 334/33/322 331/68/351 332/32/352
f 334/33/322 332/32/352 333/26/353
f 333/26/353 336/23/320 334/33/322
f 333/26/353 335/25/354 336/23/320
f 336/23/320 335/25/354 337/24/355
f 336/23/320 337/24/355 307/27/317
f 307/27/317 337/24/355 338/276/356
f 307/27/317 338/276/356 302/277/315
f 341/282/357 339/279/358 340/280/359
f 341/282/357 77/89/109 339/279/358
f 339/279/358 77/89/109 346/86/106
f 339/279/358 346/86/106 126/98/171
f 126/98/171 346/86/106 347/92/360
f 126/98/171 347/92/360 483/93/361
f 483/93/361 347/92/360 75/85/105
f 483/93/361 75/85/105 342/84/104
f 126/98/171 483/93/361 462/5/170
f 339/279/358 126/98/171 127/44/60
f 127/44/60 41/46/62 339/279/358
f 343/281/362 340/280/359 339/279/358
f 343/281/362 339/279/358 344/283/363
f 41/46/62 344/283/363 339/279/358
f 346/86/106 345/88/108 75/85/105
f 346/86/106 75/85/105 347/92/360
f 406/258/364 271/257/295 272/222/221
f 406/258/364 272/222/221 348/267/365
f 348/267/365 272/222/221 349/220/219
f 348/267/365 349/220/219 364/15/229
f 237/124/277 350/269/279 370/39/366
f 237/124/277 370/39/366 400/125/367
f 400/125/367 370/39/366 355/72/368
f 400/125/367 355/72/368 451/69/369
f 451/69/369 355/72/368 411/71/370
f 451/69/369 411/71/370 351/70/371
f 351/70/371 411/71/370 410/67/372
f 351/70/371 410/67/372 455/94/373
f 455/94/373 410/67/372 398/66/374
f 455/94/373 398/66/374 352/95/375
f 352/95/375 398/66/374 308/96/323
f 352/95/375 308/96/323 353/273/376
f 353/273/376 308/96/323 354/272/321
f 353/273/376 354/272/321 401/31/58
f 399/126/377 355/72/368 370/39/366
f 399/126/377 370/39/366 397/284/378
f 397/284/378 370/39/366 356/246/379
f 397/284/378 356/246/379 396/285/380
f 396/285/380 356/246/379 367/140/381
f 396/285/380 367/140/381 381/286/382
f 381/286/382 367/140/381 357/141/383
f 358/271/281 370/39/366 350/269/279
f 359/214/211 178/7/7 360/287/384
f 359/214/211 360/287/384 210/97/118
f 210/97/118 360/287/384 211/11/11
f 370/39/366 358/271/281 372/38/385
f 372/38/385 358/271/281 361/144/283
f 372/38/385 361/144/283 371/143/386
f 371/143/386 361/144/283 238/146/285
f 371/143/386 238/146/285 362/145/387
f 218/126/150 437/249/248 440/284/388
f 218/126/150 440/284/388 260/39/48
f 260/39/48 440/284/388 363/246/238
f 364/15/229 365/231/231 477/47/389
f 477/47/389 365/231/231 443/265/390
f 477/47/389 443/265/390 487/20/391
f 487/20/391 443/265/390 444/266/392
f 487/20/391 444/266/392 366/22/393
f 367/140/381 368/139/394 404/142/395
f 367/140/381 404/142/395 357/141/383
f 368/139/394 367/140/381 356/246/379
f 368/139/394 356/246/379 369/40/396
f 369/40/396 356/246/379 370/39/366
f 369/40/396 370/39/366 372/38/385
f 371/143/386 368/139/394 369/40/396
f 371/143/386 369/40/396 372/38/385
f 375/79/282 378/81/397 373/82/398
f 375/79/282 373/82/398 374/80/284
f 378/81/397 375/79/282 376/270/280
f 378/81/397 376/270/280 379/288/399
f 379/288/399 376/270/280 405/230/278
f 379/288/399 405/230/278 380/232/400
f 380/232/400 405/230/278 235/231/268
f 380/232/400 235/231/268 377/289/401
f 377/289/401 235/231/268 234/265/266
f 377/289/401 234/265/266 403/290/402
f 403/290/402 234/265/266 233/266/267
f 378/81/397 379/288/399 377/289/401
f 377/289/401 379/288/399 380/232/400
f 396/285/380 381/286/382 382/252/403
f 382/252/403 381/286/382 383/254/404
f 382/252/403 383/254/404 395/251/405
f 395/251/405 383/254/404 384/253/406
f 395/251/405 384/253/406 385/179/407
f 385/179/407 384/253/406 386/180/408
f 385/179/407 386/180/408 394/177/409
f 394/177/409 386/180/408 387/178/410
f 394/177/409 387/178/410 388/245/411
f 388/245/411 387/178/410 389/275/412
f 388/245/411 389/275/412 392/183/413
f 392/183/413 389/275/412 390/184/414
f 392/183/413 390/184/414 313/181/337
f 313/181/337 390/184/414 391/182/339
f 313/181/337 312/51/335 392/183/413
f 392/183/413 312/51/335 393/100/415
f 392/183/413 393/100/415 388/245/411
f 388/245/411 393/100/415 418/243/416
f 388/245/411 418/243/416 394/177/409
f 394/177/409 418/243/416 422/244/417
f 394/177/409 422/244/417 385/179/407
f 385/179/407 422/244/417 420/255/418
f 385/179/407 420/255/418 395/251/405
f 395/251/405 420/255/418 421/250/419
f 395/251/405 421/250/419 382/252/403
f 382/252/403 421/250/419 412/249/420
f 382/252/403 412/249/420 396/285/380
f 396/285/380 412/249/420 397/284/378
f 398/66/374 408/64/325 308/96/323
f 178/7/7 211/11/11 360/287/384
f 399/126/377 397/284/378 412/249/420
f 451/69/369 237/124/277 400/125/367
f 451/69/369 472/128/275 237/124/277
f 353/273/376 401/31/58 38/30/56
f 353/273/376 38/30/56 471/10/421
f 471/10/421 38/30/56 34/9/54
f 471/10/421 34/9/54 474/7/422
f 474/7/422 34/9/54 402/8/51
f 474/7/422 402/8/51 33/6/50
f 378/81/397 377/289/401 403/290/402
f 378/81/397 403/290/402 373/82/398
f 368/139/394 371/143/386 362/145/387
f 368/139/394 362/145/387 404/142/395
f 235/231/268 405/230/278 44/15/15
f 449/127/276 44/15/15 405/230/278
f 271/257/295 406/258/364 407/259/423
f 409/65/327 408/64/325 398/66/374
f 409/65/327 398/66/374 410/67/372
f 409/65/327 410/67/372 413/123/424
f 413/123/424 410/67/372 411/71/370
f 413/123/424 411/71/370 416/240/425
f 416/240/425 411/71/370 355/72/368
f 416/240/425 355/72/368 417/241/426
f 417/241/426 355/72/368 399/126/377
f 417/241/426 399/126/377 412/249/420
f 409/65/327 413/123/424 414/121/329
f 415/122/331 414/121/329 413/123/424
f 415/122/331 413/123/424 416/240/425
f 415/122/331 416/240/425 419/49/427
f 419/49/427 416/240/425 417/241/426
f 419/49/427 417/241/426 422/244/417
f 422/244/417 417/241/426 420/255/418
f 417/241/426 412/249/420 421/250/419
f 419/49/427 418/243/416 393/100/415
f 419/49/427 393/100/415 312/51/335
f 420/255/418 417/241/426 421/250/419
f 419/49/427 422/244/417 418/243/416
f 6/18/18 426/291/428 445/292/429
f 6/18/18 445/292/429 423/48/64
f 442/289/430 443/265/390 365/231/231
f 442/289/430 365/231/231 424/232/232
f 442/289/430 441/81/101 74/82/102
f 442/289/430 74/82/102 425/290/431
f 426/291/428 6/18/18 78/16/16
f 426/291/428 78/16/16 427/90/110
f 230/262/263 426/291/428 427/90/110
f 230/262/263 427/90/110 428/260/261
f 428/260/261 427/90/110 236/267/269
f 428/260/261 236/267/269 429/258/259
f 429/258/259 236/267/269 430/220/270
f 429/258/259 430/220/270 431/222/256
f 431/222/256 430/220/270 447/219/432
f 431/222/256 447/219/432 432/221/244
f 432/221/244 447/219/432 446/217/272
f 432/221/244 446/217/272 214/227/241
f 424/232/232 435/230/230 434/288/433
f 424/232/232 434/288/433 442/289/430
f 442/289/430 434/288/433 441/81/101
f 433/270/289 434/288/433 435/230/230
f 438/252/251 436/285/434 440/284/388
f 438/252/251 440/284/388 437/249/248
f 364/15/229 491/90/435 348/267/365
f 312/51/335 310/50/333 419/49/427
f 419/49/427 310/50/333 415/122/331
f 438/252/251 221/254/253 436/285/434
f 436/285/434 221/254/253 439/286/436
f 436/285/434 439/286/436 120/140/162
f 120/140/162 439/286/436 122/141/163
f 120/140/162 363/246/238 436/285/434
f 436/285/434 363/246/238 440/284/388
f 441/81/101 434/288/433 72/79/99
f 72/79/99 434/288/433 433/270/289
f 442/289/430 425/290/431 443/265/390
f 443/265/390 425/290/431 444/266/392
f 230/262/263 232/264/265 426/291/428
f 426/291/428 232/264/265 445/292/429
f 446/217/272 447/219/432 448/218/274
f 448/218/274 447/219/432 430/220/270
f 448/218/274 430/220/270 449/127/276
f 449/127/276 430/220/270 44/15/15
f 352/95/375 353/273/376 471/10/421
f 364/15/229 450/16/437 491/90/435
f 452/97/438 457/74/439 351/70/371
f 351/70/371 457/74/439 451/69/369
f 485/11/440 486/287/441 452/97/438
f 452/97/438 486/287/441 453/214/442
f 452/97/438 453/214/442 456/215/443
f 456/215/443 453/214/442 342/84/104
f 456/215/443 342/84/104 454/83/103
f 485/11/440 452/97/438 455/94/373
f 485/11/440 455/94/373 352/95/375
f 456/215/443 484/216/273 458/73/444
f 456/215/443 458/73/444 452/97/438
f 452/97/438 458/73/444 457/74/439
f 451/69/369 457/74/439 458/73/444
f 484/216/273 472/128/275 458/73/444
f 459/293/154 170/206/191 470/294/154
f 470/294/154 170/206/191 460/208/191
f 470/294/154 460/208/191 112/295/155
f 112/295/155 460/208/191 461/210/158
f 473/4/445 33/6/50 462/5/170
f 490/262/446 479/291/447 480/292/448
f 490/262/446 480/292/448 463/264/449
f 469/296/154 464/297/139 100/174/142
f 469/296/154 100/174/142 465/173/191
f 469/296/154 459/293/154 108/298/154
f 469/296/154 108/298/154 466/299/154
f 470/294/154 112/295/155 109/300/155
f 470/294/154 109/300/155 110/301/154
f 467/263/450 490/262/446 463/264/449
f 469/296/154 466/299/154 464/297/139
f 464/297/139 466/299/154 468/302/153
f 469/296/154 465/173/191 459/293/154
f 459/293/154 465/173/191 170/206/191
f 470/294/154 110/301/154 459/293/154
f 459/293/154 110/301/154 108/298/154
f 471/10/421 485/11/440 352/95/375
f 451/69/369 458/73/444 472/128/275
f 474/7/422 473/4/445 453/214/442
f 453/214/442 473/4/445 342/84/104
f 33/6/50 473/4/445 474/7/422
f 487/20/391 475/19/451 476/17/452
f 487/20/391 476/17/452 477/47/389
f 477/47/389 476/17/452 364/15/229
f 488/18/453 478/48/454 479/291/447
f 479/291/447 478/48/454 480/292/448
f 475/19/451 481/21/455 488/18/453
f 488/18/453 481/21/455 478/48/454
f 490/262/446 467/263/450 482/261/456
f 473/4/445 462/5/170 483/93/361
f 473/4/445 483/93/361 342/84/104
f 484/216/273 456/215/443 454/83/103
f 351/70/371 455/94/373 452/97/438
f 474/7/422 485/11/440 471/10/421
f 474/7/422 486/287/441 485/11/440
f 474/7/422 453/214/442 486/287/441
f 487/20/391 366/22/393 475/19/451
f 475/19/451 366/22/393 481/21/455
f 476/17/452 450/16/437 364/15/229
f 475/19/451 488/18/453 450/16/437
f 475/19/451 450/16/437 476/17/452
f 488/18/453 479/291/447 491/90/435
f 488/18/453 491/90/435 450/16/437
f 489/260/457 406/258/364 348/267/365
f 489/260/457 348/267/365 491/90/435
f 482/261/456 407/259/423 406/258/364
f 482/261/456 406/258/364 489/260/457
f 490/262/446 482/261/456 489/260/457
f 490/262/446 489/260/457 479/291/447
f 479/291/447 489/260/457 491/90/435
f 500/303/458 506/304/459 503/305/460
f 503/305/460 506/304/459 504/306/461
f 506/304/462 507/307/463 504/306/461
f 504/306/461 507/307/463 505/308/464
f 503/305/465 502/309/466 500/303/467
f 500/303/467 502/309/466 501/310/468
f 497/311/469 493/312/470 492/313/471
f 492/313/471 493/312/470 494/314/472
f 493/315/473 496/316/474 494/317/472
f 494/317/472 496/316/474 495/318/475
f 492/313/476 499/317/477 497/311/478
f 497/311/478 499/317/477 498/315/479
f 492/313/471 494/314/472 497/311/469
f 497/311/469 494/314/472 493/312/470
f 494/317/472 495/318/475 493/315/473
f 493/315/473 495/318/475 496/316/474
f 497/311/478 498/315/479 492/313/476
f 492/313/476 498/315/479 499/317/477
f 500/319/467 501/320/468 503/321/465
f 503/321/465 501/320/468 502/322/466
f 503/321/460 504/323/461 500/319/458
f 500/319/458 504/323/461 506/324/459
f 504/323/461 505/325/464 506/324/462
f 506/324/462 505/325/464 507/326/463
f 508/327/480 510/328/481 526/329/142
f 526/329/142 510/328/481 509/330/482
f 510/328/481 520/327/483 509/330/482
f 509/330/482 520/327/483 511/329/484
f 520/331/483 536/332/485 511/333/484
f 511/333/484 536/332/485 527/334/486
f 512/334/487 513/335/488 518/332/489
f 518/332/489 513/335/488 522/336/490
f 514/337/191 529/338/142 516/339/192
f 516/339/192 529/338/142 515/340/491
f 516/339/192 517/341/192 514/337/191
f 514/337/191 517/341/192 521/342/191
f 508/343/480 539/344/489 510/345/481
f 510/345/481 539/344/489 518/346/489
f 518/331/489 539/336/489 512/333/487
f 512/333/487 539/336/489 519/335/492
f 520/347/483 514/348/191 536/328/485
f 536/328/485 514/348/191 521/349/191
f 510/345/481 518/346/489 523/350/139
f 523/350/139 518/346/489 522/351/490
f 523/352/139 522/353/490 524/354/140
f 524/354/140 522/353/490 513/355/488
f 524/354/140 528/356/140 523/352/139
f 523/352/139 528/356/140 525/357/139
f 523/350/139 525/358/139 510/345/481
f 510/345/481 525/358/139 520/347/483
f 509/359/482 511/360/484 526/361/142
f 526/361/142 511/360/484 527/330/486
f 525/358/139 529/362/142 520/347/483
f 520/347/483 529/362/142 514/348/191
f 528/356/140 515/363/491 525/357/139
f 525/357/139 515/363/491 529/364/142
f 536/327/485 508/328/480 527/329/486
f 527/329/486 508/328/480 526/330/142
f 508/343/480 536/328/485 533/365/155
f 533/365/155 536/328/485 531/366/155
f 539/358/489 537/331/484 519/367/492
f 519/367/492 537/331/484 530/333/493
f 531/357/155 532/364/158 535/356/157
f 535/356/157 532/364/158 538/363/494
f 533/352/155 531/357/155 534/354/157
f 534/354/157 531/357/155 535/356/157
f 536/328/485 521/349/191 531/366/155
f 531/366/155 521/349/191 532/368/158
f 534/354/157 530/355/493 533/352/155
f 533/352/155 530/355/493 537/353/484
f 517/341/192 538/369/494 521/342/191
f 521/342/191 538/369/494 532/370/158
f 533/365/155 537/371/484 508/343/480
f 508/343/480 537/371/484 539/344/489
f 550/372/495 541/373/496 551/374/497
f 551/374/497 541/373/496 540/375/498
f 542/376/499 548/377/500 550/372/495
f 550/372/495 548/377/500 541/373/496
f 548/377/500 542/376/499 545/378/501
f 545/378/501 542/376/499 543/379/502
f 544/380/503 545/373/501 549/381/504
f 549/381/504 545/373/501 540/375/498
f 551/374/497 540/375/498 543/379/502
f 543/379/502 540/375/498 545/378/501
f 546/380/505 548/373/500 544/381/503
f 544/381/503 548/373/500 545/375/501
f 547/380/506 541/373/496 546/381/505
f 546/381/505 541/373/496 548/375/500
f 540/380/498 541/373/496 549/381/504
f 549/381/504 541/373/496 547/375/506
f 550/372/495 551/374/497 542/376/499
f 542/376/499 551/374/497 543/379/502
f 625/382/507 555/383/508 552/384/509
f 552/384/509 555/383/508 553/385/509
f 623/386/507 554/386/510 625/385/507
f 625/385/507 554/386/510 555/385/508
f 633/387/507 590/388/511 556/387/512
f 556/387/512 590/388/511 557/388/513
f 556/386/512 557/386/513 619/385/512
f 619/385/512 557/386/513 558/385/514
f 559/389/507 560/390/508 588/382/512
f 588/382/512 560/390/508 589/383/515
f 566/386/507 616/386/516 559/385/507
f 559/385/507 616/386/516 560/385/508
f 561/386/507 566/386/507 562/385/507
f 562/385/507 566/386/507 559/385/507
f 562/391/507 559/389/507 563/392/512
f 563/392/512 559/389/507 588/382/512
f 556/387/512 564/392/512 633/387/507
f 633/387/507 564/392/512 624/392/507
f 619/385/512 563/385/512 556/386/512
f 556/386/512 563/385/512 564/386/512
f 578/393/507 562/391/507 619/387/512
f 619/387/512 562/391/507 563/392/512
f 607/386/507 561/386/507 578/385/507
f 578/385/507 561/386/507 562/385/507
f 605/387/512 565/392/512 607/387/507
f 607/387/507 565/392/512 561/392/507
f 565/392/512 615/382/512 561/392/507
f 561/392/507 615/382/512 566/382/507
f 567/385/512 568/385/512 605/386/512
f 605/386/512 568/385/512 565/386/512
f 568/385/512 569/385/512 565/386/512
f 565/386/512 569/385/512 615/386/512
f 570/394/507 572/395/517 630/396/512
f 630/396/512 572/395/517 571/397/512
f 572/395/517 597/398/507 571/397/512
f 571/397/512 597/398/507 598/399/512
f 573/392/507 625/382/507 575/400/509
f 575/400/509 625/382/507 552/384/509
f 574/387/507 573/392/507 612/401/509
f 612/401/509 573/392/507 575/400/509
f 637/382/512 581/383/518 595/382/507
f 595/382/507 581/383/518 576/383/519
f 569/385/512 604/385/515 615/386/512
f 615/386/512 604/385/515 577/386/514
f 578/385/507 620/385/510 607/386/507
f 607/386/507 620/385/510 608/386/511
f 570/385/507 617/385/510 629/386/507
f 629/386/507 617/385/510 579/386/520
f 635/385/512 580/385/515 637/386/512
f 637/386/512 580/385/515 581/386/518
f 582/385/517 583/385/510 584/386/517
f 584/386/517 583/385/510 585/386/511
f 598/385/512 599/385/521 586/386/512
f 586/386/512 599/385/521 587/386/514
f 588/385/512 589/385/515 622/386/512
f 622/386/512 589/385/515 618/386/518
f 574/385/507 614/385/522 633/386/507
f 633/386/507 614/385/522 590/386/511
f 628/386/512 591/386/515 626/385/512
f 626/385/512 591/386/515 592/385/523
f 626/394/512 592/402/523 593/403/509
f 593/403/509 592/402/523 594/404/509
f 629/387/507 579/388/520 628/387/512
f 628/387/512 579/388/520 591/388/515
f 595/386/507 576/386/519 597/385/507
f 597/385/507 576/386/519 596/385/508
f 597/398/507 596/405/508 598/399/512
f 598/399/512 596/405/508 599/406/521
f 602/386/512 600/386/521 630/385/512
f 630/385/512 600/386/521 601/385/514
f 584/387/517 585/388/511 602/387/512
f 602/387/512 585/388/511 600/388/521
f 639/386/507 621/386/510 640/385/507
f 640/385/507 621/386/510 603/385/508
f 640/399/507 603/406/508 569/389/512
f 569/389/512 603/406/508 604/390/515
f 605/386/512 609/386/524 567/385/512
f 567/385/512 609/386/524 606/385/514
f 607/387/507 608/388/511 605/387/512
f 605/387/512 608/388/511 609/388/524
f 610/407/509 611/408/509 635/398/512
f 635/398/512 611/408/509 580/405/515
f 612/401/509 613/386/509 574/387/507
f 574/387/507 613/386/509 614/388/522
f 615/382/512 577/383/514 566/382/507
f 566/382/507 577/383/514 616/383/516
f 567/393/512 606/409/514 582/396/517
f 582/396/517 606/409/514 583/410/510
f 630/396/512 601/410/514 570/394/507
f 570/394/507 601/410/514 617/402/510
f 622/382/512 618/383/518 623/382/507
f 623/382/507 618/383/518 554/383/510
f 619/387/512 558/388/514 578/393/507
f 578/393/507 558/388/514 620/409/510
f 586/382/512 587/383/514 639/382/507
f 639/382/507 587/383/514 621/383/510
f 563/385/512 588/385/512 564/386/512
f 564/386/512 588/385/512 622/386/512
f 564/392/512 622/382/512 624/392/507
f 624/392/507 622/382/512 623/382/507
f 624/386/507 623/386/507 573/385/507
f 573/385/507 623/386/507 625/385/507
f 626/385/512 627/385/525 628/386/512
f 628/386/512 627/385/525 636/386/525
f 593/403/509 634/411/509 626/394/512
f 626/394/512 634/411/509 627/395/525
f 628/387/512 636/392/525 629/387/507
f 629/387/507 636/392/525 638/392/507
f 629/386/507 638/386/507 570/385/507
f 570/385/507 638/386/507 572/385/517
f 630/385/512 571/385/512 602/386/512
f 602/386/512 571/385/512 631/386/512
f 602/387/512 631/392/512 584/387/517
f 584/387/517 631/392/512 632/392/507
f 584/386/517 632/386/507 582/385/517
f 582/385/517 632/386/507 641/385/507
f 582/396/517 641/397/507 567/393/512
f 567/393/512 641/397/507 568/391/512
f 633/386/507 624/386/507 574/385/507
f 574/385/507 624/386/507 573/385/507
f 634/411/509 610/407/509 627/395/525
f 627/395/525 610/407/509 635/398/512
f 627/385/525 635/385/512 636/386/525
f 636/386/525 635/385/512 637/386/512
f 636/392/525 637/382/512 638/392/507
f 638/392/507 637/382/512 595/382/507
f 638/386/507 595/386/507 572/385/517
f 572/385/517 595/386/507 597/385/507
f 571/385/512 598/385/512 631/386/512
f 631/386/512 598/385/512 586/386/512
f 631/392/512 586/382/512 632/392/507
f 632/392/507 586/382/512 639/382/507
f 632/386/507 639/386/507 641/385/507
f 641/385/507 639/386/507 640/385/507
f 641/397/507 640/399/507 568/391/512
f 568/391/512 640/399/507 569/389/512
f 918/49/526 694/122/527 782/240/528
f 695/71/529 687/123/530 688/67/531
f 654/97/532 816/11/533 800/287/534
f 769/214/535 810/7/536 809/4/537
f 817/84/538 758/93/539 819/85/540
f 819/85/541 818/92/542 738/88/543
f 738/88/543 818/92/542 735/86/544
f 738/88/543 735/86/544 736/87/545
f 736/87/545 735/86/544 764/89/546
f 912/51/547 913/53/548 914/50/549
f 914/50/549 913/53/548 917/52/550
f 914/50/549 917/52/551 694/122/552
f 694/122/552 917/52/551 651/57/553
f 694/122/554 651/57/553 689/121/555
f 689/121/555 651/57/553 691/59/556
f 689/121/555 691/59/557 692/65/558
f 692/65/558 691/59/557 690/12/559
f 692/65/560 690/12/561 693/64/562
f 693/64/562 690/12/561 773/62/563
f 693/64/564 773/62/565 697/96/566
f 697/96/566 773/62/565 774/33/567
f 913/53/568 828/55/569 917/52/570
f 917/52/570 828/55/569 916/54/571
f 748/265/572 747/266/573 860/20/574
f 860/20/574 747/266/573 642/22/575
f 751/291/576 752/292/577 753/262/578
f 644/38/579 775/40/580 865/139/581
f 644/38/579 865/139/581 820/143/582
f 820/143/582 865/139/583 743/142/584
f 820/143/582 743/142/584 645/145/585
f 832/269/586 722/230/587 789/124/588
f 789/124/588 722/230/587 646/127/589
f 826/15/590 721/231/591 858/47/592
f 711/260/593 647/258/594 648/267/595
f 711/260/593 648/267/595 864/90/596
f 864/90/597 648/267/598 826/15/599
f 650/261/600 649/259/601 647/258/602
f 650/261/600 647/258/602 711/260/603
f 816/11/533 800/287/604 810/7/536
f 810/7/536 800/287/604 769/214/605
f 809/4/537 769/214/605 817/84/606
f 809/4/537 817/84/606 758/93/539
f 866/140/607 715/285/608 741/286/609
f 866/140/607 741/286/609 742/141/610
f 919/181/611 659/183/612 660/184/613
f 919/181/611 660/184/613 658/182/614
f 829/185/615 919/181/616 658/182/617
f 829/185/615 658/182/617 657/186/618
f 785/243/619 784/244/620 920/245/621
f 920/245/621 784/244/620 831/177/622
f 654/97/532 676/74/623 653/70/624
f 653/70/624 676/74/623 788/69/625
f 653/70/624 788/69/625 695/71/626
f 695/71/626 788/69/625 857/72/627
f 782/240/528 857/72/627 783/241/628
f 782/240/528 783/241/628 918/49/526
f 788/69/625 777/125/367 857/72/627
f 857/72/627 777/125/367 776/39/629
f 857/72/627 776/39/629 786/126/630
f 786/126/630 776/39/629 716/284/631
f 786/126/630 716/284/631 712/249/632
f 712/249/633 716/284/631 715/285/634
f 712/249/633 715/285/634 713/252/635
f 713/252/636 715/285/637 741/286/638
f 713/252/636 741/286/638 714/254/639
f 843/27/640 739/31/641 815/1/642
f 829/185/643 830/187/644 657/186/645
f 829/185/646 657/186/618 919/181/616
f 919/181/616 657/186/618 658/182/617
f 919/181/647 658/182/614 659/183/648
f 659/183/648 658/182/614 660/184/613
f 659/183/612 660/184/649 920/245/650
f 920/245/650 660/184/649 661/275/651
f 920/245/652 661/275/653 831/177/622
f 831/177/622 661/275/653 662/178/654
f 831/177/655 662/178/656 824/179/657
f 824/179/657 662/178/656 663/180/658
f 824/179/659 663/180/660 823/251/661
f 823/251/661 663/180/660 664/253/662
f 665/43/663 814/29/664 655/9/665
f 655/9/665 814/29/664 767/30/666
f 666/42/667 665/43/668 668/8/669
f 668/8/669 665/43/668 655/9/670
f 667/41/671 666/42/672 811/6/673
f 811/6/673 666/42/672 668/8/674
f 669/99/675 667/41/676 808/5/677
f 808/5/677 667/41/676 811/6/678
f 725/44/679 669/99/680 670/98/681
f 670/98/681 669/99/680 808/5/682
f 725/44/683 670/98/684 730/279/685
f 773/62/565 671/68/686 672/63/687
f 773/62/565 672/63/687 682/13/688
f 656/94/689 688/67/690 653/70/691
f 656/94/689 653/70/691 654/97/532
f 688/67/690 695/71/692 653/70/691
f 816/11/533 656/94/689 654/97/532
f 674/79/693 673/144/694 744/146/695
f 674/79/693 744/146/695 723/80/696
f 677/216/697 675/73/698 827/128/699
f 759/217/700 677/216/697 678/218/701
f 778/221/702 679/227/703 759/217/704
f 778/221/702 759/217/704 825/219/705
f 680/226/706 778/221/707 681/225/708
f 682/13/709 683/14/710 690/12/711
f 690/12/712 684/58/713 691/59/556
f 691/59/556 684/58/713 685/60/714
f 765/215/715 675/73/698 677/216/697
f 759/217/700 760/83/716 677/216/697
f 802/247/717 801/268/718 679/227/719
f 679/227/719 801/268/718 759/217/704
f 692/65/720 687/123/530 688/67/721
f 692/65/720 688/67/721 696/66/722
f 687/123/530 692/65/720 689/121/723
f 687/123/530 689/121/723 694/122/554
f 694/122/552 689/121/555 691/59/724
f 694/122/552 691/59/724 651/57/725
f 651/57/726 691/59/556 686/61/727
f 689/121/728 692/65/729 690/12/712
f 689/121/728 690/12/712 691/59/730
f 692/65/720 696/66/722 693/64/731
f 697/96/732 774/33/733 693/64/734
f 693/64/734 774/33/733 773/62/735
f 694/122/554 782/240/736 687/123/530
f 687/123/530 782/240/736 695/71/737
f 695/71/737 782/240/736 857/72/738
f 696/66/722 768/95/739 697/96/740
f 779/223/741 778/221/707 681/225/742
f 779/223/741 772/222/743 778/221/707
f 778/221/707 772/222/744 787/220/745
f 778/221/707 787/220/745 825/219/746
f 825/219/705 787/220/747 678/218/748
f 825/219/705 678/218/748 759/217/700
f 760/83/749 677/216/750 765/215/751
f 760/83/752 801/268/753 759/217/700
f 759/217/700 801/268/754 802/247/755
f 759/217/700 802/247/755 679/227/756
f 679/227/757 756/229/758 780/228/759
f 760/83/752 819/85/540 801/268/753
f 651/57/760 652/91/344 686/61/761
f 669/99/675 808/5/762 811/6/763
f 669/99/675 811/6/763 667/41/676
f 667/41/671 811/6/673 668/8/674
f 667/41/671 668/8/674 666/42/672
f 666/42/667 668/8/674 655/9/670
f 666/42/667 655/9/670 665/43/668
f 665/43/663 655/9/670 767/30/764
f 665/43/663 767/30/764 814/29/664
f 814/29/765 767/30/766 739/31/767
f 814/29/765 739/31/767 815/1/768
f 729/3/769 843/27/640 813/28/319
f 764/89/546 735/86/544 730/279/770
f 730/279/770 735/86/544 818/92/542
f 730/279/770 818/92/542 670/98/771
f 655/9/665 812/10/772 767/30/773
f 767/30/774 766/273/775 739/31/776
f 654/97/532 675/73/698 676/74/623
f 676/74/623 675/73/698 788/69/625
f 675/73/698 827/128/699 788/69/625
f 788/69/625 789/124/777 777/125/367
f 777/125/367 789/124/777 776/39/629
f 832/269/586 722/230/587 746/270/778
f 832/269/586 746/270/778 737/271/779
f 737/271/780 746/270/778 674/79/781
f 737/271/780 674/79/781 673/144/782
f 673/144/783 674/79/784 723/80/696
f 673/144/783 723/80/696 744/146/695
f 722/230/587 646/127/589 826/15/785
f 722/230/587 826/15/785 721/231/786
f 721/231/786 858/47/592 748/265/572
f 816/11/787 812/10/772 810/7/536
f 756/229/788 802/247/789 757/256/790
f 738/88/543 755/147/791 781/248/792
f 738/88/543 781/248/792 802/247/789
f 738/88/543 802/247/789 819/85/541
f 680/226/706 778/221/707 679/227/756
f 768/95/793 816/11/787 656/94/794
f 768/95/793 812/10/772 816/11/787
f 698/158/182 906/159/154 699/160/183
f 699/160/183 906/159/154 700/161/184
f 907/164/186 908/165/154 883/166/187
f 883/166/187 908/165/154 701/167/188
f 883/168/187 701/169/188 885/154/180
f 885/154/180 701/169/188 702/155/140
f 885/154/180 702/155/140 709/138/795
f 709/138/795 702/155/140 703/130/140
f 709/138/795 703/130/140 704/137/140
f 704/137/140 703/130/140 705/132/140
f 903/170/796 899/171/797 706/172/189
f 706/172/189 899/171/797 707/112/798
f 706/172/189 707/112/798 872/189/192
f 872/189/192 707/112/798 874/190/799
f 900/133/800 708/103/128 710/135/181
f 710/135/181 708/103/128 709/101/795
f 710/129/181 709/130/795 910/131/140
f 910/131/140 709/130/795 704/132/140
f 754/263/801 643/264/802 753/262/803
f 753/262/803 643/264/802 752/292/577
f 751/291/804 752/292/577 862/48/805
f 749/19/806 861/21/807 642/22/808
f 715/285/608 866/140/809 742/141/610
f 715/285/608 742/141/610 741/286/609
f 831/177/622 824/179/657 663/180/658
f 831/177/622 663/180/658 662/178/656
f 806/24/810 807/23/811 805/25/812
f 812/10/772 768/95/793 766/273/775
f 774/33/733 804/32/352 803/26/813
f 760/83/752 817/84/538 819/85/540
f 725/44/679 670/98/814 808/5/682
f 725/44/679 808/5/682 669/99/680
f 753/262/578 650/261/600 711/260/603
f 786/126/815 783/241/628 712/249/816
f 712/249/816 822/250/817 713/252/818
f 713/252/818 822/250/817 823/251/661
f 714/254/819 823/251/820 664/253/821
f 715/285/634 716/284/631 713/252/822
f 713/252/822 716/284/631 712/249/823
f 746/270/824 717/288/825 722/230/587
f 724/232/826 722/230/587 717/288/825
f 718/289/827 717/288/828 745/81/829
f 724/232/826 721/231/830 722/230/587
f 745/81/829 674/79/784 723/80/831
f 745/81/829 723/80/831 720/82/832
f 718/289/827 748/265/833 721/231/834
f 718/289/827 721/231/834 724/232/835
f 842/276/298 843/27/836 727/277/837
f 763/282/838 731/280/302 730/279/839
f 815/1/840 728/2/2 729/3/841
f 730/279/839 731/280/302 732/281/842
f 730/279/843 733/283/844 734/46/845
f 736/87/545 738/88/543 755/147/846
f 739/31/847 843/27/836 740/272/848
f 740/272/848 843/27/836 807/23/849
f 715/285/634 713/252/850 714/254/639
f 715/285/634 714/254/639 741/286/638
f 715/285/851 866/140/852 867/246/853
f 715/285/851 867/246/853 716/284/854
f 865/139/855 866/140/856 742/141/857
f 865/139/855 742/141/857 743/142/858
f 673/144/694 645/145/859 744/146/860
f 673/144/694 674/79/861 746/270/824
f 673/144/694 746/270/824 737/271/862
f 674/79/784 745/81/829 717/288/863
f 674/79/784 717/288/863 746/270/778
f 748/265/864 718/289/865 719/290/866
f 748/265/864 719/290/866 747/266/867
f 748/265/572 860/20/574 858/47/868
f 860/20/869 749/19/806 859/17/870
f 860/20/869 859/17/870 858/47/871
f 751/291/872 750/18/873 862/48/874
f 751/291/875 753/262/578 711/260/876
f 751/291/875 711/260/876 864/90/877
f 756/229/758 802/247/789 679/227/878
f 670/98/879 758/93/539 818/92/542
f 761/274/880 762/278/881 843/27/882
f 763/282/838 730/279/839 764/89/546
f 827/128/699 678/218/701 677/216/697
f 812/10/772 767/30/773 766/273/775
f 654/97/883 675/73/698 765/215/715
f 654/97/883 765/215/715 769/214/605
f 769/214/605 765/215/715 817/84/606
f 765/215/715 760/83/716 817/84/606
f 770/257/884 771/224/223 772/222/744
f 867/246/885 775/40/886 776/39/887
f 679/227/756 680/226/706 780/228/888
f 783/241/628 918/49/889 784/244/890
f 784/244/890 918/49/889 785/243/891
f 784/244/892 785/243/893 831/177/622
f 831/177/622 785/243/893 920/245/894
f 783/241/628 784/244/890 821/255/895
f 826/15/599 787/220/896 646/127/589
f 647/258/897 770/257/884 772/222/744
f 647/258/897 772/222/744 648/267/598
f 648/267/598 772/222/744 787/220/896
f 648/267/598 787/220/896 826/15/599
f 789/124/588 827/128/699 788/69/898
f 646/127/589 827/128/699 789/124/588
f 678/218/701 646/127/589 787/220/896
f 772/222/899 778/221/900 825/219/901
f 772/222/899 825/219/901 787/220/896
f 793/34/97 790/35/96 796/36/902
f 793/34/97 796/36/902 791/37/93
f 795/36/95 792/37/34 790/34/96
f 795/36/95 790/34/96 793/35/97
f 797/37/94 794/36/37 792/35/34
f 797/37/94 792/35/34 795/34/95
f 791/77/93 796/75/902 794/76/37
f 791/77/93 794/76/37 797/78/94
f 834/35/46 798/34/42 844/37/44
f 834/35/46 844/37/44 799/36/45
f 654/97/883 769/214/605 800/287/604
f 802/247/717 819/85/903 801/268/718
f 802/247/789 757/256/904 781/248/792
f 740/272/905 807/23/811 697/96/906
f 697/96/906 807/23/811 774/33/907
f 803/26/908 807/23/909 805/25/910
f 843/27/836 806/24/810 807/23/849
f 670/98/879 808/5/682 758/93/539
f 758/93/539 808/5/682 809/4/537
f 808/5/682 811/6/673 809/4/537
f 809/4/537 811/6/673 810/7/536
f 811/6/673 668/8/674 810/7/536
f 810/7/536 668/8/674 655/9/665
f 810/7/536 655/9/665 812/10/772
f 814/29/765 815/1/768 767/30/911
f 767/30/911 815/1/768 739/31/641
f 819/85/912 818/92/542 758/93/539
f 779/223/741 772/222/744 771/224/223
f 820/143/582 737/271/913 644/38/914
f 821/255/895 822/250/915 783/241/628
f 824/179/916 823/251/820 822/250/817
f 824/179/916 822/250/817 821/255/917
f 646/127/589 678/218/701 827/128/699
f 824/179/918 821/255/919 831/177/920
f 831/177/920 821/255/919 784/244/921
f 789/124/588 776/39/922 832/269/586
f 836/36/41 833/37/40 798/34/42
f 836/36/41 798/34/42 834/35/46
f 845/35/38 835/34/39 833/37/40
f 845/35/38 833/37/40 836/36/41
f 841/35/45 837/34/44 838/37/39
f 841/35/45 838/37/39 848/36/38
f 840/35/46 839/34/42 837/37/44
f 840/35/46 837/37/44 841/36/45
f 843/27/836 842/276/298 806/24/810
f 844/34/44 835/37/39 799/35/45
f 799/35/45 835/37/39 845/36/38
f 846/37/40 839/36/42 847/34/41
f 847/34/41 839/36/42 840/35/46
f 838/34/39 846/37/40 848/35/38
f 848/35/38 846/37/40 847/36/41
f 852/35/95 849/36/94 853/34/34
f 853/34/34 849/36/94 850/37/37
f 851/34/97 852/37/95 854/35/98
f 854/35/98 852/37/95 853/36/34
f 855/37/93 851/36/97 856/34/902
f 856/34/902 851/36/97 854/35/98
f 849/77/94 855/78/93 850/75/37
f 850/75/37 855/78/93 856/76/902
f 826/15/590 858/47/592 859/17/923
f 749/19/806 860/20/574 642/22/575
f 750/18/873 749/19/924 861/21/925
f 750/18/873 861/21/925 862/48/874
f 750/18/926 863/16/927 749/19/928
f 749/19/928 863/16/927 859/17/923
f 751/291/872 864/90/929 750/18/930
f 750/18/930 864/90/929 863/16/927
f 865/139/931 775/40/932 866/140/933
f 866/140/933 775/40/932 867/246/934
f 871/151/179 873/188/204 868/191/935
f 871/151/179 868/191/935 897/153/936
f 881/199/173 892/197/160 886/198/937
f 881/199/173 886/198/937 869/154/938
f 902/195/176 898/193/129 899/194/797
f 902/195/176 899/194/797 903/196/796
f 880/200/207 881/199/173 869/154/938
f 880/200/207 869/154/938 870/168/939
f 875/162/174 699/163/183 700/151/184
f 875/162/174 700/151/184 871/153/179
f 679/227/756 778/221/702 825/219/746
f 679/227/756 825/219/746 759/217/940
f 873/188/204 872/189/192 874/190/799
f 873/188/204 874/190/799 868/191/935
f 911/176/941 909/205/192 891/206/191
f 911/176/941 891/206/191 901/174/942
f 879/152/130 875/150/174 871/151/179
f 879/152/130 871/151/179 897/153/936
f 870/168/939 869/154/938 876/155/157
f 870/168/939 876/155/157 877/169/209
f 884/148/943 878/149/175 902/105/176
f 884/148/943 902/105/176 904/104/178
f 878/148/175 896/149/944 898/105/129
f 878/148/175 898/105/129 902/104/176
f 892/105/160 881/104/173 875/148/174
f 892/105/160 875/148/174 879/149/130
f 881/149/173 880/148/207 699/104/183
f 881/149/173 699/104/183 875/105/174
f 880/148/207 882/104/945 698/105/182
f 880/148/207 698/105/182 699/149/183
f 882/148/945 884/104/943 904/105/178
f 882/148/945 904/105/178 698/149/182
f 892/103/160 708/101/128 886/102/937
f 880/242/207 870/233/939 882/204/945
f 882/204/945 870/233/939 907/164/186
f 882/204/945 907/164/186 884/200/943
f 884/200/943 907/164/186 883/166/187
f 884/200/943 883/168/187 878/199/175
f 878/199/175 883/168/187 885/154/180
f 878/199/175 885/154/180 896/202/944
f 896/202/944 885/154/180 709/203/795
f 888/133/184 886/103/937 900/135/800
f 900/135/800 886/103/937 708/101/128
f 915/56/946 652/91/344 651/57/760
f 656/94/794 688/67/531 696/66/947
f 656/94/794 696/66/947 768/95/793
f 768/95/793 697/96/732 766/273/775
f 766/273/775 697/96/732 740/272/848
f 766/273/775 740/272/848 739/31/776
f 739/31/948 740/272/949 807/23/849
f 739/31/948 807/23/849 843/27/640
f 740/272/905 697/96/906 774/33/950
f 740/272/905 774/33/950 807/23/951
f 697/96/732 696/66/952 693/64/731
f 684/58/713 683/14/953 690/12/954
f 920/245/894 659/183/955 921/100/956
f 920/245/894 921/100/956 785/243/893
f 785/243/891 921/100/957 918/49/958
f 829/185/615 913/53/959 919/181/960
f 919/181/960 913/53/959 912/51/961
f 919/181/647 912/51/962 659/183/955
f 659/183/955 912/51/962 921/100/963
f 828/55/964 913/53/965 829/185/643
f 828/55/964 829/185/643 830/187/966
f 691/59/967 686/61/727 685/60/968
f 786/126/630 783/241/628 857/72/627
f 734/46/845 725/44/969 726/45/61
f 734/46/845 730/279/770 725/44/969
f 730/279/770 733/283/970 732/281/971
f 729/3/769 815/1/972 843/27/640
f 774/33/733 773/62/973 671/68/974
f 807/23/811 774/33/733 803/26/813
f 843/27/640 761/274/975 813/28/319
f 843/27/640 727/277/976 762/278/977
f 737/271/779 776/39/887 832/269/586
f 650/261/978 754/263/801 753/262/803
f 682/13/979 773/62/563 690/12/561
f 671/68/974 804/32/352 774/33/733
f 918/49/958 921/100/957 912/51/980
f 920/245/981 661/275/651 659/183/982
f 659/183/982 661/275/651 660/184/649
f 887/131/157 895/132/157 888/129/184
f 888/129/184 895/132/157 886/130/937
f 887/237/157 888/236/184 889/116/983
f 889/116/983 888/236/184 890/117/984
f 888/300/184 900/298/800 890/210/984
f 890/210/984 900/298/800 891/206/191
f 892/136/160 896/136/944 708/136/128
f 894/132/157 893/130/157 886/138/937
f 894/132/157 886/138/937 895/137/157
f 896/136/944 892/136/160 879/136/130
f 896/136/944 879/136/130 898/136/129
f 708/103/128 896/101/944 709/102/795
f 879/105/130 897/106/936 898/104/129
f 898/104/129 897/106/936 899/107/797
f 900/298/800 710/302/181 891/206/191
f 891/206/191 710/302/181 901/174/942
f 902/162/176 903/163/796 904/153/178
f 904/153/178 903/163/796 905/151/181
f 904/156/178 905/157/181 698/158/182
f 698/158/182 905/157/181 906/159/154
f 886/138/937 893/130/157 869/154/938
f 869/154/938 893/130/157 876/155/157
f 870/233/939 877/234/209 907/164/186
f 907/164/186 877/234/209 908/235/154
f 889/209/983 890/210/984 909/205/192
f 909/205/192 890/210/984 891/206/191
f 899/106/797 874/107/799 707/112/798
f 899/120/797 897/213/936 874/238/799
f 710/236/181 910/237/140 901/117/942
f 901/117/942 910/237/140 911/116/941
f 897/106/936 868/107/935 874/112/799
f 824/179/659 823/251/820 664/253/662
f 824/179/659 664/253/662 663/180/660
f 823/251/985 713/252/986 714/254/819
f 860/20/987 858/47/988 749/19/806
f 749/19/806 858/47/988 859/17/923
f 749/19/806 859/17/989 750/18/990
f 750/18/990 859/17/989 863/16/991
f 750/18/873 863/16/992 751/291/576
f 751/291/576 863/16/992 864/90/993
f 751/291/994 864/90/995 753/262/996
f 753/262/996 864/90/995 711/260/997
f 649/259/998 647/258/999 770/257/1000
f 826/15/1001 863/16/1002 859/17/870
f 863/16/1002 826/15/1001 864/90/597
f 917/52/570 916/54/571 913/53/1003
f 913/53/1003 916/54/571 828/55/569
f 912/51/980 914/50/1004 917/52/1005
f 912/51/980 917/52/1005 913/53/965
f 912/51/1006 918/49/1007 914/50/1008
f 864/90/877 648/267/1009 647/258/1010
f 864/90/877 647/258/1010 711/260/997
f 644/38/1011 775/40/1012 776/39/887
f 776/39/629 867/246/1013 716/284/631
f 716/284/1014 867/246/1015 866/140/1016
f 716/284/1014 866/140/1016 715/285/608
f 917/52/570 915/56/1017 916/54/1018
f 917/52/570 651/57/1019 915/56/1017
f 914/50/1020 694/122/552 651/57/1021
f 914/50/1020 651/57/1021 917/52/1005
f 918/49/1007 694/122/1022 914/50/1008
f 919/181/1023 912/51/1024 829/185/643
f 829/185/643 912/51/1024 913/53/1025
f 644/38/1011 776/39/887 737/271/779
f 820/143/1026 737/271/1027 673/144/694
f 820/143/1026 673/144/694 645/145/1028
f 866/140/852 867/246/1015 865/139/1029
f 865/139/1029 867/246/1015 775/40/1030
f 865/139/1031 775/40/932 820/143/582
f 820/143/582 775/40/932 644/38/1032
f 865/139/1033 743/142/858 866/140/852
f 866/140/852 743/142/858 742/141/857
f 820/143/1026 645/145/585 865/139/1034
f 865/139/1034 645/145/585 743/142/584
f 921/100/1035 912/51/547 919/181/1036
f 921/100/1035 919/181/1036 659/183/1037
f 659/183/612 920/245/1038 785/243/1039
f 659/183/612 785/243/1039 921/100/957
f 746/270/824 717/288/863 745/81/1040
f 746/270/824 745/81/1040 674/79/1041
f 674/79/1042 745/81/1043 720/82/832
f 674/79/1042 720/82/832 723/80/831
f 724/232/826 721/231/1044 748/265/864
f 724/232/826 748/265/864 718/289/1045
f 718/289/1045 748/265/1046 747/266/867
f 718/289/1045 747/266/867 719/290/866
f 718/289/1045 717/288/1047 724/232/826
f 745/81/1043 718/289/1045 719/290/1048
f 745/81/1043 719/290/1048 720/82/1049
f 824/179/1050 831/177/1051 784/244/892
f 824/179/1050 784/244/892 821/255/919
f 822/250/817 783/241/628 712/249/632
f 822/250/1052 712/249/633 823/251/985
f 823/251/985 712/249/633 713/252/850
f 824/179/1053 821/255/919 823/251/820
f 823/251/820 821/255/919 822/250/1054
