# Blender 5.1.1
# www.blender.org
mtllib Room13.mtl
o Room13
v 5.919867 5.711005 -23.855335
v -1.459496 0.050231 -24.124466
v 5.916951 0.046657 -23.850584
v 6.446783 5.710732 -23.854589
v 10.322892 19.682230 -30.810329
v 10.322102 19.682325 -30.686127
v 10.321400 18.325901 -30.685013
v 10.260391 19.682306 -30.748014
v 10.322190 18.325796 -30.809216
v 10.259688 18.325876 -30.746899
v 10.383900 18.325813 -30.747330
v 10.384594 19.682245 -30.748453
v 10.314786 3.890667 -30.797323
v 10.313978 3.890764 -30.673120
v 10.252295 3.890746 -30.735006
v 10.314084 2.534236 -30.796207
v 10.251592 2.534315 -30.733883
v 10.375794 2.534253 -30.734322
v 10.313285 2.534341 -30.672005
v 10.376497 3.890685 -30.735447
v 6.443868 0.046384 -23.849838
v 6.453097 0.040895 -30.383562
v 6.456013 5.705243 -30.388321
v -1.459426 0.536100 -23.993141
v 5.917382 0.532298 -23.982718
v 22.078495 13.791368 -30.851246
v 22.083826 14.015343 -30.830355
v 22.078611 14.015333 -30.851439
v 22.485477 13.791219 -30.787445
v 16.180891 25.839233 -23.398579
v 16.801220 26.024437 -22.619455
v 16.392658 26.023821 -23.609785
v 5.278004 4.000196 -26.877901
v 4.336511 0.899049 -26.876629
v 4.333042 0.901121 -24.419453
v 5.274535 4.002268 -24.420734
v 5.917566 0.886324 -23.983015
v 5.917136 0.046551 -23.982313
v 5.917320 0.046437 -24.114042
v 5.917575 0.532192 -24.114447
v 4.914968 4.110418 -26.878508
v 3.970005 1.011335 -24.420057
v 3.973483 1.009288 -26.877234
v 5.925496 0.881607 -29.594646
v 5.927569 4.902636 -29.598019
v 4.911499 4.112482 -24.421331
v 6.981656 6.179265 -30.307545
v 6.981506 5.889462 -30.307308
v 21.778811 13.102566 -30.882729
v 22.495049 13.791157 -30.850658
v 21.779655 14.739861 -30.884108
v 22.260397 13.791298 -30.829916
v 22.485590 14.015175 -30.787630
v 22.260509 14.015255 -30.830099
v 22.800756 13.070354 -30.967712
v 21.747301 13.070898 -30.969162
v 22.769037 13.102057 -30.881332
v 21.748180 14.771423 -30.970583
v 22.769878 14.739351 -30.882704
v 22.801636 14.770879 -30.969143
v 6.445712 6.369378 -23.855143
v 6.920885 6.250514 -23.451981
v 6.930510 6.244796 -30.263575
v -1.458354 5.714798 -23.865759
v 6.445378 5.710732 -23.854597
v -1.449871 5.709757 -29.872576
v 6.453862 5.705682 -29.861406
v -1.447307 6.183533 -30.399887
v 6.454204 6.364336 -29.861958
v 6.857190 6.244770 -30.337097
v -1.458750 6.254887 -23.390411
v 6.891509 5.895372 -23.327198
v -1.456247 6.189471 -23.339249
v 6.891658 6.185176 -23.327446
v -1.457178 4.911146 -23.996822
v 5.920060 5.710890 -23.987064
v -1.449247 4.906429 -29.608442
v 5.919639 4.907343 -23.986389
v 6.971750 5.895258 -23.407221
v 22.495171 14.015115 -30.850842
v 22.083712 13.791385 -30.830160
v 6.901336 6.179239 -30.388084
v 6.901187 5.889435 -30.387848
v 14.338941 26.030365 -21.561892
v 14.001776 26.025877 -22.623407
v 16.464064 26.027493 -23.680990
v 15.403812 26.387384 -24.122307
v 16.461069 26.029276 -21.558897
v 15.399570 26.389906 -21.121187
v 16.461245 26.388992 -21.559195
v 15.399386 26.030188 -21.120890
v 15.403619 26.027668 -24.122000
v 14.341945 26.028580 -23.683992
v 14.342129 26.388298 -23.684292
v 5.290580 4.141585 -26.876390
v 5.285434 0.902737 -24.416492
v 5.288912 0.900673 -26.873669
v 5.938134 0.902403 -24.415571
v 5.939802 4.143315 -24.418293
v 5.943280 4.141251 -26.875469
v 5.287111 4.143649 -24.419214
v 19.671190 9.494754 -30.707291
v 19.701654 9.464324 -30.781937
v 18.968803 12.135323 -30.710505
v 19.672552 12.134963 -30.709513
v 19.703043 12.165235 -30.784212
v 18.938559 12.165629 -30.785294
v 6.847134 5.829859 -23.378319
v 6.847353 6.250610 -23.378670
v 6.971899 6.185062 -23.407465
v 14.413140 26.024830 -23.612587
v 14.410338 26.026491 -21.633085
v 15.402961 25.839365 -23.722080
v 15.403479 26.023981 -24.021166
v 14.300591 25.840858 -22.622829
v 14.624125 25.840042 -23.400776
v 15.401353 25.738787 -22.621193
v 14.621921 25.841351 -21.843992
v 15.399851 25.841219 -21.520485
v 15.399518 26.026335 -21.221714
v 16.389856 26.025482 -21.630293
v 16.178686 25.840542 -21.841799
v 16.502213 25.839725 -22.619720
v 13.900951 26.029697 -22.623558
v 13.901135 26.389414 -22.623856
v 14.339125 26.390081 -21.562199
v 16.902239 26.387869 -22.619614
v 16.902054 26.028160 -22.619316
v 16.464249 26.387201 -23.681297
v -1.459250 0.890118 -23.993441
v 19.258327 10.711438 -30.295479
v 18.165861 10.930521 -30.297211
v 19.258572 10.929871 -30.396936
v 19.401770 10.929801 -30.396736
v 19.258440 10.929959 -30.295664
v 18.074873 10.930486 -30.398605
v 18.074759 10.711966 -30.398430
v 18.165749 10.712000 -30.297024
v 19.402096 10.711017 -30.705278
v 19.258467 10.711349 -30.396753
v 19.258905 10.711096 -30.705482
v 19.259012 10.929617 -30.705666
v 18.937162 9.464720 -30.783016
v 18.967443 9.495114 -30.708284
v 19.402210 10.929546 -30.705463
v 19.401657 10.711280 -30.396549
v 6.920674 5.829789 -23.451622
v 6.930299 5.824063 -30.263224
v 6.856969 5.824036 -30.336744
v -5.032093 9.154729 24.907700
v -4.994304 9.154782 24.999306
v -5.022582 9.262291 24.999172
v -5.032356 9.154879 25.090830
v -5.052309 9.262370 25.070675
v -5.123890 9.262431 25.100210
v -5.215486 9.154975 25.090576
v -5.195384 9.262441 25.070475
v -5.253301 9.154923 24.998945
v -5.224917 9.262397 24.998892
v -5.215231 9.154827 24.907438
v -5.195182 9.262317 24.927399
v -4.455357 8.529096 25.669901
v -5.146064 8.529693 25.954849
v -5.145924 8.628692 25.887457
v -5.793890 8.529781 25.668015
v -5.746161 8.628779 25.620390
v -4.502858 8.628139 25.622139
v -4.909663 8.851419 25.214304
v -5.124391 8.851604 25.302887
v -5.034621 8.917768 25.088881
v -5.338863 8.851639 25.213699
v -5.213457 8.917864 25.088625
v -5.427464 8.851507 24.998953
v -5.213202 8.917706 24.909792
v -5.123741 8.917635 24.872864
v -5.034367 8.917618 24.910046
v -4.981017 9.003145 25.142546
v -5.124101 8.917846 25.125784
v -5.250385 8.917802 24.999147
v -5.326217 9.003206 24.998964
v -5.266746 9.003057 24.855984
v -5.123591 9.002934 24.796917
v -5.124162 9.003267 25.201590
v -5.123986 9.154967 25.128618
v -5.267150 9.003294 25.142143
v -5.123618 9.154747 24.869631
v -4.996930 9.959831 24.998629
v -5.001901 10.121068 24.998487
v -4.961345 10.303363 24.998392
v -4.961266 10.451954 24.998268
v -5.008899 10.303476 25.112795
v -4.908680 10.755632 25.212708
v -4.819350 10.992517 24.998014
v -5.122424 10.992420 24.694080
v -4.979410 11.337084 24.854431
v -5.122547 10.755307 24.694273
v -4.453468 8.527972 24.331350
v -4.189518 8.528394 25.000990
v -4.256797 8.627489 25.000816
v -4.820457 8.851192 24.999805
v -4.909049 8.851060 24.785078
v -4.980613 9.002908 24.856388
v -4.997465 8.917680 24.999498
v -4.921546 9.002995 24.999542
v -5.052115 9.262247 24.927601
v -4.997219 9.386318 24.999113
v -5.123855 9.386485 25.125397
v -5.213211 9.386503 25.088240
v -5.250139 9.386441 24.998753
v -5.212965 9.386353 24.909405
v -5.123600 9.262257 24.897865
v -5.034385 9.386406 25.088486
v -4.980718 9.575191 25.142073
v -5.266860 9.575332 25.141661
v -5.325919 9.575245 24.998487
v -5.123504 9.386273 24.872477
v -5.034130 9.386257 24.909649
v -4.980314 9.574945 24.855904
v -4.921150 9.765969 24.998901
v -5.033832 9.959769 24.909176
v -5.037335 10.121015 24.912594
v -5.008583 10.303292 24.883875
v -5.008504 10.451883 24.883751
v -4.971313 10.581574 24.998144
v -5.015609 10.581513 24.890778
v -4.819473 10.755404 24.998217
v -4.907951 10.992385 24.783287
v -4.920342 11.337172 24.997576
v -4.921247 9.575033 24.999060
v -5.123872 9.575315 25.201105
v -5.123767 9.766242 25.200949
v -5.266456 9.575095 24.855501
v -5.123302 9.574971 24.796434
v -4.980218 9.765882 24.855747
v -5.123477 10.121234 25.119715
v -5.338257 8.851278 24.784481
v -5.123530 8.851094 24.695873
v -5.122335 8.528077 24.044479
v -4.501101 8.627093 24.378809
v -5.744413 8.627735 24.377054
v -5.122379 8.627191 24.111715
v -6.057840 8.529359 24.998348
v -5.990474 8.628385 24.998365
v -5.792002 8.528657 24.329464
v -5.266351 9.766031 24.855343
v -5.212667 9.959866 24.908920
v -5.123196 9.765900 24.796276
v -5.123205 9.959787 24.871992
v -5.123135 10.121033 24.876911
v -5.122388 11.337102 24.794958
v -5.337160 10.992604 24.782673
v -4.980621 9.766119 25.141907
v -5.034086 9.959928 25.088013
v -5.266755 9.766269 25.141502
v -5.212921 9.960015 25.087748
v -5.325822 9.766181 24.998322
v -5.123565 9.960008 25.124905
v -5.249850 9.959963 24.998268
v -5.244703 10.121190 24.998144
v -5.209031 10.121102 24.912346
v -5.209268 10.121252 25.084042
v -5.237818 10.303600 25.112469
v -5.037581 10.121164 25.084278
v -5.123433 10.303582 25.160032
v -5.123363 10.452172 25.159910
v -5.237739 10.452190 25.112337
v -5.285083 10.303530 24.997936
v -5.237493 10.303407 24.883551
v -5.122986 10.303310 24.836294
v -5.122854 10.581532 24.846184
v -4.908074 10.755263 24.783480
v -5.230213 10.581618 24.890478
v -5.237414 10.451998 24.883427
v -5.122907 10.451900 24.836172
v -5.285004 10.452120 24.997805
v -5.426481 10.755721 24.997356
v -5.337274 10.755491 24.782875
v -5.426358 10.992832 24.997154
v -5.265543 11.337225 24.854027
v -4.908557 10.992744 25.212513
v -4.979814 11.337321 25.140581
v -5.122960 11.337444 25.199629
v -5.337765 10.992965 25.211906
v -5.265946 11.337471 25.140177
v -5.325014 11.337374 24.997013
v -5.123284 10.992929 25.301086
v -5.015916 10.581697 25.105400
v -5.123407 10.755817 25.301279
v -5.230520 10.581803 25.105101
v -5.337879 10.755852 25.212099
v -5.274817 10.581732 24.997715
v -5.008829 10.452067 25.112671
v -5.123284 10.581785 25.149677
v -4.202604 10.542249 26.460358
v -4.949595 13.485233 25.959503
v -4.874922 11.934809 26.300648
v -5.465068 10.543109 26.713205
v -4.810296 10.542741 26.675529
v -5.402409 11.935107 26.332121
v -5.924021 11.935195 26.121864
v -6.602030 10.543013 25.901052
v -6.145879 10.543215 26.418457
v -5.704797 13.485497 25.809559
v -5.339662 13.485426 25.950897
v -4.401866 11.934432 26.141563
v -4.323908 13.484566 25.552477
v -4.202534 10.542249 26.460787
v -3.995411 11.933923 25.785051
v -3.766853 11.933378 25.276287
v -3.387649 10.540888 25.339403
v -3.685128 10.541599 26.004644
v -3.767187 11.932930 24.743355
v -4.148700 13.484179 25.197468
v -4.124524 13.483837 24.804688
v -3.378621 10.540326 24.676455
v -4.601110 13.484936 25.822197
v -4.874861 11.934809 26.301077
v -5.464981 10.543109 26.713646
v -4.810225 10.542741 26.675961
v -5.402321 11.935107 26.332561
v -5.339583 13.485426 25.951334
v -4.949533 13.485233 25.959942
v -6.145791 10.543215 26.418896
v -3.960574 11.932623 24.260235
v -3.630390 10.539922 24.043066
v -4.099381 10.539746 23.543955
v -4.332655 11.932473 23.856503
v -4.264991 13.483601 24.440683
v -4.537432 13.483495 24.147913
v -5.923933 11.935195 26.122295
v -5.977152 13.485392 25.517218
v -5.704710 13.485497 25.809990
v -6.296006 11.935055 25.718563
v -6.819858 10.542609 25.278219
v -6.117636 13.485164 25.153225
v -6.090720 13.484830 24.776007
v -6.471443 11.934300 24.715359
v -5.839152 11.933238 23.834522
v -6.261177 11.933756 24.193748
v -5.949375 13.484451 24.410862
v -5.656602 13.484075 24.138428
v -5.416680 10.540221 23.299736
v -6.820937 10.542083 24.649143
v -6.476571 11.934721 25.217150
v -6.037194 10.540738 23.533197
v -6.570178 10.541398 23.992071
v -6.601943 10.543013 25.901482
v -4.817682 11.932570 23.671944
v -5.353327 11.932834 23.656706
v -5.292626 13.483759 23.997969
v -4.886989 13.483557 24.003845
v -4.738161 10.539878 23.306044
v -3.995473 11.933923 25.784611
v -3.685190 10.541599 26.004204
v -4.148762 13.484179 25.197037
v -3.766914 11.933378 25.275848
v -3.387719 10.540888 25.338964
v -3.378691 10.540326 24.676016
v -4.124585 13.483837 24.804247
v -4.265052 13.483601 24.440271
v -3.960635 11.932623 24.259823
v -4.099442 10.539746 23.543543
v -4.738223 10.539878 23.305622
v -4.332716 11.932473 23.856091
v -4.537485 13.483503 24.147490
v -4.887050 13.483565 24.003431
v -4.817743 11.932570 23.671530
v -5.353397 11.932834 23.656267
v -5.416741 10.540221 23.299299
v -5.839231 11.933238 23.834110
v -5.292688 13.483767 23.997530
v -6.037273 10.540738 23.532793
v -6.570257 10.541398 23.991659
v -5.656682 13.484075 24.138023
v -6.261256 11.933756 24.193335
v -6.471522 11.934300 24.714947
v -5.949462 13.484444 24.410458
v -3.630452 10.539922 24.042654
v -3.767248 11.932930 24.742926
v -4.601181 13.484936 25.821756
v -4.323970 13.484566 25.552048
v -4.401927 11.934432 26.141123
v -6.821016 10.542083 24.648741
v -6.819919 10.542609 25.277790
v -6.090807 13.484830 24.775591
v -6.476642 11.934721 25.216711
v -6.296094 11.935055 25.718134
v -5.977240 13.485392 25.516781
v -6.117698 13.485154 25.152784
v -16.431087 16.006048 -25.080338
v -16.016598 19.896717 -24.373718
v -14.585836 16.006338 -23.597773
v -15.390446 19.896814 -23.872217
v -15.392457 16.006533 -23.868948
v -12.577416 19.894629 -24.747196
v -13.093364 16.005127 -24.132294
v -12.579419 16.004345 -24.743937
v -12.436519 16.002861 -26.428541
v -12.322758 16.003546 -25.538105
v -16.348291 16.004652 -26.688152
v -16.577991 16.005442 -25.891922
v -15.844718 16.003853 -27.341291
v -16.575981 19.895725 -25.895187
v -16.429041 19.896332 -25.083569
v -16.018564 16.006435 -24.370405
v -14.583790 19.896622 -23.600996
v -13.745212 19.896069 -23.745871
v -13.747214 16.005787 -23.742603
v -13.091318 19.895409 -24.135515
v -12.320703 19.893827 -25.541328
v -12.434473 19.893135 -26.431765
v -12.878057 19.892818 -27.089794
v -13.477249 19.892706 -27.589214
v -14.273428 16.002615 -27.842617
v -15.147335 19.893442 -27.744593
v -15.149346 16.003151 -27.741325
v -12.880103 16.002537 -27.086571
v -13.479295 16.002422 -27.585991
v -14.271461 19.892899 -27.845928
v -15.842759 19.894127 -27.344593
v -16.346325 19.894945 -26.691456
v -30.787699 3.932866 -5.775063
v -30.663496 3.932796 -5.775519
v -30.664198 2.576373 -5.774395
v -1.531069 7.681718 21.890070
v -1.632114 7.549137 21.918577
v -2.525535 7.416943 21.636194
v -2.184603 7.453159 21.636650
v -2.184515 7.630352 21.636501
v -2.876883 7.622685 21.635525
v -2.525412 7.664400 21.635990
v -2.876953 7.482649 21.635649
v -2.797960 8.536657 23.826311
v -1.775022 8.905349 24.279213
v -1.591181 8.641452 23.864258
v -1.775215 8.536508 24.279522
v -1.584059 7.549093 21.890106
v -3.120081 7.650533 21.477081
v -3.120265 7.650639 21.601776
v -20.936773 13.564884 -5.600759
v -1.591093 8.799518 23.864119
v -2.797766 8.905499 23.826002
v -1.039254 8.640118 22.618734
v -2.061990 8.640266 22.165525
v -21.189606 13.564962 -5.664367
v -2.876663 7.622545 21.477461
v -20.936668 13.775650 -5.600935
v -21.189501 13.775729 -5.664542
v -20.746891 13.775501 -5.663918
v -2.877252 7.622896 21.895805
v -3.004274 7.481498 21.895744
v -2.877331 7.482868 21.895918
v -3.004203 7.624398 21.895630
v -30.788401 2.576435 -5.773938
v -30.725986 3.932884 -5.713176
v -30.726690 2.576452 -5.712051
v -34.533432 10.940666 4.933260
v -34.870342 10.943617 4.932776
v -1.565046 7.717021 21.918533
v -1.565152 7.717083 21.991388
v -1.632219 7.549199 21.991440
v -1.039298 8.534734 22.618822
v -3.003826 7.624179 21.635349
v -3.003606 7.624047 21.477276
v -3.003896 7.481279 21.635466
v -3.120362 7.454863 21.601944
v -2.613925 8.641592 23.411039
v -2.062051 8.534883 22.165611
v -2.271992 9.034707 23.758259
v -2.230813 9.021245 23.713146
v -2.235924 8.894170 23.783316
v -2.222049 8.894170 23.789454
v -30.718594 18.368023 -5.725068
v -30.717890 19.724445 -5.726183
v -30.780294 18.367996 -5.786945
v -2.525316 7.416802 21.478128
v -2.525184 7.664268 21.477917
v -1.846059 7.416451 21.479084
v -1.466328 7.481789 21.479567
v -2.033791 8.640310 22.238581
v -3.114276 7.717882 21.989201
v -3.181352 7.549997 21.989252
v -2.549826 8.641558 23.403111
v -1.638428 8.746809 23.806868
v -1.122384 8.745562 22.642340
v -2.549773 8.746941 23.403030
v -23.762527 26.080204 14.428463
v -23.762344 26.439939 14.428164
v -23.324362 26.440609 15.489820
v -20.925779 14.460632 -5.601497
v -20.852009 14.460598 -5.601391
v -20.873280 14.460729 -5.464437
v -21.189150 14.460720 -5.665113
v -20.746540 14.460492 -5.664489
v -20.925884 14.249866 -5.601321
v -21.189253 14.249953 -5.664937
v -20.746645 14.249725 -5.664314
v -21.010550 13.564919 -5.600864
v -20.989553 13.775790 -5.464033
v -20.958054 13.565015 -5.463805
v -20.957937 13.775774 -5.463989
v -20.746996 13.564734 -5.663743
v -20.989658 13.565024 -5.463857
v -20.761433 26.078659 14.432703
v -21.202427 26.079775 15.493123
v -21.273630 26.076008 15.421725
v -2.188204 9.548959 23.640661
v -2.139850 9.967726 23.543022
v -2.129022 9.970545 23.561148
v -2.170473 9.543163 23.621244
v -2.199163 9.312243 23.651909
v -2.174486 9.552534 23.663607
v -2.148272 9.548951 23.658348
v -21.010437 13.775685 -5.601040
v -23.321360 26.438824 13.367727
v -21.199240 26.437727 13.370722
v -22.259676 26.437912 12.929711
v -23.324545 26.080872 15.490128
v -22.264111 26.080696 15.931130
v -22.263918 26.440432 15.930832
v -21.202244 26.439518 15.492825
v -22.259869 26.078167 12.930010
v -2.876734 7.482517 21.477573
v -3.003676 7.481147 21.477388
v -2.033729 8.745693 22.238493
v -2.184287 7.630220 21.478426
v -1.845928 7.663917 21.478874
v -2.184383 7.453027 21.478577
v -2.952460 7.787286 21.916512
v -2.240122 9.042997 23.811558
v -34.576164 10.833026 4.933295
v -34.870445 10.740359 4.932952
v -34.870628 10.740465 5.065691
v -34.671333 12.045074 5.064883
v -34.869953 12.045170 5.064602
v -34.869850 12.248437 5.064426
v -34.532860 12.038399 4.932337
v -34.671143 12.044960 4.932136
v -34.671711 10.943521 4.933066
v -22.262135 25.789312 14.430824
v -23.041565 25.891878 15.208026
v -34.533051 12.038505 5.065059
v -34.671894 10.943625 5.065805
v -34.870525 10.943730 5.065525
v -21.504992 14.829649 -5.750157
v -20.482914 14.776509 -5.664367
v -20.452021 13.153520 -5.747259
v -20.905001 14.249971 -5.464305
v -20.873384 14.249963 -5.464261
v -20.904896 14.460738 -5.464489
v -20.852116 14.249831 -5.601215
v -2.771877 7.549699 21.888428
v -23.321543 26.079090 13.368026
v -34.869663 12.248322 4.931688
v -34.566399 12.155462 5.064909
v -1.846156 7.664049 21.636950
v -1.466478 7.621957 21.637518
v -1.846279 7.416583 21.637159
v -2.223454 8.897429 23.804190
v -2.238182 8.899440 23.807131
v -2.204986 8.851665 23.836096
v -2.235003 9.323948 23.691166
v -2.200217 8.840512 23.785633
v -2.173467 9.021235 23.738552
v -2.119863 9.985950 23.540476
v -2.125852 9.963160 23.527681
v -2.145804 9.543156 23.632187
v -2.108323 9.967726 23.556995
v -2.106356 9.963160 23.536324
v -2.149299 9.312234 23.674015
v -2.179228 9.034690 23.799368
v -2.245883 8.897429 23.794249
v -2.247771 8.840521 23.764565
v -2.207269 9.331185 23.737518
v -2.154305 9.323932 23.726925
v -2.255499 8.858568 23.846210
v -2.281951 8.851674 23.801985
v -2.613837 8.799667 23.410908
v -3.120186 7.454757 21.477249
v -34.576347 10.833140 5.066007
v -21.199423 26.077993 13.371020
v -20.761248 26.438404 14.432405
v -34.533615 10.940771 5.065981
v -34.566212 12.155348 4.932197
v -34.869770 12.045064 4.931855
v -20.451159 14.829114 -5.748673
v -20.483730 13.195752 -5.663041
v -21.473518 14.777020 -5.665762
v -21.505852 13.154056 -5.748752
v -21.474335 13.196271 -5.664437
v -2.952442 7.737395 21.888016
v -3.114171 7.717820 21.916346
v -2.824736 7.682385 21.888245
v -2.952565 7.787347 21.989367
v -3.080202 7.682517 21.887884
v -3.181247 7.549936 21.916389
v -3.114452 7.382043 21.989483
v -2.952706 7.312350 21.916933
v -2.952811 7.312411 21.989771
v -2.791075 7.381876 21.989948
v -2.723902 7.549699 21.917040
v -2.724007 7.549760 21.989895
v -2.790793 7.717653 21.916794
v -2.790899 7.717715 21.989656
v -2.952548 7.549795 21.888172
v -2.824867 7.417074 21.888462
v -2.952645 7.362187 21.888332
v -2.790969 7.381815 21.917101
v -3.133193 7.549883 21.887918
v -3.114355 7.381982 21.916645
v -3.080334 7.417206 21.888102
v -22.263636 25.891747 15.531535
v -22.263962 26.076859 15.830304
v -21.484800 25.891069 15.210221
v -22.260529 25.889893 13.329930
v -23.250349 26.075357 13.439431
v -23.039362 25.890570 13.651243
v -21.482595 25.889769 13.653439
v -22.260010 26.074505 13.030844
v -23.362888 25.891386 14.429192
v -23.661703 26.076403 14.428611
v -23.253141 26.077026 15.418923
v -20.862267 26.074961 14.432563
v -21.270830 26.074339 13.442225
v -21.161266 25.890253 14.432300
v -1.466557 7.481920 21.637642
v -1.339588 7.480418 21.637817
v -1.466917 7.482140 21.897913
v -1.214717 7.453879 21.604631
v -1.638472 8.641426 23.806955
v -1.122437 8.640179 22.642427
v 10.085015 26.421631 13.404401
v 9.644022 26.422745 14.464837
v 10.082013 26.423412 15.526493
v 11.146699 26.420715 12.966384
v -1.339877 7.623538 21.897982
v -1.565318 7.381244 21.991676
v -1.403573 7.311550 21.919121
v -1.403678 7.311612 21.991957
v -1.241836 7.381015 21.919287
v -1.241941 7.381077 21.992134
v -1.174874 7.548962 21.992081
v -1.241765 7.716916 21.991852
v -1.403432 7.786556 21.991564
v 12.544106 26.057768 14.469236
v -1.214436 7.649549 21.479786
v 10.043487 25.874189 14.465865
v 10.364808 25.874681 15.244699
v 9.744672 26.059208 14.465284
v 12.132751 26.058804 15.458399
v 11.921574 25.873873 15.246895
v 10.367012 25.873363 13.687917
v 11.146365 26.057310 13.067526
v 11.144240 25.772118 14.467506
v 11.142739 25.874550 15.568208
v 11.142413 26.059664 15.866978
v 11.146505 26.060972 12.966691
v -1.403336 7.786495 21.918697
v 11.142273 26.063501 15.967813
v 11.142457 26.423237 15.967514
v 12.203947 26.062580 15.529797
v 12.204140 26.422316 15.529497
v 10.081827 26.063679 15.526801
v 10.153234 26.059822 15.455597
v -1.339368 7.480287 21.479753
v 9.643838 26.063009 14.465137
v 10.084831 26.061893 13.404699
v 10.156027 26.058163 13.476105
v 12.644940 26.061464 14.469377
v 12.645125 26.421198 14.469079
v 12.206951 26.060797 13.407702
v 12.207135 26.420542 13.407404
v -1.466258 7.621825 21.479454
v -1.466847 7.622176 21.897799
v -1.339956 7.480647 21.898098
v -1.214542 7.453773 21.479946
v -1.339517 7.623327 21.637703
v -1.214612 7.649655 21.604473
v -1.339289 7.623187 21.479630
v -1.531209 7.416407 21.890289
v -1.565213 7.381183 21.918831
v -1.403511 7.361397 21.890518
v -1.275734 7.416275 21.890650
v -1.174777 7.548909 21.919226
v -1.403415 7.548996 21.890360
v -1.222744 7.548909 21.890614
v -1.403318 7.736596 21.890202
v -1.275594 7.681586 21.890430
v -1.241669 7.716854 21.918989
v 11.923777 25.872564 13.690112
v 11.145847 25.872696 13.366612
v 12.245108 25.873056 14.468973
v 12.135545 26.057144 13.478907
v -14.719383 15.619987 -25.238281
v -14.280620 0.694491 -26.050653
v -14.077925 0.694667 -25.720848
v -13.906545 15.619152 -25.737894
v -14.164857 17.234221 -25.732117
v -14.165542 15.898743 -25.731001
v -13.049067 0.590574 -25.320269
v -13.833796 0.540070 -24.284420
v -15.383604 0.540728 -24.450594
v -15.509915 0.592384 -24.678413
v -14.668904 1.137487 -25.704960
v -14.571653 1.137285 -25.884647
v -14.667605 0.694702 -26.039999
v -14.595154 17.234669 -25.467630
v -14.168597 15.899147 -25.253675
v -14.638247 17.259556 -25.719126
v -14.609064 17.234247 -25.972538
v -14.085459 0.694737 -25.632236
v -14.207896 0.694491 -25.999470
v -15.020937 0.590126 -27.068621
v -13.908617 0.591830 -24.350828
v -14.342278 0.695115 -25.342581
v -15.955361 0.539578 -26.165503
v -16.090340 0.161340 -26.192753
v -15.139511 0.159952 -27.265150
v -30.725891 2.576347 -5.836281
v -30.725189 3.932778 -5.837405
v -30.779602 19.724426 -5.788069
v -30.717081 19.724339 -5.850412
v -30.717785 18.367918 -5.849288
v -30.655373 19.724365 -5.788526
v -30.656075 18.367933 -5.787402
v -15.880486 0.591382 -26.099180
v -14.587145 0.694623 -26.077059
v -14.843972 0.695000 -25.787405
v -14.721544 0.695246 -25.420162
v -15.363529 0.592419 -24.548634
v -15.007844 15.619740 -25.707579
v -14.564285 15.427662 -25.896645
v -14.094197 0.591980 -24.288960
v -14.649137 0.695255 -25.369753
v -14.851868 0.695079 -25.699549
v -14.542928 17.259644 -25.564127
v -14.357673 1.137461 -25.536514
v -14.318233 15.898611 -25.979433
v -14.194847 15.898365 -26.207420
v -9.828557 6.253412 -30.287270
v -9.755026 6.253314 -30.360571
v -9.889538 5.903934 -23.434111
v -14.835349 0.589977 -27.130487
v -13.546002 0.537663 -26.968779
v -13.454916 0.159250 -27.071402
v -14.595839 15.899191 -25.466505
v -14.748557 15.899059 -25.714947
v -14.719243 15.899446 -25.238510
v -15.007703 15.899199 -25.707815
v -14.554546 15.427952 -25.542866
v -14.661536 15.427864 -25.716957
v -14.745649 15.619205 -26.192043
v -14.194987 15.618906 -26.207191
v -14.367394 1.137171 -25.890284
v -14.304340 15.899033 -25.474533
v -14.350296 15.427846 -25.548513
v -13.906396 15.898602 -25.738131
v -14.747872 17.234537 -25.716072
v -14.609758 15.898768 -25.971415
v -14.745501 15.898655 -26.192272
v -1.456396 5.899667 -23.339001
v -9.879790 5.898138 -30.330793
v -9.879641 6.187942 -30.331038
v -1.447447 5.893730 -30.399651
v -9.795941 6.187828 -30.411709
v -1.456756 5.714693 -23.997490
v -8.826064 4.910223 -29.618893
v -8.833995 4.914940 -24.007244
v -8.836066 0.893920 -24.003864
v -8.833572 5.718487 -24.007912
v -8.833766 5.718601 -23.876192
v -8.836681 0.054253 -23.871431
v -8.836496 0.054139 -24.003162
v -9.360682 5.718864 -23.876930
v -9.354368 0.049036 -30.405930
v -9.363597 0.054516 -23.872179
v -9.351443 5.713375 -30.410681
v -9.804126 6.193765 -23.351042
v -9.838182 6.259138 -23.475666
v -9.889390 6.193738 -23.434347
v -8.836242 0.539894 -24.003565
v -9.755245 5.832581 -30.360220
v -9.838402 5.838386 -23.475315
v -9.362086 5.718864 -23.876930
v -9.765073 5.838413 -23.401802
v -1.458969 5.834136 -23.390060
v -9.804275 5.903961 -23.350796
v -9.828777 5.832660 -30.286917
v -9.353603 5.713823 -29.883764
v -1.451320 0.885410 -29.605070
v -8.828136 0.889204 -29.615513
v -1.459241 0.535986 -24.124870
v -8.836058 0.539780 -24.135296
v -8.836312 0.054025 -24.134892
v -1.449142 5.828313 -30.348488
v -9.796090 5.898024 -30.411461
v -14.168747 15.619697 -25.253439
v -14.369757 17.259283 -25.884094
v -14.317549 17.234097 -25.980549
v -14.274428 17.259363 -25.729095
v -14.551649 17.259380 -25.879135
v -14.566129 11.855065 -25.893648
v -14.361861 11.854960 -25.899277
v -14.360026 15.427556 -25.902283
v -14.254889 11.855048 -25.725203
v -14.253045 15.427644 -25.728199
v -14.256733 8.282452 -25.722198
v -14.363706 8.282364 -25.896275
v -14.365551 4.709767 -25.893280
v -15.919690 0.591567 -25.907524
v -16.014612 0.539859 -25.875847
v -12.914994 0.538533 -25.543512
v -12.780385 0.160207 -25.515614
v -14.815334 0.538102 -27.228451
v -15.095812 0.538322 -27.134941
v -13.324768 0.537716 -26.772625
v -13.566026 0.589538 -26.870823
v -13.419639 0.589573 -26.741035
v -14.361028 17.259539 -25.569088
v -14.262187 0.695044 -25.380398
v -14.567974 8.282477 -25.890644
v -12.974246 0.538814 -25.253859
v -13.790483 0.161867 -24.153587
v -14.114272 0.540289 -24.190918
v -15.604831 0.540676 -24.646736
v -16.149591 0.161621 -25.903099
v -13.009865 0.590399 -25.511925
v -14.303656 17.234510 -25.475658
v -1.449529 6.368402 -29.873131
v -1.448923 6.249038 -30.348839
v -9.353261 6.372468 -29.884317
v -1.458021 6.373444 -23.866312
v -9.361753 6.377509 -23.877483
v -9.764861 6.259164 -23.402151
v -12.839654 0.160479 -25.225975
v -14.070943 0.162095 -24.060068
v -15.475078 0.162578 -24.347326
v -15.696312 0.162525 -24.543480
v -14.464996 0.160997 -25.709358
v -14.569809 4.709882 -25.887650
v -13.233690 0.159302 -26.875257
v -14.859034 0.159733 -27.358641
v -14.667061 4.710075 -25.707964
v -14.665226 8.282671 -25.710958
v -14.556391 11.855356 -25.539867
v -14.663381 11.855268 -25.713961
v -14.561914 1.137575 -25.530867
v -14.258577 4.709864 -25.719196
v -14.260413 1.137267 -25.716202
v -14.355828 4.710066 -25.539507
v -14.560070 4.710171 -25.533871
v -14.353985 8.282654 -25.542513
v -14.558227 8.282767 -25.536865
v -14.352140 11.855250 -25.545506
vn -0.8328 0.0009 0.5536
vn -0.7081 0.0010 0.7061
vn -0.8736 -0.2175 0.4353
vn -0.0014 -0.7065 0.7077
vn -0.0014 0.0008 1.0000
vn -0.7081 0.0009 0.7061
vn -0.4093 -0.8159 0.4084
vn -0.9491 0.0008 0.3149
vn 0.4461 0.0005 0.8950
vn 0.8937 -0.0001 0.4486
vn 0.2895 -0.4092 -0.8653
vn -0.2341 0.6662 -0.7081
vn 0.8667 0.4077 -0.2876
vn 0.7065 -0.6668 0.2371
vn 0.2349 0.6671 0.7070
vn -0.2900 -0.4075 0.8659
vn -0.8662 0.4090 0.2870
vn -0.7072 -0.6665 -0.2360
vn -0.2342 0.6662 -0.7081
vn 0.7065 -0.6668 0.2372
vn 0.2347 0.6671 0.7070
vn -0.2901 -0.4075 0.8659
vn -0.8663 0.4090 0.2869
vn 1.0000 -0.0005 0.0014
vn -0.0006 0.7077 0.7065
vn -0.6674 0.3344 0.6654
vn -0.4093 -0.8159 0.4085
vn -0.8736 -0.2174 0.4353
vn -0.8730 0.4370 0.2167
vn -0.4721 -0.4470 0.7598
vn -0.0448 -0.7078 0.7049
vn -0.5211 -0.5350 0.6650
vn -0.5878 0.3035 0.7499
vn -0.2700 0.5229 0.8085
vn 0.2794 -0.5315 0.7996
vn 0.5442 -0.3386 0.7676
vn 0.2848 -0.9327 -0.2212
vn 0.3583 -0.9325 0.0455
vn -0.0005 -1.0000 0.0008
vn 0.2215 -0.9322 0.2861
vn 0.2878 -0.9571 -0.0332
vn 0.2122 -0.9406 -0.2651
vn 0.6879 0.7258 0.0004
vn 0.7338 0.1260 0.6676
vn 0.9569 -0.2905 0.0016
vn 0.6756 -0.2048 0.7082
vn -1.0000 0.0005 -0.0014
vn -0.1542 0.9001 0.4074
vn -0.7258 0.6879 -0.0016
vn -0.6776 0.2060 0.7060
vn -0.9569 0.2905 -0.0016
vn 0.9125 0.3040 -0.2735
vn 0.3966 0.3365 -0.8541
vn 0.5267 0.8261 -0.2003
vn 0.1359 0.8390 -0.5268
vn 0.8541 0.3713 0.3642
vn 0.8571 -0.4343 0.2771
vn 0.8467 -0.3059 -0.4353
vn -0.2286 -0.4275 0.8746
vn 0.4528 -0.2119 0.8661
vn 0.4949 0.4593 0.7377
vn 0.2283 0.4281 0.8744
vn -0.4518 0.2132 0.8663
vn -0.0875 0.7091 0.6997
vn 0.4698 0.5848 0.6613
vn 0.4006 -0.8027 0.4418
vn -0.8037 -0.4008 0.4398
vn 0.8025 0.4016 0.4413
vn -0.4018 0.8035 0.4393
vn 0.0003 0.9926 0.1214
vn -0.0003 0.8389 0.5444
vn 0.1329 0.9054 0.4033
vn 0.0762 0.9943 0.0751
vn 0.4248 0.8833 0.1983
vn 0.1049 0.9889 -0.1049
vn -0.0008 -0.9699 0.2433
vn 0.0942 -0.9831 0.1570
vn -0.0012 -0.8379 0.5458
vn 0.1989 -0.8265 0.5266
vn -0.0015 -0.3245 0.9459
vn 0.3625 -0.2539 0.8967
vn 0.0012 -0.3262 -0.9453
vn 0.3197 -0.5025 -0.8033
vn 0.0003 -0.8389 -0.5443
vn 0.1333 -0.9054 -0.4032
vn -0.0002 -0.9703 -0.2417
vn 0.1557 -0.9833 -0.0938
vn 0.0015 0.3246 -0.9458
vn 0.0007 0.9924 -0.1230
vn 0.0012 0.8379 -0.5458
vn -0.0012 0.3262 0.9453
vn 0.3177 0.5026 0.8040
vn -0.7549 -0.3314 0.5660
vn -0.6910 -0.7175 -0.0882
vn -0.2132 -0.9399 0.2667
vn -0.2888 -0.9568 0.0348
vn -0.5042 -0.5718 -0.6472
vn -0.7962 -0.0001 -0.6050
vn -0.9908 0.0006 0.1352
vn 0.7545 -0.3331 -0.5655
vn 0.1380 -0.0010 -0.9904
vn 0.6050 -0.0010 -0.7962
vn -0.1352 -0.0008 -0.9908
vn -0.1380 0.0008 0.9904
vn 0.5035 -0.5713 0.6482
vn 0.1352 0.0008 0.9908
vn 0.7962 0.0001 0.6050
vn -0.6050 0.0011 0.7962
vn -0.4085 0.8170 0.4071
vn -0.8941 0.4478 -0.0016
vn -0.0010 0.4481 0.8940
vn 0.0005 1.0000 -0.0008
vn -0.6244 0.3129 0.7157
vn -0.3054 -0.3031 0.9027
vn 0.2461 0.4939 0.8340
vn 0.5097 -0.5107 0.6923
vn 0.7847 0.3928 0.4795
vn 0.6121 -0.6129 0.4997
vn -0.3930 0.7859 0.4774
vn -0.6142 -0.6123 0.4979
vn 0.4033 -0.9052 0.1343
vn -0.0452 -0.9320 0.3595
vn -0.3329 -0.9096 -0.2485
vn -0.2225 -0.9325 -0.2845
vn -0.3592 -0.9322 -0.0440
vn -0.2858 -0.9320 0.2228
vn 0.0443 -0.9327 -0.3580
vn -0.0721 -0.8487 -0.5240
vn 0.0712 -0.8479 0.5254
vn 0.3319 -0.9096 0.2500
vn 0.6902 -0.7180 0.0894
vn 0.9908 -0.0006 -0.1352
vn 0.4518 -0.8604 0.2356
vn 0.6784 0.6451 0.3516
vn 0.2766 -0.7216 0.6347
vn 0.1640 0.5717 0.8039
vn -0.2538 -0.3387 0.9060
vn -0.4357 0.5861 0.6831
vn -0.5267 -0.7063 0.4729
vn -0.5261 0.7077 0.4717
vn -0.2420 0.9703 -0.0012
vn -0.7068 0.7074 -0.0016
vn 0.7075 0.7067 0.0004
vn -0.5550 -0.8319 -0.0001
vn 0.8941 -0.4478 0.0017
vn -0.4478 -0.8941 0.0001
vn 0.5258 -0.8270 -0.1989
vn 0.6618 0.3449 -0.6656
vn 0.7074 0.0277 -0.7063
vn 0.9385 0.3453 -0.0029
vn 0.9996 0.0282 0.0007
vn 0.6655 0.3460 0.6614
vn 0.7063 0.0290 0.7073
vn 0.0028 0.3465 0.9380
vn -0.0007 0.0294 0.9996
vn -0.6614 0.3466 0.6651
vn -0.7073 0.0295 0.7063
vn -0.9381 0.3462 0.0023
vn -0.9996 0.0290 -0.0007
vn -0.6652 0.3455 -0.6619
vn -0.7063 0.0284 -0.7074
vn -0.0024 0.3449 -0.9386
vn 0.0007 0.0278 -0.9996
vn 0.8238 0.5566 -0.1077
vn 0.6211 0.7832 0.0294
vn 0.6659 0.5596 0.4934
vn 0.4164 0.7866 0.4559
vn 0.1062 0.5595 0.8220
vn -0.0400 0.7892 0.6128
vn -0.5162 0.5579 0.6498
vn -0.4658 0.7877 0.4031
vn -0.8232 0.5576 0.1067
vn -0.6206 0.7836 -0.0307
vn 0.3591 0.9333 -0.0007
vn 0.2518 0.9344 0.2521
vn -0.0017 0.9352 0.3541
vn -0.2545 0.9342 0.2501
vn 0.9634 0.2644 -0.0448
vn 0.7127 0.2651 0.6494
vn 0.0446 0.2657 0.9630
vn -0.6494 0.2658 0.7124
vn -0.3584 0.9336 -0.0008
vn -0.9631 0.2655 0.0443
vn -0.2511 0.9345 -0.2524
vn -0.7125 0.2647 -0.6498
vn 0.0024 0.9346 -0.3557
vn -0.0444 0.2641 -0.9635
vn 0.2553 0.9335 -0.2516
vn 0.6498 0.2640 -0.7128
vn 0.9892 -0.1460 -0.0099
vn 0.7065 -0.1453 0.6926
vn 0.0099 -0.1447 0.9894
vn -0.6925 -0.1446 0.7068
vn -0.9894 -0.1450 0.0101
vn -0.7067 -0.1457 -0.6923
vn -0.0101 -0.1463 -0.9892
vn 0.6924 -0.1464 -0.7065
vn 0.9826 0.1859 0.0054
vn 0.9796 0.2012 -0.0029
vn 0.6909 0.1866 0.6985
vn 0.6946 0.2019 0.6905
vn 0.9956 -0.0941 0.0028
vn 0.7020 -0.0935 0.7060
vn 0.9940 -0.1096 0.0001
vn 0.7028 -0.1090 0.7030
vn 0.9993 0.0381 0.0013
vn 0.7056 0.0388 0.7076
vn 0.9468 -0.3212 0.0177
vn 0.6571 -0.3205 0.6823
vn 0.9339 -0.3573 -0.0144
vn 0.6707 -0.3566 0.6504
vn 0.9898 0.1422 0.0036
vn 0.6972 0.1429 0.7025
vn 0.9512 0.2789 0.1323
vn 0.5789 0.2796 0.7660
vn 0.0039 0.1419 -0.9899
vn 0.1327 0.2784 -0.9513
vn 0.7026 0.1417 -0.6973
vn 0.7663 0.2784 -0.5790
vn -0.0149 -0.3575 -0.9338
vn 0.6499 -0.3577 -0.6706
vn 0.5109 0.5572 -0.6546
vn 0.4646 0.7867 -0.4066
vn 0.6802 -0.2888 -0.6737
vn 0.9575 -0.2884 0.0047
vn 0.6739 -0.2877 0.6805
vn -0.0047 -0.2871 0.9579
vn -0.6804 -0.2870 0.6743
vn -0.9578 -0.2874 -0.0042
vn -0.6742 -0.2880 -0.6801
vn 0.0043 -0.2887 -0.9574
vn 0.6919 -0.1919 -0.6960
vn 0.9815 -0.1914 -0.0028
vn 0.6961 -0.1907 0.6922
vn 0.0028 -0.1900 0.9818
vn -0.6920 -0.1900 0.6964
vn -0.9817 -0.1904 0.0031
vn -0.6963 -0.1912 -0.6918
vn -0.0031 -0.1918 -0.9814
vn 0.6987 0.1855 -0.6909
vn 0.6908 0.2007 -0.6947
vn 0.7059 -0.0946 -0.7019
vn 0.7029 -0.1100 -0.7027
vn 0.7076 0.0376 -0.7056
vn 0.6818 -0.3216 -0.6570
vn -0.0054 0.1872 0.9823
vn -0.6985 0.1874 0.6906
vn -0.9824 0.1869 -0.0057
vn -0.6907 0.1862 -0.6988
vn 0.0056 0.1856 -0.9826
vn -0.0028 -0.0928 0.9957
vn -0.0000 -0.1084 0.9941
vn -0.7059 -0.0928 0.7022
vn -0.7030 -0.1081 0.7030
vn -0.4193 0.7856 -0.4550
vn -0.0026 0.2009 -0.9796
vn 0.0347 0.7880 -0.6147
vn -0.1153 0.5588 -0.8213
vn -0.6672 0.5593 -0.4920
vn -0.6944 0.2014 -0.6908
vn 0.0027 -0.0945 -0.9955
vn -0.7021 -0.0940 -0.7058
vn -0.6971 0.1425 -0.7027
vn -0.5786 0.2789 -0.7664
vn -0.6711 -0.3570 -0.6498
vn 0.0028 0.2025 0.9793
vn -0.6905 0.2026 0.6944
vn -0.9793 0.2022 0.0025
vn -0.9956 -0.0931 -0.0027
vn -0.9941 -0.1086 0.0001
vn -0.7029 -0.1093 -0.7028
vn -0.0001 -0.1099 -0.9939
vn -0.0017 0.0400 0.9992
vn -0.7075 0.0395 0.7056
vn -0.9992 0.0391 -0.0015
vn -0.7055 0.0383 -0.7076
vn 0.0014 0.0377 -0.9993
vn 0.0173 -0.3216 -0.9467
vn -0.6574 -0.3210 -0.6817
vn -0.9472 -0.3203 -0.0172
vn -0.9343 -0.3563 0.0150
vn -0.9897 0.1431 -0.0039
vn -0.9509 0.2796 -0.1328
vn -0.0038 0.1435 0.9896
vn -0.1324 0.2801 0.9508
vn -0.7025 0.1436 0.6971
vn -0.7660 0.2801 0.5785
vn 0.0146 -0.3560 0.9344
vn -0.6502 -0.3559 0.6712
vn -0.0176 -0.3199 0.9473
vn -0.6821 -0.3199 0.6576
vn -0.5413 -0.2605 -0.7995
vn -0.2309 -0.2614 -0.9372
vn -0.4927 -0.2514 -0.8331
vn -0.1936 -0.2437 -0.9503
vn -0.4583 -0.2302 -0.8585
vn -0.1339 -0.2280 -0.9644
vn 0.1728 -0.2492 -0.9529
vn 0.0922 -0.2670 -0.9593
vn 0.5012 -0.2592 -0.8256
vn 0.5514 -0.2471 -0.7968
vn 0.2484 -0.2392 -0.9387
vn 0.6058 -0.2380 -0.7592
vn 0.8301 -0.2419 -0.5025
vn 0.7981 -0.2503 -0.5480
vn 0.8594 -0.2333 -0.4549
vn 0.4912 0.2463 0.8355
vn 0.7827 0.2551 0.5677
vn 0.5665 0.2410 0.7880
vn 0.8215 0.2468 0.5139
vn 0.4304 0.2615 0.8639
vn 0.7335 0.2626 0.6269
vn 0.9572 0.2370 0.1661
vn 0.9431 0.2576 0.2102
vn 0.9252 0.2645 0.2722
vn 0.9519 0.2527 -0.1731
vn 0.9484 0.2259 -0.2224
vn 0.9557 0.2705 -0.1164
vn 0.2194 0.2249 0.9494
vn 0.1749 0.2435 0.9540
vn 0.1464 0.2633 0.9535
vn -0.2349 0.2634 0.9357
vn -0.1542 0.2542 0.9548
vn -0.1064 0.2328 0.9667
vn -0.4854 0.2397 0.8408
vn -0.5534 0.2497 0.7946
vn -0.6196 0.2541 0.7426
vn 0.8195 0.2483 -0.5165
vn 0.8427 0.2720 -0.4647
vn 0.5958 0.2707 -0.7561
vn 0.5419 0.2460 -0.8036
vn 0.7927 0.2222 -0.5677
vn 0.4882 0.2201 -0.8445
vn -0.8297 0.2432 0.5024
vn -0.7900 0.2365 0.5656
vn -0.9505 0.2312 0.2074
vn -0.9593 0.2389 0.1506
vn -0.8653 0.2463 0.4366
vn -0.9641 0.2438 0.1051
vn -0.9521 0.2427 -0.1858
vn -0.9610 0.2352 -0.1453
vn -0.8409 0.2387 -0.4857
vn -0.7924 0.2439 -0.5591
vn -0.9384 0.2494 -0.2391
vn -0.7404 0.2551 -0.6219
vn -0.4924 0.2358 -0.8378
vn -0.5561 0.2273 -0.7994
vn -0.2275 0.2196 -0.9487
vn -0.1592 0.2338 -0.9592
vn -0.4411 0.2503 -0.8618
vn -0.1029 0.2536 -0.9618
vn 0.2329 0.2603 -0.9370
vn 0.1908 0.2362 -0.9528
vn 0.1403 0.2147 -0.9666
vn -0.7744 -0.2560 -0.5786
vn -0.8162 -0.2628 -0.5145
vn -0.9536 -0.2677 -0.1378
vn -0.9443 -0.2522 -0.2115
vn -0.9217 -0.2464 -0.2997
vn -0.7395 -0.2448 -0.6271
vn -0.9672 -0.2338 0.0992
vn -0.9518 -0.2486 0.1799
vn -0.9325 -0.2719 0.2376
vn -0.8191 -0.2476 0.5174
vn -0.8558 -0.2236 0.4665
vn -0.6133 -0.2228 0.7578
vn -0.5448 -0.2466 0.8015
vn -0.7797 -0.2716 0.5642
vn -0.4712 -0.2667 0.8407
vn -0.1262 -0.2565 0.9583
vn -0.1857 -0.2378 0.9534
vn -0.2480 -0.2162 0.9443
vn 0.1048 -0.2161 0.9707
vn 0.1619 -0.2372 0.9579
vn 0.2247 -0.2505 0.9417
vn 0.5405 -0.2500 0.8034
vn 0.4966 -0.2388 0.8345
vn 0.4578 -0.2207 0.8612
vn 0.7878 -0.2476 0.5640
vn 0.8323 -0.2536 0.4930
vn 0.7520 -0.2323 0.6169
vn 0.9619 -0.2457 0.1198
vn 0.9498 -0.2436 0.1963
vn 0.9347 -0.2382 0.2640
vn 0.9568 -0.2377 -0.1676
vn 0.9447 -0.2437 -0.2193
vn 0.9678 -0.2343 -0.0921
vn -0.8921 0.0001 -0.4519
vn 0.9987 -0.0005 0.0508
vn 0.8921 -0.0000 0.4519
vn -0.9987 0.0004 -0.0508
vn -0.3453 -0.0005 -0.9385
vn 0.3455 0.0004 0.9384
vn 0.9987 -0.0004 0.0508
vn -0.9987 0.0005 -0.0508
vn -0.6525 -0.0003 -0.7578
vn 0.6524 0.0002 0.7578
vn -0.3456 -0.0006 -0.9384
vn 0.3455 0.0007 0.9384
vn -0.8777 0.0001 -0.4792
vn 0.8777 -0.0001 0.4792
vn -0.6526 -0.0002 -0.7577
vn 0.6525 0.0003 0.7578
vn -0.9971 0.0005 -0.0766
vn 0.9971 -0.0003 0.0765
vn -0.8777 -0.0000 -0.4792
vn 0.8776 -0.0000 0.4793
vn -0.9379 0.0007 0.3470
vn 0.9379 -0.0008 -0.3469
vn -0.9971 0.0005 -0.0765
vn 0.9971 -0.0004 0.0766
vn -0.7618 0.0010 0.6478
vn 0.7618 -0.0009 -0.6478
vn -0.9379 0.0007 0.3468
vn -0.4844 0.0009 0.8748
vn 0.4845 -0.0009 -0.8748
vn -0.7618 0.0009 0.6479
vn 0.7619 -0.0009 -0.6477
vn -0.0927 0.0009 0.9957
vn 0.0926 -0.0009 -0.9957
vn -0.4845 0.0010 0.8748
vn 0.4844 -0.0011 -0.8748
vn 0.3523 0.0007 0.9359
vn -0.3523 -0.0007 -0.9359
vn 0.6702 0.0002 0.7422
vn -0.6703 -0.0003 -0.7420
vn 0.3524 0.0005 0.9358
vn -0.3525 -0.0006 -0.9358
vn 0.7532 -0.0008 -0.6578
vn -0.7531 0.0008 0.6579
vn 0.8921 -0.0001 0.4518
vn 0.9496 -0.0007 -0.3133
vn -0.9497 0.0008 0.3131
vn 0.7530 -0.0009 -0.6580
vn -0.7532 0.0008 0.6578
vn 0.6702 0.0003 0.7422
vn -0.6702 -0.0002 -0.7422
vn 0.8758 -0.0000 0.4826
vn -0.8758 -0.0000 -0.4826
vn 0.8758 0.0001 0.4826
vn -0.8757 0.0001 -0.4828
vn 0.9951 -0.0004 0.0985
vn -0.9951 0.0003 -0.0985
vn -0.9951 0.0005 -0.0986
vn 0.9497 -0.0007 -0.3133
vn -0.9497 0.0006 0.3131
vn 0.2350 0.6671 0.7069
vn -0.2342 0.6662 -0.7080
vn 0.8667 0.4076 -0.2876
vn 0.2896 -0.4092 -0.8652
vn 0.7066 -0.6668 0.2370
vn -0.2899 -0.4075 0.8660
vn -0.1843 0.1787 -0.9665
vn -0.3133 0.0412 -0.9488
vn -0.5364 0.6127 -0.5804
vn -0.8603 0.0343 -0.5086
vn 0.0055 -0.7032 0.7110
vn -0.0268 -0.7042 0.7095
vn -0.0332 0.7051 0.7084
vn 0.0225 0.7058 0.7081
vn -0.0518 0.7039 -0.7084
vn 0.0201 0.7044 -0.7095
vn -0.0373 -0.7051 -0.7081
vn -0.0610 -0.7016 -0.7099
vn 0.3939 0.8219 0.4114
vn 0.1299 -0.9718 0.1968
vn -0.9955 0.0005 -0.0952
vn 0.5358 0.0004 0.8443
vn -0.8950 0.3432 0.2849
vn 0.3071 0.8632 0.4008
vn 0.8417 0.5340 0.0800
vn 0.8677 0.3089 -0.3894
vn -0.2523 -0.1861 -0.9496
vn -0.6400 -0.5718 -0.5132
vn 0.0532 -0.4431 -0.8949
vn 0.1055 0.8868 -0.4500
vn -0.2463 -0.8626 -0.4419
vn -0.7349 -0.3064 0.6050
vn -0.6232 0.3422 -0.7032
vn -0.3580 0.8381 0.4117
vn 0.2231 0.7076 0.6705
vn 0.3392 0.8374 0.4286
vn 0.2223 -0.7067 0.6717
vn 0.6959 -0.6079 0.3822
vn -0.5165 0.2669 -0.8137
vn -0.1238 0.7409 -0.6602
vn 0.7043 0.4075 -0.5813
vn -0.4740 0.6664 -0.5756
vn -0.7000 0.6069 0.3764
vn -0.2360 0.7078 0.6659
vn -0.3468 -0.8356 0.4261
vn -0.2367 -0.7064 0.6670
vn -0.2817 0.8643 0.4167
vn 0.8951 -0.4458 0.0018
vn 0.4559 0.8900 -0.0001
vn -0.3367 -0.9243 0.1800
vn -0.4397 -0.8981 0.0002
vn -0.8931 0.4498 -0.0016
vn -0.8662 0.4090 0.2869
vn 0.2348 0.6671 0.7070
vn -0.2900 -0.4075 0.8660
vn 0.6802 -0.1760 -0.7116
vn 0.4575 -0.4916 -0.7410
vn -0.2168 0.4357 -0.8736
vn 0.2134 -0.6751 -0.7062
vn 0.0014 0.7065 -0.7077
vn -0.8047 0.5936 -0.0016
vn -0.9914 -0.1312 -0.0013
vn -0.6149 -0.7886 -0.0002
vn 0.9989 -0.0005 -0.0467
vn -0.0466 -0.0009 -0.9989
vn -0.9643 0.2170 -0.1516
vn -0.9950 -0.0519 -0.0855
vn -0.2262 -0.3258 -0.9180
vn -0.1941 -0.0532 -0.9795
vn 0.8356 -0.3247 -0.4432
vn 0.8657 -0.0510 -0.4979
vn 0.0255 -0.7055 -0.7083
vn 0.0538 -0.7013 0.7108
vn -0.0218 0.7057 0.7082
vn -0.0223 0.7045 -0.7093
vn 0.0296 0.7042 -0.7094
vn -0.0097 -0.7046 -0.7096
vn 0.0219 0.7056 -0.7083
vn 0.0783 -0.7022 -0.7077
vn -0.0466 -0.0007 -0.9989
vn -0.9989 0.0002 0.0467
vn -0.7038 0.4092 0.5807
vn -0.5900 0.6239 -0.5125
vn -0.9095 0.0891 -0.4061
vn -0.9914 -0.1311 -0.0013
vn 0.0466 0.0008 0.9989
vn 0.4747 0.6669 0.5745
vn -0.6909 -0.7176 -0.0883
vn -0.6050 0.0010 0.7962
vn 0.2093 -0.9578 -0.1971
vn 0.7545 -0.3331 -0.5654
vn 0.6901 -0.7181 0.0895
vn 0.2877 -0.9571 -0.0332
vn 0.4156 0.8243 0.3845
vn -0.6818 0.6176 0.3922
vn -0.3196 0.6460 0.6932
vn 0.7684 0.3892 0.5081
vn -0.1656 0.7079 0.6867
vn 0.3634 0.7074 0.6062
vn -0.3078 -0.8425 0.4421
vn -0.1664 -0.7065 0.6878
vn 0.3626 -0.7068 0.6074
vn 0.7320 -0.5885 0.3432
vn 0.3177 -0.6448 0.6952
vn -0.7698 -0.3883 0.5066
vn -0.3196 0.6459 0.6932
vn 0.3178 -0.6448 0.6952
vn 0.7683 0.3891 0.5082
vn -0.9155 0.4015 -0.0251
vn -0.9837 0.1310 -0.1235
vn -0.3867 0.3016 0.8715
vn -0.2052 0.5243 0.8265
vn -0.3223 0.1301 -0.9376
vn -0.2136 -0.1461 -0.9659
vn 0.7520 0.1306 0.6461
vn 0.8291 0.3319 0.4499
vn -0.2136 -0.1410 -0.9667
vn -0.9829 0.1364 -0.1240
vn -0.3853 0.3067 0.8703
vn 0.7526 0.1361 0.6443
vn -0.3846 0.3863 0.8384
vn -0.4047 0.1190 0.9067
vn -0.7962 -0.0000 -0.6050
vn -0.5041 -0.5719 -0.6472
vn 0.6050 -0.0009 -0.7962
vn 0.1380 -0.0009 -0.9904
vn -0.1380 0.0009 0.9904
vn 0.7962 -0.0000 0.6050
vn 0.9989 -0.0007 -0.0466
vn -0.1413 0.9900 -0.0011
vn 0.0389 0.8548 -0.5175
vn 0.0944 0.9725 -0.2128
vn 0.7276 -0.0506 0.6842
vn 0.7455 0.2223 0.6283
vn 0.5950 -0.6403 0.4859
vn -0.3662 0.1836 0.9122
vn 0.1331 -0.4259 0.8949
vn -0.0000 0.8947 0.4466
vn -0.3639 -0.1833 -0.9132
vn -0.2686 -0.5335 0.8020
vn 0.0002 -0.8947 -0.4466
vn -0.0014 -0.4465 0.8948
vn 0.3598 0.3548 0.8630
vn 0.2614 0.8555 0.4470
vn 0.8270 0.0758 -0.5570
vn 0.6212 0.6081 -0.4943
vn 0.8206 -0.1033 0.5621
vn 0.6910 0.1303 0.7110
vn -0.7818 0.3548 0.5128
vn -0.2399 0.4332 0.8688
vn 0.3903 0.7078 0.5887
vn 0.6161 0.2798 0.7363
vn 0.7884 -0.3771 0.4860
vn 0.2437 -0.4674 0.8498
vn -0.3960 -0.7533 0.5251
vn -0.6278 -0.2985 0.7188
vn -0.7698 -0.3883 0.5067
vn 0.2549 0.1844 -0.9492
vn 0.3160 -0.0428 -0.9478
vn 0.0014 -0.0008 -1.0000
vn 0.0452 0.3041 -0.9516
vn -0.3247 -0.9458 -0.0020
vn -0.2666 -0.9285 -0.2585
vn 0.1323 0.4268 -0.8946
vn -0.1580 0.9684 0.1932
vn -0.3865 -0.8242 0.4139
vn 0.5348 0.6178 0.5764
vn -0.4553 0.7085 0.5391
vn 0.8628 0.3753 -0.3386
vn 0.7610 0.0869 -0.6429
vn 0.8593 -0.1468 -0.4900
vn 0.8594 -0.1413 -0.4914
vn 0.0628 0.3168 -0.9464
vn -0.7525 0.5258 -0.3965
vn -0.1908 0.2444 -0.9507
vn 0.6414 0.5709 -0.5125
vn 0.6149 0.7886 0.0002
vn -0.6283 -0.5193 -0.5793
vn -0.6149 -0.7886 -0.0001
vn -0.0959 -0.9062 -0.4118
vn 0.1413 -0.9900 0.0010
vn 0.5381 -0.6138 -0.5777
vn 0.8047 -0.5936 0.0016
vn 0.8617 -0.0352 -0.5061
vn 0.9914 0.1311 0.0012
vn 0.1871 -0.1804 -0.9656
vn 0.0011 -0.3398 -0.9405
vn -0.1845 -0.1802 -0.9662
vn -0.3481 -0.0006 -0.9374
vn 0.0003 -0.8509 -0.5253
vn -0.0000 -0.9494 -0.3140
vn -0.2746 -0.9216 -0.2742
vn 0.2745 -0.9219 -0.2734
vn -0.3153 -0.9490 0.0004
vn -0.0979 -0.8884 -0.4485
vn 0.2761 -0.8641 0.4209
vn -0.8951 0.4458 -0.0017
vn -0.4559 -0.8900 0.0001
vn 0.3598 -0.8360 0.4142
vn 0.6279 -0.3433 -0.6985
vn 0.7288 0.3092 0.6110
vn 0.2588 0.8598 -0.4402
vn 0.0015 0.3380 -0.9411
vn 0.0970 0.9054 -0.4132
vn 0.8931 -0.4498 0.0016
vn 0.3377 0.9239 0.1799
vn 0.4397 0.8981 -0.0001
vn -0.0375 -0.8558 -0.5160
vn 0.5915 -0.6248 -0.5097
vn 0.8047 -0.5937 0.0016
vn 0.8618 -0.0351 -0.5061
vn 0.9914 0.1312 0.0013
vn 0.6415 0.5709 -0.5124
vn 0.6149 0.7886 0.0001
vn -0.1413 0.9900 -0.0010
vn -0.0474 0.4422 -0.8957
vn -0.3329 -0.9097 -0.2484
vn -0.2887 -0.9568 0.0348
vn -0.2131 -0.9399 0.2667
vn -0.0426 -0.3059 -0.9511
vn 0.1936 -0.2462 -0.9497
vn 0.2549 0.1845 -0.9492
vn -0.8022 0.5886 0.0996
vn -0.5753 0.6962 0.4293
vn -0.3173 0.9481 0.0186
vn -0.2402 0.9572 0.1617
vn 0.4470 0.7501 0.4874
vn -0.1990 0.7505 0.6302
vn 0.4002 -0.5335 0.7451
vn -0.4449 -0.5331 0.7196
vn 0.2958 0.1921 -0.9358
vn 0.9582 0.1924 -0.2118
vn 0.5873 0.3750 -0.7173
vn 0.9147 0.3755 0.1495
vn 0.9996 -0.0005 -0.0275
vn 0.4760 -0.0010 -0.8794
vn 0.4443 -0.5348 -0.7187
vn 0.8448 -0.5344 0.0260
vn 0.5379 -0.5286 -0.6567
vn 0.8380 -0.5280 0.1379
vn 0.1997 0.7493 -0.6314
vn 0.6463 0.7495 -0.1434
vn 0.4194 0.7494 -0.5123
vn 0.6530 0.7498 0.1064
vn 0.2801 0.6614 -0.6958
vn 0.7424 0.6615 -0.1059
vn 0.8028 0.5877 -0.1005
vn 0.3538 0.9351 -0.0177
vn 0.7081 0.6504 0.2750
vn 0.2463 0.9579 0.1478
vn 0.4703 0.6532 0.5934
vn 0.1599 0.9422 0.2943
vn 0.1155 0.6511 0.7502
vn -0.0053 0.9581 0.2864
vn -0.2790 0.6537 0.7034
vn -0.1754 0.9424 0.2848
vn -0.9580 0.1937 0.2115
vn -0.6623 0.1927 -0.7240
vn -0.9143 0.3763 -0.1502
vn -0.3273 0.3753 -0.8672
vn 0.4626 0.6623 0.5894
vn -0.2794 0.6628 0.6947
vn 0.2340 0.7505 0.6181
vn -0.4186 0.7507 0.5111
vn -0.2209 0.9741 0.0481
vn -0.1526 0.9739 -0.1682
vn -0.7417 0.6625 0.1048
vn -0.4619 0.6618 -0.5905
vn 0.0936 0.9956 0.0048
vn 0.2132 0.9673 -0.1374
vn 0.0619 0.9956 -0.0701
vn 0.1426 0.9477 -0.2857
vn -0.0284 0.9958 -0.0875
vn -0.0491 0.9418 -0.3325
vn -0.1958 0.9461 -0.2581
vn 0.0422 0.9957 0.0826
vn -0.7942 -0.3577 -0.4912
vn -0.6598 0.6956 -0.2842
vn -0.4358 0.6461 -0.6266
vn -0.4468 -0.3475 -0.8244
vn -0.0691 0.6590 -0.7489
vn 0.0285 -0.3585 -0.9331
vn -0.2241 0.9676 -0.1167
vn -0.0903 0.9957 -0.0194
vn -0.0607 0.9958 0.0681
vn -0.8385 -0.5274 -0.1369
vn -0.8454 -0.5336 -0.0250
vn -0.4007 -0.5344 -0.7442
vn -0.3004 -0.5282 -0.7942
vn -0.2955 0.1940 0.9354
vn -0.5868 0.3768 0.7167
vn -0.0678 0.9742 0.2155
vn 0.6625 0.1933 0.7237
vn 0.3276 0.3765 0.8666
vn -0.2333 0.7497 -0.6194
vn -0.4462 0.7497 -0.4887
vn -0.2033 0.8230 0.5304
vn -0.3610 0.2506 0.8983
vn -0.5261 0.8253 -0.2052
vn -0.1035 0.9926 -0.0642
vn -0.1341 0.9034 -0.4073
vn -0.7977 -0.3840 0.4649
vn -0.2717 -0.4344 0.8588
vn -0.8585 0.4296 0.2799
vn 0.3747 0.5496 -0.7467
vn 0.5553 0.7438 -0.3722
vn 0.8199 -0.1930 -0.5390
vn 0.3573 -0.5968 -0.7184
vn -0.6523 0.7503 -0.1076
vn -0.6456 0.7504 0.1421
vn -0.5384 -0.5269 0.6577
vn -0.5236 -0.0004 -0.8519
vn 0.2999 -0.5272 0.7951
vn -0.8568 -0.4319 -0.2817
vn -0.8406 0.3056 -0.4471
vn -0.3564 -0.2516 -0.8998
vn -0.3146 0.4974 -0.8085
vn 0.4460 0.0005 0.8950
vn 0.8724 -0.4366 0.2199
vn 0.6655 -0.3333 0.6678
vn 0.4081 0.8166 0.4082
vn 0.8724 0.2182 0.4374
vn 0.8012 -0.5346 0.2689
vn 0.7061 0.0002 0.7081
vn -0.4486 0.0007 0.8937
vn -0.8950 0.0009 0.4461
vn -0.0756 0.9894 0.1240
vn -0.4058 0.9041 0.1336
vn -0.2000 -0.8248 -0.5288
vn -0.4445 -0.8799 -0.1680
vn -0.1253 -0.9843 -0.1245
vn -0.4825 -0.8685 0.1134
vn -0.1270 -0.9837 0.1270
vn -0.2026 -0.8793 0.4311
vn 0.0688 0.9737 -0.2171
vn 0.2220 0.9738 -0.0498
vn 0.9373 -0.3475 0.0258
vn 0.7938 -0.3577 0.4919
vn 0.1537 0.9740 0.1665
vn -0.5237 -0.0004 -0.8519
vn 0.4464 -0.3465 0.8250
vn -0.0288 -0.3569 0.9337
vn -0.4911 -0.3461 0.7994
vn -0.8229 -0.3569 0.4422
vn -0.9377 -0.3465 -0.0253
vn -0.9996 0.0005 0.0275
vn -0.4760 0.0010 0.8795
vn -0.4759 0.0010 0.8795
vn 0.5237 0.0004 0.8519
vt 0.905000 0.126000
vt 0.899000 0.126000
vt 0.899000 0.242000
vt 0.219000 0.423000
vt 0.219000 0.468000
vt 0.032000 0.468000
vt 0.032000 0.423000
vt 0.032000 0.126000
vt 0.001000 0.468000
vt 0.001000 0.126000
vt 0.083000 0.985000
vt 0.114000 0.985000
vt 0.114000 0.997000
vt 0.083000 0.997000
vt 0.114000 0.999000
vt 0.083000 0.999000
vt 0.085000 0.997000
vt 0.085000 0.999000
vt 0.440000 0.126000
vt 0.440000 0.468000
vt 0.686000 0.468000
vt 0.686000 0.126000
vt 0.219000 0.242000
vt 0.219000 0.402000
vt 0.405000 0.402000
vt 0.405000 0.242000
vt 0.032000 0.402000
vt 0.958000 0.488000
vt 0.970000 0.487000
vt 0.958000 0.487000
vt 0.336000 0.571000
vt 0.336000 0.429000
vt 0.331000 0.571000
vt 0.331000 0.429000
vt 0.982000 0.488000
vt 0.982000 0.487000
vt 0.192000 0.973000
vt 0.197000 0.961000
vt 0.180000 0.961000
vt 0.192000 0.949000
vt 0.202000 0.961000
vt 0.196000 0.977000
vt 0.655000 0.048000
vt 0.593000 0.048000
vt 0.655000 0.124000
vt 0.593000 0.124000
vt 0.899000 0.423000
vt 0.899000 0.468000
vt 0.905000 0.468000
vt 0.769000 0.124000
vt 0.757000 0.124000
vt 0.757000 0.048000
vt 0.769000 0.048000
vt 0.899000 0.401000
vt 0.893000 0.468000
vt 0.893000 0.423000
vt 0.532000 0.048000
vt 0.532000 0.124000
vt 0.435000 0.872000
vt 0.435000 0.718000
vt 0.220000 0.874000
vt 0.220000 0.718000
vt 0.673000 0.124000
vt 0.673000 0.048000
vt 0.936000 0.476000
vt 0.931000 0.471000
vt 0.929000 0.482000
vt 0.925000 0.477000
vt 0.937000 0.126000
vt 0.907000 0.126000
vt 0.937000 0.468000
vt 0.907000 0.468000
vt 0.983000 0.489000
vt 0.999000 0.526000
vt 0.958000 0.489000
vt 0.942000 0.526000
vt 0.958000 0.476000
vt 0.942000 0.444000
vt 0.983000 0.476000
vt 0.999000 0.444000
vt 0.981000 0.487000
vt 0.970000 0.479000
vt 0.981000 0.479000
vt 0.983000 0.487000
vt 0.981000 0.476000
vt 0.970000 0.478000
vt 0.981000 0.478000
vt 0.938000 0.530000
vt 0.999000 0.530000
vt 0.938000 0.440000
vt 0.999000 0.440000
vt 0.687000 0.806000
vt 0.687000 0.836000
vt 0.925000 0.836000
vt 0.901000 0.806000
vt 0.929000 0.831000
vt 0.901000 0.507000
vt 0.688000 0.842000
vt 0.931000 0.842000
vt 0.688000 0.471000
vt 0.687000 0.477000
vt 0.687000 0.507000
vt 0.688000 0.845000
vt 0.438000 0.845000
vt 0.688000 0.874000
vt 0.438000 0.874000
vt 0.032000 0.242000
vt 0.219000 0.126000
vt 0.219000 0.469000
vt 0.437000 0.468000
vt 0.219000 0.717000
vt 0.437000 0.716000
vt 0.936000 0.837000
vt 0.958000 0.478000
vt 0.959000 0.479000
vt 0.959000 0.487000
vt 0.873000 0.476000
vt 0.869000 0.471000
vt 0.212000 0.722000
vt 0.212000 0.767000
vt 0.216000 0.722000
vt 0.216000 0.767000
vt 0.212000 0.815000
vt 0.188000 0.815000
vt 0.188000 0.767000
vt 0.188000 0.722000
vt 0.212000 0.858000
vt 0.188000 0.858000
vt 0.692000 0.124000
vt 0.692000 0.048000
vt 0.779000 0.123000
vt 0.779000 0.047000
vt 0.756000 0.123000
vt 0.756000 0.047000
vt 0.003000 0.940000
vt 0.155000 0.940000
vt 0.003000 0.983000
vt 0.155000 0.983000
vt 0.073000 0.985000
vt 0.073000 0.997000
vt 0.075000 0.985000
vt 0.075000 0.997000
vt 0.862000 0.477000
vt 0.839000 0.507000
vt 0.866000 0.482000
vt 0.180000 0.944000
vt 0.164000 0.977000
vt 0.167000 0.973000
vt 0.162000 0.961000
vt 0.157000 0.961000
vt 0.167000 0.949000
vt 0.164000 0.945000
vt 0.180000 0.978000
vt 0.180000 0.983000
vt 0.180000 0.939000
vt 0.196000 0.945000
vt 0.219000 0.718000
vt 0.437000 0.718000
vt 0.219000 0.470000
vt 0.437000 0.470000
vt 0.077000 0.997000
vt 0.077000 0.985000
vt 0.063000 0.997000
vt 0.063000 0.985000
vt 0.007000 0.997000
vt 0.007000 0.985000
vt 0.001000 0.997000
vt 0.001000 0.985000
vt 0.046000 0.997000
vt 0.046000 0.985000
vt 0.046000 0.999000
vt 0.065000 0.985000
vt 0.065000 0.999000
vt 0.077000 0.999000
vt 0.472000 0.001000
vt 0.464000 0.001000
vt 0.472000 0.017000
vt 0.464000 0.017000
vt 0.472000 0.030000
vt 0.464000 0.030000
vt 0.472000 0.046000
vt 0.464000 0.046000
vt 0.472000 0.062000
vt 0.464000 0.062000
vt 0.472000 0.077000
vt 0.464000 0.077000
vt 0.472000 0.093000
vt 0.464000 0.093000
vt 0.472000 0.108000
vt 0.464000 0.108000
vt 0.472000 0.124000
vt 0.464000 0.124000
vt 0.530000 0.017000
vt 0.517000 0.017000
vt 0.530000 0.030000
vt 0.517000 0.030000
vt 0.530000 0.046000
vt 0.517000 0.046000
vt 0.530000 0.062000
vt 0.517000 0.062000
vt 0.530000 0.077000
vt 0.517000 0.077000
vt 0.497000 0.017000
vt 0.497000 0.030000
vt 0.497000 0.046000
vt 0.497000 0.062000
vt 0.487000 0.017000
vt 0.487000 0.030000
vt 0.487000 0.046000
vt 0.487000 0.062000
vt 0.497000 0.077000
vt 0.487000 0.077000
vt 0.497000 0.093000
vt 0.487000 0.093000
vt 0.497000 0.108000
vt 0.487000 0.108000
vt 0.497000 0.124000
vt 0.487000 0.124000
vt 0.479000 0.017000
vt 0.479000 0.030000
vt 0.479000 0.046000
vt 0.479000 0.062000
vt 0.479000 0.077000
vt 0.479000 0.093000
vt 0.479000 0.108000
vt 0.479000 0.124000
vt 0.393000 0.017000
vt 0.361000 0.017000
vt 0.393000 0.030000
vt 0.361000 0.030000
vt 0.350000 0.017000
vt 0.350000 0.030000
vt 0.344000 0.017000
vt 0.344000 0.030000
vt 0.331000 0.017000
vt 0.331000 0.030000
vt 0.319000 0.017000
vt 0.319000 0.030000
vt 0.304000 0.017000
vt 0.304000 0.030000
vt 0.283000 0.017000
vt 0.284000 0.030000
vt 0.253000 0.017000
vt 0.253000 0.030000
vt 0.284000 0.108000
vt 0.251000 0.108000
vt 0.284000 0.124000
vt 0.251000 0.124000
vt 0.304000 0.108000
vt 0.304000 0.124000
vt 0.530000 0.001000
vt 0.517000 0.001000
vt 0.497000 0.001000
vt 0.487000 0.001000
vt 0.479000 0.001000
vt 0.448000 0.001000
vt 0.448000 0.017000
vt 0.448000 0.030000
vt 0.448000 0.046000
vt 0.448000 0.062000
vt 0.448000 0.077000
vt 0.448000 0.093000
vt 0.448000 0.108000
vt 0.448000 0.124000
vt 0.417000 0.001000
vt 0.417000 0.017000
vt 0.417000 0.030000
vt 0.417000 0.046000
vt 0.417000 0.062000
vt 0.417000 0.077000
vt 0.417000 0.093000
vt 0.417000 0.108000
vt 0.417000 0.124000
vt 0.394000 0.001000
vt 0.394000 0.017000
vt 0.360000 0.001000
vt 0.360000 0.017000
vt 0.349000 0.001000
vt 0.349000 0.017000
vt 0.343000 0.001000
vt 0.343000 0.017000
vt 0.331000 0.001000
vt 0.319000 0.001000
vt 0.304000 0.001000
vt 0.284000 0.001000
vt 0.284000 0.017000
vt 0.251000 0.001000
vt 0.251000 0.017000
vt 0.394000 0.030000
vt 0.394000 0.046000
vt 0.394000 0.062000
vt 0.394000 0.077000
vt 0.394000 0.093000
vt 0.394000 0.108000
vt 0.394000 0.124000
vt 0.350000 0.043000
vt 0.344000 0.043000
vt 0.350000 0.056000
vt 0.344000 0.056000
vt 0.517000 0.093000
vt 0.362000 0.108000
vt 0.362000 0.124000
vt 0.517000 0.108000
vt 0.517000 0.124000
vt 0.530000 0.108000
vt 0.530000 0.124000
vt 0.530000 0.093000
vt 0.362000 0.093000
vt 0.351000 0.108000
vt 0.351000 0.124000
vt 0.351000 0.093000
vt 0.284000 0.093000
vt 0.251000 0.093000
vt 0.304000 0.093000
vt 0.362000 0.030000
vt 0.362000 0.046000
vt 0.362000 0.062000
vt 0.362000 0.077000
vt 0.351000 0.046000
vt 0.351000 0.062000
vt 0.351000 0.077000
vt 0.343000 0.062000
vt 0.343000 0.077000
vt 0.343000 0.093000
vt 0.343000 0.108000
vt 0.343000 0.124000
vt 0.351000 0.030000
vt 0.343000 0.030000
vt 0.343000 0.046000
vt 0.331000 0.046000
vt 0.331000 0.062000
vt 0.331000 0.077000
vt 0.331000 0.093000
vt 0.331000 0.108000
vt 0.331000 0.124000
vt 0.319000 0.108000
vt 0.319000 0.124000
vt 0.319000 0.093000
vt 0.319000 0.077000
vt 0.304000 0.077000
vt 0.284000 0.077000
vt 0.251000 0.077000
vt 0.251000 0.030000
vt 0.284000 0.046000
vt 0.251000 0.046000
vt 0.284000 0.062000
vt 0.251000 0.062000
vt 0.304000 0.046000
vt 0.304000 0.062000
vt 0.319000 0.046000
vt 0.319000 0.062000
vt 0.249000 0.124000
vt 0.235000 0.124000
vt 0.249000 0.065000
vt 0.235000 0.065000
vt 0.249000 0.001000
vt 0.235000 0.001000
vt 0.220000 0.065000
vt 0.220000 0.124000
vt 0.204000 0.124000
vt 0.204000 0.065000
vt 0.220000 0.001000
vt 0.204000 0.001000
vt 0.190000 0.065000
vt 0.190000 0.124000
vt 0.190000 0.001000
vt 0.001000 0.065000
vt 0.017000 0.065000
vt 0.001000 0.001000
vt 0.017000 0.001000
vt 0.001000 0.124000
vt 0.017000 0.124000
vt 0.032000 0.001000
vt 0.032000 0.065000
vt 0.032000 0.124000
vt 0.050000 0.065000
vt 0.050000 0.001000
vt 0.050000 0.124000
vt 0.065000 0.065000
vt 0.065000 0.124000
vt 0.081000 0.124000
vt 0.081000 0.065000
vt 0.065000 0.001000
vt 0.081000 0.001000
vt 0.175000 0.001000
vt 0.175000 0.065000
vt 0.175000 0.124000
vt 0.159000 0.065000
vt 0.159000 0.001000
vt 0.144000 0.001000
vt 0.144000 0.065000
vt 0.159000 0.124000
vt 0.144000 0.124000
vt 0.128000 0.065000
vt 0.128000 0.001000
vt 0.112000 0.001000
vt 0.112000 0.065000
vt 0.128000 0.124000
vt 0.112000 0.124000
vt 0.097000 0.124000
vt 0.097000 0.065000
vt 0.097000 0.001000
vt 0.048000 0.001000
vt 0.048000 0.124000
vt 0.063000 0.001000
vt 0.063000 0.124000
vt 0.079000 0.001000
vt 0.079000 0.124000
vt 0.095000 0.001000
vt 0.095000 0.124000
vt 0.110000 0.001000
vt 0.110000 0.124000
vt 0.126000 0.001000
vt 0.126000 0.124000
vt 0.142000 0.001000
vt 0.142000 0.124000
vt 0.157000 0.001000
vt 0.157000 0.124000
vt 0.173000 0.001000
vt 0.173000 0.124000
vt 0.188000 0.001000
vt 0.188000 0.124000
vt 0.892000 0.057000
vt 0.897000 0.069000
vt 0.896000 0.054000
vt 0.902000 0.069000
vt 0.813000 0.075000
vt 0.843000 0.075000
vt 0.813000 0.062000
vt 0.843000 0.062000
vt 0.204000 0.907000
vt 0.255000 0.907000
vt 0.204000 0.897000
vt 0.255000 0.897000
vt 0.259000 0.897000
vt 0.265000 0.876000
vt 0.255000 0.876000
vt 0.892000 0.082000
vt 0.896000 0.085000
vt 0.808000 0.085000
vt 0.788000 0.087000
vt 0.808000 0.050000
vt 0.788000 0.048000
vt 0.790000 0.053000
vt 0.790000 0.080000
vt 0.981000 0.401000
vt 0.974000 0.401000
vt 0.981000 0.413000
vt 0.974000 0.413000
vt 0.204000 0.876000
vt 0.255000 0.968000
vt 0.204000 0.968000
vt 0.962000 0.401000
vt 0.958000 0.401000
vt 0.962000 0.413000
vt 0.958000 0.413000
vt 0.805000 0.053000
vt 0.797000 0.053000
vt 0.797000 0.080000
vt 0.886000 0.080000
vt 0.879000 0.080000
vt 0.960000 0.310000
vt 0.966000 0.310000
vt 0.960000 0.323000
vt 0.966000 0.339000
vt 0.960000 0.339000
vt 0.259000 0.968000
vt 0.265000 0.968000
vt 0.192000 0.931000
vt 0.194000 0.927000
vt 0.188000 0.927000
vt 0.190000 0.931000
vt 0.983000 0.101000
vt 0.983000 0.108000
vt 0.907000 0.108000
vt 0.915000 0.101000
vt 0.907000 0.048000
vt 0.915000 0.048000
vt 0.983000 0.048000
vt 0.976000 0.364000
vt 0.966000 0.364000
vt 0.970000 0.364000
vt 0.974000 0.364000
vt 0.958000 0.364000
vt 0.981000 0.364000
vt 0.966000 0.376000
vt 0.958000 0.376000
vt 0.981000 0.376000
vt 0.976000 0.376000
vt 0.974000 0.376000
vt 0.966000 0.413000
vt 0.966000 0.401000
vt 0.970000 0.413000
vt 0.970000 0.401000
vt 0.190000 0.897000
vt 0.190000 0.911000
vt 0.192000 0.911000
vt 0.192000 0.897000
vt 0.188000 0.917000
vt 0.194000 0.917000
vt 0.881000 0.048000
vt 0.190000 0.896000
vt 0.938000 0.310000
vt 0.944000 0.323000
vt 0.938000 0.339000
vt 0.944000 0.339000
vt 0.938000 0.243000
vt 0.944000 0.231000
vt 0.938000 0.220000
vt 0.944000 0.220000
vt 0.960000 0.243000
vt 0.966000 0.243000
vt 0.960000 0.231000
vt 0.944000 0.310000
vt 0.944000 0.243000
vt 0.960000 0.308000
vt 0.944000 0.308000
vt 0.938000 0.345000
vt 0.942000 0.349000
vt 0.999000 0.345000
vt 0.999000 0.349000
vt 0.999000 0.437000
vt 0.999000 0.433000
vt 0.938000 0.437000
vt 0.942000 0.433000
vt 0.970000 0.376000
vt 0.869000 0.057000
vt 0.864000 0.069000
vt 0.881000 0.069000
vt 0.881000 0.052000
vt 0.960000 0.220000
vt 0.194000 0.935000
vt 0.188000 0.935000
vt 0.966000 0.255000
vt 0.960000 0.255000
vt 0.966000 0.321000
vt 0.960000 0.321000
vt 0.966000 0.220000
vt 0.866000 0.054000
vt 0.881000 0.091000
vt 0.866000 0.085000
vt 0.859000 0.069000
vt 0.869000 0.082000
vt 0.881000 0.087000
vt 0.805000 0.080000
vt 0.060000 0.931000
vt 0.134000 0.931000
vt 0.062000 0.923000
vt 0.132000 0.923000
vt 0.563000 0.022000
vt 0.563000 0.001000
vt 0.579000 0.022000
vt 0.579000 0.001000
vt 0.915000 0.022000
vt 0.915000 0.044000
vt 0.966000 0.022000
vt 0.966000 0.044000
vt 0.871000 0.013000
vt 0.966000 0.013000
vt 0.871000 0.005000
vt 0.966000 0.005000
vt 0.587000 0.032000
vt 0.595000 0.032000
vt 0.587000 0.040000
vt 0.595000 0.040000
vt 0.563000 0.042000
vt 0.563000 0.046000
vt 0.579000 0.042000
vt 0.579000 0.046000
vt 0.565000 0.032000
vt 0.560000 0.032000
vt 0.565000 0.026000
vt 0.560000 0.026000
vt 0.532000 0.026000
vt 0.532000 0.032000
vt 0.550000 0.026000
vt 0.550000 0.032000
vt 0.132000 0.772000
vt 0.130000 0.780000
vt 0.144000 0.780000
vt 0.140000 0.786000
vt 0.179000 0.843000
vt 0.171000 0.845000
vt 0.179000 0.858000
vt 0.171000 0.856000
vt 0.146000 0.923000
vt 0.142000 0.917000
vt 0.104000 0.839000
vt 0.062000 0.780000
vt 0.089000 0.839000
vt 0.052000 0.786000
vt 0.083000 0.851000
vt 0.021000 0.845000
vt 0.021000 0.856000
vt 0.110000 0.851000
vt 0.183000 0.763000
vt 0.183000 0.721000
vt 0.032000 0.721000
vt 0.032000 0.763000
vt 0.002000 0.721000
vt 0.002000 0.763000
vt 0.013000 0.858000
vt 0.048000 0.923000
vt 0.054000 0.917000
vt 0.089000 0.862000
vt 0.104000 0.862000
vt 0.915000 0.003000
vt 0.966000 0.003000
vt 0.450000 0.836000
vt 0.444000 0.842000
vt 0.446000 0.482000
vt 0.474000 0.507000
vt 0.450000 0.477000
vt 0.439000 0.837000
vt 0.013000 0.843000
vt 0.046000 0.781000
vt 0.579000 0.036000
vt 0.563000 0.036000
vt 0.937000 0.874000
vt 0.937000 0.845000
vt 0.405000 0.126000
vt 0.695000 0.242000
vt 0.695000 0.401000
vt 0.405000 0.423000
vt 0.436000 0.126000
vt 0.405000 0.468000
vt 0.436000 0.468000
vt 0.474000 0.806000
vt 0.446000 0.831000
vt 0.439000 0.476000
vt 0.001000 0.718000
vt 0.001000 0.470000
vt 0.444000 0.471000
vt 0.680000 0.013000
vt 0.680000 0.005000
vt 0.585000 0.005000
vt 0.585000 0.013000
vt 0.775000 0.013000
vt 0.775000 0.005000
vt 0.060000 0.772000
vt 0.097000 0.851000
vt 0.871000 0.034000
vt 0.966000 0.034000
vt 0.871000 0.044000
vt 0.775000 0.044000
vt 0.775000 0.034000
vt 0.680000 0.044000
vt 0.680000 0.034000
vt 0.585000 0.044000
vt 0.585000 0.034000
vt 0.871000 0.021000
vt 0.966000 0.021000
vt 0.775000 0.021000
vt 0.680000 0.021000
vt 0.585000 0.021000
s 1
usemtl RefRep.13_SH_initial_loader.exe.002
f 1/1/1 76/2/2 78/3/3
f 792/4/4 2/5/5 39/6/6
f 792/4/4 39/6/6 40/7/7
f 1/8/1 3/6/8 21/9/9
f 1/8/1 21/9/9 4/10/10
f 9/11/11 5/12/12 12/13/13
f 9/11/11 12/13/13 11/14/14
f 11/11/14 12/12/13 6/15/15
f 11/11/14 6/15/15 7/16/16
f 7/11/16 6/12/15 8/13/17
f 7/11/16 8/13/17 10/14/18
f 10/16/18 8/15/17 5/12/12
f 10/16/18 5/12/12 9/11/11
f 10/16/18 9/14/11 11/17/14
f 10/16/18 11/17/14 7/18/16
f 5/16/12 8/14/17 6/17/15
f 5/16/12 6/17/15 12/18/13
f 16/11/11 13/12/19 20/13/13
f 16/11/11 20/13/13 18/14/20
f 18/11/20 20/12/13 14/15/21
f 18/11/20 14/15/21 19/16/22
f 19/11/22 14/12/21 15/13/23
f 19/11/22 15/13/23 17/14/18
f 17/16/18 15/15/23 13/12/19
f 17/16/18 13/12/19 16/11/11
f 17/16/18 16/14/11 18/17/20
f 17/16/18 18/17/20 19/18/22
f 13/16/19 15/14/23 14/17/21
f 13/16/19 14/17/21 20/18/13
f 4/19/10 21/20/9 22/21/24
f 4/19/10 22/21/24 23/22/24
f 77/23/4 790/24/25 44/25/26
f 77/23/4 44/25/26 45/26/27
f 24/4/4 792/4/4 40/7/7
f 24/4/4 40/7/7 25/7/28
f 130/24/25 24/4/4 25/7/28
f 130/24/25 25/7/28 37/27/29
f 26/28/30 52/29/31 81/30/32
f 81/31/32 27/32/33 26/33/30
f 26/33/30 27/32/33 28/34/34
f 50/35/35 29/36/36 52/29/31
f 52/29/31 26/28/30 50/35/35
f 30/37/37 123/38/38 117/39/39
f 117/39/39 123/38/38 122/40/40
f 123/38/38 30/37/37 31/41/41
f 31/41/41 30/37/37 32/42/42
f 33/43/43 36/44/44 34/45/45
f 34/45/45 36/44/44 35/46/46
f 25/47/28 38/48/47 3/49/8
f 46/50/48 36/51/44 33/52/43
f 46/50/48 33/52/43 41/53/49
f 3/49/8 37/54/29 25/47/28
f 38/48/47 25/47/28 39/55/6
f 39/55/6 25/47/28 40/56/7
f 46/44/48 41/57/49 42/46/50
f 42/46/50 41/57/49 43/58/51
f 37/54/29 1/1/1 78/3/3
f 1/1/1 37/54/29 3/49/8
f 37/59/29 78/60/3 44/61/26
f 44/61/26 78/60/3 45/62/27
f 35/45/46 36/43/44 42/63/50
f 42/63/50 36/43/44 46/64/48
f 47/65/52 82/66/53 63/67/54
f 63/67/54 82/66/53 70/68/55
f 110/69/56 79/70/57 47/71/52
f 47/71/52 79/70/57 48/72/58
f 26/73/30 49/74/59 50/75/35
f 50/75/35 49/74/59 57/76/60
f 50/75/35 57/76/60 80/77/61
f 80/77/61 57/76/60 59/78/62
f 80/77/61 59/78/62 28/79/34
f 28/79/34 59/78/62 51/80/63
f 28/79/34 51/80/63 26/73/30
f 26/73/30 51/80/63 49/74/59
f 52/29/31 29/81/36 54/82/64
f 54/82/64 29/81/36 53/83/65
f 53/84/65 29/81/36 80/79/61
f 80/79/61 29/81/36 50/85/35
f 54/86/64 53/87/65 80/85/61
f 55/88/66 57/76/60 49/74/59
f 55/88/66 49/74/59 56/89/67
f 60/76/68 59/78/62 57/90/60
f 60/76/68 57/90/60 55/88/66
f 58/90/69 51/78/63 59/80/62
f 58/90/69 59/80/62 60/91/68
f 56/88/67 49/90/59 51/78/63
f 56/88/67 51/78/63 58/76/69
f 832/92/70 71/93/71 109/94/72
f 832/92/70 109/94/72 61/95/73
f 61/95/73 109/94/72 62/96/74
f 61/95/73 62/96/74 69/97/75
f 69/97/75 62/96/74 63/67/54
f 64/92/76 65/95/77 786/93/78
f 786/93/78 65/95/77 108/94/79
f 786/93/78 108/94/79 761/98/80
f 761/98/80 108/94/79 72/99/81
f 764/100/82 83/66/83 795/101/84
f 795/101/84 83/66/83 149/68/85
f 795/101/84 149/68/85 66/102/86
f 66/102/86 149/68/85 67/97/87
f 68/103/88 82/104/53 764/105/82
f 764/105/82 82/104/53 83/106/83
f 832/92/70 61/95/73 829/102/89
f 829/102/89 61/95/73 69/97/75
f 829/102/89 69/97/75 830/101/90
f 830/101/90 69/97/75 70/68/55
f 830/101/90 70/68/55 68/100/88
f 68/100/88 70/68/55 82/66/53
f 73/98/91 74/99/92 71/93/71
f 71/93/71 74/99/92 109/94/72
f 761/103/80 72/104/81 73/105/91
f 73/105/91 72/104/81 74/106/92
f 75/23/4 78/107/3 766/108/5
f 766/108/5 78/107/3 76/8/2
f 77/109/4 45/110/27 75/111/4
f 75/111/4 45/110/27 78/112/3
f 79/113/57 110/113/56 72/99/81
f 72/99/81 110/113/56 74/99/92
f 28/86/34 27/114/33 54/77/64
f 54/86/64 80/85/61 28/77/34
f 54/82/64 27/115/33 52/29/31
f 52/29/31 27/115/33 81/116/32
f 47/117/52 48/117/58 82/118/53
f 82/118/53 48/117/58 83/118/83
f 84/119/93 124/120/94 112/121/95
f 112/121/95 124/120/94 85/122/96
f 93/123/97 124/120/94 94/124/98
f 94/124/98 124/120/94 125/125/99
f 86/120/100 92/119/101 129/125/102
f 129/125/102 92/119/101 87/126/103
f 91/123/104 88/120/105 89/124/106
f 89/124/106 88/120/105 90/125/107
f 84/127/93 91/123/104 126/128/108
f 126/128/108 91/123/104 89/124/106
f 92/127/101 93/123/97 87/128/103
f 87/128/103 93/123/97 94/124/98
f 101/129/109 95/51/110 96/130/2
f 96/130/2 95/51/110 97/52/47
f 98/63/5 99/64/111 96/129/2
f 96/129/2 99/64/111 101/130/109
f 99/131/111 100/132/112 101/133/109
f 101/133/109 100/132/112 95/134/110
f 104/135/113 144/136/114 105/137/115
f 105/137/115 144/136/114 102/138/116
f 105/139/115 102/140/116 106/141/117
f 106/141/117 102/140/116 103/142/118
f 104/141/113 105/142/115 107/139/119
f 107/139/119 105/142/115 106/140/117
f 144/139/114 104/140/113 143/141/120
f 143/141/120 104/140/113 107/142/119
f 65/95/77 147/96/121 108/94/79
f 108/94/79 147/96/121 79/113/57
f 108/94/79 79/113/57 72/99/81
f 70/143/55 69/144/75 63/145/54
f 109/94/72 74/99/92 62/96/74
f 62/96/74 74/99/92 110/113/56
f 62/96/74 110/113/56 63/67/54
f 63/67/54 110/113/56 47/65/52
f 122/40/40 119/146/122 117/39/39
f 111/147/123 116/148/124 115/149/125
f 111/147/123 115/149/125 85/150/96
f 85/150/96 115/149/125 118/151/126
f 85/150/96 118/151/126 112/152/95
f 117/39/39 113/153/127 30/37/37
f 30/37/37 113/153/127 32/42/42
f 32/42/42 113/153/127 114/154/128
f 113/153/127 116/148/124 114/154/128
f 114/154/128 116/148/124 111/147/123
f 116/148/124 113/153/127 117/39/39
f 117/39/39 115/149/125 116/148/124
f 118/151/126 115/149/125 117/39/39
f 117/39/39 119/146/122 118/151/126
f 118/151/126 119/146/122 112/152/95
f 112/152/95 119/146/122 120/155/129
f 119/146/122 122/40/40 120/155/129
f 120/155/129 122/40/40 121/156/130
f 122/40/40 123/38/38 121/156/130
f 121/156/130 123/38/38 31/41/41
f 124/120/94 84/119/93 125/125/99
f 125/125/99 84/119/93 126/126/108
f 86/119/100 128/120/131 32/121/42
f 32/121/42 128/120/131 31/122/41
f 128/119/131 88/120/105 31/121/41
f 31/121/41 88/120/105 121/122/130
f 88/120/105 128/119/131 90/125/107
f 90/125/107 128/119/131 127/126/132
f 128/123/131 86/120/100 127/124/132
f 127/124/132 86/120/100 129/125/102
f 124/119/94 93/120/97 85/121/96
f 85/121/96 93/120/97 111/122/123
f 130/157/25 37/158/29 790/159/25
f 790/159/25 37/158/29 44/160/26
f 146/161/133 134/162/134 131/163/135
f 131/163/135 134/162/134 135/164/136
f 131/163/135 135/164/136 138/165/137
f 138/165/137 135/164/136 132/166/138
f 138/165/137 132/166/138 137/167/139
f 137/167/139 132/166/138 136/168/140
f 135/169/136 134/164/134 133/170/141
f 142/171/142 133/170/141 134/172/134
f 142/171/142 134/172/134 145/173/143
f 132/165/138 135/169/136 133/170/141
f 132/165/138 133/170/141 136/166/140
f 140/170/144 146/164/133 131/169/135
f 140/170/144 131/169/135 137/166/139
f 137/166/139 131/169/135 138/165/137
f 139/173/145 146/172/133 141/171/146
f 141/171/146 146/172/133 140/170/144
f 141/174/146 140/162/144 142/173/142
f 142/173/142 140/162/144 133/172/141
f 103/142/118 102/141/116 143/140/120
f 143/140/120 102/141/116 144/139/114
f 145/162/143 134/141/134 139/161/145
f 139/161/145 134/141/134 146/142/133
f 147/96/121 148/67/147 79/113/57
f 79/113/57 148/67/147 48/65/58
f 149/68/85 83/66/83 148/67/147
f 148/67/147 83/66/83 48/65/58
f 148/67/147 67/97/87 149/68/85
f 67/97/87 148/67/147 147/96/121
f 67/97/87 147/96/121 65/95/77
f 150/175/148 205/176/149 151/177/150
f 151/177/150 205/176/149 152/178/151
f 151/177/150 152/178/151 153/179/152
f 153/179/152 152/178/151 154/180/153
f 153/179/152 154/180/153 184/181/154
f 184/181/154 154/180/153 155/182/155
f 184/181/154 155/182/155 156/183/156
f 156/183/156 155/182/155 157/184/157
f 156/183/156 157/184/157 158/185/158
f 158/185/158 157/184/157 159/186/159
f 158/185/158 159/186/159 160/187/160
f 160/187/160 159/186/159 161/188/161
f 160/187/160 161/188/161 186/189/162
f 186/189/162 161/188/161 211/190/163
f 186/189/162 211/190/163 150/191/148
f 150/191/148 211/190/163 205/192/149
f 198/193/164 199/194/165 162/195/166
f 162/195/166 199/194/165 167/196/167
f 162/195/166 167/196/167 163/197/168
f 163/197/168 167/196/167 164/198/169
f 163/197/168 164/198/169 165/199/170
f 165/199/170 164/198/169 166/200/171
f 165/199/170 166/200/171 242/201/172
f 242/201/172 166/200/171 243/202/173
f 199/194/165 200/203/174 167/196/167
f 167/196/167 200/203/174 168/204/175
f 167/196/167 168/204/175 164/198/169
f 164/198/169 168/204/175 169/205/176
f 164/198/169 169/205/176 166/200/171
f 166/200/171 169/205/176 171/206/177
f 200/203/174 203/207/178 168/204/175
f 168/204/175 203/207/178 170/208/179
f 168/204/175 170/208/179 169/205/176
f 169/205/176 170/208/179 178/209/180
f 169/205/176 178/209/180 171/206/177
f 171/206/177 178/209/180 172/210/181
f 171/206/177 172/210/181 173/211/182
f 173/211/182 172/210/181 179/212/183
f 173/211/182 179/212/183 236/213/184
f 236/213/184 179/212/183 174/214/185
f 236/213/184 174/214/185 237/215/186
f 237/215/186 174/214/185 175/216/187
f 237/215/186 175/216/187 201/217/188
f 201/217/188 175/216/187 176/218/189
f 203/207/178 204/219/190 170/208/179
f 170/208/179 204/219/190 177/220/191
f 170/208/179 177/220/191 178/209/180
f 178/209/180 177/220/191 183/221/192
f 178/209/180 183/221/192 172/210/181
f 172/210/181 183/221/192 185/222/193
f 172/210/181 185/222/193 179/212/183
f 179/212/183 185/222/193 180/223/194
f 179/212/183 180/223/194 174/214/185
f 174/214/185 180/223/194 181/224/195
f 174/214/185 181/224/195 175/216/187
f 175/216/187 181/224/195 182/225/196
f 175/216/187 182/225/196 176/218/189
f 176/218/189 182/225/196 202/226/197
f 204/219/190 151/177/150 177/220/191
f 177/220/191 151/177/150 153/179/152
f 177/220/191 153/179/152 183/221/192
f 183/221/192 153/179/152 184/181/154
f 183/221/192 184/181/154 185/222/193
f 185/222/193 184/181/154 156/183/156
f 185/222/193 156/183/156 180/223/194
f 180/223/194 156/183/156 158/185/158
f 180/223/194 158/185/158 181/224/195
f 181/224/195 158/185/158 160/187/160
f 181/224/195 160/187/160 182/225/196
f 182/225/196 160/187/160 186/189/162
f 182/225/196 186/189/162 202/226/197
f 202/226/197 186/189/162 150/191/148
f 219/227/198 187/228/199 252/229/200
f 252/229/200 187/228/199 253/230/201
f 187/228/199 188/231/202 253/230/201
f 253/230/201 188/231/202 263/232/203
f 188/231/202 189/233/204 263/232/203
f 263/232/203 189/233/204 191/234/205
f 189/233/204 190/235/206 191/234/205
f 191/234/205 190/235/206 292/236/207
f 190/235/206 224/237/208 292/236/207
f 292/236/207 224/237/208 287/238/209
f 224/237/208 226/239/210 287/238/209
f 287/238/209 226/239/210 192/240/211
f 226/239/210 193/241/212 192/240/211
f 192/240/211 193/241/212 280/242/213
f 193/241/212 228/243/214 280/242/213
f 280/242/213 228/243/214 281/244/215
f 194/245/216 250/246/217 227/247/218
f 227/247/218 250/246/217 195/248/219
f 196/249/220 194/245/216 271/250/221
f 271/250/221 194/245/216 227/247/218
f 197/251/222 239/252/223 198/193/164
f 198/193/164 239/252/223 199/194/165
f 239/252/223 201/253/188 199/194/165
f 199/194/165 201/253/188 200/203/174
f 201/253/188 176/254/189 200/203/174
f 200/203/174 176/254/189 203/207/178
f 176/254/189 202/255/197 203/207/178
f 203/207/178 202/255/197 204/219/190
f 202/255/197 150/175/148 204/219/190
f 204/219/190 150/175/148 151/177/150
f 205/176/149 217/256/224 152/178/151
f 152/178/151 217/256/224 206/257/225
f 152/178/151 206/257/225 154/180/153
f 154/180/153 206/257/225 212/258/226
f 154/180/153 212/258/226 155/182/155
f 155/182/155 212/258/226 207/259/227
f 155/182/155 207/259/227 157/184/157
f 157/184/157 207/259/227 208/260/228
f 157/184/157 208/260/228 159/186/159
f 159/186/159 208/260/228 209/261/229
f 159/186/159 209/261/229 161/188/161
f 161/188/161 209/261/229 210/262/230
f 161/188/161 210/262/230 211/190/163
f 211/190/163 210/262/230 216/263/231
f 211/190/163 216/263/231 205/192/149
f 205/192/149 216/263/231 217/264/224
f 217/256/224 218/265/232 206/257/225
f 206/257/225 218/265/232 229/266/233
f 206/257/225 229/266/233 212/258/226
f 212/258/226 229/266/233 213/267/234
f 212/258/226 213/267/234 207/259/227
f 207/259/227 213/267/234 230/268/235
f 207/259/227 230/268/235 208/260/228
f 208/260/228 230/268/235 214/269/236
f 208/260/228 214/269/236 209/261/229
f 209/261/229 214/269/236 215/270/237
f 209/261/229 215/270/237 210/262/230
f 210/262/230 215/270/237 232/271/238
f 210/262/230 232/271/238 216/263/231
f 216/263/231 232/271/238 233/272/239
f 216/263/231 233/272/239 217/264/224
f 217/264/224 233/272/239 218/273/232
f 218/265/232 234/274/240 229/266/233
f 229/266/233 234/274/240 219/275/198
f 234/274/240 220/276/241 219/275/198
f 219/275/198 220/276/241 187/277/199
f 220/276/241 221/278/242 187/277/199
f 187/277/199 221/278/242 188/279/202
f 221/278/242 222/280/243 188/279/202
f 188/279/202 222/280/243 189/281/204
f 222/280/243 223/282/244 189/281/204
f 189/281/204 223/282/244 190/235/206
f 223/282/244 225/283/245 190/235/206
f 190/235/206 225/283/245 224/237/208
f 225/283/245 271/284/221 224/237/208
f 224/237/208 271/284/221 226/239/210
f 271/284/221 227/285/218 226/239/210
f 226/239/210 227/285/218 193/286/212
f 227/285/218 195/287/219 193/286/212
f 193/286/212 195/287/219 228/288/214
f 229/266/233 219/227/198 213/267/234
f 213/267/234 219/227/198 252/289/200
f 213/267/234 252/289/200 230/268/235
f 230/268/235 252/289/200 231/290/246
f 230/268/235 231/290/246 214/269/236
f 214/269/236 231/290/246 254/291/247
f 214/269/236 254/291/247 215/270/237
f 215/270/237 254/291/247 256/292/248
f 215/270/237 256/292/248 232/271/238
f 232/271/238 256/292/248 245/293/249
f 232/271/238 245/293/249 233/272/239
f 233/272/239 245/293/249 247/294/250
f 233/272/239 247/294/250 218/273/232
f 218/273/232 247/294/250 234/295/240
f 235/296/251 264/297/252 261/298/253
f 261/298/253 264/297/252 262/299/254
f 166/200/171 171/206/177 243/202/173
f 243/202/173 171/206/177 173/211/182
f 243/202/173 173/211/182 240/300/255
f 240/300/255 173/211/182 236/213/184
f 247/294/250 248/301/256 234/295/240
f 234/295/240 248/301/256 220/302/241
f 241/303/257 237/215/186 239/304/223
f 239/304/223 237/215/186 201/217/188
f 238/305/258 241/303/257 197/306/222
f 197/306/222 241/303/257 239/304/223
f 240/300/255 236/213/184 241/303/257
f 241/303/257 236/213/184 237/215/186
f 244/307/259 240/300/255 238/305/258
f 238/305/258 240/300/255 241/303/257
f 242/201/172 243/202/173 244/307/259
f 244/307/259 243/202/173 240/300/255
f 245/293/249 246/308/260 247/294/250
f 247/294/250 246/308/260 248/301/256
f 248/301/256 249/309/261 220/302/241
f 220/302/241 249/309/261 221/310/242
f 246/308/260 260/311/262 248/301/256
f 248/301/256 260/311/262 249/309/261
f 251/312/263 279/313/264 194/245/216
f 194/245/216 279/313/264 250/246/217
f 277/314/265 251/312/263 196/249/220
f 196/249/220 251/312/263 194/245/216
f 252/289/200 253/315/201 231/290/246
f 231/290/246 253/315/201 257/316/266
f 231/290/246 257/316/266 254/291/247
f 254/291/247 257/316/266 255/317/267
f 254/291/247 255/317/267 256/292/248
f 256/292/248 255/317/267 258/318/268
f 256/292/248 258/318/268 245/293/249
f 245/293/249 258/318/268 246/308/260
f 257/316/266 235/319/251 255/317/267
f 255/317/267 235/319/251 261/320/253
f 255/317/267 261/320/253 258/318/268
f 258/318/268 261/320/253 259/321/269
f 258/318/268 259/321/269 246/308/260
f 246/308/260 259/321/269 260/311/262
f 261/320/253 262/322/254 259/321/269
f 259/321/269 262/322/254 267/323/270
f 259/321/269 267/323/270 260/311/262
f 260/311/262 267/323/270 268/324/271
f 260/311/262 268/324/271 249/309/261
f 249/309/261 268/324/271 269/325/272
f 249/309/261 269/325/272 221/310/242
f 221/310/242 269/325/272 222/326/243
f 253/315/201 263/327/203 257/316/266
f 257/316/266 263/327/203 235/319/251
f 263/327/203 191/328/205 235/319/251
f 235/319/251 191/328/205 264/329/252
f 191/328/205 292/236/207 264/329/252
f 264/329/252 292/236/207 265/330/273
f 264/329/252 265/330/273 262/322/254
f 262/322/254 265/330/273 266/331/274
f 262/322/254 266/331/274 267/323/270
f 267/323/270 266/331/274 275/332/275
f 267/323/270 275/332/275 268/324/271
f 268/324/271 275/332/275 273/333/276
f 268/324/271 273/333/276 269/325/272
f 269/325/272 273/333/276 274/334/277
f 269/325/272 274/334/277 222/326/243
f 222/326/243 274/334/277 223/335/244
f 274/334/277 270/336/278 223/335/244
f 223/335/244 270/336/278 225/337/245
f 270/336/278 196/249/220 225/337/245
f 225/337/245 196/249/220 271/250/221
f 272/338/279 277/314/265 270/336/278
f 270/336/278 277/314/265 196/249/220
f 273/333/276 272/338/279 274/334/277
f 274/334/277 272/338/279 270/336/278
f 275/332/275 291/339/280 273/333/276
f 273/333/276 291/339/280 272/338/279
f 291/339/280 276/340/281 272/338/279
f 272/338/279 276/340/281 277/314/265
f 276/340/281 278/341/282 277/314/265
f 277/314/265 278/341/282 251/312/263
f 278/341/282 285/342/283 251/312/263
f 251/312/263 285/342/283 279/313/264
f 280/242/213 281/343/215 286/344/284
f 286/344/284 281/343/215 282/345/285
f 286/344/284 282/345/285 283/346/286
f 283/346/286 282/345/285 284/347/287
f 283/346/286 284/347/287 278/341/282
f 278/341/282 284/347/287 285/342/283
f 192/240/211 280/242/213 288/348/288
f 288/348/288 280/242/213 286/344/284
f 288/348/288 286/344/284 290/349/289
f 290/349/289 286/344/284 283/346/286
f 290/349/289 283/346/286 276/340/281
f 276/340/281 283/346/286 278/341/282
f 287/238/209 192/240/211 293/350/290
f 293/350/290 192/240/211 288/348/288
f 293/350/290 288/348/288 289/351/291
f 289/351/291 288/348/288 290/349/289
f 289/351/291 290/349/289 291/339/280
f 291/339/280 290/349/289 276/340/281
f 292/236/207 287/238/209 265/330/273
f 265/330/273 287/238/209 293/350/290
f 265/330/273 293/350/290 266/331/274
f 266/331/274 293/350/290 289/351/291
f 266/331/274 289/351/291 275/332/275
f 275/332/275 289/351/291 291/339/280
f 294/352/292 298/353/293 382/354/294
f 382/354/294 298/353/293 296/355/295
f 382/354/294 296/355/295 380/356/296
f 380/356/296 296/355/295 295/357/297
f 299/358/298 296/355/295 297/359/299
f 297/359/299 296/355/295 298/353/293
f 297/359/299 302/360/300 299/358/298
f 299/358/298 302/360/300 300/361/301
f 299/358/298 300/361/301 304/362/302
f 304/362/302 300/361/301 303/363/303
f 387/364/304 300/361/301 301/365/305
f 301/365/305 300/361/301 302/360/300
f 388/366/306 303/363/303 387/364/304
f 387/364/304 303/363/303 300/361/301
f 304/362/302 295/357/297 299/358/298
f 299/358/298 295/357/297 296/355/295
f 305/367/307 308/368/308 316/369/309
f 316/369/309 308/368/308 306/370/310
f 307/371/311 311/372/312 305/367/307
f 305/367/307 311/372/312 308/368/308
f 313/373/313 306/370/310 309/374/314
f 309/374/314 306/370/310 308/368/308
f 309/374/314 308/368/308 310/375/315
f 310/375/315 308/368/308 311/372/312
f 309/374/314 312/376/316 313/373/313
f 313/373/313 312/376/316 314/377/317
f 310/375/315 315/378/318 309/374/314
f 309/374/314 315/378/318 312/376/316
f 316/356/309 322/357/319 305/354/307
f 305/354/307 322/357/319 317/355/320
f 305/354/307 317/355/320 307/352/311
f 307/352/311 317/355/320 319/353/321
f 318/359/322 319/353/321 320/358/323
f 320/358/323 319/353/321 317/355/320
f 320/358/323 317/355/320 321/362/324
f 321/362/324 317/355/320 322/357/319
f 321/362/324 332/363/325 320/358/323
f 320/358/323 332/363/325 330/361/326
f 320/358/323 330/361/326 318/359/322
f 318/359/322 330/361/326 323/360/327
f 324/379/328 312/376/316 325/380/329
f 325/380/329 312/376/316 315/378/318
f 325/380/329 326/381/330 324/379/328
f 324/379/328 326/381/330 327/382/331
f 324/379/328 327/382/331 328/383/332
f 328/383/332 327/382/331 329/384/333
f 333/364/334 330/361/326 331/366/335
f 331/366/335 330/361/326 332/363/325
f 331/366/335 335/385/336 333/364/334
f 333/364/334 335/385/336 344/386/337
f 333/364/334 344/386/337 347/365/338
f 347/365/338 344/386/337 334/387/339
f 337/388/340 344/386/337 336/389/341
f 336/389/341 344/386/337 335/385/336
f 336/389/341 340/390/342 337/388/340
f 337/388/340 340/390/342 339/391/343
f 337/388/340 339/391/343 343/392/344
f 343/392/344 339/391/343 346/393/345
f 338/394/346 339/391/343 341/395/347
f 341/395/347 339/391/343 340/390/342
f 341/395/347 350/396/348 338/394/346
f 338/394/346 350/396/348 349/397/349
f 338/394/346 349/397/349 345/398/350
f 345/398/350 349/397/349 342/399/351
f 343/392/344 334/387/339 337/388/340
f 337/388/340 334/387/339 344/386/337
f 345/398/350 346/393/345 338/394/346
f 338/394/346 346/393/345 339/391/343
f 347/365/338 323/360/327 333/364/334
f 333/364/334 323/360/327 330/361/326
f 352/400/352 342/399/351 348/401/353
f 348/401/353 342/399/351 349/397/349
f 348/401/353 349/397/349 351/402/354
f 351/402/354 349/397/349 350/396/348
f 351/402/354 329/384/333 348/401/353
f 348/401/353 329/384/333 327/382/331
f 348/401/353 327/382/331 352/400/352
f 352/400/352 327/382/331 326/381/330
f 328/383/332 314/377/317 324/379/328
f 324/379/328 314/377/317 312/376/316
f 382/367/294 353/368/355 294/371/292
f 294/371/292 353/368/355 354/372/356
f 357/375/357 354/372/356 356/374/358
f 356/374/358 354/372/356 353/368/355
f 356/374/358 353/368/355 355/373/359
f 355/373/359 353/368/355 381/370/360
f 355/373/359 359/377/361 356/374/358
f 356/374/358 359/377/361 379/376/362
f 356/374/358 379/376/362 357/375/357
f 357/375/357 379/376/362 358/378/363
f 361/379/364 379/376/362 360/383/365
f 360/383/365 379/376/362 359/377/361
f 360/383/365 365/384/366 361/379/364
f 361/379/364 365/384/366 364/382/367
f 361/379/364 364/382/367 378/380/368
f 378/380/368 364/382/367 362/381/369
f 363/400/370 362/381/369 367/401/371
f 367/401/371 362/381/369 364/382/367
f 367/401/371 364/382/367 366/402/372
f 366/402/372 364/382/367 365/384/366
f 366/402/372 371/396/373 367/401/371
f 367/401/371 371/396/373 368/397/374
f 367/401/371 368/397/374 363/400/370
f 363/400/370 368/397/374 369/399/375
f 372/398/376 369/399/375 370/394/377
f 370/394/377 369/399/375 368/397/374
f 370/394/377 368/397/374 374/395/378
f 374/395/378 368/397/374 371/396/373
f 370/394/377 375/391/379 372/398/376
f 372/398/376 375/391/379 373/393/380
f 374/395/378 377/390/381 370/394/377
f 370/394/377 377/390/381 375/391/379
f 383/392/382 373/393/380 376/388/383
f 376/388/383 373/393/380 375/391/379
f 376/388/383 375/391/379 385/389/384
f 385/389/384 375/391/379 377/390/381
f 378/380/368 358/378/363 361/379/364
f 361/379/364 358/378/363 379/376/362
f 380/369/296 381/370/360 382/367/294
f 382/367/294 381/370/360 353/368/355
f 376/388/383 386/386/385 383/392/382
f 383/392/382 386/386/385 384/387/386
f 385/389/384 389/385/387 376/388/383
f 376/388/383 389/385/387 386/386/385
f 387/364/304 386/386/385 388/366/306
f 388/366/306 386/386/385 389/385/387
f 301/365/305 384/387/386 387/364/304
f 387/364/304 384/387/386 386/386/385
f 421/369/388 403/370/389 400/371/390
f 400/371/390 403/370/389 401/372/391
f 404/373/392 390/375/393 403/370/394
f 403/370/394 390/375/393 401/372/395
f 391/403/396 405/404/397 404/373/398
f 404/373/398 405/404/397 390/375/399
f 393/405/400 394/406/401 391/403/402
f 391/403/402 394/406/401 405/404/403
f 406/407/404 392/408/405 393/405/406
f 393/405/406 392/408/405 394/406/407
f 407/409/408 408/410/409 406/407/410
f 406/407/410 408/410/409 392/408/411
f 409/411/412 396/412/413 407/409/414
f 407/409/414 396/412/413 408/410/409
f 395/413/415 397/414/416 409/411/417
f 409/411/417 397/414/416 396/412/418
f 410/415/419 399/416/420 395/413/421
f 395/413/421 399/416/420 397/414/422
f 411/417/423 398/418/424 410/415/419
f 410/415/419 398/418/424 399/416/420
f 412/419/425 417/420/426 411/417/427
f 411/417/427 417/420/426 398/418/428
f 400/371/390 401/372/391 421/369/388
f 421/369/388 401/372/391 403/370/389
f 420/357/429 402/353/430 421/356/388
f 421/356/388 402/353/430 400/352/431
f 415/362/432 416/359/433 420/357/434
f 420/357/434 416/359/433 402/353/435
f 403/370/394 401/372/395 404/373/392
f 404/373/392 401/372/395 390/375/393
f 404/373/398 390/375/399 391/403/396
f 391/403/396 390/375/399 405/404/397
f 391/403/402 405/404/403 393/405/400
f 393/405/400 405/404/403 394/406/401
f 393/405/406 394/406/407 406/407/404
f 406/407/404 394/406/407 392/408/405
f 406/407/410 392/408/411 407/409/408
f 407/409/408 392/408/411 408/410/409
f 407/409/414 408/410/409 409/411/412
f 409/411/412 408/410/409 396/412/413
f 409/411/417 396/412/418 395/413/415
f 395/413/415 396/412/418 397/414/416
f 395/413/421 397/414/422 410/415/419
f 410/415/419 397/414/422 399/416/420
f 410/415/419 399/416/420 411/417/423
f 411/417/423 399/416/420 398/418/424
f 411/417/427 398/418/428 412/419/425
f 412/419/425 398/418/428 417/420/426
f 412/419/436 417/420/437 413/421/438
f 413/421/438 417/420/437 418/422/439
f 413/421/440 418/422/441 419/363/442
f 419/363/442 418/422/441 414/360/443
f 419/363/442 414/360/444 415/362/445
f 415/362/445 414/360/444 416/359/446
f 413/421/438 418/422/439 412/419/436
f 412/419/436 418/422/439 417/420/437
f 419/363/442 414/360/443 413/421/440
f 413/421/440 414/360/443 418/422/441
f 415/362/445 416/359/446 419/363/442
f 419/363/442 416/359/446 414/360/444
f 420/357/434 402/353/435 415/362/432
f 415/362/432 402/353/435 416/359/433
f 421/356/388 400/352/431 420/357/429
f 420/357/429 400/352/431 402/353/430
f 422/14/17 455/17/447 720/16/448
f 720/16/448 455/17/447 423/18/449
f 719/14/450 424/17/451 454/16/18
f 454/16/18 424/17/451 456/18/452
f 425/423/453 437/424/454 459/425/455
f 459/425/455 437/424/454 426/426/456
f 427/427/457 428/428/458 431/429/459
f 431/429/459 428/428/458 429/430/460
f 446/429/461 477/430/462 523/427/463
f 523/427/463 477/430/462 476/428/464
f 430/427/465 431/428/459 446/429/461
f 446/429/461 431/428/459 477/430/462
f 432/428/466 427/427/457 430/430/465
f 430/430/465 427/427/457 431/429/459
f 523/430/463 476/429/464 432/428/466
f 432/428/466 476/429/464 427/427/457
f 433/431/467 436/432/468 442/433/469
f 442/433/469 436/432/468 434/434/470
f 435/435/471 441/434/472 436/436/468
f 436/436/468 441/434/472 434/437/470
f 437/424/454 680/438/473 426/426/456
f 426/426/456 680/438/473 681/439/474
f 523/440/463 524/441/475 446/442/461
f 446/442/461 524/441/475 464/443/476
f 579/444/477 466/444/478 438/445/479
f 438/445/479 466/444/478 439/445/480
f 449/446/481 447/447/482 502/448/483
f 502/448/483 447/447/482 440/449/484
f 435/432/471 467/431/485 441/434/472
f 441/434/472 467/431/485 578/433/486
f 441/434/472 578/433/486 434/437/470
f 434/437/470 578/433/486 442/450/469
f 443/451/487 444/452/488 435/432/471
f 435/432/471 444/452/488 467/431/485
f 514/453/489 448/454/490 498/455/491
f 498/455/491 448/454/490 445/456/492
f 446/457/461 464/458/476 430/457/465
f 430/457/465 464/458/476 463/458/493
f 514/453/489 447/447/482 448/454/490
f 448/454/490 447/447/482 449/446/481
f 432/458/466 430/459/465 452/458/494
f 452/458/494 430/459/465 450/459/495
f 465/460/496 432/461/466 451/460/497
f 451/460/497 432/461/466 452/461/494
f 430/457/465 463/458/493 450/457/495
f 450/457/495 463/458/493 453/458/498
f 455/12/447 422/13/17 456/11/452
f 456/11/452 422/13/17 454/14/18
f 423/12/449 455/15/447 424/11/451
f 424/11/451 455/15/447 456/16/452
f 721/14/499 474/17/500 722/16/19
f 722/16/19 474/17/500 724/18/449
f 723/14/11 725/17/14 475/16/18
f 475/16/18 725/17/14 473/18/501
f 457/462/502 531/463/503 539/464/504
f 539/464/504 531/463/503 532/465/505
f 539/464/504 532/465/505 458/466/506
f 460/425/507 459/425/455 426/426/456
f 460/425/507 426/426/456 461/426/508
f 461/426/508 426/426/456 681/439/474
f 461/426/508 681/439/474 637/439/509
f 443/434/487 462/432/510 468/431/511
f 443/434/487 468/431/511 444/433/488
f 439/458/480 463/444/493 464/444/476
f 439/458/480 464/444/476 438/458/479
f 579/459/477 524/445/475 465/445/496
f 579/459/477 465/445/496 466/459/478
f 466/459/478 465/445/496 463/444/493
f 466/459/478 463/444/493 439/458/480
f 433/436/467 467/435/485 444/467/488
f 433/436/467 444/467/488 468/468/511
f 572/469/512 469/470/513 470/471/514
f 572/469/512 470/471/514 471/472/515
f 471/469/515 470/470/514 564/471/516
f 471/469/515 564/471/516 472/472/517
f 725/11/14 724/12/449 474/15/500
f 725/11/14 474/15/500 473/16/501
f 473/11/501 474/12/500 721/13/499
f 473/11/501 721/13/499 475/14/18
f 427/427/457 476/429/464 528/430/518
f 427/427/457 528/430/518 428/428/458
f 429/430/460 428/428/458 558/427/519
f 429/430/460 558/427/519 556/429/520
f 477/430/462 431/428/459 429/427/460
f 477/430/462 429/427/460 526/429/521
f 476/428/464 477/430/462 526/429/521
f 476/428/464 526/429/521 528/427/518
f 528/427/518 526/429/521 527/430/522
f 528/427/518 527/430/522 478/428/523
f 478/428/523 527/430/522 673/429/524
f 478/428/523 673/429/524 479/427/525
f 525/473/488 480/474/526 483/475/527
f 525/473/488 483/475/527 486/476/528
f 481/425/507 592/425/529 596/426/530
f 481/425/507 596/426/530 482/426/531
f 486/476/528 483/475/527 630/477/532
f 486/476/528 630/477/532 484/478/533
f 484/478/533 485/479/487 525/473/488
f 484/478/533 525/473/488 486/476/528
f 488/125/99 487/120/534 518/119/93
f 488/125/99 518/119/93 489/126/535
f 624/121/536 581/119/537 504/120/538
f 624/121/536 504/120/538 623/122/539
f 491/480/540 490/481/541 550/482/542
f 491/480/540 550/482/542 492/483/543
f 493/484/544 490/481/541 491/480/540
f 493/484/544 491/480/540 494/485/545
f 495/486/546 490/481/541 493/484/544
f 495/486/546 493/484/544 496/487/547
f 497/488/548 494/485/545 491/480/540
f 497/488/548 491/480/540 551/489/549
f 551/489/549 491/480/540 492/483/543
f 551/489/549 492/483/543 549/490/550
f 514/453/489 498/455/491 503/491/551
f 514/453/489 503/491/551 499/492/552
f 499/492/552 503/491/551 500/493/553
f 499/492/552 500/493/553 501/494/554
f 501/494/554 500/493/553 440/449/484
f 501/494/554 440/449/484 447/447/482
f 502/448/483 440/449/484 498/455/491
f 502/448/483 498/455/491 445/456/492
f 498/455/491 440/449/484 500/493/553
f 498/455/491 500/493/553 503/491/551
f 623/121/539 504/119/538 505/120/105
f 623/121/539 505/120/105 506/122/130
f 508/495/555 507/496/556 512/497/557
f 508/495/555 512/497/557 509/498/558
f 566/495/559 510/496/560 507/497/556
f 566/495/559 507/497/556 508/498/555
f 509/495/558 512/496/557 513/497/561
f 509/495/558 513/497/561 568/498/562
f 510/496/560 511/499/563 562/500/564
f 510/496/560 562/500/564 507/497/556
f 512/496/557 574/499/565 575/500/566
f 512/496/557 575/500/566 513/497/561
f 507/496/556 562/499/564 574/500/565
f 507/496/556 574/500/565 512/497/557
f 560/469/567 530/470/568 469/471/513
f 560/469/567 469/471/513 572/472/512
f 447/447/482 514/453/489 499/492/552
f 447/447/482 499/492/552 501/494/554
f 515/124/569 553/123/570 487/120/534
f 515/124/569 487/120/534 488/125/99
f 516/125/571 581/120/537 522/119/572
f 516/125/571 522/119/572 517/126/103
f 489/128/535 518/127/93 519/123/573
f 489/128/535 519/123/573 520/124/106
f 520/124/106 519/123/573 505/120/105
f 520/124/106 505/120/105 521/125/574
f 521/125/574 505/120/105 504/119/538
f 521/125/574 504/119/538 582/126/132
f 517/128/103 522/127/572 553/123/570
f 517/128/103 553/123/570 515/124/569
f 523/457/463 432/457/466 465/458/496
f 523/457/463 465/458/496 524/458/475
f 485/476/487 631/475/575 480/477/526
f 485/476/487 480/477/526 525/478/488
f 526/429/521 429/427/460 556/428/520
f 526/429/521 556/428/520 527/430/522
f 428/427/458 528/427/518 478/428/523
f 428/427/458 478/428/523 558/428/519
f 594/501/576 529/501/577 592/425/529
f 594/501/576 592/425/529 481/425/507
f 565/502/578 508/495/555 509/498/558
f 571/470/579 530/471/568 559/469/580
f 559/469/580 530/471/568 560/472/567
f 580/503/581 543/504/582 533/505/583
f 533/505/583 543/504/582 544/506/584
f 531/464/503 580/504/581 532/466/505
f 532/466/505 580/504/581 533/506/583
f 538/464/585 534/504/586 585/466/587
f 585/466/587 534/504/586 535/506/588
f 534/507/586 555/508/589 535/509/588
f 535/509/588 555/508/589 536/510/590
f 537/511/591 457/462/502 538/512/585
f 538/512/585 457/462/502 539/463/504
f 538/512/585 584/513/592 537/511/591
f 622/152/95 541/151/126 612/146/122
f 622/152/95 612/146/122 613/155/129
f 540/39/39 612/146/122 541/151/126
f 583/514/593 542/515/594 543/503/582
f 543/503/582 542/515/594 534/507/586
f 543/516/582 539/517/504 544/464/584
f 544/464/584 539/517/504 458/504/506
f 545/518/595 588/519/596 586/520/597
f 586/520/597 588/519/596 546/521/598
f 547/522/599 587/523/600 589/524/601
f 589/524/601 587/523/600 590/525/602
f 495/486/546 548/526/603 490/481/541
f 490/481/541 548/526/603 550/482/542
f 548/526/603 549/490/550 550/482/542
f 550/482/542 549/490/550 492/483/543
f 551/489/549 495/486/546 497/488/548
f 497/488/548 495/486/546 496/487/547
f 551/489/549 549/490/550 495/486/546
f 495/486/546 549/490/550 548/526/603
f 593/527/604 552/528/605 605/529/606
f 605/529/606 591/530/607 593/527/604
f 487/119/534 553/120/570 621/121/608
f 621/121/608 553/120/570 616/122/609
f 518/119/93 487/120/534 622/121/95
f 622/121/95 487/120/534 621/122/608
f 555/508/589 584/513/592 536/510/590
f 536/510/590 584/513/592 554/531/610
f 537/511/591 584/513/592 542/515/594
f 542/515/594 584/513/592 555/508/589
f 673/429/524 527/430/522 557/427/611
f 557/427/611 527/430/522 556/428/520
f 557/430/611 556/429/520 626/428/612
f 626/428/612 556/429/520 558/427/519
f 626/428/612 558/427/519 479/430/525
f 479/430/525 558/427/519 478/429/523
f 469/471/513 530/470/568 562/499/564
f 562/499/564 530/470/568 574/500/565
f 559/469/580 560/472/567 561/532/613
f 561/532/613 560/472/567 576/533/614
f 566/495/559 508/498/555 565/502/578
f 511/499/563 470/471/514 469/470/513
f 511/499/563 469/470/513 562/500/564
f 563/532/615 472/469/517 559/472/580
f 563/532/615 559/472/580 561/533/613
f 472/469/517 564/470/516 571/471/579
f 472/469/517 571/471/579 559/472/580
f 565/502/578 569/495/616 566/498/559
f 567/496/617 510/497/560 569/495/616
f 569/495/616 510/497/560 566/498/559
f 570/499/618 511/500/563 567/496/617
f 567/496/617 511/500/563 510/497/560
f 564/471/516 470/470/514 570/499/618
f 570/499/618 470/470/514 511/500/563
f 471/469/515 472/472/517 573/532/619
f 573/532/619 472/472/517 563/533/615
f 568/495/562 569/498/616 565/502/578
f 568/495/562 513/496/561 567/497/617
f 568/495/562 567/497/617 569/498/616
f 513/496/561 575/499/566 570/500/618
f 513/496/561 570/500/618 567/497/617
f 575/499/566 571/471/579 564/470/516
f 575/499/566 564/470/516 570/500/618
f 577/532/620 572/469/512 471/472/515
f 577/532/620 471/472/515 573/533/619
f 565/502/578 509/495/558 568/498/562
f 530/471/568 571/470/579 574/499/565
f 574/499/565 571/470/579 575/500/566
f 560/469/567 572/472/512 576/532/614
f 576/532/614 572/472/512 577/533/620
f 433/436/467 442/437/469 467/435/485
f 467/435/485 442/437/469 578/434/486
f 539/534/504 543/535/582 538/536/585
f 538/536/585 543/535/582 534/537/586
f 463/458/493 465/459/496 453/458/498
f 453/458/498 465/459/496 451/459/497
f 542/515/594 555/508/589 534/507/586
f 438/458/479 464/444/476 524/445/475
f 438/458/479 524/445/475 579/459/477
f 583/514/593 543/504/582 580/503/581
f 504/123/538 581/120/537 582/124/132
f 582/124/132 581/120/537 516/125/571
f 457/462/502 537/511/591 583/514/593
f 583/514/593 537/511/591 542/515/594
f 583/514/593 580/504/581 457/462/502
f 457/462/502 580/504/581 531/464/503
f 584/513/592 538/512/585 554/531/610
f 554/531/610 538/512/585 585/538/587
f 587/525/600 547/524/599 546/519/598
f 546/519/598 547/524/599 586/518/597
f 590/525/602 587/523/600 588/519/596
f 588/519/596 587/523/600 546/521/598
f 589/524/601 590/525/602 545/518/595
f 545/518/595 590/525/602 588/519/596
f 591/530/607 595/423/621 529/501/577
f 529/501/577 595/423/621 592/425/529
f 593/527/604 591/530/607 603/539/622
f 603/539/622 591/530/607 529/501/577
f 603/539/622 529/501/577 604/539/623
f 604/539/623 529/501/577 594/501/576
f 595/423/621 591/530/607 605/529/606
f 482/426/531 596/426/530 610/439/624
f 482/426/531 610/439/624 597/439/625
f 597/439/625 610/439/624 598/540/626
f 597/439/625 598/540/626 599/540/627
f 599/540/627 598/540/626 608/541/628
f 599/540/627 608/541/628 600/541/629
f 600/541/629 608/541/628 601/542/630
f 600/541/629 601/542/630 602/542/631
f 602/542/631 601/542/630 603/539/622
f 602/542/631 603/539/622 604/539/623
f 605/529/606 552/528/605 606/543/632
f 605/529/606 606/543/632 607/544/633
f 607/544/633 606/543/632 608/541/628
f 607/544/633 608/541/628 598/540/626
f 608/541/628 606/543/632 552/528/605
f 608/541/628 552/528/605 601/542/630
f 601/542/630 552/528/605 593/527/604
f 601/542/630 593/527/604 603/539/622
f 605/529/606 607/544/633 611/438/634
f 605/529/606 611/438/634 609/424/635
f 609/424/635 611/438/634 610/439/624
f 609/424/635 610/439/624 596/426/530
f 610/439/624 611/438/634 607/544/633
f 610/439/624 607/544/633 598/540/626
f 605/529/606 609/424/635 595/423/621
f 595/423/621 609/424/635 592/425/529
f 592/425/529 609/424/635 596/426/530
f 612/146/122 614/40/40 613/155/129
f 613/155/129 614/40/40 506/156/130
f 614/40/40 612/146/122 540/39/39
f 619/154/636 615/153/637 617/148/638
f 619/154/636 617/148/638 616/147/609
f 540/39/39 617/148/638 615/153/637
f 540/39/39 615/153/637 618/37/639
f 618/37/639 615/153/637 619/154/636
f 618/37/639 619/154/636 624/42/536
f 540/39/39 541/151/126 620/149/640
f 540/39/39 620/149/640 617/148/638
f 617/148/638 620/149/640 621/150/608
f 617/148/638 621/150/608 616/147/609
f 621/150/608 620/149/640 541/151/126
f 621/150/608 541/151/126 622/152/95
f 506/156/130 614/40/40 625/38/38
f 506/156/130 625/38/38 623/41/539
f 623/41/539 625/38/38 618/37/639
f 623/41/539 618/37/639 624/42/536
f 540/39/39 625/38/38 614/40/40
f 618/37/639 625/38/38 540/39/39
f 479/545/525 665/459/641 626/545/612
f 626/545/612 665/459/641 627/459/642
f 436/436/468 462/468/510 435/435/471
f 435/435/471 462/468/510 443/467/487
f 557/457/611 626/545/612 674/457/643
f 674/457/643 626/545/612 628/545/644
f 629/445/645 676/445/646 678/444/647
f 678/444/647 676/445/646 646/444/648
f 680/438/473 437/424/454 685/529/606
f 685/529/606 437/424/454 425/423/453
f 685/529/606 425/423/453 687/530/649
f 687/530/649 425/423/453 459/425/455
f 687/530/649 459/425/455 658/501/650
f 484/476/533 630/475/532 631/474/575
f 484/476/533 631/474/575 485/473/487
f 632/124/98 667/123/570 666/120/534
f 632/124/98 666/120/534 633/125/99
f 633/125/99 666/120/534 663/119/93
f 633/125/99 663/119/93 634/126/535
f 672/125/571 671/120/100 657/119/572
f 672/125/571 657/119/572 635/126/103
f 675/459/651 627/459/642 677/458/652
f 675/459/651 677/458/652 636/458/653
f 637/439/509 681/439/474 638/540/654
f 637/439/509 638/540/654 639/540/627
f 639/540/627 638/540/654 640/541/655
f 639/540/627 640/541/655 641/541/656
f 641/541/656 640/541/655 684/542/657
f 641/541/656 684/542/657 642/542/658
f 642/542/658 684/542/657 689/539/659
f 642/542/658 689/539/659 643/539/660
f 643/539/660 689/539/659 658/501/650
f 643/539/660 658/501/650 644/501/661
f 654/39/39 692/38/38 651/40/40
f 651/40/40 692/38/38 650/156/130
f 650/156/130 692/38/38 645/41/539
f 665/445/641 679/444/662 676/459/646
f 676/459/646 679/444/662 646/458/648
f 652/148/124 647/149/125 668/147/663
f 668/147/663 647/149/125 649/150/664
f 647/149/125 652/148/124 654/39/39
f 654/39/39 648/151/126 647/149/125
f 647/149/125 648/151/126 649/150/664
f 649/150/664 648/151/126 664/152/665
f 655/146/122 651/40/40 656/155/129
f 656/155/129 651/40/40 650/156/130
f 651/40/40 655/146/122 654/39/39
f 654/39/39 652/148/124 691/153/127
f 691/153/127 652/148/124 653/154/128
f 653/154/128 652/148/124 668/147/663
f 655/146/122 648/151/126 654/39/39
f 664/152/665 648/151/126 655/146/122
f 664/152/665 655/146/122 656/155/129
f 635/128/103 657/127/572 667/123/570
f 635/128/103 667/123/570 632/124/98
f 644/501/661 658/501/650 459/425/455
f 644/501/661 459/425/455 460/425/507
f 660/124/106 659/123/573 661/120/105
f 660/124/106 661/120/105 662/125/574
f 662/125/574 661/120/105 669/119/538
f 662/125/574 669/119/538 670/126/132
f 634/128/535 663/127/93 659/123/573
f 634/128/535 659/123/573 660/124/106
f 664/121/665 663/119/93 666/120/534
f 664/121/665 666/120/534 649/122/664
f 479/459/525 673/458/524 679/457/662
f 479/459/525 679/457/662 665/545/641
f 649/121/664 666/119/534 667/120/570
f 649/121/664 667/120/570 668/122/663
f 670/124/132 669/123/538 671/120/100
f 670/124/132 671/120/100 672/125/571
f 645/121/539 669/119/538 661/120/105
f 645/121/539 661/120/105 650/122/130
f 693/121/42 671/119/100 669/120/538
f 693/121/42 669/120/538 645/122/539
f 673/457/524 557/457/611 677/458/652
f 673/457/524 677/458/652 679/458/662
f 636/458/653 677/458/652 557/457/611
f 636/458/653 557/457/611 674/457/643
f 628/545/644 626/545/612 627/459/642
f 628/545/644 627/459/642 675/459/651
f 629/445/645 627/459/642 665/459/641
f 629/445/645 665/459/641 676/445/646
f 678/445/647 677/444/652 627/444/642
f 678/445/647 627/444/642 629/445/645
f 646/444/648 679/458/662 677/458/652
f 646/444/648 677/458/652 678/444/647
f 681/439/474 680/438/473 682/544/666
f 681/439/474 682/544/666 638/540/654
f 638/540/654 682/544/666 683/543/667
f 638/540/654 683/543/667 640/541/655
f 640/541/655 683/543/667 686/528/605
f 640/541/655 686/528/605 684/542/657
f 685/529/606 682/544/666 680/438/473
f 683/543/667 682/544/666 685/529/606
f 685/529/606 686/528/605 683/543/667
f 687/530/649 688/527/668 685/529/606
f 685/529/606 688/527/668 686/528/605
f 688/527/668 687/530/649 689/539/659
f 689/539/659 687/530/649 658/501/650
f 686/528/605 688/527/668 684/542/657
f 684/542/657 688/527/668 689/539/659
f 690/37/37 691/153/127 693/42/42
f 693/42/42 691/153/127 653/154/128
f 691/153/127 690/37/37 654/39/39
f 654/39/39 690/37/37 692/38/38
f 692/38/38 690/37/37 645/41/539
f 645/41/539 690/37/37 693/42/42
f 811/546/669 825/547/670 810/548/671
f 810/548/671 825/547/670 703/549/672
f 708/550/673 748/551/674 797/552/675
f 797/552/675 748/551/674 694/553/676
f 754/554/677 849/555/678 695/556/679
f 695/556/679 849/555/678 696/557/680
f 848/558/681 849/559/678 809/560/682
f 809/560/682 849/559/678 754/561/677
f 753/562/683 697/563/684 804/564/685
f 804/564/685 697/563/684 806/565/686
f 739/566/687 757/567/688 753/568/683
f 753/568/683 757/567/688 697/569/684
f 738/570/689 699/571/690 739/572/687
f 739/572/687 699/571/690 757/573/688
f 799/574/691 698/575/692 738/576/689
f 738/576/689 698/575/692 699/577/690
f 812/578/693 827/579/694 822/580/695
f 822/580/695 827/579/694 700/581/696
f 822/580/695 700/581/696 701/582/697
f 701/582/697 700/581/696 714/583/698
f 701/582/697 714/583/698 824/584/699
f 824/584/699 714/583/698 733/585/700
f 824/584/699 733/585/700 702/586/701
f 702/586/701 733/585/700 730/587/702
f 702/586/701 730/587/702 825/547/670
f 825/547/670 730/587/702 703/549/672
f 704/555/703 705/554/704 735/557/705
f 735/557/705 705/554/704 706/556/706
f 828/574/707 707/575/708 755/576/709
f 755/576/709 707/575/708 746/577/710
f 699/570/690 755/571/709 757/572/688
f 757/572/688 755/571/709 708/573/673
f 698/574/692 828/575/707 699/576/690
f 699/576/690 828/575/707 755/577/709
f 709/574/711 801/575/712 758/576/713
f 758/576/713 801/575/712 710/577/714
f 711/588/715 700/581/696 827/579/694
f 711/588/715 827/579/694 818/589/716
f 711/588/715 818/589/716 712/590/717
f 712/590/717 818/589/716 817/591/718
f 712/590/717 817/591/718 727/592/719
f 727/592/719 817/591/718 743/593/720
f 727/592/719 743/593/720 713/594/721
f 715/595/722 714/583/698 700/581/696
f 715/595/722 700/581/696 711/588/715
f 717/596/723 716/597/724 815/598/725
f 717/596/723 815/598/725 718/599/726
f 718/599/726 815/598/725 814/600/727
f 718/599/726 814/600/727 842/601/728
f 454/16/18 422/15/17 720/12/448
f 454/16/18 720/12/448 719/11/450
f 719/11/450 720/12/448 423/13/449
f 719/11/450 423/13/449 424/14/451
f 475/16/18 721/15/499 722/12/19
f 475/16/18 722/12/19 723/11/11
f 723/11/11 722/12/19 724/13/449
f 723/11/11 724/13/449 725/14/14
f 713/594/721 815/602/725 716/603/724
f 713/594/721 716/603/724 726/604/729
f 727/592/719 713/594/721 726/604/729
f 727/592/719 726/604/729 728/605/730
f 728/605/730 726/604/729 810/548/671
f 728/605/730 810/548/671 729/606/731
f 729/606/731 810/548/671 703/549/672
f 729/606/731 703/549/672 730/587/702
f 751/564/732 731/562/733 752/563/734
f 751/564/732 752/563/734 732/565/735
f 729/606/731 730/587/702 733/585/700
f 729/606/731 733/585/700 715/595/722
f 715/595/722 733/585/700 714/583/698
f 847/554/736 704/555/703 734/556/737
f 734/556/737 704/555/703 735/557/705
f 736/574/738 709/575/711 707/576/708
f 707/576/708 709/575/711 758/577/713
f 737/607/739 847/554/736 820/608/740
f 820/608/740 847/554/736 734/556/737
f 759/570/741 738/571/689 760/572/742
f 760/572/742 738/571/689 739/573/687
f 71/93/71 834/609/743 73/98/91
f 73/98/91 834/609/743 778/610/744
f 740/611/745 831/612/746 741/613/747
f 742/614/748 787/610/749 778/610/744
f 742/614/748 778/610/744 780/614/750
f 814/615/727 743/593/720 817/591/718
f 814/615/727 817/591/718 744/616/751
f 744/598/751 816/600/752 841/601/753
f 744/598/751 841/601/753 745/599/754
f 746/576/710 707/574/708 758/575/713
f 746/576/710 758/575/713 747/577/755
f 748/572/674 746/570/710 747/571/755
f 748/572/674 747/571/755 749/573/756
f 694/617/676 748/618/674 749/567/756
f 694/617/676 749/567/756 731/569/733
f 731/569/733 749/567/756 760/618/742
f 731/569/733 760/618/742 752/617/734
f 752/617/734 760/618/742 739/567/687
f 752/617/734 739/567/687 753/569/683
f 750/564/757 694/562/676 731/563/733
f 750/564/757 731/563/733 751/565/732
f 732/564/735 752/562/734 753/563/683
f 732/564/735 753/563/683 804/565/685
f 840/560/758 809/558/682 754/559/677
f 840/560/758 754/559/677 705/561/704
f 706/556/706 705/554/704 754/607/677
f 706/556/706 754/607/677 695/608/679
f 708/572/673 755/570/709 746/571/710
f 708/572/673 746/571/710 748/573/674
f 806/564/686 697/562/684 797/563/675
f 806/564/686 797/563/675 756/565/759
f 697/569/684 757/567/688 708/550/673
f 697/569/684 708/550/673 797/552/675
f 747/576/755 758/574/713 710/575/714
f 747/576/755 710/575/714 759/577/741
f 749/572/756 747/570/755 759/571/741
f 749/572/756 759/571/741 760/573/742
f 761/103/80 73/105/91 778/619/744
f 761/103/80 778/619/744 787/620/749
f 762/71/760 742/69/748 780/70/750
f 762/71/760 780/70/750 763/72/761
f 68/103/88 764/105/82 796/619/762
f 68/103/88 796/619/762 765/620/763
f 75/23/4 766/108/5 770/621/764
f 75/23/4 770/621/764 768/26/765
f 790/24/25 77/23/4 767/107/766
f 790/24/25 767/107/766 791/27/767
f 767/622/766 768/3/765 769/54/768
f 767/622/766 769/54/768 791/623/767
f 771/1/10 768/3/765 770/2/764
f 771/1/10 772/49/10 768/3/765
f 768/3/765 772/49/10 769/54/768
f 772/49/10 781/47/769 769/54/768
f 781/47/769 772/49/10 773/48/24
f 781/47/769 773/48/24 793/56/766
f 793/56/766 773/48/24 794/55/770
f 24/4/4 781/624/769 792/4/4
f 792/4/4 781/624/769 793/624/766
f 771/621/10 774/625/771 772/626/10
f 772/626/10 774/625/771 776/627/772
f 775/20/47 776/21/772 777/19/47
f 777/19/47 776/21/772 774/22/771
f 833/628/773 779/629/774 834/609/743
f 834/609/743 779/629/774 780/614/750
f 834/609/743 780/614/750 778/610/744
f 780/614/750 779/629/774 740/611/745
f 780/614/750 740/611/745 763/630/761
f 24/4/4 130/24/25 769/25/768
f 24/4/4 769/25/768 781/624/769
f 77/109/4 75/111/4 768/631/765
f 77/109/4 768/631/765 767/632/766
f 740/611/745 741/613/747 765/633/763
f 740/611/745 765/633/763 763/630/761
f 763/630/761 765/633/763 796/633/762
f 763/630/761 796/633/762 762/630/760
f 762/630/760 796/633/762 782/613/775
f 762/630/760 782/613/775 788/611/776
f 788/611/776 782/613/775 789/612/777
f 788/611/776 789/612/777 783/629/778
f 783/629/778 789/612/777 784/628/779
f 783/629/778 784/628/779 785/609/780
f 785/609/780 784/628/779 64/92/76
f 785/609/780 64/92/76 786/93/78
f 786/93/78 761/98/80 787/610/749
f 786/93/78 787/610/749 785/609/780
f 785/609/780 787/610/749 742/614/748
f 785/609/780 742/614/748 783/629/778
f 783/629/778 742/614/748 762/630/760
f 783/629/778 762/630/760 788/611/776
f 795/101/84 66/102/86 789/612/777
f 795/101/84 789/612/777 782/613/775
f 130/157/25 790/159/25 791/632/767
f 130/157/25 791/632/767 769/631/768
f 2/5/5 792/4/4 793/624/766
f 2/5/5 793/624/766 794/626/770
f 764/100/82 795/101/84 782/613/775
f 764/100/82 782/613/775 796/633/762
f 831/612/746 740/611/745 779/629/774
f 831/612/746 779/629/774 833/628/773
f 842/596/728 814/597/727 744/598/751
f 842/596/728 744/598/751 745/599/754
f 756/564/759 797/562/675 694/563/676
f 756/564/759 694/563/676 750/565/757
f 799/576/691 798/574/781 800/575/782
f 799/576/691 800/575/782 698/577/692
f 710/576/714 801/574/712 798/575/781
f 710/576/714 798/575/781 799/577/691
f 803/634/682 802/635/758 732/636/735
f 803/634/682 732/636/735 804/637/685
f 805/634/681 803/635/682 804/636/685
f 805/634/681 804/636/685 806/637/686
f 803/635/682 805/634/681 807/638/681
f 803/635/682 807/638/681 808/639/682
f 808/639/682 807/638/681 848/558/681
f 808/639/682 848/558/681 809/560/682
f 810/548/671 726/604/729 716/603/724
f 810/548/671 716/603/724 811/546/669
f 841/596/753 816/597/752 812/598/693
f 841/596/753 812/598/693 813/599/783
f 813/599/783 812/598/693 822/600/695
f 813/599/783 822/600/695 835/601/784
f 743/593/720 814/615/727 815/602/725
f 743/593/720 815/602/725 713/594/721
f 816/640/752 744/616/751 817/591/718
f 816/640/752 817/591/718 818/589/716
f 828/576/707 819/574/785 736/575/738
f 828/576/707 736/575/738 707/577/708
f 696/556/680 849/554/678 737/607/739
f 696/556/680 737/607/739 820/608/740
f 802/635/758 803/634/682 808/638/682
f 802/635/758 808/638/682 821/639/786
f 821/639/786 808/638/682 809/558/682
f 821/639/786 809/558/682 840/560/758
f 759/576/741 710/574/714 799/575/691
f 759/576/741 799/575/691 738/577/689
f 835/596/784 822/597/695 701/598/697
f 835/596/784 701/598/697 823/599/787
f 823/599/787 701/598/697 824/600/699
f 823/599/787 824/600/699 836/601/788
f 836/596/788 824/597/699 702/598/701
f 836/596/788 702/598/701 837/599/789
f 837/599/789 702/598/701 825/600/670
f 837/599/789 825/600/670 838/601/790
f 838/596/790 825/597/670 811/598/669
f 838/596/790 811/598/669 826/599/791
f 826/599/791 811/598/669 716/600/724
f 826/599/791 716/600/724 717/601/723
f 816/640/752 818/589/716 827/579/694
f 816/640/752 827/579/694 812/578/693
f 698/576/692 800/574/782 819/575/785
f 698/576/692 819/575/785 828/577/707
f 832/92/70 829/102/89 831/612/746
f 832/92/70 831/612/746 833/628/773
f 830/101/90 68/100/88 765/633/763
f 830/101/90 765/633/763 741/613/747
f 829/102/89 830/101/90 741/613/747
f 829/102/89 741/613/747 831/612/746
f 71/93/71 832/92/70 833/628/773
f 71/93/71 833/628/773 834/609/743
f 839/641/39 835/589/784 823/579/787
f 839/641/39 823/579/787 836/581/788
f 839/641/39 836/581/788 837/583/789
f 839/641/39 837/583/789 838/585/790
f 826/587/791 839/641/39 838/585/790
f 717/549/723 839/641/39 826/587/791
f 718/548/726 839/641/39 717/549/723
f 840/642/758 705/643/704 843/644/792
f 843/644/792 705/643/704 704/557/703
f 843/644/792 704/557/703 851/642/793
f 851/642/793 704/557/703 847/643/736
f 839/641/39 813/591/783 835/589/784
f 839/641/39 841/593/753 813/591/783
f 839/641/39 745/594/754 841/593/753
f 839/641/39 842/604/728 745/594/754
f 839/641/39 718/548/726 842/604/728
f 840/642/758 843/644/792 844/645/792
f 840/642/758 844/645/792 821/646/786
f 821/646/786 844/645/792 846/647/792
f 821/646/786 846/647/792 802/648/758
f 802/648/758 846/647/792 751/649/732
f 802/648/758 751/649/732 732/650/735
f 843/644/792 851/642/793 853/646/794
f 843/644/792 853/646/794 844/645/792
f 844/645/792 853/646/794 845/648/793
f 844/645/792 845/648/793 846/647/792
f 846/647/792 845/648/793 750/650/757
f 846/647/792 750/650/757 751/649/732
f 850/651/795 851/642/793 847/643/736
f 850/651/795 847/643/736 737/652/739
f 848/558/681 850/651/795 737/652/739
f 848/558/681 737/652/739 849/559/678
f 851/642/793 850/651/795 852/653/795
f 851/642/793 852/653/795 853/646/794
f 853/646/794 852/653/795 854/654/795
f 853/646/794 854/654/795 845/648/793
f 845/648/793 854/654/795 756/655/759
f 845/648/793 756/655/759 750/650/757
f 850/651/795 848/558/681 807/638/681
f 850/651/795 807/638/681 852/653/795
f 852/653/795 807/638/681 805/634/681
f 852/653/795 805/634/681 854/654/795
f 854/654/795 805/634/681 806/637/686
f 854/654/795 806/637/686 756/655/759
