# Blender 5.1.1
# www.blender.org
mtllib Heather_HEAD.mtl
o Heather_HEAD
v -9.860749 11.803137 15.462523
v -9.843058 11.781246 15.491454
v -9.880899 11.801681 15.453002
v -9.830267 11.790599 15.492340
v -9.889031 11.818162 15.436391
v -9.842712 11.826401 15.470338
v -9.821422 11.820051 15.487298
v -9.802537 11.792333 15.527529
v -9.788438 11.804295 15.561720
v -9.799507 11.820389 15.515381
v -9.791643 11.830305 15.547038
v -9.781472 11.823612 15.586964
v -9.785856 11.844309 15.570748
v -9.783876 11.858037 15.602426
v -9.789130 11.831571 15.616159
v -9.785569 11.858144 15.586245
v -9.792317 11.860710 15.579929
v -9.791985 11.846951 15.569261
v -9.795113 11.833876 15.545518
v -9.905966 11.835471 15.420774
v -9.917051 11.837935 15.400213
v -9.908270 11.849388 15.414825
v -9.909840 11.862510 15.394822
v -9.906664 11.844978 15.431105
v -9.887926 11.841443 15.440479
v -9.919991 11.851329 15.446415
v -9.900348 11.848172 15.454783
v -9.872281 11.842550 15.462100
v -9.866942 11.838270 15.454619
v -9.844731 11.831725 15.473093
v -9.823378 11.824074 15.489551
v -9.802808 11.824709 15.516134
v -9.895100 11.867068 15.448334
v -9.892131 11.863939 15.440811
v -9.872561 11.879947 15.452628
v -9.915977 11.859473 15.443435
v -9.904317 11.857240 15.427893
v -9.908752 11.848418 15.427917
v -9.897970 11.859246 15.420855
v -9.885220 11.871336 15.427116
v -9.892816 11.882002 15.413857
v -9.905085 11.869832 15.407866
v -9.779473 11.914376 15.510865
v -9.774439 11.908780 15.505248
v -9.765455 11.900193 15.543706
v -9.793013 11.913819 15.471045
v -9.799620 11.920877 15.478584
v -9.823562 11.913455 15.442098
v -9.830840 11.920597 15.449057
v -9.860550 11.907614 15.430588
v -9.857805 11.904955 15.423412
v -9.890484 11.886042 15.402484
v -9.902132 11.862397 15.372699
v -9.876361 11.896834 15.376160
v -9.838574 11.913040 15.393837
v -9.788259 11.920266 15.437182
v -9.763617 11.926863 15.422226
v -9.757515 11.919397 15.483191
v -9.745962 11.906965 15.541340
v -9.770254 11.890577 15.581447
v -9.747590 11.892700 15.606734
v -9.787563 11.856369 15.622700
v -9.781548 11.880155 15.619930
v -9.773084 11.894032 15.580469
v -9.770169 11.902977 15.544561
v -9.776329 11.905221 15.504641
v -9.797202 11.910424 15.474226
v -9.827151 11.911197 15.446487
v -9.767530 11.895877 15.540751
v -9.769558 11.887536 15.579763
v -9.776992 11.866223 15.590899
v -9.778654 11.867234 15.563678
v -9.784153 11.868140 15.561051
v -9.780910 11.876582 15.534939
v -9.772537 11.875017 15.533456
v -9.786503 11.885139 15.505294
v -9.779850 11.884432 15.500088
v -9.798934 11.891812 15.472484
v -9.805582 11.892511 15.477708
v -9.837408 11.891843 15.459638
v -9.766374 11.881364 15.535478
v -9.770952 11.872207 15.571447
v -9.773801 11.893488 15.499844
v -9.794365 11.900740 15.469555
v -9.826416 11.900397 15.445398
v -9.829557 11.889905 15.449283
v -9.860996 11.897674 15.433660
v -9.860687 11.887719 15.434409
v -9.867270 11.878771 15.444037
v -10.388577 11.535319 16.175529
v -10.257745 11.484615 16.050919
v -10.201840 11.695716 16.137363
v -10.224197 11.714805 16.174328
v -10.247749 11.238093 15.672093
v -10.272172 11.216722 15.594114
v -10.170863 11.227558 15.638902
v -10.231612 11.294188 15.781321
v -10.822304 11.474395 15.599282
v -10.891116 11.359586 15.648385
v -10.921350 11.534738 15.709682
v -10.954831 11.480268 15.722202
v -10.785357 11.583241 15.524962
v -10.747343 11.487013 15.537206
v -10.680066 11.381626 15.523004
v -10.767757 11.256485 15.573113
v -10.599256 11.253984 15.520684
v -10.642842 11.175129 15.538318
v -10.495434 11.185137 15.548306
v -10.529216 11.116607 15.567233
v -10.385823 11.152209 15.611478
v -10.412601 11.095137 15.636655
v -10.358436 11.084273 15.754998
v -10.329958 11.153879 15.725945
v -10.335376 11.117073 15.867102
v -10.303973 11.198425 15.829099
v -10.365088 11.180858 15.988086
v -10.290005 11.308505 15.919882
v -10.352095 11.386389 16.072237
v -10.423534 11.272014 16.120842
v -10.451134 11.446774 16.180920
v -10.474294 11.390356 16.204344
v -10.287004 11.400888 15.998960
v -10.232880 11.348537 15.874967
v -10.272916 11.251977 15.804252
v -10.288399 11.220881 15.692183
v -10.348559 11.202890 15.574280
v -10.457155 11.252645 15.515274
v -10.571422 11.308005 15.497684
v -10.629902 11.422896 15.473548
v -10.439322 11.274076 15.474134
v -10.541580 11.352339 15.464214
v -10.402140 11.271031 15.398765
v -10.363121 11.233818 15.499393
v -10.284083 11.200050 15.371307
v -10.900190 11.630961 15.665261
v -10.816208 11.808946 15.494432
v -10.865138 11.834565 15.537319
v -10.238947 11.183271 15.469828
v -10.312951 11.215278 15.540584
v -10.142417 11.173360 15.520761
v -10.232897 11.914939 15.133883
v -10.210343 11.911564 15.128441
v -10.231505 11.929157 15.128511
v -10.251821 11.929598 15.135266
v -10.219445 11.977179 15.131163
v -10.250249 11.950641 15.130630
v -10.220617 11.949769 15.123624
v -10.192866 11.953656 15.121474
v -10.200553 11.979634 15.131149
v -10.187407 11.987116 15.133868
v -10.162043 11.955424 15.127911
v -10.163356 11.991755 15.145253
v -10.145646 11.994580 15.161273
v -10.133975 11.953990 15.147375
v -10.130765 11.987326 15.179626
v -10.119932 11.976122 15.203292
v -10.116775 11.944154 15.178414
v -10.114459 11.953515 15.220980
v -10.113165 11.924989 15.210649
v -10.112759 11.907791 15.229978
v -10.220876 11.891541 15.139067
v -10.181797 11.895637 15.134897
v -10.212435 11.884656 15.141510
v -10.187103 11.872843 15.152146
v -10.155622 11.886283 15.154539
v -10.170479 11.868068 15.167277
v -10.137660 11.886601 15.177059
v -10.155701 11.866072 15.184469
v -10.142452 11.870914 15.206700
v -10.126874 11.890229 15.205320
v -10.135826 11.878666 15.223848
v -10.120429 11.889373 15.233250
v -9.786736 11.896254 15.564745
v -9.784163 11.868144 15.561007
v -9.792312 11.860709 15.579956
v -9.786127 11.902126 15.546353
v -9.781131 11.876649 15.534060
v -9.787337 11.912291 15.534689
v -9.799719 11.845043 15.588474
v -9.791386 11.864820 15.590570
v -9.800647 11.834098 15.567220
v -9.792002 11.846955 15.569181
v -9.809758 11.814649 15.551294
v -9.795313 11.833937 15.544698
v -9.813231 11.809990 15.541841
v -9.825132 11.805142 15.515164
v -9.803048 11.824778 15.515265
v -9.840206 11.806281 15.498940
v -9.823937 11.824226 15.487770
v -9.857134 11.810214 15.484340
v -9.845680 11.831975 15.470346
v -9.878292 11.821510 15.471587
v -9.873208 11.842787 15.459624
v -9.893983 11.833439 15.466195
v -9.901064 11.848351 15.453000
v -9.920324 11.851411 15.445629
v -9.797456 11.923317 15.511850
v -9.786753 11.885211 15.504413
v -9.812600 11.932281 15.495000
v -9.831740 11.931371 15.479670
v -9.805919 11.892602 15.476664
v -9.856785 11.926879 15.467372
v -9.837855 11.891959 15.458394
v -9.873143 11.880094 15.451129
v -9.878300 11.909343 15.457541
v -9.895369 11.867135 15.447670
v -9.916283 11.859548 15.442717
v -10.030012 11.297504 15.302796
v -10.037502 11.243234 15.300450
v -10.069198 11.308475 15.271480
v -10.096933 11.203659 15.280861
v -10.076957 11.164615 15.329035
v -10.123875 11.175019 15.299471
v -10.051558 11.197005 15.308518
v -10.082849 11.251662 15.271499
v -10.126721 11.258851 15.261267
v -10.109496 11.304048 15.256025
v -10.026293 11.190301 15.357131
v -10.050709 11.161177 15.378700
v -10.022267 11.195019 15.407799
v -10.107224 11.144151 15.352407
v -10.156052 11.153481 15.326272
v -10.165363 11.187871 15.289266
v -10.219281 11.177366 15.319936
v -10.204985 11.204996 15.284839
v -10.186731 11.236220 15.266798
v -10.145733 11.218359 15.274643
v -10.149081 11.144153 15.386399
v -10.086501 11.140334 15.401175
v -10.044312 11.164991 15.419683
v -10.017890 11.204350 15.447556
v -10.003554 11.235616 15.392867
v -10.003901 11.234750 15.438158
v -9.988203 11.268542 15.430177
v -9.988163 11.262442 15.479852
v -10.009972 11.232176 15.496942
v -10.043346 11.174483 15.457785
v -10.084997 11.152018 15.463434
v -10.135277 11.149407 15.440385
v -10.202535 11.162100 15.368644
v -10.090624 11.180195 15.530488
v -10.052468 11.197246 15.521346
v -10.036898 11.242783 15.572014
v -9.996202 11.263162 15.537208
v -10.068864 11.246787 15.624690
v -10.028641 11.278849 15.626079
v -10.188463 11.461340 15.986707
v -10.141996 11.380496 15.899378
v -10.118146 11.444119 15.957187
v -10.216499 11.399008 15.933456
v -9.904608 11.505913 15.322317
v -9.908184 11.473082 15.308837
v -9.915510 11.516661 15.270569
v -9.919350 11.480378 15.267528
v -9.911700 11.537145 15.270380
v -9.894089 11.495390 15.380024
v -9.900065 11.532214 15.334052
v -9.889574 11.525566 15.391837
v -9.902866 11.546393 15.295201
v -9.897584 11.551892 15.338326
v -9.904937 11.549678 15.267293
v -9.895750 11.559446 15.288074
v -9.894107 11.548700 15.302233
v -9.933844 11.482170 15.235513
v -9.929872 11.517386 15.232170
v -9.921946 11.533619 15.228908
v -9.901890 11.547224 15.244375
v -9.900253 11.557098 15.249806
v -9.891801 11.588099 15.259525
v -9.876179 11.576173 15.264940
v -9.882586 11.558283 15.292060
v -9.869510 11.567458 15.313524
v -9.851418 11.578017 15.289617
v -9.869910 11.579329 15.328311
v -9.850699 11.605551 15.295955
v -9.839077 11.607490 15.263227
v -9.909298 11.542951 15.219668
v -9.921394 11.545337 15.204493
v -9.885676 11.550807 15.209805
v -9.885097 11.564632 15.215598
v -9.858465 11.585684 15.227085
v -9.864457 11.561591 15.256356
v -9.862146 11.562156 15.265358
v -9.837774 11.579487 15.241504
v -9.832178 11.605258 15.233680
v -9.841008 11.636960 15.244427
v -9.824127 11.632920 15.204536
v -9.845359 11.684898 15.233986
v -9.885168 11.549350 15.172607
v -9.862692 11.556327 15.195579
v -9.854277 11.564085 15.226060
v -9.832273 11.573400 15.197536
v -9.819124 11.598660 15.196631
v -9.823635 11.628375 15.170991
v -9.833722 11.663570 15.183926
v -9.837444 11.633021 15.139100
v -9.848175 11.668219 15.154596
v -9.858104 11.714799 15.172411
v -9.905873 11.564436 15.151547
v -9.891113 11.566258 15.140000
v -9.933810 11.578988 15.145095
v -9.864325 11.558383 15.155051
v -9.849280 11.558415 15.182709
v -9.833436 11.572275 15.168409
v -9.821324 11.599874 15.166268
v -9.834755 11.602825 15.133265
v -9.868209 11.636732 15.125566
v -9.867182 11.608474 15.119450
v -9.897643 11.613381 15.116587
v -9.874011 11.579884 15.126962
v -9.902751 11.586611 15.125698
v -9.847422 11.572940 15.141143
v -9.901456 11.647413 15.125902
v -9.934162 11.624372 15.129887
v -9.946129 11.599792 15.131227
v -9.974349 11.583175 15.151334
v -9.966261 11.580661 15.152976
v -9.933004 11.599651 15.151318
v -9.927071 11.572499 15.172901
v -9.923776 11.557949 15.171003
v -9.936909 11.548126 15.191586
v -9.948285 11.538557 15.202107
v -9.961082 11.558317 15.184278
v -9.964648 11.569164 15.184470
v -9.967915 11.602358 15.182311
v -9.974422 11.594575 15.165317
v -10.004446 11.581112 15.168410
v -9.996919 11.605281 15.141842
v -9.964850 11.631057 15.135453
v -9.941972 11.655877 15.141950
v -9.924196 11.699672 15.154008
v -9.877080 11.671697 15.139838
v -9.889925 11.717410 15.157156
v -9.983905 11.564475 15.187186
v -10.002184 11.579386 15.180167
v -10.017901 11.571901 15.176547
v -10.024652 11.596527 15.156128
v -10.038329 11.610878 15.157731
v -10.000492 11.633609 15.144192
v -9.981081 11.659837 15.149587
v -9.970499 11.680685 15.158635
v -9.970152 11.719153 15.171324
v -10.008677 11.684050 15.176352
v -10.021573 11.716064 15.182548
v -10.018387 11.659834 15.161925
v -10.033926 11.634310 15.157939
v -10.063614 11.627032 15.184158
v -10.062630 11.604261 15.180810
v -10.070637 11.629218 15.186592
v -10.057919 11.658315 15.186781
v -10.110486 11.615148 15.165842
v -10.108540 11.594103 15.169223
v -10.156114 11.563025 15.159095
v -10.040836 11.672300 15.184931
v -10.054779 11.710698 15.178217
v -10.160294 11.582886 15.151694
v -10.110857 11.636918 15.160342
v -10.164832 11.601862 15.144655
v -10.214424 11.596337 15.137167
v -10.222196 11.627127 15.127102
v -10.548449 11.579095 15.259220
v -10.568854 11.507401 15.293536
v -10.707567 11.628835 15.363626
v -10.764155 11.778651 15.411335
v -10.674379 11.751318 15.314223
v -10.753987 11.648491 15.426970
v -10.801246 11.804562 15.477283
v -10.831996 11.813464 15.510945
v -10.167890 11.668591 15.132669
v -10.228053 11.683179 15.112500
v -10.261305 11.652369 15.118401
v -10.267368 11.605756 15.132760
v -10.661795 11.845241 15.288461
v -10.513864 11.753748 15.191620
v -10.733304 11.926816 15.362089
v -10.764805 11.943075 15.386718
v -10.725741 12.077304 15.355110
v -10.770316 12.077425 15.377862
v -10.788548 12.114093 15.394200
v -10.726733 12.077472 15.355022
v -10.771011 12.077539 15.377851
v -10.881303 12.095899 15.471919
v -10.313683 11.639736 15.125875
v -10.300670 11.702333 15.107201
v -10.376493 11.707047 15.127858
v -10.356935 11.767642 15.113243
v -10.418422 11.776756 15.133302
v -10.507792 11.840484 15.175129
v -10.639468 11.938189 15.271735
v -10.618603 12.088488 15.254335
v -10.487280 11.948589 15.171112
v -10.524178 12.161859 15.187717
v -10.435375 12.068702 15.143728
v -10.419754 12.252431 15.145170
v -10.276821 12.097827 15.093801
v -10.280280 12.353178 15.110933
v -10.182382 12.227194 15.090380
v -10.423882 11.852760 15.133170
v -10.390771 11.943592 15.129625
v -10.366428 11.846251 15.114746
v -10.389062 12.014048 15.123718
v -10.352503 11.981449 15.111876
v -10.271847 12.051925 15.086761
v -10.269994 12.014409 15.083754
v -10.259117 11.988424 15.092728
v -10.325768 11.963478 15.112357
v -10.275434 11.972559 15.124061
v -10.334137 11.941266 15.116163
v -10.282297 11.948928 15.125968
v -10.279685 11.923361 15.123156
v -10.310249 11.896066 15.110477
v -10.270772 11.901522 15.121452
v -10.269553 11.852985 15.107542
v -10.247882 11.876627 15.125544
v -10.209738 11.853061 15.137506
v -10.284355 11.810480 15.096921
v -10.219479 11.815697 15.120061
v -10.164300 11.841411 15.166948
v -10.163378 11.852983 15.155996
v -10.131987 11.853950 15.188240
v -10.124104 11.847224 15.207476
v -10.118562 11.831125 15.204336
v -10.165117 11.805588 15.154629
v -10.117809 11.809655 15.201190
v -10.169348 11.768670 15.147393
v -10.226717 11.781901 15.110703
v -10.231149 11.730236 15.108718
v -10.292486 11.750570 15.098007
v -10.118251 11.885343 15.200640
v -10.137048 11.886478 15.177691
v -10.126040 11.890061 15.206223
v -10.134434 11.881047 15.175427
v -10.104629 11.858544 15.218519
v -10.092735 11.855298 15.234204
v -10.087608 11.837368 15.235011
v -10.065909 11.819923 15.219441
v -10.098705 11.776501 15.180866
v -10.167877 11.717583 15.132785
v -10.087739 11.869483 15.237856
v -10.105832 11.882231 15.221001
v -10.097342 11.880634 15.239790
v -10.111882 11.887216 15.253946
v -10.119698 11.889224 15.234078
v -10.068640 11.866290 15.247989
v -10.042986 11.854475 15.238766
v -10.041941 11.783115 15.198963
v -10.098715 11.708887 15.164738
v -10.081097 11.881717 15.241312
v -10.059511 11.890520 15.244339
v -10.035894 11.887420 15.238342
v -9.987968 11.836657 15.213296
v -9.999755 11.777976 15.199030
v -9.933986 11.837249 15.201900
v -9.926451 11.770152 15.178921
v -9.910212 11.841977 15.203179
v -9.900361 11.775105 15.177634
v -9.869081 11.773004 15.193468
v -9.882586 11.842885 15.219287
v -9.854408 11.766499 15.224197
v -9.843855 11.708775 15.203950
v -9.858263 11.757387 15.247855
v -9.861666 11.698840 15.280967
v -9.880254 11.755610 15.319546
v -9.876929 11.688999 15.328241
v -9.881502 11.753094 15.360524
v -9.874163 11.676877 15.360658
v -9.861177 11.664371 15.405672
v -9.867952 11.591339 15.408352
v -9.835914 11.606284 15.472281
v -9.856420 11.543926 15.462133
v -9.836990 11.554784 15.523249
v -9.850076 11.527880 15.513214
v -9.846990 11.526804 15.565681
v -9.815834 11.605817 15.534060
v -9.826221 11.570695 15.564788
v -9.829765 11.654181 15.476669
v -9.866240 11.732958 15.415878
v -9.896160 11.788165 15.390214
v -9.881382 11.765386 15.439742
v -9.836292 11.706260 15.484791
v -9.836619 11.744056 15.486722
v -9.799753 11.701904 15.542953
v -9.803054 11.737700 15.540877
v -9.783246 11.716636 15.602867
v -9.785721 11.762399 15.595428
v -9.935684 11.565868 15.817011
v -9.876650 11.532490 15.685518
v -9.893033 11.637555 15.816042
v -9.833519 11.605309 15.678257
v -10.017920 11.628542 15.971087
v -9.975160 11.716859 15.974091
v -9.861885 11.719686 15.821347
v -9.829324 11.666555 15.725722
v -9.816257 11.739096 15.742225
v -9.797157 11.739700 15.687593
v -9.808660 11.664950 15.667379
v -9.794535 11.657266 15.602465
v -9.806041 11.650537 15.540702
v -9.810800 11.610481 15.605743
v -9.838334 11.550558 15.612075
v -10.033485 11.796073 16.059092
v -10.109639 11.656320 16.063211
v -10.055043 11.810438 16.092810
v -9.941335 11.807691 15.967587
v -9.838010 11.827188 15.819673
v -9.795294 11.832182 15.727095
v -9.782347 11.797261 15.641683
v -9.790920 11.811756 15.604323
v -9.780672 11.837706 15.672090
v -9.773075 11.860066 15.667194
v -9.770167 11.872494 15.696204
v -10.021594 11.937512 16.122429
v -10.031091 11.972619 16.146763
v -10.111835 11.952128 16.236378
v -9.998076 11.941319 16.079176
v -9.896266 11.953472 15.974052
v -9.815824 12.029428 15.894524
v -9.787905 11.947685 15.790845
v -9.755198 12.128157 15.809671
v -9.729878 11.995501 15.642245
v -9.700027 12.244618 15.692801
v -9.776999 11.899567 15.736605
v -9.730741 11.950671 15.630132
v -9.711622 11.979144 15.547306
v -9.714907 11.948051 15.542436
v -9.734400 11.914179 15.621871
v -9.723518 11.923142 15.541308
v -9.717958 11.946605 15.479641
v -9.714029 11.985513 15.471813
v -9.716799 12.009753 15.466519
v -9.739376 11.987413 15.403813
v -9.751198 11.944512 15.410830
v -9.799141 11.941287 15.338661
v -9.816154 11.921272 15.359497
v -9.833967 11.921410 15.307902
v -9.847066 11.910024 15.334032
v -9.848523 11.901897 15.300179
v -9.879564 11.868844 15.330215
v -9.713755 12.021010 15.559377
v -9.712906 12.065864 15.467055
v -9.755262 12.021802 15.367949
v -9.785828 11.984989 15.326650
v -9.834118 11.936183 15.274631
v -9.841407 11.926809 15.268404
v -9.851736 11.908302 15.263634
v -9.857985 11.895467 15.262353
v -9.863381 11.874951 15.286438
v -9.864202 11.879226 15.260946
v -9.868156 11.834099 15.245778
v -9.736442 12.085386 15.384222
v -9.770948 12.096389 15.295846
v -9.795242 12.014580 15.300241
v -9.824109 11.977748 15.264391
v -9.837644 11.946920 15.257600
v -9.847596 11.939002 15.245007
v -9.874847 11.918480 15.224163
v -9.880260 11.898517 15.226182
v -9.883242 11.886016 15.227582
v -9.916954 11.889113 15.207396
v -9.858517 11.976091 15.218657
v -9.840934 11.974102 15.236860
v -9.832008 11.975591 15.252082
v -9.816017 12.018769 15.263258
v -9.800456 12.044573 15.271480
v -9.832290 12.108707 15.216091
v -9.824416 12.018442 15.249080
v -9.847159 12.024014 15.216351
v -9.891073 11.947147 15.200989
v -9.876439 11.980751 15.200968
v -9.879879 12.028836 15.192846
v -9.897220 12.062715 15.173302
v -9.913144 12.123038 15.151908
v -9.931843 12.040182 15.161856
v -9.997997 12.067272 15.122820
v -10.003342 12.135370 15.115105
v -10.088843 12.136250 15.088564
v -10.097725 12.081084 15.082636
v -10.188871 12.109929 15.081986
v -10.183079 12.067389 15.073153
v -10.106305 12.058969 15.076225
v -10.121141 12.022116 15.072867
v -10.184068 12.035873 15.070318
v -10.187317 12.009967 15.074347
v -9.963508 12.018285 15.146838
v -9.921003 11.952471 15.186522
v -9.983775 11.975894 15.151680
v -9.903518 11.992630 15.183960
v -10.038896 12.043513 15.101368
v -10.053442 12.001134 15.105369
v -10.068768 11.984027 15.113963
v -10.128273 12.002595 15.080235
v -10.131765 11.989472 15.106152
v -10.087244 11.976258 15.135822
v -10.009010 11.957420 15.164247
v -10.046322 11.951969 15.183905
v -9.986572 11.936171 15.192791
v -9.957587 11.944530 15.182538
v -9.953175 11.921513 15.194115
v -10.191357 11.990336 15.093171
v -10.156561 11.980312 15.120783
v -10.121863 11.975389 15.139972
v -10.094974 11.964281 15.168728
v -10.078873 11.946362 15.200614
v -10.085777 11.949800 15.203600
v -10.101136 11.971212 15.176916
v -10.129343 11.982608 15.146823
v -10.161686 11.985917 15.126554
v -10.196282 11.980818 15.110775
v -10.235326 11.977603 15.114285
v -10.033054 11.926182 15.218110
v -10.062137 11.918192 15.229432
v -10.073919 11.915929 15.231164
v -10.070970 11.900886 15.240937
v -10.085083 11.894279 15.232433
v -9.990522 11.889624 15.218108
v -9.943846 11.890029 15.204905
v -9.916132 11.906366 15.203364
v -9.915165 11.920190 15.199325
v -10.088263 11.909356 15.222491
v -10.104024 11.903594 15.227795
v -10.093059 11.892540 15.238564
v -10.094119 11.883074 15.242126
v -10.109176 11.895610 15.249713
v -10.112071 11.907651 15.230762
v -10.112293 11.924813 15.211615
v -10.099972 11.962286 15.171743
v -10.127014 11.972174 15.142377
v -10.089849 11.940536 15.202926
v -10.091846 11.931012 15.201310
v -10.103275 11.922956 15.206378
v -10.115792 11.943956 15.179453
v -10.105565 11.941583 15.171236
v -10.100224 11.951672 15.169552
v -10.123755 11.962404 15.138139
v -10.157259 11.976521 15.121656
v -10.154295 11.964702 15.117320
v -10.156159 11.954858 15.121774
v -10.127935 11.953400 15.141440
v -10.133096 11.953815 15.148246
v -10.161310 11.955280 15.128587
v -10.190568 11.953232 15.113556
v -10.192197 11.953526 15.122055
v -10.222764 11.950294 15.118396
v -10.220343 11.949717 15.123851
v -10.240349 11.944501 15.130831
v -10.246747 11.944396 15.123905
v -10.231112 11.929082 15.128832
v -10.233582 11.928056 15.121683
v -10.262346 11.947533 15.122478
v -10.251837 11.911626 15.114121
v -10.191272 11.960872 15.108568
v -10.194159 11.975711 15.112123
v -10.234245 11.974477 15.113191
v -10.228617 11.957829 15.111920
v -10.249192 11.954561 15.116947
v -10.196959 11.982841 15.115879
v -10.234088 11.980287 15.117638
v -10.229550 11.886855 15.117590
v -10.197554 11.866288 15.129181
v -10.155112 11.886183 15.155037
v -10.153235 11.882183 15.152477
v -10.181170 11.891825 15.131009
v -10.181055 11.895492 15.135573
v -10.211487 11.908859 15.125053
v -10.209619 11.911424 15.129061
v -10.682473 11.486173 15.466599
v -10.724794 11.561612 15.451345
v -10.695797 11.552121 15.378617
v -10.575681 11.452350 15.335410
v -10.649783 11.475506 15.389637
v -10.051265 11.580738 15.181360
v -10.097894 11.564800 15.175280
v -10.069271 11.605985 15.182432
v -10.047141 11.586302 15.177688
v -10.011160 11.566702 15.184989
v -10.046212 11.559695 15.183423
v -9.987095 11.551295 15.193352
v -10.035789 11.530601 15.186444
v -9.987954 11.530261 15.196339
v -10.025334 11.495122 15.187243
v -9.986045 11.492908 15.198779
v -9.979841 11.464923 15.199408
v -9.955426 11.486224 15.213301
v -9.960549 11.461555 15.214079
v -9.952391 11.521617 15.209077
v -9.929390 11.455689 15.246624
v -9.944323 11.452700 15.226181
v -9.947998 11.485103 15.224505
v -9.944569 11.519911 15.222837
v -9.937431 11.534561 15.217534
v -10.235370 11.274671 15.257584
v -10.174891 11.266972 15.256596
v -10.158865 11.300706 15.248757
v -10.269861 11.238239 15.290552
v -10.315514 11.295268 15.278317
v -10.272064 11.315145 15.245651
v -10.369501 11.342982 15.270299
v -10.373775 11.304178 15.305411
v -10.010867 11.238070 15.348696
v -9.990040 11.281519 15.383418
v -10.051529 11.196999 15.308565
v -10.037486 11.243230 15.300478
v -9.972677 11.306308 15.380682
v -9.999746 11.295359 15.345967
v -9.972474 11.315337 15.341612
v -10.018185 11.311697 15.298226
v -9.999970 11.322297 15.291381
v -10.051687 11.330326 15.255655
v -9.813354 11.778842 15.537443
v -9.798658 11.792542 15.577928
v -9.880747 11.786598 15.444241
v -9.909469 11.804030 15.414289
v -9.909024 11.829429 15.373121
v -9.884451 11.817299 15.317273
v -9.869672 11.825210 15.266869
v -9.905245 11.820201 15.423145
v -9.729007 11.927818 15.483053
v -9.850290 11.635339 15.282034
v -9.865728 11.631250 15.316145
v -9.866069 11.602876 15.327633
v -9.890557 11.623958 15.346251
v -9.895147 11.595493 15.354250
v -9.856069 11.659251 15.274490
v -9.875622 11.659135 15.310765
v -9.887998 11.643692 15.339014
v -9.891724 11.627185 15.354907
v -9.895818 11.596458 15.363811
v -9.875854 11.571092 15.406166
v -9.883414 11.551813 15.400223
v -9.874264 11.509951 15.452645
v -9.865221 11.527413 15.456462
v -9.863131 11.500966 15.503248
v -10.051216 11.654033 15.184224
v -10.039116 11.408191 15.828678
v -10.089591 11.513261 15.981899
v -9.991928 11.474884 15.820868
v -10.148909 11.535396 16.029774
v -10.170052 11.686612 16.105011
v -9.896338 11.953472 15.974391
v -9.753710 12.258146 16.066580
v -9.804632 12.082152 16.148006
v -9.815843 12.029427 15.894704
v -9.755213 12.128128 15.810575
v -9.652946 12.382155 15.837883
v -9.699230 12.244426 15.694818
v -9.659528 12.353745 15.718286
v -9.687875 12.290287 15.632738
v -9.690539 12.494513 15.617776
v -9.679857 12.346504 15.542034
v -9.693102 12.387777 15.439680
v -9.770321 12.622750 15.530264
v -9.739555 12.417494 15.344687
v -9.806246 12.430840 15.249042
v -9.837398 12.648277 15.413397
v -9.901750 12.667684 15.336845
v -9.998290 11.941335 16.079731
v -9.877275 12.116902 16.282970
v -10.031374 11.972649 16.147301
v -9.952409 12.142055 16.323774
v -10.111550 11.952050 16.237518
v -10.288039 11.906830 16.357229
v -10.013947 12.177119 16.369043
v -10.035946 12.358917 16.350571
v -10.130501 12.349168 16.417616
v -10.215546 12.371365 16.440521
v -10.501815 11.892265 16.392380
v -10.299380 12.404441 16.485596
v -10.369240 12.462162 16.463617
v -10.437956 12.473693 16.472372
v -10.711287 11.913488 16.352917
v -10.599295 12.529380 16.450626
v -10.710121 12.554475 16.309118
v -10.877451 11.929338 16.219023
v -10.630670 12.386432 15.171428
v -10.521621 12.161399 15.189066
v -10.616596 12.088131 15.255343
v -10.416568 12.251850 15.147031
v -10.508018 12.362543 15.075591
v -10.276119 12.503938 15.077404
v -10.277657 12.352689 15.112583
v -10.206745 12.387434 15.109521
v -10.177097 12.426710 15.106416
v -10.115808 12.470617 15.112761
v -10.106537 12.426413 15.111258
v -9.999273 12.595796 15.189964
v -10.116021 12.470657 15.112582
v -9.998327 12.444954 15.131193
v -9.900460 12.447639 15.181961
v -9.988924 12.648917 15.246602
v -9.899247 12.643762 15.249914
v -9.901956 12.667727 15.336543
v -10.777824 12.461615 15.225571
v -10.900662 12.374157 15.361971
v -10.725415 12.077250 15.355139
v -10.786770 12.113786 15.394845
v -10.986859 12.373642 15.416579
v -10.880034 12.095699 15.471657
v -10.786813 12.113792 15.394846
v -11.004140 12.431540 15.453325
v -11.044742 12.551375 15.630186
v -11.008512 12.041539 15.637950
v -11.035856 12.501346 15.797385
v -11.048441 11.994473 15.846544
v -11.049079 12.482137 15.922058
v -10.981996 12.599588 16.050186
v -10.862061 12.582220 16.172199
v -10.982028 12.599589 16.050323
v -11.009021 11.969155 16.055737
v -10.808008 12.593912 16.296272
v -10.710174 12.554485 16.309059
v -10.877473 11.929343 16.218975
v -9.894168 11.557631 15.332916
v -9.895111 11.572873 15.350551
v -9.896094 11.573514 15.358412
v -10.066754 12.262428 15.087603
v -10.108345 12.426763 15.109705
v -9.999913 12.445271 15.129537
v -9.989485 12.266416 15.109120
v -9.902444 12.448038 15.179591
v -9.893157 12.267125 15.161250
v -9.813495 12.255666 15.221721
v -9.807298 12.431072 15.247336
v -9.740237 12.417654 15.343254
v -9.754517 12.241138 15.301554
v -9.706494 12.213418 15.394426
v -9.694384 12.388062 15.437263
v -9.688325 12.191636 15.468449
v -9.680951 12.346758 15.539663
v -9.700558 12.137029 15.574220
v -9.688097 12.290371 15.631368
v -10.902042 11.794847 15.486167
v -10.960478 11.880617 15.493202
v -10.903154 11.810624 15.464488
v -10.953004 11.880588 15.497999
v -10.993710 12.019701 15.485969
v -10.975213 12.111999 15.457486
v -10.880441 12.095763 15.471741
v -10.864728 11.834500 15.537250
v -10.953476 11.880661 15.498138
v -10.831307 11.770440 15.461748
v -10.831915 11.813452 15.510939
v -10.801404 11.804588 15.477284
v -10.764621 11.778729 15.411296
v -10.846637 11.769032 15.436445
v -10.804423 11.779715 15.409585
v -10.857506 11.798208 15.433807
v -10.929917 11.911932 15.464089
v -10.861789 11.983550 15.433288
v -10.818936 11.935831 15.432794
v -10.810559 12.057565 15.383278
v -10.861898 12.152712 15.406701
v -10.923423 12.154022 15.429505
v -10.770403 12.077439 15.377860
v -10.765023 11.943111 15.386706
v -10.795287 11.942061 15.400636
v -10.786178 11.854887 15.399724
v -10.764425 11.778697 15.411312
v -10.814792 11.806783 15.404672
v -10.848777 11.860275 15.420155
v -10.818649 11.872767 15.420609
v -10.824494 11.905773 15.440878
v -10.881491 11.839255 15.436971
v -10.839104 11.864529 15.438264
v -10.170046 11.686612 16.104998
v -10.161521 11.645270 16.128145
v -10.201859 11.695719 16.137394
v -10.109571 11.656315 16.063034
v -10.137197 11.636485 16.142866
v -10.108255 11.649604 16.102623
v -10.129383 11.662121 16.158836
v -10.098562 11.672926 16.117626
v -10.104288 11.721144 16.160940
v -10.084407 11.723739 16.097942
v -10.055100 11.810442 16.092943
v -10.069347 11.806400 16.122803
v -10.031206 11.911973 16.158688
v -10.021753 11.937528 16.122768
v -10.037440 11.998671 16.227467
v -10.112166 11.952169 16.236792
v -10.060538 11.992741 16.288956
v -10.096580 11.947762 16.332987
v -10.224428 11.714831 16.174644
v -10.182201 11.660293 16.203480
v -10.158012 11.671341 16.207048
v -10.125214 11.697909 16.189903
v -10.121167 11.730364 16.152468
v -10.101992 11.738846 16.133373
v -10.102361 11.801922 16.145609
v -10.094700 11.840186 16.196827
v -10.178803 11.735863 16.269896
v -10.141937 11.860478 16.334999
v -10.174355 11.733655 16.277245
v -10.179061 11.735896 16.270163
v -10.139223 11.764140 16.251738
v -10.115948 11.773362 16.145796
v -9.916849 11.940949 15.191917
v -9.902259 11.959024 15.192215
v -9.891307 11.986698 15.192087
v -9.894131 12.033409 15.184039
v -10.109467 11.656306 16.062763
v -10.146990 11.638333 16.132488
v -10.186234 11.691229 16.120787
v -11.009008 11.969156 16.055658
v -10.784260 12.438213 16.330147
v -10.907410 12.447050 16.303102
v -10.877509 11.929353 16.218895
v -11.009144 12.041630 15.638333
v -10.995327 12.620908 15.619222
v -10.880605 12.095789 15.471774
v -11.036329 12.501404 15.797946
v -10.848515 12.634112 16.141212
v -11.048430 11.994472 15.846531
v -10.982015 12.599589 16.050268
v -9.998342 11.941339 16.079865
v -9.917148 12.046440 16.304363
v -10.031420 11.972652 16.147388
v -9.953085 12.142181 16.323122
v -9.805334 12.082278 16.147449
v -10.178108 12.426903 15.105659
v -10.116669 12.470783 15.112043
v -10.107481 12.426596 15.110446
v -10.278852 12.352912 15.111832
v -10.277866 12.504261 15.076102
v -10.417881 12.252088 15.146407
v -10.408249 12.520966 15.088875
v -10.596087 12.459079 15.176568
v -10.522265 12.161513 15.188831
v -10.617072 12.088214 15.255222
v -10.733199 12.526210 15.225043
v -10.899857 12.312333 15.358583
v -10.787107 12.113841 15.394854
v -10.986854 12.373642 15.416577
v -11.005087 12.431683 15.453732
v -10.770428 12.077443 15.377860
v -9.993114 11.677649 15.164140
v -10.027298 11.647928 15.158805
v -10.055662 11.653373 15.185158
v -10.402999 12.467617 16.467663
v -10.501573 11.892225 16.392363
v -10.298603 12.404321 16.485407
v -10.711166 11.913465 16.352983
v -10.565353 12.626392 16.402544
v -10.784039 12.438167 16.330448
v -10.877419 11.929331 16.219093
v -10.112225 11.952175 16.236864
v -10.287944 11.906815 16.357174
v -10.013790 12.177098 16.368891
v -10.036556 12.359035 16.349863
v -10.014080 12.177137 16.369169
v -10.130961 12.349262 16.416828
v -10.190526 12.475998 16.394577
v -10.501580 11.892227 16.392365
v -9.966256 11.292766 15.510750
v -9.965755 11.296451 15.464690
v -9.945930 11.321464 15.487156
v -9.941286 11.326578 15.511356
v -9.933833 11.353627 15.479177
v -10.129707 11.266564 15.710938
v -10.147926 11.325873 15.814582
v -10.071118 11.294089 15.706755
v -9.975707 11.296779 15.567165
v -10.110572 11.221412 15.623292
v -10.090182 11.361404 15.826674
v -9.949770 11.329826 15.580444
v -9.975598 11.326522 15.630842
v -9.939322 11.334100 15.548434
v -9.929542 11.343552 15.517651
v -9.925898 11.361721 15.493360
v -9.920369 11.381973 15.484934
v -9.915831 11.375153 15.497400
v -9.915085 11.386373 15.484238
v -10.020166 11.333925 15.711222
v -9.972628 11.385675 15.709197
v -9.912447 11.369581 15.516159
v -9.915829 11.370658 15.550298
v -9.907726 11.390409 15.496306
v -9.904294 11.396957 15.483261
v -9.910468 11.391257 15.476621
v -9.907939 11.396489 15.466256
v -9.912962 11.395305 15.440464
v -9.900740 11.404248 15.442450
v -9.900936 11.406047 15.402161
v -9.898301 11.410746 15.472025
v -9.896463 11.407118 15.489743
v -9.899069 11.396256 15.510862
v -9.897552 11.401663 15.528778
v -9.919573 11.374239 15.577953
v -9.895314 11.413006 15.545708
v -9.936380 11.378076 15.630780
v -9.895994 11.423961 15.571352
v -9.903956 11.434284 15.624484
v -9.865370 11.487646 15.568009
v -9.877723 11.454913 15.532436
v -9.883912 11.437717 15.514571
v -9.890012 11.420327 15.500994
v -9.890787 11.430082 15.476692
v -9.891090 11.445291 15.435397
v -9.897549 11.460075 15.364457
v -9.902143 11.443413 15.300299
v -9.918337 11.453341 15.263626
v -9.920429 11.444632 15.262522
v -9.883095 11.480745 15.442772
v -10.199678 11.542795 15.153755
v -10.208100 11.565826 15.145996
v -10.242147 11.523499 15.152985
v -10.221385 11.501369 15.159273
v -10.274817 11.564590 15.144791
v -10.259991 11.481720 15.163713
v -10.289128 11.497900 15.163485
v -10.345514 11.517193 15.170466
v -10.361225 11.457903 15.192363
v -10.422711 11.542604 15.194675
v -10.445152 11.474330 15.226166
v -10.394074 11.629513 15.158448
v -10.326603 11.583444 15.147391
v -10.525948 11.676404 15.220981
v -9.868458 11.497442 15.617990
v -9.928877 11.449984 15.698492
v -10.570776 11.405104 15.385905
v -10.367109 11.400156 15.224058
v -10.456046 11.415731 15.264359
v -10.301739 11.446188 15.179152
v -10.264828 11.436516 15.180944
v -10.307117 11.397171 15.204603
v -10.236241 11.465633 15.169328
v -10.188389 11.511991 15.162808
v -10.141173 11.529503 15.169301
v -10.068490 11.492410 15.182561
v -10.084959 11.531409 15.179435
v -10.009446 11.463706 15.186195
v -10.043720 11.458807 15.181969
v -10.005230 11.458467 15.192553
v -10.041928 11.442360 15.197477
v -10.001472 11.438530 15.212225
v -9.963966 11.452893 15.215543
v -9.979945 11.421365 15.249484
v -10.007849 11.425653 15.232094
v -10.017027 11.421958 15.268214
v -9.966089 11.432051 15.235458
v -9.937195 11.442059 15.238061
v -9.922624 11.423770 15.283760
v -9.907273 11.420528 15.317619
v -9.935472 11.412826 15.300270
v -9.924627 11.409662 15.327132
v -9.961956 11.411326 15.331959
v -9.916170 11.407459 15.360035
v -9.920897 11.401480 15.404178
v -9.946088 11.402024 15.404566
v -9.948435 11.409883 15.369385
v -9.890299 11.429559 15.350886
v -9.899651 11.415084 15.358044
v -9.899287 11.438350 15.307396
v -9.892591 11.418130 15.393559
v -9.896512 11.415351 15.439724
v -9.928923 11.394295 15.437277
v -9.949570 11.397516 15.439493
v -9.952518 11.398552 15.464664
v -9.936116 11.391683 15.461143
v -9.935640 11.391978 15.472363
v -9.952348 11.402940 15.481643
v -9.950553 11.401576 15.487433
v -9.933777 11.393862 15.481855
v -9.950687 11.400171 15.489916
v -9.934537 11.391336 15.483008
v -9.950999 11.400354 15.486548
v -9.936479 11.388660 15.481894
v -9.952784 11.398299 15.480796
v -9.939663 11.387419 15.462135
v -9.951075 11.396612 15.464727
v -9.936659 11.385768 15.430653
v -9.951267 11.397084 15.434837
v -9.933721 11.391199 15.386197
v -9.931166 11.372475 15.461431
v -9.930937 11.371627 15.431087
v -9.928800 11.384934 15.473306
v -9.925839 11.377042 15.477839
v -9.926956 11.386243 15.477042
v -9.924079 11.387476 15.478999
v -9.921466 11.388469 15.476594
v -9.920712 11.389131 15.469030
v -9.918655 11.390006 15.462373
v -9.934801 11.354215 15.459250
v -9.933150 11.353087 15.430880
v -9.925277 11.372636 15.380759
v -9.931212 11.347280 15.380954
v -9.927282 11.373070 15.347984
v -9.934625 11.345274 15.349371
v -9.949804 11.321055 15.459740
v -9.942891 11.335167 15.429310
v -9.950087 11.323584 15.384311
v -9.952266 11.323237 15.350032
v -9.963161 11.324930 15.316907
v -9.947298 11.346065 15.313404
v -9.968431 11.350097 15.279211
v -9.982669 11.328279 15.283866
v -10.000211 11.356137 15.254233
v -10.015092 11.334805 15.259332
v -10.036861 11.364688 15.236163
v -10.049713 11.341703 15.243276
v -10.071322 11.373822 15.227338
v -10.087747 11.349611 15.235134
v -9.941381 11.373617 15.311969
v -9.962573 11.375527 15.277692
v -9.993001 11.383445 15.254202
v -10.028615 11.392330 15.235330
v -10.062962 11.398750 15.228922
v -10.120536 11.388579 15.225713
v -10.114383 11.406402 15.229288
v -10.145950 11.413208 15.225219
v -10.150914 11.395151 15.223022
v -10.157628 11.428374 15.221423
v -10.162790 11.422009 15.217213
v -10.162622 11.431004 15.217594
v -10.170147 11.429331 15.210387
v -10.146224 11.426592 15.235186
v -10.112188 11.419039 15.237702
v -10.067384 11.416567 15.238671
v -10.034612 11.413404 15.244996
v -10.000426 11.404270 15.263732
v -9.969634 11.395343 15.280680
v -9.952997 11.395191 15.317463
v -9.937496 11.394904 15.353336
v -10.148090 11.433957 15.248495
v -10.167765 11.439075 15.245162
v -10.117293 11.428576 15.252051
v -10.077897 11.426149 15.250456
v -10.048062 11.422119 15.255864
v -10.014940 11.414268 15.269333
v -9.986049 11.406095 15.293069
v -9.963708 11.404447 15.327436
v -9.951866 11.403739 15.364073
v -9.947544 11.401342 15.395296
v -10.169707 11.432934 15.225851
v -10.176240 11.443102 15.239898
v -10.171423 11.436316 15.223001
v -10.179285 11.443548 15.239709
v -10.173741 11.443889 15.243191
v -10.167120 11.438154 15.225590
v -10.155571 11.433666 15.231139
v -10.165485 11.443313 15.248477
v -10.147434 11.435481 15.250956
v -10.142763 11.430838 15.233542
v -10.122477 11.430356 15.248556
v -10.119167 11.430517 15.225847
v -10.089166 11.429374 15.243898
v -10.054516 11.430307 15.247801
v -10.086823 11.433233 15.217346
v -10.042196 11.431662 15.216661
v -10.122409 11.435260 15.206775
v -10.085373 11.441299 15.195719
v -10.150269 11.432716 15.215914
v -10.143269 11.432725 15.213469
v -10.159003 11.433599 15.214424
v -10.163616 11.432979 15.215091
v -10.168140 11.434461 15.205192
v -10.157435 11.438219 15.203276
v -10.148643 11.442341 15.199141
v -10.126391 11.447277 15.191829
v -10.083995 11.454574 15.183082
v -10.129291 11.490447 15.178422
v -10.166978 11.446931 15.193430
v -10.159221 11.460370 15.185423
v -10.127319 11.459278 15.185799
v -10.181117 11.461157 15.179624
v -10.201278 11.479218 15.167983
v -10.171291 11.483242 15.174138
v -10.210250 11.455193 15.175632
v -10.220089 11.427804 15.185165
v -10.224833 11.399394 15.200055
v -10.264820 11.395533 15.202232
v -10.298110 11.357534 15.227219
v -10.233816 11.343239 15.225864
v -10.188234 11.426809 15.200064
v -10.187828 11.411337 15.208258
v -10.219822 11.379226 15.211580
v -10.196474 11.368794 15.217743
v -10.174107 11.399132 15.217404
v -10.184447 11.337697 15.231339
v -10.166470 11.362003 15.225869
v -10.211584 11.304544 15.242908
v -10.140432 11.349065 15.232150
v -10.129157 11.370392 15.227402
v -10.097925 11.329941 15.246574
v -10.286901 11.217192 15.322757
v -10.379230 11.271978 15.341912
v -10.458679 11.366855 15.308235
v -10.467855 11.330084 15.361897
v -9.957846 11.314606 15.427930
v -9.872498 11.481181 15.495295
v -9.881886 11.454110 15.487379
v -9.970727 11.410722 15.285495
v -9.986710 11.414237 15.296750
v -9.954146 11.413598 15.274040
v -9.939959 11.426030 15.258522
v -10.186803 11.443385 15.191332
v -10.240462 11.944523 15.130740
v -11.050924 11.001167 14.983279
v -11.149323 10.959260 14.815756
v -11.205841 11.019001 15.007295
v -11.071011 10.909912 14.821418
v -10.975009 10.878187 14.988444
v -10.964936 10.853537 14.808071
v -10.848744 10.763993 14.975639
v -10.915651 10.777775 14.820830
v -10.771832 10.617599 14.992657
v -10.839808 10.610856 14.848594
v -10.806465 10.521174 14.853721
v -10.682343 10.408327 14.969016
v -10.644606 10.255093 14.944917
v -10.703301 10.107549 14.913318
v -10.789129 10.262860 14.851461
v -10.786075 9.981610 14.952894
v -10.843285 10.173930 14.695360
v -10.890403 10.085131 14.750731
v -10.851307 10.029603 14.625795
v -10.826716 10.464951 14.784347
v -10.809109 10.323922 14.796110
v -10.870504 10.256954 14.644399
v -10.892658 10.368435 14.635311
v -10.338688 10.160987 16.768373
v -10.425850 10.044598 16.749765
v -10.311200 10.021340 16.652540
v -10.256028 10.171251 16.635067
v -10.293877 10.285747 16.799816
v -10.313415 10.395477 16.851061
v -10.271161 10.306389 16.676933
v -10.337278 10.502039 16.743048
v -10.326373 10.473902 16.892916
v -10.381974 10.641991 16.826071
v -10.360888 10.628413 16.993608
v -10.382996 10.691834 17.042675
v -10.483914 10.748487 16.904999
v -10.472231 10.741920 17.102573
v -10.534620 10.862900 16.978184
v -10.529312 10.782369 17.163544
v -10.677452 10.875815 17.056793
v -10.622065 10.780077 17.220383
v -10.816943 10.825446 17.121845
v -10.757859 10.739957 17.219664
v -11.284568 10.188994 15.019848
v -11.302084 9.848167 14.877799
v -11.152729 9.795576 14.869290
v -11.428934 10.116747 15.023590
v -11.435573 9.897228 14.827047
v -11.496069 10.151092 15.003120
v -11.553642 10.192462 14.937709
v -11.487300 9.908670 14.694009
v -11.577359 10.344591 14.836056
v -11.256682 10.963970 14.823360
v -11.369514 10.915567 14.890265
v -11.358630 10.974653 15.022005
v -10.936351 10.568717 14.641699
v -10.958398 10.438063 14.576174
v -10.989967 10.651511 14.608187
v -10.956876 10.259261 14.509462
v -10.908174 10.076664 14.499516
v -10.909524 9.639498 14.245981
v -10.821011 9.596831 14.342299
v -10.797456 9.568867 14.468481
v -10.881062 9.894763 14.717227
v -11.358994 10.877663 14.762313
v -11.407570 10.782209 14.700750
v -11.263785 10.820259 14.652175
v -11.272006 10.674972 14.571156
v -11.111544 10.674505 14.582298
v -11.411282 10.636744 14.609739
v -11.527201 10.683084 14.791265
v -11.462043 10.816002 14.826029
v -10.309477 10.334898 16.887325
v -10.289044 10.202458 16.990644
v -10.294805 10.103304 16.925455
v -10.325740 10.210231 16.820721
v -10.319796 10.045017 16.839003
v -10.478694 10.122926 16.796434
v -10.403028 9.972236 16.803350
v -10.600031 10.149812 16.823906
v -11.004841 9.777123 14.819697
v -11.112185 9.494340 14.761950
v -11.284107 9.488982 14.728012
v -11.391805 9.512539 14.625493
v -11.420124 9.549192 14.480496
v -11.469339 9.913280 14.544216
v -11.099471 10.808974 14.643682
v -11.210513 10.890819 14.717221
v -10.994063 10.783027 14.667674
v -11.075867 10.871117 14.721581
v -10.975190 10.827494 14.733525
v -10.929044 10.722984 14.707855
v -10.884843 10.597157 14.749285
v -10.355249 10.651574 17.104074
v -10.338284 10.593454 17.155098
v -10.426140 10.682778 17.179283
v -10.678211 10.674426 17.307625
v -10.804502 10.623414 17.298723
v -10.531147 10.689301 17.262768
v -10.406732 10.602918 17.238918
v -10.687685 10.561857 17.362394
v -10.847451 10.482605 17.333721
v -10.313903 10.454184 17.160725
v -10.315104 10.551557 17.074100
v -10.392064 10.456486 17.254890
v -10.541599 10.599297 17.327959
v -10.315478 10.444572 16.987595
v -10.308359 10.306366 17.006363
v -10.299781 10.389776 17.084799
v -10.181547 7.751041 16.398716
v -10.289924 8.239878 16.500158
v -10.177482 7.794105 16.299555
v -10.337086 8.188295 16.586391
v -10.419328 8.462405 16.602568
v -10.421457 8.654984 16.568846
v -9.918791 8.308955 16.420725
v -10.088673 8.564680 16.490046
v -9.954606 8.563447 16.558218
v -10.049922 8.296517 16.406639
v -10.026585 7.913032 16.155167
v -9.905549 7.934811 16.175264
v -9.823056 8.309959 16.508398
v -9.807850 7.901052 16.229013
v -10.170327 8.282950 16.420078
v -10.294315 8.685572 16.501175
v -10.112796 7.852644 16.194660
v -10.071374 7.617179 15.908279
v -10.136496 7.544618 15.980640
v -9.984900 7.655394 15.895205
v -9.884760 7.649061 15.918557
v -9.807029 7.614966 15.980557
v -9.767394 7.798778 16.298735
v -9.782913 7.564532 16.051229
v -9.809001 7.664023 16.372004
v -9.806366 7.480540 16.143709
v -9.894500 7.537773 16.352890
v -9.888214 7.415853 16.197466
v -9.998925 7.388466 16.193142
v -10.069035 7.802593 16.605398
v -10.161507 7.756044 16.509905
v -10.094049 7.395007 16.149893
v -10.128999 7.456170 16.075991
v -9.796669 8.282377 16.625834
v -9.839049 8.233183 16.745068
v -9.945246 8.176771 16.834475
v -10.075038 8.147149 16.847647
v -10.225337 8.120931 16.812618
v -10.315787 8.135688 16.714836
v -10.430712 8.374684 16.707642
v -9.887134 8.541903 16.694256
v -9.907752 8.485114 16.849876
v -10.009433 8.431778 16.940609
v -10.160258 8.378946 16.928038
v -10.286483 8.348788 16.910774
v -10.400229 8.331519 16.838568
v -10.640323 7.883029 14.084638
v -10.854371 8.334905 14.311401
v -10.732874 7.892868 14.026134
v -10.719212 8.368135 14.295310
v -10.519526 7.903964 14.135890
v -10.366323 7.575637 14.012625
v -10.446938 7.545071 13.932783
v -10.961817 8.329508 14.261988
v -11.000480 8.589293 14.403165
v -11.045194 8.341123 14.148973
v -10.802680 7.958227 13.956743
v -11.051941 8.395343 14.021363
v -10.810493 8.075734 13.875657
v -10.965441 8.471019 13.910639
v -10.517348 7.820489 13.724035
v -10.860833 8.522670 13.847113
v -11.047963 8.687930 13.978420
v -11.132827 8.632966 14.064308
v -11.168932 8.569158 14.183264
v -11.093812 8.553398 14.303103
v -10.464664 7.963122 13.736197
v -10.715966 8.558131 13.857559
v -10.367947 8.051615 13.830324
v -10.593535 8.557034 13.927709
v -10.336447 8.081083 13.952389
v -10.525600 8.518303 14.039365
v -10.359402 8.043248 14.058851
v -10.530347 8.454885 14.132507
v -10.423643 7.969715 14.126468
v -10.742802 9.027260 14.270898
v -10.762918 8.946061 14.373885
v -10.621286 8.744998 14.144690
v -10.800682 9.078922 14.109389
v -10.669297 8.788180 14.019769
v -10.877333 9.012206 13.977544
v -10.798126 8.795839 13.904808
v -10.940823 8.765697 13.891281
v -11.004610 8.946578 13.954805
v -10.937424 9.293736 14.095361
v -10.609817 8.398796 14.228269
v -10.670915 8.687503 14.297093
v -10.797823 9.220172 14.481561
v -10.808465 8.785676 14.451330
v -10.706798 8.372918 14.290069
v -10.515622 7.906147 14.129403
v -10.267050 7.624135 14.059742
v -10.366512 7.575119 14.015874
v -10.200374 7.687386 14.038446
v -10.155586 7.739283 13.964314
v -10.156265 7.778677 13.866339
v -10.194921 7.784560 13.792187
v -10.291445 7.750786 13.705603
v -10.392800 7.689896 13.685944
v -10.460741 7.605446 13.753478
v -10.486826 7.548889 13.834317
v -10.448320 7.545168 13.928883
v -10.127485 7.542243 15.984416
v -10.151339 7.462058 16.065893
v -10.128740 7.856845 16.192616
v -10.178412 8.285078 16.433172
v -10.763762 10.397434 14.840630
v -10.823231 10.249210 14.819417
v -10.846977 10.149034 14.894930
v -10.919640 10.104445 14.948488
v -10.919479 10.221661 14.879456
v -10.521487 10.010333 16.739639
v -10.361594 10.142132 16.791830
v -10.902936 10.467443 14.680295
v -11.029196 10.245601 14.944692
v -11.009981 9.776380 14.818535
v -10.807079 9.317010 14.205051
v -10.759473 9.278879 14.353312
v -10.508619 10.433695 17.355001
v -10.293642 10.245267 17.096285
v -10.951052 8.758344 14.492100
v -10.817408 8.782537 14.452928
v -10.292076 8.684978 16.518103
v -10.642945 10.391852 17.398542
v -11.150741 6.704756 15.904268
v -11.027909 6.716264 15.868780
v -10.896174 6.673467 15.941099
v -11.219607 6.630459 15.928966
v -11.139217 6.700511 15.902093
v -10.560694 6.222968 15.840184
v -10.628465 5.994154 15.938262
v -9.818660 6.052137 15.769503
v -9.955337 5.838371 15.870696
v -9.403496 5.606571 15.800496
v -9.245173 5.765771 15.666922
v -9.232788 5.532597 15.764681
v -9.116848 5.665631 15.645631
v -9.224750 5.208008 15.811347
v -9.163162 5.388562 15.800722
v -8.989752 5.300259 15.717814
v -9.069572 5.047893 15.739347
v -9.327179 4.952321 15.826319
v -9.150643 4.695974 15.737288
v -9.393560 4.694703 15.828985
v -8.877690 4.751990 15.780846
v -8.827067 5.192227 15.769841
v -8.828436 5.443767 15.729394
v -9.022532 5.524091 15.663762
v -9.139152 5.941508 15.691477
v -9.668653 6.265375 15.810717
v -10.346592 6.573753 15.905458
v -10.621539 6.740111 15.999150
v -10.269138 6.892753 16.149704
v -9.546801 6.424893 15.957725
v -8.718763 4.787632 15.941751
v -8.684469 5.236159 15.925750
v -8.756744 5.476015 15.818267
v -8.782642 5.717752 15.761577
v -8.888656 5.656473 15.687755
v -9.067652 6.092936 15.785581
v -8.905492 5.956522 15.760164
v -8.685905 5.772406 15.903761
v -9.020461 6.166551 15.957449
v -8.810548 6.025601 15.921191
v -9.520329 6.531439 16.197798
v -10.176147 6.960530 16.432554
v -9.549548 6.521044 16.464497
v -10.167422 6.915987 16.656332
v -10.218742 6.778523 16.826916
v -9.649860 6.420687 16.657743
v -10.331731 6.519405 16.923758
v -9.836113 6.303012 16.776516
v -10.484687 6.250894 16.879778
v -9.198641 5.751236 16.515177
v -9.361809 5.550263 16.354111
v -10.635705 6.066993 16.767838
v -9.068874 5.950061 16.479506
v -8.994679 6.082531 16.318850
v -8.987732 6.156044 16.165993
v -8.776140 6.012477 16.127213
v -8.656905 5.489526 15.928486
v -8.869013 5.795274 16.422323
v -8.811021 5.936629 16.295456
v -10.082715 5.769348 15.894742
v -9.470825 5.566607 15.813207
v -10.363826 5.733946 16.056208
v -10.739490 5.944547 15.959221
v -9.336107 4.949429 15.997555
v -9.171985 5.218786 15.801389
v -9.292078 4.962072 15.819694
v -9.237858 5.200787 16.035021
v -9.305399 4.941294 16.227922
v -9.126906 5.218502 16.325607
v -9.214607 4.946384 16.426527
v -8.964089 5.262507 16.456964
v -9.082356 4.970043 16.523493
v -8.856644 5.064848 16.501923
v -8.771406 5.401266 16.417650
v -8.713823 5.159066 16.360613
v -8.676331 5.487559 16.244833
v -8.632291 5.242317 16.142588
v -8.629015 5.517763 16.093006
v -9.421556 4.673873 16.020563
v -9.361160 4.705684 15.822869
v -9.404377 4.658267 16.256521
v -9.311054 4.667918 16.443531
v -9.137506 4.676727 16.542694
v -8.912640 4.715981 16.541851
v -8.736247 4.761324 16.388245
v -8.663698 4.789783 16.174591
v -11.365751 4.498380 14.979230
v -11.385758 4.250329 15.006594
v -11.598308 4.529950 15.049879
v -11.605379 4.274746 15.080846
v -11.732100 4.299910 15.338724
v -11.405838 5.371615 14.834777
v -11.192114 5.228224 14.846300
v -11.151361 4.466704 15.056231
v -10.980434 5.144852 14.953094
v -11.015479 4.472672 15.166106
v -10.842689 5.082644 15.176785
v -10.931436 4.466786 15.360185
v -10.927503 4.259506 15.355288
v -11.701985 4.548651 15.593119
v -11.612577 5.319726 15.763968
v -11.837765 6.023007 15.623764
v -11.881198 6.001607 15.392577
v -11.745028 4.539239 15.301801
v -11.839660 5.977560 15.154667
v -11.692088 5.956146 14.956053
v -11.412848 5.923542 14.781287
v -11.102968 5.909122 14.750339
v -10.882490 5.892153 14.840021
v -10.746731 5.890413 15.027035
v -10.665377 5.922243 15.311555
v -10.821588 5.020581 15.425213
v -10.941381 4.457424 15.552140
v -10.960110 4.283911 15.553349
v -11.064210 4.438190 15.708074
v -11.088100 4.264966 15.708519
v -11.013161 4.063330 15.546488
v -10.969176 4.052450 15.363674
v -11.086013 3.892520 15.508077
v -11.143318 3.881165 15.635103
v -11.048310 3.855161 15.360209
v -11.056071 4.050846 15.175499
v -11.111207 3.868772 15.205482
v -11.207053 4.073730 15.067877
v -11.233287 3.897946 15.099739
v -11.411434 4.072250 15.016714
v -11.445787 3.891127 15.013507
v -11.618988 4.079814 15.101984
v -11.692276 3.857424 15.097667
v -11.074768 3.696489 15.377847
v -11.148933 3.685955 15.167799
v -11.338361 3.663802 15.023615
v -11.551220 3.625189 14.979747
v -11.771663 3.586186 15.079686
v -11.898651 3.586730 15.251720
v -11.814416 3.888465 15.309842
v -11.889929 3.596908 15.473521
v -11.747339 3.884032 15.610836
v -11.794161 3.601929 15.685790
v -11.568353 3.853314 15.778069
v -11.603409 3.594769 15.795019
v -11.616078 3.339159 15.809788
v -11.827740 3.309992 15.690514
v -11.138639 3.694371 15.591019
v -11.362275 3.311280 15.767765
v -11.336858 3.635524 15.740668
v -11.157632 3.317982 15.596238
v -11.115263 3.310331 15.382251
v -11.195443 3.299604 15.157089
v -11.367581 3.299977 15.009573
v -11.593966 3.300485 14.964273
v -11.793904 3.294312 15.078400
v -11.923946 3.300810 15.261927
v -11.940802 3.296850 15.481182
v -11.303211 3.841046 15.735493
v -11.616072 3.339153 15.809786
v -11.603409 3.594769 15.795019
v -11.568346 3.853329 15.778066
v -11.534035 4.056950 15.764878
v -11.284597 4.071712 15.791702
v -11.121833 4.075123 15.682747
v -11.275846 4.265502 15.826058
v -11.261300 4.439789 15.823965
v -11.508086 4.298934 15.806965
v -11.508190 4.524323 15.803647
v -11.152961 5.065900 15.793719
v -11.428719 5.101006 15.812940
v -11.369236 5.694407 15.861921
v -11.070971 5.773955 15.841992
v -10.904561 6.518546 15.734754
v -10.990160 6.677813 15.861654
v -10.917560 5.034917 15.637383
v -10.781263 5.808573 15.623781
v -10.759364 6.212535 15.571072
v -10.776233 5.980787 16.580229
v -9.539951 5.455809 16.093649
v -10.957839 5.958851 16.378735
v -11.172319 6.142130 16.090796
v -11.575906 6.173166 15.877773
v -11.389698 5.686015 15.865788
v -11.436234 5.097226 15.814363
v -11.218260 6.630569 15.928711
v -10.273125 10.054548 17.065258
v -10.253139 9.885392 16.962172
v -10.303561 9.888435 16.824345
v -10.147765 9.395364 16.836336
v -10.218706 9.415104 16.726553
v -10.403990 9.788987 16.735788
v -10.579762 9.691602 16.726652
v -11.021321 10.252275 14.947300
v -10.719449 9.706738 16.790634
v -10.579060 9.692285 16.724516
v -10.656590 9.397855 16.726517
v -11.281157 9.051578 14.391935
v -11.287526 9.105712 14.268648
v -11.191647 9.023630 14.503201
v -11.067710 9.048310 14.564425
v -10.931854 9.125707 14.560811
v -10.959628 9.506286 14.708761
v -11.327221 9.587413 14.346742
v -11.200472 9.168104 14.162455
v -11.497504 10.197264 14.609962
v -11.353366 9.926958 14.410318
v -11.217447 9.630760 14.251469
v -11.077313 9.238359 14.093740
v -11.072618 9.646475 14.216518
v -11.400398 10.174468 14.461099
v -11.242836 10.196632 14.394606
v -11.182957 9.971478 14.343507
v -11.097052 10.222024 14.409324
v -11.026070 10.018214 14.356163
v -10.958309 9.506425 14.708960
v -10.928495 9.126738 14.560707
v -10.835136 9.530037 14.598804
v -10.320344 9.975917 17.217373
v -10.542144 8.923947 16.674017
v -10.760990 9.358180 16.865461
v -10.492557 8.662731 16.661451
v -10.598104 8.861728 16.785290
v -10.523939 8.636011 16.807335
v -10.767871 9.332086 17.011234
v -10.584250 8.837521 16.927078
v -10.683603 9.312975 17.133209
v -10.500301 8.616494 16.924452
v -10.498328 8.845558 17.029572
v -10.350414 8.615349 16.972492
v -10.354687 8.880326 17.062298
v -10.719782 9.671947 17.250860
v -10.519394 9.316130 17.169552
v -10.369359 9.339876 17.172529
v -10.539126 9.652946 17.262512
v -10.581305 9.899588 17.346706
v -10.754224 9.961490 17.319471
v -10.366083 9.697771 17.213123
v -10.424153 9.926857 17.308163
v -10.252468 9.766999 17.115343
v -10.139812 9.390786 16.972717
v -10.238560 9.363725 17.103739
v -10.101358 9.012660 16.972351
v -10.078893 9.090592 16.819857
v -10.030371 8.835243 16.803406
v -10.148425 9.112417 16.676254
v -10.268159 9.094866 16.602215
v -10.338661 9.416827 16.653522
v -10.505823 9.413547 16.660095
v -10.426906 9.016092 16.608006
v -10.193735 8.810371 16.565687
v -10.502153 8.520066 16.865595
v -10.429878 8.516163 16.941645
v -10.298201 8.515086 16.949230
v -10.237326 8.610801 17.004082
v -10.092997 8.627721 16.995224
v -10.004517 8.714162 16.920055
v -10.209706 8.940432 17.048037
v -11.252555 8.856128 14.265632
v -11.187465 8.830580 14.366080
v -11.062487 8.807406 14.453032
v -11.174538 8.732841 14.352595
v -11.059912 8.737076 14.441286
v -11.230196 8.743821 14.281475
v -11.229980 8.777551 14.180657
v -11.176330 8.891592 14.131510
v -11.139206 8.797830 14.085239
v -11.117433 8.913968 14.038077
v -10.505087 9.413291 16.661955
v -10.421945 9.014781 16.619469
v -8.997967 5.823042 15.672213
v -9.001424 5.626755 16.450645
v -9.161495 5.484345 16.276487
v -8.657495 5.768839 16.108431
v -8.703759 5.727922 16.271666
v -8.921406 5.490904 16.419891
v -8.781887 5.623910 16.404894
v -9.092710 5.352900 16.266329
v -9.186769 5.339209 16.075777
v -9.109359 5.393832 15.790569
v -9.233759 5.434913 16.067097
v -9.230087 5.521001 15.764174
v -11.173787 4.263525 15.052420
v -11.010812 4.255949 15.163248
v -11.708791 4.294039 15.562955
v -11.774207 4.075257 15.350680
v -11.742464 4.080300 15.556575
v -11.534066 4.056924 15.764889
v -11.508116 4.298923 15.806973
v -11.510561 4.523123 15.804098
v -10.922531 10.918941 15.101251
v -10.629120 10.362979 15.004566
v -10.664675 10.527014 15.049551
v -10.748437 10.705881 15.104746
v -10.942442 9.884454 14.999805
v -11.067473 10.050611 14.963953
v -11.211460 9.803813 15.060085
v -10.420198 9.883810 16.655022
v -10.581349 9.785927 16.695366
v -10.247787 10.271253 16.612799
v -10.279640 10.425828 16.625929
v -10.362563 10.603762 16.653326
v -10.492645 10.807834 16.787567
v -10.968002 10.727392 17.111795
v -10.900126 10.616114 17.237406
v -11.049493 10.581801 17.099300
v -10.976278 10.460709 17.229650
v -11.125357 10.429843 17.084652
v -11.046949 10.301115 17.191172
v -11.164643 10.242230 17.045803
v -11.069025 10.149147 17.129286
v -11.160563 10.110622 16.984200
v -11.016559 10.042487 17.040020
v -11.047433 10.022020 16.959887
v -10.984259 10.020552 16.979570
v -10.958710 9.988135 16.916327
v -10.646996 9.971651 16.778793
v -11.085137 10.621550 17.040380
v -11.225588 10.431097 16.947145
v -11.243793 10.104647 16.891752
v -11.112999 9.994530 16.930912
v -10.990128 9.909914 16.876457
v -10.835782 9.726115 16.755688
v -11.124948 9.802866 16.833796
v -11.042826 10.062469 14.970768
v -11.366566 10.076621 15.054982
v -11.469776 10.109782 15.080199
v -11.585505 10.196289 15.147468
v -11.597738 10.278316 14.993048
v -11.632756 10.349825 15.129641
v -11.615536 10.451590 14.968031
v -11.618758 10.553843 15.119384
v -11.574526 10.626120 14.931038
v -11.556817 10.715301 15.100295
v -11.506638 10.788039 14.920597
v -11.485277 10.867260 15.085021
v -11.553109 10.741918 15.174334
v -11.628932 10.522127 15.283236
v -11.612698 10.174438 15.265692
v -11.515258 10.076839 15.136327
v -11.378467 9.994628 15.091727
v -11.473883 9.873195 15.183044
v -11.187577 9.807920 15.065575
v -10.858272 10.099108 16.905603
v -10.600300 10.158680 16.816687
v -10.831596 9.739628 16.911045
v -10.892237 9.756688 17.048786
v -11.011321 10.054956 17.129490
v -10.836284 9.716312 17.165846
v -10.944951 10.163454 17.254452
v -11.531735 10.539033 14.710447
v -10.813313 10.320418 17.366518
v -10.485255 8.596120 16.647694
v -10.109152 8.852357 16.638033
v -10.513034 8.542489 16.778381
v -10.651013 9.946337 16.809252
v -10.842401 9.709845 16.783731
v -11.619651 10.574412 16.204720
v -11.336103 10.958665 16.162329
v -11.183385 10.981015 16.455177
v -11.383383 11.056018 15.842378
v -11.646690 10.756171 15.852397
v -11.390293 11.077924 15.585656
v -11.511971 11.012646 15.544018
v -11.340536 11.117843 15.422170
v -11.385137 11.144759 15.361509
v -11.239295 11.186049 15.228070
v -10.241735 10.690376 15.354081
v -10.507617 10.863125 15.261145
v -10.457932 10.891094 15.151486
v -10.215028 10.792003 15.240205
v -9.994226 10.724189 15.378788
v -10.074592 10.576078 15.549129
v -10.088949 10.889261 15.126377
v -10.298799 10.982733 15.061890
v -10.469090 11.085582 15.069973
v -10.798507 11.072461 15.138634
v -11.235686 11.230842 15.242138
v -11.545118 11.079195 15.595656
v -11.350171 11.270794 15.445313
v -11.688850 10.843536 15.915226
v -11.664418 10.581086 16.223663
v -11.436812 10.663080 16.528387
v -11.659637 10.793557 16.303730
v -11.459387 10.791591 16.567106
v -11.141152 10.894144 16.755362
v -11.150735 10.949808 16.771521
v -10.981604 10.986245 16.893663
v -11.469258 11.219656 15.715778
v -11.548158 11.098350 16.002476
v -11.513105 11.049155 16.314980
v -11.343657 11.047293 16.510796
v -11.117622 11.035712 16.739859
v -10.951544 11.048908 16.891050
v -11.150675 11.300847 16.666777
v -11.304028 11.344218 16.517666
v -11.419115 11.387323 16.328127
v -11.437531 11.411203 16.101992
v -11.423452 11.420574 15.839448
v -11.335136 11.403061 15.507439
v -11.179014 11.370750 15.315928
v -9.896425 10.814232 15.211349
v -9.975763 10.666466 16.001463
v -9.835871 10.606133 16.040432
v -9.984403 10.536386 15.835423
v -9.999434 10.734612 16.130774
v -10.076221 10.583540 15.860203
v -10.146883 10.342240 15.642066
v -10.179647 10.563222 15.899905
v -10.088959 10.716194 15.997253
v -10.216641 10.694374 16.036463
v -10.266360 10.789492 16.133169
v -10.180977 10.831715 16.131247
v -10.351329 10.988770 16.277737
v -10.296369 11.002101 16.363203
v -10.472504 11.163843 16.453535
v -10.499081 11.167538 16.564276
v -10.671671 11.313936 16.508953
v -10.695785 11.282154 16.589314
v -10.869025 11.371427 16.426754
v -10.943442 11.310062 16.468176
v -10.029545 10.793427 16.242792
v -10.237563 10.876612 16.355816
v -10.072346 10.854671 16.430502
v -10.267267 10.912024 16.545677
v -10.315997 11.021762 16.582176
v -10.456920 11.037398 16.786242
v -10.290131 10.942318 16.722021
v -10.686085 11.080530 16.829178
v -10.943386 11.074627 16.703264
v -11.060129 11.068705 16.533972
v -11.339276 11.023937 16.239923
v -11.068483 11.415592 16.223473
v -11.146748 11.350636 16.240707
v -11.259435 11.366176 15.914591
v -11.415236 11.092386 15.912580
v -11.204016 11.352478 15.583286
v -11.344197 11.203822 15.665452
v -11.228027 11.191343 15.368682
v -11.040034 11.241378 15.407799
v -11.008844 11.161931 15.232641
v -10.820800 11.094448 15.291325
v -10.720232 11.042036 15.218352
v -10.579205 10.942515 15.321663
v -10.306917 10.995289 15.062916
v -10.228651 10.803190 15.245553
v -10.095918 10.900312 15.127766
v -9.996859 10.733056 15.377446
v -9.903506 10.827135 15.207050
v -11.182666 11.429834 15.932806
v -11.139020 11.399577 15.632108
v -11.019671 11.273663 15.464205
v -10.816328 11.111459 15.350283
v -10.805908 11.056950 15.396237
v -10.994556 11.240747 15.523548
v -11.095604 11.352610 15.673911
v -11.139874 11.403346 15.956875
v -11.024867 11.390006 16.210625
v -10.068797 10.568985 15.559299
v -10.356770 10.757436 15.363358
v -10.519089 10.494455 15.367195
v -10.669188 10.743178 15.358240
v -10.789796 10.935258 15.373353
v -10.914775 11.065396 15.457834
v -11.073495 11.172032 15.600266
v -11.186977 11.214039 15.799334
v -11.181028 11.247663 16.030254
v -11.069934 11.216912 16.215820
v -10.921981 11.197313 16.362617
v -10.752127 11.127104 16.419798
v -10.354897 10.357755 15.501356
v -10.123178 10.325655 15.648810
v -10.229171 10.047985 15.720062
v -10.832329 11.342958 16.378323
v -10.673139 11.295302 16.414795
v -10.597284 11.074242 16.402271
v -10.494909 11.129057 16.387922
v -10.464072 10.968118 16.363613
v -10.375982 10.840721 16.345299
v -10.325595 10.659871 16.289690
v -10.248445 10.424509 16.188698
v -10.208284 10.318316 15.988722
v -10.245214 10.056237 15.710032
v -9.993921 10.722550 15.378332
v -10.067234 10.562964 15.552526
v -9.901422 10.819456 15.209004
v -11.176371 11.370511 15.321555
v -11.333030 11.404218 15.518612
v -11.422019 11.420933 15.846976
v -11.436815 11.410953 16.105911
v -11.415691 11.386535 16.334713
v -11.295398 11.342499 16.526381
v -11.108541 11.301422 16.639532
v -10.914593 11.248125 16.779505
v -10.313657 10.989492 15.057742
v -10.489489 11.091569 15.066561
v -10.477702 11.093145 15.074184
v -10.098173 10.896730 15.123124
v -11.048778 11.013877 16.650557
v -10.968007 10.967288 16.851301
v -10.928709 11.028041 16.791887
v -10.025911 10.775349 16.244244
v -10.068543 10.841486 16.437374
v -10.249182 10.867344 16.375750
v -10.207895 10.829713 16.182209
v -9.996685 10.715837 16.116451
v -10.069101 10.845037 16.433681
v -10.032928 10.783525 16.262007
v -10.003549 10.727292 16.142286
v -9.841043 10.598676 16.046320
v -11.195842 11.183082 15.307467
v -11.025192 11.162325 15.149260
v -10.990246 11.136431 15.212892
v -10.775181 11.017507 15.205103
v -10.681290 11.215428 15.114552
v -10.996529 11.322032 15.215324
v -11.207792 11.270863 15.287878
v -10.680570 11.060364 16.917322
v -10.666477 11.178249 16.864233
v -10.441365 11.094743 16.843231
v -10.968933 11.249806 16.806068
v -10.141979 10.910375 16.591316
v -11.000952 11.321513 15.221242
v -10.690929 11.213469 15.124469
v -10.623150 11.174393 16.831978
v -10.404788 11.095380 16.798317
v -10.264581 11.011370 16.728294
v -10.700139 11.217677 15.115327
v -10.705936 10.996832 16.898933
v -10.470639 10.989318 16.850140
v -10.700979 11.038843 16.815369
v -10.556734 11.011993 16.748781
v -10.297668 10.896268 16.590807
v -10.284892 10.934802 16.751394
v -10.272811 11.016110 16.755358
v -10.143322 10.902223 16.607315
v -10.414696 11.090309 16.817701
v -10.256508 11.012065 16.735332
v -10.136761 10.901072 16.595753
vn 0.5140 -0.4108 -0.7530
vn 0.7451 -0.1622 -0.6470
vn 0.6450 -0.2316 -0.7282
vn 0.6025 -0.5471 -0.5811
vn 0.5972 -0.1427 -0.7893
vn 0.6439 0.2496 -0.7232
vn 0.7244 0.0026 -0.6894
vn 0.7809 -0.4766 -0.4037
vn 0.9175 -0.3756 -0.1304
vn 0.8601 0.2207 -0.4600
vn 0.8516 0.3715 -0.3698
vn 0.9819 -0.1855 0.0385
vn 0.8279 0.3820 -0.4106
vn 0.9524 -0.3039 0.0223
vn 0.9974 -0.0596 0.0416
vn 0.8502 -0.3632 -0.3812
vn -0.7131 0.1351 -0.6880
vn -0.1416 0.7740 -0.6172
vn -0.3954 0.8962 -0.2013
vn 0.8159 0.1406 -0.5609
vn 0.9760 -0.0559 -0.2104
vn 0.9578 -0.2045 -0.2020
vn 0.9127 -0.3989 0.0883
vn 0.7310 0.6758 -0.0946
vn 0.4489 0.7467 -0.4907
vn 0.6031 0.6673 0.4370
vn 0.0612 0.9452 0.3206
vn 0.1790 0.9151 0.3612
vn 0.5639 0.5723 -0.5954
vn 0.2805 0.9290 0.2416
vn 0.2857 0.9540 -0.0909
vn 0.0920 0.9905 -0.1020
vn 0.0835 -0.5581 0.8256
vn 0.4279 -0.8760 0.2225
vn 0.1292 -0.6208 0.7733
vn 0.3294 -0.6287 0.7045
vn 0.6591 -0.6724 0.3369
vn 0.9535 0.1292 0.2722
vn 0.6921 -0.6562 -0.3006
vn 0.6315 -0.6662 -0.3968
vn 0.6708 -0.4433 -0.5945
vn 0.8139 -0.4825 -0.3237
vn -0.3521 -0.9286 -0.1174
vn -0.1315 -0.9829 -0.1292
vn -0.3610 -0.9093 -0.2071
vn -0.1848 -0.9815 0.0501
vn 0.5593 -0.7694 -0.3085
vn -0.0334 -0.9686 0.2465
vn 0.7226 -0.2144 -0.6571
vn 0.5238 -0.8092 -0.2659
vn 0.3077 -0.9421 0.1333
vn 0.6538 -0.7508 0.0940
vn 0.8481 -0.4139 0.3307
vn 0.6204 -0.7740 0.1263
vn 0.2898 -0.9561 -0.0445
vn 0.1885 -0.9751 -0.1168
vn 0.4497 -0.8570 -0.2517
vn 0.2394 -0.9498 -0.2015
vn 0.3723 -0.9042 -0.2093
vn -0.1095 -0.9543 -0.2783
vn 0.5964 -0.7955 -0.1073
vn 0.9717 -0.2337 0.0353
vn 0.8082 -0.5756 -0.1246
vn -0.1871 -0.9444 -0.2703
vn 0.9977 -0.0578 -0.0368
vn 0.8594 0.4032 -0.3145
vn 0.6871 0.4352 -0.5818
vn 0.5135 0.2164 -0.8304
vn 0.9707 0.2344 -0.0523
vn 0.9773 0.1001 0.1867
vn 0.8749 -0.4683 0.1236
vn 0.3211 -0.9211 -0.2204
vn -0.7558 -0.5582 -0.3423
vn -0.7614 -0.6387 -0.1110
vn 0.2607 -0.9363 -0.2354
vn -0.6011 -0.7826 0.1621
vn 0.4592 -0.7836 -0.4185
vn 0.2125 -0.9161 -0.3400
vn -0.4222 -0.7718 0.4755
vn -0.0234 -0.8664 0.4989
vn 0.9383 -0.3180 -0.1360
vn 0.8252 -0.5645 0.0194
vn 0.9258 -0.0495 -0.3748
vn 0.7410 -0.0090 -0.6714
vn 0.4787 -0.2057 -0.8535
vn 0.3497 -0.8594 -0.3731
vn 0.4530 -0.1088 -0.8849
vn 0.4876 -0.4633 -0.7401
vn 0.4199 -0.9076 0.0026
vn 0.5620 -0.4274 0.7082
vn 0.5087 -0.5155 0.6896
vn 0.0725 -0.8782 0.4727
vn -0.8550 -0.4012 0.3285
vn 0.3576 -0.8980 0.2563
vn 0.0398 -0.9858 0.1632
vn 0.0131 -0.9119 0.4103
vn 0.3408 -0.8335 0.4349
vn -0.6485 -0.1133 -0.7527
vn -0.6131 0.0869 -0.7852
vn -0.6964 0.0602 -0.7152
vn -0.5837 0.1766 -0.7925
vn -0.7612 -0.2888 -0.5806
vn -0.6123 -0.3569 -0.7055
vn -0.4612 -0.2202 -0.8595
vn -0.4073 -0.0661 -0.9109
vn -0.1597 -0.2515 -0.9546
vn -0.0403 -0.2148 -0.9758
vn 0.1580 -0.3958 -0.9046
vn 0.2810 -0.4180 -0.8639
vn 0.5442 -0.5880 -0.5984
vn 0.5955 -0.5413 -0.5937
vn 0.8339 -0.4756 -0.2801
vn 0.8552 -0.4885 -0.1730
vn 0.9395 -0.3356 0.0692
vn 0.9044 -0.3978 0.1544
vn 0.8695 -0.2716 0.4125
vn 0.8010 -0.4222 0.4244
vn 0.7075 -0.3514 0.6131
vn 0.7684 -0.1614 0.6193
vn 0.6997 -0.1949 0.6874
vn 0.7979 -0.0794 0.5976
vn 0.6282 -0.5642 0.5357
vn 0.5235 -0.6922 0.4967
vn 0.7592 -0.6026 0.2460
vn 0.6374 -0.7699 -0.0319
vn 0.1558 -0.9321 -0.3268
vn -0.0729 -0.6823 -0.7274
vn -0.3093 -0.4511 -0.8372
vn -0.5838 -0.5162 -0.6267
vn -0.3861 -0.7795 -0.4933
vn -0.5397 -0.6913 -0.4804
vn -0.5345 -0.8189 -0.2092
vn -0.3271 -0.9191 -0.2197
vn -0.4789 -0.8673 -0.1360
vn -0.7672 -0.1831 -0.6147
vn -0.8070 -0.2174 -0.5491
vn -0.4062 -0.4858 0.7739
vn -0.3062 -0.9441 0.1226
vn -0.1118 -0.9909 -0.0755
vn -0.0713 -0.9376 0.3403
vn 0.2803 0.3220 0.9043
vn 0.4959 0.7344 0.4634
vn 0.7313 0.6557 0.1880
vn 0.2493 0.1892 0.9498
vn 0.1238 -0.2918 0.9484
vn 0.1917 0.1057 0.9757
vn 0.2574 -0.6283 0.7342
vn 0.0455 -0.7507 0.6591
vn 0.0243 -0.3424 0.9392
vn -0.1674 -0.3650 0.9158
vn -0.2508 -0.8218 0.5116
vn -0.4629 -0.3954 0.7933
vn -0.6462 -0.3924 0.6545
vn -0.6734 -0.6526 0.3473
vn -0.8608 -0.3087 0.4046
vn -0.9316 -0.2540 0.2600
vn -0.7237 -0.6830 -0.0985
vn -0.9945 -0.0929 0.0491
vn -0.7890 -0.5039 -0.3515
vn -0.7704 -0.5292 -0.3556
vn 0.1252 0.3964 0.9095
vn 0.2907 0.8848 0.3642
vn 0.0047 0.5062 0.8624
vn -0.2421 0.6550 0.7158
vn 0.2765 0.9590 -0.0620
vn -0.4765 0.7059 0.5241
vn -0.1743 0.9844 0.0248
vn -0.6126 0.6822 0.3991
vn -0.7418 0.6511 0.1606
vn -0.2005 0.9796 -0.0114
vn -0.7099 0.6982 0.0929
vn 0.0657 0.9977 0.0133
vn -0.9884 0.0178 -0.1506
vn -0.7605 -0.5564 -0.3347
vn -0.7079 0.1380 -0.6927
vn -0.9885 -0.1249 -0.0847
vn -0.7664 -0.6340 -0.1035
vn -0.9743 -0.1719 0.1457
vn -0.9202 0.3760 -0.1085
vn -0.9593 0.2814 -0.0251
vn -0.7961 0.4901 -0.3551
vn -0.1280 0.7815 -0.6107
vn -0.8070 0.5740 -0.1388
vn -0.4011 0.8960 -0.1906
vn -0.8015 0.5844 0.1265
vn -0.6971 0.6631 0.2726
vn 0.0759 0.9930 -0.0909
vn -0.4895 0.6957 0.5257
vn 0.2685 0.9606 -0.0714
vn -0.2899 0.6478 0.7046
vn 0.2686 0.9273 0.2607
vn -0.0767 0.5297 0.8447
vn 0.1759 0.9098 0.3760
vn -0.0659 0.5787 0.8129
vn 0.0678 0.9425 0.3273
vn 0.6253 0.6359 0.4522
vn -0.9060 -0.2633 0.3314
vn -0.6059 -0.7789 0.1616
vn -0.7036 -0.2530 0.6640
vn -0.6083 -0.3603 0.7073
vn -0.4262 -0.7702 0.4745
vn -0.2869 -0.3290 0.8997
vn -0.0239 -0.8746 0.4843
vn 0.1499 -0.6401 0.7536
vn -0.1516 -0.2091 0.9661
vn 0.1289 -0.5986 0.7906
vn 0.3212 -0.6616 0.6776
vn 0.6426 -0.3585 -0.6771
vn 0.6976 -0.1868 -0.6917
vn 0.4145 -0.3992 -0.8178
vn 0.2107 -0.4732 -0.8554
vn 0.3919 -0.7755 -0.4950
vn 0.0880 -0.7016 -0.7071
vn 0.6007 -0.4664 -0.6493
vn 0.3694 -0.2073 -0.9059
vn 0.0954 -0.2607 -0.9607
vn 0.2492 -0.2582 -0.9334
vn 0.7926 -0.5581 -0.2456
vn 0.5862 -0.7952 -0.1550
vn 0.8431 -0.5376 -0.0086
vn 0.1517 -0.9408 -0.3030
vn -0.1561 -0.9050 -0.3957
vn -0.0956 -0.6049 -0.7905
vn -0.3709 -0.8015 -0.4692
vn -0.2428 -0.5471 -0.8011
vn -0.0400 -0.3763 -0.9256
vn 0.0155 -0.4159 -0.9093
vn -0.1921 -0.9814 0.0065
vn 0.2029 -0.9788 0.0283
vn 0.6531 -0.7532 0.0792
vn 0.8566 -0.5099 0.0784
vn 0.9220 -0.3800 -0.0742
vn 0.8957 -0.4443 0.0188
vn 0.8670 -0.4880 -0.1008
vn 0.8320 -0.5544 0.0217
vn 0.7823 -0.5862 0.2106
vn 0.6561 -0.7119 0.2505
vn 0.2673 -0.9199 0.2870
vn -0.1403 -0.9695 0.2012
vn -0.3617 -0.9302 -0.0630
vn 0.2945 -0.8569 0.4230
vn 0.5719 -0.7262 0.3816
vn 0.6316 -0.6821 0.3685
vn 0.7162 -0.6542 0.2431
vn 0.4995 -0.7456 0.4411
vn 0.5922 -0.7087 0.3835
vn 0.2526 -0.6565 0.7108
vn 0.2470 -0.7526 0.6104
vn 0.4338 -0.6043 0.6684
vn 0.3017 -0.7302 0.6130
vn 0.9772 -0.0692 -0.2008
vn 0.9654 0.0881 -0.2454
vn 0.9415 -0.1604 -0.2963
vn 0.9230 0.0025 -0.3847
vn 0.9329 -0.3050 -0.1915
vn 0.9815 -0.0743 -0.1764
vn 0.9757 -0.1297 -0.1764
vn 0.9675 -0.1167 -0.2242
vn 0.8040 -0.5665 -0.1807
vn 0.9624 -0.2717 0.0072
vn 0.8254 -0.5638 -0.0292
vn 0.5331 -0.7200 -0.4442
vn 0.5288 -0.8376 -0.1372
vn 0.8155 -0.0772 -0.5736
vn 0.7002 -0.2541 -0.6672
vn 0.6381 -0.6756 -0.3692
vn 0.6965 -0.7008 0.1539
vn 0.9231 -0.3400 0.1796
vn 0.4795 -0.8681 -0.1288
vn -0.4887 -0.6689 -0.5601
vn 0.2249 -0.9473 -0.2280
vn 0.6413 -0.7301 0.2359
vn 0.8191 -0.4917 0.2954
vn 0.7705 -0.3143 0.5546
vn 0.9152 0.0240 0.4023
vn 0.9616 0.0265 0.2732
vn 0.3699 -0.9127 -0.1740
vn 0.1737 -0.9234 -0.3422
vn 0.5522 -0.8014 0.2296
vn 0.6616 -0.5095 0.5501
vn -0.6252 -0.7785 0.0558
vn -0.5712 -0.7530 -0.3266
vn 0.4719 -0.8739 0.1165
vn 0.8502 -0.4895 0.1938
vn 0.9572 -0.0577 0.2836
vn 0.9343 0.1945 0.2987
vn 0.9634 0.1913 0.1877
vn 0.9575 0.1596 0.2400
vn 0.0429 -0.9754 -0.2164
vn 0.1485 -0.8930 0.4249
vn 0.1204 -0.9848 0.1249
vn 0.7884 -0.5969 0.1488
vn 0.9801 -0.1758 0.0918
vn 0.9600 0.1992 -0.1968
vn 0.9291 0.3274 -0.1723
vn 0.6897 0.3633 -0.6263
vn 0.6813 0.4216 -0.5984
vn 0.6932 0.3814 -0.6116
vn -0.5432 -0.7526 -0.3722
vn -0.1331 -0.7905 -0.5978
vn -0.3047 -0.9205 -0.2445
vn 0.2659 -0.8700 -0.4153
vn 0.4328 -0.9015 -0.0018
vn 0.7578 -0.6168 -0.2128
vn 0.9607 -0.1513 -0.2325
vn 0.7005 -0.1156 -0.7043
vn 0.2639 0.2955 -0.9182
vn 0.2394 -0.0402 -0.9701
vn -0.0781 -0.0166 -0.9968
vn 0.1284 -0.5085 -0.8514
vn -0.2141 -0.4276 -0.8783
vn 0.4812 -0.6523 -0.5857
vn -0.1089 0.3431 -0.9330
vn -0.2320 0.1087 -0.9666
vn -0.2132 -0.3158 -0.9246
vn -0.2243 -0.7314 -0.6440
vn 0.1581 -0.8888 0.4302
vn -0.2301 -0.8403 0.4910
vn -0.5532 -0.2679 -0.7888
vn -0.3005 -0.6225 -0.7226
vn 0.0290 -0.8442 -0.5353
vn 0.1723 -0.6163 -0.7684
vn -0.2218 -0.5185 -0.8258
vn -0.1670 -0.1115 -0.9796
vn 0.0070 -0.7784 -0.6278
vn 0.3996 -0.8117 0.4260
vn 0.0880 -0.9185 -0.3855
vn -0.2829 -0.3232 -0.9031
vn -0.1782 0.1927 -0.9649
vn -0.1984 0.3574 -0.9126
vn -0.1501 0.3511 -0.9242
vn 0.2602 0.4301 -0.8645
vn 0.2319 0.3770 -0.8967
vn -0.0513 -0.4243 -0.9041
vn 0.3306 -0.6915 -0.6423
vn 0.0022 -0.7425 -0.6698
vn -0.2901 -0.5570 -0.7782
vn -0.5337 -0.1083 -0.8387
vn -0.3054 0.2095 -0.9289
vn -0.2255 0.4415 -0.8685
vn -0.2586 0.3843 -0.8862
vn -0.2460 0.2793 -0.9282
vn -0.3423 0.3506 -0.8717
vn -0.0792 0.1511 -0.9853
vn -0.4030 0.4762 -0.7815
vn -0.5378 0.2695 -0.7988
vn -0.5022 0.1555 -0.8507
vn -0.4262 -0.0717 -0.9018
vn 0.0875 0.0529 -0.9948
vn 0.1125 -0.0476 -0.9925
vn 0.4340 -0.1836 -0.8820
vn 0.2903 -0.0077 -0.9569
vn 0.2737 -0.1926 -0.9423
vn -0.1328 0.0302 -0.9907
vn 0.2288 0.0082 -0.9734
vn 0.3130 -0.2558 -0.9147
vn 0.4155 -0.1412 -0.8986
vn 0.2616 -0.2241 -0.9388
vn 0.0833 -0.2768 -0.9573
vn 0.1284 -0.2505 -0.9596
vn -0.5420 -0.2066 -0.8146
vn -0.5651 -0.3338 -0.7545
vn -0.6984 -0.1767 -0.6935
vn -0.4684 -0.5017 -0.7272
vn -0.6610 -0.1276 -0.7395
vn -0.8522 -0.2418 -0.4640
vn -0.3834 -0.9232 0.0259
vn -0.1434 -0.9251 0.3516
vn -0.3813 -0.9240 0.0276
vn -0.7605 -0.2847 -0.5835
vn 0.3390 -0.0914 -0.9363
vn 0.1781 -0.1339 -0.9749
vn -0.0092 -0.2624 -0.9649
vn -0.0391 -0.2925 -0.9555
vn -0.6514 -0.0554 -0.7567
vn -0.5316 -0.1814 -0.8274
vn -0.6947 -0.0370 -0.7184
vn -0.3840 -0.0946 -0.9185
vn -0.6098 -0.1390 -0.7803
vn -0.3816 0.1570 -0.9109
vn -0.5532 0.1043 -0.8265
vn -0.6134 -0.1374 -0.7777
vn -0.3855 0.1580 -0.9091
vn -0.9675 0.1765 0.1808
vn -0.1968 -0.2794 -0.9398
vn -0.1003 -0.1831 -0.9780
vn -0.3579 -0.2021 -0.9116
vn -0.2675 -0.0686 -0.9611
vn -0.3954 -0.0929 -0.9138
vn -0.5246 -0.0259 -0.8510
vn -0.6311 0.0171 -0.7755
vn -0.6006 -0.0138 -0.7994
vn -0.4743 0.0097 -0.8803
vn -0.4745 0.0003 -0.8802
vn -0.3809 0.0249 -0.9243
vn -0.3318 0.0453 -0.9423
vn -0.2290 0.0923 -0.9690
vn -0.0472 -0.1081 -0.9930
vn -0.0604 0.0742 -0.9954
vn -0.3795 0.0341 -0.9246
vn -0.2835 -0.0247 -0.9586
vn -0.2461 0.0393 -0.9684
vn -0.3527 0.0117 -0.9357
vn -0.2387 -0.2069 -0.9488
vn -0.2321 0.0932 -0.9682
vn -0.2060 -0.1310 -0.9697
vn -0.0240 -0.6803 -0.7325
vn -0.0176 -0.4004 -0.9162
vn 0.0382 -0.4385 -0.8979
vn 0.0661 -0.0210 -0.9976
vn -0.0522 -0.0547 -0.9971
vn -0.0242 0.1210 -0.9924
vn 0.0334 0.1575 -0.9870
vn 0.0819 0.0685 -0.9943
vn 0.3334 0.2352 -0.9130
vn 0.0871 -0.1481 -0.9851
vn 0.3083 -0.2677 -0.9128
vn 0.0549 0.0841 -0.9949
vn 0.4607 0.2006 -0.8646
vn 0.6260 -0.1391 -0.7673
vn 0.4850 -0.5225 -0.7013
vn 0.6760 -0.4512 -0.5826
vn 0.6902 -0.2541 -0.6775
vn 0.6533 0.2254 -0.7228
vn 0.6179 0.1502 -0.7718
vn 0.4708 0.4040 -0.7843
vn 0.4905 0.2215 -0.8428
vn 0.3970 0.0618 -0.9157
vn 0.2739 -0.0105 -0.9617
vn -0.0009 -0.0733 -0.9973
vn 0.7076 0.5545 -0.4379
vn -0.1706 0.9850 0.0245
vn -0.1984 0.9801 -0.0106
vn 0.7670 0.2302 -0.5990
vn 0.7750 -0.1814 -0.6054
vn 0.6295 0.0022 -0.7770
vn 0.3097 0.3929 -0.8659
vn 0.0613 0.5902 -0.8049
vn 0.2953 0.4197 -0.8583
vn 0.3856 0.1155 -0.9154
vn 0.5895 0.1688 -0.7899
vn 0.6224 0.7266 -0.2912
vn 0.2258 0.7623 -0.6066
vn -0.1864 0.6739 -0.7149
vn 0.0660 0.9977 0.0151
vn 0.2147 0.0616 -0.9747
vn -0.2187 0.3081 -0.9259
vn 0.0845 0.3463 -0.9343
vn 0.3564 0.1087 -0.9280
vn 0.1527 -0.1019 -0.9830
vn -0.1049 -0.2232 -0.9691
vn -0.3274 -0.1987 -0.9238
vn -0.2421 0.2028 -0.9488
vn -0.1353 0.2834 -0.9494
vn -0.1470 0.1755 -0.9734
vn -0.1498 0.3220 -0.9348
vn 0.2081 0.2587 -0.9433
vn 0.1206 0.3608 -0.9248
vn 0.6662 0.3610 -0.6526
vn 0.7482 0.2224 -0.6251
vn 0.9755 0.2111 -0.0612
vn 0.9568 0.2491 -0.1498
vn 0.9597 0.1083 0.2593
vn 0.9424 0.0533 0.3303
vn 0.9743 0.0805 0.2106
vn 0.9907 -0.0530 0.1252
vn 0.9823 0.1867 -0.0155
vn 0.9617 -0.1274 -0.2428
vn 0.9414 0.0085 -0.3373
vn 0.8728 -0.2148 -0.4383
vn 0.9193 -0.1805 -0.3498
vn 0.8994 -0.3166 -0.3014
vn 0.9180 -0.3592 -0.1678
vn 0.9089 -0.3973 -0.1267
vn 0.9002 -0.4353 0.0122
vn 0.9500 -0.2445 -0.1940
vn 0.9201 -0.3912 -0.0218
vn 0.9331 0.0240 -0.3588
vn 0.9263 0.3097 -0.2147
vn 0.8931 0.4476 0.0451
vn 0.8576 0.3348 -0.3905
vn 0.8829 0.1459 -0.4464
vn 0.8039 0.1102 -0.5845
vn 0.9224 -0.0372 -0.3844
vn 0.8987 0.1154 -0.4230
vn 0.9957 -0.0825 -0.0414
vn 0.9498 0.1179 -0.2899
vn 0.7496 -0.4324 0.5011
vn 0.8095 -0.4419 0.3864
vn 0.7726 -0.3920 0.4994
vn 0.8565 -0.3871 0.3413
vn 0.6839 -0.3713 0.6280
vn 0.7221 -0.2996 0.6236
vn 0.8222 -0.2556 0.5086
vn 0.8735 -0.2945 0.3878
vn 0.9001 -0.1947 0.3897
vn 0.9498 -0.1729 0.2608
vn 0.9271 -0.2624 0.2677
vn 0.9735 -0.2284 -0.0130
vn 0.9546 -0.1219 -0.2719
vn 0.9400 -0.3308 0.0835
vn 0.8802 -0.4377 0.1836
vn 0.6852 -0.2927 0.6669
vn 0.5217 -0.8000 0.2963
vn 0.8758 -0.3313 0.3511
vn 0.7548 -0.2374 0.6115
vn 0.8539 -0.2341 0.4649
vn 0.9284 -0.2431 0.2812
vn 0.9998 -0.0189 -0.0046
vn 0.9930 -0.0917 -0.0747
vn 0.9812 -0.1808 -0.0679
vn 0.8322 -0.5510 -0.0626
vn 0.8908 -0.4099 0.1963
vn 0.9472 -0.0686 0.3132
vn 0.3921 -0.6797 0.6200
vn -0.6288 0.5839 0.5135
vn 0.6183 -0.5867 0.5229
vn 0.8047 -0.4408 0.3978
vn 0.8623 -0.3264 0.3873
vn 0.9024 -0.2147 0.3735
vn 0.9262 -0.2902 0.2406
vn 0.9629 -0.1228 0.2402
vn 0.9750 -0.1443 0.1690
vn 0.9113 -0.2166 0.3503
vn 0.9606 -0.1249 0.2483
vn 0.9975 -0.0357 0.0605
vn 0.9757 -0.2061 0.0741
vn 0.9243 -0.3381 0.1770
vn 0.8167 -0.5748 -0.0508
vn 0.9089 -0.3517 -0.2241
vn 0.9805 -0.0335 -0.1935
vn 0.9802 0.0221 -0.1970
vn 0.8995 -0.1383 -0.4145
vn 0.7684 -0.4784 -0.4250
vn 0.6858 -0.6252 -0.3726
vn 0.4345 -0.8850 -0.1671
vn 0.7122 -0.6799 -0.1749
vn 0.6017 -0.7961 0.0656
vn 0.8499 -0.5258 -0.0344
vn 0.8514 -0.4373 0.2897
vn 0.9976 -0.0506 0.0466
vn 0.9748 -0.1361 -0.1765
vn 0.8998 -0.1363 -0.4144
vn 0.8338 -0.2641 -0.4848
vn 0.8220 -0.4298 -0.3735
vn 0.8455 -0.4349 -0.3097
vn 0.8364 -0.3838 -0.3914
vn 0.8833 -0.3645 -0.2949
vn 0.9515 -0.3046 0.0443
vn 0.9225 -0.1346 -0.3617
vn 0.9859 0.0681 -0.1528
vn 0.9248 -0.1854 -0.3323
vn 0.8565 -0.1731 -0.4863
vn 0.8439 -0.2345 -0.4825
vn 0.8478 -0.2362 -0.4749
vn 0.8431 -0.3073 -0.4414
vn 0.7745 -0.3340 -0.5373
vn 0.6492 -0.3056 -0.6965
vn 0.6620 -0.2635 -0.7017
vn 0.7098 -0.0506 -0.7026
vn 0.3797 -0.0434 -0.9241
vn 0.6666 -0.2443 -0.7042
vn 0.7898 -0.2247 -0.5708
vn 0.8452 -0.2133 -0.4901
vn 0.8340 -0.2441 -0.4948
vn 0.8072 -0.2535 -0.5330
vn 0.7089 -0.1132 -0.6961
vn 0.8173 -0.1933 -0.5428
vn 0.6912 -0.1471 -0.7075
vn 0.4964 -0.2817 -0.8211
vn 0.5471 -0.1785 -0.8178
vn 0.5296 -0.1399 -0.8366
vn 0.5094 -0.2002 -0.8369
vn 0.4899 -0.0975 -0.8663
vn 0.4612 -0.1646 -0.8719
vn 0.4083 -0.0487 -0.9115
vn 0.3198 -0.0753 -0.9445
vn 0.1740 0.0108 -0.9847
vn 0.2217 0.1496 -0.9636
vn -0.0279 0.1294 -0.9912
vn -0.0363 0.1499 -0.9880
vn 0.2116 0.0996 -0.9723
vn 0.1829 -0.2124 -0.9599
vn -0.0794 -0.0087 -0.9968
vn -0.0311 -0.4174 -0.9082
vn 0.4549 -0.1934 -0.8693
vn 0.3261 -0.3362 -0.8835
vn 0.2779 -0.5436 -0.7920
vn 0.4586 -0.1641 -0.8734
vn 0.4069 -0.0498 -0.9121
vn 0.3538 -0.3980 -0.8464
vn 0.1336 -0.7636 -0.6317
vn 0.0909 -0.6936 -0.7146
vn 0.0301 -0.9105 -0.4124
vn -0.0583 -0.9257 -0.3737
vn 0.0060 -0.8268 -0.5625
vn -0.1175 -0.8707 -0.4775
vn -0.1670 -0.6571 -0.7351
vn 0.0857 -0.5609 -0.8234
vn -0.0079 -0.3831 -0.9237
vn 0.0483 -0.8428 -0.5361
vn -0.0604 -0.9969 -0.0504
vn -0.2335 -0.9723 -0.0028
vn -0.4114 -0.8984 -0.1534
vn -0.2779 -0.8313 -0.4814
vn 0.1494 -0.7290 -0.6680
vn 0.6835 -0.2093 -0.6993
vn 0.1911 -0.6938 -0.6944
vn -0.1061 -0.9796 0.1709
vn 0.0225 -0.9814 0.1906
vn 0.0980 -0.9935 -0.0582
vn -0.2192 -0.6257 -0.7487
vn -0.1913 -0.5984 -0.7781
vn 0.5153 -0.4219 -0.7460
vn 0.2558 -0.3934 -0.8830
vn 0.1946 -0.5723 -0.7966
vn -0.2984 -0.2251 -0.9275
vn -0.0309 -0.1249 -0.9917
vn 0.2582 -0.2659 -0.9288
vn 0.3516 -0.2997 -0.8869
vn 0.2838 -0.5977 -0.7498
vn -0.3295 -0.7317 -0.5967
vn -0.4275 -0.5147 -0.7432
vn -0.2566 0.2735 -0.9270
vn -0.5156 -0.6765 -0.5259
vn -0.7623 -0.5324 -0.3681
vn -0.7886 -0.5029 -0.3538
vn 0.8655 0.1702 -0.4711
vn 0.6624 0.4387 -0.6072
vn 0.8674 -0.1580 -0.4718
vn 0.6583 -0.4857 -0.5750
vn -0.1451 -0.7981 -0.5848
vn -0.7287 -0.6782 -0.0950
vn 0.2228 -0.8322 -0.5078
vn 0.8177 -0.2499 -0.5186
vn 0.6712 0.0021 -0.7412
vn 0.3957 0.4816 -0.7820
vn 0.3727 0.0408 -0.9270
vn 0.2723 -0.7513 -0.6012
vn 0.1707 -0.9085 -0.3814
vn -0.6745 -0.6520 0.3463
vn -0.2505 -0.8251 0.5065
vn 0.0604 -0.9043 -0.4225
vn 0.0401 -0.7550 0.6545
vn 0.0540 -0.8723 -0.4860
vn 0.2503 -0.6349 0.7310
vn 0.6430 -0.3107 0.7000
vn 0.4931 -0.0686 -0.8673
vn 0.7234 0.6638 0.1897
vn 0.4309 0.4388 -0.7885
vn -0.0592 -0.1287 -0.9899
vn -0.0444 -0.0069 -0.9990
vn 0.0923 -0.1748 -0.9803
vn 0.1123 0.3757 -0.9199
vn -0.1427 0.2863 -0.9474
vn -0.1005 -0.3980 -0.9119
vn -0.1867 -0.2801 -0.9416
vn 0.1284 0.1143 -0.9851
vn 0.0451 -0.9987 0.0242
vn 0.0880 -0.2235 -0.9707
vn 0.3291 -0.3901 -0.8599
vn 0.2789 0.9582 -0.0632
vn 0.6901 0.0214 -0.7234
vn 0.5129 0.3055 -0.8022
vn 0.2927 0.8850 0.3621
vn 0.4489 0.4542 -0.7696
vn 0.4931 0.7389 0.4592
vn -0.7168 -0.5607 -0.4145
vn -0.8067 -0.4676 -0.3613
vn -0.7437 -0.3898 -0.5432
vn -0.5818 -0.5273 -0.6192
vn -0.7133 -0.5842 -0.3872
vn -0.0836 -0.2548 -0.9634
vn 0.1990 -0.0993 -0.9749
vn 0.0131 0.1118 -0.9936
vn -0.4426 -0.4320 -0.7858
vn 0.0708 -0.4942 -0.8665
vn 0.1272 -0.1091 -0.9859
vn 0.1240 -0.2561 -0.9587
vn 0.1593 -0.0356 -0.9866
vn 0.2588 -0.1317 -0.9569
vn 0.2157 0.0481 -0.9753
vn 0.4016 -0.0013 -0.9158
vn 0.4655 -0.1279 -0.8758
vn 0.5760 -0.0875 -0.8128
vn 0.5267 -0.1957 -0.8272
vn 0.6341 -0.3078 -0.7093
vn 0.8413 -0.0466 -0.5385
vn 0.5309 -0.3752 -0.7599
vn 0.7323 -0.0692 -0.6774
vn 0.6375 -0.3308 -0.6958
vn 0.5070 -0.6676 -0.5452
vn -0.1969 -0.4203 -0.8858
vn 0.0108 -0.3110 -0.9504
vn 0.1139 -0.3185 -0.9410
vn -0.3923 -0.5540 -0.7342
vn -0.3716 -0.5186 -0.7700
vn -0.2314 -0.4864 -0.8425
vn -0.3935 -0.5676 -0.7232
vn -0.4721 -0.5962 -0.6494
vn 0.8890 -0.2871 -0.3567
vn 0.8839 -0.3974 -0.2466
vn 0.6097 -0.4582 -0.6468
vn 0.7029 -0.1836 -0.6872
vn 0.6995 -0.6872 -0.1962
vn 0.7523 -0.4908 -0.4396
vn 0.4460 -0.8645 -0.2316
vn 0.4225 -0.7370 -0.5276
vn 0.2375 -0.8977 -0.3710
vn 0.1789 -0.7386 -0.6500
vn 0.8556 -0.3721 -0.3600
vn 0.9446 -0.3071 -0.1160
vn 0.7715 0.2044 -0.6026
vn 0.9293 0.2865 -0.2329
vn 0.9514 0.1019 0.2907
vn 0.9514 -0.0181 0.3074
vn 0.9759 -0.0159 0.2175
vn 0.7843 -0.0251 -0.6199
vn 0.5775 -0.7853 -0.2233
vn 0.8974 0.2631 0.3541
vn 0.8117 0.2514 0.5272
vn 0.7880 0.0628 0.6124
vn 0.8688 0.0652 0.4909
vn 0.8945 -0.0553 0.4437
vn 0.9109 0.1879 0.3673
vn 0.8917 0.1479 0.4277
vn 0.9650 -0.0473 0.2579
vn 0.9589 -0.2069 -0.1942
vn 0.9811 -0.1012 -0.1651
vn 0.8447 -0.2593 -0.4683
vn 0.9437 -0.0897 -0.3185
vn 0.9191 -0.2586 -0.2972
vn 0.8685 -0.3408 -0.3599
vn 0.9163 -0.3677 -0.1586
vn -0.4613 0.3266 -0.8250
vn 0.6585 -0.5457 0.5183
vn 0.6241 -0.4198 0.6590
vn 0.7369 -0.4366 0.5160
vn 0.3872 -0.4653 0.7960
vn -0.0091 -0.8617 0.5073
vn 0.8045 -0.4419 0.3968
vn 0.9004 -0.4139 0.1336
vn 0.6599 -0.7211 0.2112
vn 0.8616 -0.3281 0.3872
vn 0.9260 -0.2913 0.2402
vn 0.9237 -0.3709 0.0955
vn 0.9361 -0.3517 0.0094
vn 0.9652 -0.2329 -0.1185
vn 0.9937 -0.1083 -0.0299
vn 0.9816 0.1316 -0.1382
vn 0.9977 0.0672 0.0093
vn 0.9289 0.3040 -0.2114
vn 0.8348 0.4292 -0.3448
vn 0.8603 0.1901 -0.4731
vn 0.7807 0.3310 -0.5300
vn 0.7804 0.4443 -0.4400
vn 0.8433 0.4496 -0.2945
vn 0.6180 -0.5871 0.5229
vn 0.2812 -0.7901 0.5447
vn 0.3914 -0.6794 0.6207
vn 0.4227 -0.6568 0.6244
vn 0.5705 -0.6842 0.4544
vn 0.2649 -0.2868 0.9207
vn 0.1338 -0.1783 0.9748
vn 0.2443 -0.1220 0.9620
vn 0.3971 -0.2615 0.8797
vn 0.2455 -0.2362 0.9402
vn 0.0706 -0.1754 0.9820
vn 0.1518 -0.2348 0.9601
vn -0.1173 -0.0962 0.9884
vn -0.0904 -0.1287 0.9876
vn -0.4240 -0.0362 0.9050
vn -0.5134 -0.0426 0.8571
vn -0.6287 -0.0194 0.7774
vn -0.7024 0.0293 0.7111
vn -0.4160 -0.3753 -0.8283
vn -0.3527 -0.1794 -0.9184
vn -0.5043 -0.2674 -0.8211
vn -0.1866 -0.2947 -0.9372
vn -0.1520 -0.6214 -0.7686
vn 0.0937 -0.2563 -0.9620
vn -0.0453 -0.1075 -0.9932
vn 0.1349 -0.1740 -0.9755
vn 0.1422 -0.1714 -0.9749
vn 0.2156 -0.0257 -0.9761
vn 0.0926 0.1028 -0.9904
vn 0.4313 0.3358 -0.8374
vn 0.0954 0.1004 -0.9904
vn 0.2193 -0.0287 -0.9752
vn 0.2841 0.2262 -0.9317
vn 0.4542 0.3640 -0.8132
vn 0.3889 0.4324 -0.8135
vn 0.6062 0.3840 -0.6965
vn 0.7810 0.3311 -0.5295
vn 0.8431 0.4497 -0.2949
vn -0.5247 -0.2903 -0.8003
vn -0.5934 -0.3396 -0.7297
vn -0.6072 -0.1339 -0.7832
vn -0.6181 -0.2623 -0.7410
vn -0.7306 -0.4121 -0.5444
vn -0.9677 0.1763 0.1803
vn -0.7382 -0.4158 -0.5313
vn -0.6203 -0.2644 -0.7384
vn -0.9274 -0.3334 0.1699
vn -0.9641 -0.1709 -0.2033
vn -0.9423 -0.0236 -0.3338
vn -0.9929 -0.0082 -0.1188
vn -0.9407 -0.0061 0.3393
vn -0.9749 -0.0354 0.2200
vn -0.7057 -0.1552 0.6913
vn -0.8958 0.0643 0.4397
vn -0.7050 -0.1556 0.6919
vn -0.9405 -0.0066 0.3397
vn -0.8354 0.0298 0.5488
vn -0.6559 -0.0779 0.7508
vn -0.6293 -0.0186 0.7770
vn -0.7031 0.0295 0.7105
vn 0.7684 -0.5425 0.3394
vn 0.9144 -0.2143 0.3434
vn 0.9985 -0.0279 -0.0475
vn 0.1511 0.0468 -0.9874
vn 0.0936 0.1014 -0.9904
vn 0.2834 0.2263 -0.9319
vn 0.3858 0.0339 -0.9220
vn 0.5322 0.1121 -0.8391
vn 0.5430 0.0460 -0.8385
vn 0.7005 0.0255 -0.7132
vn 0.7801 0.3308 -0.5310
vn 0.8595 0.1905 -0.4742
vn 0.8359 -0.0236 -0.5484
vn 0.9226 -0.0657 -0.3802
vn 0.9635 0.0149 -0.2673
vn 0.9830 -0.1093 -0.1477
vn 0.9985 -0.0533 -0.0107
vn 0.9903 -0.1236 0.0638
vn 0.9937 -0.1072 -0.0313
vn -0.5723 -0.7533 0.3241
vn -0.8817 -0.3735 -0.2884
vn -0.6718 -0.3526 -0.6515
vn -0.5050 -0.2415 0.8287
vn -0.4912 0.0801 0.8673
vn -0.6401 0.0362 -0.7674
vn -0.9681 0.1756 0.1787
vn -0.4101 -0.4827 0.7738
vn -0.5128 -0.2447 0.8229
vn 0.1454 -0.8690 0.4730
vn -0.1451 -0.9240 0.3538
vn -0.3815 -0.9239 0.0307
vn -0.4760 -0.5013 -0.7226
vn -0.3769 -0.8125 -0.4448
vn -0.1892 -0.4022 -0.8958
vn -0.5128 -0.2370 -0.8251
vn -0.4164 -0.1159 -0.9018
vn -0.3795 -0.1813 -0.9072
vn -0.5822 -0.1188 -0.8043
vn -0.4264 -0.1344 -0.8945
vn -0.2428 0.3387 -0.9090
vn -0.0839 0.8781 0.4711
vn -0.3842 0.1582 -0.9096
vn -0.3912 -0.0934 -0.9155
vn -0.6171 -0.1270 -0.7765
vn -0.2802 0.0339 -0.9594
vn -0.4767 -0.5003 -0.7228
vn -0.4764 -0.5004 -0.7229
vn -0.3280 -0.1322 -0.9354
vn -0.4984 0.4604 -0.7346
vn -0.6204 0.4622 -0.6336
vn -0.4581 0.0969 -0.8836
vn -0.4805 0.1089 -0.8702
vn -0.5129 0.6857 -0.5166
vn -0.0090 -0.8620 0.5069
vn -0.6215 -0.7268 -0.2925
vn 0.0708 -0.8799 0.4698
vn 0.5232 -0.8006 0.2921
vn 0.2826 -0.9354 0.2127
vn 0.8035 -0.5879 0.0936
vn 0.7615 -0.4742 0.4420
vn 0.8907 -0.3593 0.2784
vn 0.8007 0.2201 0.5572
vn 0.9457 -0.1947 0.2604
vn 0.8766 -0.3313 0.3491
vn 0.7286 -0.4601 0.5074
vn 0.8854 -0.3263 0.3310
vn 0.9472 -0.0678 0.3134
vn 0.9523 0.1156 0.2824
vn -0.6297 0.5842 0.5121
vn -0.3017 0.9192 0.2532
vn 0.7526 -0.2231 0.6195
vn -0.8562 -0.4020 0.3245
vn -0.4648 -0.7738 0.4302
vn 0.5676 -0.5840 0.5803
vn 0.8175 -0.1297 0.5611
vn 0.7249 0.3909 0.5673
vn 0.7008 0.2156 0.6800
vn 0.6880 -0.3850 0.6152
vn 0.8149 -0.4563 0.3574
vn -0.8620 -0.1795 0.4740
vn -0.8438 0.1459 0.5165
vn 0.2113 -0.5759 0.7897
vn -0.8569 -0.1853 0.4810
vn 0.8798 -0.2994 0.3692
vn 0.8464 -0.2346 0.4780
vn 0.2671 -0.3298 -0.9055
vn 0.4163 -0.2277 -0.8803
vn 0.4814 -0.1445 -0.8645
vn 0.4788 -0.1755 -0.8602
vn 0.5240 -0.8006 0.2908
vn -0.6412 -0.5855 -0.4960
vn -0.8355 0.0299 0.5487
vn -0.5117 -0.1206 0.8507
vn -0.8207 -0.1152 0.5596
vn -0.7032 0.0296 0.7103
vn -0.9427 -0.0238 -0.3327
vn -0.9814 -0.1064 -0.1598
vn -0.9676 0.1769 0.1801
vn -0.9931 -0.0085 -0.1172
vn -0.9261 0.0849 0.3676
vn -0.9405 -0.0067 0.3397
vn 0.6176 -0.5871 0.5233
vn -0.0485 -0.8553 0.5159
vn 0.3910 -0.6795 0.6208
vn 0.2578 -0.6483 0.7164
vn 0.5339 -0.8234 0.1924
vn 0.1403 -0.1688 -0.9756
vn 0.2144 -0.0248 -0.9764
vn 0.0920 0.1052 -0.9902
vn -0.0634 0.0798 -0.9948
vn -0.0479 -0.1049 -0.9933
vn -0.0292 -0.2216 -0.9747
vn -0.1889 -0.2956 -0.9364
vn -0.2455 -0.1943 -0.9497
vn -0.3866 -0.1548 -0.9092
vn -0.3543 -0.1811 -0.9174
vn -0.5055 -0.2678 -0.8202
vn -0.4317 -0.1755 -0.8848
vn -0.6082 -0.1340 -0.7824
vn -0.6148 -0.4038 -0.6774
vn -0.6194 -0.2613 -0.7404
vn -0.7310 -0.4118 -0.5441
vn -0.9272 -0.3346 0.1684
vn -0.3814 0.1622 -0.9101
vn -0.9673 0.1781 0.1806
vn -0.4560 0.6362 -0.6223
vn -0.2601 -0.0584 0.9638
vn 0.0710 -0.1754 0.9819
vn 0.1543 -0.2356 0.9595
vn -0.4237 -0.0362 0.9051
vn -0.3379 0.0037 0.9412
vn -0.5099 -0.1217 0.8516
vn -0.7023 0.0293 0.7113
vn -0.6295 0.5842 0.5123
vn 0.2652 -0.2864 0.9207
vn 0.1330 -0.1771 0.9751
vn 0.2430 -0.1194 0.9627
vn 0.2648 -0.2867 0.9207
vn 0.1324 -0.1776 0.9752
vn 0.1259 -0.1764 0.9762
vn 0.2117 -0.1882 0.9590
vn 0.1541 -0.2355 0.9596
vn 0.7894 -0.6110 0.0602
vn 0.8227 -0.5637 -0.0737
vn 0.8598 -0.5039 -0.0825
vn 0.8498 -0.5236 -0.0611
vn 0.9075 -0.3834 -0.1716
vn 0.2489 -0.8377 0.4861
vn 0.2383 -0.8168 0.5254
vn 0.4653 -0.7509 0.4686
vn 0.7016 -0.6677 0.2490
vn 0.2029 -0.8667 0.4557
vn 0.4889 -0.7103 0.5064
vn 0.7748 -0.5844 0.2412
vn 0.6955 -0.6228 0.3584
vn 0.7976 -0.5888 0.1312
vn 0.8342 -0.5444 -0.0886
vn 0.8375 -0.4560 -0.3010
vn 0.7143 -0.3897 -0.5813
vn 0.7556 -0.5288 -0.3866
vn 0.5212 -0.7517 -0.4042
vn 0.5937 -0.6658 0.4519
vn 0.7265 -0.5206 0.4485
vn 0.8618 -0.4955 -0.1080
vn 0.8583 -0.4924 0.1445
vn 0.7937 -0.5584 -0.2413
vn 0.7790 -0.6137 -0.1288
vn 0.4867 -0.8591 -0.1585
vn 0.7060 -0.6983 -0.1180
vn 0.3740 -0.9171 -0.1379
vn 0.7982 -0.6023 -0.0099
vn 0.5780 -0.8087 -0.1095
vn 0.9083 -0.4108 -0.0783
vn 0.8786 -0.4550 -0.1449
vn 0.8810 -0.4633 -0.0957
vn 0.9182 -0.3884 0.0772
vn 0.8436 -0.4742 0.2520
vn 0.9166 -0.3754 0.1378
vn 0.8105 -0.4828 0.3317
vn 0.8928 -0.4046 0.1981
vn 0.8506 -0.4475 0.2761
vn 0.9075 -0.4156 0.0615
vn 0.9345 -0.3560 0.0058
vn 0.9486 -0.3158 -0.0217
vn 0.9424 -0.3267 -0.0715
vn 0.9459 -0.2907 -0.1439
vn 0.9864 -0.1509 -0.0646
vn 0.9888 0.1042 -0.1068
vn 0.9466 0.0859 -0.3107
vn 0.8997 0.0562 -0.4330
vn 0.8289 -0.3152 -0.4622
vn 0.9635 -0.1916 -0.1870
vn 0.1783 -0.2362 -0.9552
vn 0.1294 -0.2527 -0.9588
vn 0.0151 -0.2245 -0.9744
vn 0.0952 -0.2428 -0.9654
vn -0.0694 -0.2535 -0.9649
vn -0.0457 -0.2831 -0.9580
vn -0.1645 -0.2421 -0.9562
vn -0.2676 -0.2554 -0.9291
vn -0.3225 -0.3163 -0.8922
vn -0.4336 -0.2352 -0.8699
vn -0.4652 -0.3307 -0.8211
vn -0.3985 -0.2445 -0.8840
vn -0.2054 -0.2742 -0.9395
vn -0.5287 -0.2089 -0.8227
vn 0.8671 -0.4528 0.2076
vn 0.7871 -0.4446 0.4275
vn -0.6247 -0.6792 -0.3854
vn -0.3535 -0.4812 -0.8022
vn -0.4889 -0.4984 -0.7159
vn -0.1824 -0.3590 -0.9153
vn -0.0298 -0.4177 -0.9081
vn -0.1647 -0.4722 -0.8660
vn 0.0447 -0.3338 -0.9416
vn 0.2022 -0.2185 -0.9547
vn 0.1972 -0.1706 -0.9654
vn 0.0835 0.0156 -0.9964
vn 0.1438 -0.0717 -0.9870
vn 0.2756 -0.2750 -0.9211
vn 0.1054 -0.3288 -0.9385
vn 0.2284 -0.6947 -0.6821
vn 0.0994 -0.7388 -0.6666
vn 0.1924 -0.7876 -0.5854
vn 0.4000 -0.5231 -0.7525
vn 0.0439 -0.9336 -0.3556
vn 0.0226 -0.9457 -0.3242
vn -0.1383 -0.9821 -0.1277
vn 0.2501 -0.7969 -0.5498
vn 0.6264 -0.4583 -0.6305
vn 0.5704 -0.7309 -0.3747
vn 0.6141 -0.7391 -0.2766
vn 0.2223 -0.9599 -0.1710
vn 0.1957 -0.9694 -0.1481
vn -0.0593 -0.9980 -0.0237
vn 0.1759 -0.9762 -0.1271
vn 0.0590 -0.9813 -0.1832
vn -0.0747 -0.9785 -0.1923
vn -0.0742 -0.9894 -0.1245
vn 0.9423 -0.2991 -0.1504
vn 0.6210 -0.7662 -0.1654
vn 0.9442 -0.1417 -0.2972
vn 0.9635 -0.2667 -0.0244
vn 0.9646 -0.2603 0.0421
vn -0.0409 -0.9836 -0.1756
vn -0.2464 -0.9637 -0.1026
vn -0.4062 -0.9093 0.0902
vn -0.2152 -0.9747 -0.0599
vn -0.3514 -0.9283 0.1219
vn -0.5024 -0.8582 0.1052
vn -0.4726 -0.8788 -0.0658
vn -0.4822 -0.7615 -0.4332
vn -0.4097 -0.0846 -0.9083
vn -0.1346 0.4766 -0.8687
vn 0.3637 0.7779 -0.5124
vn 0.2117 0.8302 -0.5158
vn 0.5494 0.8116 -0.1986
vn 0.6461 0.7510 -0.1361
vn 0.6219 0.7831 0.0039
vn 0.7888 0.6119 0.0576
vn 0.6270 0.7736 0.0918
vn 0.7941 0.6029 0.0776
vn 0.9738 0.1474 -0.1731
vn 0.9814 0.1803 0.0655
vn 0.6756 0.5923 -0.4390
vn 0.9178 -0.0887 -0.3871
vn 0.4601 0.4440 -0.7689
vn 0.0308 -0.3965 -0.9175
vn -0.0845 -0.9319 -0.3527
vn -0.0821 -0.9959 -0.0390
vn 0.2276 -0.9623 -0.1491
vn 0.9422 -0.3332 -0.0346
vn 0.9423 -0.3288 0.0625
vn 0.9977 0.0671 0.0064
vn 0.8811 -0.4729 -0.0082
vn 0.9517 0.1935 -0.2383
vn 0.8873 -0.4137 -0.2040
vn 0.8708 -0.4857 -0.0764
vn 0.8601 -0.5101 -0.0019
vn 0.7119 -0.7018 -0.0258
vn 0.6391 -0.7606 -0.1137
vn 0.5664 -0.7580 -0.3236
vn 0.8190 -0.3759 -0.4335
vn 0.6638 -0.3718 -0.6489
vn 0.4270 -0.7222 -0.5441
vn 0.4636 -0.3088 -0.8305
vn 0.2599 -0.6867 -0.6789
vn 0.2721 -0.2531 -0.9284
vn 0.1501 -0.5433 -0.8260
vn 0.0999 -0.2073 -0.9732
vn 0.0654 -0.4193 -0.9055
vn 0.9052 0.0735 -0.4185
vn 0.7716 0.1684 -0.6134
vn 0.5805 0.1113 -0.8066
vn 0.4097 0.1937 -0.8914
vn 0.1487 0.2298 -0.9618
vn 0.0721 -0.0059 -0.9974
vn 0.1200 0.4399 -0.8900
vn 0.3826 0.2577 -0.8873
vn 0.1834 -0.0791 -0.9798
vn 0.5973 0.6127 -0.5175
vn 0.4891 -0.0206 -0.8720
vn 0.8763 0.3878 -0.2859
vn 0.5721 -0.3908 -0.7211
vn 0.3561 0.7658 -0.5355
vn 0.1403 0.7448 -0.6523
vn 0.1053 0.6837 -0.7221
vn 0.3146 0.7123 -0.6274
vn 0.5058 0.6448 -0.5730
vn 0.5213 0.7290 -0.4436
vn 0.7009 0.6466 -0.3009
vn 0.7245 0.6803 -0.1108
vn 0.2544 0.8583 -0.4456
vn 0.3761 0.8476 -0.3744
vn 0.1146 0.8450 -0.5223
vn 0.1142 0.8227 -0.5568
vn 0.2970 0.8613 -0.4124
vn 0.4118 0.8328 -0.3698
vn 0.4159 0.8835 -0.2157
vn 0.4845 0.8497 -0.2081
vn 0.5027 0.8570 -0.1135
vn 0.5963 0.8008 0.0569
vn 0.5323 0.8463 -0.0220
vn 0.6125 0.7801 -0.1276
vn 0.8555 0.0556 0.5149
vn 0.0185 -0.9071 -0.4205
vn -0.3529 -0.9229 0.1539
vn -0.1015 -0.9496 0.2967
vn -0.3113 -0.9353 0.1680
vn -0.3630 -0.8885 0.2809
vn -0.2771 -0.9361 0.2167
vn -0.1252 -0.9915 0.0342
vn -0.0771 -0.9945 0.0712
vn 0.0015 -0.9925 -0.1223
vn 0.0172 -0.9959 -0.0891
vn -0.0496 -0.9938 -0.0998
vn 0.0125 -0.9759 -0.2180
vn -0.0163 -0.9481 -0.3176
vn -0.0072 -0.8902 -0.4556
vn 0.0041 -0.8328 -0.5536
vn -0.1612 -0.9846 -0.0671
vn -0.0264 -0.9471 -0.3199
vn 0.0951 -0.9954 -0.0103
vn 0.6529 -0.7570 0.0235
vn 0.3069 -0.7665 -0.5642
vn 0.0799 -0.8718 -0.4833
vn 0.0050 -0.7319 -0.6814
vn -0.0592 -0.6401 -0.7660
vn -0.0154 -0.4200 -0.9074
vn 0.0807 -0.1828 -0.9798
vn 0.1435 -0.6312 -0.7622
vn 0.0911 -0.4572 -0.8847
vn -0.0480 -0.3447 -0.9375
vn 0.2147 -0.4658 -0.8584
vn 0.1665 -0.2959 -0.9406
vn 0.1997 -0.2828 -0.9382
vn 0.1961 -0.4107 -0.8905
vn 0.1922 -0.4297 -0.8823
vn 0.1708 -0.4681 -0.8670
vn -0.0334 -0.4692 -0.8824
vn -0.2158 -0.5182 -0.8276
vn -0.0191 -0.4190 -0.9078
vn 0.3901 -0.5052 -0.7699
vn 0.3622 -0.3754 -0.8532
vn 0.1633 -0.3685 -0.9152
vn 0.1420 -0.2890 -0.9467
vn 0.2910 -0.2160 -0.9320
vn 0.0957 -0.3565 -0.9294
vn 0.1389 -0.2249 -0.9644
vn -0.0118 -0.3762 -0.9265
vn 0.0926 -0.3448 -0.9341
vn 0.0786 -0.1768 -0.9811
vn 0.1760 -0.4950 -0.8509
vn -0.4913 -0.7151 -0.4973
vn -0.5432 -0.7395 -0.3975
vn -0.5189 -0.6059 -0.6030
vn -0.5707 -0.7114 -0.4100
vn 0.7898 -0.6087 -0.0760
vn 0.9285 -0.3254 -0.1787
vn 0.9503 -0.2715 -0.1524
vn -0.0734 -0.9923 -0.1000
vn -0.2075 -0.9782 0.0110
vn 0.2181 -0.9202 -0.3251
vn 0.4016 -0.7945 -0.4554
vn 0.2845 -0.5339 -0.7963
vn 0.6373 -0.3170 0.7024
vn 0.5753 0.6924 -0.4354
vn 0.2109 0.8723 -0.4412
vn -0.0628 0.9636 -0.2599
vn 0.5238 0.7802 -0.3418
vn 0.6764 0.6648 -0.3172
vn 0.6622 0.7148 -0.2247
vn 0.7596 0.5557 -0.3378
vn 0.8588 0.3902 -0.3318
vn 0.7978 0.3754 -0.4718
vn 0.8533 0.3050 -0.4230
vn 0.8208 0.3095 -0.4801
vn 0.7271 0.3312 -0.6014
vn 0.6777 0.1243 -0.7247
vn 0.2895 -0.2030 -0.9354
vn 0.5256 -0.2989 -0.7965
vn -0.1185 -0.3197 -0.9401
vn 0.9869 -0.0937 -0.1317
vn 0.7821 -0.3087 0.5413
vn 0.9921 0.1132 -0.0543
vn 0.8359 0.1869 -0.5161
vn 0.8810 -0.1006 -0.4623
vn 0.8835 0.1337 -0.4488
vn 0.8088 0.2335 -0.5397
vn 0.7793 -0.4680 0.4168
vn 0.3860 -0.4667 0.7957
vn 0.6220 -0.4025 0.6716
vn 0.9176 -0.1186 0.3794
vn 0.9615 -0.1638 0.2209
vn 0.9874 0.1498 0.0506
vn 0.9592 0.1377 0.2469
vn 0.9550 0.2809 0.0953
vn 0.9688 0.2430 -0.0496
vn 0.8868 0.4619 -0.0152
vn 0.9366 0.3249 -0.1312
vn 0.7386 0.6729 -0.0410
vn 0.7917 0.6106 0.0193
vn 0.6821 0.7150 0.1530
vn 0.7771 0.6050 0.1734
vn 0.4800 0.7689 0.4223
vn 0.1637 0.8825 0.4409
vn 0.0566 0.7465 0.6630
vn -0.2345 0.7062 0.6681
vn -0.3309 0.6251 0.7070
vn -0.0093 -0.9412 0.3377
vn -0.1769 -0.4374 0.8817
vn 0.0464 -0.3392 0.9396
vn -0.3384 -0.9296 0.1461
vn -0.6818 -0.4648 0.5649
vn -0.6859 -0.7219 0.0917
vn -0.8992 -0.4116 0.1485
vn -0.9662 -0.2455 0.0789
vn -0.9686 -0.0977 -0.2288
vn -0.2731 0.8770 -0.3953
vn -0.6240 0.7422 -0.2446
vn -0.5132 0.8191 -0.2563
vn 0.8253 0.1676 -0.5392
vn 0.7250 0.2253 -0.6508
vn 0.5174 0.3098 -0.7977
vn 0.6921 0.2581 -0.6741
vn 0.8355 0.2147 -0.5059
vn 0.6122 0.3450 -0.7115
vn 0.9073 0.2534 -0.3356
vn 0.9865 0.0683 0.1492
vn 0.8400 -0.0602 0.5392
vn -0.4588 0.7356 -0.4985
vn -0.5611 0.5262 -0.6389
vn -0.1694 0.5895 -0.7898
vn -0.1628 0.4210 -0.8923
vn 0.1224 0.4007 -0.9080
vn -0.6144 0.3182 -0.7220
vn -0.8585 0.3397 -0.3842
vn -0.7647 0.5734 -0.2940
vn 0.9998 0.0198 0.0006
vn 0.9933 0.1079 -0.0421
vn 0.9747 0.0795 -0.2088
vn 0.9704 -0.2202 -0.0996
vn 0.7919 0.0257 -0.6101
vn -0.1009 -0.9854 -0.1368
vn 0.1308 0.0812 -0.9881
vn 0.5547 -0.8185 0.1494
vn 0.5203 -0.2228 0.8244
vn 0.0771 -0.3714 0.9253
vn -0.3799 -0.4150 0.8267
vn -0.8465 -0.3572 0.3948
vn -0.9685 -0.1583 -0.1922
vn -0.9035 -0.0279 -0.4277
vn 0.1699 0.5693 -0.8044
vn -0.0421 0.7639 -0.6439
vn 0.4996 0.5362 -0.6803
vn 0.3205 0.7759 -0.5434
vn 0.6200 0.6639 -0.4182
vn 0.8186 0.3153 -0.4800
vn 0.8706 0.2265 -0.4368
vn 0.8031 0.5811 0.1319
vn 0.8450 0.3751 0.3810
vn 0.6279 0.6480 0.4312
vn -0.0462 0.5647 0.8240
vn -0.4247 0.4362 0.7933
vn 0.3806 0.5892 0.7128
vn 0.6452 0.3537 0.6772
vn -0.0524 0.3034 0.9514
vn -0.4516 0.1771 0.8745
vn 0.9117 0.1022 0.3980
vn 0.9718 0.2350 -0.0200
vn 0.6689 0.1232 0.7330
vn 0.3584 0.3527 0.8644
vn 0.9857 0.1377 -0.0972
vn 0.9932 0.1005 -0.0593
vn 0.9977 0.0642 -0.0232
vn -0.9593 -0.2799 0.0377
vn -0.7622 -0.0650 -0.6440
vn -0.9587 0.0281 -0.2830
vn -0.9265 -0.2769 -0.2549
vn -0.8307 -0.2098 -0.5156
vn -0.6058 0.0133 -0.7955
vn 0.3401 0.4704 -0.8143
vn 0.2114 0.3490 -0.9130
vn 0.6447 0.4971 -0.5808
vn -0.1124 0.3989 -0.9101
vn -0.2833 0.5974 -0.7502
vn 0.3305 0.5969 -0.7310
vn 0.8095 0.3925 -0.4366
vn 0.8114 0.3816 -0.4428
vn -0.3761 0.2580 -0.8899
vn -0.0748 0.2081 -0.9752
vn -0.7532 0.3846 -0.5336
vn -0.6482 0.5217 -0.5546
vn -0.9233 0.2451 -0.2957
vn -0.1052 0.6858 -0.7201
vn 0.4425 0.6106 -0.6568
vn 0.8688 0.3289 -0.3702
vn 0.9996 0.0276 -0.0036
vn 0.9988 -0.0473 0.0104
vn 0.8613 -0.3101 0.4025
vn 0.8326 -0.4235 0.3570
vn 0.3990 -0.6439 0.6529
vn 0.4586 -0.6900 0.5599
vn -0.1066 -0.7400 0.6641
vn -0.0140 -0.6369 0.7708
vn -0.5738 -0.6338 0.5187
vn -0.7612 -0.5207 0.3866
vn -0.9887 -0.1434 -0.0436
vn 0.9859 0.1477 0.0790
vn 0.8408 -0.1363 0.5240
vn 0.4171 -0.3735 0.8286
vn 0.0412 -0.4637 0.8850
vn -0.3837 -0.5495 0.7421
vn -0.8422 -0.4848 0.2359
vn -0.9150 -0.3801 -0.1351
vn 0.9238 0.3830 -0.0008
vn 0.8279 0.1002 0.5519
vn 0.3802 -0.1972 0.9036
vn -0.0261 -0.3232 0.9460
vn -0.2063 -0.3698 0.9059
vn -0.6942 -0.5251 0.4923
vn -0.3317 -0.5072 0.7955
vn -0.1588 -0.4882 0.8581
vn -0.6511 -0.6226 0.4341
vn 0.3290 -0.2795 0.9020
vn 0.0022 -0.3057 0.9521
vn -0.3212 -0.4970 0.8061
vn -0.5853 -0.6128 0.5310
vn -0.5548 -0.5396 0.6333
vn -0.3977 -0.4299 0.8105
vn -0.8125 -0.5393 0.2212
vn -0.8214 -0.5094 -0.2566
vn -0.8411 -0.3241 -0.4331
vn -0.6737 -0.2649 -0.6899
vn -0.6312 -0.0960 -0.7696
vn -0.4013 -0.0840 -0.9121
vn -0.3125 0.0634 -0.9478
vn -0.6791 -0.0171 -0.7338
vn -0.7974 -0.0974 -0.5955
vn -0.9166 -0.3985 -0.0316
vn -0.6746 -0.4748 0.5653
vn 0.1286 0.2683 -0.9547
vn 0.2445 0.2780 -0.9289
vn 0.6286 0.4698 -0.6198
vn 0.6939 0.4163 -0.5875
vn 0.8834 0.4683 -0.0187
vn 0.9042 0.4262 0.0284
vn 0.7781 0.3012 0.5512
vn 0.8631 0.2464 0.4408
vn 0.4201 0.0269 0.9071
vn 0.9850 0.1714 0.0220
vn 0.9106 0.1129 0.3975
vn 0.9412 0.3273 0.0839
vn 0.7961 0.3897 -0.4629
vn 0.7935 0.4543 -0.4050
vn 0.3980 0.4264 -0.8123
vn 0.2943 0.3552 -0.8873
vn -0.3262 0.1306 -0.9362
vn -0.2501 0.2874 -0.9246
vn 0.2633 0.3740 -0.8893
vn 0.5962 -0.0185 0.8027
vn 0.8080 0.0678 0.5853
vn 0.8698 -0.0660 0.4890
vn 0.6205 -0.0991 0.7780
vn 0.3320 -0.2083 0.9200
vn -0.0286 -0.2798 0.9596
vn 0.0675 -0.2061 0.9762
vn -0.3412 -0.4610 0.8192
vn 0.5380 0.1439 0.8306
vn 0.8121 0.3988 0.4259
vn 0.8303 0.5410 -0.1338
vn 0.6641 0.5092 -0.5475
vn 0.3652 0.3738 -0.8526
vn -0.1736 0.0413 -0.9840
vn -0.6458 -0.3252 -0.6908
vn -0.7972 -0.6005 -0.0627
vn -0.5736 -0.6241 0.5305
vn -0.9230 0.2002 -0.3287
vn -0.9952 -0.0683 -0.0697
vn -0.7684 0.3266 -0.5504
vn -0.4356 0.1752 -0.8830
vn 0.7740 0.0757 -0.6287
vn 0.7006 -0.6091 -0.3717
vn -0.0270 -0.4901 -0.8712
vn -0.2496 -0.3638 -0.8974
vn -0.0402 -0.9958 -0.0821
vn 0.2848 -0.4242 0.8596
vn 0.7254 -0.6524 -0.2194
vn 0.8267 0.2196 -0.5180
vn 0.1138 -0.8979 -0.4253
vn 0.4346 -0.2232 0.8726
vn 0.8301 0.2413 -0.5027
vn 0.9946 0.1012 -0.0216
vn 0.4431 0.1249 0.8877
vn 0.9931 0.0748 0.0907
vn -0.0400 -0.2968 0.9541
vn 0.6178 -0.1130 0.7781
vn -0.0508 0.2182 -0.9746
vn -0.0217 0.0370 0.9991
vn 0.4868 -0.8125 0.3208
vn 0.2322 -0.8754 0.4239
vn 0.0897 -0.5150 -0.8525
vn 0.4781 0.7111 0.5155
vn 0.2119 -0.9487 -0.2348
vn 0.1026 0.0883 -0.9908
vn -0.1146 -0.0357 -0.9928
vn -0.2741 -0.4700 -0.8390
vn -0.1715 -0.0801 -0.9819
vn -0.2430 -0.4777 -0.8442
vn -0.3592 -0.6580 -0.6618
vn -0.2457 -0.1372 -0.9596
vn -0.5221 -0.5229 -0.6738
vn -0.0707 -0.0365 -0.9968
vn -0.7234 0.2562 -0.6412
vn -0.7489 -0.1352 -0.6487
vn -0.0955 -0.1373 -0.9859
vn -0.1017 0.0052 -0.9948
vn -0.6360 0.1761 -0.7513
vn -0.2297 0.0366 -0.9726
vn -0.6437 0.1235 -0.7553
vn 0.3079 -0.0815 -0.9479
vn 0.5300 -0.1061 -0.8414
vn 0.5373 -0.1341 -0.8326
vn -0.0718 -0.2232 -0.9721
vn 0.0569 0.3195 -0.9459
vn 0.0371 0.4058 -0.9132
vn 0.0511 0.4375 -0.8978
vn 0.0823 0.6056 -0.7915
vn 0.2946 0.7382 -0.6068
vn 0.2862 0.7262 -0.6251
vn 0.8107 -0.1119 -0.5747
vn 0.8871 -0.0813 -0.4543
vn 0.7794 -0.0350 -0.6256
vn 0.7063 0.1499 -0.6918
vn 0.3895 0.0572 -0.9192
vn 0.3094 0.6741 -0.6707
vn 0.4441 0.4109 -0.7962
vn 0.8918 0.2409 -0.3830
vn 0.5084 0.8170 -0.2720
vn 0.6691 0.6437 -0.3715
vn 0.5089 0.8438 -0.1703
vn 0.5291 0.8476 -0.0409
vn 0.5972 0.7151 0.3632
vn 0.5788 0.7094 0.4021
vn 0.5083 0.4423 0.7389
vn 0.5012 0.3942 0.7703
vn 0.3220 0.0576 0.9450
vn 0.3104 -0.0098 0.9506
vn 0.0946 -0.4292 0.8982
vn 0.1680 -0.2593 0.9511
vn -0.0714 -0.7804 0.6212
vn -0.0725 -0.7268 0.6830
vn 0.4605 0.2891 0.8393
vn 0.5879 0.6191 0.5207
vn 0.5809 0.8061 0.1132
vn 0.7654 0.6255 0.1512
vn 0.9447 -0.0041 -0.3278
vn 0.4940 0.1961 0.8470
vn 0.6948 0.4814 0.5343
vn -0.2528 -0.5641 -0.7861
vn -0.2589 -0.6651 -0.7005
vn -0.3327 -0.8890 -0.3147
vn -0.4414 -0.7186 -0.5374
vn -0.9346 0.3468 -0.0796
vn -0.7981 0.2654 -0.5409
vn -0.7933 0.2835 -0.5388
vn -0.9260 0.3715 0.0675
vn -0.9029 0.3647 0.2278
vn -0.8228 0.3889 0.4144
vn -0.7389 0.3635 0.5674
vn -0.3669 0.3007 0.8803
vn -0.3391 0.2230 0.9140
vn 0.2986 0.1157 0.9473
vn 0.5183 0.0952 0.8499
vn 0.8205 0.0096 0.5715
vn 0.9010 0.0661 0.4289
vn 0.9947 -0.0394 0.0947
vn 0.9930 0.0154 0.1174
vn -0.9529 0.2964 -0.0642
vn -0.7990 0.2205 -0.5595
vn -0.8858 0.3372 0.3188
vn -0.6721 0.2807 0.6852
vn -0.2067 0.1443 0.9677
vn 0.4110 0.0911 0.9071
vn 0.8560 -0.0045 0.5170
vn 0.9961 -0.0784 -0.0406
vn 0.0320 -0.1385 -0.9899
vn -0.1072 -0.0837 -0.9907
vn -0.6493 -0.1054 -0.7532
vn -0.6077 -0.0429 -0.7930
vn -0.9551 0.0252 -0.2953
vn -0.2704 -0.1275 -0.9543
vn 0.2224 -0.1924 -0.9558
vn 0.4756 -0.1321 -0.8697
vn 0.6145 -0.2256 -0.7560
vn 0.8200 -0.1126 -0.5611
vn 0.9035 -0.2008 -0.3786
vn 0.9787 -0.1184 -0.1677
vn 0.9921 -0.0973 -0.0792
vn -0.8967 -0.0675 0.4374
vn -0.5094 -0.0615 0.8583
vn -0.8144 -0.0839 0.5742
vn -0.9937 -0.0930 0.0627
vn -0.9882 -0.0769 -0.1324
vn -0.9004 -0.0955 -0.4244
vn -0.6360 -0.0915 -0.7662
vn -0.3284 -0.0952 -0.9397
vn 0.0747 -0.1392 -0.9875
vn 0.6112 -0.1960 -0.7668
vn 0.8882 -0.1835 -0.4213
vn 0.9896 -0.1237 0.0731
vn 0.9744 -0.1609 0.1571
vn 0.9386 -0.1014 0.3297
vn 0.8601 -0.1618 0.4838
vn 0.6444 -0.0720 0.7613
vn 0.6569 -0.1520 0.7385
vn 0.8761 -0.2927 0.3830
vn 0.9497 -0.3052 -0.0704
vn 0.9129 -0.2621 0.3129
vn 0.7180 -0.2445 0.6518
vn 0.9540 -0.2559 -0.1561
vn 0.7346 -0.2610 -0.6263
vn 0.7430 -0.1945 -0.6404
vn 0.4416 -0.2061 -0.8732
vn 0.4872 -0.0600 -0.8712
vn -0.0007 -0.0700 -0.9975
vn -0.0206 0.1057 -0.9942
vn -0.6483 0.1008 -0.7547
vn -0.6451 0.2565 -0.7197
vn 0.9902 -0.1213 0.0689
vn 0.8316 -0.0821 -0.5493
vn 0.4489 0.0197 -0.8934
vn -0.1078 0.1099 -0.9881
vn -0.6039 0.1347 -0.7856
vn -0.9044 0.1851 -0.3846
vn -0.9619 0.2633 -0.0743
vn -0.9609 0.2191 0.1691
vn -0.8436 0.2509 0.4748
vn -0.7116 0.1622 0.6836
vn -0.3053 0.1376 0.9423
vn -0.1592 0.0754 0.9844
vn -0.1672 0.0696 0.9835
vn -0.7151 0.0934 0.6928
vn 0.7820 -0.0765 0.6186
vn 0.4843 0.0229 0.8746
vn 0.3303 0.0157 0.9437
vn 0.8982 -0.0580 0.4357
vn 0.9818 -0.1054 -0.1580
vn 0.7584 -0.0615 -0.6489
vn 0.3586 0.0068 -0.9335
vn -0.2548 0.0567 -0.9653
vn -0.7187 0.0529 -0.6934
vn -0.9710 0.1063 -0.2142
vn -0.9499 0.1501 0.2742
vn 0.3419 -0.1207 0.9319
vn -0.1670 0.0696 0.9835
vn -0.1589 0.0754 0.9844
vn -0.3052 0.1375 0.9423
vn -0.4011 -0.0237 0.9157
vn 0.2407 -0.2165 0.9461
vn 0.6549 -0.2168 0.7239
vn 0.3370 -0.1099 0.9351
vn 0.1644 0.0030 0.9864
vn -0.3416 -0.0568 0.9381
vn -0.4021 -0.0039 0.9156
vn 0.2582 -0.0503 0.9648
vn -0.1275 -0.0332 0.9913
vn -0.0863 -0.0836 0.9928
vn 0.4311 -0.0639 0.9000
vn 0.5187 -0.1647 0.8390
vn -0.1405 -0.9892 0.0421
vn 0.7350 -0.1062 0.6697
vn 0.8267 -0.0610 0.5593
vn 0.8662 0.0157 0.4994
vn -0.2400 -0.8920 0.3830
vn -0.1783 -0.9839 0.0097
vn -0.4067 -0.9114 -0.0637
vn -0.4500 -0.6409 -0.6219
vn -0.3642 -0.0870 0.9273
vn -0.0400 -0.0788 0.9961
vn -0.1205 -0.0470 0.9916
vn 0.5923 -0.8018 -0.0792
vn -0.0990 -0.9947 0.0270
vn 0.9915 0.0939 0.0902
vn 0.9752 0.1763 -0.1334
vn 0.6864 0.2544 -0.6813
vn 0.9176 0.2497 -0.3092
vn 0.6242 0.2651 -0.7349
vn 0.1800 0.2986 -0.9373
vn -0.3678 0.1820 -0.9119
vn 0.4390 -0.8595 0.2618
vn -0.6312 0.0189 -0.7754
vn -0.1635 0.1681 -0.9721
vn -0.5801 0.0066 -0.8145
vn -0.9084 -0.3288 0.2584
vn -0.9052 -0.0785 -0.4178
vn -0.5296 -0.4442 0.7227
vn -0.1439 -0.3663 0.9193
vn 0.3804 -0.2422 0.8926
vn 0.5900 -0.2227 0.7761
vn -0.7592 0.0528 -0.6487
vn -0.7098 0.0815 -0.6997
vn -0.8556 0.0429 -0.5158
vn -0.6208 0.0972 -0.7779
vn -0.4782 0.2005 -0.8551
vn -0.3837 0.2599 -0.8861
vn -0.0474 0.3231 -0.9452
vn -0.6499 0.1220 -0.7502
vn -0.2571 0.2336 -0.9377
vn -0.1724 0.2565 -0.9510
vn 0.2299 0.3193 -0.9194
vn 0.3528 0.3370 -0.8729
vn 0.5604 -0.2377 0.7933
vn 0.3743 -0.2292 0.8985
vn 0.8506 -0.0781 0.5200
vn 0.8002 0.0077 0.5997
vn -0.6679 -0.0682 -0.7411
vn -0.8810 -0.1670 -0.4426
vn -0.8754 -0.1283 -0.4660
vn -0.9336 -0.2743 -0.2303
vn -0.9813 -0.1875 -0.0430
vn -0.9219 -0.3338 0.1965
vn -0.8726 -0.3601 0.3300
vn -0.5786 -0.3574 0.7332
vn -0.7325 -0.2871 0.6172
vn -0.3822 -0.3456 0.8570
vn -0.2227 -0.2799 0.9338
vn -0.0345 -0.2572 0.9657
vn -0.3593 -0.2906 0.8868
vn -0.0997 -0.2787 0.9552
vn 0.2562 -0.1726 0.9511
vn 0.0350 -0.2533 0.9668
vn 0.0764 -0.2346 0.9691
vn -0.3073 -0.2368 0.9217
vn 0.5056 -0.1460 0.8503
vn 0.4396 -0.1199 0.8901
vn 0.8885 0.0564 0.4553
vn 0.9550 0.1511 0.2552
vn 0.6439 -0.0267 0.7646
vn 0.8321 0.1053 0.5446
vn 0.9705 0.1921 -0.1460
vn 0.9295 0.3581 -0.0879
vn 0.7454 0.2370 -0.6231
vn 0.3220 0.2329 -0.9177
vn 0.1728 0.2077 -0.9628
vn -0.2690 0.0985 -0.9581
vn -0.3025 0.1293 -0.9443
vn 0.3923 0.3493 -0.8510
vn -0.8992 -0.3501 0.2624
vn -0.3921 -0.3297 0.8588
vn -0.1414 -0.2906 0.9463
vn -0.0658 -0.2721 0.9600
vn 0.4409 -0.0297 0.8971
vn 0.8609 0.2222 0.4577
vn 0.3470 -0.1014 0.9324
vn -0.9906 -0.1363 -0.0076
vn -0.7411 -0.2970 0.6021
vn -0.5003 -0.3024 0.8114
vn -0.6605 -0.2926 0.6915
vn -0.4959 -0.3099 0.8112
vn -0.8891 -0.3102 0.3364
vn -0.9085 -0.0764 -0.4107
vn -0.8259 0.0151 -0.5637
vn -0.7697 -0.0003 -0.6385
vn -0.7180 0.0458 -0.6945
vn -0.1890 0.1279 -0.9736
vn -0.2061 0.1322 -0.9696
vn 0.2426 0.2243 -0.9438
vn 0.0307 -0.3023 0.9527
vn -0.3723 -0.6659 0.6465
vn 0.9572 0.2746 0.0913
vn 0.8604 0.2230 0.4582
vn -0.1984 -0.0662 0.9779
vn 0.5755 0.0717 0.8147
vn -0.7773 0.0666 0.6256
vn -0.9962 -0.0188 0.0851
vn -0.7765 -0.3200 -0.5428
vn -0.5540 -0.8321 0.0256
vn -0.3628 -0.6543 -0.6635
vn 0.3883 -0.1061 -0.9154
vn 0.7715 -0.1015 -0.6281
vn -0.9095 0.0410 0.4136
vn -0.9557 0.2144 -0.2014
vn -0.8707 0.1546 0.4670
vn -0.4012 -0.0237 0.9157
vn -0.3410 -0.0587 0.9382
vn -0.3988 -0.0099 0.9170
vn 0.6828 0.5821 -0.4415
vn 0.6947 0.3058 -0.6511
vn 0.6858 0.3895 -0.6147
vn 0.7516 0.4899 -0.4417
vn -0.1013 -0.2469 -0.9637
vn -0.1819 -0.1877 -0.9652
vn -0.2975 -0.2658 -0.9170
vn 0.3517 -0.3976 0.8475
vn 0.4460 -0.3399 0.8280
vn 0.9491 0.0747 0.3060
vn 0.9314 0.2536 0.2613
vn 0.9112 0.4041 0.0797
vn 0.8544 0.5081 0.1090
vn -0.5571 0.4443 0.7016
vn -0.5652 0.4239 0.7077
vn -0.7131 0.3045 0.6315
vn -0.6520 0.2451 0.7175
vn -0.7592 0.1722 0.6276
vn -0.6807 -0.0134 0.7324
vn -0.7894 -0.1171 0.6026
vn -0.7264 -0.3881 0.5672
vn -0.5896 -0.5229 0.6156
vn -0.6861 -0.6942 0.2176
vn -0.1575 -0.7587 0.6322
vn -0.4439 -0.8838 0.1478
vn 0.1513 -0.7308 0.6657
vn 0.4178 -0.3893 0.8209
vn -0.7183 0.2911 0.6319
vn -0.8079 0.1431 0.5716
vn -0.7039 -0.3126 0.6378
vn -0.2784 -0.5015 0.8192
vn 0.1538 -0.4955 0.8549
vn 0.3024 -0.4182 0.8565
vn -0.1271 -0.4505 0.8837
vn -0.1844 -0.1996 -0.9624
vn -0.2098 -0.4494 -0.8684
vn -0.5054 -0.6489 -0.5688
vn -0.8225 -0.4805 -0.3042
vn -0.9241 -0.3599 -0.1284
vn -0.9900 -0.1070 -0.0914
vn -0.9770 0.0549 -0.2061
vn -0.9748 0.2119 -0.0691
vn -0.9321 0.3197 -0.1702
vn -0.9261 0.3711 -0.0682
vn -0.8335 0.5262 -0.1685
vn -0.8131 0.5560 -0.1725
vn -0.9292 0.3601 -0.0829
vn -0.9860 0.1663 -0.0094
vn -0.9337 -0.2774 -0.2265
vn -0.6876 -0.3653 -0.6275
vn -0.3934 -0.3283 -0.8588
vn -0.6115 -0.3016 -0.7315
vn -0.2786 -0.2622 -0.9239
vn -0.3567 -0.4855 -0.7982
vn -0.0490 -0.2460 -0.9680
vn -0.7791 -0.1385 -0.6114
vn -0.9365 -0.3467 -0.0532
vn -0.8265 -0.4138 0.3817
vn -0.7720 -0.3283 0.5442
vn -0.6237 -0.2184 0.7505
vn -0.8875 0.1460 -0.4370
vn -0.4298 -0.0491 0.9016
vn -0.8914 -0.1367 -0.4322
vn 0.7127 0.3125 -0.6280
vn -0.9644 -0.2362 -0.1192
vn 0.4093 -0.3197 0.8546
vn 0.2374 -0.3766 0.8954
vn 0.4997 -0.8242 -0.2666
vn 0.7465 -0.5857 -0.3158
vn 0.7001 -0.6520 -0.2913
vn 0.7362 -0.6280 -0.2522
vn -0.0470 -0.8522 -0.5211
vn 0.6051 -0.7742 -0.1855
vn -0.3400 -0.6981 -0.6301
vn 0.2031 -0.9329 -0.2973
vn -0.7075 -0.1122 -0.6978
vn -0.2202 -0.7118 -0.6669
vn -0.0236 -0.7995 -0.6002
vn -0.3867 -0.8108 -0.4394
vn -0.2364 -0.6794 -0.6947
vn 0.0216 -0.7441 -0.6678
vn 0.8123 -0.5789 -0.0710
vn 0.7566 -0.6290 -0.1785
vn 0.2960 -0.2208 -0.9293
vn 0.0996 -0.0956 -0.9904
vn 0.1070 0.3179 -0.9421
vn -0.3284 -0.6079 -0.7229
vn -0.4716 0.5580 -0.6828
vn -0.8757 0.3264 -0.3557
vn -0.7356 0.5124 -0.4430
vn -0.9782 0.1487 -0.1452
vn -0.8016 -0.5666 0.1908
vn 0.0759 -0.9227 0.3781
vn -0.9171 0.2353 0.3219
vn -0.6718 0.0094 0.7407
vn 0.1498 -0.8813 0.4481
vn -0.6058 0.1392 0.7833
vn -0.2894 -0.3639 0.8853
vn -0.8903 0.4228 -0.1692
vn -0.9174 0.3962 0.0376
vn -0.8482 0.3552 0.3930
vn -0.7203 0.2746 0.6369
vn -0.6599 0.2780 0.6981
vn -0.4138 0.2859 0.8643
vn -0.0036 0.9483 0.3174
vn -0.4051 0.6863 0.6041
vn 0.1792 0.8674 0.4643
vn -0.6300 0.7560 0.1778
vn -0.5937 0.8024 -0.0610
vn 0.5907 0.7742 0.2273
vn 0.0166 0.9564 0.2915
vn 0.6843 -0.3983 -0.6108
vn 0.3777 0.7730 -0.5098
vn 0.7127 0.6952 0.0929
vn 0.2696 0.7093 -0.6513
vn 0.7008 0.7128 -0.0290
vn -0.0270 0.7222 -0.6912
vn -0.7937 0.6083 0.0057
vn -0.7749 0.3867 -0.5001
vn -0.0208 0.7510 -0.6600
vn -0.7852 0.2058 -0.5840
vn -0.6842 0.2724 -0.6766
vn 0.2892 0.8348 -0.4685
vn -0.2053 0.5099 -0.8354
vn 0.7621 0.6439 -0.0677
vn 0.5853 0.7767 -0.2329
vn 0.5564 0.7752 0.2993
vn 0.4806 0.8762 0.0376
vn -0.0476 0.7912 0.6097
vn 0.1502 0.9705 0.1885
vn -0.4746 0.6129 0.6318
vn 0.7592 0.6500 -0.0329
vn 0.5799 0.8117 -0.0691
vn 0.6178 0.7857 -0.0329
vn 0.6034 0.7928 -0.0857
vn 0.7552 0.6366 0.1564
vn 0.1895 0.8713 -0.4527
vn 0.1581 0.8886 -0.4306
vn 0.1292 0.8978 -0.4209
vn 0.3216 0.7312 -0.6016
vn 0.1403 0.9881 -0.0626
vn -0.0412 0.9977 -0.0544
vn 0.0151 0.9853 0.1704
vn -0.6498 0.6384 0.4126
vn -0.7458 0.6630 0.0643
vn 0.6894 0.6992 0.1891
vn -0.4726 0.7985 -0.3730
vn 0.2228 0.9335 0.2810
vn 0.4462 0.8793 0.1664
vn 0.1662 0.8693 -0.4656
vn 0.4664 0.6790 0.5669
vn 0.4601 0.8691 -0.1816
vn 0.4071 0.7330 0.5450
vn 0.3877 0.5560 0.7352
vn 0.5315 0.8466 0.0295
vn 0.1490 0.7590 0.6338
vn 0.2897 0.9453 0.1499
vn 0.3244 0.6840 0.6534
vn 0.8214 0.5703 0.0049
vn -0.0246 0.9985 0.0484
vn 0.1771 0.9677 -0.1797
vn 0.4677 0.8559 -0.2204
vn 0.5737 0.8188 -0.0223
vn 0.6074 0.2940 0.7380
vn 0.8122 0.3648 0.4553
vn 0.8973 0.3256 0.2981
vn 0.9713 0.2082 -0.1149
vn 0.7537 0.2760 -0.5964
vn 0.2394 0.5143 0.8235
vn -0.0877 0.4879 0.8685
vn -0.1549 0.1650 0.9741
vn 0.1816 0.0969 0.9786
vn 0.3127 -0.0668 0.9475
vn 0.5437 -0.0749 0.8359
vn 0.7717 -0.0857 0.6301
vn 0.9308 -0.2684 0.2481
vn 0.8883 -0.3669 -0.2761
vn 0.7753 -0.2926 -0.5598
vn 0.3799 -0.4450 -0.8110
vn 0.2006 -0.1662 -0.9655
vn -0.4410 0.3442 0.8289
vn -0.7786 0.6260 -0.0449
vn -0.8318 0.4228 0.3597
vn 0.4625 0.6570 -0.5954
vn 0.3099 0.4587 -0.8328
vn -0.1437 0.0592 -0.9878
vn -0.0145 0.3829 -0.9237
vn -0.4631 -0.0692 -0.8836
vn -0.8193 -0.1446 -0.5548
vn -0.9075 -0.0909 -0.4101
vn -0.9584 -0.0298 -0.2839
vn -0.9746 0.1330 -0.1803
vn -0.8216 0.3955 0.4106
vn 0.8713 -0.4899 -0.0285
vn 0.7704 -0.6024 -0.2088
vn 0.6071 -0.4657 -0.6438
vn -0.0155 0.9699 0.2429
vn 0.5729 0.7880 0.2256
vn -0.5899 0.8056 -0.0552
vn -0.6310 0.7567 0.1712
vn 0.2015 0.8677 0.4544
vn -0.3095 0.7377 0.6000
vn 0.1178 0.9746 0.1907
vn 0.4338 0.8950 0.1035
vn 0.1041 0.0130 -0.9945
vn 0.1293 0.4060 -0.9047
vn 0.4988 0.8426 -0.2029
vn 0.3426 -0.1005 -0.9341
vn 0.5582 -0.7496 -0.3557
vn 0.3297 -0.9332 -0.1430
vn 0.3115 -0.8114 -0.4945
vn 0.5763 -0.7288 0.3698
vn 0.7138 -0.5983 0.3641
vn -0.2388 -0.9571 0.1642
vn -0.3480 -0.9105 0.2232
vn 0.6615 -0.1722 0.7299
vn 0.6859 -0.6315 0.3616
vn 0.5562 -0.7416 0.3751
vn 0.8032 -0.1451 0.5777
vn 0.6062 0.1896 0.7724
vn -0.0525 -0.9902 -0.1294
vn -0.3411 -0.2286 -0.9118
vn -0.3781 -0.8804 -0.2863
vn -0.3901 -0.7713 -0.5029
vn 0.1183 0.5862 -0.8015
vn 0.0826 0.9481 -0.3072
vn -0.4194 0.5741 -0.7033
vn 0.0768 0.0795 0.9939
vn 0.4891 0.8538 -0.1783
vn 0.4662 0.4577 0.7570
vn 0.3380 0.8926 0.2984
vn 0.3593 0.9015 -0.2413
vn 0.0646 0.9399 -0.3352
vn 0.4747 0.7711 0.4244
vn 0.5069 0.8355 -0.2121
vn 0.1853 0.7471 -0.6384
vn 0.1660 0.8177 -0.5512
vn 0.0788 0.6028 -0.7940
vn 0.0734 -0.9718 0.2242
vn 0.0151 -0.8467 0.5318
vn -0.0729 -0.9411 -0.3302
vn -0.2813 -0.9593 0.0239
vn -0.1308 -0.9695 0.2072
vn 0.3640 -0.5570 0.7465
vn 0.6923 0.6106 0.3846
vn 0.9056 0.0769 0.4170
vn 0.4728 0.4875 0.7340
vn 0.6882 0.6602 0.3008
vn 0.9144 0.1003 0.3921
vt 0.209766 1.720557
vt 0.194727 1.711573
vt 0.216602 1.717627
vt 0.193945 1.717432
vt 0.224576 1.726298
vt 0.203516 1.732666
vt 0.191992 1.730323
vt 0.174316 1.718409
vt 0.157752 1.723442
vt 0.178516 1.730909
vt 0.168487 1.733755
vt 0.149740 1.730453
vt 0.160846 1.737308
vt 0.148682 1.741724
vt 0.138997 1.732243
vt 0.156982 1.740381
vt 0.158936 1.739893
vt 0.161765 1.738801
vt 0.169177 1.735429
vt 0.233987 1.728967
vt 0.242584 1.729990
vt 0.236955 1.733672
vt 0.242643 1.738872
vt 0.230035 1.732192
vt 0.223784 1.733179
vt 0.228995 1.733132
vt 0.221961 1.734921
vt 0.213449 1.735847
vt 0.214007 1.734592
vt 0.202827 1.734229
vt 0.191797 1.732666
vt 0.179102 1.733057
vt 0.223366 1.736075
vt 0.223899 1.737496
vt 0.215402 1.736266
vt 0.227983 1.734655
vt 0.229403 1.735720
vt 0.231462 1.733402
vt 0.231889 1.737673
vt 0.226030 1.740159
vt 0.231337 1.745427
vt 0.237834 1.741906
vt 0.179688 1.759099
vt 0.178168 1.764090
vt 0.164342 1.761238
vt 0.194661 1.763439
vt 0.194661 1.759099
vt 0.210286 1.761486
vt 0.209263 1.756774
vt 0.222935 1.752867
vt 0.223772 1.757332
vt 0.238064 1.748682
vt 0.252676 1.739724
vt 0.248718 1.755501
vt 0.231445 1.762679
vt 0.207415 1.769419
vt 0.204790 1.774431
vt 0.182757 1.771282
vt 0.161987 1.768579
vt 0.150391 1.757611
vt 0.134599 1.760256
vt 0.136556 1.741521
vt 0.137370 1.751612
vt 0.153739 1.754541
vt 0.166233 1.756712
vt 0.181207 1.752371
vt 0.194878 1.752154
vt 0.207899 1.751286
vt 0.168620 1.751503
vt 0.157118 1.751286
vt 0.151101 1.746019
vt 0.162569 1.740984
vt 0.162339 1.739491
vt 0.171038 1.737242
vt 0.170340 1.738637
vt 0.181803 1.735661
vt 0.182129 1.737289
vt 0.193778 1.737521
vt 0.194057 1.735289
vt 0.205218 1.735987
vt 0.170061 1.744636
vt 0.161650 1.745465
vt 0.181780 1.743520
vt 0.194196 1.743520
vt 0.205636 1.742823
vt 0.205218 1.737382
vt 0.220269 1.748031
vt 0.217152 1.742290
vt 0.215402 1.737661
vt 0.003418 1.526514
vt 0.020312 1.545166
vt 0.011719 1.634912
vt 0.003125 1.643213
vt 0.165011 1.448652
vt 0.208547 1.441519
vt 0.179358 1.464176
vt 0.101172 1.479151
vt 0.585938 1.477198
vt 0.589844 1.419255
vt 0.619141 1.498031
vt 0.619792 1.434229
vt 0.591146 1.553369
vt 0.563852 1.505335
vt 0.557943 1.459619
vt 0.563802 1.391911
vt 0.524414 1.418604
vt 0.535156 1.356104
vt 0.441406 1.391260
vt 0.445313 1.348291
vt 0.303711 1.383773
vt 0.303711 1.346338
vt 0.153320 1.346338
vt 0.160807 1.391911
vt 0.067383 1.352686
vt 0.074870 1.417953
vt 0.039063 1.389795
vt 0.049479 1.464454
vt 0.018066 1.481104
vt 0.014648 1.420069
vt 0.004883 1.484522
vt 0.003418 1.427881
vt 0.036621 1.500635
vt 0.062258 1.498806
vt 0.083984 1.456690
vt 0.165365 1.432927
vt 0.302734 1.417627
vt 0.436849 1.434229
vt 0.515625 1.456690
vt 0.539631 1.499140
vt 0.435553 1.448785
vt 0.500000 1.474268
vt 0.421818 1.464309
vt 0.393874 1.441652
vt 0.371613 1.458435
vt 0.619792 1.533187
vt 0.603027 1.637354
vt 0.622396 1.647119
vt 0.302979 1.438623
vt 0.302979 1.430078
vt 0.231799 1.458302
vt 0.391394 1.735740
vt 0.390090 1.735792
vt 0.391909 1.736121
vt 0.392907 1.735983
vt 0.391360 1.737381
vt 0.393355 1.736543
vt 0.391668 1.736684
vt 0.389785 1.736964
vt 0.390000 1.737554
vt 0.388921 1.737814
vt 0.387058 1.737165
vt 0.386357 1.738047
vt 0.383889 1.738186
vt 0.383528 1.737281
vt 0.381342 1.738077
vt 0.378703 1.737837
vt 0.379891 1.737098
vt 0.376756 1.737280
vt 0.377111 1.736607
vt 0.375411 1.736141
vt 0.389770 1.735212
vt 0.387404 1.735568
vt 0.388926 1.735108
vt 0.386196 1.734945
vt 0.383954 1.735446
vt 0.383817 1.734888
vt 0.381011 1.735530
vt 0.381443 1.734901
vt 0.378902 1.735078
vt 0.378185 1.735658
vt 0.377259 1.735307
vt 0.375562 1.735644
vt 0.213175 1.738879
vt 0.212900 1.738110
vt 0.212073 1.737842
vt 0.214393 1.739071
vt 0.214585 1.738419
vt 0.215359 1.739358
vt 0.211789 1.737336
vt 0.211388 1.737956
vt 0.213144 1.737068
vt 0.212683 1.737487
vt 0.214599 1.736484
vt 0.214312 1.737124
vt 0.215355 1.736369
vt 0.217800 1.736189
vt 0.216718 1.736877
vt 0.219930 1.736126
vt 0.219807 1.736741
vt 0.222057 1.736141
vt 0.222443 1.736836
vt 0.224332 1.736335
vt 0.224975 1.736976
vt 0.225804 1.736589
vt 0.227323 1.736960
vt 0.229079 1.736929
vt 0.217656 1.739615
vt 0.217027 1.738640
vt 0.219866 1.739770
vt 0.222147 1.739648
vt 0.220189 1.738769
vt 0.224511 1.739384
vt 0.223447 1.738567
vt 0.225936 1.738025
vt 0.226255 1.738769
vt 0.227459 1.737508
vt 0.229050 1.737184
vt 0.303850 1.527979
vt 0.303410 1.511579
vt 0.324285 1.530379
vt 0.325905 1.493300
vt 0.302409 1.480453
vt 0.326326 1.480919
vt 0.303410 1.494517
vt 0.325423 1.512338
vt 0.344128 1.511348
vt 0.343345 1.527980
vt 0.279543 1.493169
vt 0.279103 1.480787
vt 0.259503 1.493967
vt 0.303060 1.467758
vt 0.328512 1.468924
vt 0.346984 1.481511
vt 0.355667 1.475637
vt 0.360404 1.486546
vt 0.360719 1.499412
vt 0.345090 1.494098
vt 0.303060 1.456364
vt 0.276819 1.468792
vt 0.257524 1.481379
vt 0.243177 1.499282
vt 0.260508 1.511218
vt 0.244762 1.510172
vt 0.243764 1.521408
vt 0.220586 1.518135
vt 0.216040 1.507173
vt 0.243507 1.486415
vt 0.248455 1.475505
vt 0.274840 1.460400
vt 0.330407 1.460533
vt 0.219306 1.478933
vt 0.215442 1.491644
vt 0.183316 1.507813
vt 0.195684 1.516355
vt 0.162537 1.498583
vt 0.153906 1.522901
vt 0.036719 1.561182
vt 0.066406 1.532666
vt 0.046094 1.567823
vt 0.053029 1.524160
vt 0.259998 1.613130
vt 0.265292 1.602026
vt 0.280422 1.617645
vt 0.281515 1.604114
vt 0.280273 1.624414
vt 0.240234 1.609034
vt 0.256104 1.621241
vt 0.234375 1.618799
vt 0.268066 1.628321
vt 0.251221 1.628809
vt 0.279948 1.629541
vt 0.270085 1.634579
vt 0.266276 1.633231
vt 0.296555 1.604133
vt 0.296461 1.617171
vt 0.295654 1.624170
vt 0.285715 1.631792
vt 0.282920 1.635089
vt 0.280748 1.639981
vt 0.270223 1.637896
vt 0.265620 1.638056
vt 0.256634 1.641998
vt 0.261185 1.647537
vt 0.250732 1.642969
vt 0.257755 1.656630
vt 0.265935 1.658110
vt 0.294702 1.629517
vt 0.303060 1.628890
vt 0.291505 1.634746
vt 0.286024 1.639307
vt 0.278383 1.642938
vt 0.271602 1.640948
vt 0.270182 1.643864
vt 0.271934 1.650900
vt 0.273767 1.659453
vt 0.271569 1.670027
vt 0.280692 1.671673
vt 0.278564 1.686670
vt 0.303060 1.634967
vt 0.288411 1.643430
vt 0.278146 1.645895
vt 0.281716 1.652947
vt 0.281376 1.660482
vt 0.290737 1.673626
vt 0.290465 1.684003
vt 0.303292 1.673626
vt 0.303400 1.684554
vt 0.303736 1.698552
vt 0.317414 1.643552
vt 0.315014 1.647154
vt 0.327242 1.646017
vt 0.303277 1.644407
vt 0.290918 1.647033
vt 0.291249 1.653630
vt 0.290874 1.661467
vt 0.303400 1.662419
vt 0.315290 1.673905
vt 0.315074 1.661587
vt 0.324168 1.660603
vt 0.314715 1.653751
vt 0.323842 1.653068
vt 0.303176 1.653087
vt 0.324777 1.672231
vt 0.331441 1.659573
vt 0.333196 1.651021
vt 0.334866 1.643986
vt 0.333506 1.641070
vt 0.327015 1.643060
vt 0.319699 1.639429
vt 0.314453 1.634868
vt 0.311391 1.629640
vt 0.310547 1.623926
vt 0.319996 1.631914
vt 0.322671 1.635211
vt 0.324751 1.640103
vt 0.334827 1.638018
vt 0.339234 1.638178
vt 0.343479 1.647658
vt 0.338932 1.658231
vt 0.333545 1.670146
vt 0.326660 1.685694
vt 0.315466 1.684122
vt 0.316249 1.697030
vt 0.325517 1.629664
vt 0.334959 1.634701
vt 0.338606 1.633353
vt 0.347837 1.642120
vt 0.353710 1.645369
vt 0.346763 1.656751
vt 0.342291 1.667729
vt 0.339924 1.674910
vt 0.338743 1.684579
vt 0.347500 1.672063
vt 0.351525 1.680853
vt 0.351563 1.662500
vt 0.353577 1.654289
vt 0.360966 1.650337
vt 0.358154 1.639795
vt 0.363244 1.649904
vt 0.360840 1.659815
vt 0.377604 1.641911
vt 0.374349 1.632146
vt 0.391276 1.620101
vt 0.354980 1.668848
vt 0.365645 1.677195
vt 0.397135 1.628239
vt 0.380612 1.649341
vt 0.400242 1.635888
vt 0.420081 1.624162
vt 0.426712 1.635071
vt 0.523044 1.597495
vt 0.521484 1.564600
vt 0.553711 1.595362
vt 0.590820 1.638330
vt 0.557617 1.635401
vt 0.584961 1.590967
vt 0.598145 1.634912
vt 0.607910 1.639795
vt 0.405859 1.653370
vt 0.433659 1.652693
vt 0.443865 1.640480
vt 0.439020 1.623542
vt 0.557617 1.666162
vt 0.525667 1.651354
vt 0.583984 1.686670
vt 0.590820 1.688623
vt 0.585938 1.736475
vt 0.596191 1.727686
vt 0.599609 1.743799
vt 0.601051 1.716138
vt 0.458708 1.631602
vt 0.460099 1.653125
vt 0.482940 1.648502
vt 0.481161 1.670999
vt 0.500438 1.668999
vt 0.527541 1.681725
vt 0.561849 1.699203
vt 0.565755 1.751937
vt 0.530273 1.720850
vt 0.548515 1.788993
vt 0.522794 1.767161
vt 0.528743 1.818849
vt 0.478654 1.796104
vt 0.490686 1.867931
vt 0.455895 1.848613
vt 0.507191 1.696103
vt 0.502809 1.730442
vt 0.488916 1.699399
vt 0.507495 1.755952
vt 0.491915 1.748693
vt 0.474628 1.779111
vt 0.470052 1.769190
vt 0.462402 1.762354
vt 0.481022 1.744427
vt 0.464258 1.751026
vt 0.483390 1.736316
vt 0.463542 1.742692
vt 0.460938 1.732569
vt 0.472900 1.722071
vt 0.457520 1.724919
vt 0.454177 1.708117
vt 0.445801 1.717432
vt 0.427002 1.711573
vt 0.460553 1.694335
vt 0.432373 1.700342
vt 0.407959 1.710840
vt 0.408203 1.717627
vt 0.393717 1.720362
vt 0.387207 1.718083
vt 0.384375 1.714112
vt 0.408691 1.701075
vt 0.383217 1.707366
vt 0.408496 1.688113
vt 0.437421 1.688676
vt 0.436731 1.669103
vt 0.460293 1.670837
vt 0.389258 1.734424
vt 0.399536 1.735865
vt 0.389453 1.735596
vt 0.398763 1.733057
vt 0.378516 1.725830
vt 0.371329 1.725239
vt 0.368108 1.718358
vt 0.364887 1.712317
vt 0.382270 1.693455
vt 0.407900 1.670476
vt 0.369518 1.729083
vt 0.379286 1.733295
vt 0.373302 1.732308
vt 0.374297 1.733248
vt 0.380737 1.735620
vt 0.361288 1.730106
vt 0.355036 1.728092
vt 0.360151 1.700630
vt 0.382191 1.672552
vt 0.366677 1.733788
vt 0.361231 1.738988
vt 0.351626 1.739840
vt 0.341585 1.726307
vt 0.345313 1.703760
vt 0.325684 1.731836
vt 0.326172 1.711328
vt 0.316087 1.735594
vt 0.316191 1.713967
vt 0.303048 1.715453
vt 0.303324 1.738196
vt 0.289647 1.713851
vt 0.289647 1.696911
vt 0.280518 1.710596
vt 0.266133 1.684460
vt 0.258984 1.702198
vt 0.252781 1.680734
vt 0.243771 1.700512
vt 0.238032 1.677076
vt 0.220750 1.672432
vt 0.222399 1.649220
vt 0.195313 1.653370
vt 0.201895 1.635766
vt 0.174246 1.634949
vt 0.181172 1.624040
vt 0.161390 1.623420
vt 0.166990 1.652572
vt 0.156328 1.640358
vt 0.193895 1.670356
vt 0.220667 1.693337
vt 0.238824 1.712199
vt 0.219678 1.707248
vt 0.193273 1.687994
vt 0.193662 1.703002
vt 0.163060 1.688557
vt 0.165690 1.701156
vt 0.138898 1.694216
vt 0.143880 1.709782
vt 0.078125 1.623356
vt 0.115477 1.621713
vt 0.078516 1.652198
vt 0.115513 1.648381
vt 0.035807 1.628890
vt 0.041341 1.661117
vt 0.075195 1.683252
vt 0.097656 1.669441
vt 0.090681 1.696227
vt 0.109271 1.699281
vt 0.117372 1.670879
vt 0.139169 1.670717
vt 0.163781 1.668983
vt 0.139371 1.653004
vt 0.140824 1.631480
vt 0.034180 1.688135
vt 0.023438 1.636866
vt 0.023438 1.687159
vt 0.042969 1.699854
vt 0.071615 1.722640
vt 0.094759 1.730325
vt 0.126917 1.722563
vt 0.143329 1.725845
vt 0.115043 1.736200
vt 0.117517 1.744312
vt 0.106138 1.748578
vt 0.019531 1.728662
vt 0.019531 1.739893
vt 0.018031 1.710187
vt 0.031250 1.734034
vt 0.045410 1.754053
vt 0.060221 1.789698
vt 0.073884 1.767047
vt 0.067671 1.818738
vt 0.119990 1.795991
vt 0.107422 1.867823
vt 0.089864 1.755838
vt 0.124196 1.778998
vt 0.152344 1.795557
vt 0.154687 1.783057
vt 0.128401 1.768508
vt 0.157422 1.774854
vt 0.176607 1.783760
vt 0.177077 1.799982
vt 0.180919 1.808741
vt 0.209247 1.796845
vt 0.205894 1.780263
vt 0.241211 1.774073
vt 0.236328 1.767725
vt 0.263393 1.764865
vt 0.256641 1.759620
vt 0.271484 1.757666
vt 0.263560 1.743813
vt 0.150169 1.809185
vt 0.184904 1.824593
vt 0.223438 1.807276
vt 0.243164 1.792627
vt 0.273717 1.770724
vt 0.277995 1.767888
vt 0.283529 1.761703
vt 0.286458 1.754541
vt 0.275482 1.748397
vt 0.287891 1.749854
vt 0.289718 1.735482
vt 0.218359 1.829151
vt 0.261146 1.831690
vt 0.260742 1.801416
vt 0.277623 1.787465
vt 0.281462 1.775726
vt 0.289063 1.771729
vt 0.303385 1.762354
vt 0.303711 1.756169
vt 0.303604 1.751759
vt 0.318034 1.749008
vt 0.303296 1.783412
vt 0.292188 1.784619
vt 0.283220 1.787096
vt 0.278460 1.801695
vt 0.274554 1.812298
vt 0.303711 1.830225
vt 0.284598 1.801695
vt 0.303711 1.803369
vt 0.316797 1.771729
vt 0.314128 1.785140
vt 0.321987 1.803090
vt 0.331473 1.813972
vt 0.344153 1.832015
vt 0.344727 1.803369
vt 0.378418 1.807276
vt 0.388184 1.829737
vt 0.416518 1.824704
vt 0.420155 1.807764
vt 0.449762 1.809297
vt 0.448893 1.797836
vt 0.424191 1.800095
vt 0.424631 1.783873
vt 0.445964 1.782862
vt 0.443685 1.775049
vt 0.360352 1.793604
vt 0.334263 1.769608
vt 0.362793 1.776514
vt 0.329156 1.787818
vt 0.392643 1.798470
vt 0.396371 1.780376
vt 0.397470 1.774545
vt 0.421486 1.776483
vt 0.417922 1.770453
vt 0.394957 1.769533
vt 0.365560 1.769515
vt 0.370443 1.763005
vt 0.349609 1.760010
vt 0.344308 1.764307
vt 0.336719 1.757666
vt 0.440267 1.767725
vt 0.422433 1.762633
vt 0.407087 1.762912
vt 0.391602 1.761573
vt 0.376953 1.758122
vt 0.381250 1.753955
vt 0.392969 1.757276
vt 0.406529 1.759285
vt 0.421596 1.759006
vt 0.437500 1.760959
vt 0.452009 1.757890
vt 0.355415 1.755616
vt 0.364546 1.749852
vt 0.369725 1.747469
vt 0.365835 1.742022
vt 0.370761 1.738369
vt 0.341206 1.743929
vt 0.329722 1.748511
vt 0.319987 1.754216
vt 0.323893 1.760726
vt 0.375087 1.740864
vt 0.378733 1.738476
vt 0.373003 1.735981
vt 0.371936 1.733518
vt 0.374756 1.735614
vt 0.379684 1.736724
vt 0.387700 1.737569
vt 0.394531 1.750356
vt 0.407138 1.751700
vt 0.383168 1.748149
vt 0.384896 1.742953
vt 0.387134 1.739275
vt 0.396903 1.737661
vt 0.396624 1.739335
vt 0.395368 1.743799
vt 0.407366 1.744218
vt 0.420632 1.752411
vt 0.419643 1.744357
vt 0.419782 1.738637
vt 0.407785 1.738498
vt 0.408064 1.736963
vt 0.419922 1.736545
vt 0.430246 1.739195
vt 0.430525 1.737382
vt 0.438337 1.741846
vt 0.438337 1.740311
vt 0.443555 1.741846
vt 0.447070 1.742237
vt 0.438198 1.739056
vt 0.439844 1.737549
vt 0.453906 1.742041
vt 0.452962 1.730616
vt 0.430246 1.745334
vt 0.433061 1.751168
vt 0.444425 1.750635
vt 0.439844 1.745948
vt 0.448633 1.745166
vt 0.435547 1.757890
vt 0.448382 1.754541
vt 0.443059 1.722690
vt 0.425049 1.716944
vt 0.409570 1.734229
vt 0.408913 1.731459
vt 0.421520 1.731104
vt 0.420480 1.734173
vt 0.431641 1.733301
vt 0.430664 1.736377
vt 0.549316 1.528955
vt 0.569661 1.556625
vt 0.550293 1.563135
vt 0.518066 1.539698
vt 0.541016 1.538233
vt 0.354736 1.629786
vt 0.369141 1.619043
vt 0.361328 1.638086
vt 0.352941 1.634872
vt 0.338379 1.628321
vt 0.348633 1.620996
vt 0.325928 1.623926
vt 0.345052 1.613916
vt 0.325063 1.617768
vt 0.339548 1.602150
vt 0.324017 1.604237
vt 0.322611 1.595121
vt 0.309618 1.604257
vt 0.312022 1.595323
vt 0.309707 1.617294
vt 0.294044 1.595199
vt 0.303060 1.593300
vt 0.303060 1.604042
vt 0.303168 1.616629
vt 0.303467 1.623926
vt 0.386700 1.507302
vt 0.359203 1.510302
vt 0.360158 1.521536
vt 0.387273 1.491774
vt 0.418029 1.507943
vt 0.406188 1.516484
vt 0.445973 1.523467
vt 0.437921 1.498713
vt 0.280046 1.512208
vt 0.261326 1.527852
vt 0.303039 1.494387
vt 0.303039 1.511450
vt 0.258512 1.535315
vt 0.281235 1.530251
vt 0.278395 1.535491
vt 0.303819 1.531451
vt 0.303385 1.534706
vt 0.326923 1.535040
vt 0.172607 1.712549
vt 0.153076 1.717920
vt 0.218164 1.712940
vt 0.235460 1.718241
vt 0.249114 1.727976
vt 0.263164 1.726190
vt 0.280518 1.732569
vt 0.232096 1.725123
vt 0.179798 1.776368
vt 0.261719 1.666162
vt 0.253662 1.662989
vt 0.250638 1.654168
vt 0.246582 1.660303
vt 0.242920 1.650216
vt 0.264899 1.674790
vt 0.256986 1.671943
vt 0.250244 1.667871
vt 0.243652 1.659815
vt 0.240540 1.649783
vt 0.225911 1.640935
vt 0.228841 1.632797
vt 0.211263 1.618148
vt 0.205426 1.626982
vt 0.189288 1.614080
vt 0.359131 1.659082
vt 0.079297 1.565088
vt 0.033854 1.586573
vt 0.078125 1.587549
vt 0.026367 1.583643
vt 0.017578 1.632959
vt 0.044704 1.754134
vt 0.045329 1.839554
vt 0.029079 1.771224
vt 0.059515 1.789774
vt 0.066965 1.818814
vt 0.073232 1.883994
vt 0.106716 1.867904
vt 0.109971 1.934304
vt 0.131130 1.894274
vt 0.132107 1.960674
vt 0.163357 1.916734
vt 0.206325 1.930404
vt 0.188747 1.975324
vt 0.254177 1.940164
vt 0.303005 1.942444
vt 0.276638 1.990944
vt 0.304307 1.992574
vt 0.030544 1.734114
vt 0.017849 1.763414
vt 0.018825 1.739974
vt 0.013617 1.745504
vt 0.017325 1.710264
vt 0.011796 1.687444
vt 0.012624 1.743824
vt 0.011877 1.742554
vt 0.011012 1.741084
vt 0.008912 1.748184
vt 0.008166 1.679064
vt 0.007496 1.743764
vt 0.006118 1.743224
vt 0.004511 1.745214
vt 0.004693 1.673684
vt 0.003182 1.745264
vt 0.001735 1.747784
vt 0.001287 1.669774
vt 0.558864 1.789774
vt 0.547809 1.789074
vt 0.565049 1.752014
vt 0.528037 1.818924
vt 0.548749 1.839664
vt 0.508409 1.920634
vt 0.489980 1.868014
vt 0.466607 1.894374
vt 0.464138 1.914774
vt 0.444607 1.929104
vt 0.435755 1.916834
vt 0.396429 1.972724
vt 0.394618 1.930504
vt 0.348807 1.940274
vt 0.374945 1.990294
vt 0.318304 1.985744
vt 0.304307 1.991924
vt 0.571560 1.773174
vt 0.590440 1.767644
vt 0.585232 1.736554
vt 0.598903 1.743874
vt 0.601833 1.764384
vt 0.600345 1.716214
vt 0.602196 1.740524
vt 0.606670 1.737014
vt 0.607904 1.691254
vt 0.609907 1.738124
vt 0.610706 1.677864
vt 0.611601 1.734884
vt 0.613249 1.734484
vt 0.615171 1.735944
vt 0.614670 1.671814
vt 0.616761 1.735984
vt 0.621142 1.737524
vt 0.620388 1.674214
vt 0.251302 1.634750
vt 0.245361 1.639795
vt 0.243164 1.637354
vt 0.417050 1.869673
vt 0.436461 1.916756
vt 0.395324 1.930427
vt 0.391341 1.876895
vt 0.349513 1.940192
vt 0.344377 1.883341
vt 0.303060 1.885075
vt 0.303711 1.942367
vt 0.254883 1.940088
vt 0.260248 1.883234
vt 0.211427 1.876787
vt 0.207031 1.930323
vt 0.184388 1.869565
vt 0.164063 1.916651
vt 0.143762 1.848503
vt 0.131836 1.894190
vt 0.062984 1.842312
vt 0.038155 1.867662
vt 0.065240 1.849262
vt 0.043216 1.864612
vt 0.014646 1.910721
vt 0.017930 1.949992
vt 0.034688 1.952612
vt 0.048680 1.857001
vt 0.086229 1.841472
vt 0.062201 1.852712
vt 0.082204 1.856512
vt 0.115738 1.858812
vt 0.091385 1.841092
vt 0.104478 1.854191
vt 0.085181 1.853652
vt 0.047003 1.883302
vt 0.060881 1.917362
vt 0.078125 1.904552
vt 0.075915 1.953272
vt 0.056029 1.980742
vt 0.030095 1.970842
vt 0.084209 1.970142
vt 0.102904 1.918522
vt 0.089458 1.912392
vt 0.103564 1.882272
vt 0.119645 1.858812
vt 0.100234 1.861152
vt 0.082390 1.874232
vt 0.088198 1.882992
vt 0.077874 1.892322
vt 0.070590 1.863082
vt 0.079646 1.877132
vt 0.082951 1.856188
vt 0.086997 1.841113
vt 0.062848 1.852374
vt 0.115215 1.858987
vt 0.092178 1.840733
vt 0.105337 1.853864
vt 0.085944 1.853320
vt 0.101072 1.860837
vt 0.083138 1.873945
vt 0.104418 1.881999
vt 0.102381 1.918697
vt 0.090241 1.912176
vt 0.076631 1.953131
vt 0.083686 1.970315
vt 0.055506 1.980918
vt 0.035198 1.952473
vt 0.030581 1.970740
vt 0.018355 1.949849
vt 0.049259 1.856672
vt 0.063635 1.841961
vt 0.065902 1.848921
vt 0.071279 1.862766
vt 0.080381 1.876847
vt 0.088975 1.882715
vt 0.078851 1.904322
vt 0.061521 1.917155
vt 0.038682 1.867356
vt 0.015054 1.910498
vt 0.043768 1.864300
vt 0.047574 1.883030
vt 0.078600 1.892065
vt 0.330078 1.767376
vt 0.324980 1.775403
vt 0.323221 1.786776
vt 0.328683 1.803649
vt 0.073094 1.859154
vt 0.116797 1.859619
vt 0.089844 1.845036
vt 0.615376 1.671735
vt 0.621848 1.737444
vt 0.617467 1.735904
vt 0.621094 1.674138
vt 0.608610 1.691179
vt 0.607376 1.736938
vt 0.610613 1.738042
vt 0.615877 1.735869
vt 0.611412 1.677784
vt 0.613955 1.734406
vt 0.037109 1.736312
vt 0.018555 1.763330
vt 0.023438 1.742497
vt 0.014323 1.745427
vt 0.029785 1.771143
vt 0.468750 1.903467
vt 0.445313 1.929021
vt 0.439941 1.914209
vt 0.491211 1.867823
vt 0.511230 1.890772
vt 0.556641 1.854639
vt 0.579102 1.808252
vt 0.596680 1.804346
vt 0.599121 1.778467
vt 0.607910 1.764795
vt 0.602902 1.740441
vt 0.596094 1.727588
vt 0.347005 1.671859
vt 0.352570 1.658395
vt 0.360352 1.658187
vt 0.005487 1.742823
vt 0.009233 1.679257
vt 0.007990 1.744066
vt 0.005399 1.673609
vt 0.003888 1.745188
vt 0.002441 1.747705
vt 0.001993 1.669699
vt 0.019857 1.710271
vt 0.012502 1.687361
vt 0.013330 1.743742
vt 0.012583 1.742474
vt 0.011718 1.741007
vt 0.009618 1.748101
vt 0.206238 1.530062
vt 0.225506 1.531935
vt 0.216470 1.541961
vt 0.206623 1.543577
vt 0.219852 1.554183
vt 0.133984 1.494776
vt 0.089453 1.511182
vt 0.124609 1.518994
vt 0.179297 1.528760
vt 0.169958 1.482638
vt 0.082031 1.536963
vt 0.170524 1.543191
vt 0.148828 1.542823
vt 0.187768 1.545726
vt 0.202476 1.550544
vt 0.213390 1.557480
vt 0.217867 1.565064
vt 0.211135 1.562843
vt 0.217400 1.567341
vt 0.118750 1.541260
vt 0.116406 1.564307
vt 0.200721 1.560839
vt 0.183709 1.560388
vt 0.210330 1.569002
vt 0.216572 1.571806
vt 0.219962 1.569262
vt 0.223805 1.572097
vt 0.234490 1.572901
vt 0.230354 1.576692
vt 0.246517 1.576456
vt 0.219095 1.577841
vt 0.210349 1.575818
vt 0.200965 1.571231
vt 0.191448 1.573032
vt 0.165190 1.560918
vt 0.181543 1.576574
vt 0.145196 1.563602
vt 0.163933 1.582215
vt 0.143089 1.588057
vt 0.164251 1.604443
vt 0.184013 1.592619
vt 0.193559 1.587082
vt 0.202312 1.580402
vt 0.213589 1.589557
vt 0.225367 1.593515
vt 0.248001 1.598759
vt 0.270458 1.592151
vt 0.282983 1.594997
vt 0.288940 1.592361
vt 0.219727 1.604151
vt 0.405182 1.606628
vt 0.412311 1.614203
vt 0.417361 1.592743
vt 0.408222 1.587207
vt 0.436280 1.604566
vt 0.419726 1.576700
vt 0.436585 1.582340
vt 0.456540 1.588182
vt 0.454590 1.562159
vt 0.484180 1.589758
vt 0.481969 1.562906
vt 0.482975 1.621836
vt 0.457718 1.610531
vt 0.523419 1.626651
vt 0.141858 1.610408
vt 0.114219 1.589633
vt 0.512207 1.514795
vt 0.450293 1.543311
vt 0.479492 1.541162
vt 0.435381 1.561044
vt 0.417652 1.560515
vt 0.430275 1.543318
vt 0.410243 1.573157
vt 0.397719 1.598103
vt 0.383464 1.604802
vt 0.356102 1.598883
vt 0.363037 1.609522
vt 0.334602 1.592275
vt 0.347864 1.587960
vt 0.334061 1.590717
vt 0.344458 1.580320
vt 0.330029 1.581931
vt 0.316908 1.592485
vt 0.316829 1.577456
vt 0.326519 1.577027
vt 0.316875 1.574499
vt 0.316672 1.584094
vt 0.303168 1.590153
vt 0.289187 1.582016
vt 0.275235 1.581806
vt 0.289022 1.577330
vt 0.278901 1.576902
vt 0.288975 1.574373
vt 0.264321 1.576393
vt 0.249609 1.572785
vt 0.254556 1.571316
vt 0.270058 1.573974
vt 0.256606 1.587835
vt 0.260163 1.580195
vt 0.271024 1.590592
vt 0.243101 1.583953
vt 0.228631 1.581632
vt 0.242559 1.570058
vt 0.246022 1.569113
vt 0.231847 1.567156
vt 0.230124 1.568190
vt 0.225151 1.567685
vt 0.225955 1.567318
vt 0.224501 1.567213
vt 0.222244 1.567344
vt 0.223357 1.567082
vt 0.221935 1.566872
vt 0.223574 1.566767
vt 0.222925 1.566400
vt 0.226877 1.567089
vt 0.230329 1.565507
vt 0.232710 1.566912
vt 0.245358 1.565756
vt 0.248119 1.568418
vt 0.259053 1.568793
vt 0.228516 1.560965
vt 0.243004 1.559375
vt 0.223913 1.565644
vt 0.221260 1.563233
vt 0.222256 1.566101
vt 0.221155 1.566918
vt 0.221409 1.567554
vt 0.223759 1.568131
vt 0.227252 1.569799
vt 0.228299 1.553152
vt 0.241862 1.552230
vt 0.257158 1.560968
vt 0.256420 1.551584
vt 0.271886 1.561562
vt 0.271519 1.551213
vt 0.226863 1.541971
vt 0.242188 1.544472
vt 0.257186 1.541962
vt 0.272987 1.540299
vt 0.287109 1.539848
vt 0.286899 1.550891
vt 0.303571 1.550579
vt 0.303786 1.538946
vt 0.318862 1.551018
vt 0.318359 1.539698
vt 0.333586 1.551339
vt 0.332482 1.540449
vt 0.348042 1.551711
vt 0.347308 1.542089
vt 0.287279 1.560995
vt 0.303223 1.560938
vt 0.318499 1.561121
vt 0.333235 1.561689
vt 0.347335 1.561094
vt 0.361979 1.552718
vt 0.361049 1.560345
vt 0.375652 1.561524
vt 0.375977 1.553369
vt 0.379162 1.565770
vt 0.381703 1.563359
vt 0.380748 1.566226
vt 0.384951 1.565190
vt 0.373703 1.565849
vt 0.358632 1.565882
vt 0.345521 1.568919
vt 0.331562 1.570149
vt 0.316374 1.569655
vt 0.303223 1.568262
vt 0.289498 1.569529
vt 0.273634 1.570023
vt 0.370740 1.567038
vt 0.376324 1.567214
vt 0.355988 1.568544
vt 0.343299 1.571008
vt 0.330351 1.572170
vt 0.316560 1.571727
vt 0.303223 1.571110
vt 0.289304 1.571601
vt 0.274898 1.572044
vt 0.261374 1.570883
vt 0.380109 1.566526
vt 0.379487 1.566893
vt 0.381056 1.566998
vt 0.379694 1.567208
vt 0.378599 1.567339
vt 0.380760 1.567470
vt 0.377977 1.567811
vt 0.377208 1.567443
vt 0.372323 1.567470
vt 0.373655 1.568152
vt 0.357996 1.569239
vt 0.361311 1.570183
vt 0.349826 1.571442
vt 0.334985 1.574099
vt 0.354562 1.572910
vt 0.340477 1.576519
vt 0.370353 1.573263
vt 0.357522 1.576582
vt 0.379309 1.568256
vt 0.376723 1.568937
vt 0.381559 1.567680
vt 0.381803 1.567044
vt 0.385398 1.567467
vt 0.382945 1.569387
vt 0.379956 1.571640
vt 0.374135 1.577183
vt 0.360792 1.584078
vt 0.377770 1.593639
vt 0.386190 1.571932
vt 0.385097 1.577153
vt 0.375569 1.581444
vt 0.392334 1.576319
vt 0.399843 1.580527
vt 0.389046 1.589681
vt 0.401132 1.571356
vt 0.401366 1.560965
vt 0.399686 1.550671
vt 0.413766 1.545854
vt 0.422523 1.529973
vt 0.396084 1.530190
vt 0.391396 1.562969
vt 0.389236 1.557606
vt 0.395715 1.543704
vt 0.386288 1.542088
vt 0.383594 1.553760
vt 0.377638 1.532063
vt 0.376338 1.542098
vt 0.382348 1.518264
vt 0.360677 1.538830
vt 0.361328 1.545123
vt 0.346039 1.537396
vt 0.383573 1.479064
vt 0.430817 1.482769
vt 0.477051 1.519190
vt 0.472923 1.494906
vt 0.243056 1.536876
vt 0.196734 1.606505
vt 0.204102 1.598617
vt 0.303385 1.575179
vt 0.303277 1.573660
vt 0.303277 1.577567
vt 0.303277 1.584185
vt 0.392167 1.569127
vt 0.392590 1.736442
vt 0.859309 1.994174
vt 0.841594 1.964159
vt 0.823278 1.991302
vt 0.864564 1.961574
vt 0.883931 1.972920
vt 0.885732 1.954538
vt 0.922201 1.956364
vt 0.904348 1.934432
vt 0.941732 1.941716
vt 0.924165 1.919497
vt 0.935575 1.906285
vt 0.958395 1.924667
vt 0.968184 1.914469
vt 0.976274 1.906089
vt 0.957181 1.890294
vt 0.986816 1.899561
vt 0.925367 1.835628
vt 0.943382 1.827586
vt 0.916359 1.811789
vt 0.924165 1.891924
vt 0.934975 1.874691
vt 0.908432 1.842751
vt 0.902307 1.862053
vt 0.964948 1.881591
vt 0.948787 1.897381
vt 0.821327 1.964159
vt 0.793252 1.983260
vt 0.798357 1.961144
vt 0.670746 1.860904
vt 0.699722 1.814661
vt 0.673828 1.806625
vt 0.688762 1.868371
vt 0.723592 1.821124
vt 0.709630 1.871100
vt 0.731999 1.869521
vt 0.747012 1.819544
vt 0.752417 1.882158
vt 0.890536 1.892498
vt 0.883330 1.870095
vt 0.873722 1.901115
vt 0.878886 1.838616
vt 0.888435 1.812507
vt 0.861712 1.741420
vt 0.889335 1.737399
vt 0.919962 1.737629
vt 0.943382 1.804034
vt 0.808265 1.943910
vt 0.800895 1.925515
vt 0.826881 1.925816
vt 0.826461 1.902683
vt 0.853304 1.902838
vt 0.801122 1.902204
vt 0.777197 1.921146
vt 0.786647 1.938453
vt 0.956594 1.856883
vt 0.965332 1.842595
vt 0.645182 1.804997
vt 0.677083 1.749984
vt 0.706477 1.755207
vt 0.733050 1.758654
vt 0.760974 1.759084
vt 0.768631 1.808630
vt 0.852704 1.924667
vt 0.834388 1.945634
vt 0.874322 1.921794
vt 0.855556 1.943480
vt 0.884531 1.938453
vt 0.893539 1.916050
vt 0.909499 1.908075
vt 0.904949 1.885605
vt 0.696995 1.502315
vt 0.671347 1.571961
vt 0.670893 1.497898
vt 0.698671 1.572248
vt 0.690443 1.610793
vt 0.673449 1.634575
vt 0.909153 1.562195
vt 0.935275 1.609156
vt 0.903027 1.606312
vt 0.933774 1.565067
vt 0.939453 1.495427
vt 0.907038 1.494500
vt 0.882129 1.563229
vt 0.873204 1.491539
vt 0.965495 1.570297
vt 0.967448 1.637354
vt 0.966797 1.493474
vt 0.944283 1.441563
vt 0.967576 1.442855
vt 0.918160 1.440701
vt 0.885768 1.440580
vt 0.858130 1.439840
vt 0.837884 1.485232
vt 0.831699 1.439188
vt 0.806397 1.476599
vt 0.804357 1.439137
vt 0.773669 1.467976
vt 0.775552 1.442328
vt 0.744681 1.444465
vt 0.750328 1.522691
vt 0.725105 1.511577
vt 0.715686 1.442743
vt 0.682399 1.443596
vt 0.858709 1.565642
vt 0.830485 1.569088
vt 0.810067 1.571673
vt 0.781542 1.573397
vt 0.751817 1.573684
vt 0.725093 1.572248
vt 0.716986 1.604704
vt 0.872671 1.604847
vt 0.838892 1.602693
vt 0.814871 1.602406
vt 0.787547 1.603555
vt 0.762776 1.603555
vt 0.741608 1.603555
vt 0.645224 1.571673
vt 0.645833 1.492823
vt 0.650380 1.443286
vt 0.681660 1.443596
vt 0.907711 1.657322
vt 0.935547 1.652979
vt 0.873572 1.655685
vt 0.843095 1.641468
vt 0.818474 1.635149
vt 0.846098 1.686849
vt 0.941581 1.692306
vt 0.944583 1.863202
vt 0.972819 1.871241
vt 0.968359 1.806104
vt 0.882197 1.691766
vt 0.910954 1.693167
vt 0.646125 1.635149
vt 0.898348 1.434461
vt 0.908420 1.417085
vt 0.944397 1.417230
vt 0.998047 1.423161
vt 0.935427 1.430704
vt 0.954925 1.348012
vt 0.996715 1.337638
vt 0.955544 1.260251
vt 0.994922 1.261442
vt 0.995042 1.181525
vt 0.963052 1.178243
vt 0.993873 1.150754
vt 0.960286 1.150296
vt 0.995849 1.085010
vt 0.994575 1.116087
vt 0.957125 1.085697
vt 0.957011 1.056914
vt 0.996094 1.048975
vt 0.958213 1.003681
vt 0.995105 1.004303
vt 0.914848 1.005547
vt 0.916936 1.067883
vt 0.925008 1.095074
vt 0.958310 1.120974
vt 0.932678 1.178665
vt 0.919982 1.258877
vt 0.916320 1.358120
vt 0.883215 1.376332
vt 0.893562 1.260164
vt 0.879251 1.004303
vt 0.880836 1.069478
vt 0.901893 1.097605
vt 0.905442 1.122973
vt 0.929872 1.123358
vt 0.906190 1.181223
vt 0.905908 1.155689
vt 0.881104 1.122483
vt 0.881508 1.183410
vt 0.880435 1.153223
vt 0.866172 1.269082
vt 0.855572 1.372990
vt 0.838541 1.276555
vt 0.834888 1.372727
vt 0.813384 1.373184
vt 0.813354 1.285761
vt 0.784947 1.372242
vt 0.787748 1.302374
vt 0.749655 1.373480
vt 0.754217 1.186791
vt 0.715008 1.184136
vt 0.724648 1.374469
vt 0.795649 1.184674
vt 0.829531 1.182060
vt 0.852983 1.183930
vt 0.853281 1.152344
vt 0.877635 1.092944
vt 0.793784 1.149697
vt 0.827386 1.152042
vt 0.629925 1.261759
vt 0.629808 1.181525
vt 0.655040 1.288427
vt 0.627752 1.337283
vt 0.664130 1.047501
vt 0.636077 1.084997
vt 0.635480 1.048587
vt 0.674599 1.087759
vt 0.694632 1.046443
vt 0.717274 1.090508
vt 0.723346 1.045958
vt 0.749873 1.089821
vt 0.749350 1.047618
vt 0.779393 1.055274
vt 0.790178 1.095318
vt 0.810563 1.064682
vt 0.826926 1.098067
vt 0.845321 1.067767
vt 0.853112 1.094702
vt 0.663465 1.001871
vt 0.634597 1.003059
vt 0.693495 1.000570
vt 0.720032 1.000570
vt 0.748787 1.001511
vt 0.777611 1.004766
vt 0.809350 1.003681
vt 0.842359 1.003059
vt 0.754577 1.150766
vt 0.712533 1.149609
vt 0.679668 1.183645
vt 0.678418 1.379294
vt 0.700845 1.376678
vt 0.932752 1.150283
vt 0.853909 1.121962
vt 0.825741 1.125556
vt 0.792350 1.121944
vt 0.752593 1.120677
vt 0.647454 1.400632
vt 0.627441 1.423161
vt 0.644531 1.846338
vt 0.739506 1.681679
vt 0.765328 1.682828
vt 0.711882 1.681679
vt 0.679688 1.681625
vt 0.644531 1.687484
vt 0.644531 1.742172
vt 0.787007 1.753484
vt 0.789349 1.683258
vt 0.773435 1.841947
vt 0.793853 1.801162
vt 0.810427 1.750726
vt 0.816372 1.684551
vt 0.834568 1.746590
vt 0.796856 1.834480
vt 0.821815 1.829368
vt 0.825080 1.800013
vt 0.849225 1.830132
vt 0.853304 1.802311
vt 0.971006 1.743144
vt 0.971006 1.687998
vt 0.945184 1.738318
vt 0.699091 1.642502
vt 0.723292 1.647500
vt 0.747012 1.648936
vt 0.775837 1.641899
vt 0.737644 1.633885
vt 0.753858 1.632851
vt 0.775837 1.627681
vt 0.795204 1.639314
vt 0.720289 1.634575
vt 0.698370 1.631990
vt 0.712533 1.116622
vt 0.684028 1.117939
vt 0.632008 1.116674
vt 0.681712 1.148234
vt 0.630149 1.150138
vt 0.893539 1.991876
vt 0.981129 1.934454
vt 0.963199 1.949942
vt 0.940104 1.972315
vt 0.997070 1.890935
vt 0.983398 1.857894
vt 0.998047 1.879379
vt 0.765028 1.966026
vt 0.768031 1.941900
vt 0.743409 1.948793
vt 0.753899 1.920951
vt 0.726172 1.931104
vt 0.741608 1.903987
vt 0.710381 1.912604
vt 0.725994 1.893073
vt 0.699722 1.899535
vt 0.683984 1.888135
vt 0.666016 1.881104
vt 0.638212 1.872648
vt 0.738605 1.957410
vt 0.715185 1.948793
vt 0.687561 1.941325
vt 0.675551 1.909157
vt 0.659939 1.895817
vt 0.633064 1.913180
vt 0.655133 1.926390
vt 0.776059 1.899307
vt 0.284315 1.119790
vt 0.284915 1.127335
vt 0.231733 1.111285
vt 0.341220 1.112724
vt 0.329224 1.096411
vt 0.383366 1.070054
vt 0.370733 1.057896
vt 0.410350 1.051382
vt 0.399409 1.036214
vt 0.424066 1.026978
vt 0.573242 1.070297
vt 0.526693 1.054672
vt 0.527018 1.039372
vt 0.566081 1.037744
vt 0.620117 1.044906
vt 0.618164 1.084619
vt 0.582682 1.012028
vt 0.549609 1.010010
vt 0.523249 1.007232
vt 0.485352 1.029281
vt 0.424586 1.020767
vt 0.365975 1.049488
vt 0.394471 1.018135
vt 0.324188 1.086010
vt 0.283231 1.112726
vt 0.236637 1.101151
vt 0.280158 1.091997
vt 0.241045 1.085278
vt 0.196253 1.059451
vt 0.200997 1.052663
vt 0.173698 1.040218
vt 0.356450 1.028669
vt 0.318061 1.047749
vt 0.280112 1.053819
vt 0.246933 1.048187
vt 0.205902 1.040756
vt 0.176391 1.031632
vt 0.221921 1.006702
vt 0.250504 1.007842
vt 0.280052 1.006133
vt 0.308818 1.003587
vt 0.342487 1.000602
vt 0.389556 1.000056
vt 0.424960 1.000296
vt 0.620443 1.012354
vt 0.597005 1.234359
vt 0.622489 1.252588
vt 0.622210 1.219385
vt 0.573103 1.252030
vt 0.599284 1.203760
vt 0.622656 1.149073
vt 0.571484 1.165479
vt 0.570313 1.214307
vt 0.554297 1.181495
vt 0.531648 1.199065
vt 0.536556 1.224336
vt 0.485966 1.209946
vt 0.488231 1.234515
vt 0.429461 1.234047
vt 0.431601 1.242938
vt 0.393752 1.236533
vt 0.395734 1.253117
vt 0.352695 1.239604
vt 0.350807 1.260488
vt 0.549959 1.251889
vt 0.513621 1.240482
vt 0.530138 1.258908
vt 0.496159 1.257154
vt 0.470204 1.257154
vt 0.456990 1.277774
vt 0.480114 1.272070
vt 0.431506 1.281723
vt 0.395734 1.287514
vt 0.354583 1.293481
vt 0.306761 1.294299
vt 0.308335 1.238727
vt 0.308146 1.264349
vt 0.258311 1.261248
vt 0.257052 1.287280
vt 0.219141 1.258470
vt 0.231411 1.280845
vt 0.195073 1.268999
vt 0.179028 1.243553
vt 0.163926 1.260225
vt 0.137971 1.231707
vt 0.121094 1.243311
vt 0.102539 1.220850
vt 0.073317 1.258908
vt 0.060532 1.215113
vt 0.045159 1.253059
vt 0.014799 1.210531
vt 0.017630 1.248379
vt 0.262558 1.236972
vt 0.219613 1.234778
vt 0.181859 1.231707
vt 0.139858 1.222932
vt 0.140802 1.216351
vt 0.184691 1.220739
vt 0.219613 1.225565
vt 0.263030 1.228636
vt 0.307391 1.230391
vt 0.016215 1.181253
vt 0.062314 1.194124
vt 0.064823 1.164581
vt 0.104936 1.182130
vt 0.134667 1.198363
vt 0.168174 1.206260
vt 0.201208 1.208454
vt 0.239496 1.207471
vt 0.272864 1.204098
vt 0.306231 1.202093
vt 0.339211 1.204098
vt 0.371965 1.207472
vt 0.038867 1.151419
vt 0.007093 1.135869
vt 0.012439 1.120269
vt 0.352223 1.231268
vt 0.391865 1.229952
vt 0.403261 1.205794
vt 0.427825 1.227144
vt 0.443776 1.195292
vt 0.476905 1.182569
vt 0.510317 1.163704
vt 0.539104 1.130799
vt 0.567969 1.112354
vt 0.619614 1.083942
vt 0.011563 1.210523
vt 0.011367 1.180016
vt 0.015869 1.252782
vt 0.186579 1.292252
vt 0.217537 1.304712
vt 0.248872 1.321910
vt 0.278698 1.332089
vt 0.307013 1.337354
vt 0.337216 1.334195
vt 0.359113 1.324016
vt 0.400265 1.304010
vt 0.070958 1.265051
vt 0.092194 1.271632
vt 0.094554 1.266367
vt 0.045061 1.256660
vt 0.183247 1.077281
vt 0.169722 1.044601
vt 0.164897 1.049118
vt 0.012695 1.050928
vt 0.031738 1.026026
vt 0.045410 1.055811
vt 0.034668 1.078272
vt 0.003418 1.085108
vt 0.531554 1.263296
vt 0.551374 1.256276
vt 0.573382 1.255936
vt 0.621931 1.256494
vt 0.427230 1.044654
vt 0.458518 1.024997
vt 0.454928 1.038492
vt 0.484701 1.043604
vt 0.497266 1.004151
vt 0.456791 1.002240
vt 0.424324 1.014622
vt 0.140453 1.019848
vt 0.143323 1.004728
vt 0.107654 1.004589
vt 0.187687 1.005354
vt 0.511261 1.269262
vt 0.153544 1.281723
vt 0.127116 1.273825
vt 0.436068 1.292837
vt 0.463529 1.285734
vt 0.483155 1.277530
vt 0.125229 1.279529
vt 0.135931 1.030961
vt 0.106199 1.025821
vt 0.133096 1.037037
vt 0.102938 1.033931
vt 0.068124 1.035537
vt 0.081990 1.023930
vt 0.081091 1.013052
vt 0.052246 1.014795
vt 0.464339 1.287614
vt 0.484833 1.279717
vt 0.512771 1.272070
s 1
usemtl HEAD
f 1/1/1 2/2/2 3/3/3
f 4/4/4 2/2/2 1/1/1
f 1/1/1 3/3/3 5/5/5
f 6/6/6 1/1/1 5/5/5
f 4/4/4 1/1/1 7/7/7
f 7/7/7 1/1/1 6/6/6
f 8/8/8 4/4/4 7/7/7
f 9/9/9 8/8/8 10/10/10
f 10/10/10 8/8/8 7/7/7
f 11/11/11 9/9/9 10/10/10
f 12/12/12 9/9/9 11/11/11
f 13/13/13 12/12/12 11/11/11
f 14/14/14 12/12/12 13/13/13
f 14/14/14 15/15/15 12/12/12
f 16/16/16 14/14/14 13/13/13
f 17/17/17 16/16/16 13/13/13
f 18/18/18 17/17/17 13/13/13
f 11/11/11 18/18/18 13/13/13
f 19/19/19 18/18/18 11/11/11
f 20/20/20 21/21/21 22/22/22
f 21/21/21 23/23/23 22/22/22
f 24/24/24 20/20/20 22/22/22
f 20/20/20 25/25/25 5/5/5
f 25/25/25 20/20/20 24/24/24
f 26/26/26 25/25/25 24/24/24
f 27/27/27 25/25/25 26/26/26
f 28/28/28 25/25/25 27/27/27
f 25/25/25 29/29/29 5/5/5
f 29/29/29 25/25/25 28/28/28
f 5/5/5 29/29/29 6/6/6
f 6/6/6 29/29/29 30/30/30
f 30/30/30 29/29/29 28/28/28
f 7/7/7 6/6/6 31/31/31
f 10/10/10 7/7/7 31/31/31
f 31/31/31 6/6/6 30/30/30
f 19/19/19 11/11/11 32/32/32
f 32/32/32 10/10/10 31/31/31
f 11/11/11 10/10/10 32/32/32
f 33/33/33 34/34/34 35/35/35
f 36/36/36 34/34/34 33/33/33
f 26/26/26 37/37/37 36/36/36
f 37/37/37 34/34/34 36/36/36
f 38/38/38 37/37/37 26/26/26
f 22/22/22 38/38/38 24/24/24
f 24/24/24 38/38/38 26/26/26
f 37/37/37 38/38/38 22/22/22
f 34/34/34 37/37/37 39/39/39
f 39/39/39 37/37/37 22/22/22
f 40/40/40 34/34/34 39/39/39
f 41/41/41 40/40/40 39/39/39
f 23/23/23 42/42/42 22/22/22
f 42/42/42 41/41/41 39/39/39
f 22/22/22 42/42/42 39/39/39
f 43/43/43 44/44/44 45/45/45
f 46/46/46 44/44/44 43/43/43
f 47/47/47 46/46/46 43/43/43
f 48/48/48 46/46/46 47/47/47
f 49/49/49 48/48/48 47/47/47
f 50/50/50 48/48/48 49/49/49
f 51/51/51 48/48/48 50/50/50
f 52/52/52 51/51/51 50/50/50
f 41/41/41 52/52/52 50/50/50
f 42/42/42 52/52/52 41/41/41
f 23/23/23 52/52/52 42/42/42
f 53/53/53 52/52/52 23/23/23
f 54/54/54 52/52/52 53/53/53
f 52/52/52 54/54/54 51/51/51
f 51/51/51 55/55/55 48/48/48
f 54/54/54 55/55/55 51/51/51
f 55/55/55 56/56/56 48/48/48
f 48/48/48 56/56/56 46/46/46
f 57/57/57 56/56/56 55/55/55
f 46/46/46 56/56/56 58/58/58
f 58/58/58 56/56/56 57/57/57
f 44/44/44 46/46/46 58/58/58
f 44/44/44 58/58/58 59/59/59
f 45/45/45 44/44/44 59/59/59
f 60/60/60 45/45/45 59/59/59
f 59/59/59 61/61/61 60/60/60
f 62/62/62 15/15/15 14/14/14
f 60/60/60 61/61/61 63/63/63
f 45/45/45 60/60/60 64/64/64
f 64/64/64 60/60/60 63/63/63
f 65/65/65 45/45/45 64/64/64
f 43/43/43 45/45/45 65/65/65
f 47/47/47 43/43/43 66/66/66
f 66/66/66 43/43/43 65/65/65
f 49/49/49 47/47/47 67/67/67
f 67/67/67 47/47/47 66/66/66
f 50/50/50 49/49/49 68/68/68
f 68/68/68 49/49/49 67/67/67
f 65/65/65 69/69/69 66/66/66
f 63/63/63 70/70/70 64/64/64
f 64/64/64 70/70/70 65/65/65
f 70/70/70 69/69/69 65/65/65
f 71/71/71 70/70/70 63/63/63
f 62/62/62 71/71/71 63/63/63
f 14/14/14 71/71/71 62/62/62
f 16/16/16 72/72/72 14/14/14
f 72/72/72 71/71/71 14/14/14
f 17/17/17 72/72/72 16/16/16
f 73/73/73 72/72/72 17/17/17
f 74/74/74 72/72/72 73/73/73
f 75/75/75 72/72/72 74/74/74
f 76/76/76 75/75/75 74/74/74
f 77/77/77 75/75/75 76/76/76
f 78/78/78 77/77/77 76/76/76
f 79/79/79 78/78/78 76/76/76
f 80/80/80 78/78/78 79/79/79
f 75/75/75 77/77/77 81/81/81
f 69/69/69 70/70/70 81/81/81
f 82/82/82 75/75/75 81/81/81
f 72/72/72 75/75/75 82/82/82
f 81/81/81 70/70/70 82/82/82
f 70/70/70 71/71/71 82/82/82
f 71/71/71 72/72/72 82/82/82
f 77/77/77 83/83/83 81/81/81
f 69/69/69 83/83/83 66/66/66
f 83/83/83 69/69/69 81/81/81
f 67/67/67 84/84/84 68/68/68
f 66/66/66 84/84/84 67/67/67
f 83/83/83 84/84/84 66/66/66
f 78/78/78 84/84/84 77/77/77
f 84/84/84 83/83/83 77/77/77
f 85/85/85 84/84/84 78/78/78
f 84/84/84 85/85/85 68/68/68
f 80/80/80 86/86/86 78/78/78
f 86/86/86 85/85/85 78/78/78
f 41/41/41 50/50/50 87/87/87
f 68/68/68 85/85/85 87/87/87
f 87/87/87 50/50/50 68/68/68
f 87/87/87 85/85/85 88/88/88
f 85/85/85 86/86/86 88/88/88
f 88/88/88 41/41/41 87/87/87
f 40/40/40 41/41/41 88/88/88
f 80/80/80 35/35/35 89/89/89
f 34/34/34 40/40/40 89/89/89
f 89/89/89 40/40/40 88/88/88
f 35/35/35 34/34/34 89/89/89
f 86/86/86 80/80/80 89/89/89
f 88/88/88 86/86/86 89/89/89
f 90/90/90 91/91/91 92/92/92
f 93/93/93 90/90/90 92/92/92
f 94/94/94 95/95/95 96/96/96
f 97/97/97 94/94/94 96/96/96
f 98/98/98 99/99/99 100/100/100
f 101/101/101 100/100/100 99/99/99
f 102/102/102 103/103/103 98/98/98
f 98/98/98 103/103/103 104/104/104
f 99/99/99 98/98/98 105/105/105
f 104/104/104 105/105/105 98/98/98
f 106/106/106 105/105/105 104/104/104
f 107/107/107 105/105/105 106/106/106
f 108/108/108 107/107/107 106/106/106
f 109/109/109 107/107/107 108/108/108
f 110/110/110 109/109/109 108/108/108
f 111/111/111 109/109/109 110/110/110
f 112/112/112 111/111/111 110/110/110
f 113/113/113 112/112/112 110/110/110
f 114/114/114 112/112/112 113/113/113
f 115/115/115 114/114/114 113/113/113
f 116/116/116 114/114/114 115/115/115
f 117/117/117 116/116/116 115/115/115
f 91/91/91 90/90/90 118/118/118
f 118/118/118 116/116/116 117/117/117
f 119/119/119 116/116/116 118/118/118
f 120/120/120 119/119/119 118/118/118
f 118/118/118 90/90/90 120/120/120
f 121/121/121 119/119/119 120/120/120
f 122/122/122 91/91/91 118/118/118
f 117/117/117 122/122/122 118/118/118
f 123/123/123 122/122/122 117/117/117
f 115/115/115 124/124/124 117/117/117
f 124/124/124 97/97/97 123/123/123
f 124/124/124 123/123/123 117/117/117
f 94/94/94 97/97/97 124/124/124
f 125/125/125 124/124/124 115/115/115
f 113/113/113 125/125/125 115/115/115
f 95/95/95 94/94/94 125/125/125
f 125/125/125 94/94/94 124/124/124
f 110/110/110 125/125/125 113/113/113
f 126/126/126 95/95/95 125/125/125
f 126/126/126 125/125/125 110/110/110
f 106/106/106 127/127/127 108/108/108
f 108/108/108 127/127/127 110/110/110
f 127/127/127 126/126/126 110/110/110
f 104/104/104 128/128/128 106/106/106
f 128/128/128 127/127/127 106/106/106
f 129/129/129 128/128/128 104/104/104
f 103/103/103 129/129/129 104/104/104
f 128/128/128 130/130/130 127/127/127
f 131/131/131 130/130/130 128/128/128
f 129/129/129 131/131/131 128/128/128
f 130/130/130 131/131/131 132/132/132
f 127/127/127 133/133/133 126/126/126
f 134/134/134 133/133/133 132/132/132
f 130/130/130 133/133/133 127/127/127
f 132/132/132 133/133/133 130/130/130
f 135/135/135 98/98/98 100/100/100
f 102/102/102 98/98/98 135/135/135
f 136/136/136 102/102/102 135/135/135
f 137/137/137 136/136/136 135/135/135
f 133/133/133 134/134/134 138/138/138
f 139/139/139 95/95/95 126/126/126
f 95/95/95 139/139/139 138/138/138
f 133/133/133 139/139/139 126/126/126
f 138/138/138 139/139/139 133/133/133
f 96/96/96 95/95/95 140/140/140
f 140/140/140 95/95/95 138/138/138
f 141/141/141 142/142/142 143/143/143
f 144/144/144 141/141/141 143/143/143
f 145/145/145 146/146/146 147/147/147
f 148/148/148 145/145/145 147/147/147
f 149/149/149 145/145/145 148/148/148
f 150/150/150 149/149/149 148/148/148
f 151/151/151 150/150/150 148/148/148
f 152/152/152 150/150/150 151/151/151
f 153/153/153 152/152/152 151/151/151
f 154/154/154 153/153/153 151/151/151
f 155/155/155 153/153/153 154/154/154
f 156/156/156 155/155/155 154/154/154
f 157/157/157 156/156/156 154/154/154
f 158/158/158 156/156/156 157/157/157
f 159/159/159 158/158/158 157/157/157
f 160/160/160 158/158/158 159/159/159
f 161/161/161 142/142/142 141/141/141
f 162/162/162 142/142/142 161/161/161
f 163/163/163 162/162/162 161/161/161
f 164/164/164 162/162/162 163/163/163
f 165/165/165 162/162/162 164/164/164
f 166/166/166 165/165/165 164/164/164
f 167/167/167 165/165/165 166/166/166
f 168/168/168 167/167/167 166/166/166
f 169/169/169 167/167/167 168/168/168
f 170/170/170 167/167/167 169/169/169
f 171/171/171 170/170/170 169/169/169
f 172/172/172 170/170/170 171/171/171
f 173/173/173 174/174/174 175/175/175
f 176/176/176 174/174/174 173/173/173
f 177/177/177 174/174/174 176/176/176
f 178/178/178 177/177/177 176/176/176
f 179/179/179 180/180/180 175/175/175
f 175/175/175 180/180/180 173/173/173
f 181/181/181 179/179/179 175/175/175
f 182/182/182 181/181/181 175/175/175
f 183/183/183 181/181/181 182/182/182
f 184/184/184 183/183/183 182/182/182
f 185/185/185 183/183/183 184/184/184
f 186/186/186 185/185/185 184/184/184
f 187/187/187 186/186/186 184/184/184
f 188/188/188 186/186/186 187/187/187
f 189/189/189 188/188/188 187/187/187
f 190/190/190 188/188/188 189/189/189
f 191/191/191 190/190/190 189/189/189
f 192/192/192 190/190/190 191/191/191
f 193/193/193 192/192/192 191/191/191
f 194/194/194 192/192/192 193/193/193
f 195/195/195 194/194/194 193/193/193
f 196/196/196 194/194/194 195/195/195
f 197/197/197 177/177/177 178/178/178
f 198/198/198 177/177/177 197/197/197
f 199/199/199 198/198/198 197/197/197
f 200/200/200 198/198/198 199/199/199
f 201/201/201 198/198/198 200/200/200
f 202/202/202 201/201/201 200/200/200
f 203/203/203 201/201/201 202/202/202
f 204/204/204 203/203/203 202/202/202
f 205/205/205 204/204/204 202/202/202
f 206/206/206 204/204/204 205/205/205
f 207/207/207 206/206/206 205/205/205
f 208/208/208 209/209/209 210/210/210
f 211/211/211 212/212/212 213/213/213
f 214/214/214 212/212/212 211/211/211
f 214/214/214 215/215/215 209/209/209
f 215/215/215 214/214/214 211/211/211
f 209/209/209 215/215/215 210/210/210
f 216/216/216 215/215/215 211/211/211
f 210/210/210 215/215/215 217/217/217
f 217/217/217 215/215/215 216/216/216
f 212/212/212 218/218/218 219/219/219
f 219/219/219 218/218/218 220/220/220
f 213/213/213 212/212/212 221/221/221
f 221/221/221 212/212/212 219/219/219
f 222/222/222 213/213/213 221/221/221
f 223/223/223 213/213/213 222/222/222
f 224/224/224 223/223/223 222/222/222
f 225/225/225 223/223/223 224/224/224
f 226/226/226 223/223/223 225/225/225
f 223/223/223 227/227/227 213/213/213
f 211/211/211 227/227/227 216/216/216
f 227/227/227 223/223/223 226/226/226
f 216/216/216 227/227/227 226/226/226
f 213/213/213 227/227/227 211/211/211
f 221/221/221 228/228/228 222/222/222
f 219/219/219 229/229/229 221/221/221
f 229/229/229 228/228/228 221/221/221
f 220/220/220 230/230/230 219/219/219
f 230/230/230 229/229/229 219/219/219
f 231/231/231 230/230/230 220/220/220
f 232/232/232 231/231/231 220/220/220
f 220/220/220 218/218/218 232/232/232
f 233/233/233 231/231/231 232/232/232
f 234/234/234 233/233/233 232/232/232
f 235/235/235 233/233/233 234/234/234
f 236/236/236 231/231/231 233/233/233
f 233/233/233 235/235/235 236/236/236
f 230/230/230 231/231/231 237/237/237
f 237/237/237 231/231/231 236/236/236
f 229/229/229 230/230/230 238/238/238
f 238/238/238 230/230/230 237/237/237
f 138/138/138 228/228/228 239/239/239
f 239/239/239 229/229/229 238/238/238
f 228/228/228 229/229/229 239/239/239
f 239/239/239 140/140/140 138/138/138
f 238/238/238 140/140/140 239/239/239
f 134/134/134 224/224/224 240/240/240
f 134/134/134 240/240/240 138/138/138
f 240/240/240 228/228/228 138/138/138
f 240/240/240 222/222/222 228/228/228
f 224/224/224 222/222/222 240/240/240
f 241/241/241 140/140/140 238/238/238
f 236/236/236 242/242/242 237/237/237
f 237/237/237 242/242/242 238/238/238
f 242/242/242 241/241/241 238/238/238
f 243/243/243 242/242/242 236/236/236
f 244/244/244 243/243/243 236/236/236
f 236/236/236 235/235/235 244/244/244
f 245/245/245 242/242/242 243/243/243
f 241/241/241 242/242/242 245/245/245
f 243/243/243 246/246/246 245/245/245
f 244/244/244 246/246/246 243/243/243
f 247/247/247 248/248/248 249/249/249
f 250/250/250 247/247/247 91/91/91
f 122/122/122 250/250/250 91/91/91
f 250/250/250 248/248/248 247/247/247
f 123/123/123 250/250/250 122/122/122
f 251/251/251 252/252/252 253/253/253
f 253/253/253 252/252/252 254/254/254
f 255/255/255 251/251/251 253/253/253
f 256/256/256 251/251/251 257/257/257
f 257/257/257 251/251/251 255/255/255
f 258/258/258 256/256/256 257/257/257
f 255/255/255 259/259/259 257/257/257
f 259/259/259 260/260/260 257/257/257
f 257/257/257 260/260/260 258/258/258
f 261/261/261 259/259/259 255/255/255
f 262/262/262 259/259/259 261/261/261
f 263/263/263 259/259/259 262/262/262
f 260/260/260 259/259/259 263/263/263
f 253/253/253 254/254/254 264/264/264
f 265/265/265 253/253/253 264/264/264
f 255/255/255 253/253/253 266/266/266
f 266/266/266 253/253/253 265/265/265
f 261/261/261 255/255/255 266/266/266
f 267/267/267 261/261/261 266/266/266
f 268/268/268 261/261/261 267/267/267
f 262/262/262 261/261/261 268/268/268
f 269/269/269 262/262/262 268/268/268
f 270/270/270 262/262/262 269/269/269
f 263/263/263 262/262/262 271/271/271
f 271/271/271 262/262/262 270/270/270
f 272/272/272 263/263/263 271/271/271
f 273/273/273 272/272/272 271/271/271
f 274/274/274 272/272/272 273/273/273
f 275/275/275 274/274/274 273/273/273
f 276/276/276 275/275/275 273/273/273
f 267/267/267 266/266/266 277/277/277
f 277/277/277 266/266/266 278/278/278
f 278/278/278 279/279/279 277/277/277
f 279/279/279 267/267/267 277/277/277
f 268/268/268 267/267/267 279/279/279
f 280/280/280 268/268/268 279/279/279
f 269/269/269 268/268/268 280/280/280
f 281/281/281 269/269/269 280/280/280
f 270/270/270 269/269/269 281/281/281
f 271/271/271 270/270/270 282/282/282
f 282/282/282 270/270/270 281/281/281
f 283/283/283 271/271/271 282/282/282
f 273/273/273 271/271/271 283/283/283
f 276/276/276 273/273/273 284/284/284
f 284/284/284 273/273/273 283/283/283
f 285/285/285 276/276/276 284/284/284
f 286/286/286 276/276/276 285/285/285
f 287/287/287 286/286/286 285/285/285
f 288/288/288 286/286/286 287/287/287
f 289/289/289 279/279/279 278/278/278
f 281/281/281 280/280/280 290/290/290
f 290/290/290 279/279/279 289/289/289
f 280/280/280 279/279/279 290/290/290
f 282/282/282 281/281/281 291/291/291
f 284/284/284 283/283/283 291/291/291
f 283/283/283 282/282/282 291/291/291
f 291/291/291 281/281/281 290/290/290
f 285/285/285 284/284/284 292/292/292
f 292/292/292 284/284/284 291/291/291
f 287/287/287 285/285/285 293/293/293
f 293/293/293 285/285/285 292/292/292
f 294/294/294 287/287/287 293/293/293
f 295/295/295 287/287/287 294/294/294
f 287/287/287 295/295/295 288/288/288
f 296/296/296 295/295/295 294/294/294
f 297/297/297 295/295/295 296/296/296
f 298/298/298 295/295/295 297/297/297
f 289/289/289 299/299/299 300/300/300
f 300/300/300 299/299/299 301/301/301
f 302/302/302 289/289/289 300/300/300
f 290/290/290 289/289/289 303/303/303
f 303/303/303 289/289/289 302/302/302
f 291/291/291 290/290/290 303/303/303
f 292/292/292 291/291/291 303/303/303
f 293/293/293 292/292/292 304/304/304
f 304/304/304 292/292/292 303/303/303
f 302/302/302 304/304/304 303/303/303
f 294/294/294 293/293/293 305/305/305
f 305/305/305 293/293/293 304/304/304
f 306/306/306 294/294/294 305/305/305
f 296/296/296 294/294/294 306/306/306
f 305/305/305 304/304/304 306/306/306
f 307/307/307 296/296/296 306/306/306
f 308/308/308 307/307/307 306/306/306
f 309/309/309 307/307/307 308/308/308
f 300/300/300 310/310/310 302/302/302
f 310/310/310 309/309/309 308/308/308
f 306/306/306 310/310/310 308/308/308
f 300/300/300 311/311/311 310/310/310
f 301/301/301 311/311/311 300/300/300
f 311/311/311 309/309/309 310/310/310
f 310/310/310 312/312/312 302/302/302
f 312/312/312 304/304/304 302/302/302
f 304/304/304 312/312/312 306/306/306
f 312/312/312 310/310/310 306/306/306
f 309/309/309 313/313/313 307/307/307
f 314/314/314 313/313/313 309/309/309
f 311/311/311 314/314/314 309/309/309
f 315/315/315 314/314/314 311/311/311
f 301/301/301 315/315/315 311/311/311
f 316/316/316 315/315/315 301/301/301
f 317/317/317 316/316/316 301/301/301
f 318/318/318 317/317/317 301/301/301
f 299/299/299 318/318/318 301/301/301
f 319/319/319 318/318/318 299/299/299
f 289/289/289 320/320/320 299/299/299
f 278/278/278 320/320/320 289/289/289
f 320/320/320 319/319/319 299/299/299
f 321/321/321 320/320/320 278/278/278
f 322/322/322 321/321/321 278/278/278
f 320/320/320 321/321/321 323/323/323
f 323/323/323 321/321/321 322/322/322
f 324/324/324 320/320/320 323/323/323
f 319/319/319 320/320/320 324/324/324
f 325/325/325 319/319/319 324/324/324
f 318/318/318 319/319/319 325/325/325
f 326/326/326 318/318/318 325/325/325
f 317/317/317 318/318/318 326/326/326
f 316/316/316 317/317/317 327/327/327
f 327/327/327 317/317/317 326/326/326
f 315/315/315 316/316/316 328/328/328
f 328/328/328 316/316/316 327/327/327
f 314/314/314 315/315/315 329/329/329
f 329/329/329 315/315/315 328/328/328
f 330/330/330 314/314/314 329/329/329
f 313/313/313 314/314/314 330/330/330
f 331/331/331 313/313/313 330/330/330
f 297/297/297 296/296/296 332/332/332
f 296/296/296 307/307/307 332/332/332
f 332/332/332 307/307/307 313/313/313
f 332/332/332 313/313/313 331/331/331
f 297/297/297 332/332/332 298/298/298
f 298/298/298 332/332/332 333/333/333
f 333/333/333 332/332/332 331/331/331
f 324/324/324 323/323/323 334/334/334
f 323/323/323 322/322/322 334/334/334
f 325/325/325 324/324/324 335/335/335
f 335/335/335 324/324/324 334/334/334
f 326/326/326 325/325/325 335/335/335
f 327/327/327 326/326/326 335/335/335
f 336/336/336 327/327/327 335/335/335
f 337/337/337 327/327/327 336/336/336
f 328/328/328 327/327/327 337/337/337
f 338/338/338 328/328/328 337/337/337
f 329/329/329 328/328/328 339/339/339
f 339/339/339 328/328/328 338/338/338
f 330/330/330 329/329/329 340/340/340
f 340/340/340 329/329/329 339/339/339
f 331/331/331 330/330/330 341/341/341
f 341/341/341 330/330/330 340/340/340
f 342/342/342 331/331/331 341/341/341
f 340/340/340 343/343/343 341/341/341
f 343/343/343 342/342/342 341/341/341
f 344/344/344 342/342/342 343/343/343
f 339/339/339 345/345/345 340/340/340
f 345/345/345 343/343/343 340/340/340
f 338/338/338 346/346/346 339/339/339
f 346/346/346 345/345/345 339/339/339
f 347/347/347 346/346/346 338/338/338
f 348/348/348 347/347/347 338/338/338
f 349/349/349 347/347/347 348/348/348
f 350/350/350 347/347/347 349/349/349
f 351/351/351 350/350/350 349/349/349
f 352/352/352 351/351/351 349/349/349
f 353/353/353 351/351/351 352/352/352
f 354/354/354 344/344/344 343/343/343
f 355/355/355 344/344/344 354/354/354
f 350/350/350 355/355/355 354/354/354
f 356/356/356 351/351/351 353/353/353
f 351/351/351 357/357/357 350/350/350
f 356/356/356 357/357/357 351/351/351
f 357/357/357 355/355/355 350/350/350
f 358/358/358 357/357/357 356/356/356
f 359/359/359 360/360/360 358/358/358
f 361/361/361 362/362/362 363/363/363
f 364/364/364 365/365/365 363/363/363
f 363/363/363 365/365/365 361/361/361
f 366/366/366 364/364/364 363/363/363
f 136/136/136 366/366/366 102/102/102
f 367/367/367 364/364/364 366/366/366
f 368/368/368 367/367/369 102/102/370
f 369/369/371 358/358/358 360/360/360
f 357/357/357 358/358/358 369/369/371
f 360/360/360 370/370/372 369/369/371
f 371/371/373 370/370/372 360/360/360
f 372/372/374 371/371/373 360/360/360
f 372/372/374 360/360/360 359/359/359
f 373/373/375 374/374/376 365/365/365
f 375/375/377 373/373/375 365/365/365
f 364/364/364 375/375/377 365/365/365
f 376/376/378 375/375/377 364/364/364
f 377/377/379 375/375/377 376/376/378
f 378/378/380 377/377/379 376/376/378
f 379/379/381 380/377/382 381/378/383
f 382/380/384 379/379/381 381/378/383
f 383/381/385 371/371/373 372/372/374
f 371/371/373 384/382/386 370/370/372
f 383/381/385 384/382/386 371/371/373
f 385/383/387 384/382/386 383/381/385
f 386/384/388 384/382/386 385/383/387
f 374/374/376 387/385/389 385/383/387
f 387/385/389 386/384/388 385/383/387
f 388/386/390 387/385/389 374/374/376
f 373/373/375 388/386/390 374/374/376
f 375/375/377 389/387/391 373/373/375
f 377/377/379 389/387/391 375/375/377
f 389/387/391 388/386/390 373/373/375
f 390/388/392 389/387/391 377/377/379
f 391/389/393 388/386/390 389/387/391
f 391/389/393 389/387/391 390/388/392
f 392/390/394 391/389/393 390/388/392
f 393/391/395 391/389/393 392/390/394
f 394/392/396 393/391/395 392/390/394
f 395/393/397 393/391/395 394/392/396
f 396/394/398 395/393/397 394/392/396
f 397/395/399 395/393/397 396/394/398
f 388/386/390 398/396/400 387/385/389
f 398/396/400 388/386/390 391/389/393
f 399/397/401 398/396/400 391/389/393
f 387/385/389 398/396/400 400/398/402
f 400/398/402 386/384/388 387/385/389
f 400/398/402 398/396/400 399/397/401
f 395/393/397 401/399/403 393/391/395
f 393/391/395 401/399/403 391/389/393
f 391/389/393 401/399/403 399/397/401
f 401/399/403 402/400/404 399/397/401
f 403/401/405 401/399/403 395/393/397
f 402/400/404 401/399/403 404/402/406
f 404/402/406 401/399/403 403/401/405
f 405/403/407 402/400/404 404/402/406
f 406/404/408 399/397/401 402/400/404
f 406/404/408 402/400/404 405/403/407
f 407/405/409 406/404/408 405/403/407
f 408/406/410 406/404/408 407/405/409
f 408/406/410 399/397/401 406/404/408
f 409/407/411 408/406/410 407/405/409
f 410/408/412 408/406/410 409/407/411
f 411/409/413 399/397/401 408/406/410
f 400/398/402 399/397/401 411/409/413
f 411/409/413 408/406/410 410/408/412
f 412/410/414 411/409/413 410/408/412
f 413/411/415 411/409/413 412/410/414
f 414/412/416 413/411/415 412/410/414
f 415/413/417 413/411/415 414/412/416
f 413/411/415 416/414/418 411/409/413
f 416/414/418 400/398/402 411/409/413
f 416/414/418 386/384/388 400/398/402
f 413/411/415 415/413/417 417/415/419
f 417/415/419 416/414/418 413/411/415
f 415/413/417 418/416/420 417/415/419
f 418/416/420 415/413/417 419/417/421
f 420/418/422 418/416/420 419/417/421
f 421/419/423 418/416/420 420/418/422
f 422/420/424 418/416/420 421/419/423
f 418/416/420 423/421/425 417/415/419
f 423/421/425 418/416/420 422/420/424
f 424/422/426 423/421/425 422/420/424
f 425/423/427 423/421/425 424/422/426
f 423/421/425 426/424/428 417/415/419
f 417/415/419 426/424/428 416/414/418
f 426/424/428 423/421/425 425/423/427
f 384/382/386 427/425/429 370/370/372
f 427/425/429 426/424/428 425/423/427
f 428/426/430 426/424/428 427/425/429
f 426/424/428 428/426/430 416/414/418
f 384/382/386 428/426/430 427/425/429
f 386/384/388 428/426/430 384/382/386
f 416/414/418 428/426/430 386/384/388
f 429/427/431 430/428/432 431/429/433
f 432/430/434 430/428/432 429/427/431
f 433/431/435 432/430/434 429/427/431
f 421/419/423 420/418/422 433/431/435
f 420/418/422 432/430/434 433/431/435
f 422/420/424 421/419/423 434/432/436
f 434/432/436 421/419/423 433/431/435
f 435/433/437 422/420/424 434/432/436
f 424/422/426 422/420/424 435/433/437
f 436/434/438 424/422/426 435/433/437
f 425/423/427 424/422/426 437/435/439
f 437/435/439 424/422/426 436/434/438
f 370/370/372 427/425/429 438/436/440
f 427/425/429 425/423/427 438/436/440
f 370/370/372 438/436/440 369/369/371
f 438/436/440 425/423/427 437/435/439
f 434/432/436 433/431/435 439/437/441
f 433/431/435 429/427/431 440/438/442
f 429/427/431 431/429/433 440/438/442
f 439/437/441 433/431/435 440/438/442
f 440/438/442 441/439/443 439/437/441
f 442/440/444 441/439/443 440/438/442
f 443/441/445 442/440/444 440/438/442
f 431/429/433 443/441/445 440/438/442
f 444/442/446 434/432/436 439/437/441
f 435/433/437 434/432/436 444/442/446
f 445/443/447 435/433/437 444/442/446
f 436/434/438 435/433/437 445/443/447
f 437/435/439 436/434/438 446/444/448
f 446/444/448 436/434/438 445/443/447
f 344/344/344 355/355/355 446/444/448
f 369/369/371 438/436/440 447/445/449
f 447/445/449 357/357/357 369/369/371
f 355/355/355 357/357/357 447/445/449
f 447/445/449 437/435/439 446/444/448
f 438/436/440 437/435/439 447/445/449
f 446/444/448 355/355/355 447/445/449
f 448/446/450 439/437/441 441/439/443
f 444/442/446 439/437/441 448/446/450
f 449/447/451 444/442/446 448/446/450
f 445/443/447 444/442/446 449/447/451
f 450/448/452 445/443/447 449/447/451
f 446/444/448 445/443/447 451/449/453
f 451/449/453 445/443/447 450/448/452
f 452/450/454 344/344/344 446/444/448
f 342/342/342 344/344/344 452/450/454
f 452/450/454 446/444/448 451/449/453
f 453/451/455 452/450/454 451/449/453
f 331/331/331 342/342/342 454/452/456
f 454/452/456 452/450/454 453/451/455
f 454/452/456 342/342/342 452/450/454
f 455/453/457 454/452/456 453/451/455
f 333/333/333 331/331/331 456/454/458
f 456/454/458 454/452/456 455/453/457
f 456/454/458 331/331/331 454/452/456
f 298/298/298 333/333/333 457/455/459
f 457/455/459 456/454/458 455/453/457
f 457/455/459 333/333/333 456/454/458
f 458/456/460 457/455/459 455/453/457
f 459/457/461 457/455/459 458/456/460
f 460/458/462 457/455/459 459/457/461
f 288/288/288 460/458/462 459/457/461
f 460/458/462 298/298/298 457/455/459
f 295/295/295 298/298/298 460/458/462
f 288/288/288 295/295/295 460/458/462
f 461/459/463 288/288/288 459/457/461
f 461/459/463 462/460/464 288/288/288
f 463/461/465 462/460/464 461/459/463
f 464/462/466 462/460/464 463/461/465
f 465/463/467 464/462/466 463/461/465
f 466/464/468 464/462/466 465/463/467
f 467/465/469 466/464/468 465/463/467
f 468/466/470 466/464/468 467/465/469
f 469/467/471 468/466/470 467/465/469
f 470/468/472 468/466/470 469/467/471
f 471/469/473 470/468/472 469/467/471
f 472/470/474 470/468/472 471/469/473
f 473/471/475 472/470/474 471/469/473
f 469/467/471 474/472/476 471/469/473
f 474/472/476 475/473/477 471/469/473
f 471/469/473 475/473/477 473/471/475
f 467/465/469 476/474/478 469/467/471
f 476/474/478 474/472/476 469/467/471
f 465/463/467 477/475/479 467/465/469
f 477/475/479 476/474/478 467/465/469
f 478/476/480 477/475/479 465/463/467
f 479/477/481 477/475/479 478/476/480
f 477/475/479 480/478/482 476/474/478
f 480/478/482 477/475/479 479/477/481
f 481/479/483 480/478/482 479/477/481
f 482/480/484 480/478/482 481/479/483
f 483/481/485 482/480/484 481/479/483
f 481/479/483 2/2/2 483/481/485
f 484/482/486 482/480/484 483/481/485
f 485/483/487 484/482/486 483/481/485
f 486/484/488 487/485/489 488/486/490
f 488/486/490 487/485/489 489/487/491
f 490/488/492 486/484/488 488/486/490
f 491/489/493 490/488/492 488/486/490
f 492/490/494 491/489/493 488/486/490
f 493/491/495 492/490/494 488/486/490
f 488/486/490 489/487/491 493/491/495
f 494/492/496 492/490/494 493/491/495
f 495/493/497 494/492/496 493/491/495
f 484/482/486 495/493/497 496/494/498
f 496/494/498 495/493/497 493/491/495
f 493/491/495 489/487/491 496/494/498
f 497/495/499 484/482/486 496/494/498
f 482/480/484 484/482/486 497/495/499
f 480/478/482 482/480/484 498/496/500
f 476/474/478 480/478/482 498/496/500
f 498/496/500 474/472/476 476/474/478
f 498/496/500 482/480/484 497/495/499
f 499/497/501 474/472/476 498/496/500
f 489/487/491 499/497/501 496/494/498
f 499/497/501 475/473/477 474/472/476
f 496/494/498 499/497/501 497/495/499
f 497/495/499 499/497/501 498/496/500
f 500/498/502 475/473/477 499/497/501
f 489/487/491 487/485/489 500/498/502
f 475/473/477 500/498/502 473/471/475
f 489/487/491 500/498/502 499/497/501
f 491/489/493 501/499/503 490/488/492
f 490/488/492 501/499/503 502/500/504
f 502/500/504 501/499/503 503/501/505
f 492/490/494 504/502/506 491/489/493
f 504/502/506 501/499/503 491/489/493
f 494/492/496 505/503/507 492/490/494
f 505/503/507 504/502/506 492/490/494
f 506/504/508 505/503/507 494/492/496
f 495/493/497 506/504/508 494/492/496
f 507/505/509 506/504/508 495/493/497
f 485/483/487 507/505/509 484/482/486
f 484/482/486 507/505/509 495/493/497
f 508/506/510 507/505/509 485/483/487
f 15/15/15 507/505/509 508/506/510
f 12/12/12 15/15/15 508/506/510
f 506/504/508 507/505/509 509/507/511
f 509/507/511 15/15/15 62/62/62
f 63/63/63 509/507/511 62/62/62
f 509/507/511 507/505/509 15/15/15
f 61/61/61 510/508/512 63/63/63
f 510/508/512 506/504/508 509/507/511
f 510/508/512 509/507/511 63/63/63
f 61/61/61 511/509/513 510/508/512
f 511/509/513 506/504/508 510/508/512
f 512/510/514 513/511/515 514/512/516
f 504/502/506 515/513/517 501/499/503
f 501/499/503 515/513/517 503/501/505
f 503/501/505 515/513/517 512/510/514
f 515/513/517 513/511/515 512/510/514
f 516/514/518 515/513/517 504/502/506
f 505/503/507 516/514/518 504/502/506
f 517/515/519 516/514/518 505/503/507
f 518/516/520 517/515/519 505/503/507
f 519/517/521 517/515/519 518/516/520
f 520/518/522 519/517/521 518/516/520
f 521/519/523 519/517/521 520/518/522
f 522/520/524 505/503/507 506/504/508
f 520/518/522 518/516/520 522/520/524
f 518/516/520 505/503/507 522/520/524
f 506/504/508 511/509/513 522/520/524
f 523/521/525 520/518/522 522/520/524
f 524/522/526 520/518/522 523/521/525
f 525/523/527 524/522/526 523/521/525
f 511/509/513 526/524/528 522/520/524
f 526/524/528 511/509/513 61/61/61
f 526/524/528 525/523/527 523/521/525
f 522/520/524 526/524/528 523/521/525
f 527/525/529 61/61/61 59/59/59
f 525/523/527 526/524/528 527/525/529
f 527/525/529 526/524/528 61/61/61
f 528/526/530 525/523/527 527/525/529
f 524/522/526 525/523/527 528/526/530
f 529/527/531 524/522/526 528/526/530
f 530/528/532 524/522/526 529/527/531
f 531/529/533 530/528/532 529/527/531
f 528/526/530 531/529/533 529/527/531
f 57/57/57 532/530/534 528/526/530
f 532/530/534 531/529/533 528/526/530
f 533/531/535 532/530/534 57/57/57
f 534/532/536 533/531/535 57/57/57
f 57/57/57 55/55/55 534/532/536
f 535/533/537 533/531/535 534/532/536
f 534/532/536 55/55/55 536/534/538
f 536/534/538 535/533/537 534/532/536
f 55/55/55 54/54/54 536/534/538
f 537/535/539 535/533/537 536/534/538
f 538/536/540 54/54/54 53/53/53
f 538/536/540 537/535/539 536/534/538
f 536/534/538 54/54/54 538/536/540
f 530/528/532 539/537/541 524/522/526
f 539/537/541 520/518/522 524/522/526
f 540/538/542 539/537/541 530/528/532
f 541/539/543 540/538/542 530/528/532
f 531/529/533 541/539/543 530/528/532
f 532/530/534 542/540/544 531/529/533
f 533/531/535 542/540/544 532/530/534
f 542/540/544 541/539/543 531/529/533
f 543/541/545 542/540/544 533/531/535
f 535/533/537 543/541/545 533/531/535
f 544/542/546 543/541/545 535/533/537
f 537/535/539 544/542/546 535/533/537
f 545/543/547 544/542/546 537/535/539
f 546/544/548 545/543/547 537/535/539
f 537/535/539 538/536/540 547/545/549
f 547/545/549 546/544/548 537/535/539
f 548/546/550 546/544/548 547/545/549
f 549/547/551 548/546/550 547/545/549
f 459/457/461 458/456/460 549/547/551
f 458/456/460 548/546/550 549/547/551
f 541/539/543 550/548/552 540/538/542
f 551/549/553 550/548/552 541/539/543
f 552/550/554 551/549/553 541/539/543
f 542/540/544 552/550/554 541/539/543
f 553/551/555 552/550/554 542/540/544
f 543/541/545 553/551/555 542/540/544
f 544/542/546 554/552/556 543/541/545
f 554/552/556 553/551/555 543/541/545
f 545/543/547 555/553/557 544/542/546
f 555/553/557 554/552/556 544/542/546
f 556/554/558 555/553/557 545/543/547
f 546/544/548 557/555/559 545/543/547
f 548/546/550 557/555/559 546/544/548
f 557/555/559 556/554/558 545/543/547
f 558/556/560 557/555/559 548/546/550
f 458/456/460 558/556/560 548/546/550
f 558/556/560 559/557/561 557/555/559
f 455/453/457 559/557/561 458/456/460
f 559/557/561 558/556/560 458/456/460
f 560/558/562 555/553/557 556/554/558
f 554/552/556 555/553/557 561/559/563
f 561/559/563 555/553/557 560/558/562
f 562/560/564 554/552/556 561/559/563
f 553/551/555 554/552/556 562/560/564
f 552/550/554 553/551/555 563/561/565
f 563/561/565 553/551/555 562/560/564
f 551/549/553 552/550/554 564/562/566
f 564/562/566 552/550/554 563/561/565
f 565/563/567 551/549/553 564/562/566
f 562/560/564 566/564/568 563/561/565
f 561/559/563 566/564/568 562/560/564
f 566/564/568 565/563/567 564/562/566
f 563/561/565 566/564/568 564/562/566
f 560/558/562 567/565/569 561/559/563
f 565/563/567 566/564/568 567/565/569
f 567/565/569 566/564/568 561/559/563
f 560/558/562 556/554/558 568/566/570
f 569/567/571 560/558/562 568/566/570
f 567/565/569 560/558/562 569/567/571
f 570/568/572 567/565/569 569/567/571
f 565/563/567 567/565/569 570/568/572
f 571/569/573 565/563/567 570/568/572
f 572/570/574 565/563/567 571/569/573
f 573/571/575 572/570/574 571/569/573
f 574/572/576 572/570/574 573/571/575
f 575/573/577 572/570/574 574/572/576
f 576/574/578 575/573/577 574/572/576
f 577/575/579 576/574/578 574/572/576
f 578/576/580 397/395/399 576/574/578
f 578/576/580 395/393/397 397/395/399
f 578/576/580 576/574/578 577/575/579
f 579/577/581 578/576/580 577/575/579
f 403/401/405 395/393/397 579/577/581
f 579/577/581 395/393/397 578/576/580
f 580/578/582 579/577/581 577/575/579
f 581/579/583 579/577/581 580/578/582
f 582/580/584 403/401/405 579/577/581
f 404/402/406 403/401/405 582/580/584
f 582/580/584 579/577/581 581/579/583
f 583/581/585 404/402/406 582/580/584
f 405/403/407 404/402/406 583/581/585
f 583/581/585 582/580/584 581/579/583
f 574/572/576 573/571/575 584/582/586
f 584/582/586 585/583/587 586/584/588
f 587/585/589 585/583/587 584/582/586
f 573/571/575 587/585/589 584/582/586
f 577/575/579 574/572/576 588/586/590
f 588/586/590 574/572/576 584/582/586
f 580/578/582 577/575/579 588/586/590
f 581/579/583 580/578/582 588/586/590
f 588/586/590 584/582/586 589/587/591
f 584/582/586 586/584/588 589/587/591
f 589/587/591 581/579/583 588/586/590
f 589/587/591 586/584/588 590/588/592
f 590/588/592 581/579/583 589/587/591
f 591/589/593 583/581/585 581/579/583
f 591/589/593 581/579/583 590/588/592
f 592/590/594 591/589/593 590/588/592
f 593/591/595 592/590/594 590/588/592
f 594/592/596 593/591/595 590/588/592
f 590/588/592 586/584/588 594/592/596
f 595/593/597 593/591/595 594/592/596
f 596/594/598 595/593/597 594/592/596
f 597/595/599 586/584/588 585/583/587
f 597/595/599 596/594/598 594/592/596
f 594/592/596 586/584/588 597/595/599
f 598/596/600 596/594/598 597/595/599
f 592/590/594 599/597/601 591/589/593
f 599/597/601 583/581/585 591/589/593
f 599/597/601 405/403/407 583/581/585
f 600/598/602 599/597/601 592/590/594
f 601/599/603 600/598/602 592/590/594
f 593/591/595 601/599/603 592/590/594
f 595/593/597 602/600/604 593/591/595
f 602/600/604 601/599/603 593/591/595
f 603/601/605 602/600/604 595/593/597
f 604/602/606 602/600/604 603/601/605
f 605/603/607 602/600/604 604/602/606
f 606/604/608 602/600/604 605/603/607
f 601/599/603 602/600/604 606/604/608
f 607/605/609 601/599/603 606/604/608
f 600/598/602 601/599/603 607/605/609
f 599/597/601 600/598/602 608/606/610
f 608/606/610 600/598/602 607/605/609
f 609/607/611 599/597/601 608/606/610
f 609/607/611 405/403/407 599/597/601
f 407/405/409 405/403/407 609/607/611
f 610/608/612 595/593/597 596/594/598
f 603/601/605 595/593/597 610/608/612
f 450/448/452 449/447/451 611/609/613
f 611/609/613 603/601/605 610/608/612
f 610/608/612 450/448/452 611/609/613
f 604/602/606 603/601/605 611/609/613
f 612/610/614 604/602/606 611/609/613
f 449/447/451 448/446/450 613/611/615
f 613/611/615 612/610/614 611/609/613
f 611/609/613 449/447/451 613/611/615
f 614/612/616 612/610/614 613/611/615
f 448/446/450 614/612/616 613/611/615
f 451/449/453 450/448/452 615/613/617
f 453/451/455 451/449/453 615/613/617
f 596/594/598 615/613/617 610/608/612
f 598/596/600 615/613/617 596/594/598
f 615/613/617 450/448/452 610/608/612
f 616/614/618 453/451/455 615/613/617
f 559/557/561 455/453/457 616/614/618
f 616/614/618 615/613/617 598/596/600
f 455/453/457 453/451/455 616/614/618
f 559/557/561 616/614/618 617/615/619
f 617/615/619 616/614/618 598/596/600
f 557/555/559 559/557/561 617/615/619
f 618/616/620 617/615/619 598/596/600
f 618/616/620 556/554/558 557/555/559
f 568/566/570 556/554/558 618/616/620
f 557/555/559 617/615/619 618/616/620
f 614/612/616 619/617/621 612/610/614
f 620/618/622 619/617/621 614/612/616
f 621/619/623 620/618/622 614/612/616
f 448/446/450 621/619/623 614/612/616
f 441/439/443 622/620/624 448/446/450
f 622/620/624 621/619/623 448/446/450
f 621/619/623 622/620/624 442/440/444
f 442/440/444 622/620/624 441/439/443
f 623/621/625 621/619/623 442/440/444
f 620/618/622 621/619/623 623/621/625
f 624/622/626 620/618/622 623/621/625
f 625/623/627 620/618/622 624/622/626
f 604/602/606 626/624/628 605/603/607
f 605/603/607 626/624/628 627/625/629
f 605/603/607 627/625/629 606/604/608
f 612/610/614 628/626/630 604/602/606
f 628/626/630 626/624/628 604/602/606
f 619/617/621 629/627/631 612/610/614
f 629/627/631 628/626/630 612/610/614
f 620/618/622 630/628/632 619/617/621
f 625/623/627 630/628/632 620/618/622
f 630/628/632 629/627/631 619/617/621
f 631/629/633 630/628/632 625/623/627
f 629/627/631 630/628/632 632/630/634
f 632/630/634 630/628/632 631/629/633
f 628/626/630 629/627/631 633/631/635
f 626/624/628 628/626/630 633/631/635
f 633/631/635 629/627/631 632/630/634
f 627/625/629 626/624/628 634/632/636
f 634/632/636 626/624/628 633/631/635
f 627/625/629 635/633/637 606/604/608
f 635/633/637 627/625/629 634/632/636
f 606/604/608 635/633/637 607/605/609
f 636/634/638 635/633/637 634/632/636
f 634/632/636 637/635/639 636/634/638
f 632/630/634 638/636/640 633/631/635
f 631/629/633 638/636/640 632/630/634
f 638/636/640 637/635/639 634/632/636
f 633/631/635 638/636/640 634/632/636
f 639/637/641 638/636/640 631/629/633
f 640/638/642 638/636/640 639/637/641
f 637/635/639 638/636/640 640/638/642
f 641/639/643 637/635/639 640/638/642
f 642/640/644 641/639/643 640/638/642
f 643/641/645 641/639/643 642/640/644
f 644/642/646 643/641/645 642/640/644
f 645/643/647 643/641/645 644/642/646
f 646/644/648 643/641/645 645/643/647
f 647/645/649 646/644/648 645/643/647
f 648/646/650 646/644/648 647/645/649
f 649/647/651 646/644/648 648/646/650
f 646/644/648 649/647/651 643/641/645
f 410/408/412 409/407/411 649/647/651
f 412/410/414 410/408/412 650/648/652
f 650/648/652 410/408/412 649/647/651
f 650/648/652 649/647/651 648/646/650
f 414/412/416 412/410/414 650/648/652
f 641/639/643 651/649/653 637/635/639
f 651/649/653 636/634/638 637/635/639
f 652/650/654 636/634/638 651/649/653
f 652/650/654 635/633/637 636/634/638
f 653/651/655 652/650/654 651/649/653
f 654/652/656 653/651/655 651/649/653
f 643/641/645 654/652/656 641/639/643
f 654/652/656 651/649/653 641/639/643
f 409/407/411 407/405/409 655/653/657
f 643/641/645 655/653/657 654/652/656
f 649/647/651 409/407/411 655/653/657
f 655/653/657 407/405/409 653/651/655
f 649/647/651 655/653/657 643/641/645
f 655/653/657 653/651/655 654/652/656
f 635/633/637 656/654/658 607/605/609
f 656/654/658 635/633/637 652/650/654
f 607/605/609 656/654/658 608/606/610
f 653/651/655 656/654/658 652/650/654
f 608/606/610 657/655/659 609/607/611
f 407/405/409 657/655/659 653/651/655
f 657/655/659 656/654/658 653/651/655
f 657/655/659 407/405/409 609/607/611
f 656/654/658 657/655/659 608/606/610
f 415/413/417 414/412/416 658/656/660
f 658/656/660 414/412/416 650/648/652
f 659/657/661 415/413/417 658/656/660
f 419/417/421 415/413/417 659/657/661
f 432/430/434 660/658/662 430/428/432
f 419/417/421 661/659/663 420/418/422
f 661/659/663 660/658/662 432/430/434
f 420/418/422 661/659/663 432/430/434
f 659/657/661 661/659/663 419/417/421
f 660/658/662 661/659/663 662/660/664
f 662/660/664 661/659/663 659/657/661
f 659/657/661 658/656/660 662/660/664
f 663/661/665 660/658/662 662/660/664
f 658/656/660 650/648/652 664/662/666
f 662/660/664 658/656/660 664/662/666
f 664/662/666 663/661/665 662/660/664
f 650/648/652 648/646/650 664/662/666
f 648/646/650 647/645/649 664/662/666
f 665/663/667 663/661/665 664/662/666
f 647/645/649 665/663/667 664/662/666
f 103/103/103 666/664/668 129/129/129
f 102/102/102 666/664/668 103/103/103
f 667/665/669 666/664/668 102/102/102
f 366/366/366 667/665/669 102/102/102
f 667/665/669 366/366/366 668/666/670
f 362/362/362 668/666/670 363/363/363
f 363/363/363 668/666/670 366/366/366
f 362/362/362 669/667/671 668/666/670
f 668/666/670 670/668/672 667/665/669
f 667/665/669 670/668/672 666/664/668
f 669/667/671 670/668/672 668/666/670
f 671/669/673 672/670/674 352/352/352
f 352/352/352 672/670/674 353/353/353
f 348/348/348 673/671/675 349/349/349
f 349/349/349 673/671/675 352/352/352
f 673/671/675 671/669/673 352/352/352
f 348/348/348 671/669/673 673/671/675
f 674/672/676 671/669/673 348/348/348
f 336/336/336 671/669/673 674/672/676
f 338/338/338 337/337/337 674/672/676
f 348/348/348 338/338/338 674/672/676
f 337/337/337 336/336/336 674/672/676
f 336/336/336 675/673/677 671/669/673
f 334/334/334 675/673/677 335/335/335
f 335/335/335 675/673/677 336/336/336
f 671/669/673 676/674/678 672/670/674
f 675/673/677 676/674/678 671/669/673
f 334/334/334 322/322/322 677/675/679
f 678/676/680 676/674/678 677/675/679
f 676/674/678 675/673/677 677/675/679
f 677/675/679 675/673/677 334/334/334
f 677/675/679 322/322/322 679/677/681
f 679/677/681 678/676/680 677/675/679
f 680/678/682 678/676/680 679/677/681
f 681/679/683 680/678/682 679/677/681
f 682/680/684 680/678/682 681/679/683
f 679/677/681 683/681/685 681/679/683
f 683/681/685 684/682/686 681/679/683
f 681/679/683 684/682/686 682/680/684
f 685/683/687 683/681/685 679/677/681
f 322/322/322 685/683/687 679/677/681
f 264/264/264 254/254/254 686/684/688
f 683/681/685 687/685/689 684/682/686
f 686/684/688 687/685/689 264/264/264
f 688/686/690 687/685/689 683/681/685
f 687/685/689 688/686/690 264/264/264
f 264/264/264 688/686/690 265/265/265
f 685/683/687 688/686/690 683/681/685
f 688/686/690 689/687/691 265/265/265
f 689/687/691 688/686/690 685/683/687
f 265/265/265 689/687/691 266/266/266
f 278/278/278 690/688/692 322/322/322
f 689/687/691 690/688/692 266/266/266
f 690/688/692 689/687/691 685/683/687
f 322/322/322 690/688/692 685/683/687
f 266/266/266 690/688/692 278/278/278
f 226/226/226 225/225/225 691/689/693
f 692/690/694 226/226/226 691/689/693
f 216/216/216 226/226/226 692/690/694
f 217/217/217 216/216/216 693/691/695
f 693/691/695 216/216/216 692/690/694
f 225/225/225 224/224/224 694/692/696
f 691/689/693 225/225/225 694/692/696
f 691/689/693 694/692/696 695/693/697
f 696/694/698 691/689/693 695/693/697
f 697/695/699 696/694/698 695/693/697
f 698/696/700 697/695/699 695/693/697
f 695/693/697 694/692/696 698/696/700
f 218/218/218 699/697/701 232/232/232
f 232/232/232 700/698/702 234/234/234
f 699/697/701 700/698/702 232/232/232
f 701/699/703 218/218/218 212/212/212
f 699/697/701 218/218/218 701/699/703
f 702/700/704 699/697/701 701/699/703
f 700/698/702 703/701/705 234/234/234
f 703/701/705 700/698/702 704/702/706
f 700/698/702 699/697/701 704/702/706
f 704/702/706 699/697/701 702/700/704
f 702/700/704 208/208/208 704/702/706
f 705/703/707 703/701/705 704/702/706
f 704/702/706 208/208/208 706/704/708
f 706/704/708 705/703/707 704/702/706
f 208/208/208 210/210/210 706/704/708
f 707/705/709 705/703/707 706/704/708
f 708/706/710 707/705/709 706/704/708
f 210/210/210 708/706/710 706/704/708
f 709/707/711 2/2/2 4/4/4
f 9/9/9 709/707/711 8/8/8
f 2/2/2 709/707/711 483/481/485
f 483/481/485 709/707/711 485/483/487
f 8/8/8 709/707/711 4/4/4
f 710/708/712 485/483/487 709/707/711
f 710/708/712 709/707/711 9/9/9
f 508/506/510 485/483/487 710/708/712
f 508/506/510 710/708/712 12/12/12
f 12/12/12 710/708/712 9/9/9
f 479/477/481 711/709/713 481/479/483
f 2/2/2 711/709/713 3/3/3
f 711/709/713 2/2/2 481/479/483
f 478/476/480 712/710/714 479/477/481
f 712/710/714 711/709/713 479/477/481
f 712/710/714 713/711/715 21/21/21
f 21/21/21 713/711/715 23/23/23
f 23/23/23 713/711/715 53/53/53
f 713/711/715 712/710/714 478/476/480
f 465/463/467 713/711/715 478/476/480
f 463/461/465 714/712/716 465/463/467
f 713/711/715 714/712/716 53/53/53
f 53/53/53 714/712/716 538/536/540
f 714/712/716 713/711/715 465/463/467
f 461/459/463 715/713/717 463/461/465
f 459/457/461 715/713/717 461/459/463
f 547/545/549 715/713/717 549/547/551
f 538/536/540 715/713/717 547/545/549
f 549/547/551 715/713/717 459/457/461
f 538/536/540 714/712/716 715/713/717
f 715/713/717 714/712/716 463/461/465
f 711/709/713 712/710/714 716/714/718
f 3/3/3 716/714/718 5/5/5
f 3/3/3 711/709/713 716/714/718
f 716/714/718 712/710/714 21/21/21
f 716/714/718 21/21/21 20/20/20
f 5/5/5 716/714/718 20/20/20
f 57/57/57 528/526/530 717/715/719
f 58/58/58 57/57/57 717/715/719
f 717/715/719 527/525/529 59/59/59
f 528/526/530 527/525/529 717/715/719
f 59/59/59 58/58/58 717/715/719
f 276/276/276 718/716/720 275/275/275
f 286/286/286 718/716/720 276/276/276
f 719/717/721 275/275/275 718/716/720
f 275/275/275 720/718/722 274/274/274
f 720/718/722 275/275/275 719/717/721
f 721/719/723 720/718/722 719/717/721
f 722/720/724 720/718/722 721/719/723
f 274/274/274 720/718/722 722/720/724
f 462/460/464 723/721/725 288/288/288
f 288/288/288 723/721/725 286/286/286
f 723/721/725 718/716/720 286/286/286
f 724/722/726 718/716/720 723/721/725
f 719/717/721 718/716/720 724/722/726
f 464/462/466 724/722/726 462/460/464
f 724/722/726 723/721/725 462/460/464
f 466/464/468 725/723/727 464/462/466
f 725/723/727 724/722/726 464/462/466
f 725/723/727 719/717/721 724/722/726
f 721/719/723 719/717/721 725/723/727
f 726/724/728 721/719/723 725/723/727
f 726/724/728 725/723/727 466/464/468
f 722/720/724 721/719/723 726/724/728
f 468/466/470 726/724/728 466/464/468
f 727/725/729 722/720/724 726/724/728
f 728/726/730 726/724/728 468/466/470
f 728/726/730 727/725/729 726/724/728
f 260/260/260 729/727/731 258/258/258
f 729/727/731 727/725/729 728/726/730
f 730/728/732 729/727/731 728/726/730
f 729/727/731 730/728/732 258/258/258
f 731/729/733 728/726/730 468/466/470
f 470/468/472 731/729/733 468/466/470
f 731/729/733 730/728/732 728/726/730
f 472/470/474 732/730/734 470/468/472
f 732/730/734 731/729/733 470/468/472
f 345/345/345 346/346/346 733/731/735
f 354/354/354 343/343/343 733/731/735
f 347/347/347 350/350/350 733/731/735
f 350/350/350 354/354/354 733/731/735
f 733/731/735 343/343/343 345/345/345
f 346/346/346 347/347/347 733/731/735
f 249/249/249 734/732/736 735/733/737
f 502/500/504 735/733/737 490/488/492
f 735/733/737 734/732/736 736/734/738
f 735/733/737 736/734/738 490/488/492
f 490/488/492 736/734/738 486/484/488
f 737/735/739 249/249/249 735/733/737
f 91/91/91 247/247/247 737/735/739
f 737/735/739 735/733/737 502/500/504
f 247/247/247 249/249/249 737/735/739
f 738/736/740 737/735/739 502/500/504
f 91/91/91 737/735/739 738/736/740
f 92/92/92 91/91/91 738/736/740
f 739/737/741 740/738/742 741/739/743
f 742/740/744 740/738/742 739/737/741
f 743/741/745 740/738/742 742/740/744
f 744/742/746 740/738/742 743/741/745
f 745/743/747 744/742/746 743/741/745
f 746/744/748 744/742/746 745/743/747
f 747/745/749 746/744/748 745/743/747
f 748/746/750 746/744/748 747/745/749
f 749/747/751 748/746/750 747/745/749
f 750/748/752 748/746/750 749/747/751
f 751/749/753 748/746/750 750/748/752
f 752/750/754 751/749/753 750/748/752
f 753/751/755 751/749/753 752/750/754
f 754/752/756 751/749/753 753/751/755
f 755/753/757 754/752/756 753/751/755
f 756/754/758 739/737/741 741/739/743
f 757/755/759 756/754/758 741/739/743
f 758/756/760 756/754/758 757/755/759
f 759/757/761 758/756/760 757/755/759
f 760/758/762 758/756/760 759/757/761
f 761/759/763 760/758/762 759/757/761
f 762/760/764 761/759/763 759/757/761
f 763/761/765 761/759/763 762/760/764
f 764/762/766 761/759/763 763/761/765
f 765/763/767 761/759/763 764/762/766
f 766/764/768 761/759/763 765/763/767
f 767/765/769 766/764/768 765/763/767
f 768/766/770 766/764/768 767/765/769
f 769/767/771 766/764/768 768/766/770
f 770/768/772 766/764/768 769/767/771
f 771/769/773 770/768/772 769/767/771
f 772/770/774 770/768/772 771/769/773
f 773/771/775 770/768/772 772/770/774
f 774/772/776 775/773/777 776/774/778
f 777/775/779 775/773/777 774/772/776
f 778/776/780 777/775/779 774/772/776
f 779/777/781 777/775/779 778/776/780
f 780/778/782 777/775/779 779/777/781
f 781/779/783 780/778/782 779/777/781
f 782/780/784 781/779/783 779/777/781
f 783/781/785 781/779/783 782/780/784
f 784/782/786 781/779/783 783/781/785
f 785/783/787 784/782/788 786/781/789
f 787/784/790 784/782/788 785/783/787
f 788/785/791 787/784/790 785/783/787
f 789/786/792 788/785/791 785/783/787
f 790/787/793 788/785/791 789/786/792
f 753/751/794 788/785/791 790/787/793
f 791/788/795 753/751/794 790/787/793
f 776/774/778 792/789/796 774/772/776
f 793/790/797 792/789/796 776/774/778
f 794/791/798 793/790/797 776/774/778
f 795/792/799 793/790/797 794/791/798
f 796/793/800 793/790/797 795/792/799
f 797/794/801 796/793/802 798/792/803
f 799/795/804 796/793/802 797/794/801
f 800/796/805 799/795/804 797/794/801
f 801/797/806 800/796/805 797/794/801
f 802/798/807 800/796/805 801/797/806
f 803/799/808 802/798/807 801/797/806
f 804/800/809 802/798/807 803/799/808
f 805/801/810 804/800/809 803/799/808
f 806/802/811 807/801/812 803/799/813
f 808/803/814 806/802/811 803/799/813
f 809/804/815 806/802/811 808/803/814
f 810/805/816 809/804/815 808/803/814
f 811/806/817 810/805/816 808/803/814
f 263/263/263 812/807/818 260/260/260
f 272/272/272 812/807/818 263/263/263
f 274/274/274 812/807/818 272/272/272
f 812/807/818 813/808/819 260/260/260
f 727/725/729 813/808/819 722/720/724
f 722/720/724 813/808/819 274/274/274
f 813/808/819 812/807/818 274/274/274
f 729/727/731 814/809/820 727/725/729
f 260/260/260 814/809/820 729/727/731
f 814/809/820 813/808/819 727/725/729
f 813/808/819 814/809/820 260/260/260
f 397/395/399 815/810/821 576/574/578
f 576/574/578 815/810/821 575/573/577
f 815/810/821 397/395/399 816/811/822
f 817/812/823 815/810/821 816/811/822
f 815/810/821 818/813/824 575/573/577
f 575/573/577 818/813/824 572/570/574
f 818/813/824 815/810/821 817/812/823
f 819/814/825 818/813/824 817/812/823
f 818/813/824 820/815/826 572/570/574
f 820/815/826 818/813/824 819/814/825
f 820/815/826 821/816/827 572/570/574
f 572/570/574 821/816/827 565/563/567
f 821/816/827 820/815/826 819/814/825
f 822/817/828 821/816/827 819/814/825
f 823/818/829 821/816/827 822/817/828
f 821/816/827 824/819/830 565/563/567
f 565/563/567 824/819/830 551/549/553
f 824/819/830 821/816/827 823/818/829
f 824/819/830 825/820/831 551/549/553
f 551/549/553 825/820/831 550/548/552
f 825/820/831 824/819/830 823/818/829
f 826/821/832 825/820/831 823/818/829
f 827/822/833 825/820/831 826/821/832
f 825/820/831 827/822/833 550/548/552
f 550/548/552 827/822/833 540/538/542
f 828/823/834 827/822/833 826/821/832
f 827/822/833 829/824/835 540/538/542
f 520/518/522 829/824/835 521/519/523
f 829/824/835 520/518/522 539/537/541
f 540/538/542 829/824/835 539/537/541
f 829/824/835 827/822/833 828/823/834
f 521/519/523 829/824/835 830/825/836
f 830/825/836 829/824/835 828/823/834
f 831/826/837 832/827/838 833/828/839
f 834/829/840 832/827/838 831/826/837
f 835/830/841 832/827/838 834/829/840
f 836/831/842 832/827/838 835/830/841
f 837/832/843 836/831/842 835/830/841
f 838/833/844 837/832/843 835/830/841
f 839/827/845 838/833/844 835/830/841
f 831/826/837 838/833/844 839/827/845
f 840/834/846 838/833/844 831/826/837
f 841/835/847 838/833/844 840/834/846
f 842/836/848 841/835/847 840/834/846
f 843/837/849 842/836/848 840/834/846
f 831/826/837 833/828/839 844/838/850
f 844/838/850 843/837/849 840/834/846
f 840/834/846 831/826/837 844/838/850
f 845/839/851 843/837/849 844/838/850
f 846/840/852 845/839/851 844/838/850
f 833/828/839 846/840/852 844/838/850
f 836/831/842 847/841/853 832/827/838
f 847/841/853 833/828/839 832/827/838
f 848/842/854 847/841/853 836/831/842
f 849/843/855 847/841/853 848/842/854
f 850/844/856 849/843/855 848/842/854
f 836/831/842 851/845/857 848/842/854
f 851/845/857 850/844/856 848/842/854
f 852/846/858 851/845/857 836/831/842
f 851/845/857 852/846/858 837/832/843
f 837/832/843 852/846/858 836/831/842
f 850/844/856 851/845/857 853/847/859
f 853/847/859 851/845/857 837/832/843
f 854/848/860 850/844/856 853/847/859
f 849/843/855 850/844/856 855/849/861
f 855/849/861 850/844/856 854/848/860
f 856/850/862 849/843/855 855/849/861
f 854/848/860 856/850/862 855/849/861
f 843/837/863 856/850/862 854/848/860
f 845/839/851 856/850/862 857/851/864
f 858/852/865 856/850/862 845/839/851
f 846/840/852 858/852/865 845/839/851
f 856/850/862 858/852/865 859/853/866
f 859/853/866 858/852/865 846/840/852
f 860/854/867 856/850/862 859/853/866
f 849/843/855 856/850/862 860/854/867
f 847/841/853 849/843/855 861/855/868
f 861/855/868 849/843/855 860/854/867
f 846/840/852 833/828/839 862/856/869
f 859/853/866 846/840/852 862/856/869
f 862/856/869 847/841/853 861/855/868
f 833/828/839 847/841/853 862/856/869
f 862/856/869 861/855/868 863/857/870
f 861/855/868 860/854/867 863/857/870
f 860/854/867 859/853/866 863/857/870
f 863/857/870 859/853/866 862/856/869
f 864/858/871 865/859/872 866/860/873
f 867/861/874 865/859/872 864/858/871
f 868/862/875 865/859/872 867/861/874
f 869/863/876 868/862/875 867/861/874
f 870/864/877 868/862/875 869/863/876
f 871/865/878 870/864/877 869/863/876
f 872/866/879 870/864/877 871/865/878
f 873/867/880 872/866/879 871/865/878
f 869/863/876 873/867/880 871/865/878
f 867/861/874 873/867/880 869/863/876
f 874/868/881 873/867/880 867/861/874
f 875/869/882 873/867/880 874/868/881
f 876/870/883 875/869/882 874/868/881
f 877/871/884 876/870/883 874/868/881
f 878/872/885 876/870/883 877/871/884
f 879/873/886 878/872/885 877/871/884
f 880/874/887 878/872/885 879/873/886
f 881/875/888 880/874/887 879/873/886
f 880/874/887 881/875/888 878/872/885
f 865/859/872 882/876/889 866/860/873
f 883/877/890 882/876/889 865/859/872
f 868/862/875 883/877/890 865/859/872
f 884/878/891 883/877/890 868/862/875
f 870/864/877 884/878/891 868/862/875
f 872/866/879 885/879/892 870/864/877
f 885/879/892 884/878/891 870/864/877
f 886/880/893 885/879/892 872/866/879
f 887/881/894 886/880/893 872/866/879
f 873/867/880 887/881/894 872/866/879
f 888/882/895 887/881/894 873/867/880
f 875/869/882 888/882/895 873/867/880
f 878/872/885 889/883/896 876/870/883
f 881/875/888 889/883/896 878/872/885
f 889/883/896 888/882/895 875/869/882
f 876/870/883 889/883/896 875/869/882
f 890/884/897 882/876/889 883/877/890
f 881/875/888 879/873/886 891/885/898
f 879/873/886 882/876/889 891/885/898
f 891/885/898 882/876/889 890/884/897
f 884/878/891 892/884/899 883/877/890
f 892/884/899 881/875/888 891/885/898
f 893/886/900 892/884/899 891/885/898
f 883/877/890 892/884/899 893/886/900
f 881/875/888 894/887/901 889/883/896
f 892/884/899 894/887/901 881/875/888
f 894/887/901 892/884/899 884/878/891
f 886/880/893 894/887/901 885/879/892
f 885/879/892 894/887/901 884/878/891
f 895/888/902 894/887/901 886/880/893
f 887/881/894 895/888/902 886/880/893
f 888/882/895 895/888/902 887/881/894
f 889/883/896 895/888/902 888/882/895
f 894/887/901 895/888/902 889/883/896
f 597/595/599 585/583/587 896/889/903
f 896/889/903 568/566/570 618/616/620
f 618/616/620 598/596/600 896/889/903
f 598/596/600 597/595/599 896/889/903
f 585/583/587 587/585/589 897/890/904
f 569/567/571 568/566/570 897/890/904
f 897/890/904 568/566/570 896/889/903
f 896/889/903 585/583/587 897/890/904
f 898/891/905 569/567/571 897/890/904
f 570/568/572 569/567/571 898/891/905
f 897/890/904 587/585/589 898/891/905
f 587/585/589 573/571/575 899/892/906
f 899/892/906 570/568/572 898/891/905
f 573/571/575 571/569/573 899/892/906
f 898/891/905 587/585/589 899/892/906
f 571/569/573 570/568/572 899/892/906
f 900/893/907 901/894/908 902/895/908
f 903/896/909 904/897/910 905/898/911
f 906/899/912 904/897/910 903/896/909
f 907/900/913 908/901/914 909/380/915
f 910/902/916 908/901/914 907/900/913
f 905/898/911 911/903/917 903/896/909
f 903/896/909 911/903/917 912/904/918
f 911/903/917 913/905/812 912/904/918
f 914/906/919 915/907/920 916/908/921
f 915/907/920 917/909/922 916/908/921
f 918/910/923 915/907/920 914/906/919
f 919/911/924 920/912/925 921/913/926
f 921/913/926 397/395/927 922/914/928
f 922/914/928 919/911/924 921/913/926
f 923/915/929 919/911/924 922/914/928
f 924/392/930 923/915/929 922/914/928
f 925/916/931 923/915/929 924/392/930
f 926/917/932 925/916/931 924/392/930
f 927/390/933 926/917/932 924/392/930
f 928/388/934 926/917/932 927/390/933
f 929/918/935 926/917/932 928/388/934
f 377/377/936 930/919/937 928/388/934
f 930/919/937 929/918/935 928/388/934
f 931/379/938 930/919/937 377/377/936
f 932/920/939 930/919/937 931/379/938
f 908/901/914 933/921/940 909/380/915
f 377/377/936 934/922/941 931/379/938
f 931/379/938 934/922/941 909/380/942
f 935/923/943 936/924/943 937/925/943
f 938/926/944 939/927/945 940/928/946
f 941/929/947 939/927/945 938/926/944
f 942/930/948 941/929/947 938/926/944
f 943/931/949 941/929/947 942/930/948
f 944/932/950 941/929/947 943/931/949
f 917/909/922 945/933/951 916/908/921
f 946/934/952 945/933/951 917/909/922
f 947/935/953 946/934/952 917/909/922
f 948/936/954 946/934/955 949/935/956
f 950/937/957 946/934/955 948/936/954
f 951/938/958 946/934/955 950/937/957
f 952/927/945 946/934/955 951/938/958
f 940/928/959 952/927/945 951/938/958
f 235/235/235 953/939/960 244/244/244
f 953/939/960 235/235/235 954/940/961
f 954/940/961 235/235/235 234/234/234
f 955/941/962 953/939/960 954/940/961
f 956/942/963 953/939/960 955/941/962
f 957/943/964 956/942/963 955/941/962
f 958/944/965 97/97/97 96/96/96
f 959/945/966 248/248/248 250/250/250
f 959/945/966 97/97/97 958/944/965
f 97/97/97 959/945/966 123/123/123
f 959/945/966 250/250/250 123/123/123
f 245/245/245 960/946/967 958/944/965
f 960/946/967 959/945/966 958/944/965
f 246/246/246 960/946/967 245/245/245
f 961/947/968 246/246/246 244/244/244
f 953/939/960 961/947/968 244/244/244
f 962/948/969 241/241/241 245/245/245
f 96/96/96 140/140/140 962/948/969
f 958/944/965 96/96/96 962/948/969
f 245/245/245 958/944/965 962/948/969
f 140/140/140 241/241/241 962/948/969
f 963/949/970 249/249/249 248/248/248
f 734/732/736 249/249/249 963/949/970
f 960/946/967 963/949/970 959/945/966
f 963/949/970 248/248/248 959/945/966
f 964/950/971 965/951/972 961/947/968
f 961/947/968 965/951/972 246/246/246
f 956/942/963 966/952/973 953/939/960
f 953/939/960 966/952/973 961/947/968
f 966/952/973 964/950/971 961/947/968
f 967/953/974 966/952/973 956/942/963
f 968/954/975 956/942/963 957/943/964
f 968/954/975 967/953/974 956/942/963
f 969/955/976 968/954/975 957/943/964
f 969/955/976 970/956/977 968/954/975
f 970/956/977 967/953/974 968/954/975
f 971/957/978 970/956/977 969/955/976
f 972/958/979 963/949/970 960/946/967
f 246/246/246 972/958/979 960/946/967
f 972/958/979 734/732/736 963/949/970
f 965/951/972 972/958/979 246/246/246
f 734/732/736 973/959/980 736/734/738
f 965/951/972 973/959/980 972/958/979
f 973/959/980 734/732/736 972/958/979
f 970/956/977 974/960/981 967/953/974
f 967/953/974 975/961/982 966/952/973
f 974/960/981 975/961/982 967/953/974
f 966/952/973 975/961/982 964/950/971
f 971/957/978 976/962/983 970/956/977
f 976/962/983 974/960/981 970/956/977
f 977/963/984 976/962/983 971/957/978
f 978/964/985 977/963/984 971/957/978
f 979/965/986 977/963/984 978/964/985
f 979/965/986 980/966/987 981/967/988
f 981/967/988 980/966/987 982/968/989
f 983/969/990 979/965/986 981/967/988
f 977/963/984 979/965/986 983/969/990
f 984/970/991 977/963/984 983/969/990
f 976/962/983 977/963/984 984/970/991
f 985/971/992 976/962/983 984/970/991
f 974/960/981 976/962/983 985/971/992
f 986/972/993 974/960/981 985/971/992
f 975/961/982 974/960/981 986/972/993
f 964/950/971 987/973/994 965/951/972
f 975/961/982 987/973/994 964/950/971
f 987/973/994 975/961/982 988/974/995
f 988/974/995 975/961/982 986/972/993
f 987/973/994 989/975/996 965/951/972
f 989/975/996 973/959/980 965/951/972
f 989/975/996 987/973/994 990/976/997
f 990/976/997 987/973/994 988/974/995
f 991/977/998 989/975/996 990/976/997
f 992/978/999 732/730/734 472/470/474
f 992/978/999 991/977/998 990/976/997
f 992/978/999 472/470/474 473/471/475
f 993/979/1000 992/978/999 990/976/997
f 993/979/1000 732/730/734 992/978/999
f 988/974/995 993/979/1000 990/976/997
f 988/974/995 994/980/1001 993/979/1000
f 986/972/993 994/980/1001 988/974/995
f 985/971/992 995/981/1002 986/972/993
f 984/970/991 995/981/1002 985/971/992
f 995/981/1002 994/980/1001 986/972/993
f 983/969/990 996/982/1003 984/970/991
f 996/982/1003 995/981/1002 984/970/991
f 997/983/1004 996/982/1003 983/969/990
f 251/251/251 256/256/256 998/984/1005
f 252/252/252 251/251/251 998/984/1005
f 998/984/1005 256/256/256 997/983/1004
f 999/985/1006 252/252/252 998/984/1005
f 1000/986/1007 252/252/252 999/985/1006
f 254/254/254 252/252/252 1000/986/1007
f 254/254/254 1000/986/1007 686/684/688
f 1001/987/1008 1000/986/1007 999/985/1006
f 686/684/688 1000/986/1007 1001/987/1008
f 1002/988/1009 996/982/1003 997/983/1004
f 256/256/256 1002/988/1009 997/983/1004
f 730/728/732 1002/988/1009 258/258/258
f 1002/988/1009 256/256/256 258/258/258
f 1003/989/1010 356/356/356 353/353/353
f 359/359/359 358/358/358 1004/990/1011
f 1004/990/1011 356/356/356 1003/989/1010
f 1004/990/1011 358/358/358 356/356/356
f 1005/991/1012 1004/990/1011 1003/989/1010
f 1006/992/1013 1005/991/1012 1003/989/1010
f 1007/993/1014 359/359/359 1004/990/1011
f 1005/991/1012 1007/993/1014 1004/990/1011
f 1007/993/1014 372/372/374 359/359/359
f 1008/994/1015 1005/991/1012 1006/992/1013
f 1005/991/1012 1008/994/1015 1009/995/1016
f 1009/995/1016 1007/993/1014 1005/991/1012
f 1010/996/1017 1007/993/1014 1009/995/1016
f 1011/997/1018 1010/996/1017 1009/995/1016
f 1012/998/1019 1010/996/1017 1011/997/1018
f 362/362/362 361/361/361 1013/999/1020
f 1013/999/1020 1012/998/1019 1011/997/1018
f 361/361/361 1012/998/1019 1013/999/1020
f 374/374/376 385/383/387 1014/1000/1021
f 1012/998/1019 1014/1000/1021 1010/996/1017
f 385/383/387 383/381/385 1014/1000/1021
f 1015/1001/1022 383/381/385 372/372/374
f 1014/1000/1021 383/381/385 1015/1001/1022
f 1015/1001/1022 372/372/374 1007/993/1014
f 1010/996/1017 1015/1001/1022 1007/993/1014
f 1014/1000/1021 1015/1001/1022 1010/996/1017
f 365/365/365 374/374/376 1016/1002/1023
f 1016/1002/1023 1014/1000/1021 1012/998/1019
f 365/365/365 1016/1002/1023 361/361/361
f 1016/1002/1023 374/374/376 1014/1000/1021
f 361/361/361 1016/1002/1023 1012/998/1019
f 487/485/489 991/977/998 1017/1003/1024
f 473/471/475 500/498/502 1017/1003/1024
f 500/498/502 487/485/489 1017/1003/1024
f 1017/1003/1024 992/978/999 473/471/475
f 991/977/998 992/978/999 1017/1003/1024
f 973/959/980 989/975/996 1018/1004/1025
f 1018/1004/1025 991/977/998 487/485/489
f 736/734/738 973/959/980 1018/1004/1025
f 486/484/488 736/734/738 1018/1004/1025
f 1018/1004/1025 989/975/996 991/977/998
f 486/484/488 1018/1004/1025 487/485/489
f 670/668/672 669/667/671 1019/1005/1026
f 666/664/668 670/668/672 1019/1005/1026
f 1019/1005/1026 131/131/131 129/129/129
f 666/664/668 1019/1005/1026 129/129/129
f 1011/997/1018 1020/1006/1027 1013/999/1020
f 1021/1007/1028 669/667/671 362/362/362
f 1020/1006/1027 1021/1007/1028 1013/999/1020
f 1013/999/1020 1021/1007/1028 362/362/362
f 1021/1007/1028 1020/1006/1027 697/695/699
f 1009/995/1016 1022/1008/1029 1011/997/1018
f 1022/1008/1029 1020/1006/1027 1011/997/1018
f 1008/994/1015 1022/1008/1029 1009/995/1016
f 1008/994/1015 1023/1009/1030 1022/1008/1029
f 1022/1008/1029 1024/1010/1031 1020/1006/1027
f 1023/1009/1030 1024/1010/1031 1022/1008/1029
f 1006/992/1013 1025/1011/1032 1008/994/1015
f 1025/1011/1032 1023/1009/1030 1008/994/1015
f 1003/989/1010 1026/1012/1033 1006/992/1013
f 353/353/353 1026/1012/1033 1003/989/1010
f 672/670/674 1027/1013/1034 353/353/353
f 1027/1013/1034 1026/1012/1033 353/353/353
f 678/676/680 680/678/682 1028/1014/1035
f 1029/1015/1036 678/676/680 1028/1014/1035
f 676/674/678 678/676/680 1029/1015/1036
f 672/670/674 676/674/678 1029/1015/1036
f 672/670/674 1029/1015/1036 1027/1013/1034
f 1030/1016/1037 680/678/682 682/680/684
f 1028/1014/1035 680/678/682 1030/1016/1037
f 1031/1017/1038 1028/1014/1035 1030/1016/1037
f 1032/1018/1039 1031/1017/1038 1030/1016/1037
f 1033/1019/1040 1031/1017/1038 1032/1018/1039
f 1034/1020/1041 1033/1019/1040 1032/1018/1039
f 1035/1021/1042 1034/1020/1041 1032/1018/1039
f 684/682/686 1035/1021/1042 682/680/684
f 682/680/684 1035/1021/1042 1030/1016/1037
f 1030/1016/1037 1035/1021/1042 1032/1018/1039
f 1034/1020/1041 1036/1022/1043 1037/1023/1044
f 1037/1023/1044 1036/1022/1043 1038/1024/1045
f 1035/1021/1042 1039/1025/1046 1034/1020/1041
f 1039/1025/1046 1036/1022/1043 1034/1020/1041
f 684/682/686 1040/1026/1047 1035/1021/1042
f 687/685/689 1040/1026/1047 684/682/686
f 1040/1026/1047 687/685/689 686/684/688
f 1001/987/1008 1040/1026/1047 686/684/688
f 1040/1026/1047 1039/1025/1046 1035/1021/1042
f 1041/1027/1048 1040/1026/1047 1001/987/1008
f 1042/1028/1049 1041/1027/1048 1001/987/1008
f 1043/1029/1050 1041/1027/1048 1042/1028/1049
f 1044/1030/1051 1043/1029/1050 1042/1028/1049
f 1045/1031/1052 1043/1029/1050 1044/1030/1051
f 1046/1032/1053 1045/1031/1052 1044/1030/1051
f 1044/1030/1051 1042/1028/1049 1046/1032/1053
f 1046/1032/1053 982/968/989 1047/1033/1054
f 982/968/989 980/966/987 1047/1033/1054
f 1048/1034/1055 1049/1035/1056 1047/1033/1054
f 1047/1033/1054 1049/1035/1056 1046/1032/1053
f 1049/1035/1056 1045/1031/1052 1046/1032/1053
f 998/984/1005 1050/1036/1057 999/985/1006
f 1042/1028/1049 1051/1037/1058 1046/1032/1053
f 1051/1037/1058 1050/1036/1057 982/968/989
f 1042/1028/1049 1050/1036/1057 1051/1037/1058
f 1051/1037/1058 982/968/989 1046/1032/1053
f 999/985/1006 1052/1038/1059 1001/987/1008
f 1050/1036/1057 1052/1038/1059 999/985/1006
f 1052/1038/1059 1050/1036/1057 1042/1028/1049
f 1001/987/1008 1052/1038/1059 1042/1028/1049
f 997/983/1004 1053/1039/1060 998/984/1005
f 1050/1036/1057 1053/1039/1060 982/968/989
f 982/968/989 1053/1039/1060 981/967/988
f 1053/1039/1060 1050/1036/1057 998/984/1005
f 981/967/988 1054/1040/1061 983/969/990
f 1054/1040/1061 1053/1039/1060 997/983/1004
f 983/969/990 1054/1040/1061 997/983/1004
f 1053/1039/1060 1054/1040/1061 981/967/988
f 1055/1041/1062 1048/1034/1055 1047/1033/1054
f 1047/1033/1054 980/966/987 1055/1041/1062
f 1056/1042/1063 1048/1034/1055 1055/1041/1062
f 1057/1043/1064 1056/1042/1063 1058/1044/1065
f 1058/1044/1065 1056/1042/1063 1055/1041/1062
f 1059/1045/1066 1057/1043/1064 1058/1044/1065
f 1060/1046/1067 1057/1043/1064 1059/1045/1066
f 1061/1047/1068 1060/1046/1067 1059/1045/1066
f 1062/1048/1069 1061/1047/1068 1059/1045/1066
f 1063/1049/1070 1061/1047/1068 1062/1048/1069
f 1064/1050/1071 1063/1049/1070 1062/1048/1069
f 1065/1051/1072 1063/1049/1070 1064/1050/1071
f 1066/1052/1073 1065/1051/1072 1064/1050/1071
f 1067/1053/1074 1065/1051/1072 1066/1052/1073
f 1068/1054/1075 1067/1053/1074 1066/1052/1073
f 1069/1055/1076 1067/1053/1074 1068/1054/1075
f 1070/1056/1077 1069/1055/1076 1068/1054/1075
f 1071/1057/1078 1069/1055/1076 1070/1056/1077
f 1072/1058/1079 1071/1057/1078 1070/1056/1077
f 1068/1054/1075 1073/1059/1080 1070/1056/1077
f 1073/1059/1080 1074/1060/1081 1070/1056/1077
f 1070/1056/1077 1074/1060/1081 1072/1058/1079
f 1066/1052/1073 1075/1061/1082 1068/1054/1075
f 1075/1061/1082 1073/1059/1080 1068/1054/1075
f 1076/1062/1083 969/955/976 957/943/964
f 1073/1059/1080 1075/1061/1082 1076/1062/1083
f 1077/1063/1084 1075/1061/1082 1066/1052/1073
f 1076/1062/1083 1077/1063/1084 969/955/976
f 1064/1050/1071 1077/1063/1084 1066/1052/1073
f 1075/1061/1082 1077/1063/1084 1076/1062/1083
f 969/955/976 1078/1064/1085 971/957/978
f 1062/1048/1069 1078/1064/1085 1064/1050/1071
f 1078/1064/1085 1077/1063/1084 1064/1050/1071
f 1077/1063/1084 1078/1064/1085 969/955/976
f 1078/1064/1085 1079/1065/1086 971/957/978
f 971/957/978 1079/1065/1086 978/964/985
f 1079/1065/1086 1078/1064/1085 1062/1048/1069
f 1058/1044/1065 1080/1066/1087 1059/1045/1066
f 1059/1045/1066 1080/1066/1087 1062/1048/1069
f 1079/1065/1086 1080/1066/1087 978/964/985
f 1080/1066/1087 1079/1065/1086 1062/1048/1069
f 1055/1041/1062 1081/1067/1088 1058/1044/1065
f 978/964/985 1081/1067/1088 979/965/986
f 1081/1067/1088 980/966/987 979/965/986
f 1080/1066/1087 1081/1067/1088 978/964/985
f 1081/1067/1088 1080/1066/1087 1058/1044/1065
f 980/966/987 1081/1067/1088 1055/1041/1062
f 1082/1068/1089 1073/1059/1080 1076/1062/1083
f 1082/1068/1089 1076/1062/1083 957/943/964
f 1083/1069/1090 1073/1059/1080 1082/1068/1089
f 1074/1060/1081 1073/1059/1080 1083/1069/1090
f 1084/1070/1091 1074/1060/1081 1083/1069/1090
f 1074/1060/1081 1084/1070/1091 1072/1058/1079
f 1085/1071/1092 1084/1070/1091 1083/1069/1090
f 1086/1072/1093 1084/1070/1091 1087/1073/1094
f 1087/1073/1094 1084/1070/1091 1085/1071/1092
f 1088/1074/1095 955/941/962 954/940/961
f 1088/1074/1095 1082/1068/1089 957/943/964
f 957/943/964 955/941/962 1088/1074/1095
f 1089/1075/1096 1082/1068/1089 1088/1074/1095
f 1083/1069/1090 1082/1068/1089 1089/1075/1096
f 1090/1076/1097 1083/1069/1090 1089/1075/1096
f 1085/1071/1092 1083/1069/1090 1090/1076/1097
f 703/701/705 705/703/707 1090/1076/1097
f 1087/1073/1094 1085/1071/1092 1091/1077/1098
f 1091/1077/1098 1085/1071/1092 1090/1076/1097
f 1090/1076/1097 705/703/707 1091/1077/1098
f 705/703/707 707/705/709 1092/1078/1099
f 1092/1078/1099 1087/1073/1094 1091/1077/1098
f 1091/1077/1098 705/703/707 1092/1078/1099
f 1093/1079/1100 1087/1073/1094 1092/1078/1099
f 1094/1080/1101 1093/1079/1100 1092/1078/1099
f 1095/1081/1102 1094/1080/1101 1092/1078/1099
f 1092/1078/1099 707/705/709 1095/1081/1102
f 1096/1082/1103 1094/1080/1101 1095/1081/1102
f 1097/1083/1104 707/705/709 708/706/710
f 1097/1083/1104 1096/1082/1103 1095/1081/1102
f 1095/1081/1102 707/705/709 1097/1083/1104
f 1098/1084/1105 1096/1082/1103 1097/1083/1104
f 1099/1085/1106 1098/1084/1105 1097/1083/1104
f 1097/1083/1104 708/706/710 1099/1085/1106
f 1100/1086/1107 1098/1084/1105 1099/1085/1106
f 1101/1087/1108 1100/1086/1107 1099/1085/1106
f 1099/1085/1106 708/706/710 1101/1087/1108
f 1102/1088/1109 1086/1072/1093 1087/1073/1094
f 1093/1079/1100 1102/1088/1109 1087/1073/1094
f 1094/1080/1101 1103/1089/1110 1093/1079/1100
f 1103/1089/1110 1102/1088/1109 1093/1079/1100
f 1104/1090/1111 1103/1089/1110 1094/1080/1101
f 1096/1082/1103 1104/1090/1111 1094/1080/1101
f 1105/1091/1112 1104/1090/1111 1096/1082/1103
f 1098/1084/1105 1105/1091/1112 1096/1082/1103
f 1100/1086/1107 1106/1092/1113 1098/1084/1105
f 1106/1092/1113 1105/1091/1112 1098/1084/1105
f 1107/1093/1114 1106/1092/1113 1100/1086/1107
f 1100/1086/1107 1101/1087/1108 1107/1093/1114
f 1108/1094/1115 1106/1092/1113 1107/1093/1114
f 1109/1095/1116 1108/1094/1115 1107/1093/1114
f 1110/1096/1117 1109/1095/1116 1107/1093/1114
f 1111/1097/1118 1109/1095/1116 1112/1098/1119
f 1112/1098/1119 1109/1095/1116 1110/1096/1117
f 1113/1099/1120 1111/1097/1118 1112/1098/1119
f 1114/1100/1121 1113/1099/1120 1112/1098/1119
f 1108/1094/1115 1109/1095/1116 1115/1101/1122
f 1115/1101/1122 1109/1095/1116 1111/1097/1118
f 1116/1102/1123 1108/1094/1115 1115/1101/1122
f 1117/1103/1124 1108/1094/1115 1116/1102/1123
f 1106/1092/1113 1108/1094/1115 1117/1103/1124
f 1105/1091/1112 1106/1092/1113 1118/1104/1125
f 1118/1104/1125 1106/1092/1113 1117/1103/1124
f 1104/1090/1111 1105/1091/1112 1119/1105/1126
f 1103/1089/1110 1104/1090/1111 1119/1105/1126
f 1119/1105/1126 1105/1091/1112 1118/1104/1125
f 1120/1106/1127 1103/1089/1110 1119/1105/1126
f 1121/1107/1128 1103/1089/1110 1120/1106/1127
f 1086/1072/1093 1102/1088/1109 1121/1107/1128
f 1102/1088/1109 1103/1089/1110 1121/1107/1128
f 1122/1108/1129 1086/1072/1093 1121/1107/1128
f 1084/1070/1091 1086/1072/1093 1122/1108/1129
f 1072/1058/1079 1084/1070/1091 1122/1108/1129
f 1116/1102/1123 1115/1101/1122 1123/1109/1130
f 1123/1109/1130 1115/1101/1122 1124/1110/1131
f 1125/1111/1132 1116/1102/1123 1123/1109/1130
f 1117/1103/1124 1116/1102/1123 1125/1111/1132
f 1126/1112/1133 1117/1103/1124 1125/1111/1132
f 1118/1104/1125 1117/1103/1124 1126/1112/1133
f 1127/1113/1134 1118/1104/1125 1126/1112/1133
f 1119/1105/1126 1118/1104/1125 1127/1113/1134
f 1120/1106/1127 1119/1105/1126 1128/1114/1135
f 1128/1114/1135 1119/1105/1126 1127/1113/1134
f 1129/1115/1136 1120/1106/1127 1128/1114/1135
f 1121/1107/1128 1120/1106/1127 1130/1116/1137
f 1130/1116/1137 1120/1106/1127 1129/1115/1136
f 1122/1108/1129 1121/1107/1128 1131/1117/1138
f 1131/1117/1138 1121/1107/1128 1130/1116/1137
f 1072/1058/1079 1122/1108/1129 1132/1118/1139
f 1071/1057/1078 1072/1058/1079 1132/1118/1139
f 1132/1118/1139 1122/1108/1129 1131/1117/1138
f 1133/1119/1140 1124/1110/1131 1115/1101/1122
f 1111/1097/1118 1113/1099/1120 1133/1119/1140
f 1115/1101/1122 1111/1097/1118 1133/1119/1140
f 1134/1120/1141 1124/1110/1131 1133/1119/1140
f 1133/1119/1140 1113/1099/1120 1135/1121/1142
f 1135/1121/1142 1134/1120/1141 1133/1119/1140
f 1136/1122/1143 1134/1120/1141 1135/1121/1142
f 1137/1123/1144 1136/1122/1143 1138/1124/1145
f 1138/1124/1145 1136/1122/1143 1135/1121/1142
f 1139/1125/1146 1137/1123/1144 1138/1124/1145
f 1140/1126/1147 1137/1123/1144 1139/1125/1146
f 1141/1127/1148 1140/1126/1147 1139/1125/1146
f 1142/1128/1149 1141/1127/1148 1139/1125/1146
f 1143/1129/1150 1141/1127/1148 1142/1128/1149
f 1144/1130/1151 1143/1129/1150 1142/1128/1149
f 1145/1131/1152 1143/1129/1150 1144/1130/1151
f 1146/1132/1153 1145/1131/1152 1147/1133/1154
f 1147/1133/1154 1145/1131/1152 1144/1130/1151
f 1148/1134/1155 1034/1020/1041 1037/1023/1044
f 1148/1134/1155 1146/1132/1153 1147/1133/1154
f 1038/1024/1045 1146/1132/1153 1148/1134/1155
f 1037/1023/1044 1038/1024/1045 1148/1134/1155
f 1033/1019/1040 1034/1020/1041 1148/1134/1155
f 1144/1130/1151 1149/1135/1156 1147/1133/1154
f 1150/1136/1157 1033/1019/1040 1148/1134/1155
f 1149/1135/1156 1150/1136/1157 1147/1133/1154
f 1147/1133/1154 1150/1136/1157 1148/1134/1155
f 1139/1125/1146 1151/1137/1158 1142/1128/1149
f 1138/1124/1145 1151/1137/1158 1139/1125/1146
f 1152/1138/1159 1149/1135/1156 1144/1130/1151
f 1151/1137/1158 1152/1138/1159 1142/1128/1149
f 1142/1128/1149 1152/1138/1159 1144/1130/1151
f 1153/1139/1160 1151/1137/1158 1138/1124/1145
f 1135/1121/1142 1154/1140/1161 1138/1124/1145
f 1154/1140/1161 1113/1099/1120 1114/1100/1121
f 1154/1140/1161 1153/1139/1160 1138/1124/1145
f 1113/1099/1120 1154/1140/1161 1135/1121/1142
f 1153/1139/1160 1154/1140/1161 1155/1141/1162
f 1155/1141/1162 1154/1140/1161 1114/1100/1121
f 1151/1137/1158 1153/1139/1160 1156/1142/1163
f 1152/1138/1159 1151/1137/1158 1156/1142/1163
f 1156/1142/1163 1153/1139/1160 1155/1141/1162
f 1157/1143/1164 1152/1138/1159 1156/1142/1163
f 1149/1135/1156 1152/1138/1159 1157/1143/1164
f 1150/1136/1157 1149/1135/1156 1158/1144/1165
f 1158/1144/1165 1149/1135/1156 1157/1143/1164
f 1159/1145/1166 1150/1136/1157 1158/1144/1165
f 1028/1014/1035 1031/1017/1038 1159/1145/1166
f 1031/1017/1038 1033/1019/1040 1159/1145/1166
f 1033/1019/1040 1150/1136/1157 1159/1145/1166
f 1160/1146/1167 1028/1014/1035 1159/1145/1166
f 1029/1015/1036 1028/1014/1035 1160/1146/1167
f 1027/1013/1034 1029/1015/1036 1160/1146/1167
f 1156/1142/1163 1161/1147/1168 1157/1143/1164
f 1155/1141/1162 1161/1147/1168 1156/1142/1163
f 1158/1144/1165 1157/1143/1164 1162/1148/1169
f 1162/1148/1169 1157/1143/1164 1161/1147/1168
f 1162/1148/1169 1160/1146/1167 1163/1149/1170
f 1159/1145/1166 1158/1144/1165 1163/1149/1170
f 1160/1146/1167 1159/1145/1166 1163/1149/1170
f 1163/1149/1170 1158/1144/1165 1162/1148/1169
f 1162/1148/1169 1161/1147/1168 1164/1150/1171
f 1165/1151/1172 1025/1011/1032 1006/992/1013
f 1026/1012/1033 1165/1151/1172 1006/992/1013
f 1166/1152/1173 1162/1148/1169 1164/1150/1171
f 1026/1012/1033 1027/1013/1034 1166/1152/1173
f 1165/1151/1172 1026/1012/1033 1166/1152/1173
f 1164/1150/1171 1165/1151/1172 1166/1152/1173
f 1160/1146/1167 1162/1148/1169 1166/1152/1173
f 1027/1013/1034 1160/1146/1167 1166/1152/1173
f 1167/1153/1174 1165/1151/1172 1164/1150/1171
f 1025/1011/1032 1165/1151/1172 1167/1153/1174
f 1168/1154/1175 1025/1011/1032 1167/1153/1174
f 1023/1009/1030 1025/1011/1032 1168/1154/1175
f 1169/1155/1176 1023/1009/1030 1168/1154/1175
f 1170/1156/1177 1023/1009/1030 1169/1155/1176
f 1024/1010/1031 1023/1009/1030 1170/1156/1177
f 697/695/699 1171/1157/1178 696/694/698
f 1171/1157/1178 1024/1010/1031 1170/1156/1177
f 1024/1010/1031 1171/1157/1178 1020/1006/1027
f 1020/1006/1027 1171/1157/1178 697/695/699
f 696/694/698 1171/1157/1178 1172/1158/1179
f 1172/1158/1179 1171/1157/1178 1170/1156/1177
f 1173/1159/1180 1169/1155/1176 1168/1154/1175
f 1114/1100/1121 1173/1159/1180 1155/1141/1162
f 1174/1160/1181 1169/1155/1176 1173/1159/1180
f 1174/1160/1181 1173/1159/1180 1114/1100/1121
f 1172/1158/1179 1170/1156/1177 1175/1161/1182
f 1170/1156/1177 1169/1155/1176 1175/1161/1182
f 1175/1161/1182 1169/1155/1176 1174/1160/1181
f 1176/1162/1183 1172/1158/1179 1175/1161/1182
f 1177/1163/1184 1176/1162/1183 1175/1161/1182
f 1110/1096/1117 1177/1163/1184 1112/1098/1119
f 1177/1163/1184 1174/1160/1181 1114/1100/1121
f 1112/1098/1119 1177/1163/1184 1114/1100/1121
f 1174/1160/1181 1177/1163/1184 1175/1161/1182
f 1172/1158/1179 1176/1162/1183 1178/1164/1185
f 1179/1165/1186 1176/1162/1183 1177/1163/1184
f 1179/1165/1186 1177/1163/1184 1110/1096/1117
f 1178/1164/1185 1176/1162/1183 1179/1165/1186
f 693/691/695 692/690/694 1180/1166/1187
f 1178/1164/1185 693/691/695 1180/1166/1187
f 691/689/693 696/694/698 1180/1166/1187
f 692/690/694 691/689/693 1180/1166/1187
f 696/694/698 1172/1158/1179 1180/1166/1187
f 1180/1166/1187 1172/1158/1179 1178/1164/1185
f 1179/1165/1186 1181/1167/1188 1178/1164/1185
f 1181/1167/1188 693/691/695 1178/1164/1185
f 1182/1168/1189 1181/1167/1188 1179/1165/1186
f 1107/1093/1114 1182/1168/1189 1110/1096/1117
f 1182/1168/1189 1179/1165/1186 1110/1096/1117
f 1101/1087/1108 1181/1167/1188 1182/1168/1189
f 1101/1087/1108 1182/1168/1189 1107/1093/1114
f 1183/1169/1190 1181/1167/1188 1101/1087/1108
f 1183/1169/1190 217/217/217 693/691/695
f 210/210/210 217/217/217 1183/1169/1190
f 693/691/695 1181/1167/1188 1183/1169/1190
f 708/706/710 210/210/210 1183/1169/1190
f 1101/1087/1108 708/706/710 1183/1169/1190
f 694/692/696 224/224/224 1184/1170/1191
f 694/692/696 1184/1170/1191 698/696/700
f 1184/1170/1191 224/224/224 134/134/134
f 1185/1171/1192 134/134/134 132/132/132
f 698/696/700 1184/1170/1191 1185/1171/1192
f 1184/1170/1191 134/134/134 1185/1171/1192
f 1019/1005/1026 669/667/671 1186/1172/1193
f 669/667/671 1021/1007/1028 1186/1172/1193
f 1186/1172/1193 1021/1007/1028 697/695/699
f 1186/1172/1193 697/695/699 698/696/700
f 131/131/131 1019/1005/1026 1187/1173/1194
f 1019/1005/1026 1186/1172/1193 1187/1173/1194
f 132/132/132 131/131/131 1187/1173/1194
f 698/696/700 1185/1171/1192 1187/1173/1194
f 1187/1173/1194 1185/1171/1192 132/132/132
f 1187/1173/1194 1186/1172/1193 698/696/700
f 954/940/961 1188/1174/1195 1088/1074/1095
f 703/701/705 1188/1174/1195 234/234/234
f 1188/1174/1195 703/701/705 1090/1076/1097
f 234/234/234 1188/1174/1195 954/940/961
f 1088/1074/1095 1188/1174/1195 1089/1075/1096
f 1089/1075/1096 1188/1174/1195 1090/1076/1097
f 732/730/734 993/979/1000 1189/1175/1196
f 993/979/1000 994/980/1001 1189/1175/1196
f 730/728/732 731/729/733 1189/1175/1196
f 1189/1175/1196 731/729/733 732/730/734
f 995/981/1002 996/982/1003 1190/1176/1197
f 994/980/1001 995/981/1002 1190/1176/1197
f 1189/1175/1196 994/980/1001 1190/1176/1197
f 1190/1176/1197 730/728/732 1189/1175/1196
f 996/982/1003 1002/988/1009 1190/1176/1197
f 1002/988/1009 730/728/732 1190/1176/1197
f 1038/1024/1045 1036/1022/1043 1191/1177/1198
f 1043/1029/1050 1045/1031/1052 1191/1177/1198
f 1192/1178/1199 1038/1024/1045 1191/1177/1198
f 1191/1177/1198 1045/1031/1052 1192/1178/1199
f 1036/1022/1043 1039/1025/1046 1193/1179/1200
f 1191/1177/1198 1036/1022/1043 1193/1179/1200
f 1193/1179/1200 1043/1029/1050 1191/1177/1198
f 1041/1027/1048 1043/1029/1050 1193/1179/1200
f 1193/1179/1200 1039/1025/1046 1194/1180/1201
f 1039/1025/1046 1040/1026/1047 1194/1180/1201
f 1040/1026/1047 1041/1027/1048 1194/1180/1201
f 1194/1180/1201 1041/1027/1048 1193/1179/1200
f 1195/1181/1202 1161/1147/1168 1155/1141/1162
f 1164/1150/1171 1161/1147/1168 1195/1181/1202
f 1168/1154/1175 1167/1153/1174 1195/1181/1202
f 1155/1141/1162 1173/1159/1180 1195/1181/1202
f 1167/1153/1174 1164/1150/1171 1195/1181/1202
f 1173/1159/1180 1168/1154/1175 1195/1181/1202
f 1196/1182/1203 144/144/144 143/143/143
f 146/146/146 144/144/144 1196/1182/1203
f 147/147/147 146/146/146 1196/1182/1203
f 1197/1183/1204 1198/1184/1205 1199/1185/1206
f 1200/1186/1207 1198/1184/1205 1197/1183/1204
f 1201/1187/1208 1200/1186/1207 1197/1183/1204
f 1202/1188/1209 1200/1186/1207 1201/1187/1208
f 1203/1189/1210 1202/1188/1209 1201/1187/1208
f 1204/1190/1211 1202/1188/1209 1203/1189/1210
f 1205/1191/1212 1204/1190/1211 1203/1189/1210
f 1206/1192/1213 1204/1190/1211 1205/1191/1212
f 1207/1193/1214 1206/1192/1213 1205/1191/1212
f 1208/1194/1215 1207/1193/1214 1205/1191/1212
f 1209/1195/1216 1207/1193/1214 1208/1194/1215
f 1209/1195/1216 1210/1196/1217 1211/1197/1218
f 1211/1197/1218 1210/1196/1217 1212/1198/1219
f 1213/1199/1220 1214/1200/1221 1215/1201/1222
f 1216/1202/1223 1217/1203/1224 1218/1204/1225
f 1218/1204/1225 1217/1203/1224 1213/1199/1220
f 1219/1205/1226 1216/1202/1223 1218/1204/1225
f 1220/1197/1227 1221/1206/1228 1222/1196/1229
f 1223/1195/1230 1220/1197/1227 1222/1196/1229
f 1224/1207/1231 1220/1197/1227 1223/1195/1230
f 1225/1193/1232 1224/1207/1231 1223/1195/1230
f 1226/1194/1233 1225/1193/1232 1223/1195/1230
f 1227/1191/1234 1225/1193/1232 1226/1194/1233
f 1228/1192/1235 1225/1193/1232 1227/1191/1234
f 1229/1189/1236 1228/1192/1235 1227/1191/1234
f 1230/1190/1237 1228/1192/1235 1229/1189/1236
f 1231/1188/1238 1230/1190/1237 1229/1189/1236
f 1232/1187/1239 1231/1188/1238 1229/1189/1236
f 1233/1186/1240 1231/1188/1238 1232/1187/1239
f 1234/1183/1241 1233/1186/1240 1232/1187/1239
f 1235/1184/1242 1233/1186/1240 1234/1183/1241
f 1236/1185/1243 1235/1184/1242 1234/1183/1241
f 1237/1208/1244 1235/1184/1242 1236/1185/1243
f 1238/1209/1245 1237/1208/1244 1236/1185/1243
f 1239/1210/1246 1237/1208/1244 1238/1209/1245
f 1240/1211/1247 1241/1212/1248 1242/1213/1249
f 1243/1214/1250 1241/1212/1248 1240/1211/1247
f 1244/1215/1251 1241/1212/1248 1243/1214/1250
f 1245/1216/1252 1244/1215/1251 1243/1214/1250
f 1246/1217/1253 1244/1215/1251 1245/1216/1252
f 1247/1218/1254 1244/1215/1251 1246/1217/1253
f 1248/1219/1255 1247/1218/1254 1246/1217/1253
f 1199/1185/1206 1198/1184/1205 1249/1208/1256
f 1249/1208/1256 1250/1210/1257 1251/1209/1258
f 1199/1185/1206 1249/1208/1256 1251/1209/1258
f 1252/1220/1259 1253/1221/1260 1254/1222/1261
f 1218/1204/1225 1255/1223/1262 1219/1205/1226
f 1219/1205/1226 1255/1223/1262 1253/1221/1260
f 1215/1201/1222 1256/1224/1263 1213/1199/1220
f 1256/1224/1263 1255/1223/1262 1218/1204/1225
f 1213/1199/1220 1256/1224/1263 1218/1204/1225
f 1257/1225/1264 1256/1224/1263 1215/1201/1222
f 1258/1226/1265 1257/1225/1264 1215/1201/1222
f 1259/1227/1266 1258/1226/1265 1215/1201/1222
f 1260/1228/1267 1259/1227/1266 1215/1201/1222
f 1214/1200/1221 1260/1228/1267 1215/1201/1222
f 1249/1208/1256 1261/1229/1268 1250/1210/1257
f 1262/1230/1269 1261/1229/1268 1263/1231/1270
f 1262/1230/1269 1263/1231/1270 1264/1232/1271
f 1264/1232/1271 1263/1231/1270 1265/1233/1272
f 1266/1234/1273 1262/1230/1269 1264/1232/1271
f 1267/1235/1274 1262/1230/1269 1266/1234/1273
f 1268/1236/1275 1262/1230/1269 1267/1235/1274
f 1261/1229/1268 1262/1230/1269 1268/1236/1275
f 1250/1210/1257 1261/1229/1268 1268/1236/1275
f 1225/1193/1232 1269/1202/1276 1224/1207/1231
f 1269/1202/1276 1270/1205/1277 1271/1204/1278
f 1269/1202/1276 1272/1203/1279 1224/1207/1231
f 1224/1207/1231 1272/1203/1279 1220/1197/1227
f 1272/1203/1279 1269/1202/1276 1271/1204/1278
f 1273/1199/1280 1272/1203/1279 1271/1204/1278
f 1274/1237/1281 1275/1200/1282 1276/1238/1283
f 1242/1213/1249 1277/1239/1284 1240/1211/1247
f 1278/1240/1285 1277/1239/1284 1242/1213/1249
f 1279/1241/1286 1278/1240/1285 1242/1213/1249
f 1241/1212/1248 1279/1241/1286 1242/1213/1249
f 1244/1215/1251 1279/1241/1286 1241/1212/1248
f 1247/1218/1254 1280/1242/1287 1244/1215/1251
f 1280/1242/1287 1279/1241/1286 1244/1215/1251
f 1281/1243/1288 1280/1242/1287 1247/1218/1254
f 1248/1219/1255 1282/1244/1289 1247/1218/1254
f 1282/1244/1289 1281/1243/1288 1247/1218/1254
f 1265/1233/1272 1263/1231/1270 1283/1245/1290
f 1283/1245/1290 1254/1222/1261 1265/1233/1272
f 1284/1246/1291 1261/1229/1268 1249/1208/1256
f 1263/1231/1270 1261/1229/1268 1284/1246/1291
f 1198/1184/1205 1284/1246/1291 1249/1208/1256
f 1263/1231/1270 1284/1246/1291 1283/1245/1290
f 1285/1247/1292 1254/1222/1261 1283/1245/1290
f 1283/1245/1290 1284/1246/1291 1286/1248/1293
f 1284/1246/1291 1198/1184/1205 1286/1248/1293
f 1198/1184/1205 1200/1186/1207 1286/1248/1293
f 1286/1248/1293 1285/1247/1292 1283/1245/1290
f 1202/1188/1209 1287/1249/1294 1200/1186/1207
f 1204/1190/1211 1287/1249/1294 1202/1188/1209
f 1200/1186/1207 1287/1249/1294 1286/1248/1293
f 1287/1249/1294 1285/1247/1292 1286/1248/1293
f 1285/1247/1292 1287/1249/1294 1288/1250/1295
f 1288/1250/1295 1254/1222/1261 1285/1247/1292
f 1252/1220/1259 1254/1222/1261 1288/1250/1295
f 1287/1249/1294 1204/1190/1211 1288/1250/1295
f 1204/1190/1211 1289/1251/1296 1288/1250/1295
f 1289/1251/1296 1252/1220/1259 1288/1250/1295
f 1204/1190/1211 1206/1192/1213 1289/1251/1296
f 1206/1192/1213 1207/1193/1214 1289/1251/1296
f 1289/1251/1296 1207/1193/1214 1216/1202/1223
f 1290/1249/1297 1231/1188/1238 1233/1186/1240
f 1230/1190/1237 1231/1188/1238 1290/1249/1297
f 1291/1247/1298 1290/1249/1297 1292/1248/1299
f 1235/1184/1242 1292/1248/1299 1233/1186/1240
f 1233/1186/1240 1292/1248/1299 1290/1249/1297
f 1239/1210/1246 1293/1229/1300 1237/1208/1244
f 1294/1236/1301 1293/1229/1300 1239/1210/1246
f 1293/1229/1300 1295/1246/1302 1237/1208/1244
f 1237/1208/1244 1295/1246/1302 1235/1184/1242
f 1295/1246/1302 1292/1248/1299 1235/1184/1242
f 1291/1247/1298 1292/1248/1299 1296/1245/1303
f 1295/1246/1302 1296/1245/1303 1292/1248/1299
f 1294/1236/1301 1297/1230/1304 1293/1229/1300
f 1298/1235/1305 1297/1230/1304 1294/1236/1301
f 1296/1245/1303 1299/1222/1306 1291/1247/1298
f 1300/1250/1307 1230/1190/1237 1290/1249/1297
f 1299/1222/1306 1300/1250/1307 1291/1247/1298
f 1291/1247/1298 1300/1250/1307 1290/1249/1297
f 1301/1233/1308 1299/1222/1306 1296/1245/1303
f 1293/1229/1300 1302/1231/1309 1295/1246/1302
f 1302/1231/1309 1296/1245/1303 1295/1246/1302
f 1302/1231/1309 1301/1233/1308 1296/1245/1303
f 1297/1230/1304 1302/1231/1309 1293/1229/1300
f 1269/1202/1276 1225/1193/1232 1303/1251/1310
f 1228/1192/1235 1230/1190/1237 1303/1251/1310
f 1303/1251/1310 1230/1190/1237 1300/1250/1307
f 1225/1193/1232 1228/1192/1235 1303/1251/1310
f 1304/1252/1311 1269/1202/1276 1303/1251/1310
f 1269/1202/1276 1304/1252/1311 1270/1205/1277
f 1305/1220/1312 1304/1252/1311 1303/1251/1310
f 1300/1250/1307 1305/1220/1312 1303/1251/1310
f 1299/1222/1306 1305/1220/1312 1300/1250/1307
f 1306/1253/1313 1307/1254/1314 1308/1255/1315
f 1309/1256/1316 1307/1254/1314 1306/1253/1313
f 1310/1257/1317 1307/1254/1314 1309/1256/1316
f 1311/1258/1318 1307/1254/1314 1310/1257/1317
f 1312/1259/1319 1313/1260/1320 1314/1261/1321
f 1315/1262/1322 1313/1260/1320 1312/1259/1319
f 1316/1263/1323 1315/1262/1322 1312/1259/1319
f 1317/1264/1324 1316/1263/1323 1312/1259/1319
f 1318/1265/1325 1317/1264/1324 1312/1259/1319
f 1314/1261/1321 1318/1265/1325 1312/1259/1319
f 1319/1266/1326 1317/1264/1324 1318/1265/1325
f 1315/1262/1322 1320/1267/1327 1313/1260/1320
f 1320/1267/1327 1321/1268/1328 1313/1260/1320
f 1316/1263/1323 1322/1269/1329 1315/1262/1322
f 1322/1269/1329 1320/1267/1327 1315/1262/1322
f 1323/1270/1330 1322/1269/1329 1316/1263/1323
f 1324/1271/1331 1322/1269/1329 1323/1270/1330
f 1317/1264/1324 1325/1272/1332 1316/1263/1323
f 1316/1263/1323 1325/1272/1332 1323/1270/1330
f 1326/1273/1333 1325/1272/1332 1317/1264/1324
f 1319/1266/1326 1326/1273/1333 1317/1264/1324
f 1327/1274/1334 1326/1273/1333 1319/1266/1326
f 1328/1275/1335 1327/1274/1334 1319/1266/1326
f 1329/1276/1336 1327/1274/1334 1328/1275/1335
f 1330/1277/1337 1329/1276/1336 1328/1275/1335
f 1331/1278/1338 1329/1276/1336 1330/1277/1337
f 1332/1279/1339 1331/1278/1338 1330/1277/1337
f 1333/1280/1340 1331/1278/1338 1332/1279/1339
f 1334/1281/1341 1333/1280/1340 1332/1279/1339
f 1335/1282/1342 1334/1281/1341 1332/1279/1339
f 1336/1283/1343 1334/1281/1341 1335/1282/1342
f 1337/1284/1344 1334/1281/1341 1336/1283/1343
f 1306/1253/1313 1337/1284/1344 1336/1283/1343
f 1308/1255/1315 1338/1285/1345 1306/1253/1313
f 1338/1285/1345 1337/1284/1344 1306/1253/1313
f 1328/1275/1335 1319/1266/1326 1339/1286/1346
f 1339/1286/1346 1319/1266/1326 1318/1265/1325
f 1340/1287/1347 1328/1275/1335 1339/1286/1346
f 1330/1277/1337 1328/1275/1335 1340/1287/1347
f 1341/1288/1348 1330/1277/1337 1340/1287/1347
f 1332/1279/1339 1330/1277/1337 1341/1288/1348
f 1335/1282/1342 1332/1279/1339 1342/1289/1349
f 1342/1289/1349 1332/1279/1339 1341/1288/1348
f 1336/1283/1343 1335/1282/1342 1343/1290/1350
f 1343/1290/1350 1335/1282/1342 1342/1289/1349
f 1306/1253/1313 1336/1283/1343 1344/1291/1351
f 1309/1256/1316 1306/1253/1313 1344/1291/1351
f 1344/1291/1351 1336/1283/1343 1343/1290/1350
f 1310/1257/1317 1309/1256/1316 1345/1292/1352
f 1345/1292/1352 1309/1256/1316 1344/1291/1351
f 1346/1293/1353 1318/1265/1325 1314/1261/1321
f 1339/1286/1346 1318/1265/1325 1346/1293/1353
f 1340/1287/1347 1339/1286/1346 1347/1294/1354
f 1347/1294/1354 1339/1286/1346 1346/1293/1353
f 1341/1288/1348 1340/1287/1347 1348/1295/1355
f 1348/1295/1355 1340/1287/1347 1347/1294/1354
f 1342/1289/1349 1341/1288/1348 1349/1296/1356
f 1349/1296/1356 1341/1288/1348 1348/1295/1355
f 1350/1297/1357 1342/1289/1349 1349/1296/1356
f 1343/1290/1350 1342/1289/1349 1350/1297/1357
f 1345/1292/1352 1344/1291/1351 1351/1298/1358
f 1351/1298/1358 1343/1290/1350 1350/1297/1357
f 1344/1291/1351 1343/1290/1350 1351/1298/1358
f 1352/1255/1359 1353/1254/1360 1354/1253/1361
f 1355/1299/1362 1353/1254/1360 1352/1255/1359
f 1356/1300/1363 1355/1299/1362 1352/1255/1359
f 1357/1301/1364 1356/1300/1363 1352/1255/1359
f 1358/1302/1365 1357/1301/1364 1352/1255/1359
f 1354/1253/1361 1353/1254/1360 1359/1256/1366
f 1359/1256/1366 1353/1254/1360 1360/1257/1367
f 1361/1291/1368 1354/1253/1361 1359/1256/1366
f 1362/1283/1369 1354/1253/1361 1361/1291/1368
f 1363/1290/1370 1362/1283/1369 1361/1291/1368
f 1364/1282/1371 1362/1283/1369 1363/1290/1370
f 1365/1289/1372 1364/1282/1371 1363/1290/1370
f 1366/1279/1373 1364/1282/1371 1365/1289/1372
f 1367/1288/1374 1366/1279/1373 1365/1289/1372
f 1365/1289/1372 1368/1296/1375 1367/1288/1374
f 1369/1297/1376 1368/1296/1375 1365/1289/1372
f 1363/1290/1370 1369/1297/1376 1365/1289/1372
f 1361/1291/1368 1370/1298/1377 1363/1290/1370
f 1370/1298/1377 1369/1297/1376 1363/1290/1370
f 1359/1256/1366 1371/1292/1378 1361/1291/1368
f 1371/1292/1378 1370/1298/1377 1361/1291/1368
f 1360/1257/1367 1371/1292/1378 1359/1256/1366
f 1372/1277/1379 1366/1279/1373 1367/1288/1374
f 1373/1287/1380 1372/1277/1379 1367/1288/1374
f 1374/1275/1381 1372/1277/1379 1373/1287/1380
f 1375/1286/1382 1374/1275/1381 1373/1287/1380
f 1376/1266/1383 1374/1275/1381 1375/1286/1382
f 1377/1265/1384 1376/1266/1383 1375/1286/1382
f 1378/1264/1385 1376/1266/1383 1377/1265/1384
f 1379/1259/1386 1378/1264/1385 1377/1265/1384
f 1380/1263/1387 1378/1264/1385 1379/1259/1386
f 1381/1303/1388 1382/1304/1389 1383/1261/1390
f 1384/1305/1391 1381/1303/1388 1383/1261/1390
f 1385/1293/1392 1384/1305/1391 1383/1261/1390
f 1375/1286/1382 1385/1293/1392 1377/1265/1384
f 1379/1259/1386 1385/1293/1392 1383/1261/1390
f 1377/1265/1384 1385/1293/1392 1379/1259/1386
f 1386/1306/1393 1384/1305/1391 1385/1293/1392
f 1373/1287/1380 1387/1294/1394 1375/1286/1382
f 1387/1294/1394 1385/1293/1392 1375/1286/1382
f 1387/1294/1394 1386/1306/1393 1385/1293/1392
f 1388/1295/1395 1387/1294/1394 1373/1287/1380
f 1373/1287/1380 1367/1288/1374 1388/1295/1395
f 1367/1288/1374 1368/1296/1375 1388/1295/1395
f 1389/1307/1396 1386/1306/1393 1387/1294/1394
f 1389/1307/1396 1387/1294/1394 1388/1295/1395
f 1386/1306/1393 1390/1308/1397 1384/1305/1391
f 1390/1308/1397 1386/1306/1393 1389/1307/1396
f 1379/1259/1386 1391/1262/1398 1380/1263/1387
f 1392/1260/1399 1391/1262/1398 1379/1259/1386
f 1382/1304/1389 1392/1260/1399 1383/1261/1390
f 1383/1261/1390 1392/1260/1399 1379/1259/1386
f 1381/1303/1388 1393/1309/1400 1382/1304/1389
f 1392/1260/1399 1382/1304/1389 1394/1268/1401
f 1382/1304/1389 1393/1309/1400 1394/1268/1401
f 1395/1267/1402 1392/1260/1399 1394/1268/1401
f 1391/1262/1398 1392/1260/1399 1395/1267/1402
f 1396/1269/1403 1391/1262/1398 1395/1267/1402
f 1380/1263/1387 1391/1262/1398 1396/1269/1403
f 1397/1270/1404 1380/1263/1387 1396/1269/1403
f 1398/1271/1405 1397/1270/1404 1396/1269/1403
f 1378/1264/1385 1380/1263/1387 1399/1272/1406
f 1399/1272/1406 1380/1263/1387 1397/1270/1404
f 1376/1266/1383 1378/1264/1385 1400/1273/1407
f 1400/1273/1407 1378/1264/1385 1399/1272/1406
f 1401/1274/1408 1376/1266/1383 1400/1273/1407
f 1374/1275/1381 1376/1266/1383 1401/1274/1408
f 1402/1276/1409 1374/1275/1381 1401/1274/1408
f 1403/1278/1410 1374/1275/1381 1402/1276/1409
f 1372/1277/1379 1374/1275/1381 1403/1278/1410
f 1366/1279/1373 1372/1277/1379 1404/1280/1411
f 1404/1280/1411 1372/1277/1379 1403/1278/1410
f 1362/1283/1369 1364/1282/1371 1405/1281/1412
f 1405/1281/1412 1366/1279/1373 1404/1280/1411
f 1364/1282/1371 1366/1279/1373 1405/1281/1412
f 1406/1284/1413 1362/1283/1369 1405/1281/1412
f 1354/1253/1361 1362/1283/1369 1406/1284/1413
f 1352/1255/1359 1354/1253/1361 1407/1285/1414
f 1407/1285/1414 1354/1253/1361 1406/1284/1413
f 1308/1255/1315 1408/1301/1415 1409/1302/1416
f 1410/1300/1417 1408/1301/1415 1308/1255/1315
f 1307/1254/1314 1411/1299/1418 1308/1255/1315
f 1311/1258/1318 1411/1299/1418 1307/1254/1314
f 1411/1299/1418 1410/1300/1417 1308/1255/1315
f 1412/1207/1419 1209/1195/1216 1211/1197/1218
f 1207/1193/1214 1209/1195/1216 1412/1207/1419
f 1211/1197/1218 1217/1203/1224 1412/1207/1419
f 1216/1202/1223 1207/1193/1214 1412/1207/1419
f 1217/1203/1224 1216/1202/1223 1412/1207/1419
f 1217/1203/1224 1413/1310/1420 1213/1199/1220
f 1413/1310/1420 1217/1203/1224 1211/1197/1218
f 1413/1310/1420 1214/1200/1221 1213/1199/1220
f 1212/1198/1219 1414/1206/1421 1211/1197/1218
f 1414/1206/1421 1413/1310/1420 1211/1197/1218
f 1413/1310/1420 1414/1206/1421 1415/1311/1422
f 1414/1206/1421 1212/1198/1219 1415/1311/1422
f 1416/1237/1423 1413/1310/1420 1415/1311/1422
f 1214/1200/1221 1413/1310/1420 1416/1237/1423
f 1274/1237/1281 1276/1238/1283 1417/1311/1424
f 1418/1310/1425 1275/1200/1282 1274/1237/1281
f 1220/1197/1227 1272/1203/1279 1418/1310/1425
f 1418/1310/1425 1274/1237/1281 1417/1311/1424
f 1221/1206/1228 1418/1310/1425 1417/1311/1424
f 1272/1203/1279 1273/1199/1280 1418/1310/1425
f 1220/1197/1227 1418/1310/1425 1221/1206/1228
f 1273/1199/1280 1275/1200/1282 1418/1310/1425
f 1219/1205/1226 1419/1252/1426 1216/1202/1223
f 1419/1252/1426 1219/1205/1226 1253/1221/1260
f 1419/1252/1426 1253/1221/1260 1252/1220/1259
f 1289/1251/1296 1419/1252/1426 1252/1220/1259
f 1216/1202/1223 1419/1252/1426 1289/1251/1296
f 1420/1238/1427 1214/1200/1221 1416/1237/1423
f 1415/1311/1422 1420/1238/1427 1416/1237/1423
f 1420/1238/1427 1421/1312/1428 1214/1200/1221
f 1421/1312/1428 1260/1228/1267 1214/1200/1221
f 1390/1308/1397 1422/1313/1429 1384/1305/1391
f 1384/1305/1391 1422/1313/1429 1381/1303/1388
f 1258/1226/1265 1422/1313/1429 1257/1225/1264
f 1422/1313/1429 1390/1308/1397 1257/1225/1264
f 1258/1226/1265 1423/1314/1430 1422/1313/1429
f 1422/1313/1429 1423/1314/1430 1381/1303/1388
f 1393/1309/1400 1423/1314/1430 1259/1227/1266
f 1259/1227/1266 1423/1314/1430 1258/1226/1265
f 1423/1314/1430 1393/1309/1400 1381/1303/1388
f 1297/1230/1304 1424/1232/1431 1302/1231/1309
f 1424/1232/1431 1301/1233/1308 1302/1231/1309
f 1299/1222/1306 1425/1221/1432 1305/1220/1312
f 1304/1252/1311 1425/1221/1432 1270/1205/1277
f 1425/1221/1432 1304/1252/1311 1305/1220/1312
f 1360/1257/1367 1353/1254/1360 1426/1258/1433
f 1353/1254/1360 1355/1299/1362 1426/1258/1433
f 1355/1299/1362 1427/1315/1434 1426/1258/1433
f 1428/1315/1435 1411/1299/1418 1311/1258/1318
f 1298/1235/1305 1429/1234/1436 1297/1230/1304
f 1429/1234/1436 1424/1232/1431 1297/1230/1304
f 1430/1316/1437 1431/1317/1438 1432/1318/1439
f 1433/1319/1440 1434/1320/1441 1432/1318/1442
f 1435/1321/1443 1433/1319/1440 1432/1318/1442
f 1436/1322/1444 1433/1319/1440 1435/1321/1443
f 1437/1323/1445 1436/1322/1444 1435/1321/1443
f 1438/1324/1446 1436/1322/1444 1437/1323/1445
f 1439/1325/1447 1438/1324/1446 1437/1323/1445
f 1440/1326/1448 1439/1325/1447 1437/1323/1445
f 1441/1327/1449 1439/1325/1447 1440/1326/1448
f 1442/1328/1450 1441/1327/1449 1440/1326/1448
f 1443/1329/1451 1444/1330/1452 1445/1331/1453
f 1446/1332/1454 1443/1329/1451 1445/1331/1453
f 1447/1333/1455 1443/1329/1451 1446/1332/1454
f 1448/1334/1456 1447/1333/1455 1446/1332/1454
f 1449/1335/1457 1447/1333/1455 1448/1334/1456
f 1446/1332/1454 1450/1336/1458 1448/1334/1456
f 1451/1337/1459 1450/1336/1458 1446/1332/1454
f 1445/1331/1453 1451/1337/1459 1446/1332/1454
f 1452/1338/1460 1451/1337/1459 1445/1331/1453
f 1445/1331/1453 1444/1330/1452 1453/1339/1461
f 1453/1339/1461 1452/1338/1460 1445/1331/1453
f 1453/1339/1461 1441/1327/1449 1442/1328/1450
f 1444/1330/1452 1441/1327/1449 1453/1339/1461
f 1440/1326/1448 1454/1340/1462 1442/1328/1450
f 1437/1323/1445 1454/1340/1462 1440/1326/1448
f 1435/1321/1443 1455/1341/1463 1437/1323/1445
f 1455/1341/1463 1454/1340/1462 1437/1323/1445
f 1456/1342/1464 1455/1341/1463 1435/1321/1443
f 1432/1318/1442 1456/1342/1464 1435/1321/1443
f 1457/1317/1465 1456/1342/1464 1432/1318/1442
f 1458/1343/1466 1456/1342/1464 1457/1317/1465
f 1456/1342/1464 1459/1344/1467 1455/1341/1463
f 1459/1344/1467 1456/1342/1464 1458/1343/1466
f 1451/1337/1459 1460/1345/1468 1450/1336/1458
f 1461/1346/1469 1460/1345/1468 1451/1337/1459
f 1462/1347/1470 1461/1346/1469 1451/1337/1459
f 1452/1338/1460 1462/1347/1470 1451/1337/1459
f 1463/1348/1471 1462/1347/1470 1452/1338/1460
f 1464/1349/1472 1463/1348/1471 1452/1338/1460
f 1464/1349/1472 1452/1338/1460 1453/1339/1461
f 1442/1328/1450 1464/1349/1472 1453/1339/1461
f 1459/1344/1467 1465/1350/1473 1455/1341/1463
f 1455/1341/1463 1465/1350/1473 1454/1340/1462
f 1465/1350/1473 1466/1351/1474 1454/1340/1462
f 1466/1351/1474 1463/1348/1471 1464/1349/1472
f 1463/1348/1471 1467/1352/1475 1462/1347/1470
f 1459/1344/1467 1468/1353/1476 1465/1350/1473
f 1468/1353/1476 1469/1354/1477 1465/1350/1473
f 1465/1350/1473 1469/1354/1477 1466/1351/1474
f 1463/1348/1471 1469/1354/1477 1467/1352/1475
f 1466/1351/1474 1469/1354/1477 1463/1348/1471
f 1458/1343/1466 1470/1355/1478 1459/1344/1467
f 1470/1355/1478 1468/1353/1476 1459/1344/1467
f 1471/1356/1479 1470/1355/1478 1458/1343/1466
f 1472/1357/1480 1470/1355/1478 1471/1356/1479
f 1473/1358/1481 1472/1357/1480 1471/1356/1479
f 1474/1359/1482 1472/1357/1480 1473/1358/1481
f 1475/1360/1483 1472/1357/1480 1474/1359/1482
f 1476/1361/1484 1475/1360/1483 1474/1359/1482
f 1477/1362/1485 1475/1360/1483 1476/1361/1484
f 1478/1363/1486 1477/1362/1485 1476/1361/1484
f 1479/1364/1487 1477/1362/1485 1478/1363/1486
f 1480/1365/1488 1479/1364/1487 1478/1363/1486
f 1481/1366/1489 1480/1365/1488 1478/1363/1486
f 1475/1360/1483 1477/1362/1485 1482/1367/1490
f 1477/1362/1485 1479/1364/1487 1482/1367/1490
f 1483/1368/1491 1475/1360/1483 1482/1367/1490
f 1472/1357/1480 1475/1360/1483 1483/1368/1491
f 1470/1355/1478 1472/1357/1480 1484/1369/1492
f 1469/1354/1477 1468/1353/1476 1484/1369/1492
f 1484/1369/1492 1472/1357/1480 1483/1368/1491
f 1468/1353/1476 1470/1355/1478 1484/1369/1492
f 1485/1370/1493 1469/1354/1477 1484/1369/1492
f 1467/1352/1475 1469/1354/1477 1485/1370/1493
f 1484/1369/1492 1483/1368/1491 1485/1370/1493
f 1462/1347/1470 1486/1371/1494 1461/1346/1469
f 1467/1352/1475 1486/1371/1494 1462/1347/1470
f 1482/1367/1490 1479/1364/1487 1487/1372/1495
f 1483/1368/1491 1488/1373/1496 1485/1370/1493
f 1487/1372/1495 1488/1373/1496 1482/1367/1490
f 1482/1367/1490 1488/1373/1496 1483/1368/1491
f 1489/1374/1497 1490/1375/1498 1491/1376/1499
f 1492/1377/1500 1489/1374/1497 1491/1376/1499
f 1493/1378/1501 1494/1379/1502 1495/1380/1503
f 1496/1381/1504 1494/1379/1502 1493/1378/1501
f 1497/1382/1505 1496/1381/1504 1493/1378/1501
f 1498/1383/1506 1496/1381/1504 1497/1382/1505
f 1499/1384/1507 1498/1383/1506 1497/1382/1505
f 1500/1385/1508 1498/1383/1506 1499/1384/1507
f 1501/1386/1509 1500/1385/1508 1499/1384/1507
f 1502/1387/1510 1500/1385/1508 1501/1386/1509
f 1503/1388/1511 1500/1385/1508 1502/1387/1510
f 1504/1389/1512 1503/1388/1511 1502/1387/1510
f 1505/1390/1513 1503/1388/1511 1504/1389/1512
f 1506/1391/1514 1505/1390/1513 1504/1389/1512
f 1461/1346/1469 1486/1371/1494 1506/1391/1514
f 1507/1392/1515 1505/1390/1513 1506/1391/1514
f 1486/1371/1494 1507/1392/1515 1506/1391/1514
f 1493/1378/1501 1495/1380/1503 1508/1393/1516
f 1497/1382/1505 1493/1378/1501 1508/1393/1516
f 1508/1393/1516 1495/1380/1503 1509/1394/1517
f 1499/1384/1507 1497/1382/1505 1510/1395/1518
f 1510/1395/1518 1497/1382/1505 1508/1393/1516
f 1501/1386/1509 1499/1384/1507 1511/1396/1519
f 1511/1396/1519 1499/1384/1507 1510/1395/1518
f 1502/1387/1510 1501/1386/1509 1512/1397/1520
f 1512/1397/1520 1501/1386/1509 1511/1396/1519
f 1504/1389/1512 1502/1387/1510 1513/1398/1521
f 1513/1398/1521 1502/1387/1510 1512/1397/1520
f 1506/1391/1514 1504/1389/1512 1514/1399/1522
f 1514/1399/1522 1504/1389/1512 1513/1398/1521
f 1460/1345/1468 1461/1346/1469 1515/1400/1523
f 1515/1400/1523 1506/1391/1514 1514/1399/1522
f 1461/1346/1469 1506/1391/1514 1515/1400/1523
f 1516/1367/1524 1517/1372/1525 1518/1364/1526
f 1517/1372/1525 1519/1401/1527 1518/1364/1526
f 1519/1401/1527 1520/1402/1528 1518/1364/1526
f 1521/1362/1529 1516/1367/1524 1518/1364/1526
f 1522/1360/1530 1516/1367/1524 1521/1362/1529
f 1523/1368/1531 1516/1367/1524 1522/1360/1530
f 1524/1357/1532 1523/1368/1531 1522/1360/1530
f 1525/1369/1533 1523/1368/1531 1524/1357/1532
f 1526/1355/1534 1525/1369/1533 1524/1357/1532
f 1527/1353/1535 1525/1369/1533 1526/1355/1534
f 1528/1354/1536 1525/1369/1533 1527/1353/1535
f 1529/1403/1537 1530/1376/1538 1531/1404/1539
f 1532/1405/1540 1529/1403/1537 1531/1404/1539
f 1518/1364/1526 1520/1402/1528 1533/1365/1541
f 1533/1365/1541 1529/1403/1537 1532/1405/1540
f 1518/1364/1526 1533/1365/1541 1534/1366/1542
f 1534/1366/1542 1533/1365/1541 1532/1405/1540
f 1521/1362/1529 1518/1364/1526 1535/1363/1543
f 1535/1363/1543 1518/1364/1526 1534/1366/1542
f 1536/1361/1544 1521/1362/1529 1535/1363/1543
f 1537/1359/1545 1521/1362/1529 1536/1361/1544
f 1522/1360/1530 1521/1362/1529 1537/1359/1545
f 1524/1357/1532 1522/1360/1530 1538/1358/1546
f 1538/1358/1546 1522/1360/1530 1537/1359/1545
f 1526/1355/1534 1524/1357/1532 1538/1358/1546
f 1539/1356/1547 1526/1355/1534 1538/1358/1546
f 1540/1343/1548 1526/1355/1534 1539/1356/1547
f 1527/1353/1535 1526/1355/1534 1541/1344/1549
f 1541/1344/1549 1526/1355/1534 1540/1343/1548
f 1528/1354/1536 1527/1353/1535 1542/1350/1550
f 1542/1350/1550 1527/1353/1535 1541/1344/1549
f 1543/1351/1551 1528/1354/1536 1542/1350/1550
f 1543/1351/1551 1542/1350/1550 1544/1340/1552
f 1545/1406/1553 1543/1351/1551 1544/1340/1552
f 1546/1348/1554 1528/1354/1536 1543/1351/1551
f 1547/1352/1555 1528/1354/1536 1546/1348/1554
f 1547/1352/1555 1546/1348/1554 1548/1347/1556
f 1548/1347/1556 1546/1348/1554 1549/1338/1557
f 1550/1371/1558 1547/1352/1555 1548/1347/1556
f 1551/1407/1559 1547/1352/1555 1550/1371/1558
f 1552/1392/1560 1551/1407/1559 1550/1371/1558
f 1553/1408/1561 1551/1407/1559 1552/1392/1560
f 1554/1390/1562 1553/1408/1561 1552/1392/1560
f 1555/1409/1563 1553/1408/1561 1554/1390/1562
f 1519/1401/1527 1517/1372/1525 1555/1409/1563
f 1556/1388/1564 1555/1409/1563 1554/1390/1562
f 1520/1402/1528 1519/1401/1527 1557/1410/1565
f 1557/1410/1565 1555/1409/1563 1556/1388/1564
f 1557/1410/1565 1519/1401/1527 1555/1409/1563
f 1558/1385/1566 1557/1410/1565 1556/1388/1564
f 1550/1371/1558 1548/1347/1556 1559/1346/1567
f 1552/1392/1560 1550/1371/1558 1560/1391/1568
f 1560/1391/1568 1550/1371/1558 1559/1346/1567
f 1554/1390/1562 1552/1392/1560 1560/1391/1568
f 1556/1388/1564 1554/1390/1562 1561/1389/1569
f 1561/1389/1569 1554/1390/1562 1560/1391/1568
f 1562/1387/1570 1556/1388/1564 1561/1389/1569
f 1558/1385/1566 1556/1388/1564 1562/1387/1570
f 1563/1386/1571 1558/1385/1566 1562/1387/1570
f 1564/1384/1572 1558/1385/1566 1563/1386/1571
f 1565/1383/1573 1558/1385/1566 1564/1384/1572
f 1566/1382/1574 1565/1383/1573 1564/1384/1572
f 1567/1381/1575 1565/1383/1573 1566/1382/1574
f 1568/1378/1576 1567/1381/1575 1566/1382/1574
f 1569/1379/1577 1567/1381/1575 1568/1378/1576
f 1570/1380/1578 1569/1379/1577 1568/1378/1576
f 1571/1394/1579 1570/1380/1578 1568/1378/1576
f 1572/1393/1580 1571/1394/1579 1568/1378/1576
f 1548/1347/1556 1573/1337/1581 1559/1346/1567
f 1549/1338/1557 1573/1337/1581 1548/1347/1556
f 1574/1334/1582 1573/1337/1581 1575/1332/1583
f 1559/1346/1567 1573/1337/1581 1576/1336/1584
f 1576/1336/1584 1573/1337/1581 1574/1334/1582
f 1577/1345/1585 1559/1346/1567 1576/1336/1584
f 1560/1391/1568 1559/1346/1567 1577/1345/1585
f 1578/1400/1586 1560/1391/1568 1577/1345/1585
f 1561/1389/1569 1560/1391/1568 1578/1400/1586
f 1579/1399/1587 1561/1389/1569 1578/1400/1586
f 1562/1387/1570 1561/1389/1569 1579/1399/1587
f 1563/1386/1571 1562/1387/1570 1580/1398/1588
f 1580/1398/1588 1562/1387/1570 1579/1399/1587
f 1564/1384/1572 1563/1386/1571 1581/1397/1589
f 1581/1397/1589 1563/1386/1571 1580/1398/1588
f 1582/1396/1590 1564/1384/1572 1581/1397/1589
f 1566/1382/1574 1564/1384/1572 1582/1396/1590
f 1583/1395/1591 1566/1382/1574 1582/1396/1590
f 1572/1393/1580 1568/1378/1576 1583/1395/1591
f 1568/1378/1576 1566/1382/1574 1583/1395/1591
f 1575/1332/1583 1573/1337/1581 1584/1331/1592
f 1584/1331/1592 1573/1337/1581 1549/1338/1557
f 1575/1332/1583 1585/1335/1593 1574/1334/1582
f 1586/1333/1594 1585/1335/1593 1575/1332/1583
f 1584/1331/1592 1587/1329/1595 1575/1332/1583
f 1587/1329/1595 1586/1333/1594 1575/1332/1583
f 1588/1330/1596 1587/1329/1595 1584/1331/1592
f 1549/1338/1557 1589/1339/1597 1584/1331/1592
f 1589/1339/1597 1588/1330/1596 1584/1331/1592
f 1549/1338/1557 1546/1348/1554 1590/1349/1598
f 1546/1348/1554 1543/1351/1551 1590/1349/1598
f 1590/1349/1598 1543/1351/1551 1545/1406/1553
f 1590/1349/1598 1589/1339/1597 1549/1338/1557
f 1545/1406/1553 1591/1328/1599 1590/1349/1598
f 1591/1328/1599 1589/1339/1597 1590/1349/1598
f 1544/1340/1552 1591/1328/1599 1545/1406/1553
f 1592/1326/1600 1591/1328/1599 1544/1340/1552
f 1592/1326/1600 1593/1327/1601 1591/1328/1599
f 1593/1327/1601 1588/1330/1596 1589/1339/1597
f 1591/1328/1599 1593/1327/1601 1589/1339/1597
f 1594/1325/1602 1593/1327/1601 1592/1326/1600
f 1595/1323/1603 1592/1326/1600 1544/1340/1552
f 1595/1323/1603 1594/1325/1602 1592/1326/1600
f 1596/1324/1604 1594/1325/1602 1595/1323/1603
f 1597/1322/1605 1596/1324/1604 1595/1323/1603
f 1598/1321/1606 1597/1322/1605 1595/1323/1603
f 1433/1319/1440 1597/1322/1605 1598/1321/1606
f 1599/1318/1607 1433/1319/1440 1598/1321/1606
f 1434/1320/1441 1433/1319/1440 1599/1318/1607
f 1600/1316/1608 1434/1320/1441 1599/1318/1607
f 1542/1350/1550 1541/1344/1549 1601/1341/1609
f 1601/1341/1609 1595/1323/1603 1544/1340/1552
f 1598/1321/1606 1595/1323/1603 1601/1341/1609
f 1544/1340/1552 1542/1350/1550 1601/1341/1609
f 1599/1318/1607 1598/1321/1606 1602/1342/1610
f 1601/1341/1609 1541/1344/1549 1602/1342/1610
f 1541/1344/1549 1540/1343/1548 1602/1342/1610
f 1602/1342/1610 1598/1321/1606 1601/1341/1609
f 1540/1343/1548 1603/1317/1611 1602/1342/1610
f 1603/1317/1611 1599/1318/1607 1602/1342/1610
f 1604/1405/1612 1480/1365/1488 1481/1366/1489
f 1491/1376/1499 1490/1375/1498 1605/1403/1613
f 1605/1403/1613 1480/1365/1488 1604/1405/1612
f 1606/1404/1614 1605/1403/1613 1604/1405/1612
f 1491/1376/1499 1605/1403/1613 1606/1404/1614
f 1607/1411/1615 1491/1376/1499 1606/1404/1614
f 1492/1377/1500 1491/1376/1499 1607/1411/1615
f 1531/1404/1539 1530/1376/1538 1608/1411/1616
f 1608/1411/1616 1530/1376/1538 1609/1377/1617
f 1609/1377/1617 1530/1376/1538 1610/1374/1618
f 1611/1412/1619 1492/1377/1500 1607/1411/1615
f 1611/1412/1620 1608/1411/1616 1609/1377/1617
f 1270/1205/1277 1612/1223/1621 1271/1204/1278
f 1270/1205/1277 1425/1221/1432 1612/1223/1621
f 1271/1204/1278 1612/1223/1621 1613/1224/1622
f 1613/1224/1622 1273/1199/1280 1271/1204/1278
f 1613/1224/1622 1614/1201/1623 1273/1199/1280
f 1615/1226/1624 1614/1201/1623 1613/1224/1622
f 1614/1201/1623 1275/1200/1282 1273/1199/1280
f 1616/1227/1625 1614/1201/1623 1615/1226/1624
f 1617/1228/1626 1614/1201/1623 1616/1227/1625
f 1275/1200/1282 1614/1201/1623 1617/1228/1626
f 1618/1312/1627 1275/1200/1282 1617/1228/1626
f 1276/1238/1283 1275/1200/1282 1618/1312/1627
f 1619/1413/1628 1240/1211/1247 1277/1239/1284
f 1620/1213/1629 1621/1239/1630 1622/1240/1631
f 1280/1242/1287 1281/1243/1288 1623/1414/1632
f 1623/1414/1632 1281/1243/1288 1624/1415/1633
f 1279/1241/1286 1280/1242/1287 1625/1416/1634
f 1278/1240/1285 1279/1241/1286 1625/1416/1634
f 1625/1416/1634 1280/1242/1287 1623/1414/1632
f 1626/1417/1635 1278/1240/1285 1625/1416/1634
f 1627/1418/1636 1626/1417/1635 1426/1258/1433
f 1427/1315/1434 1627/1418/1636 1426/1258/1433
f 1627/1418/1636 1278/1240/1285 1626/1417/1635
f 1277/1239/1284 1278/1240/1285 1628/1419/1637
f 1628/1419/1637 1278/1240/1285 1627/1418/1636
f 1624/1415/1633 1281/1243/1288 1629/1420/1638
f 1629/1420/1638 1281/1243/1288 1282/1244/1289
f 1630/1421/1639 1624/1415/1633 1629/1420/1638
f 1282/1244/1289 1248/1219/1255 1631/1422/1640
f 1632/1423/1641 1282/1244/1289 1631/1422/1640
f 1629/1420/1638 1282/1244/1289 1632/1423/1641
f 1633/1424/1642 1629/1420/1638 1632/1423/1641
f 1630/1421/1639 1629/1420/1638 1633/1424/1642
f 1634/1425/1643 1630/1421/1639 1633/1424/1642
f 1634/1425/1643 1390/1308/1397 1389/1307/1396
f 1257/1225/1264 1390/1308/1397 1635/1426/1644
f 1390/1308/1397 1634/1425/1643 1635/1426/1644
f 1635/1426/1644 1634/1425/1643 1633/1424/1642
f 1632/1423/1641 1631/1422/1640 1636/1427/1645
f 1636/1427/1645 1631/1422/1640 1266/1234/1273
f 1266/1234/1273 1637/1428/1646 1636/1427/1645
f 1637/1428/1646 1632/1423/1641 1636/1427/1645
f 1264/1232/1271 1637/1428/1646 1266/1234/1273
f 1632/1423/1641 1638/1429/1647 1633/1424/1642
f 1633/1424/1642 1638/1429/1647 1635/1426/1644
f 1638/1429/1647 1632/1423/1641 1637/1428/1646
f 1253/1221/1260 1639/1430/1648 1254/1222/1261
f 1639/1430/1648 1637/1428/1646 1264/1232/1271
f 1639/1430/1648 1638/1429/1647 1637/1428/1646
f 1265/1233/1272 1639/1430/1648 1264/1232/1271
f 1254/1222/1261 1639/1430/1648 1265/1233/1272
f 1255/1223/1262 1639/1430/1648 1253/1221/1260
f 1255/1223/1262 1640/1431/1649 1639/1430/1648
f 1635/1426/1644 1640/1431/1649 1257/1225/1264
f 1257/1225/1264 1640/1431/1649 1256/1224/1263
f 1640/1431/1649 1638/1429/1647 1639/1430/1648
f 1256/1224/1263 1640/1431/1649 1255/1223/1262
f 1638/1429/1647 1640/1431/1649 1635/1426/1644
f 1421/1312/1428 1641/1432/1650 1260/1228/1267
f 1394/1268/1401 1393/1309/1400 1642/1433/1651
f 1641/1432/1650 1642/1433/1651 1393/1309/1400
f 1643/1434/1652 1259/1227/1266 1260/1228/1267
f 1641/1432/1650 1393/1309/1400 1643/1434/1652
f 1260/1228/1267 1641/1432/1650 1643/1434/1652
f 1643/1434/1652 1393/1309/1400 1259/1227/1266
f 1644/1430/1653 1425/1221/1432 1299/1222/1306
f 1612/1223/1621 1425/1221/1432 1644/1430/1653
f 1424/1232/1431 1644/1430/1653 1301/1233/1308
f 1301/1233/1308 1644/1430/1653 1299/1222/1306
f 1645/1417/1654 1646/1241/1655 1622/1240/1631
f 1622/1240/1631 1646/1241/1655 1620/1213/1629
f 1645/1417/1654 1311/1258/1318 1647/1435/1656
f 1648/1416/1657 1645/1417/1654 1647/1435/1656
f 1648/1416/1657 1646/1241/1655 1645/1417/1654
f 1649/1436/1658 1648/1416/1657 1647/1435/1656
f 1650/1242/1659 1646/1241/1655 1648/1416/1657
f 1651/1414/1660 1648/1416/1657 1649/1436/1658
f 1651/1414/1660 1650/1242/1659 1648/1416/1657
f 1652/1243/1661 1650/1242/1659 1651/1414/1660
f 1653/1437/1662 1651/1414/1660 1649/1436/1658
f 1654/1415/1663 1651/1414/1660 1653/1437/1662
f 1654/1415/1663 1652/1243/1661 1651/1414/1660
f 1655/1438/1664 1654/1415/1663 1653/1437/1662
f 1656/1421/1665 1654/1415/1663 1655/1438/1664
f 1657/1244/1666 1652/1243/1661 1658/1420/1667
f 1658/1420/1667 1652/1243/1661 1654/1415/1663
f 1658/1420/1667 1654/1415/1663 1656/1421/1665
f 1659/1424/1668 1658/1420/1667 1656/1421/1665
f 1660/1423/1669 1657/1244/1666 1658/1420/1667
f 1660/1423/1669 1658/1420/1667 1659/1424/1668
f 1661/1427/1670 1662/1422/1671 1660/1423/1669
f 1662/1422/1671 1657/1244/1666 1660/1423/1669
f 1662/1422/1671 1661/1427/1670 1429/1234/1436
f 1663/1429/1672 1661/1427/1670 1660/1423/1669
f 1663/1429/1672 1660/1423/1669 1659/1424/1668
f 1664/1428/1673 1644/1430/1653 1424/1232/1431
f 1661/1427/1670 1664/1428/1673 1429/1234/1436
f 1664/1428/1673 1661/1427/1670 1663/1429/1672
f 1644/1430/1653 1664/1428/1673 1663/1429/1672
f 1429/1234/1436 1664/1428/1673 1424/1232/1431
f 1612/1223/1621 1644/1430/1653 1665/1431/1674
f 1613/1224/1622 1612/1223/1621 1665/1431/1674
f 1665/1431/1674 1644/1430/1653 1663/1429/1672
f 1666/1225/1675 1613/1224/1622 1665/1431/1674
f 1666/1225/1675 1615/1226/1624 1613/1224/1622
f 1666/1225/1675 1665/1431/1674 1667/1426/1676
f 1667/1426/1676 1663/1429/1672 1659/1424/1668
f 1665/1431/1674 1663/1429/1672 1667/1426/1676
f 1668/1308/1677 1666/1225/1675 1667/1426/1676
f 1669/1313/1678 1615/1226/1624 1666/1225/1675
f 1669/1313/1678 1666/1225/1675 1668/1308/1677
f 1670/1305/1679 1669/1313/1678 1668/1308/1677
f 1314/1261/1321 1670/1305/1679 1346/1293/1353
f 1671/1314/1680 1615/1226/1624 1669/1313/1678
f 1616/1227/1625 1615/1226/1624 1671/1314/1680
f 1672/1309/1681 1616/1227/1625 1671/1314/1680
f 1617/1228/1626 1616/1227/1625 1673/1434/1682
f 1673/1434/1682 1616/1227/1625 1672/1309/1681
f 1618/1312/1627 1617/1228/1626 1674/1432/1683
f 1674/1432/1683 1617/1228/1626 1673/1434/1682
f 1672/1309/1681 1675/1433/1684 1673/1434/1682
f 1321/1268/1328 1675/1433/1684 1672/1309/1681
f 1673/1434/1682 1675/1433/1684 1674/1432/1683
f 1313/1260/1320 1676/1304/1685 1314/1261/1321
f 1313/1260/1320 1321/1268/1328 1676/1304/1685
f 1676/1304/1685 1321/1268/1328 1672/1309/1681
f 1653/1437/1662 1649/1436/1658 1677/1439/1686
f 1677/1439/1686 1345/1292/1352 1351/1298/1358
f 1653/1437/1662 1678/1440/1687 1655/1438/1664
f 1677/1439/1686 1678/1440/1687 1653/1437/1662
f 1351/1298/1358 1678/1440/1687 1677/1439/1686
f 1350/1297/1357 1678/1440/1687 1351/1298/1358
f 1678/1440/1687 1679/1441/1688 1655/1438/1664
f 1349/1296/1356 1679/1441/1688 1350/1297/1357
f 1679/1441/1688 1678/1440/1687 1350/1297/1357
f 1655/1438/1664 1680/1442/1689 1656/1421/1665
f 1679/1441/1688 1680/1442/1689 1655/1438/1664
f 1348/1295/1355 1680/1442/1689 1349/1296/1356
f 1680/1442/1689 1679/1441/1688 1349/1296/1356
f 1347/1294/1354 1681/1307/1690 1348/1295/1355
f 1681/1307/1690 1680/1442/1689 1348/1295/1355
f 1670/1305/1679 1682/1306/1691 1346/1293/1353
f 1682/1306/1691 1681/1307/1690 1347/1294/1354
f 1668/1308/1677 1682/1306/1691 1670/1305/1679
f 1681/1307/1690 1682/1306/1691 1668/1308/1677
f 1346/1293/1353 1682/1306/1691 1347/1294/1354
f 1659/1424/1668 1683/1425/1692 1667/1426/1676
f 1667/1426/1676 1683/1425/1692 1668/1308/1677
f 1656/1421/1665 1683/1425/1692 1659/1424/1668
f 1680/1442/1689 1683/1425/1692 1656/1421/1665
f 1683/1425/1692 1681/1307/1690 1668/1308/1677
f 1681/1307/1690 1683/1425/1692 1680/1442/1689
f 1623/1414/1632 1624/1415/1633 1684/1437/1693
f 1625/1416/1634 1623/1414/1632 1685/1436/1694
f 1685/1436/1694 1623/1414/1632 1684/1437/1693
f 1626/1417/1635 1625/1416/1634 1686/1435/1695
f 1686/1435/1695 1625/1416/1634 1685/1436/1694
f 1426/1258/1433 1626/1417/1635 1686/1435/1695
f 1685/1436/1694 1687/1443/1696 1686/1435/1695
f 1687/1443/1696 1688/1444/1697 1686/1435/1695
f 1688/1444/1697 1371/1292/1378 1360/1257/1367
f 1426/1258/1433 1688/1444/1697 1360/1257/1367
f 1688/1444/1697 1687/1443/1696 1371/1292/1378
f 1686/1435/1695 1688/1444/1697 1426/1258/1433
f 1687/1443/1696 1689/1439/1698 1371/1292/1378
f 1371/1292/1378 1689/1439/1698 1370/1298/1377
f 1689/1439/1698 1687/1443/1696 1685/1436/1694
f 1684/1437/1693 1689/1439/1698 1685/1436/1694
f 1689/1439/1698 1690/1440/1699 1370/1298/1377
f 1370/1298/1377 1690/1440/1699 1369/1297/1376
f 1690/1440/1699 1689/1439/1698 1684/1437/1693
f 1691/1438/1700 1690/1440/1699 1684/1437/1693
f 1624/1415/1633 1630/1421/1639 1691/1438/1700
f 1684/1437/1693 1624/1415/1633 1691/1438/1700
f 1369/1297/1376 1692/1441/1701 1368/1296/1375
f 1690/1440/1699 1692/1441/1701 1369/1297/1376
f 1692/1441/1701 1690/1440/1699 1691/1438/1700
f 1693/1442/1702 1634/1425/1643 1389/1307/1396
f 1693/1442/1702 1389/1307/1396 1388/1295/1395
f 1368/1296/1375 1693/1442/1702 1388/1295/1395
f 1691/1438/1700 1630/1421/1639 1693/1442/1702
f 1630/1421/1639 1634/1425/1643 1693/1442/1702
f 1368/1296/1375 1692/1441/1701 1693/1442/1702
f 1693/1442/1702 1692/1441/1701 1691/1438/1700
f 1622/1240/1631 1694/1419/1703 1645/1417/1654
f 1621/1239/1630 1694/1419/1703 1622/1240/1631
f 1695/1418/1704 1428/1315/1435 1311/1258/1318
f 1645/1417/1654 1695/1418/1704 1311/1258/1318
f 1694/1419/1703 1695/1418/1704 1645/1417/1654
f 1696/1406/1705 1464/1349/1472 1442/1328/1450
f 1454/1340/1462 1696/1406/1705 1442/1328/1450
f 1696/1406/1705 1466/1351/1474 1464/1349/1472
f 1454/1340/1462 1466/1351/1474 1696/1406/1705
f 1479/1364/1487 1480/1365/1488 1697/1401/1706
f 1487/1372/1495 1479/1364/1487 1697/1401/1706
f 1697/1401/1706 1480/1365/1488 1698/1402/1707
f 1485/1370/1493 1488/1373/1496 1699/1407/1708
f 1699/1407/1708 1467/1352/1475 1485/1370/1493
f 1486/1371/1494 1467/1352/1475 1699/1407/1708
f 1507/1392/1515 1486/1371/1494 1699/1407/1708
f 1488/1373/1496 1487/1372/1495 1700/1408/1709
f 1699/1407/1708 1488/1373/1496 1700/1408/1709
f 1700/1408/1709 1507/1392/1515 1699/1407/1708
f 1505/1390/1513 1507/1392/1515 1700/1408/1709
f 1701/1410/1710 1697/1401/1706 1698/1402/1707
f 1500/1385/1508 1503/1388/1511 1701/1410/1710
f 1701/1410/1710 1503/1388/1511 1702/1409/1711
f 1503/1388/1511 1505/1390/1513 1702/1409/1711
f 1487/1372/1495 1697/1401/1706 1702/1409/1711
f 1700/1408/1709 1487/1372/1495 1702/1409/1711
f 1702/1409/1711 1697/1401/1706 1701/1410/1710
f 1702/1409/1711 1505/1390/1513 1700/1408/1709
f 1703/1445/1712 1500/1385/1508 1701/1410/1710
f 1498/1383/1506 1500/1385/1508 1703/1445/1712
f 1701/1410/1710 1698/1402/1707 1703/1445/1712
f 1704/1446/1713 1498/1383/1506 1703/1445/1712
f 1496/1381/1504 1498/1383/1506 1704/1446/1713
f 1494/1379/1502 1496/1381/1504 1704/1446/1713
f 1705/1447/1714 1494/1379/1502 1704/1446/1713
f 1706/1448/1715 1705/1447/1714 1704/1446/1713
f 1698/1402/1707 1480/1365/1488 1706/1448/1715
f 1698/1402/1707 1706/1448/1715 1703/1445/1712
f 1703/1445/1712 1706/1448/1715 1704/1446/1713
f 1605/1403/1613 1490/1375/1498 1706/1448/1715
f 1706/1448/1715 1480/1365/1488 1605/1403/1613
f 1707/1449/1716 1705/1447/1714 1706/1448/1715
f 1490/1375/1498 1707/1449/1716 1706/1448/1715
f 1553/1408/1561 1708/1373/1717 1551/1407/1559
f 1555/1409/1563 1708/1373/1717 1553/1408/1561
f 1517/1372/1525 1708/1373/1717 1555/1409/1563
f 1516/1367/1524 1523/1368/1531 1708/1373/1717
f 1517/1372/1525 1516/1367/1524 1708/1373/1717
f 1708/1373/1717 1523/1368/1531 1709/1370/1718
f 1551/1407/1559 1709/1370/1718 1547/1352/1555
f 1708/1373/1717 1709/1370/1718 1551/1407/1559
f 1709/1370/1718 1525/1369/1533 1528/1354/1536
f 1523/1368/1531 1525/1369/1533 1709/1370/1718
f 1709/1370/1718 1528/1354/1536 1547/1352/1555
f 1533/1365/1541 1710/1448/1719 1529/1403/1537
f 1520/1402/1528 1710/1448/1719 1533/1365/1541
f 1711/1445/1720 1557/1410/1565 1558/1385/1566
f 1710/1448/1719 1520/1402/1528 1711/1445/1720
f 1711/1445/1720 1520/1402/1528 1557/1410/1565
f 1565/1383/1573 1711/1445/1720 1558/1385/1566
f 1567/1381/1575 1712/1446/1721 1565/1383/1573
f 1569/1379/1577 1712/1446/1721 1567/1381/1575
f 1712/1446/1721 1710/1448/1719 1711/1445/1720
f 1712/1446/1721 1711/1445/1720 1565/1383/1573
f 1713/1447/1722 1712/1446/1721 1569/1379/1577
f 1710/1448/1719 1712/1446/1721 1713/1447/1722
f 1714/1449/1723 1710/1448/1719 1713/1447/1722
f 1529/1403/1537 1710/1448/1719 1715/1375/1724
f 1530/1376/1538 1529/1403/1537 1715/1375/1724
f 1610/1374/1618 1530/1376/1538 1715/1375/1724
f 1715/1375/1724 1710/1448/1719 1714/1449/1723
f 1197/1183/1204 1716/1450/1725 1201/1187/1208
f 1201/1187/1208 1716/1450/1725 1203/1189/1210
f 1717/1451/1726 1209/1195/1216 1208/1194/1215
f 1205/1191/1212 1718/1452/1727 1208/1194/1215
f 1718/1452/1727 1717/1451/1726 1208/1194/1215
f 1719/1453/1728 1718/1452/1727 1205/1191/1212
f 1203/1189/1210 1719/1453/1728 1205/1191/1212
f 1716/1450/1725 1719/1453/1728 1203/1189/1210
f 1415/1311/1422 1212/1198/1219 1720/1454/1729
f 1721/1455/1730 1420/1238/1427 1415/1311/1422
f 1720/1454/1729 1721/1455/1730 1415/1311/1422
f 1722/1456/1731 1721/1455/1730 1720/1454/1729
f 1221/1206/1228 1417/1311/1424 1723/1198/1732
f 1222/1196/1229 1221/1206/1228 1723/1198/1732
f 1417/1311/1424 1724/1454/1733 1723/1198/1732
f 1725/1451/1734 1226/1194/1233 1223/1195/1230
f 1726/1452/1735 1226/1194/1233 1725/1451/1734
f 1227/1191/1234 1226/1194/1233 1726/1452/1735
f 1229/1189/1236 1227/1191/1234 1727/1453/1736
f 1727/1453/1736 1227/1191/1234 1726/1452/1735
f 1232/1187/1239 1229/1189/1236 1728/1450/1737
f 1728/1450/1737 1229/1189/1236 1727/1453/1736
f 1234/1183/1241 1232/1187/1239 1728/1450/1737
f 1729/1457/1738 1239/1210/1246 1238/1209/1245
f 1730/1458/1739 1239/1210/1246 1729/1457/1738
f 1730/1458/1739 1294/1236/1301 1239/1210/1246
f 1731/1459/1740 1730/1458/1739 1729/1457/1738
f 1732/1460/1741 1730/1458/1739 1731/1459/1740
f 1298/1235/1305 1294/1236/1301 1732/1460/1741
f 1732/1460/1741 1294/1236/1301 1730/1458/1739
f 1733/1461/1742 1732/1460/1741 1731/1459/1740
f 1734/1462/1743 1732/1460/1741 1733/1461/1742
f 1734/1462/1743 1298/1235/1305 1732/1460/1741
f 1735/1463/1744 1734/1462/1743 1733/1461/1742
f 1736/1464/1745 1734/1462/1743 1735/1463/1744
f 1737/1465/1746 1736/1464/1745 1735/1463/1744
f 1738/1216/1747 1736/1464/1745 1737/1465/1746
f 1739/1466/1748 1738/1216/1747 1737/1465/1746
f 1740/1214/1749 1738/1216/1747 1739/1466/1748
f 1741/1467/1750 1740/1214/1749 1739/1466/1748
f 1742/1468/1751 1740/1214/1749 1741/1467/1750
f 1743/1469/1752 1731/1459/1740 1729/1457/1738
f 1733/1461/1742 1731/1459/1740 1744/1470/1753
f 1744/1470/1753 1731/1459/1740 1743/1469/1752
f 1735/1463/1744 1733/1461/1742 1744/1470/1753
f 1745/1471/1754 1735/1463/1744 1744/1470/1753
f 1737/1465/1746 1735/1463/1744 1745/1471/1754
f 1746/1472/1755 1737/1465/1746 1745/1471/1754
f 1739/1466/1748 1737/1465/1746 1746/1472/1755
f 1742/1468/1751 1741/1467/1750 1747/1473/1756
f 1747/1473/1756 1739/1466/1748 1746/1472/1755
f 1741/1467/1750 1739/1466/1748 1747/1473/1756
f 1748/1474/1757 1742/1468/1751 1747/1473/1756
f 1749/1475/1758 1748/1474/1757 1747/1473/1756
f 1745/1471/1754 1749/1475/1758 1746/1472/1755
f 1746/1472/1755 1749/1475/1758 1747/1473/1756
f 1750/1468/1759 1240/1211/1247 1619/1413/1628
f 1243/1214/1250 1240/1211/1247 1751/1467/1760
f 1751/1467/1760 1240/1211/1247 1750/1468/1759
f 1245/1216/1252 1243/1214/1250 1752/1466/1761
f 1752/1466/1761 1243/1214/1250 1751/1467/1760
f 1753/1465/1762 1245/1216/1252 1752/1466/1761
f 1754/1464/1763 1245/1216/1252 1753/1465/1762
f 1754/1464/1763 1246/1217/1253 1245/1216/1252
f 1248/1219/1255 1246/1217/1253 1754/1464/1763
f 1755/1463/1764 1754/1464/1763 1753/1465/1762
f 1756/1462/1765 1754/1464/1763 1755/1463/1764
f 1756/1462/1765 1248/1219/1255 1754/1464/1763
f 1757/1461/1766 1756/1462/1765 1755/1463/1764
f 1267/1235/1274 1758/1460/1767 1268/1236/1275
f 1758/1460/1767 1756/1462/1765 1757/1461/1766
f 1756/1462/1765 1758/1460/1767 1267/1235/1274
f 1759/1459/1768 1758/1460/1767 1757/1461/1766
f 1758/1460/1767 1760/1458/1769 1268/1236/1275
f 1268/1236/1275 1760/1458/1769 1250/1210/1257
f 1760/1458/1769 1758/1460/1767 1759/1459/1768
f 1761/1457/1770 1760/1458/1769 1759/1459/1768
f 1250/1210/1257 1760/1458/1769 1761/1457/1770
f 1251/1209/1258 1250/1210/1257 1761/1457/1770
f 1759/1459/1768 1762/1469/1771 1761/1457/1770
f 1763/1470/1772 1762/1469/1771 1759/1459/1768
f 1755/1463/1764 1763/1470/1772 1757/1461/1766
f 1757/1461/1766 1763/1470/1772 1759/1459/1768
f 1753/1465/1762 1764/1471/1773 1755/1463/1764
f 1764/1471/1773 1763/1470/1772 1755/1463/1764
f 1752/1466/1761 1765/1472/1774 1753/1465/1762
f 1765/1472/1774 1764/1471/1773 1753/1465/1762
f 1750/1468/1759 1766/1473/1775 1751/1467/1760
f 1751/1467/1760 1766/1473/1775 1752/1466/1761
f 1766/1473/1775 1765/1472/1774 1752/1466/1761
f 1765/1472/1774 1766/1473/1775 1767/1475/1776
f 1764/1471/1773 1765/1472/1774 1767/1475/1776
f 1768/1474/1777 1766/1473/1775 1750/1468/1759
f 1767/1475/1776 1766/1473/1775 1768/1474/1777
f 1769/1211/1778 1740/1214/1749 1742/1468/1751
f 1770/1413/1779 1621/1239/1630 1769/1211/1778
f 1769/1211/1778 1621/1239/1630 1620/1213/1629
f 1770/1413/1779 1769/1211/1778 1742/1468/1751
f 1740/1214/1749 1769/1211/1778 1771/1212/1780
f 1620/1213/1629 1646/1241/1655 1771/1212/1780
f 1771/1212/1780 1769/1211/1778 1620/1213/1629
f 1771/1212/1780 1646/1241/1655 1772/1215/1781
f 1772/1215/1781 1740/1214/1749 1771/1212/1780
f 1738/1216/1747 1740/1214/1749 1772/1215/1781
f 1646/1241/1655 1650/1242/1659 1772/1215/1781
f 1738/1216/1747 1773/1217/1782 1736/1464/1745
f 1773/1217/1782 1738/1216/1747 1772/1215/1781
f 1772/1215/1781 1650/1242/1659 1774/1218/1783
f 1650/1242/1659 1652/1243/1661 1774/1218/1783
f 1774/1218/1783 1773/1217/1782 1772/1215/1781
f 1652/1243/1661 1657/1244/1666 1774/1218/1783
f 1773/1217/1782 1775/1219/1784 1736/1464/1745
f 1657/1244/1666 1662/1422/1671 1775/1219/1784
f 1775/1219/1784 1773/1217/1782 1774/1218/1783
f 1657/1244/1666 1775/1219/1784 1774/1218/1783
f 1736/1464/1745 1775/1219/1784 1734/1462/1743
f 1776/1476/1785 1756/1462/1765 1267/1235/1274
f 1631/1422/1640 1776/1476/1785 1266/1234/1273
f 1631/1422/1640 1248/1219/1255 1776/1476/1785
f 1266/1234/1273 1776/1476/1785 1267/1235/1274
f 1248/1219/1255 1756/1462/1765 1776/1476/1785
f 1734/1462/1743 1777/1476/1786 1298/1235/1305
f 1775/1219/1784 1662/1422/1671 1777/1476/1786
f 1775/1219/1784 1777/1476/1786 1734/1462/1743
f 1777/1476/1786 1662/1422/1671 1429/1234/1436
f 1777/1476/1786 1429/1234/1436 1298/1235/1305
f 1649/1436/1658 1647/1435/1656 1778/1444/1787
f 1647/1435/1656 1311/1258/1318 1778/1444/1787
f 1778/1444/1787 1311/1258/1318 1310/1257/1317
f 1778/1444/1787 1310/1257/1317 1345/1292/1352
f 1314/1261/1321 1676/1304/1685 1779/1303/1788
f 1676/1304/1685 1672/1309/1681 1779/1303/1788
f 1671/1314/1680 1669/1313/1678 1779/1303/1788
f 1779/1303/1788 1669/1313/1678 1670/1305/1679
f 1672/1309/1681 1671/1314/1680 1779/1303/1788
f 1779/1303/1788 1670/1305/1679 1314/1261/1321
f 1649/1436/1658 1778/1444/1787 1780/1443/1789
f 1780/1443/1789 1778/1444/1787 1345/1292/1352
f 1780/1443/1789 1345/1292/1352 1677/1439/1686
f 1649/1436/1658 1780/1443/1789 1677/1439/1686
f 1417/1311/1424 1276/1238/1283 1781/1455/1790
f 1781/1455/1790 1724/1454/1733 1417/1311/1424
f 1782/1456/1791 1724/1454/1733 1781/1455/1790
f 1783/1477/1792 1784/1478/1793 1785/1479/1794
f 1784/1478/1793 1783/1477/1792 1786/1480/1795
f 1786/1480/1795 1783/1477/1792 1787/1481/1796
f 1788/1482/1797 1786/1480/1795 1787/1481/1796
f 1789/1483/1798 1788/1482/1797 1787/1481/1796
f 1790/1484/1799 1788/1482/1797 1789/1483/1798
f 1791/1485/1800 1790/1484/1799 1789/1483/1798
f 1792/1486/1801 1790/1484/1799 1791/1485/1800
f 1793/1487/1802 1794/1488/1803 1795/1489/1804
f 1796/1490/1805 1793/1487/1802 1795/1489/1804
f 1797/1491/1806 1793/1487/1802 1796/1490/1805
f 1798/1492/1807 1793/1487/1802 1797/1491/1806
f 1799/1493/1808 1797/1491/1806 1796/1490/1805
f 1795/1489/1804 1800/1494/1809 1796/1490/1805
f 1800/1494/1809 1799/1493/1808 1796/1490/1805
f 1801/1495/1810 1800/1494/1809 1795/1489/1804
f 1802/1496/1811 1801/1495/1810 1795/1489/1804
f 1795/1489/1804 1794/1488/1803 1802/1496/1811
f 1803/1497/1812 1792/1486/1801 1791/1485/1800
f 1789/1483/1798 1804/1498/1813 1791/1485/1800
f 1804/1498/1813 1805/1499/1814 1791/1485/1800
f 1791/1485/1800 1805/1499/1814 1803/1497/1812
f 1806/1500/1815 1804/1498/1813 1789/1483/1798
f 1787/1481/1796 1806/1500/1815 1789/1483/1798
f 1783/1477/1792 1807/1501/1816 1787/1481/1796
f 1807/1501/1816 1806/1500/1815 1787/1481/1796
f 1808/1502/1817 1783/1477/1792 1785/1479/1794
f 1807/1501/1816 1783/1477/1792 1808/1502/1817
f 1807/1501/1816 1809/1503/1818 1806/1500/1815
f 1810/1504/1819 1809/1503/1818 1807/1501/1816
f 1808/1502/1817 1810/1504/1819 1807/1501/1816
f 1811/1505/1820 1808/1502/1817 1785/1479/1794
f 1811/1505/1820 1810/1504/1819 1808/1502/1817
f 1812/1506/1821 1810/1504/1819 1811/1505/1820
f 1813/1507/1822 1812/1506/1821 1811/1505/1820
f 1806/1500/1815 1814/1508/1823 1804/1498/1813
f 1814/1508/1823 1805/1499/1814 1804/1498/1813
f 1809/1503/1818 1815/1509/1824 1806/1500/1815
f 1815/1509/1824 1814/1508/1823 1806/1500/1815
f 1810/1504/1819 1816/1510/1825 1809/1503/1818
f 1816/1510/1825 1815/1509/1824 1809/1503/1818
f 1817/1511/1826 1816/1510/1825 1810/1504/1819
f 1812/1506/1821 1817/1511/1826 1810/1504/1819
f 1818/1512/1827 1817/1511/1826 1812/1506/1821
f 1819/1513/1828 1818/1512/1827 1812/1506/1821
f 1813/1507/1822 1819/1513/1828 1812/1506/1821
f 1818/1512/1827 1819/1513/1828 1820/1514/1829
f 1821/1515/1830 1818/1512/1827 1820/1514/1829
f 1817/1511/1826 1818/1512/1827 1821/1515/1830
f 1822/1516/1831 1817/1511/1826 1821/1515/1830
f 1816/1510/1825 1817/1511/1826 1822/1516/1831
f 1815/1509/1824 1816/1510/1825 1823/1517/1832
f 1823/1517/1832 1816/1510/1825 1822/1516/1831
f 1814/1508/1823 1815/1509/1824 1824/1518/1833
f 1824/1518/1833 1815/1509/1824 1823/1517/1832
f 1825/1519/1834 1814/1508/1823 1824/1518/1833
f 1805/1499/1814 1814/1508/1823 1825/1519/1834
f 1826/1520/1835 1805/1499/1814 1825/1519/1834
f 1827/1521/1836 1797/1491/1806 1799/1493/1808
f 1828/1522/1837 1829/1523/1838 1830/1524/1839
f 1831/1525/1840 1829/1523/1838 1828/1522/1837
f 1830/1524/1839 1832/1526/1841 1828/1522/1837
f 1833/1527/1842 1832/1526/1841 1830/1524/1839
f 1834/1528/1843 1832/1526/1841 1833/1527/1842
f 1835/1529/1844 1832/1526/1841 1834/1528/1843
f 1835/1529/1844 1828/1522/1837 1832/1526/1841
f 1831/1525/1840 1828/1522/1837 1835/1529/1844
f 1836/1530/1845 1835/1529/1844 1834/1528/1843
f 1837/1531/1846 1835/1529/1844 1836/1530/1845
f 1838/1532/1847 1831/1525/1840 1835/1529/1844
f 1838/1532/1847 1835/1529/1844 1837/1531/1846
f 1839/1533/1848 1838/1532/1847 1837/1531/1846
f 1840/1534/1849 1838/1532/1847 1839/1533/1848
f 1841/1535/1850 1840/1534/1849 1839/1533/1848
f 1842/1536/1851 1840/1534/1849 1841/1535/1850
f 1843/1537/1852 1842/1536/1851 1841/1535/1850
f 1844/1538/1853 1842/1536/1851 1843/1537/1852
f 1845/1539/1854 1844/1538/1853 1843/1537/1852
f 1846/1540/1855 1844/1538/1853 1845/1539/1854
f 1847/1541/1856 1831/1525/1840 1838/1532/1847
f 1838/1532/1847 1840/1534/1849 1848/1542/1857
f 1848/1542/1857 1847/1541/1856 1838/1532/1847
f 1849/1543/1858 1847/1541/1856 1848/1542/1857
f 1850/1544/1859 1849/1543/1858 1848/1542/1857
f 1848/1542/1857 1840/1534/1849 1850/1544/1859
f 1850/1544/1859 1840/1534/1849 1851/1545/1860
f 1840/1534/1849 1842/1536/1851 1851/1545/1860
f 1842/1536/1851 1852/1546/1861 1851/1545/1860
f 1852/1546/1861 1853/1547/1862 1851/1545/1860
f 1851/1545/1860 1853/1547/1862 1850/1544/1859
f 1854/1548/1863 1852/1546/1861 1842/1536/1851
f 1844/1538/1853 1854/1548/1863 1842/1536/1851
f 1855/1549/1864 1854/1548/1863 1844/1538/1853
f 1856/1550/1865 1855/1549/1864 1844/1538/1853
f 1846/1540/1855 1856/1550/1865 1844/1538/1853
f 1857/1551/1866 1856/1550/1865 1846/1540/1855
f 1846/1540/1855 1845/1539/1854 1858/1552/1867
f 1859/1553/1868 1846/1540/1855 1858/1552/1867
f 1857/1551/1866 1846/1540/1855 1859/1553/1868
f 1860/1554/1869 1857/1551/1866 1859/1553/1868
f 1861/1555/1870 1857/1551/1866 1860/1554/1869
f 1862/1556/1871 1861/1555/1870 1860/1554/1869
f 1863/1557/1872 1861/1555/1870 1862/1556/1871
f 1864/1558/1873 1863/1557/1872 1862/1556/1871
f 1865/1559/1874 1864/1558/1873 1862/1556/1871
f 1866/1560/1875 1864/1558/1873 1865/1559/1874
f 1867/1561/1876 1866/1560/1875 1865/1559/1874
f 1868/1562/1877 1866/1560/1875 1867/1561/1876
f 1869/1563/1878 1868/1562/1877 1867/1561/1876
f 1870/1564/1879 1868/1562/1877 1869/1563/1878
f 1871/1565/1880 1870/1564/1879 1869/1563/1878
f 1872/1566/1881 1870/1564/1879 1871/1565/1880
f 1873/1567/1882 1872/1566/1881 1871/1565/1880
f 1874/1568/1883 1872/1566/1881 1873/1567/1882
f 1875/1569/1884 1859/1553/1868 1858/1552/1867
f 1860/1554/1869 1859/1553/1868 1875/1569/1884
f 1862/1556/1871 1860/1554/1869 1876/1570/1885
f 1876/1570/1885 1860/1554/1869 1875/1569/1884
f 1865/1559/1874 1862/1556/1871 1877/1571/1886
f 1877/1571/1886 1862/1556/1871 1876/1570/1885
f 1867/1561/1876 1865/1559/1874 1878/1572/1887
f 1878/1572/1887 1865/1559/1874 1877/1571/1886
f 1869/1563/1878 1867/1561/1876 1878/1572/1887
f 1877/1571/1886 1879/1573/1888 1878/1572/1887
f 1879/1573/1888 1869/1563/1878 1878/1572/1887
f 1880/1574/1889 1879/1573/1888 1877/1571/1886
f 1876/1570/1885 1880/1574/1889 1877/1571/1886
f 1875/1569/1884 1881/1575/1890 1876/1570/1885
f 1881/1575/1890 1880/1574/1889 1876/1570/1885
f 1858/1552/1867 1882/1576/1891 1875/1569/1884
f 1882/1576/1891 1881/1575/1890 1875/1569/1884
f 1845/1539/1854 1883/1577/1892 1858/1552/1867
f 1883/1577/1892 1882/1576/1891 1858/1552/1867
f 1871/1565/1880 1884/1578/1893 1873/1567/1882
f 1885/1579/1894 1884/1578/1893 1871/1565/1880
f 1869/1563/1878 1885/1579/1894 1871/1565/1880
f 1886/1580/1895 1885/1579/1894 1869/1563/1878
f 1887/1581/1896 1886/1580/1895 1869/1563/1878
f 1879/1573/1888 1888/1582/1897 1869/1563/1878
f 1888/1582/1897 1887/1581/1896 1869/1563/1878
f 1889/1583/1898 1888/1582/1897 1879/1573/1888
f 1880/1574/1889 1889/1583/1898 1879/1573/1888
f 1890/1584/1899 1889/1583/1898 1880/1574/1889
f 1881/1575/1890 1890/1584/1899 1880/1574/1889
f 1882/1576/1891 1891/1585/1900 1881/1575/1890
f 1891/1585/1900 1890/1584/1899 1881/1575/1890
f 1892/1586/1901 1891/1585/1900 1882/1576/1891
f 1893/1587/1902 1892/1586/1901 1882/1576/1891
f 1883/1577/1892 1893/1587/1902 1882/1576/1891
f 1894/1588/1903 1893/1587/1902 1883/1577/1892
f 1895/1589/1904 1894/1588/1903 1883/1577/1892
f 1884/1578/1893 1885/1579/1894 1896/1590/1905
f 1896/1590/1905 1885/1579/1894 1886/1580/1895
f 1897/1591/1906 1884/1578/1893 1896/1590/1905
f 1898/1592/1907 1897/1591/1906 1896/1590/1905
f 1843/1537/1852 1899/1593/1908 1845/1539/1854
f 1895/1589/1904 1883/1577/1892 1899/1593/1908
f 1899/1593/1908 1883/1577/1892 1845/1539/1854
f 1841/1535/1850 1900/1594/1909 1843/1537/1852
f 1900/1594/1909 1895/1589/1904 1899/1593/1908
f 1900/1594/1909 1899/1593/1908 1843/1537/1852
f 1901/1595/1910 1895/1589/1904 1900/1594/1909
f 1902/1596/1911 1900/1594/1909 1841/1535/1850
f 1902/1596/1911 1901/1595/1910 1900/1594/1909
f 1839/1533/1848 1902/1596/1911 1841/1535/1850
f 1839/1533/1848 1903/1597/1912 1902/1596/1911
f 1903/1597/1912 1901/1595/1910 1902/1596/1911
f 1904/1598/1913 1903/1597/1912 1839/1533/1848
f 1837/1531/1846 1904/1598/1913 1839/1533/1848
f 1836/1530/1845 1905/1599/1914 1837/1531/1846
f 1905/1599/1914 1904/1598/1913 1837/1531/1846
f 1906/1600/1915 1905/1599/1914 1836/1530/1845
f 1834/1528/1843 1906/1600/1915 1836/1530/1845
f 1907/1601/1916 1906/1600/1915 1834/1528/1843
f 1833/1527/1842 1907/1601/1916 1834/1528/1843
f 1908/1602/1917 1907/1601/1916 1833/1527/1842
f 1874/1568/1883 1873/1567/1882 1909/1603/1918
f 1873/1567/1882 1884/1578/1893 1909/1603/1918
f 1909/1603/1918 1884/1578/1893 1910/1604/1919
f 1911/1605/1920 1874/1568/1883 1909/1603/1918
f 1866/1560/1875 1912/1606/1921 1864/1558/1873
f 1864/1558/1873 1912/1606/1921 1913/1607/1922
f 1861/1555/1870 1863/1557/1872 1913/1607/1922
f 1913/1607/1922 1863/1557/1872 1864/1558/1873
f 1914/1608/1923 1861/1555/1870 1913/1607/1922
f 1915/1609/1924 1861/1555/1870 1914/1608/1923
f 1916/1610/1925 1861/1555/1870 1915/1609/1924
f 1857/1551/1866 1861/1555/1870 1916/1610/1925
f 1917/1611/1926 1857/1551/1866 1916/1610/1925
f 1918/1612/1927 1857/1551/1866 1917/1611/1926
f 1856/1550/1865 1857/1551/1866 1918/1612/1927
f 1919/1613/1928 1856/1550/1865 1918/1612/1927
f 1855/1549/1864 1856/1550/1865 1919/1613/1928
f 1920/1614/1929 1921/1615/1930 1922/1616/1931
f 1870/1564/1879 1920/1614/1929 1922/1616/1931
f 1870/1564/1879 1922/1616/1931 1868/1562/1877
f 1872/1566/1881 1923/1617/1932 1870/1564/1879
f 1923/1617/1932 1920/1614/1929 1870/1564/1879
f 1874/1568/1883 1923/1617/1932 1872/1566/1881
f 1911/1605/1920 1923/1617/1932 1874/1568/1883
f 1924/1618/1933 1811/1505/1820 1785/1479/1794
f 1925/1619/1934 1811/1505/1820 1924/1618/1933
f 1813/1507/1822 1811/1505/1820 1925/1619/1934
f 1926/1620/1935 1925/1619/1934 1924/1618/1933
f 1927/1621/1936 1928/1622/1937 1929/1623/1938
f 1930/1624/1939 1927/1621/1936 1929/1623/1938
f 1931/1625/1940 1927/1621/1936 1930/1624/1939
f 1847/1541/1856 1849/1543/1858 1932/1626/1941
f 1933/1627/1942 1847/1541/1856 1932/1626/1941
f 1831/1525/1840 1847/1541/1856 1933/1627/1942
f 1829/1523/1838 1831/1525/1840 1934/1628/1943
f 1934/1628/1943 1831/1525/1840 1933/1627/1942
f 1935/1629/1944 1829/1523/1838 1934/1628/1943
f 1936/1630/1945 1790/1484/1799 1792/1486/1801
f 1937/1631/1946 1792/1486/1801 1803/1497/1812
f 1937/1631/1946 1936/1630/1945 1792/1486/1801
f 1938/1632/1947 1936/1630/1945 1937/1631/1946
f 1802/1496/1811 1938/1632/1947 1937/1631/1946
f 1939/1633/1948 1938/1632/1947 1802/1496/1811
f 1794/1488/1803 1939/1633/1948 1802/1496/1811
f 1940/1634/1949 1801/1495/1810 1802/1496/1811
f 1937/1631/1946 1940/1634/1949 1802/1496/1811
f 1941/1635/1950 1940/1634/1949 1937/1631/1946
f 1803/1497/1812 1942/1636/1951 1937/1631/1946
f 1942/1636/1951 1805/1499/1814 1826/1520/1835
f 1941/1635/1950 1942/1636/1951 1826/1520/1835
f 1942/1636/1951 1941/1635/1950 1937/1631/1946
f 1805/1499/1814 1942/1636/1951 1803/1497/1812
f 1943/1637/1952 1819/1513/1828 1813/1507/1822
f 1944/1638/1953 1943/1637/1952 1945/1639/1954
f 1820/1514/1829 1819/1513/1828 1946/1640/1955
f 1819/1513/1828 1943/1637/1952 1946/1640/1955
f 1946/1640/1955 1943/1637/1952 1944/1638/1953
f 1853/1547/1862 1947/1641/1956 1850/1544/1859
f 1947/1641/1956 1849/1543/1858 1850/1544/1859
f 1948/1642/1957 1912/1606/1921 1866/1560/1875
f 1868/1562/1877 1949/1643/1958 1866/1560/1875
f 1949/1643/1958 1948/1642/1957 1866/1560/1875
f 1922/1616/1931 1921/1615/1930 1949/1643/1958
f 1922/1616/1931 1949/1643/1958 1868/1562/1877
f 1854/1548/1863 1855/1549/1864 1950/1644/1959
f 1950/1644/1959 1855/1549/1864 1919/1613/1928
f 1852/1546/1861 1854/1548/1863 1951/1645/1960
f 1951/1645/1960 1854/1548/1863 1950/1644/1959
f 1952/1646/1961 1852/1546/1861 1951/1645/1960
f 1947/1641/1956 1853/1547/1862 1952/1646/1961
f 1853/1547/1862 1852/1546/1861 1952/1646/1961
f 1949/1643/1958 1953/1647/1962 1948/1642/1957
f 1921/1615/1930 1953/1647/1962 1949/1643/1958
f 1954/1648/1963 1925/1619/1934 1926/1620/1935
f 1943/1637/1952 1813/1507/1822 1954/1648/1963
f 1954/1648/1963 1813/1507/1822 1925/1619/1934
f 1955/1649/1964 1943/1637/1952 1954/1648/1963
f 1945/1639/1954 1943/1637/1952 1955/1649/1964
f 1956/1650/1965 1954/1648/1963 1926/1620/1935
f 1955/1649/1964 1954/1648/1963 1956/1650/1965
f 1957/1651/1966 1955/1649/1964 1956/1650/1965
f 1929/1623/1938 1928/1622/1937 1958/1652/1967
f 1958/1652/1967 1955/1649/1964 1957/1651/1966
f 1959/1653/1968 1945/1639/1954 1955/1649/1964
f 1959/1653/1968 1955/1649/1964 1958/1652/1967
f 1960/1654/1969 1945/1639/1954 1959/1653/1968
f 1958/1652/1967 1961/1655/1970 1959/1653/1968
f 1961/1655/1970 1960/1654/1969 1959/1653/1968
f 1928/1622/1937 1961/1655/1970 1958/1652/1967
f 1962/1656/1971 1951/1645/1960 1950/1644/1959
f 1952/1646/1961 1951/1645/1960 1962/1656/1971
f 1963/1657/1972 1952/1646/1961 1962/1656/1971
f 1947/1641/1956 1952/1646/1961 1964/1658/1973
f 1932/1626/1941 1849/1543/1858 1964/1658/1973
f 1964/1658/1973 1952/1646/1961 1963/1657/1972
f 1849/1543/1858 1947/1641/1956 1964/1658/1973
